STARTFONT 2.1
FONT -FontForge-Nunito ExtraLight-Extra-Light-R-Normal--75-720-75-75-P-387-ISO10646-1
SIZE 72 75 75
FONTBOUNDINGBOX 113 99 -18 -21
COMMENT "Generated by fontforge, http://fontforge.sourceforge.net"
COMMENT "Copyright 2014 The Nunito Project Authors (https://github.com/googlefonts/nunito)"
STARTPROPERTIES 41
FOUNDRY "FontForge"
FAMILY_NAME "Nunito ExtraLight"
WEIGHT_NAME "Extra"
SLANT "Light"
SETWIDTH_NAME "R"
ADD_STYLE_NAME "Normal"
PIXEL_SIZE 75
POINT_SIZE 720
RESOLUTION_X 75
RESOLUTION_Y 75
SPACING "P"
AVERAGE_WIDTH 387
CHARSET_REGISTRY "ISO10646"
CHARSET_ENCODING "1"
FONTNAME_REGISTRY ""
CHARSET_COLLECTIONS "ISO8859-2 ISO8859-5 ISO8859-9 ISO8859-4 ISO10646-1"
FONT_NAME "Nunito-ExtraLight"
FACE_NAME "Nunito ExtraLight"
COPYRIGHT "Copyright 2014 The Nunito Project Authors (https://github.com/googlefonts/nunito)"
FONT_VERSION "3.602"
FONT_ASCENT 60
FONT_DESCENT 15
UNDERLINE_POSITION -7
UNDERLINE_THICKNESS 3
X_HEIGHT 36
CAP_HEIGHT 52
DEFAULT_CHAR 851
RAW_ASCENT 800
RAW_DESCENT 200
NORM_SPACE 18
RELATIVE_WEIGHT 20
RELATIVE_SETWIDTH 50
SUPERSCRIPT_X 0
SUPERSCRIPT_Y 26
SUPERSCRIPT_SIZE 45
SUBSCRIPT_X 0
SUBSCRIPT_Y 5
SUBSCRIPT_SIZE 45
FIGURE_WIDTH 45
AVG_LOWERCASE_WIDTH 385
AVG_UPPERCASE_WIDTH 506
ENDPROPERTIES
CHARS 1098
STARTCHAR NULL
ENCODING 0
SWIDTH 0 0
DWIDTH 0 0
BBX 1 1 0 0
BITMAP
00
ENDCHAR
STARTCHAR CR
ENCODING 13
SWIDTH 246 0
DWIDTH 18 0
BBX 1 1 0 0
BITMAP
00
ENDCHAR
STARTCHAR space
ENCODING 32
SWIDTH 246 0
DWIDTH 18 0
BBX 1 1 0 0
BITMAP
00
ENDCHAR
STARTCHAR exclam
ENCODING 33
SWIDTH 211 0
DWIDTH 16 0
BBX 6 53 5 0
BITMAP
78
78
78
78
78
78
78
78
78
78
78
78
78
78
78
78
78
78
70
70
70
70
70
70
30
30
30
30
30
30
30
30
30
30
30
30
30
30
30
30
30
00
00
00
00
00
00
00
78
FC
FC
FC
78
ENDCHAR
STARTCHAR quotedbl
ENCODING 34
SWIDTH 342 0
DWIDTH 26 0
BBX 14 20 6 33
BITMAP
E03C
E03C
E03C
E03C
E03C
E03C
E03C
E03C
E01C
E01C
E01C
E01C
E01C
E01C
E018
E018
E018
E018
E018
6018
ENDCHAR
STARTCHAR numbersign
ENCODING 35
SWIDTH 600 0
DWIDTH 45 0
BBX 41 53 2 0
BITMAP
0001C0006000
0001C000E000
0001C000E000
0001C000E000
0003C000E000
00038000E000
00038001E000
00038001C000
00038001C000
00078001C000
00070001C000
00070003C000
000700038000
000700038000
3FFFFFFFFF80
7FFFFFFFFF80
3FFFFFFFFF00
000E00070000
000E00070000
000E00070000
001E00070000
001C000F0000
001C000F0000
001C000E0000
001C000E0000
003C000E0000
0038001E0000
0038001E0000
0038001C0000
0038001C0000
0078001C0000
0070003C0000
0070003C0000
007000380000
007000380000
00F000380000
FFFFFFFFFE00
FFFFFFFFFF00
7FFFFFFFFC00
00E000700000
00E000700000
01E000700000
01C000F00000
01C000E00000
01C000E00000
01C000E00000
03C000E00000
038001E00000
038001C00000
038001C00000
038001C00000
078001C00000
070001C00000
ENDCHAR
STARTCHAR dollar
ENCODING 36
SWIDTH 600 0
DWIDTH 45 0
BBX 36 71 4 -9
BITMAP
0000300000
0000380000
0000380000
0000380000
0000380000
0000380000
0000380000
0000380000
0000380000
0007FF8000
003FFFF000
00FFFFFC00
01FC00FF00
03E0001F80
07800007C0
0F000003E0
1E000000E0
1C00000060
3C00000000
3800000000
3800000000
3800000000
7800000000
7000000000
7000000000
7800000000
3800000000
3800000000
3C00000000
1C00000000
1E00000000
0F00000000
07C0000000
03F8000000
01FF800000
007FFC0000
000FFFC000
0000FFF800
000007FE00
0000007F00
0000000F80
00000007C0
00000001E0
00000000E0
00000000F0
0000000070
0000000070
0000000070
0000000070
0000000070
0000000070
0000000070
00000000F0
00000000E0
F0000001E0
F8000003C0
7E000007C0
3F80000F80
0FF0007F00
03FFFFFC00
00FFFFF000
001FFF8000
0000380000
0000380000
0000380000
0000380000
0000380000
0000380000
0000380000
0000380000
0000300000
ENDCHAR
STARTCHAR percent
ENCODING 37
SWIDTH 916 0
DWIDTH 69 0
BBX 59 56 5 -2
BITMAP
00000000001C0000
01FF8000001C0000
03FFE00000380000
0FE7F00000780000
1F00F80000700000
1E003C0000F00000
3C001C0000E00000
38001E0001E00000
78000E0001C00000
70000E0003800000
70000F0007800000
F000070007000000
E00007000F000000
E00007000E000000
E00007001E000000
E00007001C000000
E000070038000000
E000070078000000
E000070070000000
E0000700F0000000
E0000700E0000000
E0000701E0000000
F0000701C0078000
70000F03807FF000
70000E0780FFF800
78000E0703F07E00
38001E0F03C01E00
3C003C0E07800F00
1E00781E0F000780
0F81F01C0E000380
07FFE0381E0003C0
03FFC0781C0001C0
007E00701C0001C0
000000F01C0001C0
000000E01C0001C0
000001E03C0001E0
000001C03C0000E0
00000380380000E0
00000780380000E0
00000700380000E0
00000F003C0000E0
00000E003C0001E0
00001E001C0001C0
00001C001C0001C0
000038001C0001C0
000078001C0001C0
000070001E0003C0
0000F0000E000380
0000E0000F000780
0001E00007800F00
0001C00003C01E00
0003800001F07E00
0007800000FFF800
00070000007FF000
0007000000020000
0002000000000000
ENDCHAR
STARTCHAR ampersand
ENCODING 38
SWIDTH 664 0
DWIDTH 50 0
BBX 42 54 5 -1
BITMAP
0007FE000000
001FFF800000
003F9FC00000
007C03E00000
00F001E00000
01E000F00000
01E000700000
01C000700000
01C000700000
03C000380000
03C000700000
03C000700000
01C000700000
01C000700000
01C000E00000
00E001E00000
00F003C00000
007007800000
00780F000000
003C1E000000
001E7C000000
000FF8000000
000FF0000400
0007C0000E00
001FC0000E00
003FE0001E00
007CF0001C00
00F078001C00
03E03C001C00
07C03C001C00
0F001E001C00
1E000F001C00
1C0007801C00
380003C03800
780001E03800
700000F03800
700000F07800
F00000787000
E000003C7000
E000001EE000
E000000FE000
E0000007E000
E0000003C000
E0000003C000
F0000007E000
7000000FF000
7800001E7800
3C00003C3C00
3E0000F81E00
1F8003F00F00
0FF83FE00700
03FFFF800380
00FFFC0003C0
000180000000
ENDCHAR
STARTCHAR quotesingle
ENCODING 39
SWIDTH 202 0
DWIDTH 15 0
BBX 3 20 6 33
BITMAP
E0
E0
E0
E0
E0
E0
E0
E0
E0
E0
E0
E0
E0
E0
E0
E0
E0
E0
E0
60
ENDCHAR
STARTCHAR parenleft
ENCODING 40
SWIDTH 281 0
DWIDTH 21 0
BBX 10 67 8 -14
BITMAP
01C0
01C0
0380
0380
0780
0700
0700
0F00
0E00
0E00
1E00
1C00
1C00
3C00
3800
3800
3800
7800
7800
7000
7000
7000
7000
F000
F000
F000
E000
E000
E000
E000
E000
E000
E000
E000
E000
E000
E000
E000
E000
E000
E000
F000
F000
F000
7000
7000
7000
7000
7800
3800
3800
3800
3C00
1C00
1C00
1C00
1E00
0E00
0E00
0700
0700
0700
0380
0380
01C0
01C0
00C0
ENDCHAR
STARTCHAR parenright
ENCODING 41
SWIDTH 281 0
DWIDTH 21 0
BBX 10 67 3 -14
BITMAP
E000
E000
7000
7000
7800
3800
3800
3C00
1C00
1C00
1E00
0E00
0E00
0F00
0700
0700
0700
0780
0780
0380
0380
0380
03C0
03C0
03C0
01C0
01C0
01C0
01C0
01C0
01C0
01C0
01C0
01C0
01C0
01C0
01C0
01C0
01C0
01C0
01C0
03C0
03C0
03C0
0380
0380
0380
0380
0780
0780
0700
0700
0F00
0F00
0E00
0E00
1E00
1C00
1C00
3C00
3800
3800
7000
7000
F000
E000
6000
ENDCHAR
STARTCHAR asterisk
ENCODING 42
SWIDTH 448 0
DWIDTH 34 0
BBX 28 25 3 28
BITMAP
03001800
03801C00
03C03800
01C07800
00E07000
00E0E000
0070E000
0071C000
0039C000
001B8000
001F0000
FFFFFFE0
FFFFFFF0
FFFFFFF0
001F0000
001B8000
0039C000
0071C000
0070E000
00E0E000
00E07000
01C07800
03C03800
03801C00
03001800
ENDCHAR
STARTCHAR plus
ENCODING 43
SWIDTH 600 0
DWIDTH 45 0
BBX 37 37 4 3
BITMAP
0000700000
0000700000
0000700000
0000700000
0000700000
0000700000
0000700000
0000700000
0000700000
0000700000
0000700000
0000700000
0000700000
0000700000
0000700000
0000700000
0000700000
FFFFFFFFF8
FFFFFFFFF8
FFFFFFFFF8
0000700000
0000700000
0000700000
0000700000
0000700000
0000700000
0000700000
0000700000
0000700000
0000700000
0000700000
0000700000
0000700000
0000700000
0000700000
0000700000
0000700000
ENDCHAR
STARTCHAR comma
ENCODING 44
SWIDTH 211 0
DWIDTH 16 0
BBX 6 12 5 -7
BITMAP
78
F8
FC
FC
7C
18
18
38
38
70
70
60
ENDCHAR
STARTCHAR hyphen
ENCODING 45
SWIDTH 416 0
DWIDTH 31 0
BBX 21 3 5 18
BITMAP
FFFFF8
FFFFF8
3FFFF0
ENDCHAR
STARTCHAR period
ENCODING 46
SWIDTH 211 0
DWIDTH 16 0
BBX 6 5 5 0
BITMAP
78
FC
FC
FC
78
ENDCHAR
STARTCHAR slash
ENCODING 47
SWIDTH 256 0
DWIDTH 19 0
BBX 21 60 -1 -4
BITMAP
000018
000038
000038
000038
000070
000070
000070
0000E0
0000E0
0000E0
0001E0
0001C0
0001C0
0003C0
000380
000380
000780
000700
000700
000F00
000E00
000E00
001E00
001C00
001C00
001C00
003800
003800
003800
007000
007000
007000
00E000
00E000
00E000
01C000
01C000
01C000
038000
038000
038000
078000
070000
070000
0F0000
0E0000
0E0000
1E0000
1C0000
1C0000
3C0000
380000
380000
780000
700000
700000
700000
E00000
E00000
E00000
ENDCHAR
STARTCHAR zero
ENCODING 48
SWIDTH 600 0
DWIDTH 45 0
BBX 35 54 5 -1
BITMAP
000FFF0000
007FFFC000
00FFFFE000
01F001F000
03C0007800
0780003C00
0F00001E00
1E00000F00
1E00000F00
3C00000780
3C00000780
3800000380
78000003C0
70000001C0
70000001C0
70000001C0
F0000001E0
F0000001E0
E0000001E0
E0000000E0
E0000000E0
E0000000E0
E0000000E0
E0000000E0
E0000000E0
E0000000E0
E0000000E0
E0000000E0
E0000000E0
E0000000E0
E0000000E0
E0000000E0
E0000000E0
E0000000E0
E0000001E0
F0000001E0
F0000001E0
70000001C0
70000001C0
70000001C0
78000003C0
3800000380
3C00000780
3C00000780
1E00000F00
1E00000F00
0F00001E00
0780003C00
03C0007800
03F001F800
00FFBFE000
007FFFC000
001FFF0000
0000700000
ENDCHAR
STARTCHAR one
ENCODING 49
SWIDTH 600 0
DWIDTH 45 0
BBX 28 53 10 0
BITMAP
000E0000
001F0000
007F0000
00FF0000
01FF0000
07CF0000
0F8F0000
3F0F0000
7C0F0000
780F0000
200F0000
000F0000
000F0000
000F0000
000F0000
000F0000
000F0000
000F0000
000F0000
000F0000
000F0000
000F0000
000F0000
000F0000
000F0000
000F0000
000F0000
000F0000
000F0000
000F0000
000F0000
000F0000
000F0000
000F0000
000F0000
000F0000
000F0000
000F0000
000F0000
000F0000
000F0000
000F0000
000F0000
000F0000
000F0000
000F0000
000F0000
000F0000
000F0000
000F0000
FFFFFFE0
FFFFFFF0
FFFFFFE0
ENDCHAR
STARTCHAR two
ENCODING 50
SWIDTH 600 0
DWIDTH 45 0
BBX 34 53 6 0
BITMAP
007FFE0000
01FFFF8000
07FFFFE000
1FC003F000
3F0000F800
7C00007C00
F000003C00
E000001E00
4000001E00
0000000E00
0000000E00
0000000E00
0000000F00
0000000F00
0000000F00
0000000E00
0000000E00
0000000E00
0000000E00
0000001E00
0000001C00
0000003C00
0000003800
0000007800
0000007000
000000F000
000001E000
000003C000
0000038000
0000078000
00000F0000
00001E0000
00003C0000
0000780000
0000F00000
0001E00000
0003C00000
0007800000
000F000000
001E000000
001C000000
003C000000
0078000000
00F0000000
01E0000000
03C0000000
0780000000
0F00000000
1E00000000
3C00000000
3FFFFFFFC0
7FFFFFFFC0
3FFFFFFFC0
ENDCHAR
STARTCHAR three
ENCODING 51
SWIDTH 600 0
DWIDTH 45 0
BBX 34 54 5 -1
BITMAP
003FFF0000
00FFFFC000
03FFFFF000
0FE001F800
1F00007C00
3E00003C00
7800001E00
7000000F00
6000000F00
0000000700
0000000700
0000000700
0000000700
0000000700
0000000700
0000000700
0000000700
0000000F00
0000000E00
0000001E00
0000001C00
0000003C00
000000F800
000001F000
00003FC000
007FFF0000
007FFFC000
001FFFF000
000001F800
0000003C00
0000001E00
0000000F00
0000000700
0000000780
0000000380
0000000380
00000003C0
00000003C0
00000001C0
00000001C0
00000003C0
00000003C0
0000000380
0000000380
0000000780
E000000700
F000000F00
FC00001E00
7F00003E00
1FC000FC00
0FFFBFF000
03FFFFE000
007FFF8000
0000D00000
ENDCHAR
STARTCHAR four
ENCODING 52
SWIDTH 600 0
DWIDTH 45 0
BBX 38 53 4 0
BITMAP
0000003800
0000007800
0000007800
000000F800
000001F800
000001F800
000003F800
000007B800
0000073800
00000F3800
00001E3800
00001C3800
00003C3800
0000783800
0000F03800
0000E03800
0001E03800
0003C03800
0003803800
0007803800
000F003800
000E003800
001E003800
003C003800
0038003800
0078003800
00F0003800
00E0003800
01E0003800
03C0003800
0380003800
0700003800
0F00003800
0E00003800
1C00003800
3C00003800
7800003800
7000003800
FFFFFFFFFC
FFFFFFFFFC
7FFFFFFFF8
0000003800
0000003800
0000003800
0000003800
0000003800
0000003800
0000003800
0000003800
0000003800
0000003800
0000003800
0000003800
ENDCHAR
STARTCHAR five
ENCODING 53
SWIDTH 600 0
DWIDTH 45 0
BBX 34 54 7 -1
BITMAP
3FFFFFFE00
3FFFFFFE00
3FFFFFFE00
3800000000
3800000000
3800000000
3800000000
3800000000
3800000000
3800000000
3800000000
3800000000
3800000000
3800000000
3800000000
3800000000
3800000000
3800000000
3800000000
3800000000
3800F00000
381FFF0000
387FFFC000
38FFBFF000
3BF001F800
3FC0007C00
3F00003E00
3E00001E00
3C00000F00
3800000700
3800000780
0000000380
0000000380
00000003C0
00000003C0
00000003C0
00000001C0
00000001C0
00000001C0
00000003C0
00000003C0
0000000380
0000000380
0000000780
0000000700
E000000F00
F000001E00
FC00003E00
3F00007C00
1FC001F800
07FFFFF000
01FFFFC000
003FFF0000
0000E00000
ENDCHAR
STARTCHAR six
ENCODING 54
SWIDTH 600 0
DWIDTH 45 0
BBX 34 54 6 -1
BITMAP
0007FF8000
001FFFF000
007FFFFC00
00FC007E00
01F0001F00
03C0000780
07800003C0
0F000001C0
0E00000080
1E00000000
1C00000000
3C00000000
3800000000
3800000000
7000000000
7000000000
7000000000
F000000000
F000000000
E000000000
E000300000
E00FFF0000
E03FFFE000
E07FFFF000
E1F801F800
E3E0007C00
E380001E00
E700000F00
EE00000F00
EE00000780
FC00000380
FC000003C0
F8000003C0
F8000001C0
F8000001C0
F8000001C0
F8000001C0
F8000001C0
78000001C0
78000001C0
78000001C0
38000003C0
3C000003C0
3C00000380
1E00000780
1E00000F00
0F00000F00
0780001E00
03E0007C00
01F001F800
00FFFFF000
007FFFE000
000FFF8000
0000700000
ENDCHAR
STARTCHAR seven
ENCODING 55
SWIDTH 600 0
DWIDTH 45 0
BBX 34 53 5 0
BITMAP
7FFFFFFFC0
FFFFFFFFC0
7FFFFFFFC0
00000003C0
0000000380
0000000780
0000000700
0000000F00
0000000E00
0000001E00
0000001C00
0000003C00
0000003800
0000007800
0000007000
000000F000
000000E000
000001E000
000001C000
000003C000
0000038000
0000078000
0000070000
00000F0000
00000E0000
00001E0000
00001C0000
00003C0000
0000380000
0000700000
0000F00000
0000E00000
0001E00000
0001C00000
0003C00000
0003800000
0007800000
0007000000
000F000000
000E000000
001E000000
001C000000
003C000000
0038000000
0078000000
0070000000
00F0000000
00E0000000
01E0000000
01C0000000
03C0000000
0380000000
0380000000
ENDCHAR
STARTCHAR eight
ENCODING 56
SWIDTH 600 0
DWIDTH 45 0
BBX 37 54 4 -1
BITMAP
001FFFC000
007FFFF000
01FFFFFC00
03F0007E00
07C0001F00
0F00000780
1E000003C0
1E000003C0
3C000001E0
3C000001E0
38000000E0
38000000E0
38000000E0
38000000E0
38000000E0
38000000E0
38000000E0
38000001E0
3C000001C0
1C000003C0
1E000003C0
0F00000780
07C0001F00
03E0007E00
01FE07F800
007FFFF000
007FFFF000
01FFFFFC00
07F0007F00
0F80000F80
1E000003C0
1C000001C0
3C000001E0
78000000F0
7000000070
7000000070
7000000070
F000000078
F000000078
F000000078
F000000078
F000000078
7000000070
7000000070
78000000F0
38000000E0
3C000001E0
1E000003C0
0F80000F80
07E0003F00
03FF8FFE00
00FFFFF800
003FFFE000
0001700000
ENDCHAR
STARTCHAR nine
ENCODING 57
SWIDTH 600 0
DWIDTH 45 0
BBX 34 54 5 -1
BITMAP
003FFC0000
00FFFF0000
03FFFFC000
07E007E000
0F8001F000
1F00007800
3C00003C00
3C00001C00
7800001E00
7000000F00
F000000F00
F000000700
E000000780
E000000780
E000000780
E0000007C0
E0000007C0
E0000007C0
E0000007C0
E0000007C0
E0000007C0
F000000FC0
7000000FC0
7800001DC0
3800001DC0
3C000039C0
1E000071C0
0F8000F1C0
07C003E1C0
03FE7FC1C0
01FFFF01C0
007FFC01C0
00078001C0
00000001C0
00000003C0
0000000380
0000000380
0000000380
0000000380
0000000700
0000000700
0000000F00
0000000E00
0000001E00
4000001C00
E000003C00
F000007800
780000F000
7E0003E000
1F800FC000
0FFDFF8000
03FFFE0000
00FFF80000
0006000000
ENDCHAR
STARTCHAR colon
ENCODING 58
SWIDTH 211 0
DWIDTH 16 0
BBX 6 37 5 0
BITMAP
20
78
FC
FC
FC
78
00
00
00
00
00
00
00
00
00
00
00
00
00
00
00
00
00
00
00
00
00
00
00
00
00
00
78
FC
FC
FC
78
ENDCHAR
STARTCHAR semicolon
ENCODING 59
SWIDTH 211 0
DWIDTH 16 0
BBX 6 44 5 -7
BITMAP
20
78
FC
FC
FC
78
00
00
00
00
00
00
00
00
00
00
00
00
00
00
00
00
00
00
00
00
00
00
00
00
00
00
78
F8
FC
FC
7C
18
18
38
38
70
70
60
ENDCHAR
STARTCHAR less
ENCODING 60
SWIDTH 600 0
DWIDTH 45 0
BBX 38 37 4 3
BITMAP
0000000018
000000007C
00000001F8
00000007F0
0000001FC0
0000007F00
000001F800
00000FE000
00003F8000
0000FE0000
0003F80000
000FE00000
003F800000
00FE000000
03F0000000
0FC0000000
3F00000000
FC00000000
F000000000
FC00000000
3F00000000
0FC0000000
03F8000000
00FE000000
003F800000
000FE00000
0003F80000
0000FE0000
00003F8000
000007E000
000001FC00
0000007F00
0000001FC0
00000007F0
00000001F8
000000007C
0000000018
ENDCHAR
STARTCHAR equal
ENCODING 61
SWIDTH 600 0
DWIDTH 45 0
BBX 37 17 4 13
BITMAP
FFFFFFFFF8
FFFFFFFFF8
0000000000
0000000000
0000000000
0000000000
0000000000
0000000000
0000000000
0000000000
0000000000
0000000000
0000000000
0000000000
7FFFFFFFF0
FFFFFFFFF8
FFFFFFFFF8
ENDCHAR
STARTCHAR greater
ENCODING 62
SWIDTH 600 0
DWIDTH 45 0
BBX 38 37 3 3
BITMAP
6000000000
F800000000
7E00000000
3F80000000
0FE0000000
03F8000000
007E000000
001FC00000
0007F00000
0001FC0000
00007F0000
00001FC000
000007F000
000001FC00
0000007F00
0000000FC0
00000003F0
00000000FC
000000003C
00000000FC
00000003F0
0000000FC0
0000007F00
000001FC00
000007F000
00001FC000
00007F0000
0001FC0000
0007F00000
001F800000
00FE000000
03F8000000
0FE0000000
3F80000000
7E00000000
F800000000
6000000000
ENDCHAR
STARTCHAR question
ENCODING 63
SWIDTH 429 0
DWIDTH 32 0
BBX 30 53 0 0
BITMAP
003FFE00
01FFFF80
07FFFFC0
0FC003E0
3F0001F0
7C000078
F8000078
E0000038
0000003C
0000003C
0000003C
0000003C
0000003C
0000003C
00000038
00000038
00000078
00000070
000000F0
000001E0
000001E0
000003C0
00000780
00000F00
00000F00
00001E00
00003C00
00007800
00007000
0000F000
0000E000
0001C000
0001C000
00038000
00038000
00038000
00030000
00030000
00030000
00030000
00030000
00000000
00000000
00000000
00000000
00000000
00000000
00000000
000F8000
000F8000
000F8000
000F8000
00078000
ENDCHAR
STARTCHAR at
ENCODING 64
SWIDTH 943 0
DWIDTH 71 0
BBX 61 65 5 -12
BITMAP
000000FFFF000000
00000FFFFFF00000
00003FFE7FFC0000
0000FF0000FF0000
0003F000001F8000
0007C0000007E000
001F00000001F000
003E00000000F800
007C000000003C00
00F0000000001E00
01E0000000000F00
03C0000000000700
03C0000000000780
07800000000003C0
0F000000000001C0
0E000000000001C0
1E00000FE01800E0
1C00007FF83800E0
1C0001FFFE3800F0
3C0003F01F380070
380007C007380070
78000F0003B80070
70001E0001F80070
70003C0001F00038
7000380000F00038
7000780000F00038
F000700000F00038
E000F00000F00038
E000E00000F00038
E000E00000E00038
E000E00000E00038
E001E00000E00070
E001E00000E00070
E001C00000E00070
E001C00001E00070
E001C00001C00070
E001C00001C000F0
E001E00003C000E0
F001E00003C000E0
7000E00007C001C0
7000E00007C001C0
7000F0000FC003C0
700070001DC00780
7800780039C00700
38003C00F1E01E00
38001F87E0F87C00
3C000FFFC07FF800
1C0003FF003FF000
1E00003800030000
0E00000000000000
0F00000000000000
0780000000000000
0780000000000000
03C0000000000000
01E0000000000000
00F0000000003800
0078000000007800
003E00000000F000
001F00000003E000
000FC000000FC000
0003F800003F8000
0001FF0003FE0000
00007FFFFFF80000
00000FFFFFC00000
000000FFFE000000
ENDCHAR
STARTCHAR A
ENCODING 65
SWIDTH 716 0
DWIDTH 54 0
BBX 48 53 3 0
BITMAP
000003800000
000003C00000
000007C00000
000007E00000
00000FE00000
00000EF00000
00000E700000
00001C700000
00001C380000
00003C380000
0000381C0000
0000781C0000
0000701E0000
0000700E0000
0000E00F0000
0000E0070000
0001E0070000
0001C0078000
0003C0038000
00038003C000
00038001C000
00070001E000
00070000E000
000F0000E000
000E0000F000
001E00007000
001C00007800
001C00003800
003C00003C00
003800001C00
007800001C00
007000001E00
00F000000E00
00E000000F00
00E000000700
01FFFFFFFF80
01FFFFFFFF80
03FFFFFFFF80
0380000003C0
0780000001C0
0700000001E0
0700000000E0
0E00000000F0
0E0000000070
1E0000000070
1C0000000078
3C0000000038
38000000003C
38000000001C
70000000001E
70000000000E
F0000000000E
E00000000007
ENDCHAR
STARTCHAR B
ENCODING 66
SWIDTH 666 0
DWIDTH 50 0
BBX 38 53 7 0
BITMAP
7FFFFF0000
FFFFFFF000
FFFFFFFC00
E00000FF00
E000001F80
E0000007C0
E0000003C0
E0000001E0
E0000000E0
E0000000F0
E000000070
E000000070
E000000070
E000000070
E000000070
E000000070
E000000070
E000000070
E0000000F0
E0000000E0
E0000001E0
E0000003C0
E000000780
E000001F00
E00001FE00
FFFFFFF800
FFFFFFF800
FFFFFFFF00
E000001F80
E0000007C0
E0000001E0
E0000000F0
E000000070
E000000078
E000000038
E000000038
E000000038
E00000003C
E00000003C
E00000003C
E00000003C
E000000038
E000000038
E000000038
E000000078
E000000070
E0000000F0
E0000001E0
E0000007C0
E000003F80
FFFFFFFF00
FFFFFFF800
7FFFFFC000
ENDCHAR
STARTCHAR C
ENCODING 67
SWIDTH 667 0
DWIDTH 50 0
BBX 41 54 5 -1
BITMAP
0000FFFE0000
0007FFFFC000
001FFFFFF000
003F8003FC00
007C00007E00
01F000001F00
03E000000780
03C000000380
078000000180
0F0000000000
0E0000000000
1E0000000000
1C0000000000
3C0000000000
380000000000
780000000000
780000000000
700000000000
700000000000
700000000000
F00000000000
F00000000000
F00000000000
F00000000000
E00000000000
E00000000000
E00000000000
E00000000000
E00000000000
E00000000000
F00000000000
F00000000000
F00000000000
700000000000
700000000000
700000000000
780000000000
780000000000
380000000000
3C0000000000
1C0000000000
1E0000000000
0E0000000000
0F0000000000
078000000100
03C000000380
03E000000780
01F000001F00
00FC00007E00
003F0001FC00
001FFEFFF000
0007FFFFC000
0000FFFF0000
000003800000
ENDCHAR
STARTCHAR D
ENCODING 68
SWIDTH 725 0
DWIDTH 54 0
BBX 42 53 7 0
BITMAP
7FFFFC000000
FFFFFFE00000
FFFFFFF80000
E00003FE0000
E000003F8000
E000000FC000
E0000003E000
E0000000F000
E00000007800
E00000003C00
E00000001E00
E00000001E00
E00000000F00
E00000000F00
E00000000700
E00000000780
E00000000380
E00000000380
E000000003C0
E000000003C0
E000000001C0
E000000001C0
E000000001C0
E000000001C0
E000000001C0
E000000001C0
E000000001C0
E000000001C0
E000000001C0
E000000001C0
E000000001C0
E000000001C0
E000000001C0
E000000003C0
E000000003C0
E00000000380
E00000000380
E00000000780
E00000000700
E00000000F00
E00000000F00
E00000001E00
E00000001E00
E00000003C00
E00000007800
E0000000F000
E0000003E000
E0000007C000
E000003F8000
E00001FE0000
FFFFFFF80000
FFFFFFE00000
7FFFFE000000
ENDCHAR
STARTCHAR E
ENCODING 69
SWIDTH 570 0
DWIDTH 43 0
BBX 32 53 7 0
BITMAP
7FFFFFFF
FFFFFFFF
FFFFFFFF
E0000000
E0000000
E0000000
E0000000
E0000000
E0000000
E0000000
E0000000
E0000000
E0000000
E0000000
E0000000
E0000000
E0000000
E0000000
E0000000
E0000000
E0000000
E0000000
E0000000
E0000000
E0000000
FFFFFFFE
FFFFFFFE
FFFFFFFC
E0000000
E0000000
E0000000
E0000000
E0000000
E0000000
E0000000
E0000000
E0000000
E0000000
E0000000
E0000000
E0000000
E0000000
E0000000
E0000000
E0000000
E0000000
E0000000
E0000000
E0000000
E0000000
FFFFFFFF
FFFFFFFF
7FFFFFFF
ENDCHAR
STARTCHAR F
ENCODING 70
SWIDTH 536 0
DWIDTH 40 0
BBX 32 53 7 0
BITMAP
7FFFFFFE
FFFFFFFF
FFFFFFFE
E0000000
E0000000
E0000000
E0000000
E0000000
E0000000
E0000000
E0000000
E0000000
E0000000
E0000000
E0000000
E0000000
E0000000
E0000000
E0000000
E0000000
E0000000
E0000000
E0000000
E0000000
E0000000
FFFFFFFC
FFFFFFFC
FFFFFFF8
E0000000
E0000000
E0000000
E0000000
E0000000
E0000000
E0000000
E0000000
E0000000
E0000000
E0000000
E0000000
E0000000
E0000000
E0000000
E0000000
E0000000
E0000000
E0000000
E0000000
E0000000
E0000000
E0000000
E0000000
E0000000
ENDCHAR
STARTCHAR G
ENCODING 71
SWIDTH 718 0
DWIDTH 54 0
BBX 42 54 5 -1
BITMAP
0000FFFE0000
0007FFFFC000
001FFFFFF800
003F8003FC00
007C00007F00
01F000001F80
03E0000007C0
03C0000003C0
078000000180
0F0000000000
0E0000000000
1E0000000000
1C0000000000
3C0000000000
380000000000
780000000000
780000000000
700000000000
700000000000
700000000000
F00000000000
F00000000000
F00000000000
F00000000000
E00000000000
E00000000000
E000003FFF80
E000007FFFC0
E000007FFFC0
E000000001C0
F000000001C0
F000000001C0
F000000001C0
7000000001C0
7000000001C0
7000000001C0
7800000001C0
7800000001C0
3800000001C0
3C00000001C0
1C00000001C0
1E00000001C0
0E00000001C0
0F00000001C0
0780000001C0
03C0000001C0
03E0000001C0
01F8000001C0
007C000003C0
003F80003FC0
001FFFBFFF80
0003FFFFFE00
0000FFFFE000
000001E00000
ENDCHAR
STARTCHAR H
ENCODING 72
SWIDTH 751 0
DWIDTH 56 0
BBX 42 53 7 0
BITMAP
E000000001C0
E000000001C0
E000000001C0
E000000001C0
E000000001C0
E000000001C0
E000000001C0
E000000001C0
E000000001C0
E000000001C0
E000000001C0
E000000001C0
E000000001C0
E000000001C0
E000000001C0
E000000001C0
E000000001C0
E000000001C0
E000000001C0
E000000001C0
E000000001C0
E000000001C0
E000000001C0
E000000001C0
E000000001C0
FFFFFFFFFFC0
FFFFFFFFFFC0
FFFFFFFFFFC0
E000000001C0
E000000001C0
E000000001C0
E000000001C0
E000000001C0
E000000001C0
E000000001C0
E000000001C0
E000000001C0
E000000001C0
E000000001C0
E000000001C0
E000000001C0
E000000001C0
E000000001C0
E000000001C0
E000000001C0
E000000001C0
E000000001C0
E000000001C0
E000000001C0
E000000001C0
E000000001C0
E000000001C0
E000000001C0
ENDCHAR
STARTCHAR I
ENCODING 73
SWIDTH 234 0
DWIDTH 18 0
BBX 3 53 7 0
BITMAP
E0
E0
E0
E0
E0
E0
E0
E0
E0
E0
E0
E0
E0
E0
E0
E0
E0
E0
E0
E0
E0
E0
E0
E0
E0
E0
E0
E0
E0
E0
E0
E0
E0
E0
E0
E0
E0
E0
E0
E0
E0
E0
E0
E0
E0
E0
E0
E0
E0
E0
E0
E0
E0
ENDCHAR
STARTCHAR J
ENCODING 74
SWIDTH 297 0
DWIDTH 22 0
BBX 16 53 -1 0
BITMAP
0007
0007
0007
0007
0007
0007
0007
0007
0007
0007
0007
0007
0007
0007
0007
0007
0007
0007
0007
0007
0007
0007
0007
0007
0007
0007
0007
0007
0007
0007
0007
0007
0007
0007
0007
0007
0007
0007
0007
0007
0007
0007
0007
000F
000E
000E
001E
003C
007C
01F8
3FF0
FFC0
FF00
ENDCHAR
STARTCHAR K
ENCODING 75
SWIDTH 590 0
DWIDTH 44 0
BBX 36 53 7 0
BITMAP
E0000001C0
E0000003C0
E000000F80
E000001F00
E000003E00
E000007C00
E00000F000
E00001E000
E00003C000
E000078000
E0001F0000
E0003E0000
E0007C0000
E000F00000
E001E00000
E003C00000
E007800000
E00F000000
E03E000000
E07C000000
E0F8000000
E1E0000000
E3C0000000
E780000000
EF00000000
FE00000000
FE00000000
FF00000000
EF80000000
E3C0000000
E1E0000000
E0F8000000
E07C000000
E03E000000
E01F000000
E007800000
E003C00000
E001F00000
E000F80000
E0007C0000
E0003E0000
E0000F0000
E000078000
E00003E000
E00001F000
E00000F800
E000007C00
E000003E00
E000000F00
E000000780
E0000003E0
E0000001F0
E0000000F0
ENDCHAR
STARTCHAR L
ENCODING 76
SWIDTH 527 0
DWIDTH 40 0
BBX 32 53 7 0
BITMAP
E0000000
E0000000
E0000000
E0000000
E0000000
E0000000
E0000000
E0000000
E0000000
E0000000
E0000000
E0000000
E0000000
E0000000
E0000000
E0000000
E0000000
E0000000
E0000000
E0000000
E0000000
E0000000
E0000000
E0000000
E0000000
E0000000
E0000000
E0000000
E0000000
E0000000
E0000000
E0000000
E0000000
E0000000
E0000000
E0000000
E0000000
E0000000
E0000000
E0000000
E0000000
E0000000
E0000000
E0000000
E0000000
E0000000
E0000000
E0000000
E0000000
E0000000
FFFFFFFF
FFFFFFFF
7FFFFFFF
ENDCHAR
STARTCHAR M
ENCODING 77
SWIDTH 844 0
DWIDTH 63 0
BBX 49 53 7 0
BITMAP
E0000000000380
F0000000000380
F0000000000780
F8000000000F80
F8000000000F80
FC000000001F80
FC000000001F80
EE000000003F80
EE000000003B80
E7000000007B80
E7000000007380
E380000000E380
E3C0000000E380
E1C0000001C380
E1E0000001C380
E0E00000038380
E0700000038380
E0700000070380
E0380000070380
E03800000E0380
E01C00000E0380
E01C00001C0380
E00E00001C0380
E00E0000380380
E0070000380380
E0070000700380
E0038000F00380
E0038000E00380
E001C001E00380
E001C001C00380
E000E003C00380
E000F003800380
E0007007000380
E0003807000380
E000380E000380
E0001C0E000380
E0001C1C000380
E0000E1C000380
E0000E38000380
E0000738000380
E0000770000380
E00003F0000380
E00003E0000380
E00001E0000380
E00001C0000380
E0000000000380
E0000000000380
E0000000000380
E0000000000380
E0000000000380
E0000000000380
E0000000000380
E0000000000380
ENDCHAR
STARTCHAR N
ENCODING 78
SWIDTH 732 0
DWIDTH 55 0
BBX 41 53 7 0
BITMAP
E00000000380
F00000000380
F80000000380
F80000000380
FC0000000380
FE0000000380
EF0000000380
E70000000380
E78000000380
E3C000000380
E1C000000380
E0E000000380
E0F000000380
E07800000380
E03800000380
E01C00000380
E01E00000380
E00F00000380
E00700000380
E00780000380
E003C0000380
E001E0000380
E000E0000380
E000F0000380
E00078000380
E0003C000380
E0001C000380
E0001E000380
E0000F000380
E00007000380
E00003800380
E00003C00380
E00001E00380
E00000E00380
E00000700380
E00000780380
E000003C0380
E000001C0380
E000001E0380
E000000F0380
E00000078380
E00000038380
E0000003C380
E0000001E380
E0000000F380
E00000007380
E00000007B80
E00000003F80
E00000001F80
E00000000F80
E00000000F80
E00000000780
E00000000380
ENDCHAR
STARTCHAR O
ENCODING 79
SWIDTH 751 0
DWIDTH 56 0
BBX 46 54 5 -1
BITMAP
0000FFFC0000
0007FFFF8000
001FFFFFE000
003F8003F800
00FC0000FC00
01F000003E00
03E000001F00
03C000000780
078000000780
0F00000003C0
0E00000001E0
1E00000000E0
1C00000000F0
3C0000000070
380000000070
780000000078
780000000038
700000000038
70000000003C
70000000003C
F0000000003C
F0000000001C
F0000000001C
F0000000001C
E0000000001C
E0000000001C
E0000000001C
E0000000001C
E0000000001C
E0000000001C
F0000000001C
F0000000001C
F0000000003C
70000000003C
70000000003C
700000000038
780000000038
380000000078
380000000070
3C0000000070
1C00000000F0
1E00000000E0
0E00000001E0
0F00000003C0
078000000380
03C000000780
03E000000F00
01F000003E00
00FC0000FC00
003F0003F800
001FFEFFE000
0007FFFF8000
0001FFFE0000
000003400000
ENDCHAR
STARTCHAR P
ENCODING 80
SWIDTH 616 0
DWIDTH 46 0
BBX 37 53 7 0
BITMAP
7FFFFF0000
FFFFFFF000
FFFFFFFC00
E00000FE00
E000001F00
E000000780
E0000003C0
E0000001E0
E0000000E0
E0000000F0
E0000000F0
E000000070
E000000070
E000000070
E000000070
E000000078
E000000070
E000000070
E000000070
E000000070
E0000000F0
E0000000F0
E0000001E0
E0000001E0
E0000003C0
E000000780
E000001F00
E00001FE00
FFFFFFFC00
FFFFFFE000
FFFFFE0000
E000000000
E000000000
E000000000
E000000000
E000000000
E000000000
E000000000
E000000000
E000000000
E000000000
E000000000
E000000000
E000000000
E000000000
E000000000
E000000000
E000000000
E000000000
E000000000
E000000000
E000000000
E000000000
ENDCHAR
STARTCHAR Q
ENCODING 81
SWIDTH 751 0
DWIDTH 56 0
BBX 46 67 5 -14
BITMAP
0000FFFC0000
0007FFFF8000
001FFFFFE000
003F8003F800
00FC0000FC00
01F000003E00
03E000001F00
03C000000780
078000000780
0F00000003C0
0E00000001E0
1E00000000E0
1C00000000F0
3C0000000070
380000000070
780000000078
780000000038
700000000038
70000000003C
70000000003C
F0000000003C
F0000000001C
F0000000001C
F0000000001C
E0000000001C
E0000000001C
E0000000001C
E0000000001C
E0000000001C
E0000000001C
F0000000001C
F0000000001C
F0000000003C
70000000003C
70000000003C
700000000038
780000000038
380000000078
380000000070
3C0000000070
1C00000000F0
1E00000000E0
0E00000001E0
0F00000003C0
078000000380
03C000000780
03E000000F00
01F000003E00
00FC0000FC00
003F0003F800
001FFEFFE000
0007FFFF8000
0001FFFE0000
000003FF0000
0000000F8000
00000003C000
00000001E000
00000000E000
000000007000
000000007800
000000003800
000000003C00
000000001E00
000000000E00
000000000F00
000000000700
000000000300
ENDCHAR
STARTCHAR R
ENCODING 82
SWIDTH 654 0
DWIDTH 49 0
BBX 38 53 7 0
BITMAP
7FFFFF0000
FFFFFFF000
FFFFFFFC00
E00000FF00
E000001F80
E0000007C0
E0000003C0
E0000001E0
E0000000E0
E0000000F0
E000000070
E000000070
E000000070
E000000070
E000000078
E000000070
E000000070
E000000070
E000000070
E0000000F0
E0000000F0
E0000000E0
E0000001E0
E0000003C0
E000000780
E000001F00
E00003FE00
FFFFFFF800
FFFFFFC000
FFFFFF8000
E00007C000
E00001E000
E00000F000
E000007800
E000003800
E000003C00
E000001C00
E000000E00
E000000F00
E000000700
E000000780
E000000380
E0000003C0
E0000001C0
E0000001E0
E0000000E0
E0000000F0
E000000070
E000000078
E000000038
E00000001C
E00000001C
E00000000C
ENDCHAR
STARTCHAR S
ENCODING 83
SWIDTH 600 0
DWIDTH 45 0
BBX 38 54 4 -1
BITMAP
000FFFE000
003FFFF800
00FFFFFF00
03F8003F80
07E0000FC0
0F800003F0
0F000000F0
1E00000070
3C00000020
3800000000
3800000000
7800000000
7800000000
7000000000
7000000000
7000000000
7800000000
7800000000
3800000000
3C00000000
3C00000000
1E00000000
0F00000000
07C0000000
03F8000000
01FFC00000
007FFE0000
000FFFE000
00007FF800
000003FE00
0000003F80
00000007C0
00000003E0
00000000F0
0000000078
0000000078
0000000038
0000000038
000000003C
000000003C
000000003C
0000000038
0000000038
0000000038
0000000078
E0000000F0
F0000000F0
FC000001E0
3F000007C0
1FE0001F80
07FFEFFF00
01FFFFFC00
003FFFE000
0000780000
ENDCHAR
STARTCHAR T
ENCODING 84
SWIDTH 586 0
DWIDTH 44 0
BBX 44 53 0 0
BITMAP
FFFFFFFFFFF0
FFFFFFFFFFF0
FFFFFFFFFFF0
00000F000000
00000F000000
00000F000000
00000F000000
00000F000000
00000F000000
00000F000000
00000F000000
00000F000000
00000F000000
00000F000000
00000F000000
00000F000000
00000F000000
00000F000000
00000F000000
00000F000000
00000F000000
00000F000000
00000F000000
00000F000000
00000F000000
00000F000000
00000F000000
00000F000000
00000F000000
00000F000000
00000F000000
00000F000000
00000F000000
00000F000000
00000F000000
00000F000000
00000F000000
00000F000000
00000F000000
00000F000000
00000F000000
00000F000000
00000F000000
00000F000000
00000F000000
00000F000000
00000F000000
00000F000000
00000F000000
00000F000000
00000F000000
00000F000000
000006000000
ENDCHAR
STARTCHAR U
ENCODING 85
SWIDTH 720 0
DWIDTH 54 0
BBX 40 54 7 -1
BITMAP
E000000007
E000000007
E000000007
E000000007
E000000007
E000000007
E000000007
E000000007
E000000007
E000000007
E000000007
E000000007
E000000007
E000000007
E000000007
E000000007
E000000007
E000000007
E000000007
E000000007
E000000007
E000000007
E000000007
E000000007
E000000007
E000000007
E000000007
E000000007
E000000007
E000000007
E000000007
E000000007
E000000007
E000000007
E000000007
E000000007
E000000007
E000000007
F00000000F
700000000E
700000000E
700000000E
780000001E
380000001C
3C0000003C
1E00000078
1F000000F0
0F800001F0
07E00007E0
03F8001FC0
00FFFFFF00
007FFFFC00
000FFFF000
00001C0000
ENDCHAR
STARTCHAR V
ENCODING 86
SWIDTH 667 0
DWIDTH 50 0
BBX 48 53 1 0
BITMAP
E00000000007
F0000000000F
70000000000E
70000000000E
38000000001E
38000000001C
3C000000003C
1C0000000038
1E0000000078
0E0000000070
0E0000000070
0700000000F0
0700000000E0
0780000001E0
0380000001C0
03C0000003C0
01C000000380
01C000000380
00E000000780
00E000000700
00F000000F00
007000000E00
007800001E00
003800001C00
003800001C00
001C00003C00
001C00003800
001E00007800
000E00007000
000F0000F000
00070000E000
00070000E000
00038001C000
00038001C000
0003C003C000
0001C0038000
0001E0078000
0000E0070000
0000E0070000
0000700E0000
0000700E0000
0000781E0000
0000381C0000
00003C3C0000
00001C380000
00001C380000
00000E700000
00000E700000
00000FF00000
000007E00000
000007E00000
000003C00000
000003C00000
ENDCHAR
STARTCHAR W
ENCODING 87
SWIDTH 1091 0
DWIDTH 82 0
BBX 76 53 3 0
BITMAP
E00000000E0000000070
F00000000F00000000F0
700000000F00000000E0
700000001F00000000E0
780000001F80000001C0
380000001F80000001C0
380000003B80000001C0
3C00000039C000000380
1C00000079C000000380
1C00000071E000000780
1E00000070E000000700
0E000000F0E000000700
0E000000E07000000F00
0F000000E07000000E00
07000001E07000000E00
07000001C03800001E00
03800001C03800001C00
03800003C03800001C00
03800003801C00003C00
01C00003801C00003800
01C00007001C00003800
01E00007000E00007800
00E00007000E00007000
00E0000E000E00007000
00F0000E00070000F000
0070000E00070000E000
0070001C00070000E000
0078001C00038001E000
0038001C00038001C000
0038003800038001C000
003C00380001C0038000
001C00380001C0038000
001C00700001C0038000
001E00700000E0070000
000E00F00000E0070000
000E00E00000F0070000
000F00E00000700E0000
000701E00000700E0000
000701C00000781E0000
000381C00000381C0000
000383C00000381C0000
0003838000003C3C0000
0001C38000001C380000
0001C78000001C380000
0001C70000000E780000
0000E70000000E700000
0000EE0000000E700000
0000EE00000007F00000
00007E00000007E00000
00007C00000007E00000
00007C00000003E00000
00003C00000003C00000
00003800000003C00000
ENDCHAR
STARTCHAR X
ENCODING 88
SWIDTH 631 0
DWIDTH 47 0
BBX 42 53 3 0
BITMAP
700000000700
780000000700
380000000F00
3C0000001E00
1E0000003C00
0F0000003800
070000007800
07800000F000
03C00000E000
01E00001E000
00E00003C000
00F000078000
007800070000
003C000F0000
003C001E0000
001E003C0000
000F00380000
000700780000
000780F00000
0003C0E00000
0001E1C00000
0000E3C00000
0000F7800000
00007F000000
00003E000000
00001E000000
00003E000000
00003F000000
00007F000000
0000F7800000
0001E3C00000
0001C1E00000
0003C0E00000
000780F00000
000F00780000
000E003C0000
001E001C0000
003C001E0000
0078000F0000
007800078000
00F000038000
01E00003C000
01C00001E000
03C00000F000
07800000F000
0F0000007800
0E0000003C00
1E0000001C00
3C0000001E00
780000000F00
700000000780
F00000000380
E000000003C0
ENDCHAR
STARTCHAR Y
ENCODING 89
SWIDTH 577 0
DWIDTH 43 0
BBX 41 53 1 0
BITMAP
E00000000180
F00000000380
700000000780
780000000F00
3C0000000E00
1E0000001C00
0E0000003C00
0F0000007800
078000007000
03C00000E000
01C00001E000
01E00003C000
00F000038000
007800070000
0038000F0000
003C001E0000
001E001C0000
000E003C0000
000F00780000
000780700000
0003C0E00000
0001C1E00000
0001E3C00000
0000F3800000
00007F000000
00003F000000
00003E000000
00001C000000
00001C000000
00001C000000
00001C000000
00001C000000
00001C000000
00001C000000
00001C000000
00001C000000
00001C000000
00001C000000
00001C000000
00001C000000
00001C000000
00001C000000
00001C000000
00001C000000
00001C000000
00001C000000
00001C000000
00001C000000
00001C000000
00001C000000
00001C000000
00001C000000
00001C000000
ENDCHAR
STARTCHAR Z
ENCODING 90
SWIDTH 575 0
DWIDTH 43 0
BBX 39 53 3 0
BITMAP
7FFFFFFFF8
FFFFFFFFFC
7FFFFFFFF8
0000000078
00000000F0
00000000E0
00000001E0
00000003C0
0000000380
0000000780
0000000F00
0000000E00
0000001E00
0000003C00
0000003800
0000007800
000000F000
000001E000
000001C000
000003C000
0000078000
0000070000
00000F0000
00001E0000
00001C0000
00003C0000
0000780000
0000F00000
0000F00000
0001E00000
0003C00000
0003800000
0007800000
000F000000
000E000000
001E000000
003C000000
0038000000
0078000000
00F0000000
01E0000000
01E0000000
03C0000000
0780000000
0700000000
0F00000000
1E00000000
1C00000000
3C00000000
7800000000
7FFFFFFFFC
FFFFFFFFFE
7FFFFFFFFC
ENDCHAR
STARTCHAR bracketleft
ENCODING 91
SWIDTH 281 0
DWIDTH 21 0
BBX 13 67 8 -14
BITMAP
7FF8
FFF8
FFF8
F000
F000
F000
F000
F000
F000
F000
F000
F000
F000
F000
F000
F000
F000
F000
F000
F000
F000
F000
F000
F000
F000
F000
F000
F000
F000
F000
F000
F000
F000
F000
F000
F000
F000
F000
F000
F000
F000
F000
F000
F000
F000
F000
F000
F000
F000
F000
F000
F000
F000
F000
F000
F000
F000
F000
F000
F000
F000
F000
F000
F000
FFF8
FFF8
3FF0
ENDCHAR
STARTCHAR backslash
ENCODING 92
SWIDTH 256 0
DWIDTH 19 0
BBX 21 60 -1 -4
BITMAP
400000
E00000
E00000
F00000
700000
700000
780000
380000
380000
380000
1C0000
1C0000
1C0000
0E0000
0E0000
0E0000
070000
070000
070000
038000
038000
038000
01C000
01C000
01C000
00E000
00E000
00E000
007000
007000
007000
007800
003800
003800
003C00
001C00
001C00
001E00
000E00
000E00
000E00
000700
000700
000700
000380
000380
000380
0001C0
0001C0
0001C0
0000E0
0000E0
0000E0
000070
000070
000070
000038
000038
000038
000018
ENDCHAR
STARTCHAR bracketright
ENCODING 93
SWIDTH 281 0
DWIDTH 21 0
BBX 13 67 0 -14
BITMAP
FFF0
FFF8
FFF8
0038
0038
0038
0038
0038
0038
0038
0038
0038
0038
0038
0038
0038
0038
0038
0038
0038
0038
0038
0038
0038
0038
0038
0038
0038
0038
0038
0038
0038
0038
0038
0038
0038
0038
0038
0038
0038
0038
0038
0038
0038
0038
0038
0038
0038
0038
0038
0038
0038
0038
0038
0038
0038
0038
0038
0038
0038
0038
0038
0038
0038
FFF8
FFF8
7FE0
ENDCHAR
STARTCHAR asciicircum
ENCODING 94
SWIDTH 600 0
DWIDTH 45 0
BBX 37 38 4 10
BITMAP
0000200000
0000700000
0000F80000
0000F80000
0001FC0000
0001DC0000
0003DE0000
00038E0000
00038E0000
0007070000
0007070000
000E038000
000E038000
001C01C000
001C01C000
003800E000
003800E000
0070007000
0070007000
00F0007800
00E0003800
01E0003C00
01C0001C00
03C0001E00
0380000E00
0780000F00
0700000700
0700000700
0E00000380
0E00000380
1C000001C0
1C000001C0
38000000E0
38000000E0
7000000070
7000000070
E000000038
6000000030
ENDCHAR
STARTCHAR underscore
ENCODING 95
SWIDTH 500 0
DWIDTH 38 0
BBX 35 2 1 -2
BITMAP
FFFFFFFFE0
FFFFFFFFE0
ENDCHAR
STARTCHAR grave
ENCODING 96
SWIDTH 338 0
DWIDTH 25 0
BBX 11 16 7 41
BITMAP
6000
F000
7800
7800
3C00
3C00
1E00
0E00
0F00
0700
0780
0380
01C0
01C0
00E0
0060
ENDCHAR
STARTCHAR a
ENCODING 97
SWIDTH 514 0
DWIDTH 39 0
BBX 27 38 5 -1
BITMAP
001FE000
01FFFC00
07FFFE00
1FE01F00
3F000780
780003C0
300001C0
000001E0
000000E0
000000E0
000000E0
000000E0
000000E0
000000E0
000000E0
000000E0
0000BFE0
00FFFFE0
07FFFFE0
1FFC00E0
3F0000E0
7C0000E0
700000E0
F00000E0
E00000E0
E00000E0
E00001E0
E00001E0
E00001E0
F00003E0
F00007E0
78000FE0
3C001EE0
3E003CE0
1FC3F8E0
07FFF0E0
01FFC0E0
00180000
ENDCHAR
STARTCHAR b
ENCODING 98
SWIDTH 568 0
DWIDTH 43 0
BBX 33 54 6 -1
BITMAP
6000000000
F000000000
F000000000
F000000000
F000000000
F000000000
F000000000
F000000000
F000000000
F000000000
F000000000
F000000000
F000000000
F000000000
F000000000
F000000000
F007F00000
F03FFE0000
F0FFFF8000
F1F80FE000
F3C001F000
F78000F800
FF00007800
FE00003C00
FC00001C00
F800001E00
F800000E00
F800000F00
F000000700
F000000700
F000000700
F000000700
F000000780
E000000780
E000000780
E000000780
E000000780
F000000780
F000000700
F000000700
F000000700
F000000F00
F800000F00
F800000E00
FC00001E00
FC00001C00
FE00003C00
FF00007800
F78000F000
F3E003E000
F1FE3FC000
F07FFF8000
E03FFE0000
0001E00000
ENDCHAR
STARTCHAR c
ENCODING 99
SWIDTH 455 0
DWIDTH 34 0
BBX 28 38 4 -1
BITMAP
000FF000
007FFE00
01FFFF80
03F80FE0
07C001F0
0F0000F0
1E000070
1C000000
3C000000
38000000
78000000
70000000
70000000
F0000000
E0000000
E0000000
E0000000
E0000000
E0000000
E0000000
E0000000
E0000000
E0000000
F0000000
70000000
70000000
70000000
38000000
38000000
3C000000
1E000000
0F000070
078000F0
07E003E0
01FE1FC0
00FFFF80
003FFE00
0001C000
ENDCHAR
STARTCHAR d
ENCODING 100
SWIDTH 568 0
DWIDTH 43 0
BBX 32 54 4 -1
BITMAP
00000007
00000007
00000007
00000007
00000007
00000007
00000007
00000007
00000007
00000007
00000007
00000007
00000007
00000007
00000007
00000007
000FF007
007FFE07
01FFFF87
03F00FC7
07C003E7
0F0000F7
1E000077
1C00003F
3C00001F
3800001F
7800000F
7000000F
7000000F
F0000007
F0000007
E0000007
E0000007
E0000007
E0000007
E0000007
E0000007
E0000007
E0000007
F0000007
70000007
7000000F
7000000F
7800001F
3800001F
3C00003F
1E00003F
0F000077
0F8001F7
07E003E7
03FC3F87
00FFFF07
003FFC07
00018000
ENDCHAR
STARTCHAR e
ENCODING 101
SWIDTH 523 0
DWIDTH 39 0
BBX 32 38 4 -1
BITMAP
0007F800
003FFE00
00FFFF80
01F807C0
07C001E0
0F8000F0
0E000078
1E000038
3C00001C
3800001C
7800000E
7000000E
7000000E
7000000E
F0000006
E0000007
E0000007
FFFFFFFF
FFFFFFFE
E0000000
E0000000
E0000000
E0000000
F0000000
70000000
70000000
70000000
78000000
38000000
3C000000
1E000000
0F00000E
0780003E
03E000FC
01FE0FF8
00FFFFE0
001FFF00
0000F000
ENDCHAR
STARTCHAR f
ENCODING 102
SWIDTH 306 0
DWIDTH 23 0
BBX 24 53 0 0
BITMAP
00007F
0003FF
0007FE
000F80
001E00
003C00
007800
007000
007000
00F000
00E000
00E000
00E000
00E000
00E000
00E000
00E000
FFFFFC
FFFFFC
00E000
00E000
00E000
00E000
00E000
00E000
00E000
00E000
00E000
00E000
00E000
00E000
00E000
00E000
00E000
00E000
00E000
00E000
00E000
00E000
00E000
00E000
00E000
00E000
00E000
00E000
00E000
00E000
00E000
00E000
00E000
00E000
00E000
00E000
ENDCHAR
STARTCHAR g
ENCODING 103
SWIDTH 570 0
DWIDTH 43 0
BBX 32 51 4 -14
BITMAP
000FF002
007FFE07
01FFFF87
03F80FC7
07C003E7
0F0000F7
1E00007F
1C00003F
3C00001F
3800001F
7800000F
7000000F
70000007
F0000007
E0000007
E0000007
E0000007
E0000007
E0000007
E0000007
E0000007
E0000007
F0000007
70000007
7000000F
7800000F
7800000F
3C00001F
3C00003F
1E00007F
0F0000F7
078001E7
03F007C7
01FFFF87
007FFF07
001FF807
00000007
00000007
00000007
00000007
00000007
0000000F
0000000E
0000001E
1C00001E
1E00003C
1F800078
07F003F0
03FFFFE0
007FFF80
000FFE00
ENDCHAR
STARTCHAR h
ENCODING 104
SWIDTH 553 0
DWIDTH 41 0
BBX 29 53 6 0
BITMAP
60000000
F0000000
F0000000
F0000000
F0000000
F0000000
F0000000
F0000000
F0000000
F0000000
F0000000
F0000000
F0000000
F0000000
F0000000
F0000000
F007F000
F03FFE00
F0FFFF80
F3F00FC0
F7C003E0
F70000E0
FE0000F0
FC000070
FC000078
F8000038
F0000038
F0000038
F0000038
F0000038
F0000038
F0000038
F0000038
F0000038
F0000038
F0000038
F0000038
F0000038
F0000038
F0000038
F0000038
F0000038
F0000038
F0000038
F0000038
F0000038
F0000038
F0000038
F0000038
F0000038
F0000038
F0000038
E0000038
ENDCHAR
STARTCHAR i
ENCODING 105
SWIDTH 212 0
DWIDTH 16 0
BBX 6 51 5 0
BITMAP
78
FC
FC
78
30
00
00
00
00
00
00
00
00
00
20
70
78
78
78
78
78
78
78
78
78
78
78
78
78
78
78
78
78
78
78
78
78
78
78
78
78
78
78
78
78
78
78
78
78
78
30
ENDCHAR
STARTCHAR j
ENCODING 106
SWIDTH 215 0
DWIDTH 16 0
BBX 15 65 -4 -14
BITMAP
003C
003E
003E
003E
001C
0000
0000
0000
0000
0000
0000
0000
0000
0000
0018
001C
001C
001C
001C
001C
001C
001C
001C
001C
001C
001C
001C
001C
001C
001C
001C
001C
001C
001C
001C
001C
001C
001C
001C
001C
001C
001C
001C
001C
001C
001C
001C
001C
001C
001C
001C
001C
001C
001C
003C
003C
0038
0038
0078
0070
00F0
03E0
3FC0
FF80
FE00
ENDCHAR
STARTCHAR k
ENCODING 107
SWIDTH 468 0
DWIDTH 35 0
BBX 27 53 6 0
BITMAP
60000000
F0000000
F0000000
F0000000
F0000000
F0000000
F0000000
F0000000
F0000000
F0000000
F0000000
F0000000
F0000000
F0000000
F0000000
F0000000
F0000180
F0000380
F0000F80
F0001F00
F0003E00
F0007C00
F000F000
F001E000
F003C000
F0078000
F00F0000
F03E0000
F07C0000
F0F80000
F1E00000
F3C00000
F7800000
FF000000
FE000000
FF800000
F7C00000
F3E00000
F0F00000
F0780000
F03C0000
F01F0000
F00F8000
F007C000
F001E000
F000F000
F0007800
F0003E00
F0001F00
F0000F80
F00003C0
F00001E0
E00000E0
ENDCHAR
STARTCHAR l
ENCODING 108
SWIDTH 275 0
DWIDTH 21 0
BBX 14 54 6 -1
BITMAP
6000
F000
F000
F000
F000
F000
F000
F000
F000
F000
F000
F000
F000
F000
F000
F000
F000
F000
F000
F000
F000
F000
F000
F000
F000
F000
F000
F000
F000
F000
F000
F000
F000
F000
F000
F000
F000
F000
F000
F000
F000
F000
F000
F000
7000
7000
7000
7800
3800
3C00
1F80
0FFC
07FC
0070
ENDCHAR
STARTCHAR m
ENCODING 109
SWIDTH 838 0
DWIDTH 63 0
BBX 49 37 7 0
BITMAP
C01FC0003F8000
E0FFF001FFF000
E3FFFC07FFF800
E7C07E0FC07C00
EF000F1F001E00
EE00073C000F00
FC0007B8000700
F80003F0000780
F00003F0000380
F00003E0000380
F00001E0000380
E00001E0000380
E00001C0000380
E00001C0000380
E00001C0000380
E00001C0000380
E00001C0000380
E00001C0000380
E00001C0000380
E00001C0000380
E00001C0000380
E00001C0000380
E00001C0000380
E00001C0000380
E00001C0000380
E00001C0000380
E00001C0000380
E00001C0000380
E00001C0000380
E00001C0000380
E00001C0000380
E00001C0000380
E00001C0000380
E00001C0000380
E00001C0000380
E00001C0000380
E00001C0000380
ENDCHAR
STARTCHAR n
ENCODING 110
SWIDTH 553 0
DWIDTH 41 0
BBX 29 37 6 0
BITMAP
6007F000
E03FFE00
E0FFFF80
E3F00FC0
E7C003E0
E70000E0
EE0000F0
FC000070
FC000078
F8000038
F0000038
F0000038
F0000038
F0000038
F0000038
F0000038
F0000038
F0000038
F0000038
F0000038
F0000038
F0000038
F0000038
F0000038
F0000038
F0000038
F0000038
F0000038
F0000038
F0000038
F0000038
F0000038
F0000038
F0000038
F0000038
F0000038
E0000038
ENDCHAR
STARTCHAR o
ENCODING 111
SWIDTH 538 0
DWIDTH 40 0
BBX 32 38 4 -1
BITMAP
000FF000
007FFE00
01FFFF80
03F00FC0
07C003E0
0F0000F0
1E000078
1C00003C
3C00001C
3800001E
7800000E
7000000E
7000000F
F0000007
F0000007
E0000007
E0000007
E0000007
E0000007
E0000007
E0000007
E0000007
E0000007
F0000007
70000007
7000000F
7000000E
7800001E
3800001C
3C00003C
1E000038
0F000078
0F8001F0
07E003E0
03FC3FC0
00FFFF00
003FFC00
00018000
ENDCHAR
STARTCHAR p
ENCODING 112
SWIDTH 568 0
DWIDTH 43 0
BBX 33 51 6 -14
BITMAP
6007F00000
F03FFE0000
F0FFFF8000
F1F80FE000
F3C001F000
F78000F800
FF00007800
FE00003C00
FC00001C00
F800001E00
F800000E00
F800000F00
F000000700
F000000700
F000000700
F000000700
F000000780
E000000780
E000000780
E000000780
E000000780
F000000780
F000000700
F000000700
F000000700
F000000F00
F800000F00
F800000E00
FC00001E00
FC00001C00
FE00003C00
FF00007800
F78000F000
F3E003E000
F1FE3FC000
F07FFF8000
F03FFE0000
F001E00000
F000000000
F000000000
F000000000
F000000000
F000000000
F000000000
F000000000
F000000000
F000000000
F000000000
F000000000
F000000000
6000000000
ENDCHAR
STARTCHAR q
ENCODING 113
SWIDTH 568 0
DWIDTH 43 0
BBX 32 51 4 -14
BITMAP
000FF002
007FFE07
01FFFF87
03F00FC7
07C003E7
0F0000F7
1E000077
1C00003F
3C00001F
3800001F
7800000F
7000000F
7000000F
F0000007
F0000007
E0000007
E0000007
E0000007
E0000007
E0000007
E0000007
E0000007
E0000007
F0000007
F0000007
7000000F
7000000F
7800001F
3800001F
3C00003F
1E00003F
1F000077
0F8001F7
07E003E7
03FC3F87
00FFFF07
003FFC07
00038007
00000007
00000007
00000007
00000007
00000007
00000007
00000007
00000007
00000007
00000007
00000007
00000007
00000007
ENDCHAR
STARTCHAR r
ENCODING 114
SWIDTH 327 0
DWIDTH 25 0
BBX 18 37 6 0
BITMAP
600FC0
E07FC0
E0FF80
E3F000
E7C000
EF0000
EE0000
FC0000
F80000
F80000
F00000
F00000
F00000
F00000
F00000
F00000
F00000
F00000
F00000
F00000
F00000
F00000
F00000
F00000
F00000
F00000
F00000
F00000
F00000
F00000
F00000
F00000
F00000
F00000
F00000
F00000
E00000
ENDCHAR
STARTCHAR s
ENCODING 115
SWIDTH 475 0
DWIDTH 36 0
BBX 27 38 4 -1
BITMAP
003FE000
01FFFC00
03FFFF00
0FE03F80
1F0007C0
1E0001E0
3C0000C0
38000000
38000000
78000000
78000000
38000000
38000000
3C000000
3C000000
1F000000
0FC00000
07FC0000
01FFC000
007FF800
0007FE00
00007F80
00000FC0
000003C0
000001E0
000000E0
000000E0
000000E0
000000E0
000000E0
000001E0
E00001C0
F80003C0
7E000F80
3FF1FF00
0FFFFE00
01FFF800
000E0000
ENDCHAR
STARTCHAR t
ENCODING 116
SWIDTH 320 0
DWIDTH 24 0
BBX 25 49 0 -1
BITMAP
00E00000
00E00000
00E00000
00E00000
00E00000
00E00000
00E00000
00E00000
00E00000
00E00000
00E00000
00E00000
FFFFFE00
FFFFFE00
00E00000
00E00000
00E00000
00E00000
00E00000
00E00000
00E00000
00E00000
00E00000
00E00000
00E00000
00E00000
00E00000
00E00000
00E00000
00E00000
00E00000
00E00000
00E00000
00E00000
00E00000
00E00000
00E00000
00E00000
00E00000
00E00000
00F00000
00F00000
00700000
00780000
003C0000
001F8700
000FFF80
0007FF00
00003000
ENDCHAR
STARTCHAR u
ENCODING 117
SWIDTH 545 0
DWIDTH 41 0
BBX 29 38 6 -1
BITMAP
40000030
E0000070
E0000078
E0000078
E0000078
E0000078
E0000078
E0000078
E0000078
E0000078
E0000078
E0000078
E0000078
E0000078
E0000078
E0000078
E0000078
E0000078
E0000078
E0000078
E0000078
E0000078
E0000078
E0000078
E0000078
E0000078
F0000078
F00000F8
700000F8
700001F8
780003F8
380007F8
3C000F78
1F001E78
0FE1FC78
07FFF878
01FFE030
000C0000
ENDCHAR
STARTCHAR v
ENCODING 118
SWIDTH 504 0
DWIDTH 38 0
BBX 34 37 2 0
BITMAP
6000000180
F0000003C0
F000000380
7000000780
7800000780
3800000700
3C00000F00
3C00000E00
1C00001E00
1E00001C00
0E00001C00
0F00003C00
0700003800
0780007800
0780007000
038000F000
03C000E000
01C000E000
01E001E000
00E001C000
00E003C000
00F0038000
0070038000
0078070000
0038070000
00380F0000
001C0E0000
001C1E0000
001E1C0000
000E1C0000
000F3C0000
0007380000
0007780000
0003F00000
0003F00000
0003E00000
0001E00000
ENDCHAR
STARTCHAR w
ENCODING 119
SWIDTH 830 0
DWIDTH 62 0
BBX 55 37 4 0
BITMAP
C000003000000C
E000007800000E
E000007C00001E
E00000FC00001C
F00000FE00001C
700001EE00003C
700001EE000038
780001CF000038
380003C7000078
38000387000070
3C000387800070
1C0007838000F0
1C0007038000E0
1E000703C001E0
0E000F01C001C0
0F000E01C001C0
07000E01E003C0
07001E00E00380
07801C00E00380
03803C00700780
03803800700700
03C03800700700
01C07800380F00
01C07000380E00
01E070003C0E00
00E0F0001C1E00
00E0E0001C1C00
00F0E0001E1C00
0071E0000E3800
0071C0000E3800
0079C0000F3800
003BC000077000
003B8000077000
003F800007F000
001F000003E000
001F000003E000
000F000001E000
ENDCHAR
STARTCHAR x
ENCODING 120
SWIDTH 506 0
DWIDTH 38 0
BBX 32 38 3 -1
BITMAP
20000004
7000000E
7800001E
3C00003C
1E000078
0F0000F0
070000E0
078001E0
03C003C0
01E00780
00F00F00
00700E00
00781E00
003C3C00
001E7800
000FF000
0007E000
0007E000
0003C000
0007E000
000FF000
001E7000
001E7800
003C3C00
00781E00
00F00F00
00E00700
01E00780
03C003C0
078001E0
0F0000F0
0E000070
1E000078
3C00003C
7800001E
F000000F
E0000007
40000002
ENDCHAR
STARTCHAR y
ENCODING 121
SWIDTH 504 0
DWIDTH 38 0
BBX 34 51 2 -14
BITMAP
6000000180
F0000003C0
F000000380
7000000780
7800000780
3800000700
3C00000F00
3C00000E00
1C00001E00
1E00001C00
0E00001C00
0F00003C00
0700003800
0780007800
0780007000
038000F000
03C000E000
01C000E000
01E001E000
00E001C000
00E003C000
00F0038000
0070038000
0078070000
0038070000
00380F0000
001C0E0000
001C0E0000
001E1C0000
000E1C0000
000F380000
0007380000
0007780000
0003F00000
0003F00000
0003E00000
0001E00000
0001C00000
0001C00000
0003C00000
0003800000
0007800000
0007000000
000F000000
000E000000
000E000000
001E000000
001C000000
003C000000
0038000000
0038000000
ENDCHAR
STARTCHAR z
ENCODING 122
SWIDTH 454 0
DWIDTH 34 0
BBX 28 36 4 0
BITMAP
FFFFFFE0
FFFFFFE0
000001C0
000003C0
00000780
00000700
00000F00
00001E00
00001C00
00003800
00007800
0000F000
0000E000
0001E000
0003C000
00038000
00070000
000F0000
001E0000
001C0000
00380000
00780000
00700000
00E00000
01E00000
03C00000
03800000
07000000
0F000000
0E000000
1C000000
3C000000
78000000
7FFFFFE0
FFFFFFF0
7FFFFFF0
ENDCHAR
STARTCHAR braceleft
ENCODING 123
SWIDTH 318 0
DWIDTH 24 0
BBX 20 67 4 -14
BITMAP
001FF0
007FF0
00FFF0
00F000
01E000
01C000
01C000
01C000
01C000
01C000
01C000
01C000
01C000
01C000
01C000
01C000
01C000
01C000
01C000
01C000
01C000
01C000
01C000
01C000
01C000
01C000
01C000
01C000
01C000
03C000
038000
1F0000
FE0000
FC0000
7F0000
078000
038000
01C000
01C000
01C000
01C000
01C000
01C000
01C000
01C000
01C000
01C000
01C000
01C000
01C000
01C000
01C000
01C000
01C000
01C000
01C000
01C000
01C000
01C000
01C000
01C000
01C000
01E000
00F000
00FFF0
007FF0
0007E0
ENDCHAR
STARTCHAR bar
ENCODING 124
SWIDTH 244 0
DWIDTH 18 0
BBX 3 67 8 -14
BITMAP
E0
E0
E0
E0
E0
E0
E0
E0
E0
E0
E0
E0
E0
E0
E0
E0
E0
E0
E0
E0
E0
E0
E0
E0
E0
E0
E0
E0
E0
E0
E0
E0
E0
E0
E0
E0
E0
E0
E0
E0
E0
E0
E0
E0
E0
E0
E0
E0
E0
E0
E0
E0
E0
E0
E0
E0
E0
E0
E0
E0
E0
E0
E0
E0
E0
E0
C0
ENDCHAR
STARTCHAR braceright
ENCODING 125
SWIDTH 318 0
DWIDTH 24 0
BBX 20 67 0 -14
BITMAP
FF8000
FFE000
FFF000
00F000
007000
007800
003800
003800
003800
003800
003800
003800
003800
003800
003800
003800
003800
003800
003800
003800
003800
003800
003800
003800
003800
003800
003800
003800
003800
003800
001C00
001F00
0007F0
0003F0
000FE0
001E00
003C00
003800
003800
003800
003800
003800
003800
003800
003800
003800
003800
003800
003800
003800
003800
003800
003800
003800
003800
003800
003800
003800
003800
003800
007800
007800
007000
00F000
FFE000
FFC000
7E0000
ENDCHAR
STARTCHAR asciitilde
ENCODING 126
SWIDTH 600 0
DWIDTH 45 0
BBX 35 9 5 17
BITMAP
07F8000000
1FFE000060
3FFF8000E0
780FE000E0
F003F801E0
E000FE07C0
E0003FFF80
C0000FFF00
000003FC00
ENDCHAR
STARTCHAR uni00A0
ENCODING 160
SWIDTH 246 0
DWIDTH 18 0
BBX 1 1 0 0
BITMAP
00
ENDCHAR
STARTCHAR exclamdown
ENCODING 161
SWIDTH 211 0
DWIDTH 16 0
BBX 6 51 5 -14
BITMAP
20
78
FC
FC
FC
78
00
00
00
00
00
00
20
30
30
30
30
30
30
30
30
30
30
30
30
30
30
70
70
70
70
70
70
70
70
78
78
78
78
78
78
78
78
78
78
78
78
78
78
78
30
ENDCHAR
STARTCHAR cent
ENCODING 162
SWIDTH 600 0
DWIDTH 45 0
BBX 29 55 7 -9
BITMAP
00008000
0001C000
0001C000
0001C000
0001C000
0001C000
0001C000
0001C000
0001C000
0003F800
001FFF00
007FFFC0
01FC0FF0
03E000F8
07C00078
0F000018
1E000000
1E000000
3C000000
38000000
38000000
78000000
70000000
70000000
70000000
F0000000
F0000000
F0000000
F0000000
F0000000
70000000
70000000
70000000
70000000
78000000
38000000
38000000
1C000000
1E000000
0E000000
0F000018
07C00078
03F001F8
01FFBFE0
007FFFC0
001FFE00
0001E000
0001C000
0001C000
0001C000
0001C000
0001C000
0001C000
0001C000
0000C000
ENDCHAR
STARTCHAR sterling
ENCODING 163
SWIDTH 600 0
DWIDTH 45 0
BBX 39 53 3 0
BITMAP
00007FFC00
0001FFFF80
0003FFFFE0
0007C003F0
000F0000FC
001E00003C
001C00001E
003C00000C
0038000000
0038000000
0078000000
0070000000
0070000000
0070000000
0070000000
0070000000
0070000000
0070000000
0070000000
0070000000
0070000000
0070000000
0070000000
0070000000
0070000000
7FFFFFE000
FFFFFFE000
7FFFFFE000
0070000000
0070000000
0070000000
0070000000
0070000000
0070000000
0070000000
0070000000
0070000000
0070000000
0070000000
0070000000
0070000000
0070000000
0070000000
0070000000
0070000000
0070000000
0070000000
0070000000
0070000000
0070000000
7FFFFFFFFC
FFFFFFFFFC
7FFFFFFFFC
ENDCHAR
STARTCHAR currency
ENCODING 164
SWIDTH 600 0
DWIDTH 45 0
BBX 39 39 3 -1
BITMAP
600000001C
F000FF003E
F807FFE07C
7C1FFFF8FC
3E7F83FCF8
1FFC007FF0
0FF0001FE0
07E0000FC0
07C00007C0
0F800003E0
0F000001E0
1E000000F0
1E000000F0
1C00000078
3C00000078
3C00000078
3800000038
3800000038
380000003C
380000003C
380000003C
3800000038
3800000038
3C00000078
3C00000078
3C00000078
1E000000F0
1E000000F0
0F000001E0
0F000001E0
07800003C0
07C00007C0
0FF0001FE0
1FF8003FF0
3F7F01FDF8
7E3FFFF8FC
FC0FFFE07C
F801FF803E
700000001C
ENDCHAR
STARTCHAR yen
ENCODING 165
SWIDTH 600 0
DWIDTH 45 0
BBX 43 53 1 0
BITMAP
E000000000E0
7000000001E0
7800000003C0
3C0000000780
1C0000000700
1E0000000F00
0F0000001E00
078000003C00
038000003800
03C000007800
01E00000F000
00F00000E000
00700001E000
00780003C000
003C00078000
001C00070000
000E000F0000
000F001E0000
0007803C0000
000380380000
0003C0780000
0001E0F00000
0000F1E00000
000071C00000
00007BC00000
0FFFFFFFFE00
0FFFFFFFFE00
03FFFFFFF800
00000E000000
00000E000000
00000E000000
00000E000000
00000E000000
00000E000000
00000E000000
00000E000000
07FFFFFFFC00
0FFFFFFFFE00
07FFFFFFFC00
00000E000000
00000E000000
00000E000000
00000E000000
00000E000000
00000E000000
00000E000000
00000E000000
00000E000000
00000E000000
00000E000000
00000E000000
00000E000000
00000E000000
ENDCHAR
STARTCHAR brokenbar
ENCODING 166
SWIDTH 244 0
DWIDTH 18 0
BBX 3 67 8 -14
BITMAP
E0
E0
E0
E0
E0
E0
E0
E0
E0
E0
E0
E0
E0
E0
E0
E0
E0
E0
E0
E0
E0
E0
E0
E0
E0
40
00
00
00
00
00
00
00
00
00
00
00
00
00
00
00
C0
E0
E0
E0
E0
E0
E0
E0
E0
E0
E0
E0
E0
E0
E0
E0
E0
E0
E0
E0
E0
E0
E0
E0
E0
C0
ENDCHAR
STARTCHAR section
ENCODING 167
SWIDTH 523 0
DWIDTH 39 0
BBX 32 67 4 -14
BITMAP
000FFF00
007FFFC0
00FFFFF0
03F001FC
07C0003E
0780001E
0F000004
0E000000
1E000000
1C000000
1C000000
1C000000
1C000000
1C000000
1C000000
1C000000
1E000000
1E000000
1F000000
3F800000
3FC00000
73E00000
71F80000
E07E0000
E03F8000
E00FE000
E003F800
E000FE00
E0003F80
E0000FC0
E00003F0
F00000F8
7800007C
7C00003C
3E00001E
1F00000E
0FC0000E
07F0000E
01FC000F
007F0007
001FC00F
0007F00E
0001FC0E
00007E0E
00001F1C
0000079C
000003F8
000001F8
000000F0
000000F0
00000070
00000070
00000078
00000078
00000078
00000078
00000070
00000070
000000F0
000000F0
C00001E0
F00003C0
F8000780
7F003F00
3FFFFE00
07FFF800
00FFE000
ENDCHAR
STARTCHAR dieresis
ENCODING 168
SWIDTH 428 0
DWIDTH 32 0
BBX 18 5 7 46
BITMAP
780780
7807C0
FC07C0
780780
300300
ENDCHAR
STARTCHAR copyright
ENCODING 169
SWIDTH 815 0
DWIDTH 61 0
BBX 54 54 4 -1
BITMAP
00001FFFC00000
0000FFFFF80000
0003FF03FE0000
000FE0001F8000
001F000007E000
007C000001F000
00F00000007800
01E00000003C00
03C00000001E00
07800000000F00
07000070000780
0E0007FF800380
1E001FFFE001C0
1C003F03F801C0
3800F8007C00E0
3800F0001C00E0
7001E000080070
7003C000000070
70038000000030
E0078000000038
E0070000000038
E0070000000038
E0070000000018
C00F0000000018
C00E000000001C
C00E000000001C
C00E000000001C
C00E000000001C
C00E000000001C
C00F0000000018
E0070000000018
E0070000000038
E0070000000038
E0078000000038
70038000000030
7003C000000070
7001E000080070
3800F0001C00E0
3800F8007C00E0
1C003F03F801C0
1C001FFFE001C0
0E0007FF800380
0700007C000780
07800000000F00
03C00000001E00
01E00000003C00
00F00000007800
007C000001F000
003F000007E000
000FC0001F8000
0003FC01FF0000
0000FFFFF80000
00001FFFC00000
000000F0000000
ENDCHAR
STARTCHAR ordfeminine
ENCODING 170
SWIDTH 316 0
DWIDTH 24 0
BBX 19 22 2 31
BITMAP
0FFE00
3FFF00
3C0780
2001C0
0001C0
0000C0
0000C0
0000E0
0000E0
01FFE0
0FFFE0
3F80E0
7800E0
7000E0
E000E0
E001E0
E001E0
7003E0
7006E0
3E3EE0
1FFCE0
07F0C0
ENDCHAR
STARTCHAR guillemotleft
ENCODING 171
SWIDTH 394 0
DWIDTH 30 0
BBX 21 26 4 7
BITMAP
018018
01C018
038038
038078
070070
0F00F0
0E00E0
1E01E0
1C03C0
3C03C0
780780
780780
F00F00
F00F00
780700
780780
3C0380
1C03C0
1E01C0
0E00E0
0F00E0
070070
078078
038038
01C038
018018
ENDCHAR
STARTCHAR logicalnot
ENCODING 172
SWIDTH 600 0
DWIDTH 45 0
BBX 37 20 4 11
BITMAP
7FFFFFFFF0
FFFFFFFFF8
FFFFFFFFF8
0000000038
0000000038
0000000038
0000000038
0000000038
0000000038
0000000038
0000000038
0000000038
0000000038
0000000038
0000000038
0000000038
0000000038
0000000038
0000000038
0000000010
ENDCHAR
STARTCHAR uni00AD
ENCODING 173
SWIDTH 416 0
DWIDTH 31 0
BBX 21 3 5 18
BITMAP
FFFFF8
FFFFF8
3FFFF0
ENDCHAR
STARTCHAR registered
ENCODING 174
SWIDTH 815 0
DWIDTH 61 0
BBX 54 54 4 -1
BITMAP
00001FFFC00000
0000FFFFF80000
0003FF03FE0000
000FE0001F8000
001F000007E000
007C000001F000
00F00000007800
01E00000003C00
03C00000001E00
07800000000F00
07000000000780
0E007FFF800380
1E00FFFFE001C0
1C00FFFFF801C0
3800F0007800E0
3800F0003C00E0
7000F0001C0070
7000F0001E0070
7000F0000E0030
E000F0000E0038
E000F0000E0038
E000F0001E0038
E000F0001C0018
C000F0001C0018
C000F0003C001C
C000F000F8001C
C000FFFFF0001C
C000FFFFC0001C
C000FFFF00001C
C000F007800018
E000F001C00018
E000F001E00038
E000F000E00038
E000F000F00038
7000F000700030
7000F000700070
7000F000380070
3800F0003800E0
3800F0003C00E0
1C00F0001C01C0
1C00F0001C01C0
0E00F0000E0380
070060000C0780
07800000000F00
03C00000001E00
01E00000003C00
00F00000007800
007C000001F000
003F000007E000
000FC0001F8000
0003FC01FF0000
0000FFFFF80000
00001FFFC00000
000000F0000000
ENDCHAR
STARTCHAR macron
ENCODING 175
SWIDTH 480 0
DWIDTH 36 0
BBX 22 3 7 47
BITMAP
7FFFF8
FFFFFC
3FFFF0
ENDCHAR
STARTCHAR degree
ENCODING 176
SWIDTH 364 0
DWIDTH 27 0
BBX 21 21 3 32
BITMAP
03FE00
0FFF80
1FFFC0
3E03E0
3C00F0
780070
700078
F00038
E00038
E00038
E00038
E00038
F00038
700078
700070
7800F0
3C01E0
1F07C0
0FFF80
07FF00
00F800
ENDCHAR
STARTCHAR plusminus
ENCODING 177
SWIDTH 600 0
DWIDTH 45 0
BBX 37 40 4 0
BITMAP
0000700000
0000700000
0000700000
0000700000
0000700000
0000700000
0000700000
0000700000
0000700000
0000700000
0000700000
0000700000
0000700000
0000700000
7FFFFFFFF0
FFFFFFFFF8
FFFFFFFFF8
0000700000
0000700000
0000700000
0000700000
0000700000
0000700000
0000700000
0000700000
0000700000
0000700000
0000700000
0000700000
0000700000
0000700000
0000200000
0000000000
0000000000
0000000000
0000000000
0000000000
FFFFFFFFF8
FFFFFFFFF8
FFFFFFFFF8
ENDCHAR
STARTCHAR uni00B2
ENCODING 178
SWIDTH 380 0
DWIDTH 29 0
BBX 22 32 3 21
BITMAP
01FE00
0FFF80
3FFFC0
7E03E0
F800E0
6000F0
000070
000070
000070
000070
000070
0000F0
0000E0
0000E0
0001C0
0003C0
000780
000700
000E00
001E00
003C00
007800
00F000
01E000
03C000
078000
0F0000
0E0000
1C0000
3FFFF8
7FFFFC
3FFFFC
ENDCHAR
STARTCHAR uni00B3
ENCODING 179
SWIDTH 380 0
DWIDTH 29 0
BBX 21 32 3 21
BITMAP
01FE00
0FFF80
3FFFC0
7E03E0
F800E0
6000F0
000070
000070
000070
000070
000070
0000F0
0000E0
0003C0
003F80
0FFF00
07FF80
000FE0
0001F0
000070
000078
000038
000038
000038
000038
000038
600078
F000F0
7C01F0
3FFFE0
0FFF80
03FE00
ENDCHAR
STARTCHAR acute
ENCODING 180
SWIDTH 338 0
DWIDTH 25 0
BBX 11 16 7 41
BITMAP
00C0
01E0
01E0
03C0
03C0
0780
0700
0F00
0E00
1C00
1C00
3800
3800
7000
6000
E000
ENDCHAR
STARTCHAR uni00B5
ENCODING 181
SWIDTH 600 0
DWIDTH 45 0
BBX 29 51 8 -14
BITMAP
60000030
F0000038
F0000038
F0000038
F0000038
F0000038
F0000038
F0000038
F0000038
F0000038
F0000038
F0000038
F0000038
F0000038
F0000038
F0000038
F0000038
F0000038
F0000038
F0000038
F0000038
F0000038
F0000078
F0000078
F0000078
F0000078
F0000078
F00000F8
F00000F8
F00001F8
F80001F8
FC0003B8
FE000F38
FF003E38
EFFBFC38
E7FFF838
E1FFE038
E00E0000
E0000000
E0000000
E0000000
E0000000
E0000000
E0000000
E0000000
E0000000
F0000000
F0000000
F0000000
F0000000
60000000
ENDCHAR
STARTCHAR paragraph
ENCODING 182
SWIDTH 556 0
DWIDTH 42 0
BBX 31 67 4 -14
BITMAP
001FFFFC
01FFFFFC
03FFFFFE
0FFF801E
1FFF801E
1FFF801E
3FFF801E
7FFF801E
7FFF801E
7FFF801E
FFFF801E
FFFF801E
FFFF801E
FFFF801E
FFFF801E
FFFF801E
FFFF801E
FFFF801E
7FFF801E
7FFF801E
7FFF801E
3FFF801E
1FFF801E
1FFF801E
0FFF801E
03FF801E
01FF801E
001F801E
0003801E
0003801E
0003801E
0003801E
0003801E
0003801E
0003801E
0003801E
0003801E
0003801E
0003801E
0003801E
0003801E
0003801E
0003801E
0003801E
0003801E
0003801E
0003801E
0003801E
0003801E
0003801E
0003801E
0003801E
0003801E
0003801E
0003801E
0003801E
0003801E
0003801E
0003801E
0003801E
0003801E
0003801E
0003801E
0003801E
0003801E
0003801C
0003800C
ENDCHAR
STARTCHAR periodcentered
ENCODING 183
SWIDTH 211 0
DWIDTH 16 0
BBX 6 6 5 17
BITMAP
30
78
FC
FC
F8
78
ENDCHAR
STARTCHAR cedilla
ENCODING 184
SWIDTH 386 0
DWIDTH 29 0
BBX 13 16 8 -14
BITMAP
0E00
0C00
1C00
1C00
1C00
1D00
1FE0
1FF8
1038
0038
0038
0038
0078
FBF0
FFE0
7FC0
ENDCHAR
STARTCHAR uni00B9
ENCODING 185
SWIDTH 380 0
DWIDTH 29 0
BBX 17 32 7 21
BITMAP
00C000
03C000
07C000
1FC000
3EC000
78C000
F0C000
40C000
00C000
00C000
00C000
00C000
00C000
00C000
00C000
00C000
00C000
00C000
00C000
00C000
00C000
00C000
00C000
00C000
00C000
00C000
00C000
00C000
00C000
7FFF00
7FFF80
7FFF00
ENDCHAR
STARTCHAR ordmasculine
ENCODING 186
SWIDTH 326 0
DWIDTH 24 0
BBX 21 22 2 31
BITMAP
03FE00
0FFF00
1E0380
3801C0
7000E0
700060
600070
E00070
E00030
E00030
E00038
E00030
E00030
E00030
E00070
600070
7000E0
3800E0
3C01C0
1F0F80
07FF00
01FC00
ENDCHAR
STARTCHAR guillemotright
ENCODING 187
SWIDTH 394 0
DWIDTH 30 0
BBX 21 26 4 7
BITMAP
400400
E00E00
F00E00
700700
780780
380380
3C03C0
1C01C0
1E01E0
0F00E0
0F00F0
078078
038078
038078
078078
0700F0
0F00F0
0E01E0
1E01C0
1C03C0
380380
780780
700700
F00F00
E00E00
C00C00
ENDCHAR
STARTCHAR onequarter
ENCODING 188
SWIDTH 877 0
DWIDTH 66 0
BBX 57 55 7 -1
BITMAP
0000000000700000
00C0000000700000
03C0000000E00000
07C0000000E00000
1FC0000001C00000
3EC0000001C00000
78C0000003800000
F0C0000007800000
40C0000007000000
00C000000E000000
00C000000E000000
00C000001C000000
00C000001C000000
00C0000038000000
00C0000078000000
00C0000070000000
00C00000E0000000
00C00000E0000000
00C00001C0000000
00C00003C0000000
00C0000380000000
00C0000700000000
00C0000700006000
00C0000E0000E000
00C0000E0001E000
00C0001C0001E000
00C0003C0003E000
00C000380007E000
00C000700007E000
00C00070000EE000
7FFF00E0001CE000
7FFF80E0001CE000
7FFF01C00038E000
000003C00070E000
000003800070E000
0000070000E0E000
0000070001C0E000
00000E0001C0E000
00001E000380E000
00001C000700E000
000038000F00E000
000038000E00E000
000070001C00E000
000070003800E000
0000E0003FFFFF00
0001E0003FFFFF80
0001C0003FFFFF00
000380000000E000
000380000000E000
000700000000E000
000700000000E000
000E00000000E000
001E00000000E000
001C000000006000
0018000000000000
ENDCHAR
STARTCHAR onehalf
ENCODING 189
SWIDTH 917 0
DWIDTH 69 0
BBX 58 55 7 -1
BITMAP
0000000000700000
00C0000000700000
03C0000000E00000
07C0000000E00000
1FC0000001C00000
3EC0000001C00000
78C0000003800000
F0C0000007800000
40C0000007000000
00C000000E000000
00C000000E000000
00C000001C000000
00C000001C000000
00C0000038000000
00C0000078000000
00C0000070000000
00C00000E0000000
00C00000E0000000
00C00001C0000000
00C00003C0000000
00C0000380000000
00C0000700000000
00C00007001FE000
00C0000E00FFF800
00C0000E01FFFC00
00C0001C07E03E00
00C0003C07800E00
00C0003807000F00
00C0007000000700
00C0007000000700
7FFF00E000000700
7FFF80E000000700
7FFF01C000000700
000003C000000700
0000038000000F00
0000070000000E00
0000070000001E00
00000E0000003C00
00001E0000003800
00001C0000007800
000038000000F000
000038000001E000
000070000003C000
0000700000078000
0000E000000F0000
0001E000001E0000
0001C000001C0000
0003800000380000
0003800000700000
0007000000E00000
0007000001C00000
000E000003FFFFC0
001E000003FFFFC0
001C000003FFFFC0
0018000000000000
ENDCHAR
STARTCHAR threequarters
ENCODING 190
SWIDTH 877 0
DWIDTH 66 0
BBX 61 55 3 -1
BITMAP
0000000000070000
01FE000000070000
0FFF8000000E0000
3FFFC000000E0000
7E03E000001C0000
F800E000001C0000
6000F00000380000
0000700000780000
0000700000700000
0000700000E00000
0000700000E00000
0000700001C00000
0000F00001C00000
0000E00003800000
0003C00007800000
003F800007000000
0FFF00000E000000
07FF80000E000000
000FE0001C000000
0001F0003C000000
0000700038000000
0000780070000000
0000380070000600
00003800E0000E00
00003800E0001E00
00003801C0001E00
00003803C0003E00
6000780380007E00
F000F00700007E00
7C01F0070000EE00
3FFFE00E0001CE00
0FFF800E0001CE00
03FE001C00038E00
0000003C00070E00
0000003800070E00
00000070000E0E00
00000070001C0E00
000000E0001C0E00
000001E000380E00
000001C000700E00
0000038000F00E00
0000038000E00E00
0000070001C00E00
0000070003800E00
00000E0003FFFFF0
00001E0003FFFFF8
00001C0003FFFFF0
0000380000000E00
0000380000000E00
0000700000000E00
0000700000000E00
0000E00000000E00
0001E00000000E00
0001C00000000600
0001800000000000
ENDCHAR
STARTCHAR questiondown
ENCODING 191
SWIDTH 429 0
DWIDTH 32 0
BBX 30 51 2 -14
BITMAP
00010000
0007C000
0007C000
0007C000
0007C000
00038000
00000000
00000000
00000000
00000000
00000000
00000000
00010000
00038000
00038000
00038000
00030000
00030000
00070000
00070000
000F0000
000E0000
001E0000
003C0000
00380000
00780000
00F00000
01E00000
03C00000
07800000
0F000000
0E000000
1E000000
3C000000
38000000
78000000
70000000
70000000
70000000
F0000000
F0000000
F0000000
7000000C
7000001C
7800007C
3C0000F8
3E0003F0
1FC03FC0
0FFFFF80
03FFFC00
007FE000
ENDCHAR
STARTCHAR Agrave
ENCODING 192
SWIDTH 716 0
DWIDTH 54 0
BBX 48 71 3 0
BITMAP
000100000000
000380000000
0003C0000000
0003C0000000
0001E0000000
0000F0000000
000070000000
000038000000
00003C000000
00001C000000
00000E000000
000007000000
000003800000
000003000000
000000000000
000000000000
000000000000
000000000000
000003800000
000003C00000
000007C00000
000007E00000
00000FE00000
00000EF00000
00000E700000
00001C700000
00001C380000
00003C380000
0000381C0000
0000781C0000
0000701E0000
0000700E0000
0000E00F0000
0000E0070000
0001E0070000
0001C0078000
0003C0038000
00038003C000
00038001C000
00070001E000
00070000E000
000F0000E000
000E0000F000
001E00007000
001C00007800
001C00003800
003C00003C00
003800001C00
007800001C00
007000001E00
00F000000E00
00E000000F00
00E000000700
01FFFFFFFF80
01FFFFFFFF80
03FFFFFFFF80
0380000003C0
0780000001C0
0700000001E0
0700000000E0
0E00000000F0
0E0000000070
1E0000000070
1C0000000078
3C0000000038
38000000003C
38000000001C
70000000001E
70000000000E
F0000000000E
E00000000007
ENDCHAR
STARTCHAR Aacute
ENCODING 193
SWIDTH 716 0
DWIDTH 54 0
BBX 48 71 3 0
BITMAP
000000008000
00000001C000
00000003C000
000000038000
000000078000
0000000F0000
0000001E0000
0000001C0000
000000380000
000000780000
000000700000
000000E00000
000001C00000
000001800000
000000000000
000000000000
000000000000
000000000000
000003800000
000003C00000
000007C00000
000007E00000
00000FE00000
00000EF00000
00000E700000
00001C700000
00001C380000
00003C380000
0000381C0000
0000781C0000
0000701E0000
0000700E0000
0000E00F0000
0000E0070000
0001E0070000
0001C0078000
0003C0038000
00038003C000
00038001C000
00070001E000
00070000E000
000F0000E000
000E0000F000
001E00007000
001C00007800
001C00003800
003C00003C00
003800001C00
007800001C00
007000001E00
00F000000E00
00E000000F00
00E000000700
01FFFFFFFF80
01FFFFFFFF80
03FFFFFFFF80
0380000003C0
0780000001C0
0700000001E0
0700000000E0
0E00000000F0
0E0000000070
1E0000000070
1C0000000078
3C0000000038
38000000003C
38000000001C
70000000001E
70000000000E
F0000000000E
E00000000007
ENDCHAR
STARTCHAR Acircumflex
ENCODING 194
SWIDTH 716 0
DWIDTH 54 0
BBX 48 71 3 0
BITMAP
000001000000
000003C00000
000007E00000
00000FF00000
00000E700000
00001C780000
00003C3C0000
0000781C0000
0000700E0000
0000E0070000
0001C0078000
0001C0038000
00038001C000
00030000C000
000000000000
000000000000
000000000000
000000000000
000003800000
000003C00000
000007C00000
000007E00000
00000FE00000
00000EF00000
00000E700000
00001C700000
00001C380000
00003C380000
0000381C0000
0000781C0000
0000701E0000
0000700E0000
0000E00F0000
0000E0070000
0001E0070000
0001C0078000
0003C0038000
00038003C000
00038001C000
00070001E000
00070000E000
000F0000E000
000E0000F000
001E00007000
001C00007800
001C00003800
003C00003C00
003800001C00
007800001C00
007000001E00
00F000000E00
00E000000F00
00E000000700
01FFFFFFFF80
01FFFFFFFF80
03FFFFFFFF80
0380000003C0
0780000001C0
0700000001E0
0700000000E0
0E00000000F0
0E0000000070
1E0000000070
1C0000000078
3C0000000038
38000000003C
38000000001C
70000000001E
70000000000E
F0000000000E
E00000000007
ENDCHAR
STARTCHAR Atilde
ENCODING 195
SWIDTH 716 0
DWIDTH 54 0
BBX 48 69 3 0
BITMAP
0000C0000C00
0007F8000E00
000FFE000C00
001E1F001C00
001C07C01C00
003803E03800
003000F8F000
0070007FF000
0070001FC000
002000000000
000000000000
000000000000
000000000000
000000000000
000000000000
000000000000
000003800000
000003C00000
000007C00000
000007E00000
00000FE00000
00000EF00000
00000E700000
00001C700000
00001C380000
00003C380000
0000381C0000
0000781C0000
0000701E0000
0000700E0000
0000E00F0000
0000E0070000
0001E0070000
0001C0078000
0003C0038000
00038003C000
00038001C000
00070001E000
00070000E000
000F0000E000
000E0000F000
001E00007000
001C00007800
001C00003800
003C00003C00
003800001C00
007800001C00
007000001E00
00F000000E00
00E000000F00
00E000000700
01FFFFFFFF80
01FFFFFFFF80
03FFFFFFFF80
0380000003C0
0780000001C0
0700000001E0
0700000000E0
0E00000000F0
0E0000000070
1E0000000070
1C0000000078
3C0000000038
38000000003C
38000000001C
70000000001E
70000000000E
F0000000000E
E00000000007
ENDCHAR
STARTCHAR Adieresis
ENCODING 196
SWIDTH 716 0
DWIDTH 54 0
BBX 48 66 3 0
BITMAP
0000F00F0000
0001F00F0000
0001F01F0000
0000F00F0000
000060060000
000000000000
000000000000
000000000000
000000000000
000000000000
000000000000
000000000000
000000000000
000003800000
000003C00000
000007C00000
000007E00000
00000FE00000
00000EF00000
00000E700000
00001C700000
00001C380000
00003C380000
0000381C0000
0000781C0000
0000701E0000
0000700E0000
0000E00F0000
0000E0070000
0001E0070000
0001C0078000
0003C0038000
00038003C000
00038001C000
00070001E000
00070000E000
000F0000E000
000E0000F000
001E00007000
001C00007800
001C00003800
003C00003C00
003800001C00
007800001C00
007000001E00
00F000000E00
00E000000F00
00E000000700
01FFFFFFFF80
01FFFFFFFF80
03FFFFFFFF80
0380000003C0
0780000001C0
0700000001E0
0700000000E0
0E00000000F0
0E0000000070
1E0000000070
1C0000000078
3C0000000038
38000000003C
38000000001C
70000000001E
70000000000E
F0000000000E
E00000000007
ENDCHAR
STARTCHAR Aring
ENCODING 197
SWIDTH 716 0
DWIDTH 54 0
BBX 48 74 3 0
BITMAP
000001000000
00000FF00000
00003FF80000
0000781C0000
0000700E0000
0000E0070000
0000C0070000
0000C0030000
0000C0030000
0000C0030000
0000C0030000
0000E0070000
0000E00E0000
0000701E0000
00003EFC0000
00001FF80000
000007E00000
000000000000
000000000000
000000000000
000000000000
000003800000
000003C00000
000007C00000
000007E00000
00000FE00000
00000EF00000
00000E700000
00001C700000
00001C380000
00003C380000
0000381C0000
0000781C0000
0000701E0000
0000700E0000
0000E00F0000
0000E0070000
0001E0070000
0001C0078000
0003C0038000
00038003C000
00038001C000
00070001E000
00070000E000
000F0000E000
000E0000F000
001E00007000
001C00007800
001C00003800
003C00003C00
003800001C00
007800001C00
007000001E00
00F000000E00
00E000000F00
00E000000700
01FFFFFFFF80
01FFFFFFFF80
03FFFFFFFF80
0380000003C0
0780000001C0
0700000001E0
0700000000E0
0E00000000F0
0E0000000070
1E0000000070
1C0000000078
3C0000000038
38000000003C
38000000001C
70000000001E
70000000000E
F0000000000E
E00000000007
ENDCHAR
STARTCHAR AE
ENCODING 198
SWIDTH 971 0
DWIDTH 73 0
BBX 69 53 1 0
BITMAP
00000001FFFFFFFFF0
00000003FFFFFFFFF8
00000007FFFFFFFFF0
00000007C000000000
0000000EE000000000
0000001EE000000000
0000001CE000000000
0000003CE000000000
00000038E000000000
000000707000000000
000000F07000000000
000000E07000000000
000001E07000000000
000001C03800000000
000003C03800000000
000007803800000000
000007003800000000
00000F003800000000
00000E001C00000000
00001E001C00000000
00001C001C00000000
000038001C00000000
000078001C00000000
000070000E00000000
0000F0000E00000000
0000E0000FFFFFFFE0
0001C0000FFFFFFFE0
0003C0000FFFFFFFC0
000380000700000000
000780000700000000
000700000700000000
000E00000700000000
001E00000380000000
001C00000380000000
003C00000380000000
003FFFFFFF80000000
007FFFFFFF80000000
00FFFFFFFFC0000000
00E0000001C0000000
01E0000001C0000000
01C0000001C0000000
03C0000001C0000000
0780000000E0000000
0700000000E0000000
0F00000000E0000000
0E00000000E0000000
1E00000000E0000000
3C0000000070000000
380000000070000000
780000000070000000
70000000007FFFFFF0
F0000000003FFFFFF8
E0000000003FFFFFF0
ENDCHAR
STARTCHAR Ccedilla
ENCODING 199
SWIDTH 667 0
DWIDTH 50 0
BBX 41 67 5 -14
BITMAP
0000FFFE0000
0007FFFFC000
001FFFFFF000
003F8003FC00
007C00007E00
01F000001F00
03E000000780
03C000000380
078000000180
0F0000000000
0E0000000000
1E0000000000
1C0000000000
3C0000000000
380000000000
780000000000
780000000000
700000000000
700000000000
700000000000
F00000000000
F00000000000
F00000000000
F00000000000
E00000000000
E00000000000
E00000000000
E00000000000
E00000000000
E00000000000
F00000000000
F00000000000
F00000000000
700000000000
700000000000
700000000000
780000000000
780000000000
380000000000
3C0000000000
1C0000000000
1E0000000000
0E0000000000
0F0000000000
078000000100
03C000000380
03E000000780
01F000001F00
00FC00007E00
003F0001FC00
001FFEFFF000
0007FFFFC000
0000FFFF0000
000003800000
000003000000
000007000000
000007400000
000007FC0000
000007FE0000
0000020E0000
000000070000
000000070000
000000070000
0000000E0000
00003F7E0000
00003FFC0000
00001FF00000
ENDCHAR
STARTCHAR Egrave
ENCODING 200
SWIDTH 570 0
DWIDTH 43 0
BBX 32 71 7 0
BITMAP
00800000
01C00000
01E00000
01E00000
00F00000
00780000
00380000
001C0000
001E0000
000F0000
00070000
00038000
0001C000
00008000
00000000
00000000
00000000
00000000
7FFFFFFF
FFFFFFFF
FFFFFFFF
E0000000
E0000000
E0000000
E0000000
E0000000
E0000000
E0000000
E0000000
E0000000
E0000000
E0000000
E0000000
E0000000
E0000000
E0000000
E0000000
E0000000
E0000000
E0000000
E0000000
E0000000
E0000000
FFFFFFFE
FFFFFFFE
FFFFFFFC
E0000000
E0000000
E0000000
E0000000
E0000000
E0000000
E0000000
E0000000
E0000000
E0000000
E0000000
E0000000
E0000000
E0000000
E0000000
E0000000
E0000000
E0000000
E0000000
E0000000
E0000000
E0000000
FFFFFFFF
FFFFFFFF
7FFFFFFF
ENDCHAR
STARTCHAR Eacute
ENCODING 201
SWIDTH 570 0
DWIDTH 43 0
BBX 32 71 7 0
BITMAP
00000040
000000E0
000001E0
000001E0
000003C0
00000780
00000700
00000E00
00001E00
00003C00
00003800
00007000
0000E000
00004000
00000000
00000000
00000000
00000000
7FFFFFFF
FFFFFFFF
FFFFFFFF
E0000000
E0000000
E0000000
E0000000
E0000000
E0000000
E0000000
E0000000
E0000000
E0000000
E0000000
E0000000
E0000000
E0000000
E0000000
E0000000
E0000000
E0000000
E0000000
E0000000
E0000000
E0000000
FFFFFFFE
FFFFFFFE
FFFFFFFC
E0000000
E0000000
E0000000
E0000000
E0000000
E0000000
E0000000
E0000000
E0000000
E0000000
E0000000
E0000000
E0000000
E0000000
E0000000
E0000000
E0000000
E0000000
E0000000
E0000000
E0000000
E0000000
FFFFFFFF
FFFFFFFF
7FFFFFFF
ENDCHAR
STARTCHAR Ecircumflex
ENCODING 202
SWIDTH 570 0
DWIDTH 43 0
BBX 32 71 7 0
BITMAP
00008000
0001E000
0003F000
0007F800
00073800
000F3C00
001E1E00
003C0F00
00380700
00700380
00E001C0
00E001C0
01C000E0
01800060
00000000
00000000
00000000
00000000
7FFFFFFF
FFFFFFFF
FFFFFFFF
E0000000
E0000000
E0000000
E0000000
E0000000
E0000000
E0000000
E0000000
E0000000
E0000000
E0000000
E0000000
E0000000
E0000000
E0000000
E0000000
E0000000
E0000000
E0000000
E0000000
E0000000
E0000000
FFFFFFFE
FFFFFFFE
FFFFFFFC
E0000000
E0000000
E0000000
E0000000
E0000000
E0000000
E0000000
E0000000
E0000000
E0000000
E0000000
E0000000
E0000000
E0000000
E0000000
E0000000
E0000000
E0000000
E0000000
E0000000
E0000000
E0000000
FFFFFFFF
FFFFFFFF
7FFFFFFF
ENDCHAR
STARTCHAR Edieresis
ENCODING 203
SWIDTH 570 0
DWIDTH 43 0
BBX 32 66 7 0
BITMAP
00780780
00780780
00F807C0
00780780
00300300
00000000
00000000
00000000
00000000
00000000
00000000
00000000
00000000
7FFFFFFF
FFFFFFFF
FFFFFFFF
E0000000
E0000000
E0000000
E0000000
E0000000
E0000000
E0000000
E0000000
E0000000
E0000000
E0000000
E0000000
E0000000
E0000000
E0000000
E0000000
E0000000
E0000000
E0000000
E0000000
E0000000
E0000000
FFFFFFFE
FFFFFFFE
FFFFFFFC
E0000000
E0000000
E0000000
E0000000
E0000000
E0000000
E0000000
E0000000
E0000000
E0000000
E0000000
E0000000
E0000000
E0000000
E0000000
E0000000
E0000000
E0000000
E0000000
E0000000
E0000000
E0000000
FFFFFFFF
FFFFFFFF
7FFFFFFF
ENDCHAR
STARTCHAR Igrave
ENCODING 204
SWIDTH 234 0
DWIDTH 18 0
BBX 12 71 -2 0
BITMAP
2000
F000
7000
7800
3C00
1E00
0E00
0F00
0780
0380
01C0
00E0
00E0
0060
0000
0000
0000
0000
0070
0070
0070
0070
0070
0070
0070
0070
0070
0070
0070
0070
0070
0070
0070
0070
0070
0070
0070
0070
0070
0070
0070
0070
0070
0070
0070
0070
0070
0070
0070
0070
0070
0070
0070
0070
0070
0070
0070
0070
0070
0070
0070
0070
0070
0070
0070
0070
0070
0070
0070
0070
0070
ENDCHAR
STARTCHAR Iacute
ENCODING 205
SWIDTH 234 0
DWIDTH 18 0
BBX 12 71 7 0
BITMAP
0020
0070
00F0
01E0
01E0
03C0
0780
0700
0E00
1E00
1C00
3800
7000
6000
0000
0000
0000
0000
E000
E000
E000
E000
E000
E000
E000
E000
E000
E000
E000
E000
E000
E000
E000
E000
E000
E000
E000
E000
E000
E000
E000
E000
E000
E000
E000
E000
E000
E000
E000
E000
E000
E000
E000
E000
E000
E000
E000
E000
E000
E000
E000
E000
E000
E000
E000
E000
E000
E000
E000
E000
E000
ENDCHAR
STARTCHAR Icircumflex
ENCODING 206
SWIDTH 234 0
DWIDTH 18 0
BBX 21 71 -2 0
BITMAP
002000
007800
00FC00
01FC00
03DE00
038F00
078780
0F0380
0E01C0
1C00E0
3800E0
700070
700038
E00018
000000
000000
000000
000000
007000
007000
007000
007000
007000
007000
007000
007000
007000
007000
007000
007000
007000
007000
007000
007000
007000
007000
007000
007000
007000
007000
007000
007000
007000
007000
007000
007000
007000
007000
007000
007000
007000
007000
007000
007000
007000
007000
007000
007000
007000
007000
007000
007000
007000
007000
007000
007000
007000
007000
007000
007000
007000
ENDCHAR
STARTCHAR Idieresis
ENCODING 207
SWIDTH 234 0
DWIDTH 18 0
BBX 17 66 0 0
BITMAP
780780
F80F80
F80F80
F80780
300300
000000
000000
000000
000000
000000
000000
000000
000000
01C000
01C000
01C000
01C000
01C000
01C000
01C000
01C000
01C000
01C000
01C000
01C000
01C000
01C000
01C000
01C000
01C000
01C000
01C000
01C000
01C000
01C000
01C000
01C000
01C000
01C000
01C000
01C000
01C000
01C000
01C000
01C000
01C000
01C000
01C000
01C000
01C000
01C000
01C000
01C000
01C000
01C000
01C000
01C000
01C000
01C000
01C000
01C000
01C000
01C000
01C000
01C000
01C000
ENDCHAR
STARTCHAR Eth
ENCODING 208
SWIDTH 725 0
DWIDTH 54 0
BBX 49 53 0 0
BITMAP
00FFFFF8000000
01FFFFFFC00000
01FFFFFFF00000
01C00007FC0000
01C000007F0000
01C000001F8000
01C0000007C000
01C0000001E000
01C0000000F000
01C00000007800
01C00000003C00
01C00000003C00
01C00000001E00
01C00000001E00
01C00000000E00
01C00000000F00
01C00000000700
01C00000000700
01C00000000780
01C00000000780
01C00000000380
01C00000000380
01C00000000380
01C00000000380
01C00000000380
FFFFFFC0000380
FFFFFFC0000380
7FFFFF00000380
01C00000000380
01C00000000380
01C00000000380
01C00000000380
01C00000000380
01C00000000780
01C00000000780
01C00000000700
01C00000000700
01C00000000F00
01C00000000E00
01C00000001E00
01C00000001E00
01C00000003C00
01C00000003C00
01C00000007800
01C0000000F000
01C0000001E000
01C0000007C000
01C000000F8000
01C000007F0000
01C00003FC0000
01FFFFFFF00000
01FFFFFFC00000
00FFFFFC000000
ENDCHAR
STARTCHAR Ntilde
ENCODING 209
SWIDTH 732 0
DWIDTH 55 0
BBX 41 69 7 0
BITMAP
000E00006000
003FC0006000
007FF000E000
00F1F800E000
01C07C01C000
01801F03C000
03800FC78000
038003FF0000
030001FE0000
030000000000
000000000000
000000000000
000000000000
000000000000
000000000000
000000000000
E00000000380
F00000000380
F80000000380
F80000000380
FC0000000380
FE0000000380
EF0000000380
E70000000380
E78000000380
E3C000000380
E1C000000380
E0E000000380
E0F000000380
E07800000380
E03800000380
E01C00000380
E01E00000380
E00F00000380
E00700000380
E00780000380
E003C0000380
E001E0000380
E000E0000380
E000F0000380
E00078000380
E0003C000380
E0001C000380
E0001E000380
E0000F000380
E00007000380
E00003800380
E00003C00380
E00001E00380
E00000E00380
E00000700380
E00000780380
E000003C0380
E000001C0380
E000001E0380
E000000F0380
E00000078380
E00000038380
E0000003C380
E0000001E380
E0000000F380
E00000007380
E00000007B80
E00000003F80
E00000001F80
E00000000F80
E00000000F80
E00000000780
E00000000380
ENDCHAR
STARTCHAR Ograve
ENCODING 210
SWIDTH 751 0
DWIDTH 56 0
BBX 46 72 5 -1
BITMAP
000200000000
000700000000
000780000000
0003C0000000
0003C0000000
0001E0000000
0000F0000000
000070000000
000038000000
00003C000000
00001C000000
00000E000000
000007000000
000003000000
000000000000
000000000000
000000000000
000000000000
0000FFFC0000
0007FFFF8000
001FFFFFE000
003F8003F800
00FC0000FC00
01F000003E00
03E000001F00
03C000000780
078000000780
0F00000003C0
0E00000001E0
1E00000000E0
1C00000000F0
3C0000000070
380000000070
780000000078
780000000038
700000000038
70000000003C
70000000003C
F0000000003C
F0000000001C
F0000000001C
F0000000001C
E0000000001C
E0000000001C
E0000000001C
E0000000001C
E0000000001C
E0000000001C
F0000000001C
F0000000001C
F0000000003C
70000000003C
70000000003C
700000000038
780000000038
380000000078
380000000070
3C0000000070
1C00000000F0
1E00000000E0
0E00000001E0
0F00000003C0
078000000380
03C000000780
03E000000F00
01F000003E00
00FC0000FC00
003F0003F800
001FFEFFE000
0007FFFF8000
0001FFFE0000
000003400000
ENDCHAR
STARTCHAR Oacute
ENCODING 211
SWIDTH 751 0
DWIDTH 56 0
BBX 46 72 5 -1
BITMAP
000000010000
000000038000
000000078000
000000078000
0000000F0000
0000001E0000
0000001C0000
000000380000
000000780000
000000700000
000000E00000
000001C00000
000003800000
000001800000
000000000000
000000000000
000000000000
000000000000
0000FFFC0000
0007FFFF8000
001FFFFFE000
003F8003F800
00FC0000FC00
01F000003E00
03E000001F00
03C000000780
078000000780
0F00000003C0
0E00000001E0
1E00000000E0
1C00000000F0
3C0000000070
380000000070
780000000078
780000000038
700000000038
70000000003C
70000000003C
F0000000003C
F0000000001C
F0000000001C
F0000000001C
E0000000001C
E0000000001C
E0000000001C
E0000000001C
E0000000001C
E0000000001C
F0000000001C
F0000000001C
F0000000003C
70000000003C
70000000003C
700000000038
780000000038
380000000078
380000000070
3C0000000070
1C00000000F0
1E00000000E0
0E00000001E0
0F00000003C0
078000000380
03C000000780
03E000000F00
01F000003E00
00FC0000FC00
003F0003F800
001FFEFFE000
0007FFFF8000
0001FFFE0000
000003400000
ENDCHAR
STARTCHAR Ocircumflex
ENCODING 212
SWIDTH 751 0
DWIDTH 56 0
BBX 46 72 5 -1
BITMAP
000003000000
000007800000
00000FC00000
00001FE00000
00001CF00000
00003C700000
000078780000
0000703C0000
0000E01C0000
0001C00E0000
0003C0070000
000380078000
000700038000
000600018000
000000000000
000000000000
000000000000
000000000000
0000FFFC0000
0007FFFF8000
001FFFFFE000
003F8003F800
00FC0000FC00
01F000003E00
03E000001F00
03C000000780
078000000780
0F00000003C0
0E00000001E0
1E00000000E0
1C00000000F0
3C0000000070
380000000070
780000000078
780000000038
700000000038
70000000003C
70000000003C
F0000000003C
F0000000001C
F0000000001C
F0000000001C
E0000000001C
E0000000001C
E0000000001C
E0000000001C
E0000000001C
E0000000001C
F0000000001C
F0000000001C
F0000000003C
70000000003C
70000000003C
700000000038
780000000038
380000000078
380000000070
3C0000000070
1C00000000F0
1E00000000E0
0E00000001E0
0F00000003C0
078000000380
03C000000780
03E000000F00
01F000003E00
00FC0000FC00
003F0003F800
001FFEFFE000
0007FFFF8000
0001FFFE0000
000003400000
ENDCHAR
STARTCHAR Otilde
ENCODING 213
SWIDTH 751 0
DWIDTH 56 0
BBX 46 70 5 -1
BITMAP
000180000C00
0007F8001C00
001FFC001800
003C3F001800
00380F803800
007007E07000
007001F9F000
006000FFE000
0060003F8000
006000000000
000000000000
000000000000
000000000000
000000000000
000000000000
000000000000
0000FFFC0000
0007FFFF8000
001FFFFFE000
003F8003F800
00FC0000FC00
01F000003E00
03E000001F00
03C000000780
078000000780
0F00000003C0
0E00000001E0
1E00000000E0
1C00000000F0
3C0000000070
380000000070
780000000078
780000000038
700000000038
70000000003C
70000000003C
F0000000003C
F0000000001C
F0000000001C
F0000000001C
E0000000001C
E0000000001C
E0000000001C
E0000000001C
E0000000001C
E0000000001C
F0000000001C
F0000000001C
F0000000003C
70000000003C
70000000003C
700000000038
780000000038
380000000078
380000000070
3C0000000070
1C00000000F0
1E00000000E0
0E00000001E0
0F00000003C0
078000000380
03C000000780
03E000000F00
01F000003E00
00FC0000FC00
003F0003F800
001FFEFFE000
0007FFFF8000
0001FFFE0000
000003400000
ENDCHAR
STARTCHAR Odieresis
ENCODING 214
SWIDTH 751 0
DWIDTH 56 0
BBX 46 67 5 -1
BITMAP
0001E01E0000
0001F01F0000
0001F01F0000
0001E01E0000
0000C00C0000
000000000000
000000000000
000000000000
000000000000
000000000000
000000000000
000000000000
000000000000
0000FFFC0000
0007FFFF8000
001FFFFFE000
003F8003F800
00FC0000FC00
01F000003E00
03E000001F00
03C000000780
078000000780
0F00000003C0
0E00000001E0
1E00000000E0
1C00000000F0
3C0000000070
380000000070
780000000078
780000000038
700000000038
70000000003C
70000000003C
F0000000003C
F0000000001C
F0000000001C
F0000000001C
E0000000001C
E0000000001C
E0000000001C
E0000000001C
E0000000001C
E0000000001C
F0000000001C
F0000000001C
F0000000003C
70000000003C
70000000003C
700000000038
780000000038
380000000078
380000000070
3C0000000070
1C00000000F0
1E00000000E0
0E00000001E0
0F00000003C0
078000000380
03C000000780
03E000000F00
01F000003E00
00FC0000FC00
003F0003F800
001FFEFFE000
0007FFFF8000
0001FFFE0000
000003400000
ENDCHAR
STARTCHAR multiply
ENCODING 215
SWIDTH 600 0
DWIDTH 45 0
BBX 35 35 5 4
BITMAP
4000000040
E0000000E0
F0000001E0
78000003C0
3C00000780
1E00000F00
0F00001E00
0780003C00
03C0007800
01E000F000
00F001E000
007803C000
003C078000
001E0F0000
000F1E0000
0007BC0000
0003F80000
0001F00000
0001F00000
0003F80000
0007BC0000
000F1E0000
001E0F0000
003C078000
007803C000
00F001E000
01E000F000
03C0007800
0780003C00
0F00001E00
1E00000F00
3C00000780
78000003C0
F0000001E0
60000000C0
ENDCHAR
STARTCHAR Oslash
ENCODING 216
SWIDTH 751 0
DWIDTH 56 0
BBX 46 58 5 -3
BITMAP
000000000380
000000000780
0000FFFC0700
0007FFFF8E00
001FFFFFEE00
003F8003FC00
00FC0000FC00
01F000003E00
03E000007F00
03C000007780
07800000E780
0F000001E3C0
0E000001C1E0
1E000003C0E0
1C00000380F0
3C0000070070
380000070070
7800000E0078
7800001E0038
7000001C0038
7000003C003C
70000038003C
F0000070003C
F00000F0001C
F00000E0001C
F00001E0001C
E00001C0001C
E0000380001C
E0000380001C
E0000700001C
E0000F00001C
E0000E00001C
F0001E00001C
F0001C00001C
F0003800003C
70007800003C
70007000003C
7000F0000038
7800E0000038
3801C0000078
3801C0000070
3C0380000070
1C07800000F0
1E07000000E0
0E0F000001E0
0F0E000003C0
079C00000380
03FC00000780
03F800000F00
01F800003E00
00FC0000FC00
00FF0003F800
00FFFEFFE000
01C7FFFF8000
03C1FFFE0000
038003400000
038000000000
010000000000
ENDCHAR
STARTCHAR Ugrave
ENCODING 217
SWIDTH 720 0
DWIDTH 54 0
BBX 40 72 7 -1
BITMAP
0010000000
0038000000
003C000000
003C000000
001E000000
000F000000
0007000000
0003800000
0003C00000
0001E00000
0000E00000
0000700000
0000380000
0000100000
0000000000
0000000000
0000000000
0000000000
E000000007
E000000007
E000000007
E000000007
E000000007
E000000007
E000000007
E000000007
E000000007
E000000007
E000000007
E000000007
E000000007
E000000007
E000000007
E000000007
E000000007
E000000007
E000000007
E000000007
E000000007
E000000007
E000000007
E000000007
E000000007
E000000007
E000000007
E000000007
E000000007
E000000007
E000000007
E000000007
E000000007
E000000007
E000000007
E000000007
E000000007
E000000007
F00000000F
700000000E
700000000E
700000000E
780000001E
380000001C
3C0000003C
1E00000078
1F000000F0
0F800001F0
07E00007E0
03F8001FC0
00FFFFFF00
007FFFFC00
000FFFF000
00001C0000
ENDCHAR
STARTCHAR Uacute
ENCODING 218
SWIDTH 720 0
DWIDTH 54 0
BBX 40 72 7 -1
BITMAP
0000000800
0000001C00
0000003C00
0000003C00
0000007800
000000F000
000000E000
000001C000
000003C000
0000078000
0000070000
00000E0000
00001C0000
0000080000
0000000000
0000000000
0000000000
0000000000
E000000007
E000000007
E000000007
E000000007
E000000007
E000000007
E000000007
E000000007
E000000007
E000000007
E000000007
E000000007
E000000007
E000000007
E000000007
E000000007
E000000007
E000000007
E000000007
E000000007
E000000007
E000000007
E000000007
E000000007
E000000007
E000000007
E000000007
E000000007
E000000007
E000000007
E000000007
E000000007
E000000007
E000000007
E000000007
E000000007
E000000007
E000000007
F00000000F
700000000E
700000000E
700000000E
780000001E
380000001C
3C0000003C
1E00000078
1F000000F0
0F800001F0
07E00007E0
03F8001FC0
00FFFFFF00
007FFFFC00
000FFFF000
00001C0000
ENDCHAR
STARTCHAR Ucircumflex
ENCODING 219
SWIDTH 720 0
DWIDTH 54 0
BBX 40 72 7 -1
BITMAP
0000100000
00003C0000
00007E0000
0000FF0000
0000E70000
0001E78000
0003C3C000
000781E000
000700E000
000E007000
001C003800
001C003800
0038001C00
0030000C00
0000000000
0000000000
0000000000
0000000000
E000000007
E000000007
E000000007
E000000007
E000000007
E000000007
E000000007
E000000007
E000000007
E000000007
E000000007
E000000007
E000000007
E000000007
E000000007
E000000007
E000000007
E000000007
E000000007
E000000007
E000000007
E000000007
E000000007
E000000007
E000000007
E000000007
E000000007
E000000007
E000000007
E000000007
E000000007
E000000007
E000000007
E000000007
E000000007
E000000007
E000000007
E000000007
F00000000F
700000000E
700000000E
700000000E
780000001E
380000001C
3C0000003C
1E00000078
1F000000F0
0F800001F0
07E00007E0
03F8001FC0
00FFFFFF00
007FFFFC00
000FFFF000
00001C0000
ENDCHAR
STARTCHAR Udieresis
ENCODING 220
SWIDTH 720 0
DWIDTH 54 0
BBX 40 67 7 -1
BITMAP
000F00F000
000F00F000
001F00F800
000F00F000
0006006000
0000000000
0000000000
0000000000
0000000000
0000000000
0000000000
0000000000
0000000000
E000000007
E000000007
E000000007
E000000007
E000000007
E000000007
E000000007
E000000007
E000000007
E000000007
E000000007
E000000007
E000000007
E000000007
E000000007
E000000007
E000000007
E000000007
E000000007
E000000007
E000000007
E000000007
E000000007
E000000007
E000000007
E000000007
E000000007
E000000007
E000000007
E000000007
E000000007
E000000007
E000000007
E000000007
E000000007
E000000007
E000000007
E000000007
F00000000F
700000000E
700000000E
700000000E
780000001E
380000001C
3C0000003C
1E00000078
1F000000F0
0F800001F0
07E00007E0
03F8001FC0
00FFFFFF00
007FFFFC00
000FFFF000
00001C0000
ENDCHAR
STARTCHAR Yacute
ENCODING 221
SWIDTH 577 0
DWIDTH 43 0
BBX 41 71 1 0
BITMAP
000000040000
0000000E0000
0000001E0000
0000003C0000
000000780000
000000780000
000000F00000
000001E00000
000001C00000
000003800000
000007800000
000007000000
00000E000000
00000C000000
000000000000
000000000000
000000000000
000000000000
E00000000180
F00000000380
700000000780
780000000F00
3C0000000E00
1E0000001C00
0E0000003C00
0F0000007800
078000007000
03C00000E000
01C00001E000
01E00003C000
00F000038000
007800070000
0038000F0000
003C001E0000
001E001C0000
000E003C0000
000F00780000
000780700000
0003C0E00000
0001C1E00000
0001E3C00000
0000F3800000
00007F000000
00003F000000
00003E000000
00001C000000
00001C000000
00001C000000
00001C000000
00001C000000
00001C000000
00001C000000
00001C000000
00001C000000
00001C000000
00001C000000
00001C000000
00001C000000
00001C000000
00001C000000
00001C000000
00001C000000
00001C000000
00001C000000
00001C000000
00001C000000
00001C000000
00001C000000
00001C000000
00001C000000
00001C000000
ENDCHAR
STARTCHAR Thorn
ENCODING 222
SWIDTH 616 0
DWIDTH 46 0
BBX 37 53 7 0
BITMAP
E000000000
E000000000
E000000000
E000000000
E000000000
E000000000
E000000000
E000000000
E000000000
E000000000
FFFFFC0000
FFFFFFE000
FFFFFFF800
E00001FE00
E000001F00
E000000780
E0000003C0
E0000001E0
E0000001E0
E0000000F0
E0000000F0
E000000070
E000000070
E000000070
E000000070
E000000078
E000000070
E000000070
E000000070
E000000070
E0000000F0
E0000000F0
E0000000E0
E0000001E0
E0000003C0
E000000780
E000001F80
E00000FE00
FFFFFFFC00
FFFFFFF000
FFFFFF0000
E000000000
E000000000
E000000000
E000000000
E000000000
E000000000
E000000000
E000000000
E000000000
E000000000
E000000000
E000000000
ENDCHAR
STARTCHAR germandbls
ENCODING 223
SWIDTH 581 0
DWIDTH 44 0
BBX 35 54 6 -1
BITMAP
007FF80000
01FFFE0000
03FEFF0000
07C00F8000
0F00078000
1E0003C000
3C0001C000
380001C000
780001C000
700001C000
700001C000
700003C000
7000038000
F000078000
F0000F0000
F0001E0000
F0003E0000
F0007C0000
F000F00000
F001E00000
F003C00000
F007800000
F007000000
F00F000000
F00E000000
F00E000000
F00E000000
F00E000000
F00F000000
F007800000
F007C00000
F003F00000
F001FC0000
F0007F8000
F0001FF000
F00007FC00
F00000FE00
F000001F80
F000000780
F0000003C0
F0000001C0
F0000001E0
F0000001E0
F0000000E0
F0000001E0
F0000001E0
F0000001C0
F0700003C0
F07C000780
F03F000F80
F01FF1FF00
F007FFFC00
E001FFF000
0000060000
ENDCHAR
STARTCHAR agrave
ENCODING 224
SWIDTH 514 0
DWIDTH 39 0
BBX 27 58 5 -1
BITMAP
03000000
07800000
07800000
03C00000
01C00000
01E00000
00E00000
00F00000
00700000
00380000
00380000
001C0000
001C0000
000E0000
00070000
00070000
00000000
00000000
00000000
00000000
001FE000
01FFFC00
07FFFE00
1FE01F00
3F000780
780003C0
300001C0
000001E0
000000E0
000000E0
000000E0
000000E0
000000E0
000000E0
000000E0
000000E0
0000BFE0
00FFFFE0
07FFFFE0
1FFC00E0
3F0000E0
7C0000E0
700000E0
F00000E0
E00000E0
E00000E0
E00001E0
E00001E0
E00001E0
F00003E0
F00007E0
78000FE0
3C001EE0
3E003CE0
1FC3F8E0
07FFF0E0
01FFC0E0
00180000
ENDCHAR
STARTCHAR aacute
ENCODING 225
SWIDTH 514 0
DWIDTH 39 0
BBX 27 58 5 -1
BITMAP
00000300
00000700
00000F00
00000F00
00001E00
00001E00
00003C00
00003800
00007800
00007000
0000E000
0000E000
0001C000
0001C000
00038000
00030000
00000000
00000000
00000000
00000000
001FE000
01FFFC00
07FFFE00
1FE01F00
3F000780
780003C0
300001C0
000001E0
000000E0
000000E0
000000E0
000000E0
000000E0
000000E0
000000E0
000000E0
0000BFE0
00FFFFE0
07FFFFE0
1FFC00E0
3F0000E0
7C0000E0
700000E0
F00000E0
E00000E0
E00000E0
E00001E0
E00001E0
E00001E0
F00003E0
F00007E0
78000FE0
3C001EE0
3E003CE0
1FC3F8E0
07FFF0E0
01FFC0E0
00180000
ENDCHAR
STARTCHAR acircumflex
ENCODING 226
SWIDTH 514 0
DWIDTH 39 0
BBX 27 58 5 -1
BITMAP
00030000
00078000
000FC000
000FC000
001DE000
001CE000
00387000
00787000
00703800
00E03800
00E01C00
01C00E00
01C00E00
03800700
03000700
07000300
00000000
00000000
00000000
00000000
001FE000
01FFFC00
07FFFE00
1FE01F00
3F000780
780003C0
300001C0
000001E0
000000E0
000000E0
000000E0
000000E0
000000E0
000000E0
000000E0
000000E0
0000BFE0
00FFFFE0
07FFFFE0
1FFC00E0
3F0000E0
7C0000E0
700000E0
F00000E0
E00000E0
E00000E0
E00001E0
E00001E0
E00001E0
F00003E0
F00007E0
78000FE0
3C001EE0
3E003CE0
1FC3F8E0
07FFF0E0
01FFC0E0
00180000
ENDCHAR
STARTCHAR atilde
ENCODING 227
SWIDTH 514 0
DWIDTH 39 0
BBX 27 55 5 -1
BITMAP
01E00060
03F80060
07FC00E0
0E0E00E0
1C0780E0
1C03C1C0
1801FF80
3800FF80
38007E00
10000000
00000000
00000000
00000000
00000000
00000000
00000000
00000000
001FE000
01FFFC00
07FFFE00
1FE01F00
3F000780
780003C0
300001C0
000001E0
000000E0
000000E0
000000E0
000000E0
000000E0
000000E0
000000E0
000000E0
0000BFE0
00FFFFE0
07FFFFE0
1FFC00E0
3F0000E0
7C0000E0
700000E0
F00000E0
E00000E0
E00000E0
E00001E0
E00001E0
E00001E0
F00003E0
F00007E0
78000FE0
3C001EE0
3E003CE0
1FC3F8E0
07FFF0E0
01FFC0E0
00180000
ENDCHAR
STARTCHAR adieresis
ENCODING 228
SWIDTH 514 0
DWIDTH 39 0
BBX 27 52 5 -1
BITMAP
01E01E00
03E03E00
03E03E00
01E01E00
00C00C00
00000000
00000000
00000000
00000000
00000000
00000000
00000000
00000000
00000000
001FE000
01FFFC00
07FFFE00
1FE01F00
3F000780
780003C0
300001C0
000001E0
000000E0
000000E0
000000E0
000000E0
000000E0
000000E0
000000E0
000000E0
0000BFE0
00FFFFE0
07FFFFE0
1FFC00E0
3F0000E0
7C0000E0
700000E0
F00000E0
E00000E0
E00000E0
E00001E0
E00001E0
E00001E0
F00003E0
F00007E0
78000FE0
3C001EE0
3E003CE0
1FC3F8E0
07FFF0E0
01FFC0E0
00180000
ENDCHAR
STARTCHAR aring
ENCODING 229
SWIDTH 514 0
DWIDTH 39 0
BBX 27 59 5 -1
BITMAP
00030000
001FE000
007FF000
00F03800
00E01C00
01C00E00
01800E00
01800600
03800600
03800600
01800E00
01C00E00
01C01C00
00E03C00
007DF800
003FF000
000FC000
00000000
00000000
00000000
00000000
001FE000
01FFFC00
07FFFE00
1FE01F00
3F000780
780003C0
300001C0
000001E0
000000E0
000000E0
000000E0
000000E0
000000E0
000000E0
000000E0
000000E0
0000BFE0
00FFFFE0
07FFFFE0
1FFC00E0
3F0000E0
7C0000E0
700000E0
F00000E0
E00000E0
E00000E0
E00001E0
E00001E0
E00001E0
F00003E0
F00007E0
78000FE0
3C001EE0
3E003CE0
1FC3F8E0
07FFF0E0
01FFC0E0
00180000
ENDCHAR
STARTCHAR ae
ENCODING 230
SWIDTH 857 0
DWIDTH 64 0
BBX 56 38 5 -1
BITMAP
001FE00007F800
01FFFC003FFF00
07FFFF00FFFFC0
1FE01F81F807E0
3F0007C3E001F0
780003C78000F8
300001EF000078
000000EE00003C
000000FC00001C
000000FC00001C
000000F800000E
000000F800000E
0000007800000E
0000007000000E
00000070000007
00000070000007
00000FFFFFFFFF
00FFFFFFFFFFFF
07FFFFFFFFFFFE
1FFC0070000000
3F000070000000
7C000070000000
700000F0000000
F00000F0000000
E00000F0000000
E00000F8000000
E00000F8000000
E00001F8000000
E00001FC000000
F000039E000000
F000038E000000
7800070F00000E
3C000F07C0003E
3E003E03E000FC
1FC1FC01FE0FF8
07FFF0007FFFE0
01FFC0001FFF00
002C000000E000
ENDCHAR
STARTCHAR ccedilla
ENCODING 231
SWIDTH 455 0
DWIDTH 34 0
BBX 28 51 4 -14
BITMAP
000FF000
007FFE00
01FFFF80
03F80FE0
07C001F0
0F0000F0
1E000070
1C000000
3C000000
38000000
78000000
70000000
70000000
F0000000
E0000000
E0000000
E0000000
E0000000
E0000000
E0000000
E0000000
E0000000
E0000000
F0000000
70000000
70000000
70000000
38000000
38000000
3C000000
1E000000
0F000070
078000F0
07E003E0
01FE1FC0
00FFFF80
003FFE00
0001C000
00018000
00038000
0003A000
0003FE00
0003FF00
00010700
00000380
00000380
00000380
00000700
001FBF00
001FFE00
000FF800
ENDCHAR
STARTCHAR egrave
ENCODING 232
SWIDTH 523 0
DWIDTH 39 0
BBX 32 58 4 -1
BITMAP
00C00000
01E00000
01E00000
00F00000
00700000
00780000
00380000
003C0000
001C0000
000E0000
000E0000
00070000
00070000
00038000
00018000
0001C000
00000000
00000000
00000000
00000000
0007F800
003FFE00
00FFFF80
01F807C0
07C001E0
0F8000F0
0E000078
1E000038
3C00001C
3800001C
7800000E
7000000E
7000000E
7000000E
F0000006
E0000007
E0000007
FFFFFFFF
FFFFFFFE
E0000000
E0000000
E0000000
E0000000
F0000000
70000000
70000000
70000000
78000000
38000000
3C000000
1E000000
0F00000E
0780003E
03E000FC
01FE0FF8
00FFFFE0
001FFF00
0000F000
ENDCHAR
STARTCHAR eacute
ENCODING 233
SWIDTH 523 0
DWIDTH 39 0
BBX 32 58 4 -1
BITMAP
000000C0
000001C0
000003C0
000003C0
00000780
00000700
00000F00
00000E00
00001E00
00001C00
00003800
00003800
00007000
00007000
0000E000
0000C000
00000000
00000000
00000000
00000000
0007F800
003FFE00
00FFFF80
01F807C0
07C001E0
0F8000F0
0E000078
1E000038
3C00001C
3800001C
7800000E
7000000E
7000000E
7000000E
F0000006
E0000007
E0000007
FFFFFFFF
FFFFFFFE
E0000000
E0000000
E0000000
E0000000
F0000000
70000000
70000000
70000000
78000000
38000000
3C000000
1E000000
0F00000E
0780003E
03E000FC
01FE0FF8
00FFFFE0
001FFF00
0000F000
ENDCHAR
STARTCHAR ecircumflex
ENCODING 234
SWIDTH 523 0
DWIDTH 39 0
BBX 32 58 4 -1
BITMAP
0000C000
0001E000
0003F000
0003F000
00077800
000F3800
000E3C00
001E1C00
001C0E00
00380E00
00380700
00700700
00600380
00E001C0
00C001C0
01C000C0
00000000
00000000
00000000
00000000
0007F800
003FFE00
00FFFF80
01F807C0
07C001E0
0F8000F0
0E000078
1E000038
3C00001C
3800001C
7800000E
7000000E
7000000E
7000000E
F0000006
E0000007
E0000007
FFFFFFFF
FFFFFFFE
E0000000
E0000000
E0000000
E0000000
F0000000
70000000
70000000
70000000
78000000
38000000
3C000000
1E000000
0F00000E
0780003E
03E000FC
01FE0FF8
00FFFFE0
001FFF00
0000F000
ENDCHAR
STARTCHAR edieresis
ENCODING 235
SWIDTH 523 0
DWIDTH 39 0
BBX 32 52 4 -1
BITMAP
00780780
00F80F80
00F80F80
00F80780
00300300
00000000
00000000
00000000
00000000
00000000
00000000
00000000
00000000
00000000
0007F800
003FFE00
00FFFF80
01F807C0
07C001E0
0F8000F0
0E000078
1E000038
3C00001C
3800001C
7800000E
7000000E
7000000E
7000000E
F0000006
E0000007
E0000007
FFFFFFFF
FFFFFFFE
E0000000
E0000000
E0000000
E0000000
F0000000
70000000
70000000
70000000
78000000
38000000
3C000000
1E000000
0F00000E
0780003E
03E000FC
01FE0FF8
00FFFFE0
001FFF00
0000F000
ENDCHAR
STARTCHAR igrave
ENCODING 236
SWIDTH 212 0
DWIDTH 16 0
BBX 12 57 -2 0
BITMAP
6000
F000
F000
7800
3800
3C00
1C00
0E00
0E00
0700
0780
0380
01C0
01C0
00E0
00E0
0000
0000
0000
0000
0040
00E0
00F0
00F0
00F0
00F0
00F0
00F0
00F0
00F0
00F0
00F0
00F0
00F0
00F0
00F0
00F0
00F0
00F0
00F0
00F0
00F0
00F0
00F0
00F0
00F0
00F0
00F0
00F0
00F0
00F0
00F0
00F0
00F0
00F0
00F0
0060
ENDCHAR
STARTCHAR iacute
ENCODING 237
SWIDTH 212 0
DWIDTH 16 0
BBX 12 57 6 0
BITMAP
0060
00F0
00E0
01E0
03C0
03C0
0780
0700
0F00
0E00
1E00
1C00
3800
3800
7000
7000
0000
0000
0000
0000
4000
E000
F000
F000
F000
F000
F000
F000
F000
F000
F000
F000
F000
F000
F000
F000
F000
F000
F000
F000
F000
F000
F000
F000
F000
F000
F000
F000
F000
F000
F000
F000
F000
F000
F000
F000
6000
ENDCHAR
STARTCHAR icircumflex
ENCODING 238
SWIDTH 212 0
DWIDTH 16 0
BBX 18 57 -1 0
BITMAP
00C000
01E000
03F000
03F000
07F800
073800
0E1C00
1E1C00
1C0E00
380E00
380700
700380
700380
E001C0
C001C0
C000C0
000000
000000
000000
000000
008000
01C000
01E000
01E000
01E000
01E000
01E000
01E000
01E000
01E000
01E000
01E000
01E000
01E000
01E000
01E000
01E000
01E000
01E000
01E000
01E000
01E000
01E000
01E000
01E000
01E000
01E000
01E000
01E000
01E000
01E000
01E000
01E000
01E000
01E000
01E000
00C000
ENDCHAR
STARTCHAR idieresis
ENCODING 239
SWIDTH 212 0
DWIDTH 16 0
BBX 18 51 -1 0
BITMAP
780780
F80780
F80FC0
780780
300300
000000
000000
000000
000000
000000
000000
000000
000000
000000
008000
01C000
01E000
01E000
01E000
01E000
01E000
01E000
01E000
01E000
01E000
01E000
01E000
01E000
01E000
01E000
01E000
01E000
01E000
01E000
01E000
01E000
01E000
01E000
01E000
01E000
01E000
01E000
01E000
01E000
01E000
01E000
01E000
01E000
01E000
01E000
00C000
ENDCHAR
STARTCHAR eth
ENCODING 240
SWIDTH 541 0
DWIDTH 41 0
BBX 33 54 4 -1
BITMAP
01E0003000
01F801F800
00FE07F000
001F9FC000
0007FE0000
0003F80000
000FFC0000
007F3E0000
01FC0F0000
07E0078000
078003C000
020001E000
000000E000
000000F000
0000007800
0000003800
0000003C00
0000001C00
0000001C00
000FF80E00
007FFE0E00
01FFFF8E00
03F007CF00
078001E700
0F0000F700
1E00007F00
3C00003F00
3800001F00
7800000F00
7000000F80
7000000F80
F000000780
F000000780
E000000780
E000000780
E000000700
E000000700
E000000700
E000000700
E000000700
F000000700
7000000F00
7000000E00
7000000E00
3800001C00
3C00001C00
1C00003C00
1E00007800
0F0000F000
07C003E000
03FC3FC000
00FFFF8000
003FFE0000
0003800000
ENDCHAR
STARTCHAR ntilde
ENCODING 241
SWIDTH 553 0
DWIDTH 41 0
BBX 29 54 6 0
BITMAP
01E00060
07F80060
0FFC00E0
0E1E00E0
1C0700C0
1C03C1C0
1801FF80
3800FF00
38007E00
10000000
00000000
00000000
00000000
00000000
00000000
00000000
00000000
6007F000
E03FFE00
E0FFFF80
E3F00FC0
E7C003E0
E70000E0
EE0000F0
FC000070
FC000078
F8000038
F0000038
F0000038
F0000038
F0000038
F0000038
F0000038
F0000038
F0000038
F0000038
F0000038
F0000038
F0000038
F0000038
F0000038
F0000038
F0000038
F0000038
F0000038
F0000038
F0000038
F0000038
F0000038
F0000038
F0000038
F0000038
F0000038
E0000038
ENDCHAR
STARTCHAR ograve
ENCODING 242
SWIDTH 538 0
DWIDTH 40 0
BBX 32 58 4 -1
BITMAP
01800000
01C00000
01E00000
01E00000
00F00000
00700000
00780000
00380000
003C0000
001C0000
000E0000
000E0000
00070000
00070000
00038000
00018000
00000000
00000000
00000000
00000000
000FF000
007FFE00
01FFFF80
03F00FC0
07C003E0
0F0000F0
1E000078
1C00003C
3C00001C
3800001E
7800000E
7000000E
7000000F
F0000007
F0000007
E0000007
E0000007
E0000007
E0000007
E0000007
E0000007
E0000007
E0000007
F0000007
70000007
7000000F
7000000E
7800001E
3800001C
3C00003C
1E000038
0F000078
0F8001F0
07E003E0
03FC3FC0
00FFFF00
003FFC00
00018000
ENDCHAR
STARTCHAR oacute
ENCODING 243
SWIDTH 538 0
DWIDTH 40 0
BBX 32 58 4 -1
BITMAP
00000180
000003C0
000003C0
00000780
00000700
00000F00
00000E00
00001E00
00001C00
00003800
00003800
00007000
00007000
0000E000
0000C000
0001C000
00000000
00000000
00000000
00000000
000FF000
007FFE00
01FFFF80
03F00FC0
07C003E0
0F0000F0
1E000078
1C00003C
3C00001C
3800001E
7800000E
7000000E
7000000F
F0000007
F0000007
E0000007
E0000007
E0000007
E0000007
E0000007
E0000007
E0000007
E0000007
F0000007
70000007
7000000F
7000000E
7800001E
3800001C
3C00003C
1E000038
0F000078
0F8001F0
07E003E0
03FC3FC0
00FFFF00
003FFC00
00018000
ENDCHAR
STARTCHAR ocircumflex
ENCODING 244
SWIDTH 538 0
DWIDTH 40 0
BBX 32 58 4 -1
BITMAP
00018000
0003C000
0007E000
0007E000
000F7000
000E7800
001E3800
001C3C00
00381C00
00380E00
00700E00
00600700
00E00700
01C00380
01C00180
018001C0
00000000
00000000
00000000
00000000
000FF000
007FFE00
01FFFF80
03F00FC0
07C003E0
0F0000F0
1E000078
1C00003C
3C00001C
3800001E
7800000E
7000000E
7000000F
F0000007
F0000007
E0000007
E0000007
E0000007
E0000007
E0000007
E0000007
E0000007
E0000007
F0000007
70000007
7000000F
7000000E
7800001E
3800001C
3C00003C
1E000038
0F000078
0F8001F0
07E003E0
03FC3FC0
00FFFF00
003FFC00
00018000
ENDCHAR
STARTCHAR otilde
ENCODING 245
SWIDTH 538 0
DWIDTH 40 0
BBX 32 55 4 -1
BITMAP
00780038
01FC0038
03FF0030
07878070
0703C070
0E01E0E0
0E00FBE0
0C007FC0
0C001F00
08000000
00000000
00000000
00000000
00000000
00000000
00000000
00000000
000FF000
007FFE00
01FFFF80
03F00FC0
07C003E0
0F0000F0
1E000078
1C00003C
3C00001C
3800001E
7800000E
7000000E
7000000F
F0000007
F0000007
E0000007
E0000007
E0000007
E0000007
E0000007
E0000007
E0000007
E0000007
F0000007
70000007
7000000F
7000000E
7800001E
3800001C
3C00003C
1E000038
0F000078
0F8001F0
07E003E0
03FC3FC0
00FFFF00
003FFC00
00018000
ENDCHAR
STARTCHAR odieresis
ENCODING 246
SWIDTH 538 0
DWIDTH 40 0
BBX 32 52 4 -1
BITMAP
00F00F00
00F80F80
00F80F80
00F00F00
00600600
00000000
00000000
00000000
00000000
00000000
00000000
00000000
00000000
00000000
000FF000
007FFE00
01FFFF80
03F00FC0
07C003E0
0F0000F0
1E000078
1C00003C
3C00001C
3800001E
7800000E
7000000E
7000000F
F0000007
F0000007
E0000007
E0000007
E0000007
E0000007
E0000007
E0000007
E0000007
E0000007
F0000007
70000007
7000000F
7000000E
7800001E
3800001C
3C00003C
1E000038
0F000078
0F8001F0
07E003E0
03FC3FC0
00FFFF00
003FFC00
00018000
ENDCHAR
STARTCHAR divide
ENCODING 247
SWIDTH 600 0
DWIDTH 45 0
BBX 37 35 4 4
BITMAP
0000F00000
0000F80000
0001F80000
0000F80000
0000F00000
0000000000
0000000000
0000000000
0000000000
0000000000
0000000000
0000000000
0000000000
0000000000
0000000000
0000000000
FFFFFFFFF8
FFFFFFFFF8
FFFFFFFFF8
0000000000
0000000000
0000000000
0000000000
0000000000
0000000000
0000000000
0000000000
0000000000
0000000000
0000000000
0000F00000
0000F80000
0001F80000
0000F80000
0000F00000
ENDCHAR
STARTCHAR oslash
ENCODING 248
SWIDTH 538 0
DWIDTH 40 0
BBX 32 42 4 -3
BITMAP
00000030
00000038
000FF070
007FFE70
01FFFFE0
03F00FE0
07C003E0
0F0003F0
1E0003F8
1C00073C
3C00071C
38000E1E
78001E0E
70001C0E
7000380F
F0003807
F0007007
E0007007
E000E007
E001C007
E001C007
E0038007
E0038007
E0070007
E0070007
F00E0007
701C0007
701C000F
7038000E
7838001E
3870001C
3C70003C
1EE00038
0FC00078
0FC001F0
07E003E0
03FC3FC0
07FFFF00
0F3FFC00
0E018000
0C000000
0C000000
ENDCHAR
STARTCHAR ugrave
ENCODING 249
SWIDTH 545 0
DWIDTH 41 0
BBX 29 58 6 -1
BITMAP
03000000
07000000
07800000
03800000
03C00000
01C00000
01E00000
00E00000
00700000
00780000
00380000
003C0000
001C0000
000E0000
000E0000
00060000
00000000
00000000
00000000
00000000
40000030
E0000070
E0000078
E0000078
E0000078
E0000078
E0000078
E0000078
E0000078
E0000078
E0000078
E0000078
E0000078
E0000078
E0000078
E0000078
E0000078
E0000078
E0000078
E0000078
E0000078
E0000078
E0000078
E0000078
E0000078
E0000078
F0000078
F00000F8
700000F8
700001F8
780003F8
380007F8
3C000F78
1F001E78
0FE1FC78
07FFF878
01FFE030
000C0000
ENDCHAR
STARTCHAR uacute
ENCODING 250
SWIDTH 545 0
DWIDTH 41 0
BBX 29 58 6 -1
BITMAP
00000600
00000700
00000F00
00000E00
00001E00
00003C00
00003C00
00007800
00007000
0000F000
0000E000
0001C000
0001C000
00038000
00038000
00030000
00000000
00000000
00000000
00000000
40000030
E0000070
E0000078
E0000078
E0000078
E0000078
E0000078
E0000078
E0000078
E0000078
E0000078
E0000078
E0000078
E0000078
E0000078
E0000078
E0000078
E0000078
E0000078
E0000078
E0000078
E0000078
E0000078
E0000078
E0000078
E0000078
F0000078
F00000F8
700000F8
700001F8
780003F8
380007F8
3C000F78
1F001E78
0FE1FC78
07FFF878
01FFE030
000C0000
ENDCHAR
STARTCHAR ucircumflex
ENCODING 251
SWIDTH 545 0
DWIDTH 41 0
BBX 29 58 6 -1
BITMAP
00070000
000F8000
000F8000
001FC000
001DC000
0038E000
0038E000
00707000
00F07000
00E03800
01C01C00
01C01C00
03800E00
03800E00
07000700
06000300
00000000
00000000
00000000
00000000
40000030
E0000070
E0000078
E0000078
E0000078
E0000078
E0000078
E0000078
E0000078
E0000078
E0000078
E0000078
E0000078
E0000078
E0000078
E0000078
E0000078
E0000078
E0000078
E0000078
E0000078
E0000078
E0000078
E0000078
E0000078
E0000078
F0000078
F00000F8
700000F8
700001F8
780003F8
380007F8
3C000F78
1F001E78
0FE1FC78
07FFF878
01FFE030
000C0000
ENDCHAR
STARTCHAR udieresis
ENCODING 252
SWIDTH 545 0
DWIDTH 41 0
BBX 29 52 6 -1
BITMAP
01C01C00
03E03E00
03E03E00
03E03E00
01C01C00
00000000
00000000
00000000
00000000
00000000
00000000
00000000
00000000
00000000
40000030
E0000070
E0000078
E0000078
E0000078
E0000078
E0000078
E0000078
E0000078
E0000078
E0000078
E0000078
E0000078
E0000078
E0000078
E0000078
E0000078
E0000078
E0000078
E0000078
E0000078
E0000078
E0000078
E0000078
E0000078
E0000078
F0000078
F00000F8
700000F8
700001F8
780003F8
380007F8
3C000F78
1F001E78
0FE1FC78
07FFF878
01FFE030
000C0000
ENDCHAR
STARTCHAR yacute
ENCODING 253
SWIDTH 504 0
DWIDTH 38 0
BBX 34 71 2 -14
BITMAP
000000C000
000001E000
000003C000
000003C000
0000078000
0000078000
00000F0000
00000E0000
00001E0000
00001C0000
00003C0000
0000380000
0000700000
0000700000
0000E00000
0000C00000
0000000000
0000000000
0000000000
0000000000
6000000180
F0000003C0
F000000380
7000000780
7800000780
3800000700
3C00000F00
3C00000E00
1C00001E00
1E00001C00
0E00001C00
0F00003C00
0700003800
0780007800
0780007000
038000F000
03C000E000
01C000E000
01E001E000
00E001C000
00E003C000
00F0038000
0070038000
0078070000
0038070000
00380F0000
001C0E0000
001C0E0000
001E1C0000
000E1C0000
000F380000
0007380000
0007780000
0003F00000
0003F00000
0003E00000
0001E00000
0001C00000
0001C00000
0003C00000
0003800000
0007800000
0007000000
000F000000
000E000000
000E000000
001E000000
001C000000
003C000000
0038000000
0038000000
ENDCHAR
STARTCHAR thorn
ENCODING 254
SWIDTH 568 0
DWIDTH 43 0
BBX 33 67 6 -14
BITMAP
6000000000
F000000000
F000000000
F000000000
F000000000
F000000000
F000000000
F000000000
F000000000
F000000000
F000000000
F000000000
F000000000
F000000000
F000000000
F000000000
F007F00000
F03FFE0000
F0FFFF8000
F1F80FE000
F3C001F000
F78000F800
FF00007800
FE00003C00
FC00001C00
F800001E00
F800000E00
F800000F00
F000000700
F000000700
F000000700
F000000700
F000000780
E000000780
E000000780
E000000780
E000000780
F000000780
F000000700
F000000700
F000000700
F000000F00
F800000F00
F800000E00
FC00001E00
FC00001C00
FE00003C00
FF00007800
F78000F000
F3E003E000
F1FE3FC000
F07FFF8000
F03FFE0000
F001E00000
F000000000
F000000000
F000000000
F000000000
F000000000
F000000000
F000000000
F000000000
F000000000
F000000000
F000000000
F000000000
6000000000
ENDCHAR
STARTCHAR ydieresis
ENCODING 255
SWIDTH 504 0
DWIDTH 38 0
BBX 34 65 2 -14
BITMAP
0078078000
00F80F8000
00F80F8000
0078078000
0030030000
0000000000
0000000000
0000000000
0000000000
0000000000
0000000000
0000000000
0000000000
0000000000
6000000180
F0000003C0
F000000380
7000000780
7800000780
3800000700
3C00000F00
3C00000E00
1C00001E00
1E00001C00
0E00001C00
0F00003C00
0700003800
0780007800
0780007000
038000F000
03C000E000
01C000E000
01E001E000
00E001C000
00E003C000
00F0038000
0070038000
0078070000
0038070000
00380F0000
001C0E0000
001C0E0000
001E1C0000
000E1C0000
000F380000
0007380000
0007780000
0003F00000
0003F00000
0003E00000
0001E00000
0001C00000
0001C00000
0003C00000
0003800000
0007800000
0007000000
000F000000
000E000000
000E000000
001E000000
001C000000
003C000000
0038000000
0038000000
ENDCHAR
STARTCHAR Amacron
ENCODING 256
SWIDTH 716 0
DWIDTH 54 0
BBX 48 65 3 0
BITMAP
0003FFFFC000
000FFFFFF000
000FFFFFE000
000000000000
000000000000
000000000000
000000000000
000000000000
000000000000
000000000000
000000000000
000000000000
000003800000
000003C00000
000007C00000
000007E00000
00000FE00000
00000EF00000
00000E700000
00001C700000
00001C380000
00003C380000
0000381C0000
0000781C0000
0000701E0000
0000700E0000
0000E00F0000
0000E0070000
0001E0070000
0001C0078000
0003C0038000
00038003C000
00038001C000
00070001E000
00070000E000
000F0000E000
000E0000F000
001E00007000
001C00007800
001C00003800
003C00003C00
003800001C00
007800001C00
007000001E00
00F000000E00
00E000000F00
00E000000700
01FFFFFFFF80
01FFFFFFFF80
03FFFFFFFF80
0380000003C0
0780000001C0
0700000001E0
0700000000E0
0E00000000F0
0E0000000070
1E0000000070
1C0000000078
3C0000000038
38000000003C
38000000001C
70000000001E
70000000000E
F0000000000E
E00000000007
ENDCHAR
STARTCHAR amacron
ENCODING 257
SWIDTH 514 0
DWIDTH 39 0
BBX 27 51 5 -1
BITMAP
0FFFFF80
0FFFFF80
07FFFF00
00000000
00000000
00000000
00000000
00000000
00000000
00000000
00000000
00000000
00000000
001FE000
01FFFC00
07FFFE00
1FE01F00
3F000780
780003C0
300001C0
000001E0
000000E0
000000E0
000000E0
000000E0
000000E0
000000E0
000000E0
000000E0
0000BFE0
00FFFFE0
07FFFFE0
1FFC00E0
3F0000E0
7C0000E0
700000E0
F00000E0
E00000E0
E00000E0
E00001E0
E00001E0
E00001E0
F00003E0
F00007E0
78000FE0
3C001EE0
3E003CE0
1FC3F8E0
07FFF0E0
01FFC0E0
00180000
ENDCHAR
STARTCHAR Abreve
ENCODING 258
SWIDTH 716 0
DWIDTH 54 0
BBX 48 70 3 0
BITMAP
000C00002000
000E00007000
000E00006000
000600006000
00070000E000
00070000E000
00030001C000
00038001C000
0001C0078000
0000F00F0000
00007FFE0000
00003FFC0000
00000FE00000
000000000000
000000000000
000000000000
000000000000
000003800000
000003C00000
000007C00000
000007E00000
00000FE00000
00000EF00000
00000E700000
00001C700000
00001C380000
00003C380000
0000381C0000
0000781C0000
0000701E0000
0000700E0000
0000E00F0000
0000E0070000
0001E0070000
0001C0078000
0003C0038000
00038003C000
00038001C000
00070001E000
00070000E000
000F0000E000
000E0000F000
001E00007000
001C00007800
001C00003800
003C00003C00
003800001C00
007800001C00
007000001E00
00F000000E00
00E000000F00
00E000000700
01FFFFFFFF80
01FFFFFFFF80
03FFFFFFFF80
0380000003C0
0780000001C0
0700000001E0
0700000000E0
0E00000000F0
0E0000000070
1E0000000070
1C0000000078
3C0000000038
38000000003C
38000000001C
70000000001E
70000000000E
F0000000000E
E00000000007
ENDCHAR
STARTCHAR abreve
ENCODING 259
SWIDTH 514 0
DWIDTH 39 0
BBX 27 57 5 -1
BITMAP
04000080
0E0001C0
0E0001C0
0E000180
0E000180
06000180
07000380
07000300
03800700
03800700
01C00E00
00F03C00
00FFF800
003FF000
000FC000
00000000
00000000
00000000
00000000
001FE000
01FFFC00
07FFFE00
1FE01F00
3F000780
780003C0
300001C0
000001E0
000000E0
000000E0
000000E0
000000E0
000000E0
000000E0
000000E0
000000E0
0000BFE0
00FFFFE0
07FFFFE0
1FFC00E0
3F0000E0
7C0000E0
700000E0
F00000E0
E00000E0
E00000E0
E00001E0
E00001E0
E00001E0
F00003E0
F00007E0
78000FE0
3C001EE0
3E003CE0
1FC3F8E0
07FFF0E0
01FFC0E0
00180000
ENDCHAR
STARTCHAR Aogonek
ENCODING 260
SWIDTH 716 0
DWIDTH 54 0
BBX 52 67 3 -14
BITMAP
00000380000000
000003C0000000
000007C0000000
000007E0000000
00000FE0000000
00000EF0000000
00000E70000000
00001C70000000
00001C38000000
00003C38000000
0000381C000000
0000781C000000
0000701E000000
0000700E000000
0000E00F000000
0000E007000000
0001E007000000
0001C007800000
0003C003800000
00038003C00000
00038001C00000
00070001E00000
00070000E00000
000F0000E00000
000E0000F00000
001E0000700000
001C0000780000
001C0000380000
003C00003C0000
003800001C0000
007800001C0000
007000001E0000
00F000000E0000
00E000000F0000
00E00000070000
01FFFFFFFF8000
01FFFFFFFF8000
03FFFFFFFF8000
0380000003C000
0780000001C000
0700000001E000
0700000000E000
0E00000000F000
0E000000007000
1E000000007000
1C000000007800
3C000000003800
38000000003C00
38000000001C00
70000000001E00
70000000000E00
F0000000000E00
E0000000000F00
00000000001E00
00000000003800
00000000007000
00000000007000
0000000000E000
0000000000E000
0000000000E000
0000000000E000
0000000000E000
0000000000E000
0000000000F000
00000000007EF0
00000000003FF0
00000000001FE0
ENDCHAR
STARTCHAR aogonek
ENCODING 261
SWIDTH 514 0
DWIDTH 39 0
BBX 31 51 5 -14
BITMAP
001FE000
01FFFC00
07FFFE00
1FE01F00
3F000780
780003C0
300001C0
000001E0
000000E0
000000E0
000000E0
000000E0
000000E0
000000E0
000000E0
000000E0
0000BFE0
00FFFFE0
07FFFFE0
1FFC00E0
3F0000E0
7C0000E0
700000E0
F00000E0
E00000E0
E00000E0
E00001E0
E00001E0
E00001E0
F00003E0
F00007E0
78000FE0
3C001EE0
3E003CE0
1FC3F8E0
07FFF0E0
01FFC1E0
001803C0
00000780
00000F00
00000E00
00001C00
00001C00
00001C00
00001C00
00001C00
00001C00
00000E00
00000FDE
000007FE
000001FC
ENDCHAR
STARTCHAR Cacute
ENCODING 262
SWIDTH 667 0
DWIDTH 50 0
BBX 41 72 5 -1
BITMAP
000000008000
00000001C000
00000003C000
000000078000
000000070000
0000000F0000
0000001E0000
0000003C0000
000000380000
000000700000
000000F00000
000000E00000
000001C00000
000001800000
000000000000
000000000000
000000000000
000000000000
0000FFFE0000
0007FFFFC000
001FFFFFF000
003F8003FC00
007C00007E00
01F000001F00
03E000000780
03C000000380
078000000180
0F0000000000
0E0000000000
1E0000000000
1C0000000000
3C0000000000
380000000000
780000000000
780000000000
700000000000
700000000000
700000000000
F00000000000
F00000000000
F00000000000
F00000000000
E00000000000
E00000000000
E00000000000
E00000000000
E00000000000
E00000000000
F00000000000
F00000000000
F00000000000
700000000000
700000000000
700000000000
780000000000
780000000000
380000000000
3C0000000000
1C0000000000
1E0000000000
0E0000000000
0F0000000000
078000000100
03C000000380
03E000000780
01F000001F00
00FC00007E00
003F0001FC00
001FFEFFF000
0007FFFFC000
0000FFFF0000
000003800000
ENDCHAR
STARTCHAR cacute
ENCODING 263
SWIDTH 455 0
DWIDTH 34 0
BBX 28 58 4 -1
BITMAP
00000180
000001C0
000003C0
00000380
00000780
00000F00
00000F00
00001E00
00001C00
00003C00
00003800
00007000
00007000
0000E000
0000E000
0000C000
00000000
00000000
00000000
00000000
000FF000
007FFE00
01FFFF80
03F80FE0
07C001F0
0F0000F0
1E000070
1C000000
3C000000
38000000
78000000
70000000
70000000
F0000000
E0000000
E0000000
E0000000
E0000000
E0000000
E0000000
E0000000
E0000000
E0000000
F0000000
70000000
70000000
70000000
38000000
38000000
3C000000
1E000000
0F000070
078000F0
07E003E0
01FE1FC0
00FFFF80
003FFE00
0001C000
ENDCHAR
STARTCHAR Ccircumflex
ENCODING 264
SWIDTH 667 0
DWIDTH 50 0
BBX 41 72 5 -1
BITMAP
000001000000
000007C00000
000007E00000
00000FE00000
00001EF00000
00001C780000
000038380000
0000781C0000
0000F00E0000
0000E00F0000
0001C0070000
000380038000
00030001C000
00070000C000
000000000000
000000000000
000000000000
000000000000
0000FFFE0000
0007FFFFC000
001FFFFFF000
003F8003FC00
007C00007E00
01F000001F00
03E000000780
03C000000380
078000000180
0F0000000000
0E0000000000
1E0000000000
1C0000000000
3C0000000000
380000000000
780000000000
780000000000
700000000000
700000000000
700000000000
F00000000000
F00000000000
F00000000000
F00000000000
E00000000000
E00000000000
E00000000000
E00000000000
E00000000000
E00000000000
F00000000000
F00000000000
F00000000000
700000000000
700000000000
700000000000
780000000000
780000000000
380000000000
3C0000000000
1C0000000000
1E0000000000
0E0000000000
0F0000000000
078000000100
03C000000380
03E000000780
01F000001F00
00FC00007E00
003F0001FC00
001FFEFFF000
0007FFFFC000
0000FFFF0000
000003800000
ENDCHAR
STARTCHAR ccircumflex
ENCODING 265
SWIDTH 455 0
DWIDTH 34 0
BBX 28 58 4 -1
BITMAP
0001C000
0003E000
0003E000
0007F000
00077000
000E3800
000E3800
001C1C00
003C1C00
00380E00
00700700
00700700
00E00380
00E00380
01C001C0
018000C0
00000000
00000000
00000000
00000000
000FF000
007FFE00
01FFFF80
03F80FE0
07C001F0
0F0000F0
1E000070
1C000000
3C000000
38000000
78000000
70000000
70000000
F0000000
E0000000
E0000000
E0000000
E0000000
E0000000
E0000000
E0000000
E0000000
E0000000
F0000000
70000000
70000000
70000000
38000000
38000000
3C000000
1E000000
0F000070
078000F0
07E003E0
01FE1FC0
00FFFF80
003FFE00
0001C000
ENDCHAR
STARTCHAR Cdotaccent
ENCODING 266
SWIDTH 667 0
DWIDTH 50 0
BBX 41 67 5 -1
BITMAP
000003C00000
000007C00000
000007C00000
000007C00000
000003800000
000000000000
000000000000
000000000000
000000000000
000000000000
000000000000
000000000000
000000000000
0000FFFE0000
0007FFFFC000
001FFFFFF000
003F8003FC00
007C00007E00
01F000001F00
03E000000780
03C000000380
078000000180
0F0000000000
0E0000000000
1E0000000000
1C0000000000
3C0000000000
380000000000
780000000000
780000000000
700000000000
700000000000
700000000000
F00000000000
F00000000000
F00000000000
F00000000000
E00000000000
E00000000000
E00000000000
E00000000000
E00000000000
E00000000000
F00000000000
F00000000000
F00000000000
700000000000
700000000000
700000000000
780000000000
780000000000
380000000000
3C0000000000
1C0000000000
1E0000000000
0E0000000000
0F0000000000
078000000100
03C000000380
03E000000780
01F000001F00
00FC00007E00
003F0001FC00
001FFEFFF000
0007FFFFC000
0000FFFF0000
000003800000
ENDCHAR
STARTCHAR cdotaccent
ENCODING 267
SWIDTH 455 0
DWIDTH 34 0
BBX 28 52 4 -1
BITMAP
0003E000
0003E000
0003E000
0003E000
0001C000
00000000
00000000
00000000
00000000
00000000
00000000
00000000
00000000
00000000
000FF000
007FFE00
01FFFF80
03F80FE0
07C001F0
0F0000F0
1E000070
1C000000
3C000000
38000000
78000000
70000000
70000000
F0000000
E0000000
E0000000
E0000000
E0000000
E0000000
E0000000
E0000000
E0000000
E0000000
F0000000
70000000
70000000
70000000
38000000
38000000
3C000000
1E000000
0F000070
078000F0
07E003E0
01FE1FC0
00FFFF80
003FFE00
0001C000
ENDCHAR
STARTCHAR Ccaron
ENCODING 268
SWIDTH 667 0
DWIDTH 50 0
BBX 41 72 5 -1
BITMAP
000200008000
00070001C000
000380038000
0001C0038000
0001C0070000
0000E00E0000
0000701E0000
0000783C0000
00003C380000
00001E700000
00000EF00000
00000FE00000
000007C00000
000003C00000
000000000000
000000000000
000000000000
000000000000
0000FFFE0000
0007FFFFC000
001FFFFFF000
003F8003FC00
007C00007E00
01F000001F00
03E000000780
03C000000380
078000000180
0F0000000000
0E0000000000
1E0000000000
1C0000000000
3C0000000000
380000000000
780000000000
780000000000
700000000000
700000000000
700000000000
F00000000000
F00000000000
F00000000000
F00000000000
E00000000000
E00000000000
E00000000000
E00000000000
E00000000000
E00000000000
F00000000000
F00000000000
F00000000000
700000000000
700000000000
700000000000
780000000000
780000000000
380000000000
3C0000000000
1C0000000000
1E0000000000
0E0000000000
0F0000000000
078000000100
03C000000380
03E000000780
01F000001F00
00FC00007E00
003F0001FC00
001FFEFFF000
0007FFFFC000
0000FFFF0000
000003800000
ENDCHAR
STARTCHAR ccaron
ENCODING 269
SWIDTH 455 0
DWIDTH 34 0
BBX 28 58 4 -1
BITMAP
00800080
01C001C0
01C001C0
00E00380
00E00300
00700700
00380E00
00380E00
001C1C00
001C1C00
000E3800
000F7800
00077000
0007F000
0003E000
0001C000
00008000
00000000
00000000
00000000
000FF000
007FFE00
01FFFF80
03F80FE0
07C001F0
0F0000F0
1E000070
1C000000
3C000000
38000000
78000000
70000000
70000000
F0000000
E0000000
E0000000
E0000000
E0000000
E0000000
E0000000
E0000000
E0000000
E0000000
F0000000
70000000
70000000
70000000
38000000
38000000
3C000000
1E000000
0F000070
078000F0
07E003E0
01FE1FC0
00FFFF80
003FFE00
0001C000
ENDCHAR
STARTCHAR Dcaron
ENCODING 270
SWIDTH 725 0
DWIDTH 54 0
BBX 42 71 7 0
BITMAP
002000040000
0038000C0000
0038001C0000
001C00380000
000E00780000
000700700000
000780E00000
000381C00000
0001C3C00000
0001E7800000
0000FF000000
00007F000000
00007E000000
00003C000000
000000000000
000000000000
000000000000
000000000000
7FFFFC000000
FFFFFFE00000
FFFFFFF80000
E00003FE0000
E000003F8000
E000000FC000
E0000003E000
E0000000F000
E00000007800
E00000003C00
E00000001E00
E00000001E00
E00000000F00
E00000000F00
E00000000700
E00000000780
E00000000380
E00000000380
E000000003C0
E000000003C0
E000000001C0
E000000001C0
E000000001C0
E000000001C0
E000000001C0
E000000001C0
E000000001C0
E000000001C0
E000000001C0
E000000001C0
E000000001C0
E000000001C0
E000000001C0
E000000003C0
E000000003C0
E00000000380
E00000000380
E00000000780
E00000000700
E00000000F00
E00000000F00
E00000001E00
E00000001E00
E00000003C00
E00000007800
E0000000F000
E0000003E000
E0000007C000
E000003F8000
E00001FE0000
FFFFFFF80000
FFFFFFE00000
7FFFFE000000
ENDCHAR
STARTCHAR dcaron
ENCODING 271
SWIDTH 568 0
DWIDTH 43 0
BBX 40 54 4 -1
BITMAP
000000070E
000000070F
000000070E
000000070E
000000070E
000000070E
000000070E
000000070E
000000070E
000000070E
000000070C
000000070C
000000070C
000000070C
0000000700
0000000700
000FF00700
007FFE0700
01FFFF8700
03F00FC700
07C003E700
0F0000F700
1E00007700
1C00003F00
3C00001F00
3800001F00
7800000F00
7000000F00
7000000F00
F000000700
F000000700
E000000700
E000000700
E000000700
E000000700
E000000700
E000000700
E000000700
E000000700
F000000700
7000000700
7000000F00
7000000F00
7800001F00
3800001F00
3C00003F00
1E00003F00
0F00007700
0F8001F700
07E003E700
03FC3F8700
00FFFF0700
003FFC0700
0001800000
ENDCHAR
STARTCHAR Dcroat
ENCODING 272
SWIDTH 725 0
DWIDTH 54 0
BBX 49 53 0 0
BITMAP
00FFFFF8000000
01FFFFFFC00000
01FFFFFFF00000
01C00007FC0000
01C000007F0000
01C000001F8000
01C0000007C000
01C0000001E000
01C0000000F000
01C00000007800
01C00000003C00
01C00000003C00
01C00000001E00
01C00000001E00
01C00000000E00
01C00000000F00
01C00000000700
01C00000000700
01C00000000780
01C00000000780
01C00000000380
01C00000000380
01C00000000380
01C00000000380
01C00000000380
FFFFFFC0000380
FFFFFFC0000380
7FFFFF00000380
01C00000000380
01C00000000380
01C00000000380
01C00000000380
01C00000000380
01C00000000780
01C00000000780
01C00000000700
01C00000000700
01C00000000F00
01C00000000E00
01C00000001E00
01C00000001E00
01C00000003C00
01C00000003C00
01C00000007800
01C0000000F000
01C0000001E000
01C0000007C000
01C000000F8000
01C000007F0000
01C00003FC0000
01FFFFFFF00000
01FFFFFFC00000
00FFFFFC000000
ENDCHAR
STARTCHAR dcroat
ENCODING 273
SWIDTH 568 0
DWIDTH 43 0
BBX 40 54 4 -1
BITMAP
0000000700
0000000700
0000000700
0000000700
0000000700
0000000700
0000000700
0000000700
0003FFFFFE
0003FFFFFF
0001FFFFFE
0000000700
0000000700
0000000700
0000000700
0000000700
000FF00700
007FFE0700
01FFFF8700
03F00FC700
07C003E700
0F0000F700
1E00007700
1C00003F00
3C00001F00
3800001F00
7800000F00
7000000F00
7000000F00
F000000700
F000000700
E000000700
E000000700
E000000700
E000000700
E000000700
E000000700
E000000700
E000000700
F000000700
7000000700
7000000F00
7000000F00
7800001F00
3800001F00
3C00003F00
1E00003F00
0F00007700
0F8001F700
07E003E700
03FC3F8700
00FFFF0700
003FFC0700
0001800000
ENDCHAR
STARTCHAR Emacron
ENCODING 274
SWIDTH 570 0
DWIDTH 43 0
BBX 32 65 7 0
BITMAP
01FFFFE0
07FFFFF8
07FFFFF8
00000000
00000000
00000000
00000000
00000000
00000000
00000000
00000000
00000000
7FFFFFFF
FFFFFFFF
FFFFFFFF
E0000000
E0000000
E0000000
E0000000
E0000000
E0000000
E0000000
E0000000
E0000000
E0000000
E0000000
E0000000
E0000000
E0000000
E0000000
E0000000
E0000000
E0000000
E0000000
E0000000
E0000000
E0000000
FFFFFFFE
FFFFFFFE
FFFFFFFC
E0000000
E0000000
E0000000
E0000000
E0000000
E0000000
E0000000
E0000000
E0000000
E0000000
E0000000
E0000000
E0000000
E0000000
E0000000
E0000000
E0000000
E0000000
E0000000
E0000000
E0000000
E0000000
FFFFFFFF
FFFFFFFF
7FFFFFFF
ENDCHAR
STARTCHAR emacron
ENCODING 275
SWIDTH 523 0
DWIDTH 39 0
BBX 32 51 4 -1
BITMAP
03FFFFE0
03FFFFE0
00FFFFC0
00000000
00000000
00000000
00000000
00000000
00000000
00000000
00000000
00000000
00000000
0007F800
003FFE00
00FFFF80
01F807C0
07C001E0
0F8000F0
0E000078
1E000038
3C00001C
3800001C
7800000E
7000000E
7000000E
7000000E
F0000006
E0000007
E0000007
FFFFFFFF
FFFFFFFE
E0000000
E0000000
E0000000
E0000000
F0000000
70000000
70000000
70000000
78000000
38000000
3C000000
1E000000
0F00000E
0780003E
03E000FC
01FE0FF8
00FFFFE0
001FFF00
0000F000
ENDCHAR
STARTCHAR Ebreve
ENCODING 276
SWIDTH 570 0
DWIDTH 43 0
BBX 32 70 7 0
BITMAP
02000010
07000038
07000038
03000030
03800070
03800070
01C000E0
01C000E0
00E001C0
00780780
003FFF00
001FFE00
0003F000
00000000
00000000
00000000
00000000
7FFFFFFF
FFFFFFFF
FFFFFFFF
E0000000
E0000000
E0000000
E0000000
E0000000
E0000000
E0000000
E0000000
E0000000
E0000000
E0000000
E0000000
E0000000
E0000000
E0000000
E0000000
E0000000
E0000000
E0000000
E0000000
E0000000
E0000000
FFFFFFFE
FFFFFFFE
FFFFFFFC
E0000000
E0000000
E0000000
E0000000
E0000000
E0000000
E0000000
E0000000
E0000000
E0000000
E0000000
E0000000
E0000000
E0000000
E0000000
E0000000
E0000000
E0000000
E0000000
E0000000
E0000000
E0000000
FFFFFFFF
FFFFFFFF
7FFFFFFF
ENDCHAR
STARTCHAR ebreve
ENCODING 277
SWIDTH 523 0
DWIDTH 39 0
BBX 32 57 4 -1
BITMAP
01000020
03000070
03800060
03800060
03800060
018000E0
01C000E0
01C000C0
00C001C0
00E00180
00700380
00780F00
003FFE00
000FFC00
0003F000
00000000
00000000
00000000
00000000
0007F800
003FFE00
00FFFF80
01F807C0
07C001E0
0F8000F0
0E000078
1E000038
3C00001C
3800001C
7800000E
7000000E
7000000E
7000000E
F0000006
E0000007
E0000007
FFFFFFFF
FFFFFFFE
E0000000
E0000000
E0000000
E0000000
F0000000
70000000
70000000
70000000
78000000
38000000
3C000000
1E000000
0F00000E
0780003E
03E000FC
01FE0FF8
00FFFFE0
001FFF00
0000F000
ENDCHAR
STARTCHAR Edotaccent
ENCODING 278
SWIDTH 570 0
DWIDTH 43 0
BBX 32 66 7 0
BITMAP
0001E000
0003E000
0003F000
0001E000
0000C000
00000000
00000000
00000000
00000000
00000000
00000000
00000000
00000000
7FFFFFFF
FFFFFFFF
FFFFFFFF
E0000000
E0000000
E0000000
E0000000
E0000000
E0000000
E0000000
E0000000
E0000000
E0000000
E0000000
E0000000
E0000000
E0000000
E0000000
E0000000
E0000000
E0000000
E0000000
E0000000
E0000000
E0000000
FFFFFFFE
FFFFFFFE
FFFFFFFC
E0000000
E0000000
E0000000
E0000000
E0000000
E0000000
E0000000
E0000000
E0000000
E0000000
E0000000
E0000000
E0000000
E0000000
E0000000
E0000000
E0000000
E0000000
E0000000
E0000000
E0000000
E0000000
FFFFFFFF
FFFFFFFF
7FFFFFFF
ENDCHAR
STARTCHAR edotaccent
ENCODING 279
SWIDTH 523 0
DWIDTH 39 0
BBX 32 52 4 -1
BITMAP
0001E000
0003E000
0003E000
0003E000
0001C000
00000000
00000000
00000000
00000000
00000000
00000000
00000000
00000000
00000000
0007F800
003FFE00
00FFFF80
01F807C0
07C001E0
0F8000F0
0E000078
1E000038
3C00001C
3800001C
7800000E
7000000E
7000000E
7000000E
F0000006
E0000007
E0000007
FFFFFFFF
FFFFFFFE
E0000000
E0000000
E0000000
E0000000
F0000000
70000000
70000000
70000000
78000000
38000000
3C000000
1E000000
0F00000E
0780003E
03E000FC
01FE0FF8
00FFFFE0
001FFF00
0000F000
ENDCHAR
STARTCHAR Eogonek
ENCODING 280
SWIDTH 570 0
DWIDTH 43 0
BBX 33 67 7 -14
BITMAP
7FFFFFFF00
FFFFFFFF00
FFFFFFFF00
E000000000
E000000000
E000000000
E000000000
E000000000
E000000000
E000000000
E000000000
E000000000
E000000000
E000000000
E000000000
E000000000
E000000000
E000000000
E000000000
E000000000
E000000000
E000000000
E000000000
E000000000
E000000000
FFFFFFFE00
FFFFFFFE00
FFFFFFFC00
E000000000
E000000000
E000000000
E000000000
E000000000
E000000000
E000000000
E000000000
E000000000
E000000000
E000000000
E000000000
E000000000
E000000000
E000000000
E000000000
E000000000
E000000000
E000000000
E000000000
E000000000
E000000000
FFFFFFFF00
FFFFFFFF00
7FFFFFFF00
000000F800
000001E000
000001C000
0000038000
0000038000
0000038000
0000070000
0000070000
0000070000
0000038000
000003C000
000001FF80
000000FF80
0000007F80
ENDCHAR
STARTCHAR eogonek
ENCODING 281
SWIDTH 523 0
DWIDTH 39 0
BBX 32 51 4 -14
BITMAP
0007F800
003FFE00
00FFFF80
01F807C0
07C001E0
0F8000F0
0E000078
1E000038
3C00001C
3800001C
7800000E
7000000E
7000000E
7000000E
F0000006
E0000007
E0000007
FFFFFFFF
FFFFFFFE
E0000000
E0000000
E0000000
E0000000
F0000000
70000000
70000000
70000000
78000000
38000000
3C000000
1E000000
0F00000E
0780003E
03E000FC
01FE0FF8
00FFFFE0
001FFF00
0000F800
0001E000
0001C000
00038000
00038000
00070000
00070000
00070000
00070000
00038000
0003C000
0001F780
0001FF80
00007F80
ENDCHAR
STARTCHAR Ecaron
ENCODING 282
SWIDTH 570 0
DWIDTH 43 0
BBX 32 71 7 0
BITMAP
01000020
01800060
01C000E0
00E001C0
00700380
00780780
00380700
001C0E00
001E1E00
000F3C00
0007F800
0003F000
0003F000
0001E000
00000000
00000000
00000000
00000000
7FFFFFFF
FFFFFFFF
FFFFFFFF
E0000000
E0000000
E0000000
E0000000
E0000000
E0000000
E0000000
E0000000
E0000000
E0000000
E0000000
E0000000
E0000000
E0000000
E0000000
E0000000
E0000000
E0000000
E0000000
E0000000
E0000000
E0000000
FFFFFFFE
FFFFFFFE
FFFFFFFC
E0000000
E0000000
E0000000
E0000000
E0000000
E0000000
E0000000
E0000000
E0000000
E0000000
E0000000
E0000000
E0000000
E0000000
E0000000
E0000000
E0000000
E0000000
E0000000
E0000000
E0000000
E0000000
FFFFFFFF
FFFFFFFF
7FFFFFFF
ENDCHAR
STARTCHAR ecaron
ENCODING 283
SWIDTH 523 0
DWIDTH 39 0
BBX 32 58 4 -1
BITMAP
00800040
01C000C0
00C001C0
00E00380
00700380
00700700
00380700
003C0E00
001C1E00
000E1C00
000E3C00
00073800
0007F000
0003F000
0003E000
0001E000
00008000
00000000
00000000
00000000
0007F800
003FFE00
00FFFF80
01F807C0
07C001E0
0F8000F0
0E000078
1E000038
3C00001C
3800001C
7800000E
7000000E
7000000E
7000000E
F0000006
E0000007
E0000007
FFFFFFFF
FFFFFFFE
E0000000
E0000000
E0000000
E0000000
F0000000
70000000
70000000
70000000
78000000
38000000
3C000000
1E000000
0F00000E
0780003E
03E000FC
01FE0FF8
00FFFFE0
001FFF00
0000F000
ENDCHAR
STARTCHAR Gcircumflex
ENCODING 284
SWIDTH 718 0
DWIDTH 54 0
BBX 42 72 5 -1
BITMAP
000001000000
000007C00000
000007E00000
00000FE00000
00001EF00000
00001C780000
0000383C0000
0000781C0000
0000F00E0000
0000E00F0000
0001C0070000
000380038000
00038001C000
00070000C000
000000000000
000000000000
000000000000
000000000000
0000FFFE0000
0007FFFFC000
001FFFFFF800
003F8003FC00
007C00007F00
01F000001F80
03E0000007C0
03C0000003C0
078000000180
0F0000000000
0E0000000000
1E0000000000
1C0000000000
3C0000000000
380000000000
780000000000
780000000000
700000000000
700000000000
700000000000
F00000000000
F00000000000
F00000000000
F00000000000
E00000000000
E00000000000
E000003FFF80
E000007FFFC0
E000007FFFC0
E000000001C0
F000000001C0
F000000001C0
F000000001C0
7000000001C0
7000000001C0
7000000001C0
7800000001C0
7800000001C0
3800000001C0
3C00000001C0
1C00000001C0
1E00000001C0
0E00000001C0
0F00000001C0
0780000001C0
03C0000001C0
03E0000001C0
01F8000001C0
007C000003C0
003F80003FC0
001FFFBFFF80
0003FFFFFE00
0000FFFFE000
000001E00000
ENDCHAR
STARTCHAR gcircumflex
ENCODING 285
SWIDTH 570 0
DWIDTH 43 0
BBX 32 71 4 -14
BITMAP
0000E000
0001F000
0001F000
0003F800
0003B800
00079C00
00071C00
000E0E00
000E0F00
001C0700
003C0380
00380380
007001C0
007000C0
00E000E0
00C00060
00000000
00000000
00000000
00000000
000FF002
007FFE07
01FFFF87
03F80FC7
07C003E7
0F0000F7
1E00007F
1C00003F
3C00001F
3800001F
7800000F
7000000F
70000007
F0000007
E0000007
E0000007
E0000007
E0000007
E0000007
E0000007
E0000007
E0000007
F0000007
70000007
7000000F
7800000F
7800000F
3C00001F
3C00003F
1E00007F
0F0000F7
078001E7
03F007C7
01FFFF87
007FFF07
001FF807
00000007
00000007
00000007
00000007
00000007
0000000F
0000000E
0000001E
1C00001E
1E00003C
1F800078
07F003F0
03FFFFE0
007FFF80
000FFE00
ENDCHAR
STARTCHAR Gbreve
ENCODING 286
SWIDTH 718 0
DWIDTH 54 0
BBX 42 71 5 -1
BITMAP
000C00006000
000E00006000
000E00006000
000E0000E000
00060000E000
00070000C000
00070001C000
000380038000
0001C0078000
0001F00F0000
00007FFE0000
00003FF80000
00000FE00000
000000000000
000000000000
000000000000
000000000000
0000FFFE0000
0007FFFFC000
001FFFFFF800
003F8003FC00
007C00007F00
01F000001F80
03E0000007C0
03C0000003C0
078000000180
0F0000000000
0E0000000000
1E0000000000
1C0000000000
3C0000000000
380000000000
780000000000
780000000000
700000000000
700000000000
700000000000
F00000000000
F00000000000
F00000000000
F00000000000
E00000000000
E00000000000
E000003FFF80
E000007FFFC0
E000007FFFC0
E000000001C0
F000000001C0
F000000001C0
F000000001C0
7000000001C0
7000000001C0
7000000001C0
7800000001C0
7800000001C0
3800000001C0
3C00000001C0
1C00000001C0
1E00000001C0
0E00000001C0
0F00000001C0
0780000001C0
03C0000001C0
03E0000001C0
01F8000001C0
007C000003C0
003F80003FC0
001FFFBFFF80
0003FFFFFE00
0000FFFFE000
000001E00000
ENDCHAR
STARTCHAR gbreve
ENCODING 287
SWIDTH 570 0
DWIDTH 43 0
BBX 32 70 4 -14
BITMAP
00800010
01800030
01800030
01C00030
01C00070
01C00070
00C00070
00E00060
00E000E0
007001C0
003803C0
003C0780
001FFF00
000FFE00
0003F800
00000000
00000000
00000000
00000000
000FF002
007FFE07
01FFFF87
03F80FC7
07C003E7
0F0000F7
1E00007F
1C00003F
3C00001F
3800001F
7800000F
7000000F
70000007
F0000007
E0000007
E0000007
E0000007
E0000007
E0000007
E0000007
E0000007
E0000007
F0000007
70000007
7000000F
7800000F
7800000F
3C00001F
3C00003F
1E00007F
0F0000F7
078001E7
03F007C7
01FFFF87
007FFF07
001FF807
00000007
00000007
00000007
00000007
00000007
0000000F
0000000E
0000001E
1C00001E
1E00003C
1F800078
07F003F0
03FFFFE0
007FFF80
000FFE00
ENDCHAR
STARTCHAR Gdotaccent
ENCODING 288
SWIDTH 718 0
DWIDTH 54 0
BBX 42 67 5 -1
BITMAP
000003C00000
000007C00000
000007C00000
000007C00000
000003800000
000000000000
000000000000
000000000000
000000000000
000000000000
000000000000
000000000000
000000000000
0000FFFE0000
0007FFFFC000
001FFFFFF800
003F8003FC00
007C00007F00
01F000001F80
03E0000007C0
03C0000003C0
078000000180
0F0000000000
0E0000000000
1E0000000000
1C0000000000
3C0000000000
380000000000
780000000000
780000000000
700000000000
700000000000
700000000000
F00000000000
F00000000000
F00000000000
F00000000000
E00000000000
E00000000000
E000003FFF80
E000007FFFC0
E000007FFFC0
E000000001C0
F000000001C0
F000000001C0
F000000001C0
7000000001C0
7000000001C0
7000000001C0
7800000001C0
7800000001C0
3800000001C0
3C00000001C0
1C00000001C0
1E00000001C0
0E00000001C0
0F00000001C0
0780000001C0
03C0000001C0
03E0000001C0
01F8000001C0
007C000003C0
003F80003FC0
001FFFBFFF80
0003FFFFFE00
0000FFFFE000
000001E00000
ENDCHAR
STARTCHAR gdotaccent
ENCODING 289
SWIDTH 570 0
DWIDTH 43 0
BBX 32 65 4 -14
BITMAP
0001F000
0001F000
0001F000
0001F000
0000E000
00000000
00000000
00000000
00000000
00000000
00000000
00000000
00000000
00000000
000FF002
007FFE07
01FFFF87
03F80FC7
07C003E7
0F0000F7
1E00007F
1C00003F
3C00001F
3800001F
7800000F
7000000F
70000007
F0000007
E0000007
E0000007
E0000007
E0000007
E0000007
E0000007
E0000007
E0000007
F0000007
70000007
7000000F
7800000F
7800000F
3C00001F
3C00003F
1E00007F
0F0000F7
078001E7
03F007C7
01FFFF87
007FFF07
001FF807
00000007
00000007
00000007
00000007
00000007
0000000F
0000000E
0000001E
1C00001E
1E00003C
1F800078
07F003F0
03FFFFE0
007FFF80
000FFE00
ENDCHAR
STARTCHAR uni0122
ENCODING 290
SWIDTH 718 0
DWIDTH 54 0
BBX 42 72 5 -19
BITMAP
0000FFFE0000
0007FFFFC000
001FFFFFF800
003F8003FC00
007C00007F00
01F000001F80
03E0000007C0
03C0000003C0
078000000180
0F0000000000
0E0000000000
1E0000000000
1C0000000000
3C0000000000
380000000000
780000000000
780000000000
700000000000
700000000000
700000000000
F00000000000
F00000000000
F00000000000
F00000000000
E00000000000
E00000000000
E000003FFF80
E000007FFFC0
E000007FFFC0
E000000001C0
F000000001C0
F000000001C0
F000000001C0
7000000001C0
7000000001C0
7000000001C0
7800000001C0
7800000001C0
3800000001C0
3C00000001C0
1C00000001C0
1E00000001C0
0E00000001C0
0F00000001C0
0780000001C0
03C0000001C0
03E0000001C0
01F8000001C0
007C000003C0
003F80003FC0
001FFFBFFF80
0003FFFFFE00
0000FFFFE000
000001E00000
000000000000
000000000000
000000000000
000000000000
000000000000
000001800000
000003C00000
000007E00000
000007E00000
000003E00000
000001E00000
000000E00000
000000E00000
000000C00000
000001C00000
000001C00000
000003800000
000003000000
ENDCHAR
STARTCHAR uni0123
ENCODING 291
SWIDTH 570 0
DWIDTH 43 0
BBX 32 69 4 -14
BITMAP
00007000
00007000
0000E000
0000E000
0001C000
0001C000
0001C000
0001E000
0001F000
0001F000
0001F000
0000F000
00000000
00000000
00000000
00000000
00000000
00000000
000FF002
007FFE07
01FFFF87
03F80FC7
07C003E7
0F0000F7
1E00007F
1C00003F
3C00001F
3800001F
7800000F
7000000F
70000007
F0000007
E0000007
E0000007
E0000007
E0000007
E0000007
E0000007
E0000007
E0000007
F0000007
70000007
7000000F
7800000F
7800000F
3C00001F
3C00003F
1E00007F
0F0000F7
078001E7
03F007C7
01FFFF87
007FFF07
001FF807
00000007
00000007
00000007
00000007
00000007
0000000F
0000000E
0000001E
1C00001E
1E00003C
1F800078
07F003F0
03FFFFE0
007FFF80
000FFE00
ENDCHAR
STARTCHAR Hcircumflex
ENCODING 292
SWIDTH 751 0
DWIDTH 56 0
BBX 42 71 7 0
BITMAP
00000C000000
00001E000000
00003F000000
00007F800000
000073C00000
0000F1C00000
0001E1E00000
0001C0F00000
000380700000
000700380000
000F001C0000
000E001E0000
001C000E0000
001800060000
000000000000
000000000000
000000000000
000000000000
E000000001C0
E000000001C0
E000000001C0
E000000001C0
E000000001C0
E000000001C0
E000000001C0
E000000001C0
E000000001C0
E000000001C0
E000000001C0
E000000001C0
E000000001C0
E000000001C0
E000000001C0
E000000001C0
E000000001C0
E000000001C0
E000000001C0
E000000001C0
E000000001C0
E000000001C0
E000000001C0
E000000001C0
E000000001C0
FFFFFFFFFFC0
FFFFFFFFFFC0
FFFFFFFFFFC0
E000000001C0
E000000001C0
E000000001C0
E000000001C0
E000000001C0
E000000001C0
E000000001C0
E000000001C0
E000000001C0
E000000001C0
E000000001C0
E000000001C0
E000000001C0
E000000001C0
E000000001C0
E000000001C0
E000000001C0
E000000001C0
E000000001C0
E000000001C0
E000000001C0
E000000001C0
E000000001C0
E000000001C0
E000000001C0
ENDCHAR
STARTCHAR hcircumflex
ENCODING 293
SWIDTH 553 0
DWIDTH 41 0
BBX 29 71 6 0
BITMAP
00030000
00078000
000FC000
001FE000
003DE000
0038F000
00787800
00F03800
00E01C00
01C00E00
03800F00
07000700
07000380
06000180
00000000
00000000
00000000
00000000
60000000
F0000000
F0000000
F0000000
F0000000
F0000000
F0000000
F0000000
F0000000
F0000000
F0000000
F0000000
F0000000
F0000000
F0000000
F0000000
F007F000
F03FFE00
F0FFFF80
F3F00FC0
F7C003E0
F70000E0
FE0000F0
FC000070
FC000078
F8000038
F0000038
F0000038
F0000038
F0000038
F0000038
F0000038
F0000038
F0000038
F0000038
F0000038
F0000038
F0000038
F0000038
F0000038
F0000038
F0000038
F0000038
F0000038
F0000038
F0000038
F0000038
F0000038
F0000038
F0000038
F0000038
F0000038
E0000038
ENDCHAR
STARTCHAR Hbar
ENCODING 294
SWIDTH 781 0
DWIDTH 59 0
BBX 57 53 1 0
BITMAP
01C0000000038000
01C0000000038000
01C0000000038000
01C0000000038000
01C0000000038000
01C0000000038000
01C0000000038000
01C0000000038000
01C0000000038000
01C0000000038000
01C0000000038000
FFFFFFFFFFFFFF80
FFFFFFFFFFFFFF80
01C0000000038000
01C0000000038000
01C0000000038000
01C0000000038000
01C0000000038000
01C0000000038000
01C0000000038000
01C0000000038000
01C0000000038000
01C0000000038000
01C0000000038000
01C0000000038000
01FFFFFFFFFF8000
01FFFFFFFFFF8000
01FFFFFFFFFF8000
01C0000000038000
01C0000000038000
01C0000000038000
01C0000000038000
01C0000000038000
01C0000000038000
01C0000000038000
01C0000000038000
01C0000000038000
01C0000000038000
01C0000000038000
01C0000000038000
01C0000000038000
01C0000000038000
01C0000000038000
01C0000000038000
01C0000000038000
01C0000000038000
01C0000000038000
01C0000000038000
01C0000000038000
01C0000000038000
01C0000000038000
01C0000000038000
01C0000000038000
ENDCHAR
STARTCHAR hbar
ENCODING 295
SWIDTH 553 0
DWIDTH 41 0
BBX 36 53 -1 0
BITMAP
00C0000000
01E0000000
01E0000000
01E0000000
01E0000000
01E0000000
01E0000000
01E0000000
7FFFFF8000
FFFFFF8000
7FFFFF8000
01E0000000
01E0000000
01E0000000
01E0000000
01E0000000
01E00FE000
01E07FFC00
01E1FFFF00
01E7E01F80
01EF8007C0
01EE0001C0
01FC0001E0
01F80000E0
01F80000F0
01F0000070
01E0000070
01E0000070
01E0000070
01E0000070
01E0000070
01E0000070
01E0000070
01E0000070
01E0000070
01E0000070
01E0000070
01E0000070
01E0000070
01E0000070
01E0000070
01E0000070
01E0000070
01E0000070
01E0000070
01E0000070
01E0000070
01E0000070
01E0000070
01E0000070
01E0000070
01E0000070
01C0000070
ENDCHAR
STARTCHAR Itilde
ENCODING 296
SWIDTH 234 0
DWIDTH 18 0
BBX 29 69 -6 0
BITMAP
01C00018
0FF00018
1FFC0018
3C3E0038
780F8030
7007C070
6003F1E0
E000FFC0
E0003F80
40000000
00000000
00000000
00000000
00000000
00000000
00000000
00070000
00070000
00070000
00070000
00070000
00070000
00070000
00070000
00070000
00070000
00070000
00070000
00070000
00070000
00070000
00070000
00070000
00070000
00070000
00070000
00070000
00070000
00070000
00070000
00070000
00070000
00070000
00070000
00070000
00070000
00070000
00070000
00070000
00070000
00070000
00070000
00070000
00070000
00070000
00070000
00070000
00070000
00070000
00070000
00070000
00070000
00070000
00070000
00070000
00070000
00070000
00070000
00070000
ENDCHAR
STARTCHAR itilde
ENCODING 297
SWIDTH 212 0
DWIDTH 16 0
BBX 25 54 -5 0
BITMAP
07C00180
0FE00180
1FF00180
383C0380
701E0380
700F0700
6007FE00
6003FE00
E000F800
40000000
00000000
00000000
00000000
00000000
00000000
00000000
00000000
00080000
001C0000
001E0000
001E0000
001E0000
001E0000
001E0000
001E0000
001E0000
001E0000
001E0000
001E0000
001E0000
001E0000
001E0000
001E0000
001E0000
001E0000
001E0000
001E0000
001E0000
001E0000
001E0000
001E0000
001E0000
001E0000
001E0000
001E0000
001E0000
001E0000
001E0000
001E0000
001E0000
001E0000
001E0000
001E0000
000C0000
ENDCHAR
STARTCHAR Imacron
ENCODING 298
SWIDTH 234 0
DWIDTH 18 0
BBX 23 65 -3 0
BITMAP
3FFFFC
FFFFFE
FFFFFE
000000
000000
000000
000000
000000
000000
000000
000000
000000
003800
003800
003800
003800
003800
003800
003800
003800
003800
003800
003800
003800
003800
003800
003800
003800
003800
003800
003800
003800
003800
003800
003800
003800
003800
003800
003800
003800
003800
003800
003800
003800
003800
003800
003800
003800
003800
003800
003800
003800
003800
003800
003800
003800
003800
003800
003800
003800
003800
003800
003800
003800
003800
ENDCHAR
STARTCHAR imacron
ENCODING 299
SWIDTH 212 0
DWIDTH 16 0
BBX 21 50 -3 0
BITMAP
7FFFF8
FFFFF8
3FFFF0
000000
000000
000000
000000
000000
000000
000000
000000
000000
000000
002000
007000
007800
007800
007800
007800
007800
007800
007800
007800
007800
007800
007800
007800
007800
007800
007800
007800
007800
007800
007800
007800
007800
007800
007800
007800
007800
007800
007800
007800
007800
007800
007800
007800
007800
007800
003000
ENDCHAR
STARTCHAR Ibreve
ENCODING 300
SWIDTH 234 0
DWIDTH 18 0
BBX 24 70 -3 0
BITMAP
C00006
E00007
E00006
E00006
60000E
70000C
30001C
380038
1C0078
0F00F0
07FFE0
03FF80
00FE00
000000
000000
000000
000000
003800
003800
003800
003800
003800
003800
003800
003800
003800
003800
003800
003800
003800
003800
003800
003800
003800
003800
003800
003800
003800
003800
003800
003800
003800
003800
003800
003800
003800
003800
003800
003800
003800
003800
003800
003800
003800
003800
003800
003800
003800
003800
003800
003800
003800
003800
003800
003800
003800
003800
003800
003800
003800
ENDCHAR
STARTCHAR ibreve
ENCODING 301
SWIDTH 212 0
DWIDTH 16 0
BBX 22 56 -3 0
BITMAP
400008
E0001C
E0001C
E00018
600018
600018
700038
700038
380070
380070
1C00E0
0F03C0
07FF80
03FF00
00FC00
000000
000000
000000
000000
002000
007000
007800
007800
007800
007800
007800
007800
007800
007800
007800
007800
007800
007800
007800
007800
007800
007800
007800
007800
007800
007800
007800
007800
007800
007800
007800
007800
007800
007800
007800
007800
007800
007800
007800
007800
003000
ENDCHAR
STARTCHAR Iogonek
ENCODING 302
SWIDTH 234 0
DWIDTH 18 0
BBX 12 67 2 -14
BITMAP
0700
0700
0700
0700
0700
0700
0700
0700
0700
0700
0700
0700
0700
0700
0700
0700
0700
0700
0700
0700
0700
0700
0700
0700
0700
0700
0700
0700
0700
0700
0700
0700
0700
0700
0700
0700
0700
0700
0700
0700
0700
0700
0700
0700
0700
0700
0700
0700
0700
0700
0700
0700
0F00
1E00
3C00
7800
7000
E000
E000
E000
E000
E000
E000
7000
7EF0
3FF0
0FE0
ENDCHAR
STARTCHAR iogonek
ENCODING 303
SWIDTH 212 0
DWIDTH 16 0
BBX 12 65 1 -14
BITMAP
0780
0FC0
0FC0
0780
0300
0000
0000
0000
0000
0000
0000
0000
0000
0000
0200
0700
0780
0780
0780
0780
0780
0780
0780
0780
0780
0780
0780
0780
0780
0780
0780
0780
0780
0780
0780
0780
0780
0780
0780
0780
0780
0780
0780
0780
0780
0780
0780
0780
0780
0780
0F00
1E00
3C00
3800
7000
7000
E000
E000
E000
E000
F000
7000
7EF0
3FF0
0FF0
ENDCHAR
STARTCHAR Idotaccent
ENCODING 304
SWIDTH 234 0
DWIDTH 18 0
BBX 5 66 6 0
BITMAP
78
F8
F8
F8
70
00
00
00
00
00
00
00
00
70
70
70
70
70
70
70
70
70
70
70
70
70
70
70
70
70
70
70
70
70
70
70
70
70
70
70
70
70
70
70
70
70
70
70
70
70
70
70
70
70
70
70
70
70
70
70
70
70
70
70
70
70
ENDCHAR
STARTCHAR dotlessi
ENCODING 305
SWIDTH 212 0
DWIDTH 16 0
BBX 4 37 6 0
BITMAP
40
E0
F0
F0
F0
F0
F0
F0
F0
F0
F0
F0
F0
F0
F0
F0
F0
F0
F0
F0
F0
F0
F0
F0
F0
F0
F0
F0
F0
F0
F0
F0
F0
F0
F0
F0
60
ENDCHAR
STARTCHAR IJ
ENCODING 306
SWIDTH 531 0
DWIDTH 40 0
BBX 26 53 7 0
BITMAP
E0000180
E00003C0
E00003C0
E00003C0
E00003C0
E00003C0
E00003C0
E00003C0
E00003C0
E00003C0
E00003C0
E00003C0
E00003C0
E00003C0
E00003C0
E00003C0
E00003C0
E00003C0
E00003C0
E00003C0
E00003C0
E00003C0
E00003C0
E00003C0
E00003C0
E00003C0
E00003C0
E00003C0
E00003C0
E00003C0
E00003C0
E00003C0
E00003C0
E00003C0
E00003C0
E00003C0
E00003C0
E00003C0
E00003C0
E00003C0
E00003C0
E00003C0
E0000380
E0000380
E0000380
E0000780
E0000700
E0000F00
E0001E00
E0007C00
E01FF800
E03FF000
E03F8000
ENDCHAR
STARTCHAR Jcircumflex
ENCODING 308
SWIDTH 297 0
DWIDTH 22 0
BBX 25 71 -1 0
BITMAP
00020000
000F8000
000F8000
001FC000
003DE000
0078F000
00707000
00E03800
01E03C00
01C01C00
03800E00
07000700
0E000380
0E000380
00000000
00000000
00000000
00000000
00070000
00070000
00070000
00070000
00070000
00070000
00070000
00070000
00070000
00070000
00070000
00070000
00070000
00070000
00070000
00070000
00070000
00070000
00070000
00070000
00070000
00070000
00070000
00070000
00070000
00070000
00070000
00070000
00070000
00070000
00070000
00070000
00070000
00070000
00070000
00070000
00070000
00070000
00070000
00070000
00070000
00070000
00070000
000F0000
000E0000
000E0000
001E0000
003C0000
007C0000
01F80000
3FF00000
FFC00000
FF000000
ENDCHAR
STARTCHAR jcircumflex
ENCODING 309
SWIDTH 215 0
DWIDTH 16 0
BBX 22 71 -4 -14
BITMAP
001800
003C00
007E00
007E00
00F700
00E780
01E380
01C3C0
0381C0
0380E0
0700E0
060070
0E0070
1C0038
1C0018
18001C
000000
000000
000000
000000
001800
001C00
001C00
001C00
001C00
001C00
001C00
001C00
001C00
001C00
001C00
001C00
001C00
001C00
001C00
001C00
001C00
001C00
001C00
001C00
001C00
001C00
001C00
001C00
001C00
001C00
001C00
001C00
001C00
001C00
001C00
001C00
001C00
001C00
001C00
001C00
001C00
001C00
001C00
001C00
003C00
003C00
003800
003800
007800
007000
00F000
03E000
3FC000
FF8000
FE0000
ENDCHAR
STARTCHAR uni0136
ENCODING 310
SWIDTH 590 0
DWIDTH 44 0
BBX 36 72 7 -19
BITMAP
E0000001C0
E0000003C0
E000000F80
E000001F00
E000003E00
E000007C00
E00000F000
E00001E000
E00003C000
E000078000
E0001F0000
E0003E0000
E0007C0000
E000F00000
E001E00000
E003C00000
E007800000
E00F000000
E03E000000
E07C000000
E0F8000000
E1E0000000
E3C0000000
E780000000
EF00000000
FE00000000
FE00000000
FF00000000
EF80000000
E3C0000000
E1E0000000
E0F8000000
E07C000000
E03E000000
E01F000000
E007800000
E003C00000
E001F00000
E000F80000
E0007C0000
E0003E0000
E0000F0000
E000078000
E00003E000
E00001F000
E00000F800
E000007C00
E000003E00
E000000F00
E000000780
E0000003E0
E0000001F0
E0000000F0
0000000000
0000000000
0000000000
0000000000
0000000000
0000000000
0003800000
0007C00000
0007C00000
0007C00000
0007C00000
0003C00000
0000C00000
0001C00000
0001C00000
0001800000
0003800000
0007000000
0002000000
ENDCHAR
STARTCHAR uni0137
ENCODING 311
SWIDTH 468 0
DWIDTH 35 0
BBX 27 72 6 -19
BITMAP
60000000
F0000000
F0000000
F0000000
F0000000
F0000000
F0000000
F0000000
F0000000
F0000000
F0000000
F0000000
F0000000
F0000000
F0000000
F0000000
F0000180
F0000380
F0000F80
F0001F00
F0003E00
F0007C00
F000F000
F001E000
F003C000
F0078000
F00F0000
F03E0000
F07C0000
F0F80000
F1E00000
F3C00000
F7800000
FF000000
FE000000
FF800000
F7C00000
F3E00000
F0F00000
F0780000
F03C0000
F01F0000
F00F8000
F007C000
F001E000
F000F000
F0007800
F0003E00
F0001F00
F0000F80
F00003C0
F00001E0
E00000E0
00000000
00000000
00000000
00000000
00000000
00000000
00380000
007C0000
007C0000
007C0000
007C0000
003C0000
001C0000
001C0000
001C0000
00380000
00380000
00700000
00200000
ENDCHAR
STARTCHAR kgreenlandic
ENCODING 312
SWIDTH 468 0
DWIDTH 35 0
BBX 27 37 6 0
BITMAP
60000180
F0000380
F0000F80
F0001F00
F0003E00
F0007C00
F000F000
F001E000
F003C000
F0078000
F00F0000
F03E0000
F07C0000
F0F80000
F1E00000
F3C00000
F7800000
FF000000
FE000000
FF800000
F7C00000
F3E00000
F0F00000
F0780000
F03C0000
F01F0000
F00F8000
F007C000
F001E000
F000F000
F0007800
F0003E00
F0001F00
F0000F80
F00003C0
F00001E0
E00000E0
ENDCHAR
STARTCHAR Lacute
ENCODING 313
SWIDTH 527 0
DWIDTH 40 0
BBX 32 71 7 0
BITMAP
00200000
00700000
00F00000
01E00000
01E00000
03C00000
07800000
07000000
0E000000
1E000000
1C000000
38000000
70000000
60000000
00000000
00000000
00000000
00000000
E0000000
E0000000
E0000000
E0000000
E0000000
E0000000
E0000000
E0000000
E0000000
E0000000
E0000000
E0000000
E0000000
E0000000
E0000000
E0000000
E0000000
E0000000
E0000000
E0000000
E0000000
E0000000
E0000000
E0000000
E0000000
E0000000
E0000000
E0000000
E0000000
E0000000
E0000000
E0000000
E0000000
E0000000
E0000000
E0000000
E0000000
E0000000
E0000000
E0000000
E0000000
E0000000
E0000000
E0000000
E0000000
E0000000
E0000000
E0000000
E0000000
E0000000
FFFFFFFF
FFFFFFFF
7FFFFFFF
ENDCHAR
STARTCHAR lacute
ENCODING 314
SWIDTH 275 0
DWIDTH 21 0
BBX 14 72 6 -1
BITMAP
0020
0070
00F0
00F0
01E0
03C0
0780
0700
0E00
1E00
1C00
3800
7000
6000
0000
0000
0000
0000
6000
F000
F000
F000
F000
F000
F000
F000
F000
F000
F000
F000
F000
F000
F000
F000
F000
F000
F000
F000
F000
F000
F000
F000
F000
F000
F000
F000
F000
F000
F000
F000
F000
F000
F000
F000
F000
F000
F000
F000
F000
F000
F000
F000
7000
7000
7000
7800
3800
3C00
1F80
0FFC
07FC
0070
ENDCHAR
STARTCHAR uni013B
ENCODING 315
SWIDTH 527 0
DWIDTH 40 0
BBX 32 72 7 -19
BITMAP
E0000000
E0000000
E0000000
E0000000
E0000000
E0000000
E0000000
E0000000
E0000000
E0000000
E0000000
E0000000
E0000000
E0000000
E0000000
E0000000
E0000000
E0000000
E0000000
E0000000
E0000000
E0000000
E0000000
E0000000
E0000000
E0000000
E0000000
E0000000
E0000000
E0000000
E0000000
E0000000
E0000000
E0000000
E0000000
E0000000
E0000000
E0000000
E0000000
E0000000
E0000000
E0000000
E0000000
E0000000
E0000000
E0000000
E0000000
E0000000
E0000000
E0000000
FFFFFFFF
FFFFFFFF
7FFFFFFF
00000000
00000000
00000000
00000000
00000000
00000000
00018000
0007C000
0007E000
0007E000
0007E000
0003E000
0000C000
0000C000
0001C000
0001C000
00038000
00038000
00030000
ENDCHAR
STARTCHAR uni013C
ENCODING 316
SWIDTH 275 0
DWIDTH 21 0
BBX 14 72 6 -19
BITMAP
6000
F000
F000
F000
F000
F000
F000
F000
F000
F000
F000
F000
F000
F000
F000
F000
F000
F000
F000
F000
F000
F000
F000
F000
F000
F000
F000
F000
F000
F000
F000
F000
F000
F000
F000
F000
F000
F000
F000
F000
F000
F000
F000
F000
7000
7000
7000
7800
3800
3C00
1F80
0FFC
07FC
0070
0000
0000
0000
0000
0000
0380
07C0
07C0
07C0
07C0
03C0
01C0
01C0
01C0
0380
0380
0700
0200
ENDCHAR
STARTCHAR Lcaron
ENCODING 317
SWIDTH 527 0
DWIDTH 40 0
BBX 32 53 7 0
BITMAP
E0070000
E00F0000
E00F0000
E00F0000
E00F0000
E00F0000
E00F0000
E00F0000
E00E0000
E00E0000
E00E0000
E00E0000
E00E0000
E00E0000
E00E0000
E0060000
E0040000
E0000000
E0000000
E0000000
E0000000
E0000000
E0000000
E0000000
E0000000
E0000000
E0000000
E0000000
E0000000
E0000000
E0000000
E0000000
E0000000
E0000000
E0000000
E0000000
E0000000
E0000000
E0000000
E0000000
E0000000
E0000000
E0000000
E0000000
E0000000
E0000000
E0000000
E0000000
E0000000
E0000000
FFFFFFFF
FFFFFFFF
7FFFFFFF
ENDCHAR
STARTCHAR lcaron
ENCODING 318
SWIDTH 275 0
DWIDTH 21 0
BBX 14 54 6 -1
BITMAP
61E0
F1E0
F1E0
F1E0
F1C0
F1C0
F1C0
F1C0
F1C0
F1C0
F1C0
F1C0
F1C0
F180
F000
F000
F000
F000
F000
F000
F000
F000
F000
F000
F000
F000
F000
F000
F000
F000
F000
F000
F000
F000
F000
F000
F000
F000
F000
F000
F000
F000
F000
F000
7000
7000
7000
7800
3800
3C00
1F80
0FFC
07FC
0070
ENDCHAR
STARTCHAR Ldot
ENCODING 319
SWIDTH 527 0
DWIDTH 40 0
BBX 32 53 7 0
BITMAP
E0000000
E0000000
E0000000
E0000000
E0000000
E0000000
E0000000
E0000000
E0000000
E0000000
E0000000
E0000000
E0000000
E0000000
E0000000
E0000000
E0000000
E0000000
E0000000
E0000000
E0000000
E0000000
E0000F00
E0001F00
E0001F80
E0001F80
E0000F00
E0000000
E0000000
E0000000
E0000000
E0000000
E0000000
E0000000
E0000000
E0000000
E0000000
E0000000
E0000000
E0000000
E0000000
E0000000
E0000000
E0000000
E0000000
E0000000
E0000000
E0000000
E0000000
E0000000
FFFFFFFF
FFFFFFFF
7FFFFFFF
ENDCHAR
STARTCHAR ldot
ENCODING 320
SWIDTH 275 0
DWIDTH 21 0
BBX 15 54 6 -1
BITMAP
6000
F000
F000
F000
F000
F000
F000
F000
F000
F000
F000
F000
F000
F000
F000
F000
F000
F000
F000
F000
F000
F000
F000
F000
F03C
F03E
F03E
F03E
F03C
F000
F000
F000
F000
F000
F000
F000
F000
F000
F000
F000
F000
F000
F000
F000
7000
7000
7000
7800
3800
3C00
1F80
0FFC
07FC
0070
ENDCHAR
STARTCHAR Lslash
ENCODING 321
SWIDTH 527 0
DWIDTH 40 0
BBX 40 53 -1 0
BITMAP
00E0000000
00E0000000
00E0000000
00E0000000
00E0000000
00E0000000
00E0000000
00E0000000
00E0000000
00E0000000
00E0000000
00E0000000
00E0000000
00E0000000
00E0000000
00E0000000
00E0018000
00E003C000
00E00F8000
00E03F0000
00E0FC0000
00E1F00000
00E7E00000
00FF800000
00FE000000
00F8000000
03F0000000
0FE0000000
3FE0000000
7EE0000000
F8E0000000
60E0000000
00E0000000
00E0000000
00E0000000
00E0000000
00E0000000
00E0000000
00E0000000
00E0000000
00E0000000
00E0000000
00E0000000
00E0000000
00E0000000
00E0000000
00E0000000
00E0000000
00E0000000
00E0000000
00FFFFFFFF
00FFFFFFFF
007FFFFFFF
ENDCHAR
STARTCHAR lslash
ENCODING 322
SWIDTH 275 0
DWIDTH 21 0
BBX 20 54 0 -1
BITMAP
018000
03C000
03C000
03C000
03C000
03C000
03C000
03C000
03C000
03C000
03C000
03C000
03C000
03C000
03C000
03C000
03C000
03C000
03C000
03C000
03C080
03C3C0
03CFC0
03DF00
03FE00
03F800
07E000
0FC000
3FC000
FFC000
F3C000
E3C000
03C000
03C000
03C000
03C000
03C000
03C000
03C000
03C000
03C000
03C000
03C000
03C000
01C000
01C000
01C000
01E000
00E000
00F000
007E00
003FF0
001FF0
0001C0
ENDCHAR
STARTCHAR Nacute
ENCODING 323
SWIDTH 732 0
DWIDTH 55 0
BBX 41 71 7 0
BITMAP
000000040000
0000001E0000
0000001E0000
0000003C0000
000000780000
000000700000
000000F00000
000001E00000
000001C00000
000003800000
000007000000
000007000000
00000E000000
00000C000000
000000000000
000000000000
000000000000
000000000000
E00000000380
F00000000380
F80000000380
F80000000380
FC0000000380
FE0000000380
EF0000000380
E70000000380
E78000000380
E3C000000380
E1C000000380
E0E000000380
E0F000000380
E07800000380
E03800000380
E01C00000380
E01E00000380
E00F00000380
E00700000380
E00780000380
E003C0000380
E001E0000380
E000E0000380
E000F0000380
E00078000380
E0003C000380
E0001C000380
E0001E000380
E0000F000380
E00007000380
E00003800380
E00003C00380
E00001E00380
E00000E00380
E00000700380
E00000780380
E000003C0380
E000001C0380
E000001E0380
E000000F0380
E00000078380
E00000038380
E0000003C380
E0000001E380
E0000000F380
E00000007380
E00000007B80
E00000003F80
E00000001F80
E00000000F80
E00000000F80
E00000000780
E00000000380
ENDCHAR
STARTCHAR nacute
ENCODING 324
SWIDTH 553 0
DWIDTH 41 0
BBX 29 57 6 0
BITMAP
00000300
00000700
00000F00
00000F00
00001E00
00001C00
00003C00
00003800
00007800
00007000
0000E000
0000E000
0001C000
0001C000
00038000
00030000
00000000
00000000
00000000
00000000
6007F000
E03FFE00
E0FFFF80
E3F00FC0
E7C003E0
E70000E0
EE0000F0
FC000070
FC000078
F8000038
F0000038
F0000038
F0000038
F0000038
F0000038
F0000038
F0000038
F0000038
F0000038
F0000038
F0000038
F0000038
F0000038
F0000038
F0000038
F0000038
F0000038
F0000038
F0000038
F0000038
F0000038
F0000038
F0000038
F0000038
F0000038
F0000038
E0000038
ENDCHAR
STARTCHAR uni0145
ENCODING 325
SWIDTH 732 0
DWIDTH 55 0
BBX 41 72 7 -19
BITMAP
E00000000380
F00000000380
F80000000380
F80000000380
FC0000000380
FE0000000380
EF0000000380
E70000000380
E78000000380
E3C000000380
E1C000000380
E0E000000380
E0F000000380
E07800000380
E03800000380
E01C00000380
E01E00000380
E00F00000380
E00700000380
E00780000380
E003C0000380
E001E0000380
E000E0000380
E000F0000380
E00078000380
E0003C000380
E0001C000380
E0001E000380
E0000F000380
E00007000380
E00003800380
E00003C00380
E00001E00380
E00000E00380
E00000700380
E00000780380
E000003C0380
E000001C0380
E000001E0380
E000000F0380
E00000078380
E00000038380
E0000003C380
E0000001E380
E0000000F380
E00000007380
E00000007B80
E00000003F80
E00000001F80
E00000000F80
E00000000F80
E00000000780
E00000000380
000000000000
000000000000
000000000000
000000000000
000000000000
000000000000
00001C000000
00003E000000
00003E000000
00003E000000
00003E000000
00001E000000
00000E000000
00000E000000
00000C000000
00001C000000
00001C000000
000038000000
000010000000
ENDCHAR
STARTCHAR uni0146
ENCODING 326
SWIDTH 553 0
DWIDTH 41 0
BBX 29 56 6 -19
BITMAP
6007F000
E03FFE00
E0FFFF80
E3F00FC0
E7C003E0
E70000E0
EE0000F0
FC000070
FC000078
F8000038
F0000038
F0000038
F0000038
F0000038
F0000038
F0000038
F0000038
F0000038
F0000038
F0000038
F0000038
F0000038
F0000038
F0000038
F0000038
F0000038
F0000038
F0000038
F0000038
F0000038
F0000038
F0000038
F0000038
F0000038
F0000038
F0000038
E0000038
00000000
00000000
00000000
00000000
00000000
00000000
00070000
000F8000
000F8000
000FC000
000FC000
00078000
00018000
00038000
00038000
00030000
00070000
00060000
00060000
ENDCHAR
STARTCHAR Ncaron
ENCODING 327
SWIDTH 732 0
DWIDTH 55 0
BBX 41 71 7 0
BITMAP
001000040000
0038000E0000
001C001C0000
001C003C0000
000E00380000
000700700000
000380E00000
0003C1E00000
0001E3C00000
0000E3800000
0000F7800000
00007F000000
00003E000000
00001C000000
000000000000
000000000000
000000000000
000000000000
E00000000380
F00000000380
F80000000380
F80000000380
FC0000000380
FE0000000380
EF0000000380
E70000000380
E78000000380
E3C000000380
E1C000000380
E0E000000380
E0F000000380
E07800000380
E03800000380
E01C00000380
E01E00000380
E00F00000380
E00700000380
E00780000380
E003C0000380
E001E0000380
E000E0000380
E000F0000380
E00078000380
E0003C000380
E0001C000380
E0001E000380
E0000F000380
E00007000380
E00003800380
E00003C00380
E00001E00380
E00000E00380
E00000700380
E00000780380
E000003C0380
E000001C0380
E000001E0380
E000000F0380
E00000078380
E00000038380
E0000003C380
E0000001E380
E0000000F380
E00000007380
E00000007B80
E00000003F80
E00000001F80
E00000000F80
E00000000F80
E00000000780
E00000000380
ENDCHAR
STARTCHAR ncaron
ENCODING 328
SWIDTH 553 0
DWIDTH 41 0
BBX 29 57 6 0
BITMAP
02000100
07000300
03000700
03800E00
01C00E00
01C01C00
00E01C00
00F03800
00707800
00387000
0038F000
001CE000
001FC000
000FC000
000F8000
00078000
00020000
00000000
00000000
00000000
6007F000
E03FFE00
E0FFFF80
E3F00FC0
E7C003E0
E70000E0
EE0000F0
FC000070
FC000078
F8000038
F0000038
F0000038
F0000038
F0000038
F0000038
F0000038
F0000038
F0000038
F0000038
F0000038
F0000038
F0000038
F0000038
F0000038
F0000038
F0000038
F0000038
F0000038
F0000038
F0000038
F0000038
F0000038
F0000038
F0000038
F0000038
F0000038
E0000038
ENDCHAR
STARTCHAR napostrophe
ENCODING 329
SWIDTH 553 0
DWIDTH 41 0
BBX 35 56 0 0
BITMAP
7000000000
F800000000
F800000000
F800000000
F800000000
7800000000
3800000000
3800000000
3000000000
7000000000
7000000000
E000000000
4000000000
0000000000
0000000000
0000000000
0000000000
0000000000
0000000000
01801FC000
0380FFF800
0383FFFE00
038FC03F00
039F000F80
039C000380
03B80003C0
03F00001C0
03F00001E0
03E00000E0
03C00000E0
03C00000E0
03C00000E0
03C00000E0
03C00000E0
03C00000E0
03C00000E0
03C00000E0
03C00000E0
03C00000E0
03C00000E0
03C00000E0
03C00000E0
03C00000E0
03C00000E0
03C00000E0
03C00000E0
03C00000E0
03C00000E0
03C00000E0
03C00000E0
03C00000E0
03C00000E0
03C00000E0
03C00000E0
03C00000E0
03800000E0
ENDCHAR
STARTCHAR Eng
ENCODING 330
SWIDTH 732 0
DWIDTH 55 0
BBX 41 67 7 -14
BITMAP
E00000000380
F00000000380
F80000000380
F80000000380
FC0000000380
FE0000000380
EF0000000380
E70000000380
E78000000380
E3C000000380
E1C000000380
E0E000000380
E0F000000380
E07800000380
E03800000380
E01C00000380
E01E00000380
E00F00000380
E00700000380
E00780000380
E003C0000380
E001E0000380
E000E0000380
E000F0000380
E00078000380
E0003C000380
E0001C000380
E0001E000380
E0000F000380
E00007000380
E00003800380
E00003C00380
E00001E00380
E00000E00380
E00000700380
E00000780380
E000003C0380
E000001C0380
E000001E0380
E000000F0380
E00000078380
E00000038380
E0000003C380
E0000001E380
E0000000F380
E00000007380
E00000007B80
E00000003F80
E00000001F80
E00000000F80
E00000000F80
E00000000780
E00000000380
000000000380
000000000380
000000000380
000000000380
000000000380
000000000700
000000000700
000000000700
000000000E00
000000001E00
000000007C00
00000007F800
0000003FF000
0000001FC000
ENDCHAR
STARTCHAR eng
ENCODING 331
SWIDTH 553 0
DWIDTH 41 0
BBX 29 51 6 -14
BITMAP
6007F000
E03FFE00
E0FFFF80
E3F00FC0
E7C003E0
E70000E0
EE0000F0
FC000070
FC000078
F8000038
F0000038
F0000038
F0000038
F0000038
F0000038
F0000038
F0000038
F0000038
F0000038
F0000038
F0000038
F0000038
F0000038
F0000038
F0000038
F0000038
F0000038
F0000038
F0000038
F0000038
F0000038
F0000038
F0000038
F0000038
F0000038
F0000038
E0000038
00000038
00000038
00000038
00000038
00000038
00000038
00000078
00000070
000000F0
000001E0
000003E0
00007FC0
0001FF00
0001FC00
ENDCHAR
STARTCHAR Omacron
ENCODING 332
SWIDTH 751 0
DWIDTH 56 0
BBX 46 66 5 -1
BITMAP
0007FFFF8000
001FFFFFE000
000FFFFFE000
000000000000
000000000000
000000000000
000000000000
000000000000
000000000000
000000000000
000000000000
000000000000
0000FFFC0000
0007FFFF8000
001FFFFFE000
003F8003F800
00FC0000FC00
01F000003E00
03E000001F00
03C000000780
078000000780
0F00000003C0
0E00000001E0
1E00000000E0
1C00000000F0
3C0000000070
380000000070
780000000078
780000000038
700000000038
70000000003C
70000000003C
F0000000003C
F0000000001C
F0000000001C
F0000000001C
E0000000001C
E0000000001C
E0000000001C
E0000000001C
E0000000001C
E0000000001C
F0000000001C
F0000000001C
F0000000003C
70000000003C
70000000003C
700000000038
780000000038
380000000078
380000000070
3C0000000070
1C00000000F0
1E00000000E0
0E00000001E0
0F00000003C0
078000000380
03C000000780
03E000000F00
01F000003E00
00FC0000FC00
003F0003F800
001FFEFFE000
0007FFFF8000
0001FFFE0000
000003400000
ENDCHAR
STARTCHAR omacron
ENCODING 333
SWIDTH 538 0
DWIDTH 40 0
BBX 32 51 4 -1
BITMAP
03FFFFE0
03FFFFE0
01FFFFC0
00000000
00000000
00000000
00000000
00000000
00000000
00000000
00000000
00000000
00000000
000FF000
007FFE00
01FFFF80
03F00FC0
07C003E0
0F0000F0
1E000078
1C00003C
3C00001C
3800001E
7800000E
7000000E
7000000F
F0000007
F0000007
E0000007
E0000007
E0000007
E0000007
E0000007
E0000007
E0000007
E0000007
F0000007
70000007
7000000F
7000000E
7800001E
3800001C
3C00003C
1E000038
0F000078
0F8001F0
07E003E0
03FC3FC0
00FFFF00
003FFC00
00018000
ENDCHAR
STARTCHAR Obreve
ENCODING 334
SWIDTH 751 0
DWIDTH 56 0
BBX 46 71 5 -1
BITMAP
000C00006000
001C0000E000
000C0000E000
000C0000C000
000E0000C000
000E0001C000
000700018000
000700038000
0003C0070000
0001E01E0000
0000FFFC0000
00007FF80000
00000FE00000
000000000000
000000000000
000000000000
000000000000
0000FFFC0000
0007FFFF8000
001FFFFFE000
003F8003F800
00FC0000FC00
01F000003E00
03E000001F00
03C000000780
078000000780
0F00000003C0
0E00000001E0
1E00000000E0
1C00000000F0
3C0000000070
380000000070
780000000078
780000000038
700000000038
70000000003C
70000000003C
F0000000003C
F0000000001C
F0000000001C
F0000000001C
E0000000001C
E0000000001C
E0000000001C
E0000000001C
E0000000001C
E0000000001C
F0000000001C
F0000000001C
F0000000003C
70000000003C
70000000003C
700000000038
780000000038
380000000078
380000000070
3C0000000070
1C00000000F0
1E00000000E0
0E00000001E0
0F00000003C0
078000000380
03C000000780
03E000000F00
01F000003E00
00FC0000FC00
003F0003F800
001FFEFFE000
0007FFFF8000
0001FFFE0000
000003400000
ENDCHAR
STARTCHAR obreve
ENCODING 335
SWIDTH 538 0
DWIDTH 40 0
BBX 32 57 4 -1
BITMAP
02000040
070000E0
070000E0
030000E0
030000E0
038000C0
038000C0
018001C0
01C00180
00C00380
00E00700
00780F00
003FFE00
001FF800
0007E000
00000000
00000000
00000000
00000000
000FF000
007FFE00
01FFFF80
03F00FC0
07C003E0
0F0000F0
1E000078
1C00003C
3C00001C
3800001E
7800000E
7000000E
7000000F
F0000007
F0000007
E0000007
E0000007
E0000007
E0000007
E0000007
E0000007
E0000007
E0000007
F0000007
70000007
7000000F
7000000E
7800001E
3800001C
3C00003C
1E000038
0F000078
0F8001F0
07E003E0
03FC3FC0
00FFFF00
003FFC00
00018000
ENDCHAR
STARTCHAR Ohungarumlaut
ENCODING 336
SWIDTH 751 0
DWIDTH 56 0
BBX 46 72 5 -1
BITMAP
000000404000
000000E0E000
000000E0E000
000001E1E000
000001C1C000
000003838000
000003838000
000007070000
000006070000
00000E0E0000
00000C0C0000
0000181C0000
000018180000
000030300000
000000000000
000000000000
000000000000
000000000000
0000FFFC0000
0007FFFF8000
001FFFFFE000
003F8003F800
00FC0000FC00
01F000003E00
03E000001F00
03C000000780
078000000780
0F00000003C0
0E00000001E0
1E00000000E0
1C00000000F0
3C0000000070
380000000070
780000000078
780000000038
700000000038
70000000003C
70000000003C
F0000000003C
F0000000001C
F0000000001C
F0000000001C
E0000000001C
E0000000001C
E0000000001C
E0000000001C
E0000000001C
E0000000001C
F0000000001C
F0000000001C
F0000000003C
70000000003C
70000000003C
700000000038
780000000038
380000000078
380000000070
3C0000000070
1C00000000F0
1E00000000E0
0E00000001E0
0F00000003C0
078000000380
03C000000780
03E000000F00
01F000003E00
00FC0000FC00
003F0003F800
001FFEFFE000
0007FFFF8000
0001FFFE0000
000003400000
ENDCHAR
STARTCHAR ohungarumlaut
ENCODING 337
SWIDTH 538 0
DWIDTH 40 0
BBX 32 58 4 -1
BITMAP
0000C0C0
0001E1E0
0001C1E0
0001C1C0
0003C3C0
00038380
00038380
00070380
00070700
00070700
00060600
000E0E00
000C0E00
000C0C00
001C0C00
00181800
00000000
00000000
00000000
00000000
000FF000
007FFE00
01FFFF80
03F00FC0
07C003E0
0F0000F0
1E000078
1C00003C
3C00001C
3800001E
7800000E
7000000E
7000000F
F0000007
F0000007
E0000007
E0000007
E0000007
E0000007
E0000007
E0000007
E0000007
E0000007
F0000007
70000007
7000000F
7000000E
7800001E
3800001C
3C00003C
1E000038
0F000078
0F8001F0
07E003E0
03FC3FC0
00FFFF00
003FFC00
00018000
ENDCHAR
STARTCHAR OE
ENCODING 338
SWIDTH 1038 0
DWIDTH 78 0
BBX 70 53 5 0
BITMAP
00000FFFFFFFFFFFF8
0000FFFFFFFFFFFFFC
0007FFFFFFFFFFFFF8
001FF0000700000000
003F00000700000000
00FC00000700000000
01F000000700000000
03E000000700000000
07C000000700000000
078000000700000000
0F0000000700000000
1E0000000700000000
1C0000000700000000
3C0000000700000000
380000000700000000
380000000700000000
780000000700000000
700000000700000000
700000000700000000
700000000700000000
F00000000700000000
F00000000700000000
F00000000700000000
F00000000700000000
E00000000700000000
E000000007FFFFFFF0
E000000007FFFFFFF0
E000000007FFFFFFE0
E00000000700000000
E00000000700000000
F00000000700000000
F00000000700000000
F00000000700000000
700000000700000000
700000000700000000
700000000700000000
780000000700000000
380000000700000000
380000000700000000
3C0000000700000000
1C0000000700000000
1E0000000700000000
0F0000000700000000
0F8000000700000000
078000000700000000
03E000000700000000
01F000000700000000
00FC00000700000000
007F00000700000000
001FF0000700000000
0007FFFFFFFFFFFFF8
0001FFFFFFFFFFFFFC
00000FFFFFFFFFFFF8
ENDCHAR
STARTCHAR oe
ENCODING 339
SWIDTH 906 0
DWIDTH 68 0
BBX 60 38 4 -1
BITMAP
000FF000003FC000
007FFE0001FFF000
01FFFF8007FFFC00
03F00FC00FC07E00
07C003E01E000F00
0F0000F03C000780
1E000078780003C0
1C000038F00001C0
3C00001CE00001E0
3800001DE00000E0
7800000FC00000E0
7000000FC0000070
7000000F80000070
F000000780000070
F000000780000070
E000000780000070
E000000780000070
E0000007FFFFFFF0
E0000007FFFFFFF0
E000000700000000
E000000700000000
E000000780000000
E000000780000000
F000000780000000
7000000780000000
7000000F80000000
7000000FC0000000
7800001FC0000000
3800001DE0000000
3C00003CE0000000
1E000038F0000000
0F000070780000E0
0F8001F03C0001F0
07E003E01F0007E0
03FC3FC00FF07F80
00FFFF0007FFFE00
003FFC0000FFF800
0001800000078000
ENDCHAR
STARTCHAR Racute
ENCODING 340
SWIDTH 654 0
DWIDTH 49 0
BBX 38 71 7 0
BITMAP
0000002000
0000007000
000000F000
000000F000
000001E000
000003C000
0000038000
0000070000
00000F0000
00001E0000
00001C0000
0000380000
0000700000
0000300000
0000000000
0000000000
0000000000
0000000000
7FFFFF0000
FFFFFFF000
FFFFFFFC00
E00000FF00
E000001F80
E0000007C0
E0000003C0
E0000001E0
E0000000E0
E0000000F0
E000000070
E000000070
E000000070
E000000070
E000000078
E000000070
E000000070
E000000070
E000000070
E0000000F0
E0000000F0
E0000000E0
E0000001E0
E0000003C0
E000000780
E000001F00
E00003FE00
FFFFFFF800
FFFFFFC000
FFFFFF8000
E00007C000
E00001E000
E00000F000
E000007800
E000003800
E000003C00
E000001C00
E000000E00
E000000F00
E000000700
E000000780
E000000380
E0000003C0
E0000001C0
E0000001E0
E0000000E0
E0000000F0
E000000070
E000000078
E000000038
E00000001C
E00000001C
E00000000C
ENDCHAR
STARTCHAR racute
ENCODING 341
SWIDTH 327 0
DWIDTH 25 0
BBX 19 57 6 0
BITMAP
0000C0
0001E0
0001E0
0003C0
0003C0
000780
000700
000F00
000E00
001E00
001C00
003800
003800
007000
006000
00E000
000000
000000
000000
000000
600FC0
E07FC0
E0FF80
E3F000
E7C000
EF0000
EE0000
FC0000
F80000
F80000
F00000
F00000
F00000
F00000
F00000
F00000
F00000
F00000
F00000
F00000
F00000
F00000
F00000
F00000
F00000
F00000
F00000
F00000
F00000
F00000
F00000
F00000
F00000
F00000
F00000
F00000
E00000
ENDCHAR
STARTCHAR uni0156
ENCODING 342
SWIDTH 654 0
DWIDTH 49 0
BBX 38 72 7 -19
BITMAP
7FFFFF0000
FFFFFFF000
FFFFFFFC00
E00000FF00
E000001F80
E0000007C0
E0000003C0
E0000001E0
E0000000E0
E0000000F0
E000000070
E000000070
E000000070
E000000070
E000000078
E000000070
E000000070
E000000070
E000000070
E0000000F0
E0000000F0
E0000000E0
E0000001E0
E0000003C0
E000000780
E000001F00
E00003FE00
FFFFFFF800
FFFFFFC000
FFFFFF8000
E00007C000
E00001E000
E00000F000
E000007800
E000003800
E000003C00
E000001C00
E000000E00
E000000F00
E000000700
E000000780
E000000380
E0000003C0
E0000001C0
E0000001E0
E0000000E0
E0000000F0
E000000070
E000000078
E000000038
E00000001C
E00000001C
E00000000C
0000000000
0000000000
0000000000
0000000000
0000000000
0000000000
0000600000
0000F00000
0001F80000
0001F80000
0000F80000
0000780000
0000380000
0000300000
0000700000
0000700000
0000E00000
0000E00000
0000C00000
ENDCHAR
STARTCHAR uni0157
ENCODING 343
SWIDTH 327 0
DWIDTH 25 0
BBX 19 56 5 -19
BITMAP
3007E0
703FE0
707FC0
71F800
73E000
778000
770000
7E0000
7C0000
7C0000
780000
780000
780000
780000
780000
780000
780000
780000
780000
780000
780000
780000
780000
780000
780000
780000
780000
780000
780000
780000
780000
780000
780000
780000
780000
780000
700000
000000
000000
000000
000000
000000
000000
300000
780000
FC0000
FC0000
7C0000
7C0000
180000
180000
380000
380000
700000
700000
600000
ENDCHAR
STARTCHAR Rcaron
ENCODING 344
SWIDTH 654 0
DWIDTH 49 0
BBX 38 71 7 0
BITMAP
0080001000
00C0003000
00E0007000
007000E000
003801C000
003C03C000
001E038000
000E070000
00070F0000
00079E0000
0003FC0000
0001F80000
0001F80000
0000F00000
0000000000
0000000000
0000000000
0000000000
7FFFFF0000
FFFFFFF000
FFFFFFFC00
E00000FF00
E000001F80
E0000007C0
E0000003C0
E0000001E0
E0000000E0
E0000000F0
E000000070
E000000070
E000000070
E000000070
E000000078
E000000070
E000000070
E000000070
E000000070
E0000000F0
E0000000F0
E0000000E0
E0000001E0
E0000003C0
E000000780
E000001F00
E00003FE00
FFFFFFF800
FFFFFFC000
FFFFFF8000
E00007C000
E00001E000
E00000F000
E000007800
E000003800
E000003C00
E000001C00
E000000E00
E000000F00
E000000700
E000000780
E000000380
E0000003C0
E0000001C0
E0000001E0
E0000000E0
E0000000F0
E000000070
E000000078
E000000038
E00000001C
E00000001C
E00000000C
ENDCHAR
STARTCHAR rcaron
ENCODING 345
SWIDTH 327 0
DWIDTH 25 0
BBX 19 57 6 0
BITMAP
400040
C000E0
E000C0
7001C0
700380
380380
380700
1C0700
0E0E00
0E1E00
071C00
073800
03B800
03F000
01F000
01E000
004000
000000
000000
000000
600FC0
E07FC0
E0FF80
E3F000
E7C000
EF0000
EE0000
FC0000
F80000
F80000
F00000
F00000
F00000
F00000
F00000
F00000
F00000
F00000
F00000
F00000
F00000
F00000
F00000
F00000
F00000
F00000
F00000
F00000
F00000
F00000
F00000
F00000
F00000
F00000
F00000
F00000
E00000
ENDCHAR
STARTCHAR Sacute
ENCODING 346
SWIDTH 600 0
DWIDTH 45 0
BBX 38 72 4 -1
BITMAP
0000001000
0000003800
0000007800
000000F000
000000F000
000001E000
000003C000
0000038000
0000070000
00000F0000
00000E0000
00001C0000
0000380000
0000300000
0000000000
0000000000
0000000000
0000000000
000FFFE000
003FFFF800
00FFFFFF00
03F8003F80
07E0000FC0
0F800003F0
0F000000F0
1E00000070
3C00000020
3800000000
3800000000
7800000000
7800000000
7000000000
7000000000
7000000000
7800000000
7800000000
3800000000
3C00000000
3C00000000
1E00000000
0F00000000
07C0000000
03F8000000
01FFC00000
007FFE0000
000FFFE000
00007FF800
000003FE00
0000003F80
00000007C0
00000003E0
00000000F0
0000000078
0000000078
0000000038
0000000038
000000003C
000000003C
000000003C
0000000038
0000000038
0000000038
0000000078
E0000000F0
F0000000F0
FC000001E0
3F000007C0
1FE0001F80
07FFEFFF00
01FFFFFC00
003FFFE000
0000780000
ENDCHAR
STARTCHAR sacute
ENCODING 347
SWIDTH 475 0
DWIDTH 36 0
BBX 27 58 4 -1
BITMAP
00000600
00000700
00000F00
00000E00
00001E00
00003C00
00003C00
00007800
00007000
0000F000
0000E000
0001C000
0001C000
00038000
00038000
00030000
00000000
00000000
00000000
00000000
003FE000
01FFFC00
03FFFF00
0FE03F80
1F0007C0
1E0001E0
3C0000C0
38000000
38000000
78000000
78000000
38000000
38000000
3C000000
3C000000
1F000000
0FC00000
07FC0000
01FFC000
007FF800
0007FE00
00007F80
00000FC0
000003C0
000001E0
000000E0
000000E0
000000E0
000000E0
000000E0
000001E0
E00001C0
F80003C0
7E000F80
3FF1FF00
0FFFFE00
01FFF800
000E0000
ENDCHAR
STARTCHAR Scircumflex
ENCODING 348
SWIDTH 600 0
DWIDTH 45 0
BBX 38 72 4 -1
BITMAP
0000200000
0000780000
0000FC0000
0001FC0000
0003DE0000
00038F0000
0007878000
000F038000
000E01C000
001C00E000
003800E000
0070007000
0070003800
00E0001800
0000000000
0000000000
0000000000
0000000000
000FFFE000
003FFFF800
00FFFFFF00
03F8003F80
07E0000FC0
0F800003F0
0F000000F0
1E00000070
3C00000020
3800000000
3800000000
7800000000
7800000000
7000000000
7000000000
7000000000
7800000000
7800000000
3800000000
3C00000000
3C00000000
1E00000000
0F00000000
07C0000000
03F8000000
01FFC00000
007FFE0000
000FFFE000
00007FF800
000003FE00
0000003F80
00000007C0
00000003E0
00000000F0
0000000078
0000000078
0000000038
0000000038
000000003C
000000003C
000000003C
0000000038
0000000038
0000000038
0000000078
E0000000F0
F0000000F0
FC000001E0
3F000007C0
1FE0001F80
07FFEFFF00
01FFFFFC00
003FFFE000
0000780000
ENDCHAR
STARTCHAR scircumflex
ENCODING 349
SWIDTH 475 0
DWIDTH 36 0
BBX 27 58 4 -1
BITMAP
00070000
000F8000
000F8000
001FC000
001DC000
0038E000
0038E000
00707000
00F07000
00E03800
01C01C00
01C01C00
03800E00
03800E00
07000700
06000300
00000000
00000000
00000000
00000000
003FE000
01FFFC00
03FFFF00
0FE03F80
1F0007C0
1E0001E0
3C0000C0
38000000
38000000
78000000
78000000
38000000
38000000
3C000000
3C000000
1F000000
0FC00000
07FC0000
01FFC000
007FF800
0007FE00
00007F80
00000FC0
000003C0
000001E0
000000E0
000000E0
000000E0
000000E0
000000E0
000001E0
E00001C0
F80003C0
7E000F80
3FF1FF00
0FFFFE00
01FFF800
000E0000
ENDCHAR
STARTCHAR Scedilla
ENCODING 350
SWIDTH 600 0
DWIDTH 45 0
BBX 38 67 4 -14
BITMAP
000FFFE000
003FFFF800
00FFFFFF00
03F8003F80
07E0000FC0
0F800003F0
0F000000F0
1E00000070
3C00000020
3800000000
3800000000
7800000000
7800000000
7000000000
7000000000
7000000000
7800000000
7800000000
3800000000
3C00000000
3C00000000
1E00000000
0F00000000
07C0000000
03F8000000
01FFC00000
007FFE0000
000FFFE000
00007FF800
000003FE00
0000003F80
00000007C0
00000003E0
00000000F0
0000000078
0000000078
0000000038
0000000038
000000003C
000000003C
000000003C
0000000038
0000000038
0000000038
0000000078
E0000000F0
F0000000F0
FC000001E0
3F000007C0
1FE0001F80
07FFEFFF00
01FFFFFC00
003FFFE000
0000780000
0000700000
0000700000
0000760000
00007FC000
00007FE000
000040E000
000000F000
0000007000
000000E000
000000E000
0003EFE000
0003FFC000
0001FF0000
ENDCHAR
STARTCHAR scedilla
ENCODING 351
SWIDTH 475 0
DWIDTH 36 0
BBX 27 51 4 -14
BITMAP
003FE000
01FFFC00
03FFFF00
0FE03F80
1F0007C0
1E0001E0
3C0000C0
38000000
38000000
78000000
78000000
38000000
38000000
3C000000
3C000000
1F000000
0FC00000
07FC0000
01FFC000
007FF800
0007FE00
00007F80
00000FC0
000003C0
000001E0
000000E0
000000E0
000000E0
000000E0
000000E0
000001E0
E00001C0
F80003C0
7E000F80
3FF1FF00
0FFFFE00
01FFF800
000E0000
000E0000
000C0000
001D8000
001FF000
001FF800
00083C00
00001C00
00001C00
00001C00
00003C00
00FDF800
00FFF000
003FC000
ENDCHAR
STARTCHAR Scaron
ENCODING 352
SWIDTH 600 0
DWIDTH 45 0
BBX 38 72 4 -1
BITMAP
0040001000
00E0003800
0070003800
0038007000
003C00E000
001C01C000
000E03C000
0007038000
0007870000
0003CF0000
0001FE0000
0001FC0000
0000F80000
0000780000
0000000000
0000000000
0000000000
0000000000
000FFFE000
003FFFF800
00FFFFFF00
03F8003F80
07E0000FC0
0F800003F0
0F000000F0
1E00000070
3C00000020
3800000000
3800000000
7800000000
7800000000
7000000000
7000000000
7000000000
7800000000
7800000000
3800000000
3C00000000
3C00000000
1E00000000
0F00000000
07C0000000
03F8000000
01FFC00000
007FFE0000
000FFFE000
00007FF800
000003FE00
0000003F80
00000007C0
00000003E0
00000000F0
0000000078
0000000078
0000000038
0000000038
000000003C
000000003C
000000003C
0000000038
0000000038
0000000038
0000000078
E0000000F0
F0000000F0
FC000001E0
3F000007C0
1FE0001F80
07FFEFFF00
01FFFFFC00
003FFFE000
0000780000
ENDCHAR
STARTCHAR scaron
ENCODING 353
SWIDTH 475 0
DWIDTH 36 0
BBX 27 58 4 -1
BITMAP
02000200
07000700
07000700
03800E00
03800C00
01C01C00
00E03800
00E03800
00707000
00707000
0038E000
003DE000
001DC000
001FC000
000F8000
00070000
00020000
00000000
00000000
00000000
003FE000
01FFFC00
03FFFF00
0FE03F80
1F0007C0
1E0001E0
3C0000C0
38000000
38000000
78000000
78000000
38000000
38000000
3C000000
3C000000
1F000000
0FC00000
07FC0000
01FFC000
007FF800
0007FE00
00007F80
00000FC0
000003C0
000001E0
000000E0
000000E0
000000E0
000000E0
000000E0
000001E0
E00001C0
F80003C0
7E000F80
3FF1FF00
0FFFFE00
01FFF800
000E0000
ENDCHAR
STARTCHAR uni0162
ENCODING 354
SWIDTH 586 0
DWIDTH 44 0
BBX 44 67 0 -14
BITMAP
FFFFFFFFFFF0
FFFFFFFFFFF0
FFFFFFFFFFF0
00000F000000
00000F000000
00000F000000
00000F000000
00000F000000
00000F000000
00000F000000
00000F000000
00000F000000
00000F000000
00000F000000
00000F000000
00000F000000
00000F000000
00000F000000
00000F000000
00000F000000
00000F000000
00000F000000
00000F000000
00000F000000
00000F000000
00000F000000
00000F000000
00000F000000
00000F000000
00000F000000
00000F000000
00000F000000
00000F000000
00000F000000
00000F000000
00000F000000
00000F000000
00000F000000
00000F000000
00000F000000
00000F000000
00000F000000
00000F000000
00000F000000
00000F000000
00000F000000
00000F000000
00000F000000
00000F000000
00000F000000
00000F000000
00000F000000
00000E000000
00000E000000
00000E000000
00000E000000
00000E800000
00000FF00000
00000FF80000
0000083C0000
0000001C0000
0000001C0000
0000001C0000
0000003C0000
0000FDF80000
0000FFF00000
00003FC00000
ENDCHAR
STARTCHAR uni0163
ENCODING 355
SWIDTH 320 0
DWIDTH 24 0
BBX 25 62 0 -14
BITMAP
00E00000
00E00000
00E00000
00E00000
00E00000
00E00000
00E00000
00E00000
00E00000
00E00000
00E00000
00E00000
FFFFFE00
FFFFFE00
00E00000
00E00000
00E00000
00E00000
00E00000
00E00000
00E00000
00E00000
00E00000
00E00000
00E00000
00E00000
00E00000
00E00000
00E00000
00E00000
00E00000
00E00000
00E00000
00E00000
00E00000
00E00000
00E00000
00E00000
00E00000
00E00000
00F00000
00F00000
00700000
00780000
003C0000
001F8700
000FFF80
0007FF00
00073000
00070000
00070000
00076000
0007F800
0007FE00
00040E00
00000E00
00000700
00000E00
00000E00
003EFC00
003FF800
001FF000
ENDCHAR
STARTCHAR Tcaron
ENCODING 356
SWIDTH 586 0
DWIDTH 44 0
BBX 44 71 0 0
BITMAP
000800010000
000C00030000
000E00070000
0007000E0000
0003801C0000
0003C03C0000
0001C0380000
0000E0700000
0000F0E00000
000079E00000
00003FC00000
00001F800000
00001F800000
00000F000000
000000000000
000000000000
000000000000
000000000000
FFFFFFFFFFF0
FFFFFFFFFFF0
FFFFFFFFFFF0
00000F000000
00000F000000
00000F000000
00000F000000
00000F000000
00000F000000
00000F000000
00000F000000
00000F000000
00000F000000
00000F000000
00000F000000
00000F000000
00000F000000
00000F000000
00000F000000
00000F000000
00000F000000
00000F000000
00000F000000
00000F000000
00000F000000
00000F000000
00000F000000
00000F000000
00000F000000
00000F000000
00000F000000
00000F000000
00000F000000
00000F000000
00000F000000
00000F000000
00000F000000
00000F000000
00000F000000
00000F000000
00000F000000
00000F000000
00000F000000
00000F000000
00000F000000
00000F000000
00000F000000
00000F000000
00000F000000
00000F000000
00000F000000
00000F000000
000006000000
ENDCHAR
STARTCHAR tcaron
ENCODING 357
SWIDTH 320 0
DWIDTH 24 0
BBX 25 54 0 -1
BITMAP
00007000
00007000
00007000
00007000
00007000
00E07000
00E07000
00E07000
00E06000
00E06000
00E06000
00E06000
00E06000
00E00000
00E00000
00E00000
00E00000
FFFFFE00
FFFFFE00
00E00000
00E00000
00E00000
00E00000
00E00000
00E00000
00E00000
00E00000
00E00000
00E00000
00E00000
00E00000
00E00000
00E00000
00E00000
00E00000
00E00000
00E00000
00E00000
00E00000
00E00000
00E00000
00E00000
00E00000
00E00000
00E00000
00F00000
00F00000
00700000
00780000
003C0000
001F8700
000FFF80
0007FF00
00003000
ENDCHAR
STARTCHAR Tbar
ENCODING 358
SWIDTH 586 0
DWIDTH 44 0
BBX 44 53 0 0
BITMAP
FFFFFFFFFFF0
FFFFFFFFFFF0
FFFFFFFFFFF0
00000F000000
00000F000000
00000F000000
00000F000000
00000F000000
00000F000000
00000F000000
00000F000000
00000F000000
00000F000000
00000F000000
00000F000000
00000F000000
00000F000000
00000F000000
00000F000000
00000F000000
00000F000000
00000F000000
00000F000000
00000F000000
00000F000000
007FFFFFE000
007FFFFFE000
003FFFFF8000
00000F000000
00000F000000
00000F000000
00000F000000
00000F000000
00000F000000
00000F000000
00000F000000
00000F000000
00000F000000
00000F000000
00000F000000
00000F000000
00000F000000
00000F000000
00000F000000
00000F000000
00000F000000
00000F000000
00000F000000
00000F000000
00000F000000
00000F000000
00000F000000
000006000000
ENDCHAR
STARTCHAR tbar
ENCODING 359
SWIDTH 320 0
DWIDTH 24 0
BBX 25 49 0 -1
BITMAP
00E00000
00E00000
00E00000
00E00000
00E00000
00E00000
00E00000
00E00000
00E00000
00E00000
00E00000
00E00000
FFFFFE00
FFFFFE00
00E00000
00E00000
00E00000
00E00000
00E00000
00E00000
00E00000
00E00000
00E00000
00E00000
00E00000
00E00000
1FFFF000
3FFFF800
3FFFF800
00E00000
00E00000
00E00000
00E00000
00E00000
00E00000
00E00000
00E00000
00E00000
00E00000
00E00000
00F00000
00F00000
00700000
00780000
003C0000
001F8700
000FFF80
0007FF00
00003000
ENDCHAR
STARTCHAR Utilde
ENCODING 360
SWIDTH 720 0
DWIDTH 54 0
BBX 40 70 7 -1
BITMAP
000C0000C0
007F8000E0
00FFE000C0
01E1F801C0
01C07C01C0
03803E0380
03000F8F80
030007FF00
070001FC00
0200000000
0000000000
0000000000
0000000000
0000000000
0000000000
0000000000
E000000007
E000000007
E000000007
E000000007
E000000007
E000000007
E000000007
E000000007
E000000007
E000000007
E000000007
E000000007
E000000007
E000000007
E000000007
E000000007
E000000007
E000000007
E000000007
E000000007
E000000007
E000000007
E000000007
E000000007
E000000007
E000000007
E000000007
E000000007
E000000007
E000000007
E000000007
E000000007
E000000007
E000000007
E000000007
E000000007
E000000007
E000000007
F00000000F
700000000E
700000000E
700000000E
780000001E
380000001C
3C0000003C
1E00000078
1F000000F0
0F800001F0
07E00007E0
03F8001FC0
00FFFFFF00
007FFFFC00
000FFFF000
00001C0000
ENDCHAR
STARTCHAR utilde
ENCODING 361
SWIDTH 545 0
DWIDTH 41 0
BBX 29 55 6 -1
BITMAP
01E00060
07F800E0
0FFC00E0
1E1E00C0
1C0F01C0
180783C0
3801FF80
3800FF00
30007E00
10000000
00000000
00000000
00000000
00000000
00000000
00000000
00000000
40000030
E0000070
E0000078
E0000078
E0000078
E0000078
E0000078
E0000078
E0000078
E0000078
E0000078
E0000078
E0000078
E0000078
E0000078
E0000078
E0000078
E0000078
E0000078
E0000078
E0000078
E0000078
E0000078
E0000078
E0000078
E0000078
F0000078
F00000F8
700000F8
700001F8
780003F8
380007F8
3C000F78
1F001E78
0FE1FC78
07FFF878
01FFE030
000C0000
ENDCHAR
STARTCHAR Umacron
ENCODING 362
SWIDTH 720 0
DWIDTH 54 0
BBX 40 66 7 -1
BITMAP
003FFFFC00
00FFFFFF00
00FFFFFF00
0000000000
0000000000
0000000000
0000000000
0000000000
0000000000
0000000000
0000000000
0000000000
E000000007
E000000007
E000000007
E000000007
E000000007
E000000007
E000000007
E000000007
E000000007
E000000007
E000000007
E000000007
E000000007
E000000007
E000000007
E000000007
E000000007
E000000007
E000000007
E000000007
E000000007
E000000007
E000000007
E000000007
E000000007
E000000007
E000000007
E000000007
E000000007
E000000007
E000000007
E000000007
E000000007
E000000007
E000000007
E000000007
E000000007
E000000007
F00000000F
700000000E
700000000E
700000000E
780000001E
380000001C
3C0000003C
1E00000078
1F000000F0
0F800001F0
07E00007E0
03F8001FC0
00FFFFFF00
007FFFFC00
000FFFF000
00001C0000
ENDCHAR
STARTCHAR umacron
ENCODING 363
SWIDTH 545 0
DWIDTH 41 0
BBX 29 51 6 -1
BITMAP
0FFFFF80
0FFFFF80
07FFFF00
00000000
00000000
00000000
00000000
00000000
00000000
00000000
00000000
00000000
00000000
40000030
E0000070
E0000078
E0000078
E0000078
E0000078
E0000078
E0000078
E0000078
E0000078
E0000078
E0000078
E0000078
E0000078
E0000078
E0000078
E0000078
E0000078
E0000078
E0000078
E0000078
E0000078
E0000078
E0000078
E0000078
E0000078
F0000078
F00000F8
700000F8
700001F8
780003F8
380007F8
3C000F78
1F001E78
0FE1FC78
07FFF878
01FFE030
000C0000
ENDCHAR
STARTCHAR Ubreve
ENCODING 364
SWIDTH 720 0
DWIDTH 54 0
BBX 40 71 7 -1
BITMAP
0040000200
00E0000700
00E0000700
0060000600
0070000E00
0070000E00
0038001C00
0038001C00
001C003800
000F00F000
0007FFE000
0003FFC000
00007E0000
0000000000
0000000000
0000000000
0000000000
E000000007
E000000007
E000000007
E000000007
E000000007
E000000007
E000000007
E000000007
E000000007
E000000007
E000000007
E000000007
E000000007
E000000007
E000000007
E000000007
E000000007
E000000007
E000000007
E000000007
E000000007
E000000007
E000000007
E000000007
E000000007
E000000007
E000000007
E000000007
E000000007
E000000007
E000000007
E000000007
E000000007
E000000007
E000000007
E000000007
E000000007
E000000007
F00000000F
700000000E
700000000E
700000000E
780000001E
380000001C
3C0000003C
1E00000078
1F000000F0
0F800001F0
07E00007E0
03F8001FC0
00FFFFFF00
007FFFFC00
000FFFF000
00001C0000
ENDCHAR
STARTCHAR ubreve
ENCODING 365
SWIDTH 545 0
DWIDTH 41 0
BBX 29 57 6 -1
BITMAP
04000100
0C000180
0C000180
0C000180
0E000380
0E000380
06000300
07000700
07000700
03800E00
03C01E00
01E03C00
00FFF800
007FF000
001F8000
00000000
00000000
00000000
00000000
40000030
E0000070
E0000078
E0000078
E0000078
E0000078
E0000078
E0000078
E0000078
E0000078
E0000078
E0000078
E0000078
E0000078
E0000078
E0000078
E0000078
E0000078
E0000078
E0000078
E0000078
E0000078
E0000078
E0000078
E0000078
E0000078
F0000078
F00000F8
700000F8
700001F8
780003F8
380007F8
3C000F78
1F001E78
0FE1FC78
07FFF878
01FFE030
000C0000
ENDCHAR
STARTCHAR Uring
ENCODING 366
SWIDTH 720 0
DWIDTH 54 0
BBX 40 75 7 -1
BITMAP
0000100000
0000FF0000
0001FFC000
000781E000
000700E000
000E007000
000E007000
000C003000
000C003000
000C003000
000C003000
000E007000
0006006000
000700E000
0003E7C000
0001FF8000
00007E0000
0000000000
0000000000
0000000000
0000000000
E000000007
E000000007
E000000007
E000000007
E000000007
E000000007
E000000007
E000000007
E000000007
E000000007
E000000007
E000000007
E000000007
E000000007
E000000007
E000000007
E000000007
E000000007
E000000007
E000000007
E000000007
E000000007
E000000007
E000000007
E000000007
E000000007
E000000007
E000000007
E000000007
E000000007
E000000007
E000000007
E000000007
E000000007
E000000007
E000000007
E000000007
E000000007
F00000000F
700000000E
700000000E
700000000E
780000001E
380000001C
3C0000003C
1E00000078
1F000000F0
0F800001F0
07E00007E0
03F8001FC0
00FFFFFF00
007FFFFC00
000FFFF000
00001C0000
ENDCHAR
STARTCHAR uring
ENCODING 367
SWIDTH 545 0
DWIDTH 41 0
BBX 29 59 6 -1
BITMAP
00020000
003FE000
007FF000
00F07800
01C01C00
01C01C00
03800E00
03800E00
03800E00
03800E00
03800E00
01800C00
01C01C00
00E03800
00FDF000
003FE000
000F8000
00000000
00000000
00000000
00000000
40000030
E0000070
E0000078
E0000078
E0000078
E0000078
E0000078
E0000078
E0000078
E0000078
E0000078
E0000078
E0000078
E0000078
E0000078
E0000078
E0000078
E0000078
E0000078
E0000078
E0000078
E0000078
E0000078
E0000078
E0000078
E0000078
F0000078
F00000F8
700000F8
700001F8
780003F8
380007F8
3C000F78
1F001E78
0FE1FC78
07FFF878
01FFE030
000C0000
ENDCHAR
STARTCHAR Uhungarumlaut
ENCODING 368
SWIDTH 720 0
DWIDTH 54 0
BBX 40 72 7 -1
BITMAP
0000020200
0000070700
0000070700
00000F0F00
00001E0E00
00001C1C00
00003C1C00
0000383800
0000703000
0000707000
0000E06000
0000C0C000
0001C0C000
0001818000
0000000000
0000000000
0000000000
0000000000
E000000007
E000000007
E000000007
E000000007
E000000007
E000000007
E000000007
E000000007
E000000007
E000000007
E000000007
E000000007
E000000007
E000000007
E000000007
E000000007
E000000007
E000000007
E000000007
E000000007
E000000007
E000000007
E000000007
E000000007
E000000007
E000000007
E000000007
E000000007
E000000007
E000000007
E000000007
E000000007
E000000007
E000000007
E000000007
E000000007
E000000007
E000000007
F00000000F
700000000E
700000000E
700000000E
780000001E
380000001C
3C0000003C
1E00000078
1F000000F0
0F800001F0
07E00007E0
03F8001FC0
00FFFFFF00
007FFFFC00
000FFFF000
00001C0000
ENDCHAR
STARTCHAR uhungarumlaut
ENCODING 369
SWIDTH 545 0
DWIDTH 41 0
BBX 29 58 6 -1
BITMAP
00030100
00038380
00078780
00070700
00070700
000E0700
000E0E00
000E0E00
001C0C00
001C1C00
001C1C00
00181800
00383800
00303800
00303000
00303000
00000000
00000000
00000000
00000000
40000030
E0000070
E0000078
E0000078
E0000078
E0000078
E0000078
E0000078
E0000078
E0000078
E0000078
E0000078
E0000078
E0000078
E0000078
E0000078
E0000078
E0000078
E0000078
E0000078
E0000078
E0000078
E0000078
E0000078
E0000078
E0000078
F0000078
F00000F8
700000F8
700001F8
780003F8
380007F8
3C000F78
1F001E78
0FE1FC78
07FFF878
01FFE030
000C0000
ENDCHAR
STARTCHAR Uogonek
ENCODING 370
SWIDTH 720 0
DWIDTH 54 0
BBX 40 67 7 -14
BITMAP
E000000007
E000000007
E000000007
E000000007
E000000007
E000000007
E000000007
E000000007
E000000007
E000000007
E000000007
E000000007
E000000007
E000000007
E000000007
E000000007
E000000007
E000000007
E000000007
E000000007
E000000007
E000000007
E000000007
E000000007
E000000007
E000000007
E000000007
E000000007
E000000007
E000000007
E000000007
E000000007
E000000007
E000000007
E000000007
E000000007
E000000007
E000000007
F00000000F
700000000E
700000000E
700000000E
780000001E
380000001C
3C0000003C
1E00000078
1F000000F0
0F800001F0
07E00007E0
03F8001FC0
00FFFFFF00
007FFFFC00
000FFFF000
00001E0000
00003C0000
0000780000
0000700000
0000E00000
0000E00000
0000E00000
0000E00000
0000E00000
0000E00000
0000700000
00007EF000
00003FF000
00000FE000
ENDCHAR
STARTCHAR uogonek
ENCODING 371
SWIDTH 545 0
DWIDTH 41 0
BBX 32 51 6 -14
BITMAP
40000030
E0000070
E0000078
E0000078
E0000078
E0000078
E0000078
E0000078
E0000078
E0000078
E0000078
E0000078
E0000078
E0000078
E0000078
E0000078
E0000078
E0000078
E0000078
E0000078
E0000078
E0000078
E0000078
E0000078
E0000078
E0000078
F0000078
F00000F8
700000F8
700001F8
780003F8
380007F8
3C000F78
1F001E78
0FE1FC78
07FFF878
01FFE0F0
000C01F0
000003C0
00000380
00000700
00000700
00000E00
00000E00
00000E00
00000E00
00000F00
00000700
000007EF
000003FF
000000FE
ENDCHAR
STARTCHAR Wcircumflex
ENCODING 372
SWIDTH 1091 0
DWIDTH 82 0
BBX 76 71 3 0
BITMAP
00000000040000000000
000000000F0000000000
000000001F8000000000
000000003FC000000000
0000000079C000000000
0000000071E000000000
00000000F0F000000000
00000001E07000000000
00000001C03800000000
00000003801C00000000
00000007001E00000000
0000000F000E00000000
0000000E000700000000
0000000C000300000000
00000000000000000000
00000000000000000000
00000000000000000000
00000000000000000000
E00000000E0000000070
F00000000F00000000F0
700000000F00000000E0
700000001F00000000E0
780000001F80000001C0
380000001F80000001C0
380000003B80000001C0
3C00000039C000000380
1C00000079C000000380
1C00000071E000000780
1E00000070E000000700
0E000000F0E000000700
0E000000E07000000F00
0F000000E07000000E00
07000001E07000000E00
07000001C03800001E00
03800001C03800001C00
03800003C03800001C00
03800003801C00003C00
01C00003801C00003800
01C00007001C00003800
01E00007000E00007800
00E00007000E00007000
00E0000E000E00007000
00F0000E00070000F000
0070000E00070000E000
0070001C00070000E000
0078001C00038001E000
0038001C00038001C000
0038003800038001C000
003C00380001C0038000
001C00380001C0038000
001C00700001C0038000
001E00700000E0070000
000E00F00000E0070000
000E00E00000F0070000
000F00E00000700E0000
000701E00000700E0000
000701C00000781E0000
000381C00000381C0000
000383C00000381C0000
0003838000003C3C0000
0001C38000001C380000
0001C78000001C380000
0001C70000000E780000
0000E70000000E700000
0000EE0000000E700000
0000EE00000007F00000
00007E00000007E00000
00007C00000007E00000
00007C00000003E00000
00003C00000003C00000
00003800000003C00000
ENDCHAR
STARTCHAR wcircumflex
ENCODING 373
SWIDTH 830 0
DWIDTH 62 0
BBX 55 57 4 0
BITMAP
00000030000000
00000078000000
000000FC000000
000000FC000000
000001EE000000
000001CE000000
00000387000000
00000387800000
00000703800000
00000701C00000
00000E01C00000
00001C00E00000
00001C00E00000
00003800700000
00003800300000
00003000380000
00000000000000
00000000000000
00000000000000
00000000000000
C000003000000C
E000007800000E
E000007C00001E
E00000FC00001C
F00000FE00001C
700001EE00003C
700001EE000038
780001CF000038
380003C7000078
38000387000070
3C000387800070
1C0007838000F0
1C0007038000E0
1E000703C001E0
0E000F01C001C0
0F000E01C001C0
07000E01E003C0
07001E00E00380
07801C00E00380
03803C00700780
03803800700700
03C03800700700
01C07800380F00
01C07000380E00
01E070003C0E00
00E0F0001C1E00
00E0E0001C1C00
00F0E0001E1C00
0071E0000E3800
0071C0000E3800
0079C0000F3800
003BC000077000
003B8000077000
003F800007F000
001F000003E000
001F000003E000
000F000001E000
ENDCHAR
STARTCHAR Ycircumflex
ENCODING 374
SWIDTH 577 0
DWIDTH 43 0
BBX 41 71 1 0
BITMAP
000008000000
00003E000000
00003F000000
00007F000000
0000F7800000
0001E3C00000
0001C1C00000
0003C0E00000
000780F00000
000700780000
000E00380000
001C001C0000
0018000E0000
003800060000
000000000000
000000000000
000000000000
000000000000
E00000000180
F00000000380
700000000780
780000000F00
3C0000000E00
1E0000001C00
0E0000003C00
0F0000007800
078000007000
03C00000E000
01C00001E000
01E00003C000
00F000038000
007800070000
0038000F0000
003C001E0000
001E001C0000
000E003C0000
000F00780000
000780700000
0003C0E00000
0001C1E00000
0001E3C00000
0000F3800000
00007F000000
00003F000000
00003E000000
00001C000000
00001C000000
00001C000000
00001C000000
00001C000000
00001C000000
00001C000000
00001C000000
00001C000000
00001C000000
00001C000000
00001C000000
00001C000000
00001C000000
00001C000000
00001C000000
00001C000000
00001C000000
00001C000000
00001C000000
00001C000000
00001C000000
00001C000000
00001C000000
00001C000000
00001C000000
ENDCHAR
STARTCHAR ycircumflex
ENCODING 375
SWIDTH 504 0
DWIDTH 38 0
BBX 34 71 2 -14
BITMAP
0000C00000
0001E00000
0003F00000
0003F00000
0007780000
0007380000
000E1C0000
001E1C0000
001C0E0000
00380E0000
0038070000
0070038000
0070038000
00E001C000
00C001C000
01C000C000
0000000000
0000000000
0000000000
0000000000
6000000180
F0000003C0
F000000380
7000000780
7800000780
3800000700
3C00000F00
3C00000E00
1C00001E00
1E00001C00
0E00001C00
0F00003C00
0700003800
0780007800
0780007000
038000F000
03C000E000
01C000E000
01E001E000
00E001C000
00E003C000
00F0038000
0070038000
0078070000
0038070000
00380F0000
001C0E0000
001C0E0000
001E1C0000
000E1C0000
000F380000
0007380000
0007780000
0003F00000
0003F00000
0003E00000
0001E00000
0001C00000
0001C00000
0003C00000
0003800000
0007800000
0007000000
000F000000
000E000000
000E000000
001E000000
001C000000
003C000000
0038000000
0038000000
ENDCHAR
STARTCHAR Ydieresis
ENCODING 376
SWIDTH 577 0
DWIDTH 43 0
BBX 41 66 1 0
BITMAP
000700780000
000F80F80000
000F80F80000
000F80F80000
000700700000
000000000000
000000000000
000000000000
000000000000
000000000000
000000000000
000000000000
000000000000
E00000000180
F00000000380
700000000780
780000000F00
3C0000000E00
1E0000001C00
0E0000003C00
0F0000007800
078000007000
03C00000E000
01C00001E000
01E00003C000
00F000038000
007800070000
0038000F0000
003C001E0000
001E001C0000
000E003C0000
000F00780000
000780700000
0003C0E00000
0001C1E00000
0001E3C00000
0000F3800000
00007F000000
00003F000000
00003E000000
00001C000000
00001C000000
00001C000000
00001C000000
00001C000000
00001C000000
00001C000000
00001C000000
00001C000000
00001C000000
00001C000000
00001C000000
00001C000000
00001C000000
00001C000000
00001C000000
00001C000000
00001C000000
00001C000000
00001C000000
00001C000000
00001C000000
00001C000000
00001C000000
00001C000000
00001C000000
ENDCHAR
STARTCHAR Zacute
ENCODING 377
SWIDTH 575 0
DWIDTH 43 0
BBX 39 71 3 0
BITMAP
0000000800
0000003C00
0000003C00
0000007800
000000F000
000000E000
000001E000
000003C000
0000038000
0000070000
00000E0000
00000E0000
00001C0000
0000180000
0000000000
0000000000
0000000000
0000000000
7FFFFFFFF8
FFFFFFFFFC
7FFFFFFFF8
0000000078
00000000F0
00000000E0
00000001E0
00000003C0
0000000380
0000000780
0000000F00
0000000E00
0000001E00
0000003C00
0000003800
0000007800
000000F000
000001E000
000001C000
000003C000
0000078000
0000070000
00000F0000
00001E0000
00001C0000
00003C0000
0000780000
0000F00000
0000F00000
0001E00000
0003C00000
0003800000
0007800000
000F000000
000E000000
001E000000
003C000000
0038000000
0078000000
00F0000000
01E0000000
01E0000000
03C0000000
0780000000
0700000000
0F00000000
1E00000000
1C00000000
3C00000000
7800000000
7FFFFFFFFC
FFFFFFFFFE
7FFFFFFFFC
ENDCHAR
STARTCHAR zacute
ENCODING 378
SWIDTH 454 0
DWIDTH 34 0
BBX 28 57 4 0
BITMAP
00000C00
00000E00
00001E00
00001C00
00003C00
00003800
00007800
00007000
0000E000
0000E000
0001C000
0001C000
00038000
00070000
00070000
00060000
00000000
00000000
00000000
00000000
00000000
FFFFFFE0
FFFFFFE0
000001C0
000003C0
00000780
00000700
00000F00
00001E00
00001C00
00003800
00007800
0000F000
0000E000
0001E000
0003C000
00038000
00070000
000F0000
001E0000
001C0000
00380000
00780000
00700000
00E00000
01E00000
03C00000
03800000
07000000
0F000000
0E000000
1C000000
3C000000
78000000
7FFFFFE0
FFFFFFF0
7FFFFFF0
ENDCHAR
STARTCHAR Zdotaccent
ENCODING 379
SWIDTH 575 0
DWIDTH 43 0
BBX 39 66 3 0
BITMAP
00007C0000
00007C0000
00007C0000
00007C0000
0000380000
0000000000
0000000000
0000000000
0000000000
0000000000
0000000000
0000000000
0000000000
7FFFFFFFF8
FFFFFFFFFC
7FFFFFFFF8
0000000078
00000000F0
00000000E0
00000001E0
00000003C0
0000000380
0000000780
0000000F00
0000000E00
0000001E00
0000003C00
0000003800
0000007800
000000F000
000001E000
000001C000
000003C000
0000078000
0000070000
00000F0000
00001E0000
00001C0000
00003C0000
0000780000
0000F00000
0000F00000
0001E00000
0003C00000
0003800000
0007800000
000F000000
000E000000
001E000000
003C000000
0038000000
0078000000
00F0000000
01E0000000
01E0000000
03C0000000
0780000000
0700000000
0F00000000
1E00000000
1C00000000
3C00000000
7800000000
7FFFFFFFFC
FFFFFFFFFE
7FFFFFFFFC
ENDCHAR
STARTCHAR zdotaccent
ENCODING 380
SWIDTH 454 0
DWIDTH 34 0
BBX 28 51 4 0
BITMAP
001F0000
001F0000
001F0000
001F0000
000E0000
00000000
00000000
00000000
00000000
00000000
00000000
00000000
00000000
00000000
00000000
FFFFFFE0
FFFFFFE0
000001C0
000003C0
00000780
00000700
00000F00
00001E00
00001C00
00003800
00007800
0000F000
0000E000
0001E000
0003C000
00038000
00070000
000F0000
001E0000
001C0000
00380000
00780000
00700000
00E00000
01E00000
03C00000
03800000
07000000
0F000000
0E000000
1C000000
3C000000
78000000
7FFFFFE0
FFFFFFF0
7FFFFFF0
ENDCHAR
STARTCHAR Zcaron
ENCODING 381
SWIDTH 575 0
DWIDTH 43 0
BBX 39 71 3 0
BITMAP
0020000800
0070001C00
0038003800
003C007800
001C007000
000E00E000
000701C000
000783C000
0003C78000
0001C70000
0001EF0000
0000FE0000
00007C0000
0000380000
0000000000
0000000000
0000000000
0000000000
7FFFFFFFF8
FFFFFFFFFC
7FFFFFFFF8
0000000078
00000000F0
00000000E0
00000001E0
00000003C0
0000000380
0000000780
0000000F00
0000000E00
0000001E00
0000003C00
0000003800
0000007800
000000F000
000001E000
000001C000
000003C000
0000078000
0000070000
00000F0000
00001E0000
00001C0000
00003C0000
0000780000
0000F00000
0000F00000
0001E00000
0003C00000
0003800000
0007800000
000F000000
000E000000
001E000000
003C000000
0038000000
0078000000
00F0000000
01E0000000
01E0000000
03C0000000
0780000000
0700000000
0F00000000
1E00000000
1C00000000
3C00000000
7800000000
7FFFFFFFFC
FFFFFFFFFE
7FFFFFFFFC
ENDCHAR
STARTCHAR zcaron
ENCODING 382
SWIDTH 454 0
DWIDTH 34 0
BBX 28 57 4 0
BITMAP
04000400
0E000600
06000E00
07001C00
03801C00
03803800
01C03800
01C07000
00E0E000
00F0E000
0071C000
007BC000
003B8000
001F8000
001F0000
000F0000
00040000
00000000
00000000
00000000
00000000
FFFFFFE0
FFFFFFE0
000001C0
000003C0
00000780
00000700
00000F00
00001E00
00001C00
00003800
00007800
0000F000
0000E000
0001E000
0003C000
00038000
00070000
000F0000
001E0000
001C0000
00380000
00780000
00700000
00E00000
01E00000
03C00000
03800000
07000000
0F000000
0E000000
1C000000
3C000000
78000000
7FFFFFE0
FFFFFFF0
7FFFFFF0
ENDCHAR
STARTCHAR uni0181
ENCODING 385
SWIDTH 767 0
DWIDTH 58 0
BBX 52 53 0 0
BITMAP
007FFFFFFE0000
07FFFFFFFFE000
0FFFFFFFFFF800
1F01C00001FC00
3C01C000003E00
7801C000000F00
7001C000000780
F001C0000003C0
E001C0000003C0
E001C0000001C0
E001C0000001E0
E001C0000001E0
E001C0000000E0
E001C0000000E0
E001C0000000E0
4001C0000000E0
0001C0000001E0
0001C0000001E0
0001C0000001C0
0001C0000003C0
0001C000000380
0001C000000780
0001C000001F00
0001C000003E00
0001C00003F800
0001FFFFFFF000
0001FFFFFFF000
0001FFFFFFFC00
0001C000007F00
0001C000000F80
0001C0000007C0
0001C0000001C0
0001C0000001E0
0001C0000000E0
0001C0000000F0
0001C000000070
0001C000000070
0001C000000070
0001C000000070
0001C000000070
0001C000000070
0001C000000070
0001C0000000F0
0001C0000000F0
0001C0000000E0
0001C0000001E0
0001C0000003C0
0001C0000007C0
0001C000000F80
0001C000007F00
0001FFFFFFFC00
0001FFFFFFF000
0001FFFFFF8000
ENDCHAR
STARTCHAR uni018A
ENCODING 394
SWIDTH 826 0
DWIDTH 62 0
BBX 57 53 0 0
BITMAP
00FFFFFFF8000000
07FFFFFFFF800000
0FFFFFFFFFF00000
1F01C0000FFC0000
3C01C000007E0000
7801C000001F8000
7001C0000007C000
F001C0000003E000
E001C0000001F000
E001C0000000F000
E001C00000007800
E001C00000003C00
E001C00000003C00
E001C00000001E00
E001C00000001E00
4001C00000000E00
0001C00000000F00
0001C00000000F00
0001C00000000700
0001C00000000700
0001C00000000780
0001C00000000780
0001C00000000780
0001C00000000780
0001C00000000780
0001C00000000380
0001C00000000380
0001C00000000380
0001C00000000780
0001C00000000780
0001C00000000780
0001C00000000780
0001C00000000780
0001C00000000700
0001C00000000700
0001C00000000F00
0001C00000000F00
0001C00000000E00
0001C00000001E00
0001C00000001E00
0001C00000001C00
0001C00000003C00
0001C00000007800
0001C0000000F000
0001C0000001F000
0001C0000003E000
0001C0000007C000
0001C000001F8000
0001C000007E0000
0001C00007FC0000
0001FFFFFFF00000
0001FFFFFF800000
0001FFFFF8000000
ENDCHAR
STARTCHAR uni018F
ENCODING 399
SWIDTH 751 0
DWIDTH 56 0
BBX 46 54 5 -1
BITMAP
0007FFF80000
003FFFFF0000
00FFFFFFC000
03FC0007F000
0FE00001F800
1F8000007C00
3E0000001E00
3C0000000F00
300000000780
0000000003C0
0000000001C0
0000000001E0
0000000000E0
0000000000F0
000000000070
000000000078
000000000038
000000000038
000000000038
00000000003C
00000000003C
00000000001C
00000000001C
00000000001C
00000000001C
FFFFFFFFFFFC
FFFFFFFFFFFC
FFFFFFFFFFFC
E0000000001C
E0000000001C
E0000000001C
F0000000001C
F0000000003C
F0000000003C
70000000003C
700000000038
700000000038
780000000078
380000000078
380000000070
3C00000000F0
1C00000000E0
1E00000001E0
0F00000003C0
0700000007C0
078000000780
03C000001F00
01F000003E00
00FC0000FC00
007F0003F800
001FFEFFE000
0007FFFF8000
0001FFFE0000
000003800000
ENDCHAR
STARTCHAR florin
ENCODING 402
SWIDTH 600 0
DWIDTH 45 0
BBX 39 67 3 -14
BITMAP
00000003FE
0000000FFE
0000001FE0
0000003C00
0000007800
000000F000
000000E000
000000E000
000001C000
000001C000
000001C000
000003C000
000003C000
0000038000
0000038000
0000038000
0000078000
001FFFFFE0
001FFFFFE0
0000070000
0000070000
00000F0000
00000E0000
00000E0000
00000E0000
00001E0000
00001E0000
00001C0000
00001C0000
00001C0000
00003C0000
00003C0000
0000380000
0000380000
0000380000
0000780000
0000700000
0000700000
0000700000
0000700000
0000F00000
0000E00000
0000E00000
0000E00000
0001E00000
0001E00000
0001C00000
0001C00000
0001C00000
0003C00000
0003800000
0003800000
0003800000
0003800000
0007800000
0007000000
0007000000
0007000000
000F000000
000E000000
001E000000
001C000000
003C000000
00F8000000
7FF0000000
FFC0000000
7F00000000
ENDCHAR
STARTCHAR Ohorn
ENCODING 416
SWIDTH 751 0
DWIDTH 56 0
BBX 46 64 5 -1
BITMAP
00000000001C
00000000001C
00000000001C
00000000001C
00000000001C
00000000001C
000000000038
000000000038
000000000078
0000000001F0
0000FFFFFFE0
0007FFFFFFC0
001FFFFFFE00
003F8003F800
00FC0000FC00
01F000003E00
03E000001F00
03C000000780
078000000780
0F00000003C0
0E00000001E0
1E00000000E0
1C00000000F0
3C0000000070
380000000070
780000000078
780000000038
700000000038
70000000003C
70000000003C
F0000000003C
F0000000001C
F0000000001C
F0000000001C
E0000000001C
E0000000001C
E0000000001C
E0000000001C
E0000000001C
E0000000001C
F0000000001C
F0000000001C
F0000000003C
70000000003C
70000000003C
700000000038
780000000038
380000000078
380000000070
3C0000000070
1C00000000F0
1E00000000E0
0E00000001E0
0F00000003C0
078000000380
03C000000780
03E000000F00
01F000003E00
00FC0000FC00
003F0003F800
001FFEFFE000
0007FFFF8000
0001FFFE0000
000003400000
ENDCHAR
STARTCHAR ohorn
ENCODING 417
SWIDTH 538 0
DWIDTH 40 0
BBX 32 48 4 -1
BITMAP
00000002
00000007
00000007
00000007
0000000E
0000000E
0000000E
0000000E
0000001C
0000007C
000FF3F8
007FFFF0
01FFFFC0
03F00FC0
07C003E0
0F0000F0
1E000078
1C00003C
3C00001C
3800001E
7800000E
7000000E
7000000F
F0000007
F0000007
E0000007
E0000007
E0000007
E0000007
E0000007
E0000007
E0000007
E0000007
F0000007
70000007
7000000F
7000000E
7800001E
3800001C
3C00003C
1E000038
0F000078
0F8001F0
07E003E0
03FC3FC0
00FFFF00
003FFC00
00018000
ENDCHAR
STARTCHAR Uhorn
ENCODING 431
SWIDTH 720 0
DWIDTH 54 0
BBX 49 64 7 -1
BITMAP
00000000000380
00000000000380
00000000000380
00000000000380
00000000000380
00000000000380
00000000000700
00000000000700
00000000000E00
00000000003E00
E000000007FC00
E000000007F000
E000000007C000
E0000000070000
E0000000070000
E0000000070000
E0000000070000
E0000000070000
E0000000070000
E0000000070000
E0000000070000
E0000000070000
E0000000070000
E0000000070000
E0000000070000
E0000000070000
E0000000070000
E0000000070000
E0000000070000
E0000000070000
E0000000070000
E0000000070000
E0000000070000
E0000000070000
E0000000070000
E0000000070000
E0000000070000
E0000000070000
E0000000070000
E0000000070000
E0000000070000
E0000000070000
E0000000070000
E0000000070000
E0000000070000
E0000000070000
E0000000070000
E0000000070000
F00000000F0000
700000000E0000
700000000E0000
700000000E0000
780000001E0000
380000001C0000
3C0000003C0000
1E000000780000
1F000000F00000
0F800001F00000
07E00007E00000
03F8001FC00000
00FFFFFF000000
007FFFFC000000
000FFFF0000000
00001C00000000
ENDCHAR
STARTCHAR uhorn
ENCODING 432
SWIDTH 545 0
DWIDTH 41 0
BBX 38 48 6 -1
BITMAP
0000000008
0000000018
000000003C
0000000038
0000000038
0000000038
0000000038
0000000078
0000000070
00000001E0
4000000FE0
E000007F80
E000007F00
E000007800
E000007800
E000007800
E000007800
E000007800
E000007800
E000007800
E000007800
E000007800
E000007800
E000007800
E000007800
E000007800
E000007800
E000007800
E000007800
E000007800
E000007800
E000007800
E000007800
E000007800
E000007800
E000007800
F000007800
F00000F800
700000F800
700001F800
780003F800
380007F800
3C000F7800
1F001E7800
0FE1FC7800
07FFF87800
01FFE03000
000C000000
ENDCHAR
STARTCHAR uni01B3
ENCODING 435
SWIDTH 607 0
DWIDTH 46 0
BBX 48 53 1 0
BITMAP
E000000000FF
F000000003FF
7000000007E2
780000000F00
3C0000001E00
1E0000003C00
0E0000003800
0F0000007000
07800000F000
03C00001E000
01C00001C000
01E000038000
00F000078000
007800070000
0038000E0000
003C001E0000
001E003C0000
000E00380000
000F00700000
000780F00000
0003C0E00000
0001C1C00000
0001E3C00000
0000F3800000
00007F000000
00003F000000
00003E000000
00001C000000
00001C000000
00001C000000
00001C000000
00001C000000
00001C000000
00001C000000
00001C000000
00001C000000
00001C000000
00001C000000
00001C000000
00001C000000
00001C000000
00001C000000
00001C000000
00001C000000
00001C000000
00001C000000
00001C000000
00001C000000
00001C000000
00001C000000
00001C000000
00001C000000
00001C000000
ENDCHAR
STARTCHAR uni01B4
ENCODING 436
SWIDTH 534 0
DWIDTH 40 0
BBX 41 51 2 -14
BITMAP
600000003F00
F0000000FF80
F0000001FF80
70000003E000
780000078000
380000078000
3C00000F0000
3C00000E0000
1E00001E0000
1E00001C0000
0E00001C0000
0F00003C0000
070000380000
078000780000
078000700000
038000F00000
03C000E00000
01C000E00000
01E001E00000
00E001C00000
00E003C00000
00F003800000
007003800000
007807000000
003807000000
003C0F000000
001C0E000000
001C1E000000
001E1C000000
000E1C000000
000F38000000
000738000000
000778000000
0003F0000000
0003F0000000
0003E0000000
0001E0000000
0001C0000000
0001C0000000
0003C0000000
000380000000
000780000000
000700000000
000F00000000
000E00000000
000E00000000
001E00000000
001C00000000
003C00000000
003800000000
003800000000
ENDCHAR
STARTCHAR uni01C4
ENCODING 452
SWIDTH 1285 0
DWIDTH 96 0
BBX 88 71 7 0
BITMAP
0000000000000010000400
0000000000000038000E00
000000000000001C000E00
000000000000000E001C00
000000000000000F003800
0000000000000007007000
000000000000000380F000
0000000000000001C1E000
0000000000000001E1C000
0000000000000000F3C000
0000000000000000778000
00000000000000007F0000
00000000000000003E0000
00000000000000001E0000
0000000000000000000000
0000000000000000000000
0000000000000000000000
0000000000000000000000
7FFFFC0000003FFFFFFFFC
FFFFFFE000007FFFFFFFFE
FFFFFFF800003FFFFFFFFE
E00003FE0000000000003C
E000003F80000000000038
E000000FC0000000000078
E0000003E00000000000F0
E0000000F00000000000E0
E0000000780000000001E0
E00000003C0000000003C0
E00000001E000000000380
E00000001E000000000780
E00000000F000000000F00
E00000000F000000001E00
E000000007000000001E00
E000000007800000003C00
E000000003800000007800
E000000003800000007000
E000000003C0000000F000
E000000003C0000001E000
E000000001C0000001C000
E000000001C0000003C000
E000000001C00000078000
E000000001C00000070000
E000000001C000000F0000
E000000001C000001E0000
E000000001C000003C0000
E000000001C00000380000
E000000001C00000780000
E000000001C00000F00000
E000000001C00000E00000
E000000001C00001E00000
E000000001C00003C00000
E000000003C00003800000
E000000003C00007800000
E00000000380000F000000
E00000000380000E000000
E00000000780001E000000
E00000000700003C000000
E00000000F000078000000
E00000000F000070000000
E00000001E0000F0000000
E00000001E0001E0000000
E00000003C0001C0000000
E0000000780003C0000000
E0000000F0000780000000
E0000003E0000700000000
E0000007C0000F00000000
E000003F80001E00000000
E00001FE00001C00000000
FFFFFFF800003FFFFFFFFF
FFFFFFE000003FFFFFFFFF
7FFFFE0000003FFFFFFFFF
ENDCHAR
STARTCHAR uni01C5
ENCODING 453
SWIDTH 1179 0
DWIDTH 88 0
BBX 79 57 7 0
BITMAP
00000000000000800040
00000000000000C000C0
00000000000000E001C0
00000000000000E001C0
7FFFFC00000000700380
FFFFFFE0000000380700
FFFFFFF8000000380700
E00003FE0000001C0E00
E000003F8000001C0E00
E000000FC000000E1C00
E0000003E000000F3C00
E0000000F00000073800
E000000078000007F800
E00000003C000003F000
E00000001E000003F000
E00000001E000001E000
E00000000F0000008000
E00000000F0000000000
E0000000070000000000
E0000000078000000000
E0000000038000000000
E000000003800FFFFFFC
E000000003C01FFFFFFC
E000000003C00000003C
E000000001C000000038
E000000001C000000070
E000000001C0000000F0
E000000001C0000001E0
E000000001C0000001C0
E000000001C000000380
E000000001C000000780
E000000001C000000700
E000000001C000000E00
E000000001C000001E00
E000000001C000003C00
E000000001C000003800
E000000001C000007000
E000000003C00000F000
E000000003C00000E000
E000000003800001C000
E000000003800003C000
E0000000078000078000
E0000000070000070000
E00000000F00000E0000
E00000000F00001E0000
E00000001E00001C0000
E00000001E0000380000
E00000003C0000780000
E0000000780000F00000
E0000000F00000E00000
E0000003E00001C00000
E0000007C00003C00000
E000003F800007800000
E00001FE000007000000
FFFFFFF800000FFFFFFE
FFFFFFE000000FFFFFFE
7FFFFE0000000FFFFFFE
ENDCHAR
STARTCHAR uni01C6
ENCODING 454
SWIDTH 1022 0
DWIDTH 77 0
BBX 71 58 4 -1
BITMAP
000000000001000080
0000000000018001C0
000000000001C00180
000000000000E00380
000000070000E00700
000000070000700700
000000070000700E00
000000070000381E00
0000000700003C1C00
0000000700001C3800
0000000700000E3800
0000000700000E7000
00000007000007F000
00000007000007E000
00000007000003E000
00000007000003C000
000000070000008000
000000070000000000
000000070000000000
000000070000000000
000FF0070000000000
007FFE07001FFFFFF8
01FFFF87001FFFFFFC
03F00FC70000000078
07C003E70000000070
0F0000F700000000F0
1E00007700000001E0
1C00003F00000001C0
3C00001F0000000380
3800001F0000000780
7800000F0000000F00
7000000F0000000E00
7000000F0000001E00
F00000070000003C00
F00000070000003800
E00000070000007000
E0000007000000F000
E0000007000001E000
E0000007000001C000
E0000007000003C000
E00000070000078000
E00000070000070000
E000000700000E0000
F000000700001E0000
7000000700003C0000
7000000F0000380000
7000000F0000700000
7800001F0000F00000
3800001F0000E00000
3C00003F0001C00000
1E00003F0003C00000
0F0000770007800000
0F8001F70007000000
07E003E7000E000000
03FC3F87001FFFFFFC
00FFFF07001FFFFFFE
003FFC07001FFFFFFC
000180000000000000
ENDCHAR
STARTCHAR uni01C7
ENCODING 455
SWIDTH 864 0
DWIDTH 65 0
BBX 51 53 7 0
BITMAP
E00000000000C0
E00000000001E0
E00000000001E0
E00000000001E0
E00000000001E0
E00000000001E0
E00000000001E0
E00000000001E0
E00000000001E0
E00000000001E0
E00000000001E0
E00000000001E0
E00000000001E0
E00000000001E0
E00000000001E0
E00000000001E0
E00000000001E0
E00000000001E0
E00000000001E0
E00000000001E0
E00000000001E0
E00000000001E0
E00000000001E0
E00000000001E0
E00000000001E0
E00000000001E0
E00000000001E0
E00000000001E0
E00000000001E0
E00000000001E0
E00000000001E0
E00000000001E0
E00000000001E0
E00000000001E0
E00000000001E0
E00000000001E0
E00000000001E0
E00000000001E0
E00000000001E0
E00000000001E0
E00000000001E0
E00000000001E0
E00000000001C0
E00000000001C0
E00000000001C0
E00000000003C0
E0000000000380
E0000000000780
E0000000000F00
E0000000003E00
FFFFFFFF0FFC00
FFFFFFFF1FF800
7FFFFFFF1FC000
ENDCHAR
STARTCHAR uni01C8
ENCODING 456
SWIDTH 742 0
DWIDTH 56 0
BBX 43 67 7 -14
BITMAP
E00000000000
E00000000000
E000000001E0
E000000003E0
E000000003E0
E000000003E0
E000000001C0
E00000000000
E00000000000
E00000000000
E00000000000
E00000000000
E00000000000
E00000000000
E00000000000
E00000000000
E00000000080
E000000001C0
E000000001C0
E000000001C0
E000000001C0
E000000001C0
E000000001C0
E000000001C0
E000000001C0
E000000001C0
E000000001C0
E000000001C0
E000000001C0
E000000001C0
E000000001C0
E000000001C0
E000000001C0
E000000001C0
E000000001C0
E000000001C0
E000000001C0
E000000001C0
E000000001C0
E000000001C0
E000000001C0
E000000001C0
E000000001C0
E000000001C0
E000000001C0
E000000001C0
E000000001C0
E000000001C0
E000000001C0
E000000001C0
FFFFFFFF01C0
FFFFFFFF01C0
7FFFFFFF01C0
0000000001C0
0000000001C0
0000000001C0
0000000001C0
0000000001C0
0000000001C0
0000000003C0
000000000380
000000000780
000000000F00
000000001F00
00000003FE00
0000000FF800
0000000FE000
ENDCHAR
STARTCHAR uni01C9
ENCODING 457
SWIDTH 490 0
DWIDTH 37 0
BBX 25 67 6 -14
BITMAP
60000000
F0000000
F0000780
F0000F80
F0000F80
F0000F80
F0000700
F0000000
F0000000
F0000000
F0000000
F0000000
F0000000
F0000000
F0000000
F0000000
F0000200
F0000700
F0000700
F0000700
F0000700
F0000700
F0000700
F0000700
F0000700
F0000700
F0000700
F0000700
F0000700
F0000700
F0000700
F0000700
F0000700
F0000700
F0000700
F0000700
F0000700
F0000700
F0000700
F0000700
F0000700
F0000700
F0000700
F0000700
70000700
70000700
70000700
78000700
38000700
3C000700
1F800700
0FFC0700
07FC0700
00700700
00000700
00000700
00000700
00000700
00000700
00000F00
00000E00
00001E00
00003C00
00007C00
000FF800
003FE000
003F8000
ENDCHAR
STARTCHAR uni01CA
ENCODING 458
SWIDTH 1029 0
DWIDTH 77 0
BBX 63 53 7 0
BITMAP
E00000000380000E
F00000000380000E
F80000000380000E
F80000000380000E
FC0000000380000E
FE0000000380000E
EF0000000380000E
E70000000380000E
E78000000380000E
E3C000000380000E
E1C000000380000E
E0E000000380000E
E0F000000380000E
E07800000380000E
E03800000380000E
E01C00000380000E
E01E00000380000E
E00F00000380000E
E00700000380000E
E00780000380000E
E003C0000380000E
E001E0000380000E
E000E0000380000E
E000F0000380000E
E00078000380000E
E0003C000380000E
E0001C000380000E
E0001E000380000E
E0000F000380000E
E00007000380000E
E00003800380000E
E00003C00380000E
E00001E00380000E
E00000E00380000E
E00000700380000E
E00000780380000E
E000003C0380000E
E000001C0380000E
E000001E0380000E
E000000F0380000E
E00000078380000E
E00000038380000E
E0000003C380000E
E0000001E380001E
E0000000F380001C
E00000007380001C
E00000007B80003C
E00000003F800078
E00000001F8000F0
E00000000F8003F0
E00000000F807FE0
E00000000781FF80
E00000000381FE00
ENDCHAR
STARTCHAR uni01CB
ENCODING 459
SWIDTH 947 0
DWIDTH 71 0
BBX 59 67 7 -14
BITMAP
E000000003800000
F000000003800000
F8000000038003C0
F8000000038007E0
FC000000038007E0
FE000000038003C0
EF00000003800180
E700000003800000
E780000003800000
E3C0000003800000
E1C0000003800000
E0E0000003800000
E0F0000003800000
E078000003800000
E038000003800000
E01C000003800000
E01E000003800180
E00F0000038001C0
E0070000038003C0
E0078000038003C0
E003C000038003C0
E001E000038003C0
E000E000038003C0
E000F000038003C0
E0007800038003C0
E0003C00038003C0
E0001C00038003C0
E0001E00038003C0
E0000F00038003C0
E0000700038003C0
E0000380038003C0
E00003C0038003C0
E00001E0038003C0
E00000E0038003C0
E0000070038003C0
E0000078038003C0
E000003C038003C0
E000001C038003C0
E000001E038003C0
E000000F038003C0
E0000007838003C0
E0000003838003C0
E0000003C38003C0
E0000001E38003C0
E0000000F38003C0
E0000000738003C0
E00000007B8003C0
E00000003F8003C0
E00000001F8003C0
E00000000F8003C0
E00000000F8003C0
E0000000078003C0
E0000000038003C0
00000000000003C0
00000000000003C0
00000000000003C0
00000000000003C0
0000000000000380
0000000000000380
0000000000000380
0000000000000780
0000000000000700
0000000000000F00
0000000000003E00
000000000003FC00
00000000001FF800
00000000000FE000
ENDCHAR
STARTCHAR uni01CC
ENCODING 460
SWIDTH 768 0
DWIDTH 58 0
BBX 46 65 6 -14
BITMAP
00000000003C
00000000007C
00000000007C
00000000007C
000000000038
000000000000
000000000000
000000000000
000000000000
000000000000
000000000000
000000000000
000000000000
000000000000
6007F0000010
E03FFE000038
E0FFFF800038
E3F00FC00038
E7C003E00038
E70000E00038
EE0000F00038
FC0000700038
FC0000780038
F80000380038
F00000380038
F00000380038
F00000380038
F00000380038
F00000380038
F00000380038
F00000380038
F00000380038
F00000380038
F00000380038
F00000380038
F00000380038
F00000380038
F00000380038
F00000380038
F00000380038
F00000380038
F00000380038
F00000380038
F00000380038
F00000380038
F00000380038
F00000380038
F00000380038
F00000380038
F00000380038
E00000380038
000000000038
000000000038
000000000038
000000000038
000000000038
000000000038
000000000078
000000000070
0000000000F0
0000000001E0
0000000003E0
000000007FC0
00000001FF00
00000001FC00
ENDCHAR
STARTCHAR uni01CD
ENCODING 461
SWIDTH 716 0
DWIDTH 54 0
BBX 48 71 3 0
BITMAP
000200004000
00030000C000
00038001C000
0001C0038000
0000E0070000
0000F00F0000
0000701E0000
0000381C0000
00003C380000
00001E780000
00000FF00000
000007E00000
000007E00000
000003C00000
000000000000
000000000000
000000000000
000000000000
000003800000
000003C00000
000007C00000
000007E00000
00000FE00000
00000EF00000
00000E700000
00001C700000
00001C380000
00003C380000
0000381C0000
0000781C0000
0000701E0000
0000700E0000
0000E00F0000
0000E0070000
0001E0070000
0001C0078000
0003C0038000
00038003C000
00038001C000
00070001E000
00070000E000
000F0000E000
000E0000F000
001E00007000
001C00007800
001C00003800
003C00003C00
003800001C00
007800001C00
007000001E00
00F000000E00
00E000000F00
00E000000700
01FFFFFFFF80
01FFFFFFFF80
03FFFFFFFF80
0380000003C0
0780000001C0
0700000001E0
0700000000E0
0E00000000F0
0E0000000070
1E0000000070
1C0000000078
3C0000000038
38000000003C
38000000001C
70000000001E
70000000000E
F0000000000E
E00000000007
ENDCHAR
STARTCHAR uni01CE
ENCODING 462
SWIDTH 514 0
DWIDTH 39 0
BBX 27 58 5 -1
BITMAP
02000100
07000300
03800700
03800600
01C00E00
01C01C00
00E01C00
00703800
00703800
00387000
0038F000
001CE000
001FE000
000FC000
000F8000
00078000
00020000
00000000
00000000
00000000
001FE000
01FFFC00
07FFFE00
1FE01F00
3F000780
780003C0
300001C0
000001E0
000000E0
000000E0
000000E0
000000E0
000000E0
000000E0
000000E0
000000E0
0000BFE0
00FFFFE0
07FFFFE0
1FFC00E0
3F0000E0
7C0000E0
700000E0
F00000E0
E00000E0
E00000E0
E00001E0
E00001E0
E00001E0
F00003E0
F00007E0
78000FE0
3C001EE0
3E003CE0
1FC3F8E0
07FFF0E0
01FFC0E0
00180000
ENDCHAR
STARTCHAR uni01D4
ENCODING 468
SWIDTH 545 0
DWIDTH 41 0
BBX 29 58 6 -1
BITMAP
02000200
07000700
07000700
03800E00
03800C00
01C01C00
00E03800
00E03800
00707000
00707000
0038E000
003DE000
001DC000
001FC000
000F8000
00070000
00020000
00000000
00000000
00000000
40000030
E0000070
E0000078
E0000078
E0000078
E0000078
E0000078
E0000078
E0000078
E0000078
E0000078
E0000078
E0000078
E0000078
E0000078
E0000078
E0000078
E0000078
E0000078
E0000078
E0000078
E0000078
E0000078
E0000078
E0000078
E0000078
F0000078
F00000F8
700000F8
700001F8
780003F8
380007F8
3C000F78
1F001E78
0FE1FC78
07FFF878
01FFE030
000C0000
ENDCHAR
STARTCHAR uni01E5
ENCODING 485
SWIDTH 570 0
DWIDTH 43 0
BBX 38 51 4 -14
BITMAP
000FF00200
007FFE0700
01FFFF8700
03F00FC700
07C001E700
0F0000F700
1E00007F00
3C00003F00
3800001F00
7800000F00
7000000F00
7000000F00
F000000700
F000000700
E000000700
E000000700
E000000700
E000000700
E000000700
E000000700
E000000700
F000000700
7000000700
7000000F00
7800000F00
3800001F00
3C00001F00
1C00003F00
1E00007F00
0F8000F700
07C003E700
03F83FC700
00FFFF8700
003FFE0700
0007E00700
0000000700
0000000700
0000000700
0000000700
00000FFFFC
00001FFFFC
00000FFFF8
0000000E00
0000001E00
1C00001C00
1E00003C00
1F8000F800
07F003F000
03FFFFE000
007FFF8000
000FFE0000
ENDCHAR
STARTCHAR Gcaron
ENCODING 486
SWIDTH 718 0
DWIDTH 54 0
BBX 42 72 5 -1
BITMAP
000200008000
00070001C000
000380018000
0001C0038000
0001E0070000
0000E00E0000
0000701E0000
0000783C0000
00003C380000
00001E780000
00000EF00000
00000FE00000
000007C00000
000003C00000
000000000000
000000000000
000000000000
000000000000
0000FFFE0000
0007FFFFC000
001FFFFFF800
003F8003FC00
007C00007F00
01F000001F80
03E0000007C0
03C0000003C0
078000000180
0F0000000000
0E0000000000
1E0000000000
1C0000000000
3C0000000000
380000000000
780000000000
780000000000
700000000000
700000000000
700000000000
F00000000000
F00000000000
F00000000000
F00000000000
E00000000000
E00000000000
E000003FFF80
E000007FFFC0
E000007FFFC0
E000000001C0
F000000001C0
F000000001C0
F000000001C0
7000000001C0
7000000001C0
7000000001C0
7800000001C0
7800000001C0
3800000001C0
3C00000001C0
1C00000001C0
1E00000001C0
0E00000001C0
0F00000001C0
0780000001C0
03C0000001C0
03E0000001C0
01F8000001C0
007C000003C0
003F80003FC0
001FFFBFFF80
0003FFFFFE00
0000FFFFE000
000001E00000
ENDCHAR
STARTCHAR gcaron
ENCODING 487
SWIDTH 570 0
DWIDTH 43 0
BBX 32 71 4 -14
BITMAP
00400040
00E00060
006000E0
007001C0
003001C0
00380380
001C0780
001C0700
000E0E00
000F0E00
00071C00
0007BC00
0003B800
0001F800
0001F000
0000F000
00004000
00000000
00000000
00000000
000FF002
007FFE07
01FFFF87
03F80FC7
07C003E7
0F0000F7
1E00007F
1C00003F
3C00001F
3800001F
7800000F
7000000F
70000007
F0000007
E0000007
E0000007
E0000007
E0000007
E0000007
E0000007
E0000007
E0000007
F0000007
70000007
7000000F
7800000F
7800000F
3C00001F
3C00003F
1E00007F
0F0000F7
078001E7
03F007C7
01FFFF87
007FFF07
001FF807
00000007
00000007
00000007
00000007
00000007
0000000F
0000000E
0000001E
1C00001E
1E00003C
1F800078
07F003F0
03FFFFE0
007FFF80
000FFE00
ENDCHAR
STARTCHAR uni01E9
ENCODING 489
SWIDTH 468 0
DWIDTH 35 0
BBX 27 71 6 0
BITMAP
04000080
06000380
07000380
03800700
03C00E00
01C01C00
00E03C00
00703800
00787000
003CF000
001FE000
001FC000
000FC000
00078000
00000000
00000000
00000000
00000000
60000000
F0000000
F0000000
F0000000
F0000000
F0000000
F0000000
F0000000
F0000000
F0000000
F0000000
F0000000
F0000000
F0000000
F0000000
F0000000
F0000180
F0000380
F0000F80
F0001F00
F0003E00
F0007C00
F000F000
F001E000
F003C000
F0078000
F00F0000
F03E0000
F07C0000
F0F80000
F1E00000
F3C00000
F7800000
FF000000
FE000000
FF800000
F7C00000
F3E00000
F0F00000
F0780000
F03C0000
F01F0000
F00F8000
F007C000
F001E000
F000F000
F0007800
F0003E00
F0001F00
F0000F80
F00003C0
F00001E0
E00000E0
ENDCHAR
STARTCHAR uni01EA
ENCODING 490
SWIDTH 751 0
DWIDTH 56 0
BBX 46 67 5 -14
BITMAP
0000FFFC0000
0007FFFF8000
001FFFFFE000
003F8003F800
00FC0000FC00
01F000003E00
03E000001F00
03C000000780
078000000780
0F00000003C0
0E00000001E0
1E00000000E0
1C00000000F0
3C0000000070
380000000070
780000000078
780000000038
700000000038
70000000003C
70000000003C
F0000000003C
F0000000001C
F0000000001C
F0000000001C
E0000000001C
E0000000001C
E0000000001C
E0000000001C
E0000000001C
E0000000001C
F0000000001C
F0000000001C
F0000000003C
70000000003C
70000000003C
700000000038
780000000038
380000000078
380000000070
3C0000000070
1C00000000F0
1E00000000E0
0E00000001E0
0F00000003C0
078000000380
03C000000780
03E000000F00
01F000003E00
00FC0000FC00
003F0003F800
001FFEFFE000
0007FFFF8000
0001FFFE0000
000003C00000
000007800000
00000F000000
00000E000000
00001C000000
00001C000000
00001C000000
00001C000000
00001C000000
00001C000000
00000E000000
00000FDE0000
000007FE0000
000003FC0000
ENDCHAR
STARTCHAR uni01EB
ENCODING 491
SWIDTH 538 0
DWIDTH 40 0
BBX 32 51 4 -14
BITMAP
000FF000
007FFE00
01FFFF80
03F00FC0
07C003E0
0F0000F0
1E000078
1C00003C
3C00001C
3800001E
7800000E
7000000E
7000000F
F0000007
F0000007
E0000007
E0000007
E0000007
E0000007
E0000007
E0000007
E0000007
E0000007
F0000007
70000007
7000000F
7000000E
7800001E
3800001C
3C00003C
1E000038
0F000078
0F8001F0
07E003E0
03FC3FC0
00FFFF00
003FFC00
0001F000
0003C000
00038000
00070000
00070000
000E0000
000E0000
000E0000
000E0000
00070000
00078000
0007EF00
0003FF00
0000FF00
ENDCHAR
STARTCHAR uni01EF
ENCODING 495
SWIDTH 476 0
DWIDTH 36 0
BBX 31 71 2 -14
BITMAP
02000100
07000300
03000700
03800E00
01C00E00
01C01C00
00E01C00
00F03800
00707800
00387000
0038F000
001CE000
001FC000
000FC000
000F8000
00078000
00020000
00000000
00000000
00000000
00000000
FFFFFFF8
FFFFFFF8
000000F0
000000E0
000001E0
000003C0
00000780
00000F00
00001E00
00003C00
00007800
00007000
0000E000
0001E000
0003C000
00078000
000F0000
001E0000
003C0000
00380000
00700000
00FFFC00
01FFFF00
00FFFFC0
000007E0
000001F0
00000078
00000038
0000003C
0000001C
0000001E
0000001E
0000000E
0000000E
0000000E
0000000E
0000000E
0000000E
0000001E
0000001E
0000001C
0000003C
00000038
C0000078
F00000F0
F80003E0
7F800FC0
1FFFFF80
07FFFE00
00FFF000
ENDCHAR
STARTCHAR Aringacute
ENCODING 506
SWIDTH 716 0
DWIDTH 54 0
BBX 48 78 3 0
BITMAP
000000001800
000000003C00
000000007800
00000000F000
00000101E000
00000FF3C000
00003FFF8000
0000781E0000
0000700E0000
0000E0070000
0000C0070000
0000C0030000
0000C0030000
0000C0030000
0000C0030000
0000E0070000
0000E00E0000
0000701E0000
00003EFC0000
00001FF80000
000007E00000
000000000000
000000000000
000000000000
000000000000
000003800000
000003C00000
000007C00000
000007E00000
00000FE00000
00000EF00000
00000E700000
00001C700000
00001C380000
00003C380000
0000381C0000
0000781C0000
0000701E0000
0000700E0000
0000E00F0000
0000E0070000
0001E0070000
0001C0078000
0003C0038000
00038003C000
00038001C000
00070001E000
00070000E000
000F0000E000
000E0000F000
001E00007000
001C00007800
001C00003800
003C00003C00
003800001C00
007800001C00
007000001E00
00F000000E00
00E000000F00
00E000000700
01FFFFFFFF80
01FFFFFFFF80
03FFFFFFFF80
0380000003C0
0780000001C0
0700000001E0
0700000000E0
0E00000000F0
0E0000000070
1E0000000070
1C0000000078
3C0000000038
38000000003C
38000000001C
70000000001E
70000000000E
F0000000000E
E00000000007
ENDCHAR
STARTCHAR aringacute
ENCODING 507
SWIDTH 514 0
DWIDTH 39 0
BBX 29 63 5 -1
BITMAP
00000030
00000078
000000F0
000001E0
000203C0
001FE780
007FFE00
00F03C00
00E01C00
01C00E00
01800E00
01800600
03800600
03800600
01800E00
01C00E00
01C01C00
00E03C00
007DF800
003FF000
000FC000
00000000
00000000
00000000
00000000
001FE000
01FFFC00
07FFFE00
1FE01F00
3F000780
780003C0
300001C0
000001E0
000000E0
000000E0
000000E0
000000E0
000000E0
000000E0
000000E0
000000E0
0000BFE0
00FFFFE0
07FFFFE0
1FFC00E0
3F0000E0
7C0000E0
700000E0
F00000E0
E00000E0
E00000E0
E00001E0
E00001E0
E00001E0
F00003E0
F00007E0
78000FE0
3C001EE0
3E003CE0
1FC3F8E0
07FFF0E0
01FFC0E0
00180000
ENDCHAR
STARTCHAR AEacute
ENCODING 508
SWIDTH 971 0
DWIDTH 73 0
BBX 69 71 1 0
BITMAP
000000000008000000
00000000003C000000
00000000003C000000
000000000078000000
0000000000F0000000
0000000000E0000000
0000000001E0000000
0000000003C0000000
000000000380000000
000000000700000000
000000000E00000000
000000000E00000000
000000001C00000000
000000001800000000
000000000000000000
000000000000000000
000000000000000000
000000000000000000
00000001FFFFFFFFF0
00000003FFFFFFFFF8
00000007FFFFFFFFF0
00000007C000000000
0000000EE000000000
0000001EE000000000
0000001CE000000000
0000003CE000000000
00000038E000000000
000000707000000000
000000F07000000000
000000E07000000000
000001E07000000000
000001C03800000000
000003C03800000000
000007803800000000
000007003800000000
00000F003800000000
00000E001C00000000
00001E001C00000000
00001C001C00000000
000038001C00000000
000078001C00000000
000070000E00000000
0000F0000E00000000
0000E0000FFFFFFFE0
0001C0000FFFFFFFE0
0003C0000FFFFFFFC0
000380000700000000
000780000700000000
000700000700000000
000E00000700000000
001E00000380000000
001C00000380000000
003C00000380000000
003FFFFFFF80000000
007FFFFFFF80000000
00FFFFFFFFC0000000
00E0000001C0000000
01E0000001C0000000
01C0000001C0000000
03C0000001C0000000
0780000000E0000000
0700000000E0000000
0F00000000E0000000
0E00000000E0000000
1E00000000E0000000
3C0000000070000000
380000000070000000
780000000070000000
70000000007FFFFFF0
F0000000003FFFFFF8
E0000000003FFFFFF0
ENDCHAR
STARTCHAR aeacute
ENCODING 509
SWIDTH 857 0
DWIDTH 64 0
BBX 56 58 5 -1
BITMAP
00000000600000
00000000F00000
00000000F00000
00000001E00000
00000001C00000
00000003C00000
00000003800000
00000007800000
00000007000000
0000000E000000
0000000E000000
0000001C000000
0000001C000000
00000038000000
00000030000000
00000070000000
00000000000000
00000000000000
00000000000000
00000000000000
001FE00007F800
01FFFC003FFF00
07FFFF00FFFFC0
1FE01F81F807E0
3F0007C3E001F0
780003C78000F8
300001EF000078
000000EE00003C
000000FC00001C
000000FC00001C
000000F800000E
000000F800000E
0000007800000E
0000007000000E
00000070000007
00000070000007
00000FFFFFFFFF
00FFFFFFFFFFFF
07FFFFFFFFFFFE
1FFC0070000000
3F000070000000
7C000070000000
700000F0000000
F00000F0000000
E00000F0000000
E00000F8000000
E00000F8000000
E00001F8000000
E00001FC000000
F000039E000000
F000038E000000
7800070F00000E
3C000F07C0003E
3E003E03E000FC
1FC1FC01FE0FF8
07FFF0007FFFE0
01FFC0001FFF00
002C000000E000
ENDCHAR
STARTCHAR Oslashacute
ENCODING 510
SWIDTH 751 0
DWIDTH 56 0
BBX 46 74 5 -3
BITMAP
000000010000
000000038000
000000078000
000000078000
0000000F0000
0000001E0000
0000001C0000
000000380000
000000780000
000000700000
000000E00000
000001C00000
000003800000
000001800000
000000000000
000000000000
000000000380
000000000780
0000FFFC0700
0007FFFF8E00
001FFFFFEE00
003F8003FC00
00FC0000FC00
01F000003E00
03E000007F00
03C000007780
07800000E780
0F000001E3C0
0E000001C1E0
1E000003C0E0
1C00000380F0
3C0000070070
380000070070
7800000E0078
7800001E0038
7000001C0038
7000003C003C
70000038003C
F0000070003C
F00000F0001C
F00000E0001C
F00001E0001C
E00001C0001C
E0000380001C
E0000380001C
E0000700001C
E0000F00001C
E0000E00001C
F0001E00001C
F0001C00001C
F0003800003C
70007800003C
70007000003C
7000F0000038
7800E0000038
3801C0000078
3801C0000070
3C0380000070
1C07800000F0
1E07000000E0
0E0F000001E0
0F0E000003C0
079C00000380
03FC00000780
03F800000F00
01F800003E00
00FC0000FC00
00FF0003F800
00FFFEFFE000
01C7FFFF8000
03C1FFFE0000
038003400000
038000000000
010000000000
ENDCHAR
STARTCHAR oslashacute
ENCODING 511
SWIDTH 538 0
DWIDTH 40 0
BBX 32 60 4 -3
BITMAP
00000180
000003C0
000003C0
00000780
00000700
00000F00
00000E00
00001E00
00001C00
00003800
00003800
00007000
0000E000
0000E000
0001C000
0001C000
00000000
00000000
00000030
00000038
000FF070
007FFE70
01FFFFE0
03F00FE0
07C003E0
0F0003F0
1E0003F8
1C00073C
3C00071C
38000E1E
78001E0E
70001C0E
7000380F
F0003807
F0007007
E0007007
E000E007
E001C007
E001C007
E0038007
E0038007
E0070007
E0070007
F00E0007
701C0007
701C000F
7038000E
7838001E
3870001C
3C70003C
1EE00038
0FC00078
0FC001F0
07E003E0
03FC3FC0
07FFFF00
0F3FFC00
0E018000
0C000000
0C000000
ENDCHAR
STARTCHAR uni0200
ENCODING 512
SWIDTH 716 0
DWIDTH 54 0
BBX 48 71 3 0
BITMAP
000404000000
000E0E000000
000E0E000000
000F0F000000
000707000000
000383800000
000383800000
0001C1C00000
0000C0C00000
0000E0E00000
000060600000
000070300000
000030300000
000018180000
000000000000
000000000000
000000000000
000000000000
000003800000
000003C00000
000007C00000
000007E00000
00000FE00000
00000EF00000
00000E700000
00001C700000
00001C380000
00003C380000
0000381C0000
0000781C0000
0000701E0000
0000700E0000
0000E00F0000
0000E0070000
0001E0070000
0001C0078000
0003C0038000
00038003C000
00038001C000
00070001E000
00070000E000
000F0000E000
000E0000F000
001E00007000
001C00007800
001C00003800
003C00003C00
003800001C00
007800001C00
007000001E00
00F000000E00
00E000000F00
00E000000700
01FFFFFFFF80
01FFFFFFFF80
03FFFFFFFF80
0380000003C0
0780000001C0
0700000001E0
0700000000E0
0E00000000F0
0E0000000070
1E0000000070
1C0000000078
3C0000000038
38000000003C
38000000001C
70000000001E
70000000000E
F0000000000E
E00000000007
ENDCHAR
STARTCHAR uni0201
ENCODING 513
SWIDTH 514 0
DWIDTH 39 0
BBX 27 58 5 -1
BITMAP
06060000
0F0F0000
07070000
07070000
07878000
03838000
03838000
0381C000
01C1C000
01C1C000
00C0C000
00E0E000
00E06000
00606000
00607000
00303000
00000000
00000000
00000000
00000000
001FE000
01FFFC00
07FFFE00
1FE01F00
3F000780
780003C0
300001C0
000001E0
000000E0
000000E0
000000E0
000000E0
000000E0
000000E0
000000E0
000000E0
0000BFE0
00FFFFE0
07FFFFE0
1FFC00E0
3F0000E0
7C0000E0
700000E0
F00000E0
E00000E0
E00000E0
E00001E0
E00001E0
E00001E0
F00003E0
F00007E0
78000FE0
3C001EE0
3E003CE0
1FC3F8E0
07FFF0E0
01FFC0E0
00180000
ENDCHAR
STARTCHAR uni0202
ENCODING 514
SWIDTH 716 0
DWIDTH 54 0
BBX 48 70 3 0
BITMAP
000007E00000
00001FF80000
00007FFE0000
0000F81F0000
0001E0078000
00038003C000
00038001C000
00070000E000
00070000E000
000600006000
000E00006000
000E00007000
000C00007000
000000000000
000000000000
000000000000
000000000000
000003800000
000003C00000
000007C00000
000007E00000
00000FE00000
00000EF00000
00000E700000
00001C700000
00001C380000
00003C380000
0000381C0000
0000781C0000
0000701E0000
0000700E0000
0000E00F0000
0000E0070000
0001E0070000
0001C0078000
0003C0038000
00038003C000
00038001C000
00070001E000
00070000E000
000F0000E000
000E0000F000
001E00007000
001C00007800
001C00003800
003C00003C00
003800001C00
007800001C00
007000001E00
00F000000E00
00E000000F00
00E000000700
01FFFFFFFF80
01FFFFFFFF80
03FFFFFFFF80
0380000003C0
0780000001C0
0700000001E0
0700000000E0
0E00000000F0
0E0000000070
1E0000000070
1C0000000078
3C0000000038
38000000003C
38000000001C
70000000001E
70000000000E
F0000000000E
E00000000007
ENDCHAR
STARTCHAR uni0203
ENCODING 515
SWIDTH 514 0
DWIDTH 39 0
BBX 27 56 5 -1
BITMAP
001FE000
007FF800
00F8FC00
01E01E00
01C00E00
03800700
03000700
07000380
06000380
06000180
0E000180
0E000180
0E0001C0
0C000180
00000000
00000000
00000000
00000000
001FE000
01FFFC00
07FFFE00
1FE01F00
3F000780
780003C0
300001C0
000001E0
000000E0
000000E0
000000E0
000000E0
000000E0
000000E0
000000E0
000000E0
0000BFE0
00FFFFE0
07FFFFE0
1FFC00E0
3F0000E0
7C0000E0
700000E0
F00000E0
E00000E0
E00000E0
E00001E0
E00001E0
E00001E0
F00003E0
F00007E0
78000FE0
3C001EE0
3E003CE0
1FC3F8E0
07FFF0E0
01FFC0E0
00180000
ENDCHAR
STARTCHAR uni0204
ENCODING 516
SWIDTH 570 0
DWIDTH 43 0
BBX 32 71 7 0
BITMAP
02020000
07070000
07070000
07878000
03838000
01C1C000
01C1C000
00E0E000
00607000
00707000
00303800
00181800
00181C00
000C0C00
00000000
00000000
00000000
00000000
7FFFFFFF
FFFFFFFF
FFFFFFFF
E0000000
E0000000
E0000000
E0000000
E0000000
E0000000
E0000000
E0000000
E0000000
E0000000
E0000000
E0000000
E0000000
E0000000
E0000000
E0000000
E0000000
E0000000
E0000000
E0000000
E0000000
E0000000
FFFFFFFE
FFFFFFFE
FFFFFFFC
E0000000
E0000000
E0000000
E0000000
E0000000
E0000000
E0000000
E0000000
E0000000
E0000000
E0000000
E0000000
E0000000
E0000000
E0000000
E0000000
E0000000
E0000000
E0000000
E0000000
E0000000
E0000000
FFFFFFFF
FFFFFFFF
7FFFFFFF
ENDCHAR
STARTCHAR uni0205
ENCODING 517
SWIDTH 523 0
DWIDTH 39 0
BBX 32 58 4 -1
BITMAP
01818000
03C3C000
03C1C000
01C1C000
01C1E000
00E0E000
00E0E000
00E06000
00707000
00707000
00303000
00303800
00381800
00181800
00181C00
000C0C00
00000000
00000000
00000000
00000000
0007F800
003FFE00
00FFFF80
01F807C0
07C001E0
0F8000F0
0E000078
1E000038
3C00001C
3800001C
7800000E
7000000E
7000000E
7000000E
F0000006
E0000007
E0000007
FFFFFFFF
FFFFFFFE
E0000000
E0000000
E0000000
E0000000
F0000000
70000000
70000000
70000000
78000000
38000000
3C000000
1E000000
0F00000E
0780003E
03E000FC
01FE0FF8
00FFFFE0
001FFF00
0000F000
ENDCHAR
STARTCHAR uni0206
ENCODING 518
SWIDTH 570 0
DWIDTH 43 0
BBX 32 70 7 0
BITMAP
0003F000
000FFC00
003FFF00
007C0F80
00F003C0
01E001E0
01C000E0
03800070
03800070
03000030
07000030
07000038
07000038
00000000
00000000
00000000
00000000
7FFFFFFF
FFFFFFFF
FFFFFFFF
E0000000
E0000000
E0000000
E0000000
E0000000
E0000000
E0000000
E0000000
E0000000
E0000000
E0000000
E0000000
E0000000
E0000000
E0000000
E0000000
E0000000
E0000000
E0000000
E0000000
E0000000
E0000000
FFFFFFFE
FFFFFFFE
FFFFFFFC
E0000000
E0000000
E0000000
E0000000
E0000000
E0000000
E0000000
E0000000
E0000000
E0000000
E0000000
E0000000
E0000000
E0000000
E0000000
E0000000
E0000000
E0000000
E0000000
E0000000
E0000000
E0000000
FFFFFFFF
FFFFFFFF
7FFFFFFF
ENDCHAR
STARTCHAR uni0207
ENCODING 519
SWIDTH 523 0
DWIDTH 39 0
BBX 32 56 4 -1
BITMAP
0007F800
001FFC00
003E3F00
00780700
00F00380
00E001C0
01C001C0
01C000E0
018000E0
018000E0
03800060
03800060
03800070
03000060
00000000
00000000
00000000
00000000
0007F800
003FFE00
00FFFF80
01F807C0
07C001E0
0F8000F0
0E000078
1E000038
3C00001C
3800001C
7800000E
7000000E
7000000E
7000000E
F0000006
E0000007
E0000007
FFFFFFFF
FFFFFFFE
E0000000
E0000000
E0000000
E0000000
F0000000
70000000
70000000
70000000
78000000
38000000
3C000000
1E000000
0F00000E
0780003E
03E000FC
01FE0FF8
00FFFFE0
001FFF00
0000F000
ENDCHAR
STARTCHAR uni0208
ENCODING 520
SWIDTH 234 0
DWIDTH 18 0
BBX 18 71 -4 0
BITMAP
202000
707000
F07000
787800
383800
3C1C00
1C1C00
0E0E00
0E0E00
070700
030300
038380
018180
00C0C0
000000
000000
000000
000000
001C00
001C00
001C00
001C00
001C00
001C00
001C00
001C00
001C00
001C00
001C00
001C00
001C00
001C00
001C00
001C00
001C00
001C00
001C00
001C00
001C00
001C00
001C00
001C00
001C00
001C00
001C00
001C00
001C00
001C00
001C00
001C00
001C00
001C00
001C00
001C00
001C00
001C00
001C00
001C00
001C00
001C00
001C00
001C00
001C00
001C00
001C00
001C00
001C00
001C00
001C00
001C00
001C00
ENDCHAR
STARTCHAR uni0209
ENCODING 521
SWIDTH 212 0
DWIDTH 16 0
BBX 16 57 -3 0
BITMAP
6060
F0F0
7070
7070
7838
3838
3838
181C
1C1C
1C0C
0C0E
0E0E
0606
0606
0707
0303
0000
0000
0000
0000
0020
0070
0078
0078
0078
0078
0078
0078
0078
0078
0078
0078
0078
0078
0078
0078
0078
0078
0078
0078
0078
0078
0078
0078
0078
0078
0078
0078
0078
0078
0078
0078
0078
0078
0078
0078
0030
ENDCHAR
STARTCHAR uni020A
ENCODING 522
SWIDTH 234 0
DWIDTH 18 0
BBX 24 70 -3 0
BITMAP
007E00
03FF80
07FFE0
0F01F0
1E0078
380038
38001C
70000C
70000E
60000E
E00006
E00007
C00006
000000
000000
000000
000000
003800
003800
003800
003800
003800
003800
003800
003800
003800
003800
003800
003800
003800
003800
003800
003800
003800
003800
003800
003800
003800
003800
003800
003800
003800
003800
003800
003800
003800
003800
003800
003800
003800
003800
003800
003800
003800
003800
003800
003800
003800
003800
003800
003800
003800
003800
003800
003800
003800
003800
003800
003800
003800
ENDCHAR
STARTCHAR uni020B
ENCODING 523
SWIDTH 212 0
DWIDTH 16 0
BBX 22 55 -3 0
BITMAP
01FE00
07FF80
0F8FC0
1E01E0
1C00E0
380070
300030
700038
700038
600018
E00018
E0001C
E0001C
C00018
000000
000000
000000
000000
002000
007000
007800
007800
007800
007800
007800
007800
007800
007800
007800
007800
007800
007800
007800
007800
007800
007800
007800
007800
007800
007800
007800
007800
007800
007800
007800
007800
007800
007800
007800
007800
007800
007800
007800
007800
003000
ENDCHAR
STARTCHAR uni020C
ENCODING 524
SWIDTH 751 0
DWIDTH 56 0
BBX 46 72 5 -1
BITMAP
000808000000
001C1C000000
001C1E000000
001E0E000000
000E0F000000
000707000000
000783800000
000383800000
0001C1C00000
0001C1C00000
0000E0E00000
000060600000
000070700000
000030300000
000000000000
000000000000
000000000000
000000000000
0000FFFC0000
0007FFFF8000
001FFFFFE000
003F8003F800
00FC0000FC00
01F000003E00
03E000001F00
03C000000780
078000000780
0F00000003C0
0E00000001E0
1E00000000E0
1C00000000F0
3C0000000070
380000000070
780000000078
780000000038
700000000038
70000000003C
70000000003C
F0000000003C
F0000000001C
F0000000001C
F0000000001C
E0000000001C
E0000000001C
E0000000001C
E0000000001C
E0000000001C
E0000000001C
F0000000001C
F0000000001C
F0000000003C
70000000003C
70000000003C
700000000038
780000000038
380000000078
380000000070
3C0000000070
1C00000000F0
1E00000000E0
0E00000001E0
0F00000003C0
078000000380
03C000000780
03E000000F00
01F000003E00
00FC0000FC00
003F0003F800
001FFEFFE000
0007FFFF8000
0001FFFE0000
000003400000
ENDCHAR
STARTCHAR uni020D
ENCODING 525
SWIDTH 538 0
DWIDTH 40 0
BBX 32 58 4 -1
BITMAP
03030000
03838000
03838000
03C3C000
01C1C000
01C1C000
01C0E000
00E0E000
00E0E000
00606000
00707000
00703000
00303000
00303800
00181800
00181800
00000000
00000000
00000000
00000000
000FF000
007FFE00
01FFFF80
03F00FC0
07C003E0
0F0000F0
1E000078
1C00003C
3C00001C
3800001E
7800000E
7000000E
7000000F
F0000007
F0000007
E0000007
E0000007
E0000007
E0000007
E0000007
E0000007
E0000007
E0000007
F0000007
70000007
7000000F
7000000E
7800001E
3800001C
3C00003C
1E000038
0F000078
0F8001F0
07E003E0
03FC3FC0
00FFFF00
003FFC00
00018000
ENDCHAR
STARTCHAR uni020E
ENCODING 526
SWIDTH 751 0
DWIDTH 56 0
BBX 46 71 5 -1
BITMAP
00000FC00000
00003FF00000
0000FFFC0000
0001F03E0000
0003C00F0000
000380038000
000700038000
00060001C000
000E0001C000
000C0000C000
000C0000E000
001C0000E000
000C00006000
000000000000
000000000000
000000000000
000000000000
0000FFFC0000
0007FFFF8000
001FFFFFE000
003F8003F800
00FC0000FC00
01F000003E00
03E000001F00
03C000000780
078000000780
0F00000003C0
0E00000001E0
1E00000000E0
1C00000000F0
3C0000000070
380000000070
780000000078
780000000038
700000000038
70000000003C
70000000003C
F0000000003C
F0000000001C
F0000000001C
F0000000001C
E0000000001C
E0000000001C
E0000000001C
E0000000001C
E0000000001C
E0000000001C
F0000000001C
F0000000001C
F0000000003C
70000000003C
70000000003C
700000000038
780000000038
380000000078
380000000070
3C0000000070
1C00000000F0
1E00000000E0
0E00000001E0
0F00000003C0
078000000380
03C000000780
03E000000F00
01F000003E00
00FC0000FC00
003F0003F800
001FFEFFE000
0007FFFF8000
0001FFFE0000
000003400000
ENDCHAR
STARTCHAR uni020F
ENCODING 527
SWIDTH 538 0
DWIDTH 40 0
BBX 32 56 4 -1
BITMAP
000FF000
003FFC00
007E3E00
00F00F00
00E00780
01C00380
01C001C0
038001C0
038000C0
030000C0
030000E0
030000E0
070000E0
03000060
00000000
00000000
00000000
00000000
000FF000
007FFE00
01FFFF80
03F00FC0
07C003E0
0F0000F0
1E000078
1C00003C
3C00001C
3800001E
7800000E
7000000E
7000000F
F0000007
F0000007
E0000007
E0000007
E0000007
E0000007
E0000007
E0000007
E0000007
E0000007
F0000007
70000007
7000000F
7000000E
7800001E
3800001C
3C00003C
1E000038
0F000078
0F8001F0
07E003E0
03FC3FC0
00FFFF00
003FFC00
00018000
ENDCHAR
STARTCHAR uni0210
ENCODING 528
SWIDTH 654 0
DWIDTH 49 0
BBX 38 71 7 0
BITMAP
0101000000
0383800000
0383C00000
03C1C00000
01C1E00000
00E0E00000
00E0F00000
0070700000
0030380000
0038380000
00181C0000
000C0C0000
000C0E0000
0006060000
0000000000
0000000000
0000000000
0000000000
7FFFFF0000
FFFFFFF000
FFFFFFFC00
E00000FF00
E000001F80
E0000007C0
E0000003C0
E0000001E0
E0000000E0
E0000000F0
E000000070
E000000070
E000000070
E000000070
E000000078
E000000070
E000000070
E000000070
E000000070
E0000000F0
E0000000F0
E0000000E0
E0000001E0
E0000003C0
E000000780
E000001F00
E00003FE00
FFFFFFF800
FFFFFFC000
FFFFFF8000
E00007C000
E00001E000
E00000F000
E000007800
E000003800
E000003C00
E000001C00
E000000E00
E000000F00
E000000700
E000000780
E000000380
E0000003C0
E0000001C0
E0000001E0
E0000000E0
E0000000F0
E000000070
E000000078
E000000038
E00000001C
E00000001C
E00000000C
ENDCHAR
STARTCHAR uni0211
ENCODING 529
SWIDTH 327 0
DWIDTH 25 0
BBX 19 57 5 0
BITMAP
C0C000
E0E000
E0F000
F0F000
707000
707000
383800
383800
383800
181C00
1C1C00
1C0C00
0C0C00
0E0E00
060600
060600
000000
000000
000000
000000
3007E0
703FE0
707FC0
71F800
73E000
778000
770000
7E0000
7C0000
7C0000
780000
780000
780000
780000
780000
780000
780000
780000
780000
780000
780000
780000
780000
780000
780000
780000
780000
780000
780000
780000
780000
780000
780000
780000
780000
780000
700000
ENDCHAR
STARTCHAR uni0212
ENCODING 530
SWIDTH 654 0
DWIDTH 49 0
BBX 38 70 7 0
BITMAP
0001F80000
0007FE0000
001FFF8000
003E07C000
007801E000
00F000F000
00E0007000
01C0003800
01C0003800
0180001800
0180001C00
0380001C00
0380000C00
0000000000
0000000000
0000000000
0000000000
7FFFFF0000
FFFFFFF000
FFFFFFFC00
E00000FF00
E000001F80
E0000007C0
E0000003C0
E0000001E0
E0000000E0
E0000000F0
E000000070
E000000070
E000000070
E000000070
E000000078
E000000070
E000000070
E000000070
E000000070
E0000000F0
E0000000F0
E0000000E0
E0000001E0
E0000003C0
E000000780
E000001F00
E00003FE00
FFFFFFF800
FFFFFFC000
FFFFFF8000
E00007C000
E00001E000
E00000F000
E000007800
E000003800
E000003C00
E000001C00
E000000E00
E000000F00
E000000700
E000000780
E000000380
E0000003C0
E0000001C0
E0000001E0
E0000000E0
E0000000F0
E000000070
E000000078
E000000038
E00000001C
E00000001C
E00000000C
ENDCHAR
STARTCHAR uni0213
ENCODING 531
SWIDTH 327 0
DWIDTH 25 0
BBX 21 55 5 0
BITMAP
03FC00
07FF00
1F8F80
1C03C0
3801E0
7000E0
700070
600070
E00030
E00038
C00038
C00038
C00038
C00018
000000
000000
000000
000000
3007E0
703FE0
707FC0
71F800
73E000
778000
770000
7E0000
7C0000
7C0000
780000
780000
780000
780000
780000
780000
780000
780000
780000
780000
780000
780000
780000
780000
780000
780000
780000
780000
780000
780000
780000
780000
780000
780000
780000
780000
700000
ENDCHAR
STARTCHAR uni0214
ENCODING 532
SWIDTH 720 0
DWIDTH 54 0
BBX 40 72 7 -1
BITMAP
0040400000
00E0E00000
00E0E00000
00F0F00000
0070700000
0038380000
0038380000
001C1C0000
000C0E0000
000E0E0000
0006070000
0003030000
0003038000
0001818000
0000000000
0000000000
0000000000
0000000000
E000000007
E000000007
E000000007
E000000007
E000000007
E000000007
E000000007
E000000007
E000000007
E000000007
E000000007
E000000007
E000000007
E000000007
E000000007
E000000007
E000000007
E000000007
E000000007
E000000007
E000000007
E000000007
E000000007
E000000007
E000000007
E000000007
E000000007
E000000007
E000000007
E000000007
E000000007
E000000007
E000000007
E000000007
E000000007
E000000007
E000000007
E000000007
F00000000F
700000000E
700000000E
700000000E
780000001E
380000001C
3C0000003C
1E00000078
1F000000F0
0F800001F0
07E00007E0
03F8001FC0
00FFFFFF00
007FFFFC00
000FFFF000
00001C0000
ENDCHAR
STARTCHAR uni0215
ENCODING 533
SWIDTH 545 0
DWIDTH 41 0
BBX 29 58 6 -1
BITMAP
0C060000
0E0E0000
0F0F0000
0F070000
07070000
07078000
03838000
03838000
03818000
01C1C000
01C1C000
00C0C000
00C0E000
00E06000
00606000
00606000
00000000
00000000
00000000
00000000
40000030
E0000070
E0000078
E0000078
E0000078
E0000078
E0000078
E0000078
E0000078
E0000078
E0000078
E0000078
E0000078
E0000078
E0000078
E0000078
E0000078
E0000078
E0000078
E0000078
E0000078
E0000078
E0000078
E0000078
E0000078
E0000078
F0000078
F00000F8
700000F8
700001F8
780003F8
380007F8
3C000F78
1F001E78
0FE1FC78
07FFF878
01FFE030
000C0000
ENDCHAR
STARTCHAR uni0216
ENCODING 534
SWIDTH 720 0
DWIDTH 54 0
BBX 40 71 7 -1
BITMAP
00007E0000
0001FF8000
0007FFE000
000F81F000
001E007800
003C003C00
0038001C00
0070000E00
0070000E00
0060000600
00E0000600
00E0000700
00E0000700
0000000000
0000000000
0000000000
0000000000
E000000007
E000000007
E000000007
E000000007
E000000007
E000000007
E000000007
E000000007
E000000007
E000000007
E000000007
E000000007
E000000007
E000000007
E000000007
E000000007
E000000007
E000000007
E000000007
E000000007
E000000007
E000000007
E000000007
E000000007
E000000007
E000000007
E000000007
E000000007
E000000007
E000000007
E000000007
E000000007
E000000007
E000000007
E000000007
E000000007
E000000007
E000000007
F00000000F
700000000E
700000000E
700000000E
780000001E
380000001C
3C0000003C
1E00000078
1F000000F0
0F800001F0
07E00007E0
03F8001FC0
00FFFFFF00
007FFFFC00
000FFFF000
00001C0000
ENDCHAR
STARTCHAR uni0217
ENCODING 535
SWIDTH 545 0
DWIDTH 41 0
BBX 29 56 6 -1
BITMAP
003FE000
007FF000
00F8F800
01C03C00
03800E00
03000E00
07000700
06000300
0E000380
0E000380
0E000380
0C000180
0C000180
0C000180
00000000
00000000
00000000
00000000
40000030
E0000070
E0000078
E0000078
E0000078
E0000078
E0000078
E0000078
E0000078
E0000078
E0000078
E0000078
E0000078
E0000078
E0000078
E0000078
E0000078
E0000078
E0000078
E0000078
E0000078
E0000078
E0000078
E0000078
E0000078
E0000078
F0000078
F00000F8
700000F8
700001F8
780003F8
380007F8
3C000F78
1F001E78
0FE1FC78
07FFF878
01FFE030
000C0000
ENDCHAR
STARTCHAR uni0218
ENCODING 536
SWIDTH 600 0
DWIDTH 45 0
BBX 38 72 4 -19
BITMAP
000FFFE000
003FFFF800
00FFFFFF00
03F8003F80
07E0000FC0
0F800003F0
0F000000F0
1E00000070
3C00000020
3800000000
3800000000
7800000000
7800000000
7000000000
7000000000
7000000000
7800000000
7800000000
3800000000
3C00000000
3C00000000
1E00000000
0F00000000
07C0000000
03F8000000
01FFC00000
007FFE0000
000FFFE000
00007FF800
000003FE00
0000003F80
00000007C0
00000003E0
00000000F0
0000000078
0000000078
0000000038
0000000038
000000003C
000000003C
000000003C
0000000038
0000000038
0000000038
0000000078
E0000000F0
F0000000F0
FC000001E0
3F000007C0
1FE0001F80
07FFEFFF00
01FFFFFC00
003FFFE000
0000780000
0000000000
0000000000
0000000000
0000000000
0000000000
0000300000
0000780000
0000FC0000
0000FC0000
00007C0000
00003C0000
00001C0000
00001C0000
0000180000
0000380000
0000380000
0000700000
0000600000
ENDCHAR
STARTCHAR uni0219
ENCODING 537
SWIDTH 475 0
DWIDTH 36 0
BBX 27 56 4 -19
BITMAP
003FE000
01FFFC00
03FFFF00
0FE03F80
1F0007C0
1E0001E0
3C0000C0
38000000
38000000
78000000
78000000
38000000
38000000
3C000000
3C000000
1F000000
0FC00000
07FC0000
01FFC000
007FF800
0007FE00
00007F80
00000FC0
000003C0
000001E0
000000E0
000000E0
000000E0
000000E0
000000E0
000001E0
E00001C0
F80003C0
7E000F80
3FF1FF00
0FFFFE00
01FFF800
000E0000
00000000
00000000
00000000
00000000
00000000
000E0000
001F0000
001F0000
001F0000
001F0000
000F0000
00070000
00070000
00070000
00060000
000E0000
001C0000
000C0000
ENDCHAR
STARTCHAR uni021A
ENCODING 538
SWIDTH 586 0
DWIDTH 44 0
BBX 44 72 0 -19
BITMAP
FFFFFFFFFFF0
FFFFFFFFFFF0
FFFFFFFFFFF0
00000F000000
00000F000000
00000F000000
00000F000000
00000F000000
00000F000000
00000F000000
00000F000000
00000F000000
00000F000000
00000F000000
00000F000000
00000F000000
00000F000000
00000F000000
00000F000000
00000F000000
00000F000000
00000F000000
00000F000000
00000F000000
00000F000000
00000F000000
00000F000000
00000F000000
00000F000000
00000F000000
00000F000000
00000F000000
00000F000000
00000F000000
00000F000000
00000F000000
00000F000000
00000F000000
00000F000000
00000F000000
00000F000000
00000F000000
00000F000000
00000F000000
00000F000000
00000F000000
00000F000000
00000F000000
00000F000000
00000F000000
00000F000000
00000F000000
000006000000
000000000000
000000000000
000000000000
000000000000
000000000000
000000000000
000006000000
00000F000000
00001F800000
00001F800000
00000F800000
00000F800000
000003800000
000003000000
000007000000
000007000000
00000E000000
00000E000000
00000C000000
ENDCHAR
STARTCHAR uni021B
ENCODING 539
SWIDTH 320 0
DWIDTH 24 0
BBX 25 67 0 -19
BITMAP
00E00000
00E00000
00E00000
00E00000
00E00000
00E00000
00E00000
00E00000
00E00000
00E00000
00E00000
00E00000
FFFFFE00
FFFFFE00
00E00000
00E00000
00E00000
00E00000
00E00000
00E00000
00E00000
00E00000
00E00000
00E00000
00E00000
00E00000
00E00000
00E00000
00E00000
00E00000
00E00000
00E00000
00E00000
00E00000
00E00000
00E00000
00E00000
00E00000
00E00000
00E00000
00F00000
00F00000
00700000
00780000
003C0000
001F8700
000FFF80
0007FF00
00003000
00000000
00000000
00000000
00000000
00000000
00030000
00078000
000FC000
000FC000
0007C000
0003C000
0001C000
0001C000
00018000
00038000
00070000
00070000
00060000
ENDCHAR
STARTCHAR uni021F
ENCODING 543
SWIDTH 553 0
DWIDTH 41 0
BBX 29 71 6 0
BITMAP
04000080
06000380
07000380
03800700
03C00E00
01C01C00
00E03C00
00703800
00787000
003CF000
001FE000
001FC000
000FC000
00078000
00000000
00000000
00000000
00000000
60000000
F0000000
F0000000
F0000000
F0000000
F0000000
F0000000
F0000000
F0000000
F0000000
F0000000
F0000000
F0000000
F0000000
F0000000
F0000000
F007F000
F03FFE00
F0FFFF80
F3F00FC0
F7C003E0
F70000E0
FE0000F0
FC000070
FC000078
F8000038
F0000038
F0000038
F0000038
F0000038
F0000038
F0000038
F0000038
F0000038
F0000038
F0000038
F0000038
F0000038
F0000038
F0000038
F0000038
F0000038
F0000038
F0000038
F0000038
F0000038
F0000038
F0000038
F0000038
F0000038
F0000038
F0000038
E0000038
ENDCHAR
STARTCHAR uni0226
ENCODING 550
SWIDTH 716 0
DWIDTH 54 0
BBX 48 66 3 0
BITMAP
000003C00000
000007C00000
000007C00000
000003C00000
000003800000
000000000000
000000000000
000000000000
000000000000
000000000000
000000000000
000000000000
000000000000
000003800000
000003C00000
000007C00000
000007E00000
00000FE00000
00000EF00000
00000E700000
00001C700000
00001C380000
00003C380000
0000381C0000
0000781C0000
0000701E0000
0000700E0000
0000E00F0000
0000E0070000
0001E0070000
0001C0078000
0003C0038000
00038003C000
00038001C000
00070001E000
00070000E000
000F0000E000
000E0000F000
001E00007000
001C00007800
001C00003800
003C00003C00
003800001C00
007800001C00
007000001E00
00F000000E00
00E000000F00
00E000000700
01FFFFFFFF80
01FFFFFFFF80
03FFFFFFFF80
0380000003C0
0780000001C0
0700000001E0
0700000000E0
0E00000000F0
0E0000000070
1E0000000070
1C0000000078
3C0000000038
38000000003C
38000000001C
70000000001E
70000000000E
F0000000000E
E00000000007
ENDCHAR
STARTCHAR uni0227
ENCODING 551
SWIDTH 514 0
DWIDTH 39 0
BBX 27 52 5 -1
BITMAP
00078000
000F8000
000FC000
00078000
00030000
00000000
00000000
00000000
00000000
00000000
00000000
00000000
00000000
00000000
001FE000
01FFFC00
07FFFE00
1FE01F00
3F000780
780003C0
300001C0
000001E0
000000E0
000000E0
000000E0
000000E0
000000E0
000000E0
000000E0
000000E0
0000BFE0
00FFFFE0
07FFFFE0
1FFC00E0
3F0000E0
7C0000E0
700000E0
F00000E0
E00000E0
E00000E0
E00001E0
E00001E0
E00001E0
F00003E0
F00007E0
78000FE0
3C001EE0
3E003CE0
1FC3F8E0
07FFF0E0
01FFC0E0
00180000
ENDCHAR
STARTCHAR uni0228
ENCODING 552
SWIDTH 570 0
DWIDTH 43 0
BBX 32 67 7 -14
BITMAP
7FFFFFFF
FFFFFFFF
FFFFFFFF
E0000000
E0000000
E0000000
E0000000
E0000000
E0000000
E0000000
E0000000
E0000000
E0000000
E0000000
E0000000
E0000000
E0000000
E0000000
E0000000
E0000000
E0000000
E0000000
E0000000
E0000000
E0000000
FFFFFFFE
FFFFFFFE
FFFFFFFC
E0000000
E0000000
E0000000
E0000000
E0000000
E0000000
E0000000
E0000000
E0000000
E0000000
E0000000
E0000000
E0000000
E0000000
E0000000
E0000000
E0000000
E0000000
E0000000
E0000000
E0000000
E0000000
FFFFFFFF
FFFFFFFF
7FFFFFFF
0001C000
0001C000
0001C000
0001D000
0001FE00
0001FF00
00010780
00000380
00000380
00000380
00000780
001FBF00
000FFE00
0007F800
ENDCHAR
STARTCHAR uni022A
ENCODING 554
SWIDTH 751 0
DWIDTH 56 0
BBX 46 73 5 -1
BITMAP
000FFFFFC000
000FFFFFC000
000000000000
000000000000
000000000000
000000000000
000000000000
0001E01E0000
0001E01F0000
0001F01F0000
0001E01E0000
0000C00C0000
000000000000
000000000000
000000000000
000000000000
000000000000
000000000000
000000000000
0000FFFC0000
0007FFFF8000
001FFFFFE000
003F8003F800
00FC0000FC00
01F000003E00
03E000001F00
03C000000780
078000000780
0F00000003C0
0E00000001E0
1E00000000E0
1C00000000F0
3C0000000070
380000000070
780000000078
780000000038
700000000038
70000000003C
70000000003C
F0000000003C
F0000000001C
F0000000001C
F0000000001C
E0000000001C
E0000000001C
E0000000001C
E0000000001C
E0000000001C
E0000000001C
F0000000001C
F0000000001C
F0000000003C
70000000003C
70000000003C
700000000038
780000000038
380000000078
380000000070
3C0000000070
1C00000000F0
1E00000000E0
0E00000001E0
0F00000003C0
078000000380
03C000000780
03E000000F00
01F000003E00
00FC0000FC00
003F0003F800
001FFEFFE000
0007FFFF8000
0001FFFE0000
000003400000
ENDCHAR
STARTCHAR uni022B
ENCODING 555
SWIDTH 538 0
DWIDTH 40 0
BBX 32 57 4 -1
BITMAP
03FFFFC0
07FFFFE0
03FFFFE0
00000000
00000000
00000000
00000000
00200600
00F00F00
00F80F80
00F80F80
00F00F00
00000000
00000000
00000000
00000000
00000000
00000000
00000000
000FF000
007FFE00
01FFFF80
03F00FC0
07C003E0
0F0000F0
1E000078
1C00003C
3C00001C
3800001E
7800000E
7000000E
7000000F
F0000007
F0000007
E0000007
E0000007
E0000007
E0000007
E0000007
E0000007
E0000007
E0000007
F0000007
70000007
7000000F
7000000E
7800001E
3800001C
3C00003C
1E000038
0F000078
0F8001F0
07E003E0
03FC3FC0
00FFFF00
003FFC00
00018000
ENDCHAR
STARTCHAR uni022C
ENCODING 556
SWIDTH 751 0
DWIDTH 56 0
BBX 46 73 5 -1
BITMAP
000FFFFFC000
000FFFFFC000
000000000000
000000000000
000000000000
000000000000
000000000000
0000F000C000
0001FC01C000
0003FF01C000
000707818000
000603E78000
000E01FF0000
000E007E0000
000400000000
000000000000
000000000000
000000000000
000000000000
0000FFFC0000
0007FFFF8000
001FFFFFE000
003F8003F800
00FC0000FC00
01F000003E00
03E000001F00
03C000000780
078000000780
0F00000003C0
0E00000001E0
1E00000000E0
1C00000000F0
3C0000000070
380000000070
780000000078
780000000038
700000000038
70000000003C
70000000003C
F0000000003C
F0000000001C
F0000000001C
F0000000001C
E0000000001C
E0000000001C
E0000000001C
E0000000001C
E0000000001C
E0000000001C
F0000000001C
F0000000001C
F0000000003C
70000000003C
70000000003C
700000000038
780000000038
380000000078
380000000070
3C0000000070
1C00000000F0
1E00000000E0
0E00000001E0
0F00000003C0
078000000380
03C000000780
03E000000F00
01F000003E00
00FC0000FC00
003F0003F800
001FFEFFE000
0007FFFF8000
0001FFFE0000
000003400000
ENDCHAR
STARTCHAR uni022D
ENCODING 557
SWIDTH 538 0
DWIDTH 40 0
BBX 32 57 4 -1
BITMAP
03FFFFC0
07FFFFE0
03FFFFE0
00000000
00000000
00000000
00000000
00000000
007C0060
01FF00E0
01EF80E0
0383C1C0
0300FFC0
07007F80
03003E00
00000000
00000000
00000000
00000000
000FF000
007FFE00
01FFFF80
03F00FC0
07C003E0
0F0000F0
1E000078
1C00003C
3C00001C
3800001E
7800000E
7000000E
7000000F
F0000007
F0000007
E0000007
E0000007
E0000007
E0000007
E0000007
E0000007
E0000007
E0000007
F0000007
70000007
7000000F
7000000E
7800001E
3800001C
3C00003C
1E000038
0F000078
0F8001F0
07E003E0
03FC3FC0
00FFFF00
003FFC00
00018000
ENDCHAR
STARTCHAR uni0230
ENCODING 560
SWIDTH 751 0
DWIDTH 56 0
BBX 46 73 5 -1
BITMAP
000FFFFFC000
000FFFFFC000
000000000000
000000000000
000000000000
000000000000
000000000000
000007800000
000007C00000
000007C00000
000007800000
000003000000
000000000000
000000000000
000000000000
000000000000
000000000000
000000000000
000000000000
0000FFFC0000
0007FFFF8000
001FFFFFE000
003F8003F800
00FC0000FC00
01F000003E00
03E000001F00
03C000000780
078000000780
0F00000003C0
0E00000001E0
1E00000000E0
1C00000000F0
3C0000000070
380000000070
780000000078
780000000038
700000000038
70000000003C
70000000003C
F0000000003C
F0000000001C
F0000000001C
F0000000001C
E0000000001C
E0000000001C
E0000000001C
E0000000001C
E0000000001C
E0000000001C
F0000000001C
F0000000001C
F0000000003C
70000000003C
70000000003C
700000000038
780000000038
380000000078
380000000070
3C0000000070
1C00000000F0
1E00000000E0
0E00000001E0
0F00000003C0
078000000380
03C000000780
03E000000F00
01F000003E00
00FC0000FC00
003F0003F800
001FFEFFE000
0007FFFF8000
0001FFFE0000
000003400000
ENDCHAR
STARTCHAR uni0231
ENCODING 561
SWIDTH 538 0
DWIDTH 40 0
BBX 32 57 4 -1
BITMAP
03FFFFC0
07FFFFE0
03FFFFE0
00000000
00000000
00000000
00000000
00018000
0003C000
0003E000
0003E000
0003C000
00000000
00000000
00000000
00000000
00000000
00000000
00000000
000FF000
007FFE00
01FFFF80
03F00FC0
07C003E0
0F0000F0
1E000078
1C00003C
3C00001C
3800001E
7800000E
7000000E
7000000F
F0000007
F0000007
E0000007
E0000007
E0000007
E0000007
E0000007
E0000007
E0000007
E0000007
F0000007
70000007
7000000F
7000000E
7800001E
3800001C
3C00003C
1E000038
0F000078
0F8001F0
07E003E0
03FC3FC0
00FFFF00
003FFC00
00018000
ENDCHAR
STARTCHAR uni0232
ENCODING 562
SWIDTH 577 0
DWIDTH 43 0
BBX 41 65 1 0
BITMAP
001FFFFE0000
007FFFFF0000
007FFFFF0000
000000000000
000000000000
000000000000
000000000000
000000000000
000000000000
000000000000
000000000000
000000000000
E00000000180
F00000000380
700000000780
780000000F00
3C0000000E00
1E0000001C00
0E0000003C00
0F0000007800
078000007000
03C00000E000
01C00001E000
01E00003C000
00F000038000
007800070000
0038000F0000
003C001E0000
001E001C0000
000E003C0000
000F00780000
000780700000
0003C0E00000
0001C1E00000
0001E3C00000
0000F3800000
00007F000000
00003F000000
00003E000000
00001C000000
00001C000000
00001C000000
00001C000000
00001C000000
00001C000000
00001C000000
00001C000000
00001C000000
00001C000000
00001C000000
00001C000000
00001C000000
00001C000000
00001C000000
00001C000000
00001C000000
00001C000000
00001C000000
00001C000000
00001C000000
00001C000000
00001C000000
00001C000000
00001C000000
00001C000000
ENDCHAR
STARTCHAR uni0233
ENCODING 563
SWIDTH 504 0
DWIDTH 38 0
BBX 34 64 2 -14
BITMAP
03FFFFE000
03FFFFE000
01FFFFC000
0000000000
0000000000
0000000000
0000000000
0000000000
0000000000
0000000000
0000000000
0000000000
0000000000
6000000180
F0000003C0
F000000380
7000000780
7800000780
3800000700
3C00000F00
3C00000E00
1C00001E00
1E00001C00
0E00001C00
0F00003C00
0700003800
0780007800
0780007000
038000F000
03C000E000
01C000E000
01E001E000
00E001C000
00E003C000
00F0038000
0070038000
0078070000
0038070000
00380F0000
001C0E0000
001C0E0000
001E1C0000
000E1C0000
000F380000
0007380000
0007780000
0003F00000
0003F00000
0003E00000
0001E00000
0001C00000
0001C00000
0003C00000
0003800000
0007800000
0007000000
000F000000
000E000000
000E000000
001E000000
001C000000
003C000000
0038000000
0038000000
ENDCHAR
STARTCHAR uni0237
ENCODING 567
SWIDTH 215 0
DWIDTH 16 0
BBX 14 51 -4 -14
BITMAP
0018
001C
001C
001C
001C
001C
001C
001C
001C
001C
001C
001C
001C
001C
001C
001C
001C
001C
001C
001C
001C
001C
001C
001C
001C
001C
001C
001C
001C
001C
001C
001C
001C
001C
001C
001C
001C
001C
001C
001C
003C
003C
0038
0038
0078
0070
00F0
03E0
3FC0
FF80
FE00
ENDCHAR
STARTCHAR uni0253
ENCODING 595
SWIDTH 568 0
DWIDTH 43 0
BBX 33 54 6 -1
BITMAP
03FE000000
0FFE000000
1FEC000000
3E00000000
3C00000000
7800000000
7000000000
7000000000
F000000000
F000000000
F000000000
F000000000
F000000000
F000000000
F000000000
F000000000
F007F00000
F03FFE0000
F0FFFF8000
F1F80FE000
F3C001F000
F78000F800
FF00007800
FE00003C00
FC00001C00
F800001E00
F800000E00
F800000F00
F000000700
F000000700
F000000700
F000000700
F000000780
E000000780
E000000780
E000000780
E000000780
F000000780
F000000700
F000000700
F000000700
F000000F00
F800000F00
F800000E00
FC00001E00
FC00001C00
FE00003C00
FF00007800
F78000F000
F3E003E000
F1FE3FC000
F07FFF8000
E03FFE0000
0001E00000
ENDCHAR
STARTCHAR uni0257
ENCODING 599
SWIDTH 568 0
DWIDTH 43 0
BBX 43 54 4 -1
BITMAP
000000001FE0
000000007FE0
00000000FE40
00000001E000
00000003C000
000000038000
000000038000
000000078000
000000070000
000000070000
000000070000
000000070000
000000070000
000000070000
000000070000
000000070000
000FF0070000
007FFE070000
01FFFF870000
03F00FC70000
07C003E70000
0F0000F70000
1E0000770000
1C00003F0000
3C00001F0000
3800001F0000
7800000F0000
7000000F0000
7000000F0000
F00000070000
F00000070000
E00000070000
E00000070000
E00000070000
E00000070000
E00000070000
E00000070000
E00000070000
E00000070000
F00000070000
700000070000
7000000F0000
7000000F0000
7800001F0000
3800001F0000
3C00003F0000
1E00003F0000
0F0000770000
0F8001F70000
07E003E70000
03FC3F870000
00FFFF070000
003FFC070000
000180000000
ENDCHAR
STARTCHAR uni0259
ENCODING 601
SWIDTH 523 0
DWIDTH 39 0
BBX 31 38 4 -1
BITMAP
003FC000
03FFF800
0FFFFE00
3FC03F80
7E0007C0
F80003E0
600000F0
00000070
00000078
0000003C
0000003C
0000001C
0000001E
0000001E
0000000E
0000000E
0000000E
0000000E
7FFFFFFE
FFFFFFFE
FFFFFFFE
E000000E
E000000E
E000000E
E000001E
E000001C
E000001C
7000003C
70000038
78000078
38000070
3C0000E0
1E0003E0
0F8007C0
07F87F80
01FFFE00
007FF800
00070000
ENDCHAR
STARTCHAR uni0292
ENCODING 658
SWIDTH 476 0
DWIDTH 36 0
BBX 31 50 2 -14
BITMAP
FFFFFFF8
FFFFFFF8
000000F0
000000E0
000001E0
000003C0
00000780
00000F00
00001E00
00003C00
00007800
00007000
0000E000
0001E000
0003C000
00078000
000F0000
001E0000
003C0000
00380000
00700000
00FFFC00
01FFFF00
00FFFFC0
000007E0
000001F0
00000078
00000038
0000003C
0000001C
0000001E
0000001E
0000000E
0000000E
0000000E
0000000E
0000000E
0000000E
0000001E
0000001E
0000001C
0000003C
00000038
C0000078
F00000F0
F80003E0
7F800FC0
1FFFFF80
07FFFE00
00FFF000
ENDCHAR
STARTCHAR uni02B9
ENCODING 697
SWIDTH 202 0
DWIDTH 15 0
BBX 3 20 6 33
BITMAP
E0
E0
E0
E0
E0
E0
E0
E0
E0
E0
E0
E0
E0
E0
E0
E0
E0
E0
E0
60
ENDCHAR
STARTCHAR uni02BA
ENCODING 698
SWIDTH 342 0
DWIDTH 26 0
BBX 14 20 6 33
BITMAP
E03C
E03C
E03C
E03C
E03C
E03C
E03C
E03C
E01C
E01C
E01C
E01C
E01C
E01C
E018
E018
E018
E018
E018
6018
ENDCHAR
STARTCHAR uni02BB
ENCODING 699
SWIDTH 500 0
DWIDTH 38 0
BBX 6 12 16 43
BITMAP
18
38
70
70
60
E0
E0
F8
F8
FC
F8
78
ENDCHAR
STARTCHAR uni02BC
ENCODING 700
SWIDTH 300 0
DWIDTH 23 0
BBX 6 13 8 43
BITMAP
38
7C
FC
7C
7C
3C
1C
1C
18
38
70
70
60
ENDCHAR
STARTCHAR uni02BE
ENCODING 702
SWIDTH 500 0
DWIDTH 38 0
BBX 8 14 18 42
BITMAP
60
F8
7C
1E
0E
07
07
07
07
0F
0E
3E
FC
F0
ENDCHAR
STARTCHAR uni02BF
ENCODING 703
SWIDTH 500 0
DWIDTH 38 0
BBX 8 14 11 42
BITMAP
07
1F
3F
38
70
70
F0
E0
70
70
78
3C
1F
0F
ENDCHAR
STARTCHAR circumflex
ENCODING 710
SWIDTH 452 0
DWIDTH 34 0
BBX 18 16 8 41
BITMAP
00C000
01E000
03F000
03F000
07F800
073800
0E1C00
1E1C00
1C0E00
380E00
380700
700380
700380
E001C0
C001C0
C000C0
ENDCHAR
STARTCHAR caron
ENCODING 711
SWIDTH 452 0
DWIDTH 34 0
BBX 18 17 8 40
BITMAP
800040
C000C0
E001C0
E001C0
700380
300700
380700
1C0E00
1C0E00
0E1C00
0F3C00
073800
07F800
03F000
03E000
01E000
008000
ENDCHAR
STARTCHAR uni02C8
ENCODING 712
SWIDTH 500 0
DWIDTH 38 0
BBX 3 16 17 44
BITMAP
E0
E0
E0
E0
E0
E0
E0
E0
E0
E0
E0
E0
E0
E0
E0
40
ENDCHAR
STARTCHAR uni02C9
ENCODING 713
SWIDTH 500 0
DWIDTH 38 0
BBX 22 3 8 47
BITMAP
FFFFFC
FFFFFC
7FFFF8
ENDCHAR
STARTCHAR uni02CA
ENCODING 714
SWIDTH 500 0
DWIDTH 38 0
BBX 10 16 18 41
BITMAP
00C0
01C0
03C0
03C0
0780
0700
0F00
0E00
1E00
1C00
3800
3800
7000
7000
E000
C000
ENDCHAR
STARTCHAR uni02CB
ENCODING 715
SWIDTH 500 0
DWIDTH 38 0
BBX 11 16 9 41
BITMAP
6000
F000
F000
7800
7800
3C00
1C00
1E00
0E00
0700
0700
0380
0380
01C0
00C0
00E0
ENDCHAR
STARTCHAR uni02CC
ENCODING 716
SWIDTH 500 0
DWIDTH 38 0
BBX 3 16 17 -21
BITMAP
E0
E0
E0
E0
E0
E0
E0
E0
E0
E0
E0
E0
E0
E0
E0
40
ENDCHAR
STARTCHAR breve
ENCODING 728
SWIDTH 486 0
DWIDTH 36 0
BBX 22 15 7 41
BITMAP
400008
E0000C
60001C
60001C
60001C
700018
700018
300038
380030
1C0070
1C00E0
0F01E0
07FFC0
03FF00
00FC00
ENDCHAR
STARTCHAR dotaccent
ENCODING 729
SWIDTH 270 0
DWIDTH 20 0
BBX 6 5 7 46
BITMAP
78
7C
FC
78
38
ENDCHAR
STARTCHAR ring
ENCODING 730
SWIDTH 424 0
DWIDTH 32 0
BBX 17 17 7 41
BITMAP
00C000
07F800
1FFC00
3C0E00
380700
700380
600380
600180
E00180
600180
600380
700380
700700
380F00
1F7E00
0FFC00
03F000
ENDCHAR
STARTCHAR ogonek
ENCODING 731
SWIDTH 361 0
DWIDTH 27 0
BBX 13 16 7 -14
BITMAP
0300
0F80
1F00
1C00
3800
7800
7000
7000
6000
E000
7000
7000
7800
3FF0
1FF8
0FF0
ENDCHAR
STARTCHAR tilde
ENCODING 732
SWIDTH 532 0
DWIDTH 40 0
BBX 25 10 7 44
BITMAP
07C00180
0FE00180
1FF00180
383C0380
701E0380
700F0700
6007FE00
6003FE00
E000F800
40000000
ENDCHAR
STARTCHAR hungarumlaut
ENCODING 733
SWIDTH 407 0
DWIDTH 31 0
BBX 16 16 7 41
BITMAP
0602
0F07
0F0F
0E0E
0E0E
1C1E
1C1C
1C1C
3818
3838
3838
3030
7070
6070
6060
E060
ENDCHAR
STARTCHAR gravecomb
ENCODING 768
SWIDTH 0 0
DWIDTH 0 0
BBX 11 16 -10 41
BITMAP
6000
F000
7000
7800
3800
3C00
1C00
0E00
0F00
0700
0780
0380
01C0
01C0
00E0
00E0
ENDCHAR
STARTCHAR acutecomb
ENCODING 769
SWIDTH 0 0
DWIDTH 0 0
BBX 11 16 -1 41
BITMAP
00C0
01E0
01C0
03C0
0380
0780
0F00
0E00
1E00
1C00
3C00
3800
7000
7000
E000
E000
ENDCHAR
STARTCHAR uni0302
ENCODING 770
SWIDTH 0 0
DWIDTH 0 0
BBX 18 16 -9 41
BITMAP
00C000
01E000
03F000
03F000
07F800
073800
0E1C00
0E1C00
1C0E00
3C0F00
380700
700380
700380
E001C0
C000C0
C000C0
ENDCHAR
STARTCHAR tildecomb
ENCODING 771
SWIDTH 0 0
DWIDTH 0 0
BBX 24 10 -12 44
BITMAP
078003
1FC003
3FF003
787807
E03C07
E01E0E
E00FBE
C007FC
C001F0
800000
ENDCHAR
STARTCHAR uni0304
ENCODING 772
SWIDTH 0 0
DWIDTH 0 0
BBX 22 3 -11 47
BITMAP
7FFFF8
FFFFFC
3FFFF0
ENDCHAR
STARTCHAR uni0306
ENCODING 774
SWIDTH 0 0
DWIDTH 0 0
BBX 22 15 -11 41
BITMAP
400008
E0001C
E0001C
E0001C
600018
600018
700038
700038
380070
380070
1C00E0
0F03C0
07FF80
03FF00
00FC00
ENDCHAR
STARTCHAR uni0307
ENCODING 775
SWIDTH 0 0
DWIDTH 0 0
BBX 6 5 -3 46
BITMAP
78
FC
FC
78
30
ENDCHAR
STARTCHAR uni0308
ENCODING 776
SWIDTH 0 0
DWIDTH 0 0
BBX 18 5 -9 46
BITMAP
780780
780780
F807C0
780780
300300
ENDCHAR
STARTCHAR hookabovecomb
ENCODING 777
SWIDTH 0 0
DWIDTH 0 0
BBX 13 16 -6 41
BITMAP
0200
7FE0
FFF0
E0F0
0038
0038
0038
0070
00F0
01E0
03C0
0780
0700
0700
0600
0600
ENDCHAR
STARTCHAR uni030A
ENCODING 778
SWIDTH 0 0
DWIDTH 0 0
BBX 16 17 -8 41
BITMAP
0100
0FF0
3FFC
781E
700E
E007
E007
C003
C003
C003
C003
E007
6006
780E
3FFC
1FF8
07E0
ENDCHAR
STARTCHAR uni030B
ENCODING 779
SWIDTH 0 0
DWIDTH 0 0
BBX 16 16 -5 41
BITMAP
0606
0E0F
0E0E
1E0E
1C1E
1C1C
1C1C
3838
3838
3038
7030
7070
6060
6060
E0E0
C0C0
ENDCHAR
STARTCHAR uni030C
ENCODING 780
SWIDTH 0 0
DWIDTH 0 0
BBX 18 17 -9 40
BITMAP
800040
C000C0
E001C0
E001C0
700380
380700
380700
1C0E00
1C0E00
0E1C00
0F3C00
073800
07F800
03F000
03F000
01E000
008000
ENDCHAR
STARTCHAR uni030F
ENCODING 783
SWIDTH 0 0
DWIDTH 0 0
BBX 16 16 -11 41
BITMAP
6060
F070
7070
7078
7838
3838
3838
1C1C
1C1C
1C0C
0C0E
0E0E
0606
0606
0703
0303
ENDCHAR
STARTCHAR uni0311
ENCODING 785
SWIDTH 0 0
DWIDTH 0 0
BBX 22 14 -11 41
BITMAP
01FE00
07FF80
0F8FC0
1E01E0
1C00E0
380070
300030
700038
700038
600018
600018
E0001C
E0001C
E0001C
ENDCHAR
STARTCHAR uni0312
ENCODING 786
SWIDTH 0 0
DWIDTH 0 0
BBX 6 12 -3 43
BITMAP
18
38
38
70
70
60
E0
F8
FC
FC
FC
78
ENDCHAR
STARTCHAR uni031B
ENCODING 795
SWIDTH 0 0
DWIDTH 0 0
BBX 12 14 0 33
BITMAP
0020
0070
0070
0070
0070
0070
00E0
00E0
01E0
03C0
1F80
FF00
FC00
4000
ENDCHAR
STARTCHAR dotbelowcomb
ENCODING 803
SWIDTH 0 0
DWIDTH 0 0
BBX 6 5 -3 -13
BITMAP
78
F8
FC
78
78
ENDCHAR
STARTCHAR uni0324
ENCODING 804
SWIDTH 0 0
DWIDTH 0 0
BBX 18 5 -9 -13
BITMAP
300380
780780
F807C0
780780
780780
ENDCHAR
STARTCHAR uni0326
ENCODING 806
SWIDTH 0 0
DWIDTH 0 0
BBX 6 13 -3 -19
BITMAP
30
78
FC
FC
7C
3C
1C
18
38
38
70
70
60
ENDCHAR
STARTCHAR uni0327
ENCODING 807
SWIDTH 0 0
DWIDTH 0 0
BBX 14 16 -6 -14
BITMAP
0600
0E00
0E00
0E00
0E00
0E80
0FF0
0FF8
083C
001C
001C
001C
003C
FDF8
7FF0
3FC0
ENDCHAR
STARTCHAR uni0328
ENCODING 808
SWIDTH 0 0
DWIDTH 0 0
BBX 12 16 -8 -14
BITMAP
0600
0F00
1E00
3C00
7800
7000
E000
E000
E000
E000
E000
E000
F000
7EF0
3FF0
1FE0
ENDCHAR
STARTCHAR uni032E
ENCODING 814
SWIDTH 0 0
DWIDTH 0 0
BBX 22 12 -11 -16
BITMAP
400008
E0001C
E0001C
600018
600018
700038
380070
3800F0
1E01E0
0FFFC0
07FF80
01FE00
ENDCHAR
STARTCHAR uni0331
ENCODING 817
SWIDTH 0 0
DWIDTH 0 0
BBX 22 3 -11 -11
BITMAP
7FFFF8
FFFFFC
7FFFF8
ENDCHAR
STARTCHAR uni0335
ENCODING 821
SWIDTH 0 0
DWIDTH 0 0
BBX 26 3 -13 39
BITMAP
FFFFFFC0
FFFFFFC0
FFFFFFC0
ENDCHAR
STARTCHAR uni0337
ENCODING 823
SWIDTH 0 0
DWIDTH 0 0
BBX 18 12 -9 21
BITMAP
000080
0003C0
0007C0
001F80
007E00
01F800
03E000
0FC000
3F0000
7C0000
F80000
E00000
ENDCHAR
STARTCHAR uni0338
ENCODING 824
SWIDTH 0 0
DWIDTH 0 0
BBX 25 41 -13 -2
BITMAP
00000180
00000380
00000380
00000700
00000700
00000E00
00000E00
00001C00
00003C00
00003800
00007000
00007000
0000E000
0000E000
0001C000
00038000
00038000
00070000
00070000
000E0000
000E0000
001C0000
00380000
00380000
00700000
00700000
00E00000
00E00000
01C00000
03800000
03800000
07000000
07000000
0E000000
1E000000
1C000000
38000000
38000000
70000000
70000000
E0000000
ENDCHAR
STARTCHAR uni0394
ENCODING 916
SWIDTH 716 0
DWIDTH 54 0
BBX 46 53 4 0
BITMAP
000003000000
000007800000
00000F800000
00000FC00000
00001FC00000
00001DE00000
00001CE00000
000038F00000
000038700000
000078700000
000070380000
0000F0380000
0000E03C0000
0000E01C0000
0001C01E0000
0001C00E0000
0003C00E0000
000380070000
000780070000
000700078000
000700038000
000E0003C000
000E0001C000
001E0001C000
001C0000E000
003C0000E000
00380000F000
003800007000
007000007800
007000003800
00F000003800
00E000001C00
01E000001C00
01C000001E00
01C000000E00
038000000F00
038000000700
078000000700
070000000380
0F0000000380
0E00000003C0
0E00000001C0
1C00000001E0
1C00000000E0
3C00000000E0
380000000070
780000000070
700000000078
700000000038
E0000000003C
FFFFFFFFFFFC
FFFFFFFFFFFC
FFFFFFFFFFF8
ENDCHAR
STARTCHAR Sigma
ENCODING 931
SWIDTH 600 0
DWIDTH 45 0
BBX 37 67 4 -14
BITMAP
7FFFFFFFF8
FFFFFFFFF8
FFFFFFFFF8
7000000000
7800000000
3C00000000
1E00000000
1E00000000
0F00000000
0780000000
0380000000
03C0000000
01E0000000
00E0000000
00F0000000
0078000000
0038000000
003C000000
001E000000
000F000000
0007000000
0007800000
0003C00000
0001C00000
0001E00000
0000F00000
0000700000
0000780000
00003C0000
00001E0000
00001E0000
00000F0000
0000070000
0000070000
0000070000
00000F0000
00001E0000
00003C0000
00003C0000
0000780000
0000F00000
0000E00000
0001E00000
0003C00000
0003800000
0007800000
000F000000
000E000000
001E000000
003C000000
0078000000
0078000000
00F0000000
01E0000000
01C0000000
03C0000000
0780000000
0700000000
0F00000000
1E00000000
1C00000000
3C00000000
7800000000
F000000000
FFFFFFFFF8
FFFFFFFFF8
3FFFFFFFF0
ENDCHAR
STARTCHAR uni03A9
ENCODING 937
SWIDTH 760 0
DWIDTH 57 0
BBX 51 53 3 0
BITMAP
00003FFF800000
0001FFFFF00000
0007FFFFFC0000
001FE0007F0000
003F00001F8000
00FC000007E000
01F0000001F000
01E0000000F000
03C00000007800
07800000003C00
07000000001C00
0F000000001E00
0E000000000E00
1E000000000F00
1C000000000700
1C000000000700
3C000000000780
3C000000000780
38000000000380
38000000000380
38000000000380
38000000000380
38000000000380
38000000000380
38000000000380
38000000000380
38000000000380
38000000000380
38000000000380
3C000000000780
3C000000000780
1C000000000700
1C000000000700
1E000000000F00
0E000000000E00
0F000000001E00
0F000000001E00
07800000003C00
07800000003800
03C00000007800
01C00000007000
01E0000000F000
00F0000001E000
0078000003C000
003C0000078000
001E00000F0000
000F00001E0000
000780003C0000
0003C000780000
0000F001E00000
FFFFF803FFFFE0
FFFFF803FFFFE0
FFFFF801FFFFE0
ENDCHAR
STARTCHAR uni03BC
ENCODING 956
SWIDTH 545 0
DWIDTH 41 0
BBX 29 51 6 -14
BITMAP
40000030
E0000070
E0000078
E0000078
E0000078
E0000078
E0000078
E0000078
E0000078
E0000078
E0000078
E0000078
E0000078
E0000078
E0000078
E0000078
E0000078
E0000078
E0000078
E0000078
E0000078
E0000078
E0000078
E0000078
E0000078
E0000078
F0000078
F00000F8
F00000F8
F00001F8
F80003F8
F80007F8
FC000F78
FF001E78
EFE1FC78
E7FFF878
E1FFE030
E00C0000
E0000000
E0000000
E0000000
E0000000
E0000000
E0000000
E0000000
E0000000
E0000000
E0000000
E0000000
E0000000
60000000
ENDCHAR
STARTCHAR pi
ENCODING 960
SWIDTH 560 0
DWIDTH 42 0
BBX 41 36 0 0
BITMAP
FFFFFFFFFE00
FFFFFFFFFE00
00E000380000
00E000380000
00E000380000
00E000380000
00E000380000
00E000380000
00E000380000
00E000380000
01E000380000
01E000380000
01E000380000
01C000380000
01C000380000
01C000380000
01C000380000
01C000380000
01C000380000
03C000380000
03C000380000
038000380000
038000380000
038000380000
038000380000
078000380000
078000380000
070000380000
0700003C0000
0F00001C0000
0F00001E0000
0E00000F0000
0E00000F8000
1E000007FF80
1C000003FF80
1C000000FF80
ENDCHAR
STARTCHAR uni0400
ENCODING 1024
SWIDTH 570 0
DWIDTH 43 0
BBX 32 71 7 0
BITMAP
00800000
01C00000
01E00000
01E00000
00F00000
00780000
00380000
001C0000
001E0000
000F0000
00070000
00038000
0001C000
00008000
00000000
00000000
00000000
00000000
7FFFFFFF
FFFFFFFF
FFFFFFFF
E0000000
E0000000
E0000000
E0000000
E0000000
E0000000
E0000000
E0000000
E0000000
E0000000
E0000000
E0000000
E0000000
E0000000
E0000000
E0000000
E0000000
E0000000
E0000000
E0000000
E0000000
E0000000
FFFFFFFE
FFFFFFFE
FFFFFFFC
E0000000
E0000000
E0000000
E0000000
E0000000
E0000000
E0000000
E0000000
E0000000
E0000000
E0000000
E0000000
E0000000
E0000000
E0000000
E0000000
E0000000
E0000000
E0000000
E0000000
E0000000
E0000000
FFFFFFFF
FFFFFFFF
7FFFFFFF
ENDCHAR
STARTCHAR uni0401
ENCODING 1025
SWIDTH 570 0
DWIDTH 43 0
BBX 32 66 7 0
BITMAP
00780780
00780780
00F807C0
00780780
00300300
00000000
00000000
00000000
00000000
00000000
00000000
00000000
00000000
7FFFFFFF
FFFFFFFF
FFFFFFFF
E0000000
E0000000
E0000000
E0000000
E0000000
E0000000
E0000000
E0000000
E0000000
E0000000
E0000000
E0000000
E0000000
E0000000
E0000000
E0000000
E0000000
E0000000
E0000000
E0000000
E0000000
E0000000
FFFFFFFE
FFFFFFFE
FFFFFFFC
E0000000
E0000000
E0000000
E0000000
E0000000
E0000000
E0000000
E0000000
E0000000
E0000000
E0000000
E0000000
E0000000
E0000000
E0000000
E0000000
E0000000
E0000000
E0000000
E0000000
E0000000
E0000000
FFFFFFFF
FFFFFFFF
7FFFFFFF
ENDCHAR
STARTCHAR uni0402
ENCODING 1026
SWIDTH 817 0
DWIDTH 61 0
BBX 57 67 0 -14
BITMAP
FFFFFFFFFFF00000
FFFFFFFFFFF00000
FFFFFFFFFFF00000
00000F0000000000
00000F0000000000
00000F0000000000
00000F0000000000
00000F0000000000
00000F0000000000
00000F0000000000
00000F0000000000
00000F0000000000
00000F0000000000
00000F0000000000
00000F0000000000
00000F0000000000
00000F0000000000
00000F0000000000
00000F0000000000
00000F0000000000
00000F0000000000
00000F03FFE00000
00000F1FFFFC0000
00000FFFFFFF0000
00000FFE003FC000
00000FE00007E000
00000F800001F000
00000F000000F800
00000F0000007800
00000F0000003C00
00000F0000001E00
00000F0000001E00
00000F0000000E00
00000F0000000F00
00000F0000000700
00000F0000000700
00000F0000000700
00000F0000000700
00000F0000000700
00000F0000000780
00000F0000000780
00000F0000000780
00000F0000000780
00000F0000000780
00000F0000000780
00000F0000000780
00000F0000000780
00000F0000000780
00000F0000000780
00000F0000000780
00000F0000000780
00000F0000000780
0000060000000780
0000000000000700
0000000000000700
0000000000000700
0000000000000700
0000000000000F00
0000000000000E00
0000000000001E00
0000000000001C00
0000000000003C00
0000000000007800
000000001801F000
000000003FFFE000
000000001FFFC000
0000000007FE0000
ENDCHAR
STARTCHAR uni0403
ENCODING 1027
SWIDTH 527 0
DWIDTH 40 0
BBX 32 71 7 0
BITMAP
00000200
00000700
00000F00
00001E00
00001C00
00003C00
00007800
0000F000
0000E000
0001C000
0003C000
00038000
00070000
00060000
00000000
00000000
00000000
00000000
7FFFFFFF
FFFFFFFF
FFFFFFFF
E0000000
E0000000
E0000000
E0000000
E0000000
E0000000
E0000000
E0000000
E0000000
E0000000
E0000000
E0000000
E0000000
E0000000
E0000000
E0000000
E0000000
E0000000
E0000000
E0000000
E0000000
E0000000
E0000000
E0000000
E0000000
E0000000
E0000000
E0000000
E0000000
E0000000
E0000000
E0000000
E0000000
E0000000
E0000000
E0000000
E0000000
E0000000
E0000000
E0000000
E0000000
E0000000
E0000000
E0000000
E0000000
E0000000
E0000000
E0000000
E0000000
E0000000
ENDCHAR
STARTCHAR uni0404
ENCODING 1028
SWIDTH 667 0
DWIDTH 50 0
BBX 42 54 5 -1
BITMAP
0000FFFE0000
0007FFFFC000
001FFFFFF000
003F8003FC00
007C00007E00
01F000001F00
03E000000F80
03C0000003C0
078000000180
0F0000000000
0E0000000000
1E0000000000
1C0000000000
3C0000000000
380000000000
780000000000
780000000000
700000000000
700000000000
700000000000
F00000000000
F00000000000
F00000000000
E00000000000
E00000000000
FFFFFFFF0000
FFFFFFFF8000
FFFFFFFE0000
E00000000000
E00000000000
F00000000000
F00000000000
F00000000000
700000000000
700000000000
700000000000
780000000000
780000000000
380000000000
3C0000000000
1C0000000000
1E0000000000
0E0000000000
0F0000000000
078000000180
03C000000380
03E000000780
01F000001F00
00FC00007E00
003F0001FC00
001FFEFFF000
0007FFFFC000
0000FFFE0000
000003800000
ENDCHAR
STARTCHAR uni0405
ENCODING 1029
SWIDTH 600 0
DWIDTH 45 0
BBX 38 54 4 -1
BITMAP
000FFFE000
003FFFF800
00FFFFFF00
03F8003F80
07E0000FC0
0F800003F0
0F000000F0
1E00000070
3C00000020
3800000000
3800000000
7800000000
7800000000
7000000000
7000000000
7000000000
7800000000
7800000000
3800000000
3C00000000
3C00000000
1E00000000
0F00000000
07C0000000
03F8000000
01FFC00000
007FFE0000
000FFFE000
00007FF800
000003FE00
0000003F80
00000007C0
00000003E0
00000000F0
0000000078
0000000078
0000000038
0000000038
000000003C
000000003C
000000003C
0000000038
0000000038
0000000038
0000000078
E0000000F0
F0000000F0
FC000001E0
3F000007C0
1FE0001F80
07FFEFFF00
01FFFFFC00
003FFFE000
0000780000
ENDCHAR
STARTCHAR uni0406
ENCODING 1030
SWIDTH 234 0
DWIDTH 18 0
BBX 3 53 7 0
BITMAP
E0
E0
E0
E0
E0
E0
E0
E0
E0
E0
E0
E0
E0
E0
E0
E0
E0
E0
E0
E0
E0
E0
E0
E0
E0
E0
E0
E0
E0
E0
E0
E0
E0
E0
E0
E0
E0
E0
E0
E0
E0
E0
E0
E0
E0
E0
E0
E0
E0
E0
E0
E0
E0
ENDCHAR
STARTCHAR uni0407
ENCODING 1031
SWIDTH 234 0
DWIDTH 18 0
BBX 17 66 0 0
BITMAP
780780
F80F80
F80F80
F80780
300300
000000
000000
000000
000000
000000
000000
000000
000000
01C000
01C000
01C000
01C000
01C000
01C000
01C000
01C000
01C000
01C000
01C000
01C000
01C000
01C000
01C000
01C000
01C000
01C000
01C000
01C000
01C000
01C000
01C000
01C000
01C000
01C000
01C000
01C000
01C000
01C000
01C000
01C000
01C000
01C000
01C000
01C000
01C000
01C000
01C000
01C000
01C000
01C000
01C000
01C000
01C000
01C000
01C000
01C000
01C000
01C000
01C000
01C000
01C000
ENDCHAR
STARTCHAR uni0408
ENCODING 1032
SWIDTH 297 0
DWIDTH 22 0
BBX 16 53 -1 0
BITMAP
0007
0007
0007
0007
0007
0007
0007
0007
0007
0007
0007
0007
0007
0007
0007
0007
0007
0007
0007
0007
0007
0007
0007
0007
0007
0007
0007
0007
0007
0007
0007
0007
0007
0007
0007
0007
0007
0007
0007
0007
0007
0007
0007
000F
000E
000E
001E
003C
007C
01F8
3FF0
FFC0
FF00
ENDCHAR
STARTCHAR uni0409
ENCODING 1033
SWIDTH 1126 0
DWIDTH 84 0
BBX 78 54 2 -1
BITMAP
0007FFFFFFF000000000
0007FFFFFFF000000000
0007FFFFFFF000000000
00070000007000000000
00070000007000000000
00070000007000000000
00070000007000000000
00070000007000000000
00070000007000000000
00070000007000000000
00070000007000000000
00070000007000000000
00070000007000000000
00070000007000000000
00070000007000000000
00070000007000000000
00070000007000000000
00070000007000000000
00070000007000000000
00070000007000000000
000F0000007000000000
00070000007000000000
000F0000007000000000
000E0000007000000000
000E0000007000000000
000E0000007FFFFFF800
000E0000007FFFFFFE00
000E0000007FFFFFFF80
000E0000007000000FC0
000E00000070000003E0
000E00000070000000F0
000E0000007000000078
001E0000007000000038
001C000000700000003C
001C000000700000003C
001C000000700000001C
001C000000700000001C
003C000000700000001C
0038000000700000001C
0038000000700000001C
0078000000700000001C
0070000000700000001C
00F0000000700000001C
00E0000000700000003C
01E00000007000000038
01C00000007000000078
03C000000070000000F0
078000000070000001F0
0F0000000070000003E0
3E000000007000001FC0
7C000000007FFFFFFF00
F8000000007FFFFFFC00
E0000000007FFFFFE000
80000000000000000000
ENDCHAR
STARTCHAR uni040A
ENCODING 1034
SWIDTH 1166 0
DWIDTH 87 0
BBX 76 53 7 0
BITMAP
E000000001C000000000
E000000001C000000000
E000000001C000000000
E000000001C000000000
E000000001C000000000
E000000001C000000000
E000000001C000000000
E000000001C000000000
E000000001C000000000
E000000001C000000000
E000000001C000000000
E000000001C000000000
E000000001C000000000
E000000001C000000000
E000000001C000000000
E000000001C000000000
E000000001C000000000
E000000001C000000000
E000000001C000000000
E000000001C000000000
E000000001C000000000
E000000001C000000000
E000000001C000000000
E000000001C000000000
E000000001C000000000
FFFFFFFFFFFFFFFFE000
FFFFFFFFFFFFFFFFF800
FFFFFFFFFFFFFFFFFE00
E000000001C000003F00
E000000001C000000F80
E000000001C0000003C0
E000000001C0000001E0
E000000001C0000000E0
E000000001C0000000F0
E000000001C0000000F0
E000000001C000000070
E000000001C000000070
E000000001C000000070
E000000001C000000070
E000000001C000000070
E000000001C000000070
E000000001C000000070
E000000001C000000070
E000000001C0000000F0
E000000001C0000000E0
E000000001C0000001E0
E000000001C0000003C0
E000000001C0000007C0
E000000001C000000F80
E000000001C000007F00
E000000001FFFFFFFC00
E000000001FFFFFFF000
E000000001FFFFFF8000
ENDCHAR
STARTCHAR uni040B
ENCODING 1035
SWIDTH 833 0
DWIDTH 62 0
BBX 58 53 0 0
BITMAP
FFFFFFFFFFF00000
FFFFFFFFFFF00000
FFFFFFFFFFF00000
00000F0000000000
00000F0000000000
00000F0000000000
00000F0000000000
00000F0000000000
00000F0000000000
00000F0000000000
00000F0000000000
00000F0000000000
00000F0000000000
00000F0000000000
00000F0000000000
00000F0000000000
00000F0000000000
00000F0000000000
00000F0000000000
00000F0000000000
00000F0000000000
00000F01FFF00000
00000F1FFFFE0000
00000FFFFFFF8000
00000FFE001FE000
00000FE00003F000
00000F800000F800
00000F0000007C00
00000F0000003C00
00000F0000001E00
00000F0000000F00
00000F0000000700
00000F0000000700
00000F0000000780
00000F0000000380
00000F0000000380
00000F0000000380
00000F00000003C0
00000F00000003C0
00000F00000001C0
00000F00000001C0
00000F00000001C0
00000F00000001C0
00000F00000001C0
00000F00000001C0
00000F00000001C0
00000F00000001C0
00000F00000001C0
00000F00000001C0
00000F00000001C0
00000F00000001C0
00000F00000001C0
00000600000001C0
ENDCHAR
STARTCHAR uni040C
ENCODING 1036
SWIDTH 611 0
DWIDTH 46 0
BBX 37 71 7 0
BITMAP
0000004000
000000E000
000001E000
000003C000
0000038000
0000078000
00000F0000
00000E0000
00001C0000
0000380000
0000780000
0000700000
0000E00000
0000C00000
0000000000
0000000000
0000000000
0000000000
E000000180
E0000003C0
E000000780
E000000700
E000000F00
E000001E00
E000001C00
E000003C00
E000007800
E000007000
E00000F000
E00001E000
E00001C000
E00003C000
E000078000
E0000F0000
E0000E0000
E0001E0000
E0003C0000
E000380000
E000780000
E000F00000
E000E00000
E001E00000
E003C00000
FFFFE00000
FFFFFC0000
FFFFFE0000
E0003F0000
E0000F8000
E00003C000
E00001E000
E00000E000
E00000F000
E000007000
E000003800
E000003800
E000001C00
E000001C00
E000000E00
E000000E00
E000000700
E000000700
E000000380
E000000380
E0000001C0
E0000001C0
E0000000E0
E0000000E0
E0000000F0
E000000070
E000000078
E000000038
ENDCHAR
STARTCHAR uni040D
ENCODING 1037
SWIDTH 732 0
DWIDTH 55 0
BBX 41 71 7 0
BITMAP
001000000000
003800000000
003C00000000
001E00000000
000F00000000
000700000000
000780000000
0003C0000000
0001C0000000
0000E0000000
000070000000
000070000000
000038000000
000018000000
000000000000
000000000000
000000000000
000000000000
E00000000380
E00000000780
E00000000F80
E00000000F80
E00000001F80
E00000003F80
E00000007B80
E00000007380
E0000000F380
E0000001E380
E0000003C380
E00000038380
E00000078380
E000000F0380
E000000E0380
E000001C0380
E000003C0380
E00000780380
E00000700380
E00000F00380
E00001E00380
E00003C00380
E00003800380
E00007800380
E0000F000380
E0001E000380
E0001C000380
E0003C000380
E00078000380
E00070000380
E000E0000380
E001E0000380
E003C0000380
E00380000380
E00700000380
E00F00000380
E01E00000380
E01C00000380
E03C00000380
E07800000380
E0F000000380
E0E000000380
E1E000000380
E3C000000380
E78000000380
E70000000380
EF0000000380
FE0000000380
FC0000000380
F80000000380
F80000000380
F00000000380
E00000000380
ENDCHAR
STARTCHAR uni040E
ENCODING 1038
SWIDTH 628 0
DWIDTH 47 0
BBX 44 67 2 0
BITMAP
00E00000E000
00E00000E000
00700001C000
00780001C000
003C00038000
001E000F0000
000F803E0000
0007FFFC0000
0001FFF00000
00003FC00000
000000000000
000000000000
000000000000
000000000000
E00000000070
E00000000070
F000000000E0
7000000000E0
7800000001C0
3C00000001C0
1C0000000380
1E0000000380
0F0000000700
070000000700
078000000E00
038000001E00
01C000001C00
01E000003C00
00E000003800
00F000007800
007800007000
00380000F000
003C0000E000
001C0001E000
000E0001C000
000F0003C000
000700038000
000780078000
0003C0070000
0001C00F0000
0001E00E0000
0000F01E0000
0000701C0000
0000783C0000
000038380000
00003C780000
00001E700000
00000EE00000
00000FE00000
000007C00000
000003C00000
000003800000
000003800000
000007000000
00000F000000
00000E000000
00001E000000
00001C000000
00003C000000
000038000000
000078000000
000070000000
0000F0000000
0000E0000000
0001E0000000
0001C0000000
0001C0000000
ENDCHAR
STARTCHAR uni040F
ENCODING 1039
SWIDTH 746 0
DWIDTH 56 0
BBX 42 65 7 -12
BITMAP
E000000001C0
E000000001C0
E000000001C0
E000000001C0
E000000001C0
E000000001C0
E000000001C0
E000000001C0
E000000001C0
E000000001C0
E000000001C0
E000000001C0
E000000001C0
E000000001C0
E000000001C0
E000000001C0
E000000001C0
E000000001C0
E000000001C0
E000000001C0
E000000001C0
E000000001C0
E000000001C0
E000000001C0
E000000001C0
E000000001C0
E000000001C0
E000000001C0
E000000001C0
E000000001C0
E000000001C0
E000000001C0
E000000001C0
E000000001C0
E000000001C0
E000000001C0
E000000001C0
E000000001C0
E000000001C0
E000000001C0
E000000001C0
E000000001C0
E000000001C0
E000000001C0
E000000001C0
E000000001C0
E000000001C0
E000000001C0
E000000001C0
E000000001C0
FFFFFFFFFFC0
FFFFFFFFFFC0
7FFFFFFFFF80
00001C000000
00001C000000
00001C000000
00001C000000
00001C000000
00001C000000
00001C000000
00001C000000
00001C000000
00001C000000
00000C000000
000008000000
ENDCHAR
STARTCHAR uni0410
ENCODING 1040
SWIDTH 716 0
DWIDTH 54 0
BBX 48 53 3 0
BITMAP
000003800000
000003C00000
000007C00000
000007E00000
00000FE00000
00000EF00000
00000E700000
00001C700000
00001C380000
00003C380000
0000381C0000
0000781C0000
0000701E0000
0000700E0000
0000E00F0000
0000E0070000
0001E0070000
0001C0078000
0003C0038000
00038003C000
00038001C000
00070001E000
00070000E000
000F0000E000
000E0000F000
001E00007000
001C00007800
001C00003800
003C00003C00
003800001C00
007800001C00
007000001E00
00F000000E00
00E000000F00
00E000000700
01FFFFFFFF80
01FFFFFFFF80
03FFFFFFFF80
0380000003C0
0780000001C0
0700000001E0
0700000000E0
0E00000000F0
0E0000000070
1E0000000070
1C0000000078
3C0000000038
38000000003C
38000000001C
70000000001E
70000000000E
F0000000000E
E00000000007
ENDCHAR
STARTCHAR uni0411
ENCODING 1041
SWIDTH 649 0
DWIDTH 49 0
BBX 38 53 7 0
BITMAP
7FFFFFFF80
FFFFFFFF80
FFFFFFFF80
E000000000
E000000000
E000000000
E000000000
E000000000
E000000000
E000000000
E000000000
E000000000
E000000000
E000000000
E000000000
E000000000
E000000000
E000000000
E000000000
E000000000
E000000000
E000000000
E000000000
E000000000
E000000000
FFFFFFF000
FFFFFFFE00
FFFFFFFF00
E000001FC0
E0000003E0
E0000001E0
E0000000F0
E000000078
E000000078
E000000038
E000000038
E000000038
E00000003C
E00000003C
E00000003C
E00000003C
E000000038
E000000038
E000000038
E000000078
E0000000F0
E0000000F0
E0000001E0
E0000007C0
E000003F80
FFFFFFFF00
FFFFFFFC00
7FFFFFC000
ENDCHAR
STARTCHAR uni0412
ENCODING 1042
SWIDTH 666 0
DWIDTH 50 0
BBX 38 53 7 0
BITMAP
7FFFFF0000
FFFFFFF000
FFFFFFFC00
E00000FF00
E000001F80
E0000007C0
E0000003C0
E0000001E0
E0000000E0
E0000000F0
E000000070
E000000070
E000000070
E000000070
E000000070
E000000070
E000000070
E000000070
E0000000F0
E0000000E0
E0000001E0
E0000003C0
E000000780
E000001F00
E00001FE00
FFFFFFF800
FFFFFFF800
FFFFFFFF00
E000001F80
E0000007C0
E0000001E0
E0000000F0
E000000070
E000000078
E000000038
E000000038
E000000038
E00000003C
E00000003C
E00000003C
E00000003C
E000000038
E000000038
E000000038
E000000078
E000000070
E0000000F0
E0000001E0
E0000007C0
E000003F80
FFFFFFFF00
FFFFFFF800
7FFFFFC000
ENDCHAR
STARTCHAR uni0413
ENCODING 1043
SWIDTH 527 0
DWIDTH 40 0
BBX 32 53 7 0
BITMAP
7FFFFFFF
FFFFFFFF
FFFFFFFF
E0000000
E0000000
E0000000
E0000000
E0000000
E0000000
E0000000
E0000000
E0000000
E0000000
E0000000
E0000000
E0000000
E0000000
E0000000
E0000000
E0000000
E0000000
E0000000
E0000000
E0000000
E0000000
E0000000
E0000000
E0000000
E0000000
E0000000
E0000000
E0000000
E0000000
E0000000
E0000000
E0000000
E0000000
E0000000
E0000000
E0000000
E0000000
E0000000
E0000000
E0000000
E0000000
E0000000
E0000000
E0000000
E0000000
E0000000
E0000000
E0000000
E0000000
ENDCHAR
STARTCHAR uni0414
ENCODING 1044
SWIDTH 760 0
DWIDTH 57 0
BBX 54 65 1 -12
BITMAP
0001FFFFFFFC00
0003FFFFFFFE00
0003FFFFFFFE00
00038000000E00
00038000000E00
00038000000E00
00038000000E00
00038000000E00
00038000000E00
00038000000E00
00038000000E00
00038000000E00
00038000000E00
00038000000E00
00038000000E00
00038000000E00
00038000000E00
00038000000E00
00038000000E00
00038000000E00
00038000000E00
00038000000E00
00078000000E00
00070000000E00
00070000000E00
00070000000E00
00070000000E00
00070000000E00
00070000000E00
00070000000E00
00070000000E00
00070000000E00
000F0000000E00
000E0000000E00
000E0000000E00
000E0000000E00
000E0000000E00
001E0000000E00
001C0000000E00
001C0000000E00
003C0000000E00
00380000000E00
00380000000E00
00780000000E00
00700000000E00
00F00000000E00
00E00000000E00
01E00000000E00
01C00000000E00
03800000000E00
7FFFFFFFFFFFFC
FFFFFFFFFFFFFC
FFFFFFFFFFFFFC
E000000000001C
E000000000001C
E000000000001C
E000000000001C
E000000000001C
E000000000001C
E000000000001C
E000000000001C
E000000000001C
E000000000001C
E000000000001C
40000000000008
ENDCHAR
STARTCHAR uni0415
ENCODING 1045
SWIDTH 570 0
DWIDTH 43 0
BBX 32 53 7 0
BITMAP
7FFFFFFF
FFFFFFFF
FFFFFFFF
E0000000
E0000000
E0000000
E0000000
E0000000
E0000000
E0000000
E0000000
E0000000
E0000000
E0000000
E0000000
E0000000
E0000000
E0000000
E0000000
E0000000
E0000000
E0000000
E0000000
E0000000
E0000000
FFFFFFFE
FFFFFFFE
FFFFFFFC
E0000000
E0000000
E0000000
E0000000
E0000000
E0000000
E0000000
E0000000
E0000000
E0000000
E0000000
E0000000
E0000000
E0000000
E0000000
E0000000
E0000000
E0000000
E0000000
E0000000
E0000000
E0000000
FFFFFFFF
FFFFFFFF
7FFFFFFF
ENDCHAR
STARTCHAR uni0416
ENCODING 1046
SWIDTH 928 0
DWIDTH 70 0
BBX 66 53 2 0
BITMAP
1C000001C000001C00
1E000001C000001C00
0E000001C000003C00
0F000001C000007800
07800001C000007000
03C00001C00000F000
01C00001C00001E000
01E00001C00001C000
00F00001C00003C000
00700001C000078000
00780001C000070000
003C0001C0000F0000
001C0001C0001E0000
001E0001C0001C0000
000F0001C0003C0000
00070001C000780000
00078001C000700000
0003C001C000F00000
0001C001C001E00000
0001E001C001C00000
0000F001C003C00000
00007001C007800000
00007801C00F000000
00003C01C00E000000
00001C01C01E000000
00007FFFFFFF000000
0001FFFFFFFFC00000
0003FFFFFFFFF00000
0007C001C001F80000
000F0001C0007C0000
001E0001C0003E0000
003C0001C0000E0000
00780001C0000F0000
00700001C000078000
00F00001C000038000
00E00001C00003C000
01E00001C00001C000
01C00001C00001E000
03C00001C00000E000
03800001C00000F000
07800001C000007000
07000001C000007800
0F000001C000003800
0E000001C000003C00
1E000001C000001C00
1C000001C000001E00
3C000001C000000E00
38000001C000000F00
78000001C000000700
70000001C000000780
F0000001C000000380
E0000001C0000003C0
E0000001C0000001C0
ENDCHAR
STARTCHAR uni0417
ENCODING 1047
SWIDTH 645 0
DWIDTH 48 0
BBX 39 54 4 -1
BITMAP
000FFFF000
007FFFFC00
01FFFFFF00
07F8001F80
1FC00007C0
3F000001E0
7C000000F0
7000000070
2000000078
0000000038
0000000038
000000003C
000000003C
000000001C
000000001C
000000003C
000000003C
0000000038
0000000038
0000000078
00000000F0
00000000F0
00000003E0
0000000FC0
0000007F00
007FFFFC00
00FFFFFE00
007FFFFF80
0000000FE0
00000001F0
00000000F8
0000000078
000000003C
000000001C
000000001E
000000001E
000000000E
000000000E
000000000E
000000000E
000000000E
000000000E
000000001E
000000001C
C00000001C
E00000003C
F800000078
7C000000F0
3F800003F0
1FE0000FE0
07FFEFFF80
01FFFFFF00
001FFFF800
0000180000
ENDCHAR
STARTCHAR uni0418
ENCODING 1048
SWIDTH 732 0
DWIDTH 55 0
BBX 41 53 7 0
BITMAP
E00000000380
E00000000780
E00000000F80
E00000000F80
E00000001F80
E00000003F80
E00000007B80
E00000007380
E0000000F380
E0000001E380
E0000003C380
E00000038380
E00000078380
E000000F0380
E000000E0380
E000001C0380
E000003C0380
E00000780380
E00000700380
E00000F00380
E00001E00380
E00003C00380
E00003800380
E00007800380
E0000F000380
E0001E000380
E0001C000380
E0003C000380
E00078000380
E00070000380
E000E0000380
E001E0000380
E003C0000380
E00380000380
E00700000380
E00F00000380
E01E00000380
E01C00000380
E03C00000380
E07800000380
E0F000000380
E0E000000380
E1E000000380
E3C000000380
E78000000380
E70000000380
EF0000000380
FE0000000380
FC0000000380
F80000000380
F80000000380
F00000000380
E00000000380
ENDCHAR
STARTCHAR uni0419
ENCODING 1049
SWIDTH 732 0
DWIDTH 55 0
BBX 41 67 7 0
BITMAP
01C00001C000
01C00001C000
00E000038000
00F000078000
0078000F0000
003C001E0000
001F007C0000
000FFFF80000
0003FFE00000
0000FF000000
000000000000
000000000000
000000000000
000000000000
E00000000380
E00000000780
E00000000F80
E00000000F80
E00000001F80
E00000003F80
E00000007B80
E00000007380
E0000000F380
E0000001E380
E0000003C380
E00000038380
E00000078380
E000000F0380
E000000E0380
E000001C0380
E000003C0380
E00000780380
E00000700380
E00000F00380
E00001E00380
E00003C00380
E00003800380
E00007800380
E0000F000380
E0001E000380
E0001C000380
E0003C000380
E00078000380
E00070000380
E000E0000380
E001E0000380
E003C0000380
E00380000380
E00700000380
E00F00000380
E01E00000380
E01C00000380
E03C00000380
E07800000380
E0F000000380
E0E000000380
E1E000000380
E3C000000380
E78000000380
E70000000380
EF0000000380
FE0000000380
FC0000000380
F80000000380
F80000000380
F00000000380
E00000000380
ENDCHAR
STARTCHAR uni041A
ENCODING 1050
SWIDTH 611 0
DWIDTH 46 0
BBX 37 53 7 0
BITMAP
E000000180
E0000003C0
E000000780
E000000700
E000000F00
E000001E00
E000001C00
E000003C00
E000007800
E000007000
E00000F000
E00001E000
E00001C000
E00003C000
E000078000
E0000F0000
E0000E0000
E0001E0000
E0003C0000
E000380000
E000780000
E000F00000
E000E00000
E001E00000
E003C00000
FFFFE00000
FFFFFC0000
FFFFFE0000
E0003F0000
E0000F8000
E00003C000
E00001E000
E00000E000
E00000F000
E000007000
E000003800
E000003800
E000001C00
E000001C00
E000000E00
E000000E00
E000000700
E000000700
E000000380
E000000380
E0000001C0
E0000001C0
E0000000E0
E0000000E0
E0000000F0
E000000070
E000000078
E000000038
ENDCHAR
STARTCHAR uni041B
ENCODING 1051
SWIDTH 731 0
DWIDTH 55 0
BBX 46 54 2 -1
BITMAP
0007FFFFFFF8
0007FFFFFFFC
0007FFFFFFFC
00070000003C
00070000003C
00070000003C
00070000003C
00070000003C
00070000003C
00070000003C
00070000003C
00070000003C
00070000003C
00070000003C
00070000003C
00070000003C
00070000003C
00070000003C
00070000003C
00070000003C
000F0000003C
00070000003C
000F0000003C
000E0000003C
000E0000003C
000E0000003C
000E0000003C
000E0000003C
000E0000003C
000E0000003C
000E0000003C
000E0000003C
001E0000003C
001C0000003C
001C0000003C
001C0000003C
001C0000003C
003C0000003C
00380000003C
00380000003C
00780000003C
00700000003C
00F00000003C
00E00000003C
01E00000003C
01C00000003C
03C00000003C
07800000003C
0F000000003C
3E000000003C
7C000000003C
F8000000003C
E0000000001C
400000000000
ENDCHAR
STARTCHAR uni041C
ENCODING 1052
SWIDTH 844 0
DWIDTH 63 0
BBX 49 53 7 0
BITMAP
E0000000000380
F0000000000380
F0000000000780
F8000000000F80
F8000000000F80
FC000000001F80
FC000000001F80
EE000000003F80
EE000000003B80
E7000000007B80
E7000000007380
E380000000E380
E3C0000000E380
E1C0000001C380
E1E0000001C380
E0E00000038380
E0700000038380
E0700000070380
E0380000070380
E03800000E0380
E01C00000E0380
E01C00001C0380
E00E00001C0380
E00E0000380380
E0070000380380
E0070000700380
E0038000F00380
E0038000E00380
E001C001E00380
E001C001C00380
E000E003C00380
E000F003800380
E0007007000380
E0003807000380
E000380E000380
E0001C0E000380
E0001C1C000380
E0000E1C000380
E0000E38000380
E0000738000380
E0000770000380
E00003F0000380
E00003E0000380
E00001E0000380
E00001C0000380
E0000000000380
E0000000000380
E0000000000380
E0000000000380
E0000000000380
E0000000000380
E0000000000380
E0000000000380
ENDCHAR
STARTCHAR uni041D
ENCODING 1053
SWIDTH 751 0
DWIDTH 56 0
BBX 42 53 7 0
BITMAP
E000000001C0
E000000001C0
E000000001C0
E000000001C0
E000000001C0
E000000001C0
E000000001C0
E000000001C0
E000000001C0
E000000001C0
E000000001C0
E000000001C0
E000000001C0
E000000001C0
E000000001C0
E000000001C0
E000000001C0
E000000001C0
E000000001C0
E000000001C0
E000000001C0
E000000001C0
E000000001C0
E000000001C0
E000000001C0
FFFFFFFFFFC0
FFFFFFFFFFC0
FFFFFFFFFFC0
E000000001C0
E000000001C0
E000000001C0
E000000001C0
E000000001C0
E000000001C0
E000000001C0
E000000001C0
E000000001C0
E000000001C0
E000000001C0
E000000001C0
E000000001C0
E000000001C0
E000000001C0
E000000001C0
E000000001C0
E000000001C0
E000000001C0
E000000001C0
E000000001C0
E000000001C0
E000000001C0
E000000001C0
E000000001C0
ENDCHAR
STARTCHAR uni041E
ENCODING 1054
SWIDTH 751 0
DWIDTH 56 0
BBX 46 54 5 -1
BITMAP
0000FFFC0000
0007FFFF8000
001FFFFFE000
003F8003F800
00FC0000FC00
01F000003E00
03E000001F00
03C000000780
078000000780
0F00000003C0
0E00000001E0
1E00000000E0
1C00000000F0
3C0000000070
380000000070
780000000078
780000000038
700000000038
70000000003C
70000000003C
F0000000003C
F0000000001C
F0000000001C
F0000000001C
E0000000001C
E0000000001C
E0000000001C
E0000000001C
E0000000001C
E0000000001C
F0000000001C
F0000000001C
F0000000003C
70000000003C
70000000003C
700000000038
780000000038
380000000078
380000000070
3C0000000070
1C00000000F0
1E00000000E0
0E00000001E0
0F00000003C0
078000000380
03C000000780
03E000000F00
01F000003E00
00FC0000FC00
003F0003F800
001FFEFFE000
0007FFFF8000
0001FFFE0000
000003400000
ENDCHAR
STARTCHAR uni041F
ENCODING 1055
SWIDTH 746 0
DWIDTH 56 0
BBX 42 53 7 0
BITMAP
7FFFFFFFFF80
FFFFFFFFFFC0
FFFFFFFFFFC0
E000000001C0
E000000001C0
E000000001C0
E000000001C0
E000000001C0
E000000001C0
E000000001C0
E000000001C0
E000000001C0
E000000001C0
E000000001C0
E000000001C0
E000000001C0
E000000001C0
E000000001C0
E000000001C0
E000000001C0
E000000001C0
E000000001C0
E000000001C0
E000000001C0
E000000001C0
E000000001C0
E000000001C0
E000000001C0
E000000001C0
E000000001C0
E000000001C0
E000000001C0
E000000001C0
E000000001C0
E000000001C0
E000000001C0
E000000001C0
E000000001C0
E000000001C0
E000000001C0
E000000001C0
E000000001C0
E000000001C0
E000000001C0
E000000001C0
E000000001C0
E000000001C0
E000000001C0
E000000001C0
E000000001C0
E000000001C0
E000000001C0
E000000001C0
ENDCHAR
STARTCHAR uni0420
ENCODING 1056
SWIDTH 616 0
DWIDTH 46 0
BBX 37 53 7 0
BITMAP
7FFFFF0000
FFFFFFF000
FFFFFFFC00
E00000FE00
E000001F00
E000000780
E0000003C0
E0000001E0
E0000000E0
E0000000F0
E0000000F0
E000000070
E000000070
E000000070
E000000070
E000000078
E000000070
E000000070
E000000070
E000000070
E0000000F0
E0000000F0
E0000001E0
E0000001E0
E0000003C0
E000000780
E000001F00
E00001FE00
FFFFFFFC00
FFFFFFE000
FFFFFE0000
E000000000
E000000000
E000000000
E000000000
E000000000
E000000000
E000000000
E000000000
E000000000
E000000000
E000000000
E000000000
E000000000
E000000000
E000000000
E000000000
E000000000
E000000000
E000000000
E000000000
E000000000
E000000000
ENDCHAR
STARTCHAR uni0421
ENCODING 1057
SWIDTH 667 0
DWIDTH 50 0
BBX 41 54 5 -1
BITMAP
0000FFFE0000
0007FFFFC000
001FFFFFF000
003F8003FC00
007C00007E00
01F000001F00
03E000000780
03C000000380
078000000180
0F0000000000
0E0000000000
1E0000000000
1C0000000000
3C0000000000
380000000000
780000000000
780000000000
700000000000
700000000000
700000000000
F00000000000
F00000000000
F00000000000
F00000000000
E00000000000
E00000000000
E00000000000
E00000000000
E00000000000
E00000000000
F00000000000
F00000000000
F00000000000
700000000000
700000000000
700000000000
780000000000
780000000000
380000000000
3C0000000000
1C0000000000
1E0000000000
0E0000000000
0F0000000000
078000000100
03C000000380
03E000000780
01F000001F00
00FC00007E00
003F0001FC00
001FFEFFF000
0007FFFFC000
0000FFFF0000
000003800000
ENDCHAR
STARTCHAR uni0422
ENCODING 1058
SWIDTH 586 0
DWIDTH 44 0
BBX 44 53 0 0
BITMAP
FFFFFFFFFFF0
FFFFFFFFFFF0
FFFFFFFFFFF0
00000F000000
00000F000000
00000F000000
00000F000000
00000F000000
00000F000000
00000F000000
00000F000000
00000F000000
00000F000000
00000F000000
00000F000000
00000F000000
00000F000000
00000F000000
00000F000000
00000F000000
00000F000000
00000F000000
00000F000000
00000F000000
00000F000000
00000F000000
00000F000000
00000F000000
00000F000000
00000F000000
00000F000000
00000F000000
00000F000000
00000F000000
00000F000000
00000F000000
00000F000000
00000F000000
00000F000000
00000F000000
00000F000000
00000F000000
00000F000000
00000F000000
00000F000000
00000F000000
00000F000000
00000F000000
00000F000000
00000F000000
00000F000000
00000F000000
000006000000
ENDCHAR
STARTCHAR uni0423
ENCODING 1059
SWIDTH 628 0
DWIDTH 47 0
BBX 44 53 2 0
BITMAP
E00000000070
E00000000070
F000000000E0
7000000000E0
7800000001C0
3C00000001C0
1C0000000380
1E0000000380
0F0000000700
070000000700
078000000E00
038000001E00
01C000001C00
01E000003C00
00E000003800
00F000007800
007800007000
00380000F000
003C0000E000
001C0001E000
000E0001C000
000F0003C000
000700038000
000780078000
0003C0070000
0001C00F0000
0001E00E0000
0000F01E0000
0000701C0000
0000783C0000
000038380000
00003C780000
00001E700000
00000EE00000
00000FE00000
000007C00000
000003C00000
000003800000
000003800000
000007000000
00000F000000
00000E000000
00001E000000
00001C000000
00003C000000
000038000000
000078000000
000070000000
0000F0000000
0000E0000000
0001E0000000
0001C0000000
0001C0000000
ENDCHAR
STARTCHAR uni0424
ENCODING 1060
SWIDTH 810 0
DWIDTH 61 0
BBX 51 57 5 -2
BITMAP
000000E0000000
000000E0000000
000000E0000000
000000E0000000
000000E0000000
000000E0000000
0000FFFFE00000
0007FFFFFC0000
003FFFFFFF0000
007F00E01FC000
01F800E003E000
03E000E000F000
07C000E0007800
0F8000E0003C00
0F0000E0001E00
1E0000E0000F00
1C0000E0000F00
3C0000E0000780
380000E0000780
780000E0000380
700000E00003C0
700000E00001C0
700000E00001C0
F00000E00001C0
F00000E00001C0
F00000E00001E0
E00000E00001E0
E00000E00001E0
E00000E00001E0
E00000E00001E0
E00000E00001E0
F00000E00001E0
F00000E00001C0
F00000E00001C0
700000E00001C0
700000E00003C0
780000E0000380
380000E0000380
3C0000E0000780
3C0000E0000F00
1E0000E0000F00
0F0000E0001E00
0F8000E0003C00
07C000E0007C00
03E000E000F800
01F800E003F000
00FE00E00FC000
003FE0E0FF8000
000FFFFFFE0000
0003FFFFF00000
00001FFC000000
000000E0000000
000000E0000000
000000E0000000
000000E0000000
000000E0000000
000000E0000000
ENDCHAR
STARTCHAR uni0425
ENCODING 1061
SWIDTH 631 0
DWIDTH 47 0
BBX 42 53 3 0
BITMAP
700000000700
780000000700
380000000F00
3C0000001E00
1E0000003C00
0F0000003800
070000007800
07800000F000
03C00000E000
01E00001E000
00E00003C000
00F000078000
007800070000
003C000F0000
003C001E0000
001E003C0000
000F00380000
000700780000
000780F00000
0003C0E00000
0001E1C00000
0000E3C00000
0000F7800000
00007F000000
00003E000000
00001E000000
00003E000000
00003F000000
00007F000000
0000F7800000
0001E3C00000
0001C1E00000
0003C0E00000
000780F00000
000F00780000
000E003C0000
001E001C0000
003C001E0000
0078000F0000
007800078000
00F000038000
01E00003C000
01C00001E000
03C00000F000
07800000F000
0F0000007800
0E0000003C00
1E0000001C00
3C0000001E00
780000000F00
700000000780
F00000000380
E000000003C0
ENDCHAR
STARTCHAR uni0426
ENCODING 1062
SWIDTH 773 0
DWIDTH 58 0
BBX 49 65 7 -12
BITMAP
E000000001C000
E000000001C000
E000000001C000
E000000001C000
E000000001C000
E000000001C000
E000000001C000
E000000001C000
E000000001C000
E000000001C000
E000000001C000
E000000001C000
E000000001C000
E000000001C000
E000000001C000
E000000001C000
E000000001C000
E000000001C000
E000000001C000
E000000001C000
E000000001C000
E000000001C000
E000000001C000
E000000001C000
E000000001C000
E000000001C000
E000000001C000
E000000001C000
E000000001C000
E000000001C000
E000000001C000
E000000001C000
E000000001C000
E000000001C000
E000000001C000
E000000001C000
E000000001C000
E000000001C000
E000000001C000
E000000001C000
E000000001C000
E000000001C000
E000000001C000
E000000001C000
E000000001C000
E000000001C000
E000000001C000
E000000001C000
E000000001C000
E000000001C000
FFFFFFFFFFFF80
FFFFFFFFFFFF80
7FFFFFFFFFFF80
00000000000380
00000000000380
00000000000380
00000000000380
00000000000380
00000000000380
00000000000380
00000000000380
00000000000380
00000000000380
00000000000380
00000000000100
ENDCHAR
STARTCHAR uni0427
ENCODING 1063
SWIDTH 657 0
DWIDTH 49 0
BBX 37 53 5 0
BITMAP
E000000038
E000000038
E000000038
E000000038
E000000038
E000000038
E000000038
E000000038
E000000038
E000000038
E000000038
E000000038
E000000038
E000000038
E000000038
E000000038
E000000038
F000000038
F000000038
7000000038
7000000038
7800000038
3800000038
3C00000038
1E00000038
0F00000038
0F80000078
07E00003F8
03FC001FF8
00FFFFFFB8
003FFFFE38
0007FFF038
0000000038
0000000038
0000000038
0000000038
0000000038
0000000038
0000000038
0000000038
0000000038
0000000038
0000000038
0000000038
0000000038
0000000038
0000000038
0000000038
0000000038
0000000038
0000000038
0000000038
0000000038
ENDCHAR
STARTCHAR uni0428
ENCODING 1064
SWIDTH 1038 0
DWIDTH 78 0
BBX 64 53 7 0
BITMAP
E000000380000007
E0000003C000000F
E0000003C000000F
E0000003C000000F
E0000003C000000F
E0000003C000000F
E0000003C000000F
E0000003C000000F
E0000003C000000F
E0000003C000000F
E0000003C000000F
E0000003C000000F
E0000003C000000F
E0000003C000000F
E0000003C000000F
E0000003C000000F
E0000003C000000F
E0000003C000000F
E0000003C000000F
E0000003C000000F
E0000003C000000F
E0000003C000000F
E0000003C000000F
E0000003C000000F
E0000003C000000F
E0000003C000000F
E0000003C000000F
E0000003C000000F
E0000003C000000F
E0000003C000000F
E0000003C000000F
E0000003C000000F
E0000003C000000F
E0000003C000000F
E0000003C000000F
E0000003C000000F
E0000003C000000F
E0000003C000000F
E0000003C000000F
E0000003C000000F
E0000003C000000F
E0000003C000000F
E0000003C000000F
E0000003C000000F
E0000003C000000F
E0000003C000000F
E0000003C000000F
E0000003C000000F
E0000003C000000F
E0000003C000000F
FFFFFFFFFFFFFFFF
FFFFFFFFFFFFFFFF
7FFFFFFFFFFFFFFE
ENDCHAR
STARTCHAR uni0429
ENCODING 1065
SWIDTH 1064 0
DWIDTH 80 0
BBX 71 65 7 -12
BITMAP
E00000038000000700
E0000003C000000F00
E0000003C000000F00
E0000003C000000F00
E0000003C000000F00
E0000003C000000F00
E0000003C000000F00
E0000003C000000F00
E0000003C000000F00
E0000003C000000F00
E0000003C000000F00
E0000003C000000F00
E0000003C000000F00
E0000003C000000F00
E0000003C000000F00
E0000003C000000F00
E0000003C000000F00
E0000003C000000F00
E0000003C000000F00
E0000003C000000F00
E0000003C000000F00
E0000003C000000F00
E0000003C000000F00
E0000003C000000F00
E0000003C000000F00
E0000003C000000F00
E0000003C000000F00
E0000003C000000F00
E0000003C000000F00
E0000003C000000F00
E0000003C000000F00
E0000003C000000F00
E0000003C000000F00
E0000003C000000F00
E0000003C000000F00
E0000003C000000F00
E0000003C000000F00
E0000003C000000F00
E0000003C000000F00
E0000003C000000F00
E0000003C000000F00
E0000003C000000F00
E0000003C000000F00
E0000003C000000F00
E0000003C000000F00
E0000003C000000F00
E0000003C000000F00
E0000003C000000F00
E0000003C000000F00
E0000003C000000F00
FFFFFFFFFFFFFFFFFE
FFFFFFFFFFFFFFFFFE
7FFFFFFFFFFFFFFFFE
00000000000000000E
00000000000000000E
00000000000000000E
00000000000000000E
00000000000000000E
00000000000000000E
00000000000000000E
00000000000000000E
00000000000000000E
00000000000000000E
00000000000000000E
000000000000000004
ENDCHAR
STARTCHAR uni042A
ENCODING 1066
SWIDTH 776 0
DWIDTH 58 0
BBX 54 53 0 0
BITMAP
FFFFE000000000
FFFFF000000000
FFFFF000000000
00007000000000
00007000000000
00007000000000
00007000000000
00007000000000
00007000000000
00007000000000
00007000000000
00007000000000
00007000000000
00007000000000
00007000000000
00007000000000
00007000000000
00007000000000
00007000000000
00007000000000
00007000000000
00007000000000
00007000000000
00007000000000
00007000000000
00007FFFFFF800
00007FFFFFFE00
00007FFFFFFF80
00007000000FC0
000070000003E0
000070000000F0
00007000000078
00007000000078
00007000000038
0000700000003C
0000700000001C
0000700000001C
0000700000001C
0000700000001C
0000700000001C
0000700000001C
0000700000001C
0000700000003C
0000700000003C
00007000000038
00007000000078
000070000000F0
000070000001F0
000070000007E0
00007000003FC0
00007FFFFFFF00
00007FFFFFFC00
00007FFFFFE000
ENDCHAR
STARTCHAR uni042B
ENCODING 1067
SWIDTH 813 0
DWIDTH 61 0
BBX 47 53 7 0
BITMAP
E0000000000E
E0000000000E
E0000000000E
E0000000000E
E0000000000E
E0000000000E
E0000000000E
E0000000000E
E0000000000E
E0000000000E
E0000000000E
E0000000000E
E0000000000E
E0000000000E
E0000000000E
E0000000000E
E0000000000E
E0000000000E
E0000000000E
E0000000000E
E0000000000E
E0000000000E
E0000000000E
E0000000000E
E0000000000E
FFFFFFC0000E
FFFFFFF0000E
FFFFFFFC000E
E000007E000E
E000001F000E
E0000007800E
E0000003C00E
E0000001C00E
E0000001E00E
E0000001E00E
E0000000E00E
E0000000E00E
E0000000E00E
E0000000E00E
E0000000E00E
E0000000E00E
E0000000E00E
E0000000E00E
E0000001E00E
E0000001C00E
E0000003C00E
E0000007C00E
E000000F800E
E000001F000E
E00000FE000E
FFFFFFF8000E
FFFFFFE0000E
7FFFFF00000E
ENDCHAR
STARTCHAR uni042C
ENCODING 1068
SWIDTH 649 0
DWIDTH 49 0
BBX 38 53 7 0
BITMAP
E000000000
E000000000
E000000000
E000000000
E000000000
E000000000
E000000000
E000000000
E000000000
E000000000
E000000000
E000000000
E000000000
E000000000
E000000000
E000000000
E000000000
E000000000
E000000000
E000000000
E000000000
E000000000
E000000000
E000000000
E000000000
FFFFFFF000
FFFFFFFE00
FFFFFFFF00
E000001FC0
E0000003E0
E0000001E0
E0000000F0
E000000078
E000000078
E000000038
E000000038
E00000003C
E00000003C
E00000003C
E00000003C
E00000003C
E000000038
E000000038
E000000038
E000000078
E0000000F0
E0000000F0
E0000001E0
E0000007C0
E000003F80
FFFFFFFF00
FFFFFFFC00
7FFFFFC000
ENDCHAR
STARTCHAR uni042D
ENCODING 1069
SWIDTH 667 0
DWIDTH 50 0
BBX 41 54 4 -1
BITMAP
001FFF800000
00FFFFF00000
07FFFFFC0000
0FE0007F0000
3F80001F8000
7E000007C000
F8000003E000
E0000001F000
C0000000F000
000000007800
000000003C00
000000003C00
000000001C00
000000001E00
000000000E00
000000000F00
000000000F00
000000000700
000000000700
000000000700
000000000780
000000000780
000000000780
000000000380
000000000380
007FFFFFFF80
00FFFFFFFF80
003FFFFFFF80
000000000380
000000000380
000000000780
000000000780
000000000780
000000000700
000000000700
000000000700
000000000F00
000000000F00
000000000E00
000000001E00
000000001C00
000000003C00
000000003800
000000007800
C0000000F000
E0000001F000
F0000003E000
7C000007C000
3F00001F8000
1FC0007E0000
07FFBFFC0000
01FFFFF00000
007FFF800000
0000E0000000
ENDCHAR
STARTCHAR uni042E
ENCODING 1070
SWIDTH 984 0
DWIDTH 74 0
BBX 62 54 7 -1
BITMAP
E0000000FFFC0000
E0000007FFFF8000
E000000FFFFFE000
E000003F8007F000
E000007C0000FC00
E00000F800003E00
E00001E000001F00
E00003C000000F00
E000078000000780
E0000780000003C0
E0000F00000001C0
E0000E00000001E0
E0001E00000000E0
E0001C00000000F0
E0003C0000000070
E0003C0000000070
E000380000000078
E000380000000078
E000780000000038
E000780000000038
E000700000000038
E00070000000003C
E00070000000003C
E00070000000003C
E00070000000003C
FFFFF0000000003C
FFFFF0000000003C
FFFFF0000000003C
E00070000000003C
E00070000000003C
E00070000000003C
E00070000000003C
E000700000000038
E000780000000038
E000780000000038
E000380000000078
E000380000000078
E0003C0000000070
E0003C0000000070
E0001C00000000F0
E0001E00000000E0
E0000E00000001E0
E0000F00000001C0
E0000700000003C0
E000078000000780
E00003C000000F00
E00001E000001F00
E00000F800003E00
E000007C0000FC00
E000003F8003F000
E000001FFEFFE000
E0000007FFFF8000
E0000000FFFE0000
0000000003400000
ENDCHAR
STARTCHAR uni042F
ENCODING 1071
SWIDTH 654 0
DWIDTH 49 0
BBX 38 53 4 0
BITMAP
0003FFFFF8
003FFFFFFC
00FFFFFFFC
01FC00001C
07E000001C
0F8000001C
0F0000001C
1E0000001C
1C0000001C
3C0000001C
380000001C
380000001C
380000001C
380000001C
380000001C
380000001C
380000001C
380000001C
380000001C
3C0000001C
3C0000001C
1E0000001C
1E0000001C
0F0000001C
07C000001C
03F000001C
01FF00001C
007FFFFFFC
000FFFFFFC
0003FFFFFC
000FC0001C
001F00001C
001E00001C
003C00001C
007800001C
007000001C
00F000001C
00E000001C
01E000001C
01C000001C
03C000001C
038000001C
078000001C
070000001C
0F0000001C
1E0000001C
1C0000001C
3C0000001C
380000001C
780000001C
700000001C
F00000001C
E00000001C
ENDCHAR
STARTCHAR uni0430
ENCODING 1072
SWIDTH 520 0
DWIDTH 39 0
BBX 28 38 5 -1
BITMAP
001FE000
01FFFC00
07FFFF00
1FE01F80
3F000780
3C0003C0
100001C0
000001E0
000000E0
000000E0
000000E0
000000E0
000000F0
000000F0
000000F0
000000F0
00003FF0
00FFFFF0
07FFFFF0
1FFC00F0
3F0000F0
7C0000F0
780000F0
F00000F0
F00000F0
F00000F0
E00000F0
F00001F0
F00001F0
F00003F0
700003F0
780007F0
3C000EF0
1E003CF0
0FC1F8F0
07FFF0F0
01FFC060
000E0000
ENDCHAR
STARTCHAR uni0431
ENCODING 1073
SWIDTH 544 0
DWIDTH 41 0
BBX 33 55 4 -1
BITMAP
0000000800
0000007C00
000003FC00
00003FF800
0001FFC000
0007FC0000
001FE00000
007F000000
00F8000000
03E0000000
07C0000000
0780000000
0F00000000
1E00000000
1C00000000
3C00000000
3800000000
3807F00000
703FFE0000
70FFFF8000
71F80FE000
73C001F000
778000F800
EF00007800
EE00003C00
FC00001C00
F800001E00
F800000E00
F000000F00
F000000700
F000000700
F000000700
F000000700
E000000700
E000000780
E000000780
E000000780
E000000780
F000000700
7000000700
7000000700
7000000700
7000000F00
7800000F00
3800000E00
3C00001E00
1C00001C00
1E00003C00
0F00007800
078000F000
07E003E000
01FC3FC000
00FFFF8000
003FFE0000
0001E00000
ENDCHAR
STARTCHAR uni0432
ENCODING 1074
SWIDTH 528 0
DWIDTH 40 0
BBX 29 36 7 0
BITMAP
FFFFF800
FFFFFF00
E0007F80
E00007C0
E00003C0
E00001E0
E00000E0
E00000E0
E00000E0
E00000F0
E00000E0
E00000E0
E00000E0
E00001C0
E00003C0
E0000F80
FFFFFE00
FFFFFC00
FFFFFF00
E00007C0
E00001E0
E00000E0
E0000070
E0000070
E0000070
E0000078
E0000078
E0000078
E0000070
E0000070
E00000F0
E00001E0
E00007C0
FFFFFF80
FFFFFF00
FFFFF800
ENDCHAR
STARTCHAR uni0433
ENCODING 1075
SWIDTH 415 0
DWIDTH 31 0
BBX 24 36 7 0
BITMAP
FFFFFF
FFFFFF
E00000
E00000
E00000
E00000
E00000
E00000
E00000
E00000
E00000
E00000
E00000
E00000
E00000
E00000
E00000
E00000
E00000
E00000
E00000
E00000
E00000
E00000
E00000
E00000
E00000
E00000
E00000
E00000
E00000
E00000
E00000
E00000
E00000
E00000
ENDCHAR
STARTCHAR uni0434
ENCODING 1076
SWIDTH 569 0
DWIDTH 43 0
BBX 38 46 2 -10
BITMAP
007FFFFF00
007FFFFF80
0070000780
0070000780
0070000780
0070000780
0070000780
0070000780
0070000780
0070000780
0070000780
0070000780
0070000780
0070000780
0070000780
0070000780
0070000780
0070000780
0070000780
0070000780
00E0000780
00E0000780
00E0000780
00E0000780
00E0000780
01C0000780
01C0000780
01C0000780
0380000780
0380000780
0780000780
0700000780
0F00000780
7FFFFFFFF8
FFFFFFFFFC
FFFFFFFFFC
E00000001C
E00000001C
E00000001C
E00000001C
E00000001C
E00000001C
E00000001C
E00000001C
E00000001C
E00000001C
ENDCHAR
STARTCHAR uni0435
ENCODING 1077
SWIDTH 529 0
DWIDTH 40 0
BBX 32 38 4 -1
BITMAP
0007F800
003FFF00
00FFFF80
01F807E0
03C001F0
07800070
0F000038
1E00003C
1C00001C
3800001E
3800000E
7800000E
7000000E
70000007
70000007
F0000007
F0000007
FFFFFFFF
FFFFFFFF
E0000000
E0000000
F0000000
F0000000
70000000
70000000
70000000
78000000
38000000
3C000000
1C000000
1E000000
0F00000E
0780003E
03E000FC
01FE0FF8
007FFFE0
001FFF00
0000E000
ENDCHAR
STARTCHAR uni0436
ENCODING 1078
SWIDTH 748 0
DWIDTH 56 0
BBX 54 37 1 0
BITMAP
08000010000040
1C0000380000E0
1E0000780001E0
0F0000780003C0
07000078000380
07800078000780
03C00078000F00
01E00078001E00
00F00078003C00
00700078003800
00380078007800
003C007800F000
001E007801E000
000F007803C000
00078078038000
00038078070000
0003C0780F0000
0003FFFFFF0000
000FFFFFFFC000
001FFFFFFFE000
003E007801F000
00780078007800
00700078003800
00E00078001C00
01E00078001E00
01C00078000E00
03800078000700
07800078000780
07000078000380
0F0000780003C0
0E0000780001E0
1C0000780000E0
3C0000780000F0
38000078000070
78000078000038
F000007800003C
E000003800001C
ENDCHAR
STARTCHAR uni0437
ENCODING 1079
SWIDTH 477 0
DWIDTH 36 0
BBX 29 38 3 -1
BITMAP
003FE000
03FFFC00
0FFFFF00
3FC01F80
7E0007C0
F80001E0
600001E0
000000E0
000000E0
000000F0
000000F0
000000F0
000000E0
000000E0
000001E0
000003C0
00000F80
007FFF00
007FFC00
007FFF00
000007C0
000001E0
000000F0
00000070
00000070
00000078
00000078
00000078
00000078
00000078
40000070
E00000F0
F80001E0
7E0007C0
3FF0FFC0
0FFFFF00
01FFFC00
00070000
ENDCHAR
STARTCHAR uni0438
ENCODING 1080
SWIDTH 566 0
DWIDTH 42 0
BBX 29 37 7 0
BITMAP
C0000030
E0000078
E0000078
E00000F8
E00001F8
E00003F8
E00003B8
E0000738
E0000F38
E0001E38
E0001C38
E0003838
E0007838
E000F038
E000E038
E001C038
E003C038
E0078038
E0070038
E00F0038
E01E0038
E03C0038
E0380038
E0780038
E0F00038
E1E00038
E1C00038
E3C00038
E7800038
EF000038
EE000038
FE000038
FC000038
F8000038
F0000038
F0000038
E0000038
ENDCHAR
STARTCHAR uni0439
ENCODING 1081
SWIDTH 566 0
DWIDTH 42 0
BBX 29 51 7 0
BITMAP
380001C0
380001C0
1C0003C0
1E000380
0E000780
07800F00
03C03E00
01FFFC00
00FFF000
001F8000
00000000
00000000
00000000
00000000
C0000030
E0000078
E0000078
E00000F8
E00001F8
E00003F8
E00003B8
E0000738
E0000F38
E0001E38
E0001C38
E0003838
E0007838
E000F038
E000E038
E001C038
E003C038
E0078038
E0070038
E00F0038
E01E0038
E03C0038
E0380038
E0780038
E0F00038
E1E00038
E1C00038
E3C00038
E7800038
EF000038
EE000038
FE000038
FC000038
F8000038
F0000038
F0000038
E0000038
ENDCHAR
STARTCHAR uni043A
ENCODING 1082
SWIDTH 497 0
DWIDTH 37 0
BBX 29 37 7 0
BITMAP
40000080
E00001C0
E00003C0
E0000380
E0000780
E0000F00
E0001E00
E0003C00
E0003800
E0007800
E000F000
E001E000
E003C000
E0038000
E0070000
E00F0000
E01E0000
FFFE0000
FFFF8000
FFFFC000
E003E000
E000F000
E0007800
E0003800
E0003C00
E0001E00
E0000E00
E0000F00
E0000700
E0000380
E00003C0
E00001C0
E00000E0
E00000F0
E0000070
E0000078
E0000038
ENDCHAR
STARTCHAR uni043B
ENCODING 1083
SWIDTH 554 0
DWIDTH 42 0
BBX 33 36 2 0
BITMAP
007FFFFF80
007FFFFF80
0070000380
0070000380
0070000380
0070000380
0070000380
0070000380
0070000380
0070000380
0070000380
0070000380
0070000380
0070000380
0070000380
0070000380
0070000380
0070000380
0070000380
0070000380
00F0000380
00E0000380
00E0000380
00E0000380
00E0000380
01E0000380
01C0000380
01C0000380
0380000380
0780000380
0700000380
0F00000380
1E00000380
7C00000380
F800000380
F000000380
ENDCHAR
STARTCHAR uni043C
ENCODING 1084
SWIDTH 636 0
DWIDTH 48 0
BBX 34 37 7 0
BITMAP
C000000080
E0000001C0
E0000003C0
F0000003C0
F0000007C0
F8000007C0
F800000FC0
DC00000FC0
DC00001FC0
CE00001DC0
CF000039C0
C7000039C0
C7800071C0
C38000F1C0
C1C000E1C0
C1C001E1C0
C0E001C1C0
C0E00381C0
C0700381C0
C0700701C0
C0380701C0
C03C0E01C0
C01C0E01C0
C00E1C01C0
C00E3C01C0
C0073801C0
C0077001C0
C003F001C0
C003E001C0
C001E001C0
C001C001C0
C0008001C0
C0000001C0
C0000001C0
C0000001C0
C0000001C0
C0000001C0
ENDCHAR
STARTCHAR uni043D
ENCODING 1085
SWIDTH 568 0
DWIDTH 43 0
BBX 29 37 7 0
BITMAP
C0000010
E0000038
E0000038
E0000038
E0000038
E0000038
E0000038
E0000038
E0000038
E0000038
E0000038
E0000038
E0000038
E0000038
E0000038
E0000038
E0000038
FFFFFFF8
FFFFFFF8
FFFFFFF8
E0000038
E0000038
E0000038
E0000038
E0000038
E0000038
E0000038
E0000038
E0000038
E0000038
E0000038
E0000038
E0000038
E0000038
E0000038
E0000038
E0000038
ENDCHAR
STARTCHAR uni043E
ENCODING 1086
SWIDTH 544 0
DWIDTH 41 0
BBX 33 38 4 -1
BITMAP
0007F00000
003FFE0000
00FFFF8000
03F80FC000
07C001F000
0F8000F000
0F00007800
1E00003C00
3C00001C00
3800001E00
3800000E00
7800000F00
7000000700
7000000700
F000000700
F000000700
F000000700
E000000780
E000000780
E000000780
E000000780
F000000700
F000000700
7000000700
7000000700
7000000F00
7800000F00
3800000E00
3C00001E00
1C00001C00
1E00003C00
0F00007800
078000F000
03E003E000
01FE3FC000
00FFFF8000
003FFE0000
0001800000
ENDCHAR
STARTCHAR uni043F
ENCODING 1087
SWIDTH 565 0
DWIDTH 42 0
BBX 29 36 7 0
BITMAP
FFFFFFF8
FFFFFFF8
E0000038
E0000038
E0000038
E0000038
E0000038
E0000038
E0000038
E0000038
E0000038
E0000038
E0000038
E0000038
E0000038
E0000038
E0000038
E0000038
E0000038
E0000038
E0000038
E0000038
E0000038
E0000038
E0000038
E0000038
E0000038
E0000038
E0000038
E0000038
E0000038
E0000038
E0000038
E0000038
E0000038
E0000038
ENDCHAR
STARTCHAR uni0440
ENCODING 1088
SWIDTH 574 0
DWIDTH 43 0
BBX 32 51 7 -14
BITMAP
C00FF000
E07FFE00
E1FFFF00
E3F01FC0
E78003E0
EF0001F0
FE0000F8
FC000078
F800003C
F800001C
F000001E
F000000E
E000000E
E000000E
E000000F
E000000F
E0000007
E0000007
E0000007
E0000007
E0000007
E000000F
E000000F
E000000E
E000000E
F000000E
F000001E
F000001C
F800003C
F800003C
FC000078
EE0000F0
EF0001F0
E7C007E0
E3FC7F80
E0FFFF00
E03FFC00
E0038000
E0000000
E0000000
E0000000
E0000000
E0000000
E0000000
E0000000
E0000000
E0000000
E0000000
E0000000
E0000000
C0000000
ENDCHAR
STARTCHAR uni0441
ENCODING 1089
SWIDTH 461 0
DWIDTH 35 0
BBX 28 38 4 -1
BITMAP
0007F000
003FFF00
00FFFF80
03F80FE0
07C001F0
0F8000F0
1E000030
1E000000
3C000000
38000000
78000000
70000000
70000000
70000000
F0000000
F0000000
E0000000
E0000000
E0000000
E0000000
E0000000
F0000000
F0000000
70000000
70000000
70000000
78000000
38000000
3C000000
1C000000
1E000000
0F000070
078000F0
03E003F0
01FE1FC0
00FFFF80
003FFE00
0003E000
ENDCHAR
STARTCHAR uni0442
ENCODING 1090
SWIDTH 418 0
DWIDTH 31 0
BBX 32 36 0 0
BITMAP
FFFFFFFE
FFFFFFFF
00038000
00038000
00038000
00038000
00038000
00038000
00038000
00038000
00038000
00038000
00038000
00038000
00038000
00038000
00038000
00038000
00038000
00038000
00038000
00038000
00038000
00038000
00038000
00038000
00038000
00038000
00038000
00038000
00038000
00038000
00038000
00038000
00038000
00038000
ENDCHAR
STARTCHAR uni0443
ENCODING 1091
SWIDTH 510 0
DWIDTH 38 0
BBX 34 51 2 -14
BITMAP
6000000180
F0000001C0
70000003C0
7800000380
7800000780
3800000700
3C00000F00
1C00000E00
1E00000E00
0E00001E00
0E00001C00
0F00003C00
0700003800
0780003800
0380007000
03C0007000
01C000F000
01C000E000
01E001E000
00E001C000
00F001C000
007003C000
0070038000
0078078000
0038070000
003C070000
001C0E0000
001E0E0000
000E1E0000
000E1C0000
000F3C0000
0007380000
0007B80000
0003F00000
0003F00000
0001F00000
0001E00000
0001E00000
0001C00000
0003C00000
0003800000
0007800000
0007800000
0007000000
000F000000
000E000000
001E000000
001C000000
003C000000
003C000000
0018000000
ENDCHAR
STARTCHAR uni0444
ENCODING 1092
SWIDTH 756 0
DWIDTH 57 0
BBX 49 67 4 -14
BITMAP
000001C0000000
000001C0000000
000001C0000000
000001C0000000
000001C0000000
000001C0000000
000001C0000000
000001C0000000
000001C0000000
000001C0000000
000001C0000000
000001C0000000
000001C0000000
000001C0000000
000001C0000000
000001C0000000
003F01C07E0000
01FFC1C3FF8000
03FFF1C7FFE000
07C0F9CF81F000
0F0039DE00F800
1E001DDC007800
1C000DF8003C00
3C000FF0001C00
380007F0001E00
780007E0000E00
700003E0000E00
700003E0000F00
700003C0000700
700003C0000700
F00001C0000700
E00001C0000700
E00001C0000700
E00001C0000700
E00001C0000780
E00001C0000700
E00001C0000700
E00001C0000700
F00001C0000700
F00001C0000700
700003C0000700
700003C0000700
700003E0000F00
700003E0000E00
380007E0000E00
380007F0001E00
3C000FF0001C00
1E000DF8003C00
0E001DDC007800
0F8039CE00F000
07F1F1CF87F000
03FFE1C7FFC000
00FFC1C1FF8000
000E01C0180000
000001C0000000
000001C0000000
000001C0000000
000001C0000000
000001C0000000
000001C0000000
000001C0000000
000001C0000000
000001C0000000
000001C0000000
000001C0000000
000001C0000000
000001C0000000
ENDCHAR
STARTCHAR uni0445
ENCODING 1093
SWIDTH 512 0
DWIDTH 38 0
BBX 32 38 3 -1
BITMAP
30000006
7800000E
3800001E
3C00003C
1E000078
0F000070
078000F0
038001E0
03C003C0
01E00780
00F00700
00780F00
00381E00
003C3C00
001E7800
000F7000
0007F000
0003E000
0003C000
0007E000
000FF000
000F7800
001E3800
003C3C00
00781E00
00700F00
00F00780
01E00380
03C003C0
078001E0
070000F0
0F000078
1E000038
3C00003C
7800001E
7000000F
F0000007
40000002
ENDCHAR
STARTCHAR uni0446
ENCODING 1094
SWIDTH 575 0
DWIDTH 43 0
BBX 34 47 7 -10
BITMAP
C000006000
E000007000
E000007000
E000007000
E000007000
E000007000
E000007000
E000007000
E000007000
E000007000
E000007000
E000007000
E000007000
E000007000
E000007000
E000007000
E000007000
E000007000
E000007000
E000007000
E000007000
E000007000
E000007000
E000007000
E000007000
E000007000
E000007000
E000007000
E000007000
E000007000
E000007000
E000007000
E000007000
E000007000
FFFFFFFF80
FFFFFFFF80
FFFFFFFFC0
00000001C0
00000001C0
00000001C0
00000001C0
00000001C0
00000001C0
00000001C0
00000001C0
00000001C0
0000000180
ENDCHAR
STARTCHAR uni0447
ENCODING 1095
SWIDTH 532 0
DWIDTH 40 0
BBX 28 37 5 0
BITMAP
40000020
E0000070
E0000070
E0000070
E0000070
E0000070
E0000070
E0000070
E0000070
E0000070
E0000070
E0000070
E0000070
F0000070
F0000070
70000070
78000070
78000070
3C0000F0
1E0003F0
0FC00FF0
07FFFF70
03FFFC70
007FE070
00000070
00000070
00000070
00000070
00000070
00000070
00000070
00000070
00000070
00000070
00000070
00000070
00000070
ENDCHAR
STARTCHAR uni0448
ENCODING 1096
SWIDTH 770 0
DWIDTH 58 0
BBX 44 37 7 0
BITMAP
C00006000030
E0000E000070
E0000E000070
E0000E000070
E0000E000070
E0000E000070
E0000E000070
E0000E000070
E0000E000070
E0000E000070
E0000E000070
E0000E000070
E0000E000070
E0000E000070
E0000E000070
E0000E000070
E0000E000070
E0000E000070
E0000E000070
E0000E000070
E0000E000070
E0000E000070
E0000E000070
E0000E000070
E0000E000070
E0000E000070
E0000E000070
E0000E000070
E0000E000070
E0000E000070
E0000E000070
E0000E000070
E0000E000070
E0000E000070
FFFFFFFFFFF0
FFFFFFFFFFF0
FFFFFFFFFFF0
ENDCHAR
STARTCHAR uni0449
ENCODING 1097
SWIDTH 790 0
DWIDTH 59 0
BBX 50 47 7 -10
BITMAP
C0000600003000
E0000E00007000
E0000E00007000
E0000E00007000
E0000E00007000
E0000E00007000
E0000E00007000
E0000E00007000
E0000E00007000
E0000E00007000
E0000E00007000
E0000E00007000
E0000E00007000
E0000E00007000
E0000E00007000
E0000E00007000
E0000E00007000
E0000E00007000
E0000E00007000
E0000E00007000
E0000E00007000
E0000E00007000
E0000E00007000
E0000E00007000
E0000E00007000
E0000E00007000
E0000E00007000
E0000E00007000
E0000E00007000
E0000E00007000
E0000E00007000
E0000E00007000
E0000E00007000
E0000E00007000
FFFFFFFFFFFF80
FFFFFFFFFFFFC0
FFFFFFFFFFFFC0
000000000001C0
000000000001C0
000000000001C0
000000000001C0
000000000001C0
000000000001C0
000000000001C0
000000000001C0
000000000001C0
000000000001C0
ENDCHAR
STARTCHAR uni044A
ENCODING 1098
SWIDTH 598 0
DWIDTH 45 0
BBX 41 36 0 0
BITMAP
FFFE00000000
FFFE00000000
000E00000000
000E00000000
000E00000000
000E00000000
000E00000000
000E00000000
000E00000000
000E00000000
000E00000000
000E00000000
000E00000000
000FFFF00000
000FFFFFC000
000FFFFFF000
000E0001FC00
000E00003E00
000E00000F00
000E00000F00
000E00000780
000E00000780
000E00000380
000E00000380
000E00000380
000E00000380
000E00000380
000E00000380
000E00000780
000E00000700
000E00000F00
000E00001E00
000E00007C00
000FFFFFF800
000FFFFFF000
0007FFFF0000
ENDCHAR
STARTCHAR uni044B
ENCODING 1099
SWIDTH 689 0
DWIDTH 52 0
BBX 38 37 7 0
BITMAP
C000000008
E00000001C
E00000001C
E00000001C
E00000001C
E00000001C
E00000001C
E00000001C
E00000001C
E00000001C
E00000001C
E00000001C
E00000001C
E00000001C
FFFE00001C
FFFFFC001C
FFFFFF001C
E0003F801C
E00007C01C
E00001E01C
E00000F01C
E00000F01C
E00000701C
E00000701C
E00000781C
E00000781C
E00000781C
E00000781C
E00000701C
E00000701C
E00000F01C
E00001E01C
E00003E01C
E0000FC01C
FFFFFF801C
FFFFFE001C
FFFFF0001C
ENDCHAR
STARTCHAR uni044C
ENCODING 1100
SWIDTH 523 0
DWIDTH 39 0
BBX 29 37 7 0
BITMAP
C0000000
E0000000
E0000000
E0000000
E0000000
E0000000
E0000000
E0000000
E0000000
E0000000
E0000000
E0000000
E0000000
E0000000
FFFE0000
FFFFFC00
FFFFFF00
E0003F80
E00007C0
E00001E0
E00000F0
E00000F0
E0000070
E0000070
E0000078
E0000078
E0000078
E0000078
E0000070
E0000070
E00000F0
E00001E0
E00003E0
E0000FC0
FFFFFF80
FFFFFE00
FFFFF000
ENDCHAR
STARTCHAR uni044D
ENCODING 1101
SWIDTH 471 0
DWIDTH 35 0
BBX 29 38 2 -1
BITMAP
007F8000
03FFF000
0FFFFC00
3F807E00
7C001F00
F0000780
E00003C0
000001E0
000001E0
000000F0
000000F0
00000070
00000070
00000078
00000038
00000038
00000038
03FFFFF8
03FFFFF8
01FFFFF8
00000038
00000038
00000038
00000078
00000078
00000070
00000070
000000F0
000000E0
000001E0
400003C0
E0000780
F8000F80
7E001F00
3FE3FE00
0FFFF800
03FFE000
001E0000
ENDCHAR
STARTCHAR uni044E
ENCODING 1102
SWIDTH 727 0
DWIDTH 55 0
BBX 43 38 7 -1
BITMAP
C00001FE0000
E0000FFFC000
E0003FFFF000
E0007E01F800
E000F8007C00
E001E0001E00
E003C0000F00
E00380000780
E00780000380
E007000003C0
E00F000001C0
E00E000001C0
E00E000001E0
E01E000000E0
E01C000000E0
E01C000000E0
E01C000000E0
FFFC000000E0
FFFC000000E0
FFFC000000E0
E01C000000E0
E01C000000E0
E01C000000E0
E01E000000E0
E01E000001E0
E00E000001E0
E00E000001C0
E00F000003C0
E00700000380
E00780000780
E003C0000700
E003E0000F00
E001F0003E00
E000FC007C00
E0007F8FF800
E0001FFFE000
E00007FF8000
000000700000
ENDCHAR
STARTCHAR uni044F
ENCODING 1103
SWIDTH 520 0
DWIDTH 39 0
BBX 27 36 5 0
BITMAP
01FFFFE0
07FFFFE0
1FF000E0
3E0000E0
3C0000E0
780000E0
700000E0
700000E0
F00000E0
F00000E0
E00000E0
F00000E0
F00000E0
700000E0
780000E0
780000E0
3C0000E0
1F0000E0
0FFFFFE0
03FFFFE0
007FFFE0
007C00E0
01F000E0
03E000E0
07C000E0
078000E0
0F0000E0
0E0000E0
1E0000E0
3C0000E0
3C0000E0
780000E0
780000E0
F00000E0
E00000E0
E00000E0
ENDCHAR
STARTCHAR uni0450
ENCODING 1104
SWIDTH 529 0
DWIDTH 40 0
BBX 32 58 4 -1
BITMAP
00C00000
01E00000
00E00000
00F00000
00700000
00780000
00380000
001C0000
001E0000
000E0000
000F0000
00070000
00038000
00038000
0001C000
0001C000
00000000
00000000
00000000
00000000
0007F800
003FFF00
00FFFF80
01F807E0
03C001F0
07800070
0F000038
1E00003C
1C00001C
3800001E
3800000E
7800000E
7000000E
70000007
70000007
F0000007
F0000007
FFFFFFFF
FFFFFFFF
E0000000
E0000000
F0000000
F0000000
70000000
70000000
70000000
78000000
38000000
3C000000
1C000000
1E000000
0F00000E
0780003E
03E000FC
01FE0FF8
007FFFE0
001FFF00
0000E000
ENDCHAR
STARTCHAR uni0451
ENCODING 1105
SWIDTH 529 0
DWIDTH 40 0
BBX 32 52 4 -1
BITMAP
00780780
00780780
00F807C0
00780780
00300300
00000000
00000000
00000000
00000000
00000000
00000000
00000000
00000000
00000000
0007F800
003FFF00
00FFFF80
01F807E0
03C001F0
07800070
0F000038
1E00003C
1C00001C
3800001E
3800000E
7800000E
7000000E
70000007
70000007
F0000007
F0000007
FFFFFFFF
FFFFFFFF
E0000000
E0000000
F0000000
F0000000
70000000
70000000
70000000
78000000
38000000
3C000000
1C000000
1E000000
0F00000E
0780003E
03E000FC
01FE0FF8
007FFFE0
001FFF00
0000E000
ENDCHAR
STARTCHAR uni0452
ENCODING 1106
SWIDTH 559 0
DWIDTH 42 0
BBX 36 67 -1 -14
BITMAP
00E0000000
00E0000000
00E0000000
00E0000000
00E0000000
00E0000000
00E0000000
00E0000000
FFFFFF8000
FFFFFFC000
7FFFFFC000
00E0000000
00E0000000
00E0000000
00E0000000
00E0000000
00E00FF000
00E07FFC00
00E1FFFF00
00E3F01F80
00E78003C0
00EE0001E0
00FC0000E0
00F80000F0
00F80000F0
00F0000070
00F0000070
00E0000070
00E0000070
00E0000070
00E0000070
00E0000070
00E0000070
00E0000070
00E0000070
00E0000070
00E0000070
00E0000070
00E0000070
00E0000070
00E0000070
00E0000070
00E0000070
00E0000070
00E0000070
00E0000070
00E0000070
00E0000070
00E0000070
00E0000070
00E0000070
00E0000070
00E0000070
0000000070
0000000070
0000000070
00000000F0
00000000E0
00000000E0
00000001E0
00000003C0
0000000780
0000001F80
0000007E00
000001FC00
000001F000
0000018000
ENDCHAR
STARTCHAR uni0453
ENCODING 1107
SWIDTH 415 0
DWIDTH 31 0
BBX 24 57 7 0
BITMAP
000060
0000F0
0000F0
0001E0
0001E0
0003C0
000380
000780
000700
000F00
000E00
001C00
001C00
003800
003800
003000
000000
000000
000000
000000
000000
FFFFFF
FFFFFF
E00000
E00000
E00000
E00000
E00000
E00000
E00000
E00000
E00000
E00000
E00000
E00000
E00000
E00000
E00000
E00000
E00000
E00000
E00000
E00000
E00000
E00000
E00000
E00000
E00000
E00000
E00000
E00000
E00000
E00000
E00000
E00000
E00000
E00000
ENDCHAR
STARTCHAR uni0454
ENCODING 1108
SWIDTH 471 0
DWIDTH 35 0
BBX 29 38 4 -1
BITMAP
0007F800
003FFF00
00FFFFC0
03F80FF0
07C001F8
0F800078
1E000038
1E000000
3C000000
38000000
78000000
78000000
70000000
70000000
F0000000
F0000000
E0000000
FFFFFE00
FFFFFE00
FFFFFE00
E0000000
F0000000
F0000000
70000000
70000000
70000000
78000000
38000000
3C000000
1C000000
1E000010
0F000038
07800078
03E001F0
01FE1FE0
00FFFFC0
003FFE00
0003C000
ENDCHAR
STARTCHAR uni0455
ENCODING 1109
SWIDTH 481 0
DWIDTH 36 0
BBX 28 38 4 -1
BITMAP
001FE000
00FFFC00
03FFFF00
07E03F80
0F0007C0
1E0001E0
3C0000E0
3C000000
38000000
38000000
38000000
38000000
38000000
3C000000
1E000000
1F000000
0FC00000
07FC0000
01FFC000
003FF800
0003FE00
00003F80
000007C0
000003E0
000001E0
000000E0
000000E0
000000F0
000000E0
000000E0
000000E0
700001E0
F80003C0
7E000F80
1FF0FF00
0FFFFE00
01FFF800
00070000
ENDCHAR
STARTCHAR uni0456
ENCODING 1110
SWIDTH 218 0
DWIDTH 16 0
BBX 5 51 6 0
BITMAP
F0
F8
F8
F8
70
00
00
00
00
00
00
00
00
00
20
70
70
70
70
70
70
70
70
70
70
70
70
70
70
70
70
70
70
70
70
70
70
70
70
70
70
70
70
70
70
70
70
70
70
70
70
ENDCHAR
STARTCHAR uni0457
ENCODING 1111
SWIDTH 218 0
DWIDTH 16 0
BBX 17 51 0 0
BITMAP
F00F00
F80F80
F80F80
F00F00
600600
000000
000000
000000
000000
000000
000000
000000
000000
000000
008000
01C000
01C000
01C000
01C000
01C000
01C000
01C000
01C000
01C000
01C000
01C000
01C000
01C000
01C000
01C000
01C000
01C000
01C000
01C000
01C000
01C000
01C000
01C000
01C000
01C000
01C000
01C000
01C000
01C000
01C000
01C000
01C000
01C000
01C000
01C000
01C000
ENDCHAR
STARTCHAR uni0458
ENCODING 1112
SWIDTH 221 0
DWIDTH 17 0
BBX 15 65 -4 -14
BITMAP
003E
003E
003E
003E
001C
0000
0000
0000
0000
0000
0000
0000
0000
0000
0008
001C
001C
001C
001C
001C
001C
001C
001C
001C
001C
001C
001C
001C
001C
001C
001C
001C
001C
001C
001C
001C
001C
001C
001C
001C
001C
001C
001C
001C
001C
001C
001C
001C
001C
001C
001C
001C
001C
001C
001C
001C
003C
0038
0038
0078
00F0
03E0
3FC0
FF80
FE00
ENDCHAR
STARTCHAR uni0459
ENCODING 1113
SWIDTH 859 0
DWIDTH 64 0
BBX 59 36 2 0
BITMAP
007FFFFF80000000
007FFFFF80000000
0070000380000000
0070000380000000
0070000380000000
0070000380000000
0070000380000000
0070000380000000
0070000380000000
0070000380000000
0070000380000000
0070000380000000
0070000380000000
00700003FFFC0000
00700003FFFFF000
00700003FFFFFC00
007000038000FE00
0070000380000F00
0070000380000780
00700003800003C0
00F00003800001C0
00E00003800001C0
00E00003800001E0
00E00003800001E0
00E00003800000E0
01E00003800001E0
01C00003800001E0
01C00003800001E0
03C00003800001C0
07800003800003C0
0780000380000380
0F00000380000F80
1E00000380003F00
7C000003FFFFFE00
F8000003FFFFF800
F0000003FFFFC000
ENDCHAR
STARTCHAR uni045A
ENCODING 1114
SWIDTH 873 0
DWIDTH 65 0
BBX 55 37 7 0
BITMAP
C0000010000000
E0000038000000
E0000038000000
E0000038000000
E0000038000000
E0000038000000
E0000038000000
E0000038000000
E0000038000000
E0000038000000
E0000038000000
E0000038000000
E0000038000000
E0000038000000
E000003FFFC000
E000003FFFFF00
E000003FFFFFC0
FFFFFFF80007E0
FFFFFFF80000F0
FFFFFFF8000078
E000003800003C
E000003800001C
E000003800001C
E000003800001E
E000003800000E
E000003800000E
E000003800000E
E000003800001E
E000003800001E
E000003800001C
E000003800003C
E000003800003C
E00000380000F8
E00000380001F0
E000003FFFFFE0
E000003FFFFF80
E000003FFFFC00
ENDCHAR
STARTCHAR uni045B
ENCODING 1115
SWIDTH 559 0
DWIDTH 42 0
BBX 36 53 -1 0
BITMAP
00E0000000
00E0000000
00E0000000
00E0000000
00E0000000
00E0000000
00E0000000
00E0000000
7FFFFF8000
FFFFFFC000
7FFFFF8000
00E0000000
00E0000000
00E0000000
00E0000000
00E0000000
00E00FF000
00E07FFC00
00E1FFFF00
00E3F01F80
00E78003C0
00EE0001E0
00FC0000E0
00F80000F0
00F80000F0
00F0000070
00F0000070
00E0000070
00E0000070
00E0000070
00E0000070
00E0000070
00E0000070
00E0000070
00E0000070
00E0000070
00E0000070
00E0000070
00E0000070
00E0000070
00E0000070
00E0000070
00E0000070
00E0000070
00E0000070
00E0000070
00E0000070
00E0000070
00E0000070
00E0000070
00E0000070
00E0000070
00E0000070
ENDCHAR
STARTCHAR uni045C
ENCODING 1116
SWIDTH 497 0
DWIDTH 37 0
BBX 29 57 7 0
BITMAP
00000C00
00000E00
00001E00
00001C00
00003C00
00003800
00007800
00007000
0000E000
0000E000
0001C000
0001C000
00038000
00070000
00070000
00060000
00000000
00000000
00000000
00000000
40000080
E00001C0
E00003C0
E0000380
E0000780
E0000F00
E0001E00
E0003C00
E0003800
E0007800
E000F000
E001E000
E003C000
E0038000
E0070000
E00F0000
E01E0000
FFFE0000
FFFF8000
FFFFC000
E003E000
E000F000
E0007800
E0003800
E0003C00
E0001E00
E0000E00
E0000F00
E0000700
E0000380
E00003C0
E00001C0
E00000E0
E00000F0
E0000070
E0000078
E0000038
ENDCHAR
STARTCHAR uni045D
ENCODING 1117
SWIDTH 566 0
DWIDTH 42 0
BBX 29 57 7 0
BITMAP
06000000
07000000
07800000
07800000
03C00000
01C00000
01E00000
00E00000
00F00000
00700000
00380000
00380000
001C0000
001C0000
000E0000
00060000
00000000
00000000
00000000
00000000
C0000030
E0000078
E0000078
E00000F8
E00001F8
E00003F8
E00003B8
E0000738
E0000F38
E0001E38
E0001C38
E0003838
E0007838
E000F038
E000E038
E001C038
E003C038
E0078038
E0070038
E00F0038
E01E0038
E03C0038
E0380038
E0780038
E0F00038
E1E00038
E1C00038
E3C00038
E7800038
EF000038
EE000038
FE000038
FC000038
F8000038
F0000038
F0000038
E0000038
ENDCHAR
STARTCHAR uni045E
ENCODING 1118
SWIDTH 510 0
DWIDTH 38 0
BBX 34 65 2 -14
BITMAP
0700003800
0700003800
0380007800
03C0007000
01C000E000
00E001E000
00F807C000
003FFF8000
001FFE0000
0003F80000
0000000000
0000000000
0000000000
0000000000
6000000180
F0000001C0
70000003C0
7800000380
7800000780
3800000700
3C00000F00
1C00000E00
1E00000E00
0E00001E00
0E00001C00
0F00003C00
0700003800
0780003800
0380007000
03C0007000
01C000F000
01C000E000
01E001E000
00E001C000
00F001C000
007003C000
0070038000
0078078000
0038070000
003C070000
001C0E0000
001E0E0000
000E1E0000
000E1C0000
000F3C0000
0007380000
0007B80000
0003F00000
0003F00000
0001F00000
0001E00000
0001E00000
0001C00000
0003C00000
0003800000
0007800000
0007800000
0007000000
000F000000
000E000000
001E000000
001C000000
003C000000
003C000000
0018000000
ENDCHAR
STARTCHAR uni045F
ENCODING 1119
SWIDTH 565 0
DWIDTH 42 0
BBX 29 47 7 -10
BITMAP
C0000030
E0000038
E0000038
E0000038
E0000038
E0000038
E0000038
E0000038
E0000038
E0000038
E0000038
E0000038
E0000038
E0000038
E0000038
E0000038
E0000038
E0000038
E0000038
E0000038
E0000038
E0000038
E0000038
E0000038
E0000038
E0000038
E0000038
E0000038
E0000038
E0000038
E0000038
E0000038
E0000038
E0000038
FFFFFFF8
FFFFFFF8
FFFFFFF0
00070000
00070000
00070000
00070000
00070000
00070000
00070000
00070000
00070000
00060000
ENDCHAR
STARTCHAR uni0462
ENCODING 1122
SWIDTH 707 0
DWIDTH 53 0
BBX 51 53 -2 0
BITMAP
00038000000000
00038000000000
00038000000000
00038000000000
00038000000000
00038000000000
00038000000000
00038000000000
00038000000000
FFFFFFFFE00000
FFFFFFFFE00000
FFFFFFFFE00000
00038000000000
00038000000000
00038000000000
00038000000000
00038000000000
00038000000000
00038000000000
00038000000000
00038000000000
00038000000000
00038000000000
00038000000000
00038000000000
0003FFFFFF8000
0003FFFFFFF000
0003FFFFFFFC00
00038000007E00
00038000001F00
00038000000F80
00038000000780
000380000003C0
000380000001C0
000380000001E0
000380000001E0
000380000000E0
000380000000E0
000380000000E0
000380000000E0
000380000000E0
000380000001E0
000380000001E0
000380000001C0
000380000003C0
000380000003C0
00038000000780
00038000000F00
00038000003F00
0003800001FC00
0003FFFFFFF800
0003FFFFFFE000
0003FFFFFE0000
ENDCHAR
STARTCHAR uni0463
ENCODING 1123
SWIDTH 598 0
DWIDTH 45 0
BBX 41 53 0 0
BITMAP
000E00000000
000E00000000
000E00000000
000E00000000
000E00000000
000E00000000
000E00000000
000E00000000
000E00000000
000E00000000
000E00000000
000E00000000
000E00000000
000E00000000
000E00000000
000E00000000
000E00000000
FFFFFFF00000
FFFFFFF00000
000E00000000
000E00000000
000E00000000
000E00000000
000E00000000
000E00000000
000E00000000
000E00000000
000E00000000
000E00000000
000E00000000
000FFFF00000
000FFFFFC000
000FFFFFF000
000E0001FC00
000E00003E00
000E00000F00
000E00000F00
000E00000780
000E00000780
000E00000380
000E00000380
000E00000380
000E00000380
000E00000380
000E00000380
000E00000780
000E00000700
000E00000F00
000E00001E00
000E00007C00
000FFFFFF800
000FFFFFF000
0007FFFF0000
ENDCHAR
STARTCHAR uni046A
ENCODING 1130
SWIDTH 908 0
DWIDTH 68 0
BBX 64 53 2 0
BITMAP
003FFFFFFFFFFC00
007FFFFFFFFFFE00
007FFFFFFFFFFE00
003C000000003C00
001E000000007800
000F00000000F000
000780000001E000
0003C0000003E000
0003E0000003C000
0001E00000078000
0000F000000F0000
00007800001E0000
00003C00003C0000
00001E0000780000
00000F0000F80000
00000F0000F00000
0000078001E00000
000003C003C00000
000001E007800000
000000F00F000000
000000781E000000
0000003C1E000000
0000003C3C000000
0000001E78000000
0000000FF0000000
00003FFFFFFC0000
0000FFFFFFFF0000
0003FFFFFFFFC000
0007C003C003E000
000F0003C000F000
001E0003C0007800
003C0003C0003C00
00780003C0001E00
00700003C0000E00
00F00003C0000F00
00E00003C0000700
01E00003C0000780
01C00003C0000380
03C00003C00003C0
03800003C00001C0
07800003C00001E0
07000003C00000E0
0F000003C00000F0
0E000003C0000070
1E000003C0000078
1C000003C0000038
3C000003C000003C
38000003C000001C
78000003C000001E
70000003C000000E
F0000003C000000F
E0000003C0000007
E0000001C0000007
ENDCHAR
STARTCHAR uni046B
ENCODING 1131
SWIDTH 748 0
DWIDTH 56 0
BBX 54 36 1 0
BITMAP
000FFFFFFFC000
000FFFFFFFC000
0007000003C000
00078000078000
0003C0000F0000
0001E0001E0000
0000F0003C0000
00007800780000
00003C00700000
00001C00E00000
00000E01E00000
00000F03C00000
00000787800000
000003CF000000
000001FE000000
000000FC000000
0003FFFFFF0000
000FFFFFFFC000
001FFFFFFFE000
003E007801F000
00780078007800
00700078003800
00F00078001C00
01E00078001E00
01C00078000E00
03800078000700
07800078000780
07000078000380
0F0000780003C0
0E0000780001E0
1C0000780000E0
3C0000780000F0
38000078000070
78000078000038
F000007800003C
E000003800001C
ENDCHAR
STARTCHAR uni0472
ENCODING 1138
SWIDTH 751 0
DWIDTH 56 0
BBX 46 54 5 -1
BITMAP
0000FFFC0000
0007FFFF8000
001FFFFFE000
003F8003F800
00FC0000FC00
01F000003E00
03E000001F00
03C000000780
078000000780
0F00000003C0
0E00000001E0
1E00000000E0
1C00000000F0
3C0000000070
380000000070
780000000078
780000000038
700000000038
70000000003C
70000000003C
F0000000003C
F0000000001C
F0000000001C
F0000000001C
E0000000001C
FFFFFFFFFFFC
FFFFFFFFFFFC
FFFFFFFFFFFC
E0000000001C
E0000000001C
F0000000001C
F0000000001C
F0000000003C
70000000003C
70000000003C
700000000038
780000000038
380000000078
380000000070
3C0000000070
1C00000000F0
1E00000000E0
0E00000001E0
0F00000003C0
078000000380
03C000000780
03E000000F00
01F000003E00
00FC0000FC00
003F0003F800
001FFEFFE000
0007FFFF8000
0001FFFE0000
000003400000
ENDCHAR
STARTCHAR uni0473
ENCODING 1139
SWIDTH 544 0
DWIDTH 41 0
BBX 33 38 4 -1
BITMAP
0007F00000
003FFE0000
00FFFF8000
03F80FC000
07C001F000
0F8000F000
0F00007800
1E00003C00
3C00001C00
3800001E00
3800000E00
7800000F00
7000000700
7000000700
7000000700
F000000700
F000000700
FFFFFFFF80
FFFFFFFF80
FFFFFFFF80
E000000780
F000000700
F000000700
7000000700
7000000700
7000000F00
7800000F00
3800000E00
3C00001E00
1C00001C00
1E00003C00
0F00007800
078000F000
03E003E000
01FE3FC000
00FFFF8000
003FFE0000
0001800000
ENDCHAR
STARTCHAR uni0474
ENCODING 1140
SWIDTH 719 0
DWIDTH 54 0
BBX 56 53 1 0
BITMAP
E000000000007F
F00000000001FF
700000000007F8
70000000000F80
38000000001F00
38000000001E00
3C000000003C00
1C000000007800
1E000000007800
0E00000000F000
0E00000000E000
0700000001E000
0700000001E000
0780000001C000
0380000003C000
03C00000038000
01C00000078000
01C00000070000
00E00000070000
00E000000F0000
00F000000E0000
007000001E0000
007800001C0000
003800001C0000
003800003C0000
001C0000380000
001C0000780000
001E0000700000
000E0000F00000
000F0000E00000
00070000E00000
00070001E00000
00038001C00000
00038003C00000
0003C003800000
0001C003800000
0001E007800000
0000E007000000
0000E00F000000
0000700E000000
0000700E000000
0000781C000000
0000381C000000
00003C3C000000
00001C38000000
00001C38000000
00000E70000000
00000E70000000
00000FF0000000
000007E0000000
000007E0000000
000003C0000000
000003C0000000
ENDCHAR
STARTCHAR uni0475
ENCODING 1141
SWIDTH 530 0
DWIDTH 40 0
BBX 40 37 2 0
BITMAP
600000001E
F00000007F
70000001FE
78000003E0
78000003C0
3800000780
3C00000F00
1C00000F00
1E00000E00
0E00001E00
0F00001C00
0F00003C00
0700003800
0780007800
0380007000
03C0007000
01C000F000
01C000E000
01E001E000
00E001C000
00F001C000
007003C000
0070038000
0038078000
0038070000
003C070000
001C0E0000
001E0E0000
000E1E0000
000E1C0000
00073C0000
0007380000
0007B80000
0003F00000
0003F00000
0001F00000
0001E00000
ENDCHAR
STARTCHAR uni048A
ENCODING 1162
SWIDTH 742 0
DWIDTH 56 0
BBX 48 79 7 -12
BITMAP
01C00001C000
01C00001C000
00E000038000
00F000078000
0078000F0000
003C001E0000
001F007C0000
000FFFF80000
0003FFE00000
0000FF000000
000000000000
000000000000
000000000000
000000000000
E00000000380
E00000000780
E00000000F80
E00000000F80
E00000001F80
E00000003F80
E00000007B80
E00000007380
E0000000F380
E0000001E380
E0000003C380
E00000038380
E00000078380
E000000F0380
E000000E0380
E000001C0380
E000003C0380
E00000780380
E00000700380
E00000F00380
E00001E00380
E00003C00380
E00003800380
E00007800380
E0000F000380
E0001E000380
E0001C000380
E0003C000380
E00078000380
E00070000380
E000E0000380
E001E0000380
E003C0000380
E00380000380
E00700000380
E00F00000380
E01E00000380
E01C00000380
E03C00000380
E07800000380
E0F000000380
E0E000000380
E1E000000380
E3C000000380
E78000000380
E70000000380
EF0000000380
FE0000000380
FC0000000380
F80000000380
F800000003FF
F000000003FF
E000000003FF
000000000007
00000000000E
00000000000E
00000000000E
00000000001C
00000000001C
00000000001C
000000000038
000000000038
000000000038
000000000030
000000000020
ENDCHAR
STARTCHAR uni048B
ENCODING 1163
SWIDTH 586 0
DWIDTH 44 0
BBX 34 61 7 -10
BITMAP
380000C000
380001C000
1C0001C000
1E00038000
0E00078000
07800F0000
03C03E0000
01FFFC0000
00FFF00000
001FC00000
0000000000
0000000000
0000000000
0000000000
C000003000
E000007800
E000007800
E00000F800
E00001F800
E00003F800
E00003B800
E000073800
E0000F3800
E0001E3800
E0001C3800
E000383800
E000783800
E000F03800
E000E03800
E001C03800
E003C03800
E007803800
E007003800
E00F003800
E01E003800
E03C003800
E038003800
E078003800
E0F0003800
E1E0003800
E1C0003800
E3C0003800
E780003800
EF00003800
EE00003800
FE00003800
FC00003800
F800003800
F000003FC0
F000003FC0
E000003FC0
00000001C0
0000000380
0000000380
0000000300
0000000700
0000000700
0000000E00
0000000E00
0000000E00
0000000C00
ENDCHAR
STARTCHAR uni048C
ENCODING 1164
SWIDTH 697 0
DWIDTH 52 0
BBX 48 53 0 0
BITMAP
001C00000000
001C00000000
001C00000000
001C00000000
001C00000000
001C00000000
001C00000000
001C00000000
001C00000000
FFFFFF800000
FFFFFF800000
FFFFFF800000
001C00000000
001C00000000
001C00000000
001C00000000
001C00000000
001C00000000
001C00000000
001C00000000
001C00000000
001C00000000
001C00000000
001C00000000
001C00000000
001FFFFFFE00
001FFFFFFF80
001FFFFFFFE0
001C000003F0
001C000000F8
001C0000003C
001C0000001E
001C0000001E
001C0000000E
001C0000000F
001C00000007
001C00000007
001C00000007
001C00000007
001C00000007
001C00000007
001C00000007
001C0000000F
001C0000000F
001C0000000E
001C0000001E
001C0000003C
001C0000007C
001C000001F8
001C000007F0
001FFFFFFFC0
001FFFFFFF00
001FFFFFF800
ENDCHAR
STARTCHAR uni048D
ENCODING 1165
SWIDTH 598 0
DWIDTH 45 0
BBX 41 53 0 0
BITMAP
000E00000000
000E00000000
000E00000000
000E00000000
000E00000000
000E00000000
000E00000000
000E00000000
000E00000000
000E00000000
000E00000000
000E00000000
000E00000000
000E00000000
000E00000000
000E00000000
000E00000000
FFFFFFF00000
FFFFFFF00000
000E00000000
000E00000000
000E00000000
000E00000000
000E00000000
000E00000000
000E00000000
000E00000000
000E00000000
000E00000000
000E00000000
000FFFF00000
000FFFFFC000
000FFFFFF000
000E0001FC00
000E00003E00
000E00000F00
000E00000F00
000E00000780
000E00000780
000E00000380
000E00000380
000E00000380
000E00000380
000E00000380
000E00000380
000E00000780
000E00000700
000E00000F00
000E00001E00
000E00007C00
000FFFFFF800
000FFFFFF000
0007FFFF0000
ENDCHAR
STARTCHAR uni048E
ENCODING 1166
SWIDTH 616 0
DWIDTH 46 0
BBX 37 53 7 0
BITMAP
7FFFFF0000
FFFFFFF000
FFFFFFFC00
E00000FE00
E000001F00
E000000780
E0000003C0
E0000001E0
E0000000E0
E0000000F0
E0000000F0
E000000070
E000000070
E000000070
E000000070
E000000078
E000000070
E000000070
E000000070
E000000070
E0000C00F0
E0000E00F0
E0000F01E0
E0000701E0
E0000783C0
E000038780
E00001DF00
E00001FE00
FFFFFFFC00
FFFFFFF000
FFFFFE7800
E000003800
E000001C00
E000001E00
E000000E00
E000000700
E000000200
E000000000
E000000000
E000000000
E000000000
E000000000
E000000000
E000000000
E000000000
E000000000
E000000000
E000000000
E000000000
E000000000
E000000000
E000000000
E000000000
ENDCHAR
STARTCHAR uni048F
ENCODING 1167
SWIDTH 574 0
DWIDTH 43 0
BBX 32 51 7 -14
BITMAP
C00FF000
E07FFE00
E1FFFF00
E3F01FC0
E78003E0
EF0001F0
FE0000F8
FC000078
F800003C
F800001C
F000001E
F000000E
E000000E
E000000E
E000000F
E000000F
E0000007
E0000007
E0000007
E0000007
E0000007
E000000F
E000000F
E000000E
E000000E
F000000E
F000001E
F000181C
F8001C3C
F8001C38
FC000E78
EE0007F0
EF0003F0
E7C007E0
E3FC3FC0
E0FFFFE0
E03FFC70
E0038038
E0000038
E0000018
E0000000
E0000000
E0000000
E0000000
E0000000
E0000000
E0000000
E0000000
E0000000
E0000000
C0000000
ENDCHAR
STARTCHAR uni0490
ENCODING 1168
SWIDTH 527 0
DWIDTH 40 0
BBX 32 65 7 0
BITMAP
00000002
00000006
00000007
00000007
00000007
00000007
00000007
00000007
00000007
00000007
00000007
00000007
7FFFFFFF
FFFFFFFF
FFFFFFFE
E0000000
E0000000
E0000000
E0000000
E0000000
E0000000
E0000000
E0000000
E0000000
E0000000
E0000000
E0000000
E0000000
E0000000
E0000000
E0000000
E0000000
E0000000
E0000000
E0000000
E0000000
E0000000
E0000000
E0000000
E0000000
E0000000
E0000000
E0000000
E0000000
E0000000
E0000000
E0000000
E0000000
E0000000
E0000000
E0000000
E0000000
E0000000
E0000000
E0000000
E0000000
E0000000
E0000000
E0000000
E0000000
E0000000
E0000000
E0000000
E0000000
E0000000
ENDCHAR
STARTCHAR uni0491
ENCODING 1169
SWIDTH 415 0
DWIDTH 31 0
BBX 23 46 7 0
BITMAP
000004
00000E
00000E
00000E
00000E
00000E
00000E
00000E
00000E
00000E
FFFFFE
FFFFFE
E00000
E00000
E00000
E00000
E00000
E00000
E00000
E00000
E00000
E00000
E00000
E00000
E00000
E00000
E00000
E00000
E00000
E00000
E00000
E00000
E00000
E00000
E00000
E00000
E00000
E00000
E00000
E00000
E00000
E00000
E00000
E00000
E00000
E00000
ENDCHAR
STARTCHAR uni0492
ENCODING 1170
SWIDTH 558 0
DWIDTH 42 0
BBX 39 53 2 0
BITMAP
00FFFFFFFE
00FFFFFFFE
00FFFFFFFE
00E0000000
00E0000000
00E0000000
00E0000000
00E0000000
00E0000000
00E0000000
00E0000000
00E0000000
00E0000000
00E0000000
00E0000000
00E0000000
00E0000000
00E0000000
00E0000000
00E0000000
00E0000000
00E0000000
00E0000000
00E0000000
00E0000000
FFFFFF8000
FFFFFF8000
7FFFFF0000
00E0000000
00E0000000
00E0000000
00E0000000
00E0000000
00E0000000
00E0000000
00E0000000
00E0000000
00E0000000
00E0000000
00E0000000
00E0000000
00E0000000
00E0000000
00E0000000
00E0000000
00E0000000
00E0000000
00E0000000
00E0000000
00E0000000
00E0000000
00E0000000
00E0000000
ENDCHAR
STARTCHAR uni0493
ENCODING 1171
SWIDTH 432 0
DWIDTH 32 0
BBX 32 36 0 0
BITMAP
00FFFFFF
00FFFFFF
00E00000
00E00000
00E00000
00E00000
00E00000
00E00000
00E00000
00E00000
00E00000
00E00000
00E00000
00E00000
00E00000
00E00000
7FFFFC00
FFFFFE00
FFFFFC00
00E00000
00E00000
00E00000
00E00000
00E00000
00E00000
00E00000
00E00000
00E00000
00E00000
00E00000
00E00000
00E00000
00E00000
00E00000
00E00000
00E00000
ENDCHAR
STARTCHAR uni0494
ENCODING 1172
SWIDTH 641 0
DWIDTH 48 0
BBX 36 67 7 -14
BITMAP
7FFFFFFF80
FFFFFFFF80
FFFFFFFF80
E000000000
E000000000
E000000000
E000000000
E000000000
E000000000
E000000000
E000000000
E000000000
E000000000
E000000000
E000000000
E000000000
E000000000
E000000000
E000000000
E000000000
E000000000
E03FFE0000
E3FFFFC000
EFFFFFF000
FFE003FC00
FE00007E00
F800001F00
E000000F80
E000000780
E0000003C0
E0000001C0
E0000001E0
E0000000E0
E0000000E0
E0000000F0
E000000070
E000000070
E000000070
E000000070
E000000070
E000000070
E000000070
E000000070
E000000070
E000000070
E000000070
E000000070
E000000070
E000000070
E000000070
E000000070
E000000070
E000000070
0000000070
0000000070
0000000070
00000000F0
00000000E0
00000000E0
00000001E0
00000001C0
00000003C0
0000000F80
0003803F00
0003FFFE00
0003FFF800
00007FE000
ENDCHAR
STARTCHAR uni0495
ENCODING 1173
SWIDTH 529 0
DWIDTH 40 0
BBX 29 50 7 -14
BITMAP
FFFFFF00
FFFFFF00
E0000000
E0000000
E0000000
E0000000
E0000000
E0000000
E0000000
E0000000
E0000000
E0000000
E01FF800
E0FFFE00
E3FFFF80
E7E00FC0
EF8003C0
FE0001E0
FC0000E0
F80000F0
F8000070
F0000070
F0000078
E0000078
E0000038
E0000038
E0000038
E0000038
E0000038
E0000038
E0000038
E0000038
E0000038
E0000038
E0000038
E0000078
00000078
00000070
00000070
00000070
000000F0
000000E0
000001E0
000003C0
000007C0
00000F80
00007F00
0001FC00
0001F000
00008000
ENDCHAR
STARTCHAR uni0496
ENCODING 1174
SWIDTH 928 0
DWIDTH 70 0
BBX 71 65 2 -12
BITMAP
1C000001C000001C00
1E000001C000001C00
0E000001C000003C00
0F000001C000007800
07800001C000007000
03C00001C00000F000
01C00001C00001E000
01E00001C00001C000
00F00001C00003C000
00700001C000078000
00780001C000070000
003C0001C0000F0000
001C0001C0001E0000
001E0001C0001C0000
000F0001C0003C0000
00070001C000780000
00078001C000700000
0003C001C000F00000
0001C001C001E00000
0001E001C001C00000
0000F001C003C00000
00007001C007800000
00007801C00F000000
00003C01C00E000000
00001C01C01E000000
00007FFFFFFF000000
0001FFFFFFFFC00000
0003FFFFFFFFF00000
0007C001C001F80000
000F0001C0007C0000
001E0001C0003E0000
003C0001C0000E0000
00780001C0000F0000
00700001C000078000
00F00001C000038000
00E00001C00003C000
01E00001C00001C000
01C00001C00001E000
03C00001C00000E000
03800001C00000F000
07800001C000007000
07000001C000007800
0F000001C000003800
0E000001C000003C00
1E000001C000001C00
1C000001C000001E00
3C000001C000000E00
38000001C000000F00
78000001C000000700
70000001C000000780
F0000001C0000003FC
E0000001C0000003FC
E0000001C0000001FE
00000000000000000E
00000000000000000E
00000000000000000E
00000000000000000E
00000000000000000E
00000000000000000E
00000000000000000E
00000000000000000E
00000000000000000E
00000000000000000E
00000000000000000C
000000000000000004
ENDCHAR
STARTCHAR uni0497
ENCODING 1175
SWIDTH 787 0
DWIDTH 59 0
BBX 57 47 1 -10
BITMAP
0800001000004000
1C0000380000E000
1E0000780001E000
0F0000780003C000
0700007800038000
0780007800078000
03C00078000F0000
01E00078001E0000
00F00078003C0000
0070007800380000
0038007800780000
003C007800F00000
001E007801E00000
000F007803C00000
0007807803800000
0003807807000000
0003C0780F000000
0003FFFFFF000000
000FFFFFFFC00000
001FFFFFFFE00000
003E007801F00000
0078007800780000
0070007800380000
00E00078001C0000
01E00078001E0000
01C00078000E0000
0380007800070000
0780007800078000
0700007800038000
0F0000780003C000
0E0000780001E000
1C0000780000E000
3C0000780000F000
3800007800007000
7800007800003F00
F000007800003F80
E000003800001F80
0000000000000380
0000000000000380
0000000000000380
0000000000000380
0000000000000380
0000000000000380
0000000000000380
0000000000000380
0000000000000380
0000000000000300
ENDCHAR
STARTCHAR uni0498
ENCODING 1176
SWIDTH 645 0
DWIDTH 48 0
BBX 39 65 4 -12
BITMAP
000FFFF000
007FFFFC00
01FFFFFF00
07F8001F80
1FC00007C0
3F000001E0
7C000000F0
7000000070
2000000078
0000000038
0000000038
000000003C
000000003C
000000001C
000000001C
000000003C
000000003C
0000000038
0000000038
0000000078
00000000F0
00000000F0
00000003E0
0000000FC0
0000007F00
007FFFFC00
00FFFFFE00
007FFFFF80
0000000FE0
00000001F0
00000000F8
0000000078
000000003C
000000001C
000000001E
000000001E
000000000E
000000000E
000000000E
000000000E
000000000E
000000000E
000000001E
000000001C
C00000001C
E00000003C
F800000078
7C000000F0
3F800003F0
1FE0000FE0
07FFEFFF80
01FFFFFF00
001FFFF800
00001C0000
00001C0000
00001C0000
00001C0000
00001C0000
00001C0000
00001C0000
00001C0000
00001C0000
00001C0000
00001C0000
0000080000
ENDCHAR
STARTCHAR uni0499
ENCODING 1177
SWIDTH 477 0
DWIDTH 36 0
BBX 29 48 3 -11
BITMAP
003FE000
03FFFC00
0FFFFF00
3FC01F80
7E0007C0
F80001E0
600001E0
000000E0
000000E0
000000F0
000000F0
000000F0
000000E0
000000E0
000001E0
000003C0
00000F80
007FFF00
007FFC00
007FFF00
000007C0
000001E0
000000F0
00000070
00000070
00000078
00000078
00000078
00000078
00000078
40000070
E00000F0
F80001E0
7E0007C0
3FF0FFC0
0FFFFF00
01FFFC00
00070000
00070000
00070000
00070000
00070000
00070000
00070000
00070000
00070000
00070000
00020000
ENDCHAR
STARTCHAR uni049A
ENCODING 1178
SWIDTH 611 0
DWIDTH 46 0
BBX 42 65 7 -12
BITMAP
E00000018000
E0000003C000
E00000078000
E00000070000
E000000F0000
E000001E0000
E000001C0000
E000003C0000
E00000780000
E00000700000
E00000F00000
E00001E00000
E00001C00000
E00003C00000
E00007800000
E0000F000000
E0000E000000
E0001E000000
E0003C000000
E00038000000
E00078000000
E000F0000000
E000E0000000
E001E0000000
E003C0000000
FFFFE0000000
FFFFFC000000
FFFFFE000000
E0003F000000
E0000F800000
E00003C00000
E00001E00000
E00000E00000
E00000F00000
E00000700000
E00000380000
E00000380000
E000001C0000
E000001C0000
E000000E0000
E000000E0000
E00000070000
E00000070000
E00000038000
E00000038000
E0000001C000
E0000001C000
E0000000E000
E0000000E000
E0000000F000
E00000007F80
E00000007FC0
E00000003FC0
0000000001C0
0000000001C0
0000000001C0
0000000001C0
0000000001C0
0000000001C0
0000000001C0
0000000001C0
0000000001C0
0000000001C0
0000000001C0
000000000080
ENDCHAR
STARTCHAR uni049B
ENCODING 1179
SWIDTH 531 0
DWIDTH 40 0
BBX 32 47 7 -10
BITMAP
40000080
E00001C0
E00003C0
E0000380
E0000780
E0000F00
E0001E00
E0003C00
E0003800
E0007800
E000F000
E001E000
E003C000
E0038000
E0070000
E00F0000
E01E0000
FFFE0000
FFFF8000
FFFFC000
E003E000
E000F000
E0007800
E0003800
E0003C00
E0001E00
E0000E00
E0000F00
E0000700
E0000380
E00003C0
E00001C0
E00001E0
E00000F0
E000007E
E000007F
E000003F
00000007
00000007
00000007
00000007
00000007
00000007
00000007
00000007
00000007
00000007
ENDCHAR
STARTCHAR uni049C
ENCODING 1180
SWIDTH 621 0
DWIDTH 47 0
BBX 38 53 7 0
BITMAP
E0000000C0
E0000001C0
E0000003C0
E000000780
E000000700
E000000F00
E000001E00
E000001C00
E000003C00
E000007800
E000007000
E02000F000
E03001E000
E07001C000
E07003C000
E070078000
E070070000
E0700F0000
E0701E0000
E0703C0000
E0703C0000
E070780000
E070F00000
E070E00000
E071E00000
FFFFF00000
FFFFFC0000
FFFFFF0000
E0701F8000
E07007C000
E07003E000
E07001E000
E07000F000
E070007800
E070003800
E070003C00
E070001C00
E070001E00
E070000E00
E030000F00
E030000700
E000000780
E000000380
E0000003C0
E0000001C0
E0000001E0
E0000000E0
E0000000F0
E000000070
E000000078
E000000038
E00000003C
E00000001C
ENDCHAR
STARTCHAR uni049D
ENCODING 1181
SWIDTH 497 0
DWIDTH 37 0
BBX 29 37 7 0
BITMAP
40000080
E00001C0
E00003C0
E0000380
E0000780
E0000F00
E0001E00
E0003C00
E1C03800
E1C07800
E1C0F000
E1C1E000
E1C3C000
E1C38000
E1C70000
E1CF0000
E1DE0000
FFFE0000
FFFF8000
FFFFC000
E1C3E000
E1C0F000
E1C07800
E1C03800
E1C03C00
E1C01E00
E1C00E00
E1C00F00
E1C00700
E0000380
E00003C0
E00001C0
E00000E0
E00000F0
E0000070
E0000078
E0000038
ENDCHAR
STARTCHAR uni049E
ENCODING 1182
SWIDTH 632 0
DWIDTH 47 0
BBX 47 53 -1 0
BITMAP
001C000000E0
001C000000E0
001C000001E0
001C000003C0
001C00000380
001C00000780
001C00000F00
001C00000E00
001C00001E00
FFFFFF003C00
FFFFFF807800
FFFFFF007800
001C0000F000
001C0001E000
001C0001C000
001C0003C000
001C00078000
001C00070000
001C000F0000
001C001E0000
001C001C0000
001C003C0000
001C00780000
001C00700000
001C00F00000
001FFFF80000
001FFFFE0000
001FFFFF8000
001C000FC000
001C0003E000
001C0001F000
001C0000F000
001C00007800
001C00003C00
001C00001C00
001C00001E00
001C00000E00
001C00000F00
001C00000700
001C00000780
001C00000380
001C000003C0
001C000001C0
001C000001C0
001C000000E0
001C000000E0
001C00000070
001C00000070
001C00000038
001C00000038
001C0000001C
001C0000001C
001C0000000E
ENDCHAR
STARTCHAR uni049F
ENCODING 1183
SWIDTH 497 0
DWIDTH 37 0
BBX 37 53 -1 0
BITMAP
00E0000000
00E0000000
00E0000000
00E0000000
00E0000000
00E0000000
00E0000000
00E0000000
FFFFFF8000
FFFFFFC000
7FFFFFC000
00E0000000
00E0000000
00E0000000
00E0000000
00E0000000
00E0000080
00E00001C0
00E00003C0
00E0000380
00E0000780
00E0000F00
00E0001E00
00E0003C00
00E0003800
00E0007800
00E000F000
00E001E000
00E003C000
00E0038000
00E0070000
00E00F0000
00E01E0000
00FFFE0000
00FFFF8000
00FFFFC000
00E003E000
00E000F000
00E0007800
00E0003800
00E0003C00
00E0001E00
00E0000E00
00E0000F00
00E0000700
00E0000380
00E00003C0
00E00001C0
00E00000E0
00E00000F0
00E0000070
00E0000078
00E0000038
ENDCHAR
STARTCHAR uni04A0
ENCODING 1184
SWIDTH 738 0
DWIDTH 55 0
BBX 54 53 0 0
BITMAP
FFFFE0000001C0
FFFFF0000001C0
FFFFF0000003C0
00007000000780
00007000000F00
00007000000F00
00007000001E00
00007000003C00
00007000003800
00007000007800
0000700000F000
0000700000E000
0000700001E000
0000700003C000
00007000038000
00007000078000
000070000F0000
000070000E0000
000070001E0000
000070003C0000
00007000380000
00007000780000
00007000F00000
00007000E00000
00007001E00000
00007FFFF00000
00007FFFFC0000
00007FFFFE0000
000070001F8000
0000700007C000
0000700003C000
0000700001E000
0000700000F000
00007000007000
00007000003800
00007000003C00
00007000001C00
00007000001E00
00007000000E00
00007000000E00
00007000000700
00007000000700
00007000000380
00007000000380
000070000001C0
000070000001C0
000070000000E0
000070000000E0
00007000000070
00007000000070
00007000000038
00007000000038
0000700000003C
ENDCHAR
STARTCHAR uni04A1
ENCODING 1185
SWIDTH 572 0
DWIDTH 43 0
BBX 42 37 0 0
BITMAP
000000000400
FFFE00000E00
FFFE00001E00
000E00003C00
000E00007800
000E00007000
000E0000F000
000E0001E000
000E0003C000
000E00078000
000E00070000
000E000F0000
000E001E0000
000E003C0000
000E00780000
000E00700000
000E00E00000
000FFFF00000
000FFFFC0000
000FFFFE0000
000E001F0000
000E00078000
000E00038000
000E0003C000
000E0001E000
000E0000E000
000E0000F000
000E00007000
000E00003800
000E00003C00
000E00001C00
000E00000E00
000E00000F00
000E00000700
000E00000780
000E00000380
000E000001C0
ENDCHAR
STARTCHAR uni04A2
ENCODING 1186
SWIDTH 785 0
DWIDTH 59 0
BBX 50 65 7 -12
BITMAP
E000000001C000
E000000001C000
E000000001C000
E000000001C000
E000000001C000
E000000001C000
E000000001C000
E000000001C000
E000000001C000
E000000001C000
E000000001C000
E000000001C000
E000000001C000
E000000001C000
E000000001C000
E000000001C000
E000000001C000
E000000001C000
E000000001C000
E000000001C000
E000000001C000
E000000001C000
E000000001C000
E000000001C000
E000000001C000
FFFFFFFFFFC000
FFFFFFFFFFC000
FFFFFFFFFFC000
E000000001C000
E000000001C000
E000000001C000
E000000001C000
E000000001C000
E000000001C000
E000000001C000
E000000001C000
E000000001C000
E000000001C000
E000000001C000
E000000001C000
E000000001C000
E000000001C000
E000000001C000
E000000001C000
E000000001C000
E000000001C000
E000000001C000
E000000001C000
E000000001C000
E000000001C000
E000000001FF80
E000000001FFC0
E000000001FFC0
000000000001C0
000000000001C0
000000000001C0
000000000001C0
000000000001C0
000000000001C0
000000000001C0
000000000001C0
000000000001C0
000000000001C0
000000000001C0
00000000000080
ENDCHAR
STARTCHAR uni04A3
ENCODING 1187
SWIDTH 588 0
DWIDTH 44 0
BBX 35 47 7 -10
BITMAP
C000001000
E000003800
E000003800
E000003800
E000003800
E000003800
E000003800
E000003800
E000003800
E000003800
E000003800
E000003800
E000003800
E000003800
E000003800
E000003800
E000003800
FFFFFFF800
FFFFFFF800
FFFFFFF800
E000003800
E000003800
E000003800
E000003800
E000003800
E000003800
E000003800
E000003800
E000003800
E000003800
E000003800
E000003800
E000003800
E000003800
E000003FC0
E000003FC0
E000003FE0
00000000E0
00000000E0
00000000E0
00000000E0
00000000E0
00000000E0
00000000E0
00000000E0
00000000E0
00000000C0
ENDCHAR
STARTCHAR uni04A4
ENCODING 1188
SWIDTH 927 0
DWIDTH 70 0
BBX 63 53 7 0
BITMAP
E000000001FFFFFC
E000000001FFFFFE
E000000001FFFFFC
E000000001C00000
E000000001C00000
E000000001C00000
E000000001C00000
E000000001C00000
E000000001C00000
E000000001C00000
E000000001C00000
E000000001C00000
E000000001C00000
E000000001C00000
E000000001C00000
E000000001C00000
E000000001C00000
E000000001C00000
E000000001C00000
E000000001C00000
E000000001C00000
E000000001C00000
E000000001C00000
E000000001C00000
E000000001C00000
FFFFFFFFFFC00000
FFFFFFFFFFC00000
FFFFFFFFFFC00000
E000000001C00000
E000000001C00000
E000000001C00000
E000000001C00000
E000000001C00000
E000000001C00000
E000000001C00000
E000000001C00000
E000000001C00000
E000000001C00000
E000000001C00000
E000000001C00000
E000000001C00000
E000000001C00000
E000000001C00000
E000000001C00000
E000000001C00000
E000000001C00000
E000000001C00000
E000000001C00000
E000000001C00000
E000000001C00000
E000000001C00000
E000000001C00000
E000000001C00000
ENDCHAR
STARTCHAR uni04A5
ENCODING 1189
SWIDTH 727 0
DWIDTH 55 0
BBX 47 37 7 0
BITMAP
C00000000000
E000003FFFFE
E000003FFFFE
E00000380000
E00000380000
E00000380000
E00000380000
E00000380000
E00000380000
E00000380000
E00000380000
E00000380000
E00000380000
E00000380000
E00000380000
E00000380000
E00000380000
FFFFFFF80000
FFFFFFF80000
FFFFFFF80000
E00000380000
E00000380000
E00000380000
E00000380000
E00000380000
E00000380000
E00000380000
E00000380000
E00000380000
E00000380000
E00000380000
E00000380000
E00000380000
E00000380000
E00000380000
E00000380000
E00000380000
ENDCHAR
STARTCHAR uni04A8
ENCODING 1192
SWIDTH 780 0
DWIDTH 59 0
BBX 55 54 5 -1
BITMAP
0000FFF0000000
0007FFF0000000
001FFFF0000000
003F8000000000
00FC0000000000
01F00000000000
03E00000000000
07C00000000000
07800000000000
0F000000000000
0E000000000000
1E000000F00000
1C00000FFE0000
3C00003FFF8000
3800007FBFC000
780000F803E000
780000F000F000
700001E0007000
700003C0007800
700003C0003800
F0000380003C00
F0000780001C00
F0000700001C00
F0000700001E00
E0000700001E00
E0000700000E00
E0000F00000E00
E0000F00000E00
E0000F00000E00
E0000F00000E00
F0000F00000E00
F0000700001E00
F0000700001E00
70000700001E00
70000700001C00
70000780001C00
78000380003C00
38000380003C00
380003C0003800
3C0001C0007800
1C0001E0007000
1E0000E000F000
0E0000F001E000
0F00007801E000
0780007C03C000
03C0003E078000
03E0001F0F0000
01F0000FBE0000
00FC0007FC0000
003F0003F8001C
001FFFFFFFF7FE
0007FFFFBFFFFC
0001FFFE07FFF0
00000340001800
ENDCHAR
STARTCHAR uni04A9
ENCODING 1193
SWIDTH 591 0
DWIDTH 44 0
BBX 41 38 4 -1
BITMAP
0007F8000000
003FFF000000
00FFFF800000
03F80F000000
07C000000000
0F8000000000
0E0000000000
1E0000000000
3C0000000000
380001E00000
78000FFC0000
78001FFF0000
70003E1F0000
700078078000
F0007003C000
F000F001C000
F000E001E000
E000E000E000
E000E000E000
E001E000E000
E001E000E000
F001E000E000
F000E000E000
7000E000E000
7000E001E000
7000E001C000
7800F001C000
38007003C000
3C0078038000
1C0038078000
1E003C0F0000
0F001E1E0000
07800FBC0000
03E007F80180
01FE0FFE0F80
007FFFFFFF80
001FFF3FFE00
0000E000C000
ENDCHAR
STARTCHAR uni04AA
ENCODING 1194
SWIDTH 667 0
DWIDTH 50 0
BBX 41 65 5 -12
BITMAP
0000FFFE0000
0007FFFFC000
001FFFFFF000
003F8003FC00
007C00007E00
01F000001F00
03E000000780
03C000000380
078000000180
0F0000000000
0E0000000000
1E0000000000
1C0000000000
3C0000000000
380000000000
780000000000
780000000000
700000000000
700000000000
700000000000
F00000000000
F00000000000
F00000000000
F00000000000
E00000000000
E00000000000
E00000000000
E00000000000
E00000000000
E00000000000
F00000000000
F00000000000
F00000000000
700000000000
700000000000
700000000000
780000000000
780000000000
380000000000
3C0000000000
1C0000000000
1E0000000000
0E0000000000
0F0000000000
078000000100
03C000000380
03E000000780
01F000001F00
00FC00007E00
003F0001FC00
001FFEFFF000
0007FFFFC000
0000FFFF0000
000003800000
000003800000
000003800000
000003800000
000003800000
000003800000
000003800000
000003800000
000003800000
000003800000
000003800000
000001000000
ENDCHAR
STARTCHAR uni04AB
ENCODING 1195
SWIDTH 458 0
DWIDTH 34 0
BBX 28 48 4 -11
BITMAP
0007F000
003FFF00
00FFFF80
03F80FE0
07C001F0
0F8000F0
1E000030
1E000000
3C000000
38000000
78000000
70000000
70000000
70000000
F0000000
F0000000
E0000000
E0000000
E0000000
E0000000
E0000000
F0000000
F0000000
70000000
70000000
70000000
78000000
38000000
3C000000
1C000000
1E000000
0F000070
078000F0
03E003F0
01FE1FC0
00FFFF80
003FFE00
0003E000
0001C000
0001C000
0001C000
0001C000
0001C000
0001C000
0001C000
0001C000
0001C000
00008000
ENDCHAR
STARTCHAR uni04AC
ENCODING 1196
SWIDTH 566 0
DWIDTH 42 0
BBX 43 65 0 -12
BITMAP
FFFFFFFFFFE0
FFFFFFFFFFE0
FFFFFFFFFFE0
00000E000000
00000E000000
00000E000000
00000E000000
00000E000000
00000E000000
00000E000000
00000E000000
00000E000000
00000E000000
00000E000000
00000E000000
00000E000000
00000E000000
00000E000000
00000E000000
00000E000000
00000E000000
00000E000000
00000E000000
00000E000000
00000E000000
00000E000000
00000E000000
00000E000000
00000E000000
00000E000000
00000E000000
00000E000000
00000E000000
00000E000000
00000E000000
00000E000000
00000E000000
00000E000000
00000E000000
00000E000000
00000E000000
00000E000000
00000E000000
00000E000000
00000E000000
00000E000000
00000E000000
00000E000000
00000E000000
00000E000000
00000FFC0000
00000FFC0000
00000FFC0000
0000001C0000
0000001C0000
0000001C0000
0000001C0000
0000001C0000
0000001C0000
0000001C0000
0000001C0000
0000001C0000
0000001C0000
0000001C0000
000000080000
ENDCHAR
STARTCHAR uni04AD
ENCODING 1197
SWIDTH 418 0
DWIDTH 31 0
BBX 32 46 0 -10
BITMAP
FFFFFFFE
FFFFFFFF
00038000
00038000
00038000
00038000
00038000
00038000
00038000
00038000
00038000
00038000
00038000
00038000
00038000
00038000
00038000
00038000
00038000
00038000
00038000
00038000
00038000
00038000
00038000
00038000
00038000
00038000
00038000
00038000
00038000
00038000
00038000
0003FC00
0003FE00
0003FE00
00000E00
00000E00
00000E00
00000E00
00000E00
00000E00
00000E00
00000E00
00000E00
00000E00
ENDCHAR
STARTCHAR uni04AE
ENCODING 1198
SWIDTH 577 0
DWIDTH 43 0
BBX 41 53 1 0
BITMAP
E00000000180
F00000000380
700000000780
780000000F00
3C0000000E00
1E0000001C00
0E0000003C00
0F0000007800
078000007000
03C00000E000
01C00001E000
01E00003C000
00F000038000
007800070000
0038000F0000
003C001E0000
001E001C0000
000E003C0000
000F00780000
000780700000
0003C0E00000
0001C1E00000
0001E3C00000
0000F3800000
00007F000000
00003F000000
00003E000000
00001C000000
00001C000000
00001C000000
00001C000000
00001C000000
00001C000000
00001C000000
00001C000000
00001C000000
00001C000000
00001C000000
00001C000000
00001C000000
00001C000000
00001C000000
00001C000000
00001C000000
00001C000000
00001C000000
00001C000000
00001C000000
00001C000000
00001C000000
00001C000000
00001C000000
00001C000000
ENDCHAR
STARTCHAR uni04AF
ENCODING 1199
SWIDTH 510 0
DWIDTH 38 0
BBX 33 51 3 -14
BITMAP
C000000300
E000000380
E000000780
F000000700
F000000F00
7000000E00
7800001E00
3800001C00
3C00001C00
1C00003C00
1E00003800
1E00007800
0E00007000
0F00007000
070000F000
078000E000
038001E000
038001C000
03C003C000
01C0038000
01E0038000
00E0078000
00F0070000
00700F0000
00700E0000
00780E0000
00381C0000
003C1C0000
001C3C0000
001C380000
000E780000
000E700000
000F700000
0007E00000
0007E00000
0003E00000
0003C00000
0001C00000
0001C00000
0001C00000
0001C00000
0001C00000
0001C00000
0001C00000
0001C00000
0001C00000
0001C00000
0001C00000
0001C00000
0001C00000
0001800000
ENDCHAR
STARTCHAR uni04B0
ENCODING 1200
SWIDTH 577 0
DWIDTH 43 0
BBX 41 53 1 0
BITMAP
E00000000180
F00000000380
700000000780
780000000F00
3C0000000E00
1E0000001C00
0E0000003C00
0F0000007800
078000007000
03C00000E000
01C00001E000
01E00003C000
00F000038000
007800070000
0038000F0000
003C001E0000
001E001C0000
000E003C0000
000F00780000
000780700000
0003C0E00000
0001C1E00000
0001E3C00000
0000F3800000
00007F000000
00003F000000
00003E000000
00001C000000
03FFFFFFE000
01FFFFFFE000
00001C000000
00001C000000
00001C000000
00001C000000
00001C000000
00001C000000
00001C000000
00001C000000
00001C000000
00001C000000
00001C000000
00001C000000
00001C000000
00001C000000
00001C000000
00001C000000
00001C000000
00001C000000
00001C000000
00001C000000
00001C000000
00001C000000
00001C000000
ENDCHAR
STARTCHAR uni04B1
ENCODING 1201
SWIDTH 510 0
DWIDTH 38 0
BBX 33 51 3 -14
BITMAP
C000000300
E000000380
E000000780
F000000700
F000000F00
7000000E00
7800001E00
3800001C00
3C00001C00
1C00003C00
1E00003800
1E00007800
0E00007000
0F00007000
070000F000
078000E000
038001E000
038001C000
03C003C000
01C0038000
01E0038000
00E0078000
00F0070000
00700F0000
00700E0000
00780E0000
00381C0000
003C1C0000
001C3C0000
001C380000
000E780000
000E700000
000F700000
0007E00000
0007E00000
0003E00000
0003C00000
03FFFFE000
07FFFFE000
03FFFFC000
0001C00000
0001C00000
0001C00000
0001C00000
0001C00000
0001C00000
0001C00000
0001C00000
0001C00000
0001C00000
0001800000
ENDCHAR
STARTCHAR uni04B2
ENCODING 1202
SWIDTH 631 0
DWIDTH 47 0
BBX 45 65 3 -12
BITMAP
700000000700
780000000700
380000000F00
3C0000001E00
1E0000003C00
0F0000003800
070000007800
07800000F000
03C00000E000
01E00001E000
00E00003C000
00F000078000
007800070000
003C000F0000
003C001E0000
001E003C0000
000F00380000
000700780000
000780F00000
0003C0E00000
0001E1C00000
0000E3C00000
0000F7800000
00007F000000
00003E000000
00001E000000
00003E000000
00003F000000
00007F000000
0000F7800000
0001E3C00000
0001C1E00000
0003C0E00000
000780F00000
000F00780000
000E003C0000
001E001C0000
003C001E0000
0078000F0000
007800078000
00F000038000
01E00003C000
01C00001E000
03C00000F000
07800000F000
0F0000007800
0E0000003C00
1E0000001C00
3C0000001E00
780000000F00
7000000007F0
F000000003F8
E000000003F8
000000000038
000000000038
000000000038
000000000038
000000000038
000000000038
000000000038
000000000038
000000000038
000000000038
000000000038
000000000010
ENDCHAR
STARTCHAR uni04B3
ENCODING 1203
SWIDTH 519 0
DWIDTH 39 0
BBX 35 47 3 -10
BITMAP
3000000600
7800000E00
3800001E00
3C00003C00
1E00007800
0F00007000
078000F000
038001E000
03C003C000
01E0078000
00F0070000
00780F0000
00381E0000
003C3C0000
001E780000
000F700000
0007F00000
0003E00000
0003C00000
0007E00000
000FF00000
000F780000
001E3C0000
003C3C0000
00781E0000
00700F0000
00F0078000
01E003C000
03C003C000
078001E000
070000F000
0F00007800
1E00003C00
3C00003C00
7800001FC0
7000000FE0
F0000007E0
40000000E0
00000000E0
00000000E0
00000000E0
00000000E0
00000000E0
00000000E0
00000000E0
00000000E0
00000000E0
ENDCHAR
STARTCHAR uni04B4
ENCODING 1204
SWIDTH 900 0
DWIDTH 68 0
BBX 66 65 0 -12
BITMAP
FFFFFFFFF00001C000
FFFFFFFFF80001C000
FFFFFFFFF00001C000
0000F000000001C000
0000F000000001C000
0000F000000001C000
0000F000000001C000
0000F000000001C000
0000F000000001C000
0000F000000001C000
0000F000000001C000
0000F000000001C000
0000F000000001C000
0000F000000001C000
0000F000000001C000
0000F000000001C000
0000F000000001C000
0000F000000001C000
0000F000000001C000
0000F000000001C000
0000F000000001C000
0000F000000001C000
0000F000000001C000
0000F000000001C000
0000F000000001C000
0000F000000001C000
0000F000000001C000
0000F000000001C000
0000F000000001C000
0000F000000001C000
0000F000000001C000
0000F000000001C000
0000F000000001C000
0000F000000001C000
0000F000000001C000
0000F000000001C000
0000F000000001C000
0000F000000001C000
0000F000000001C000
0000F000000001C000
0000F000000001C000
0000F000000001C000
0000F000000001C000
0000F000000001C000
0000F000000001C000
0000F000000001C000
0000F000000001C000
0000F000000001C000
0000F000000001C000
0000F000000001C000
0000FFFFFFFFFFFF80
00007FFFFFFFFFFFC0
00007FFFFFFFFFFFC0
0000000000000001C0
0000000000000001C0
0000000000000001C0
0000000000000001C0
0000000000000001C0
0000000000000001C0
0000000000000001C0
0000000000000001C0
0000000000000001C0
0000000000000001C0
0000000000000001C0
000000000000000080
ENDCHAR
STARTCHAR uni04B5
ENCODING 1205
SWIDTH 656 0
DWIDTH 49 0
BBX 47 47 0 -10
BITMAP
000000000100
FFFFFFF00380
FFFFFFF00380
000E00000380
000E00000380
000E00000380
000E00000380
000E00000380
000E00000380
000E00000380
000E00000380
000E00000380
000E00000380
000E00000380
000E00000380
000E00000380
000E00000380
000E00000380
000E00000380
000E00000380
000E00000380
000E00000380
000E00000380
000E00000380
000E00000380
000E00000380
000E00000380
000E00000380
000E00000380
000E00000380
000E00000380
000E00000380
000E00000380
000E00000380
000FFFFFFFFC
000FFFFFFFFE
0007FFFFFFFE
00000000000E
00000000000E
00000000000E
00000000000E
00000000000E
00000000000E
00000000000E
00000000000E
00000000000E
00000000000C
ENDCHAR
STARTCHAR uni04B6
ENCODING 1206
SWIDTH 691 0
DWIDTH 52 0
BBX 45 65 5 -12
BITMAP
E00000003800
E00000003800
E00000003800
E00000003800
E00000003800
E00000003800
E00000003800
E00000003800
E00000003800
E00000003800
E00000003800
E00000003800
E00000003800
E00000003800
E00000003800
E00000003800
E00000003800
F00000003800
F00000003800
700000003800
700000003800
780000003800
380000003800
3C0000003800
1E0000003800
0F0000003800
0F8000007800
07E00003F800
03FC001FF800
00FFFFFFB800
003FFFFE3800
0007FFF03800
000000003800
000000003800
000000003800
000000003800
000000003800
000000003800
000000003800
000000003800
000000003800
000000003800
000000003800
000000003800
000000003800
000000003800
000000003800
000000003800
000000003800
000000003800
000000003FF0
000000003FF8
000000003FF8
000000000038
000000000038
000000000038
000000000038
000000000038
000000000038
000000000038
000000000038
000000000038
000000000038
000000000038
000000000010
ENDCHAR
STARTCHAR uni04B7
ENCODING 1207
SWIDTH 552 0
DWIDTH 41 0
BBX 34 47 5 -10
BITMAP
4000002000
E000007000
E000007000
E000007000
E000007000
E000007000
E000007000
E000007000
E000007000
E000007000
E000007000
E000007000
E000007000
F000007000
F000007000
7000007000
7800007000
7800007000
3C0000F000
1E0003F000
0FC00FF000
07FFFF7000
03FFFC7000
007FE07000
0000007000
0000007000
0000007000
0000007000
0000007000
0000007000
0000007000
0000007000
0000007000
0000007000
0000007F80
0000007FC0
0000003FC0
00000001C0
00000001C0
00000001C0
00000001C0
00000001C0
00000001C0
00000001C0
00000001C0
00000001C0
00000001C0
ENDCHAR
STARTCHAR uni04B8
ENCODING 1208
SWIDTH 657 0
DWIDTH 49 0
BBX 37 53 5 0
BITMAP
E000000038
E000000038
E000000038
E000000038
E000000038
E000000038
E000000038
E000000038
E000000038
E000000038
E000000038
E000000038
E000000038
E000000038
E000000038
E000300038
E000300038
E000300038
F000300038
7000300038
7000300038
7800300038
3800300038
3C00300038
1E00300038
1F00300038
0F80300078
07E03003F8
03FC301FF8
00FFFFFFB8
003FFFFE38
0007FFF038
0000300038
0000300038
0000300038
0000300038
0000300038
0000300038
0000300038
0000300038
0000300038
0000300038
0000300038
0000300038
0000300038
0000000038
0000000038
0000000038
0000000038
0000000038
0000000038
0000000038
0000000038
ENDCHAR
STARTCHAR uni04B9
ENCODING 1209
SWIDTH 532 0
DWIDTH 40 0
BBX 28 37 5 0
BITMAP
40000020
E0000070
E0000070
E0000070
E0000070
E0000070
E0000070
E0000070
E0000070
E0000070
E0000070
E0070070
E0070070
F0070070
F0070070
70070070
78070070
78070070
3C0700F0
1E0703F0
0FC70FF0
07FFFF70
03FFFC70
007FE070
00070070
00070070
00070070
00070070
00070070
00070070
00070070
00070070
00000070
00000070
00000070
00000070
00000070
ENDCHAR
STARTCHAR uni04BA
ENCODING 1210
SWIDTH 657 0
DWIDTH 49 0
BBX 38 53 7 0
BITMAP
E000000000
E000000000
E000000000
E000000000
E000000000
E000000000
E000000000
E000000000
E000000000
E000000000
E000000000
E000000000
E000000000
E000000000
E000000000
E000000000
E000000000
E000000000
E000000000
E000000000
E000000000
E01FFF0000
E1FFFFE000
EFFFFFF800
FFE001FE00
FE00003F00
F800000F80
E0000007C0
E0000003C0
E0000001E0
E0000000E0
E0000000F0
E000000070
E000000078
E000000078
E000000038
E000000038
E000000038
E000000038
E00000003C
E00000003C
E00000003C
E00000003C
E00000003C
E00000003C
E00000003C
E00000003C
E00000003C
E00000003C
E00000003C
E00000003C
E00000003C
E00000001C
ENDCHAR
STARTCHAR uni04BB
ENCODING 1211
SWIDTH 559 0
DWIDTH 42 0
BBX 28 53 7 0
BITMAP
E0000000
E0000000
E0000000
E0000000
E0000000
E0000000
E0000000
E0000000
E0000000
E0000000
E0000000
E0000000
E0000000
E0000000
E0000000
E0000000
E00FF000
E07FFC00
E1FFFF00
E3F01F80
E78003C0
EE0001E0
FC0000E0
F80000F0
F80000F0
F0000070
F0000070
E0000070
E0000070
E0000070
E0000070
E0000070
E0000070
E0000070
E0000070
E0000070
E0000070
E0000070
E0000070
E0000070
E0000070
E0000070
E0000070
E0000070
E0000070
E0000070
E0000070
E0000070
E0000070
E0000070
E0000070
E0000070
E0000070
ENDCHAR
STARTCHAR uni04BC
ENCODING 1212
SWIDTH 888 0
DWIDTH 67 0
BBX 60 54 2 -1
BITMAP
00000003FFF00000
0000001FFFFE0000
0000007FFFFF8000
000001FC001FC000
000003F00003F000
000007C00000F800
00000F0000007C00
00001E0000003C00
00003C0000001E00
0000380000000F00
0000780000000700
0000F00000000780
E000F00000000380
E000E000000003C0
E001E000000003C0
E001C000000001C0
E001C000000001C0
E003C000000001E0
E0038000000000E0
E0038000000000E0
F0038000000000E0
70038000000000E0
78078000000000E0
78078000000000E0
3E078000000000F0
1FFFFFFFFFFFFFF0
0FFFFFFFFFFFFFF0
03FFFFFFFFFFFFE0
0007800000000000
0007800000000000
0007800000000000
0003800000000000
0003800000000000
0003800000000000
0003C00000000000
0003C00000000000
0001C00000000000
0001C00000000000
0001E00000000000
0000E00000000000
0000F00000000000
0000700000000000
0000780000000000
00003C0000000000
00001E0000000000
00001F0000000180
00000F80000007C0
000007E000000F80
000003F800003F00
000000FE0001FC00
0000003FFEFFF800
0000000FFFFFC000
00000001FFFF0000
0000000007800000
ENDCHAR
STARTCHAR uni04BD
ENCODING 1213
SWIDTH 599 0
DWIDTH 45 0
BBX 41 38 2 -1
BITMAP
000003FC0000
00001FFF8000
00007FFFC000
0000FC03F000
0001E000F800
0003C0003800
000780001C00
400F00001E00
E00E00000E00
E01E00000F00
E01C00000700
E03C00000700
E03800000700
E03800000380
E03800000380
707800000380
7E7800000380
3FFFFFFFFF80
0FFFFFFFFF80
007000000000
007000000000
007800000000
007800000000
003800000000
003800000000
003800000000
003C00000000
001C00000000
001E00000000
000E00000000
000F00000000
000780000700
0003C0001F00
0001F0007E00
0000FF07FC00
00003FFFF000
00000FFF8000
000000700000
ENDCHAR
STARTCHAR uni04BE
ENCODING 1214
SWIDTH 888 0
DWIDTH 67 0
BBX 60 67 2 -14
BITMAP
00000003FFF00000
0000001FFFFE0000
0000007FFFFF8000
000001FC001FC000
000003F00003F000
000007C00000F800
00000F0000007C00
00001E0000003C00
00003C0000001E00
0000380000000F00
0000780000000700
0000F00000000780
E000F00000000380
E000E000000003C0
E001E000000003C0
E001C000000001C0
E001C000000001C0
E003C000000001E0
E0038000000000E0
E0038000000000E0
F0038000000000E0
70038000000000E0
78078000000000E0
78078000000000E0
3E078000000000F0
1FFFFFFFFFFFFFF0
0FFFFFFFFFFFFFF0
03FFFFFFFFFFFFE0
0007800000000000
0007800000000000
0007800000000000
0003800000000000
0003800000000000
0003800000000000
0003C00000000000
0003C00000000000
0001C00000000000
0001C00000000000
0001E00000000000
0000E00000000000
0000F00000000000
0000700000000000
0000780000000000
00003C0000000000
00001E0000000000
00001F0000000180
00000F80000007C0
000007E000000F80
000003F800003F00
000000FE0001FC00
0000003FFEFFF800
0000000FFFFFC000
00000001FFFF0000
000000000F800000
000000001E000000
000000003C000000
0000000038000000
0000000070000000
0000000070000000
0000000070000000
0000000070000000
0000000070000000
0000000070000000
0000000078000000
000000003F780000
000000001FF80000
000000000FF00000
ENDCHAR
STARTCHAR uni04BF
ENCODING 1215
SWIDTH 599 0
DWIDTH 45 0
BBX 41 51 2 -14
BITMAP
000003FC0000
00001FFF8000
00007FFFC000
0000FC03F000
0001E000F800
0003C0003800
000780001C00
400F00001E00
E00E00000E00
E01E00000F00
E01C00000700
E03C00000700
E03800000700
E03800000380
E03800000380
707800000380
7E7800000380
3FFFFFFFFF80
0FFFFFFFFF80
007000000000
007000000000
007800000000
007800000000
003800000000
003800000000
003800000000
003C00000000
001C00000000
001E00000000
000E00000000
000F00000000
000780000700
0003C0001F00
0001F0007E00
0000FF07FC00
00003FFFF000
00000FFF8000
000000780000
000000F00000
000001E00000
000001C00000
000003800000
000003800000
000003800000
000003800000
000003800000
000003800000
000001C00000
000001FBC000
000000FFC000
0000007F8000
ENDCHAR
STARTCHAR uni04C0
ENCODING 1216
SWIDTH 234 0
DWIDTH 18 0
BBX 3 53 7 0
BITMAP
E0
E0
E0
E0
E0
E0
E0
E0
E0
E0
E0
E0
E0
E0
E0
E0
E0
E0
E0
E0
E0
E0
E0
E0
E0
E0
E0
E0
E0
E0
E0
E0
E0
E0
E0
E0
E0
E0
E0
E0
E0
E0
E0
E0
E0
E0
E0
E0
E0
E0
E0
E0
E0
ENDCHAR
STARTCHAR uni04C1
ENCODING 1217
SWIDTH 928 0
DWIDTH 70 0
BBX 66 67 2 0
BITMAP
00001C00000C000000
00000E00001C000000
00000E00003C000000
000007000038000000
000007800070000000
000003C001F0000000
000001F003E0000000
000000FFFF80000000
0000003FFE00000000
00000007F800000000
000000000000000000
000000000000000000
000000000000000000
000000000000000000
1C000001C000001C00
1E000001C000001C00
0E000001C000003C00
0F000001C000007800
07800001C000007000
03C00001C00000F000
01C00001C00001E000
01E00001C00001C000
00F00001C00003C000
00700001C000078000
00780001C000070000
003C0001C0000F0000
001C0001C0001E0000
001E0001C0001C0000
000F0001C0003C0000
00070001C000780000
00078001C000700000
0003C001C000F00000
0001C001C001E00000
0001E001C001C00000
0000F001C003C00000
00007001C007800000
00007801C00F000000
00003C01C00E000000
00001C01C01E000000
00007FFFFFFF000000
0001FFFFFFFFC00000
0003FFFFFFFFF00000
0007C001C001F80000
000F0001C0007C0000
001E0001C0003E0000
003C0001C0000E0000
00780001C0000F0000
00700001C000078000
00F00001C000038000
00E00001C00003C000
01E00001C00001C000
01C00001C00001E000
03C00001C00000E000
03800001C00000F000
07800001C000007000
07000001C000007800
0F000001C000003800
0E000001C000003C00
1E000001C000001C00
1C000001C000001E00
3C000001C000000E00
38000001C000000F00
78000001C000000700
70000001C000000780
F0000001C000000380
E0000001C0000003C0
E0000001C0000001C0
ENDCHAR
STARTCHAR uni04C2
ENCODING 1218
SWIDTH 748 0
DWIDTH 56 0
BBX 54 51 1 0
BITMAP
0001C0000E0000
0001C0000E0000
0000E0001C0000
0000E0001C0000
00007000380000
00003800780000
00003E01F00000
00000FFFE00000
000007FF800000
000000FC000000
00000000000000
00000000000000
00000000000000
00000000000000
08000010000040
1C0000380000E0
1E0000780001E0
0F0000780003C0
07000078000380
07800078000780
03C00078000F00
01E00078001E00
00F00078003C00
00700078003800
00380078007800
003C007800F000
001E007801E000
000F007803C000
00078078038000
00038078070000
0003C0780F0000
0003FFFFFF0000
000FFFFFFFC000
001FFFFFFFE000
003E007801F000
00780078007800
00700078003800
00E00078001C00
01E00078001E00
01C00078000E00
03800078000700
07800078000780
07000078000380
0F0000780003C0
0E0000780001E0
1C0000780000E0
3C0000780000F0
38000078000070
78000078000038
F000007800003C
E000003800001C
ENDCHAR
STARTCHAR uni04C3
ENCODING 1219
SWIDTH 641 0
DWIDTH 48 0
BBX 36 67 7 -14
BITMAP
E0000001C0
E0000003C0
E000000780
E000000700
E000000F00
E000001E00
E000001C00
E000003C00
E000007800
E000007000
E00000F000
E00001E000
E00001C000
E00003C000
E000078000
E0000F0000
E0000E0000
E0001E0000
E0003C0000
E000380000
E000780000
E000F00000
E000E00000
E001E00000
E003C00000
FFFFFF0000
FFFFFFE000
FFFFFFF000
E00001FC00
E000007E00
E000001F00
E000000F80
E000000780
E0000003C0
E0000001C0
E0000001E0
E0000000E0
E0000000E0
E0000000F0
E000000070
E000000070
E000000070
E000000070
E000000070
E000000070
E000000070
E000000070
E000000070
E000000070
E000000070
E000000070
E000000070
E000000070
0000000070
0000000070
0000000070
00000000F0
00000000E0
00000000E0
00000001E0
00000001C0
00000003C0
0000000F80
0003803F00
0003FFFE00
0003FFF800
00007FE000
ENDCHAR
STARTCHAR uni04C4
ENCODING 1220
SWIDTH 514 0
DWIDTH 39 0
BBX 28 51 7 -14
BITMAP
40000080
E00001C0
E00003C0
E0000380
E0000780
E0000F00
E0001E00
E0003C00
E0003800
E0007800
E000F000
E001E000
E003C000
E0038000
E0070000
E00F0000
E01E0000
FFFFC000
FFFFF800
FFFFFE00
E0001F00
E0000780
E0000380
E00001C0
E00001C0
E00000E0
E00000E0
E00000E0
E00000E0
E00000F0
E00000F0
E00000F0
E00000F0
E00000F0
E00000F0
E00000F0
E00000E0
000000E0
000000E0
000000E0
000000E0
000001C0
000001C0
000003C0
00000780
00000F00
00001E00
0000FC00
0003F800
0003E000
00010000
ENDCHAR
STARTCHAR uni04C5
ENCODING 1221
SWIDTH 741 0
DWIDTH 56 0
BBX 53 65 2 -12
BITMAP
0007FFFFFFF800
0007FFFFFFFC00
0007FFFFFFFC00
00070000003C00
00070000003C00
00070000003C00
00070000003C00
00070000003C00
00070000003C00
00070000003C00
00070000003C00
00070000003C00
00070000003C00
00070000003C00
00070000003C00
00070000003C00
00070000003C00
00070000003C00
00070000003C00
00070000003C00
000F0000003C00
00070000003C00
000F0000003C00
000E0000003C00
000E0000003C00
000E0000003C00
000E0000003C00
000E0000003C00
000E0000003C00
000E0000003C00
000E0000003C00
000E0000003C00
001E0000003C00
001C0000003C00
001C0000003C00
001C0000003C00
001C0000003C00
003C0000003C00
00380000003C00
00380000003C00
00780000003C00
00700000003C00
00F00000003C00
00E00000003C00
01E00000003C00
01C00000003C00
03C00000003C00
07800000003C00
0F000000003C00
3E000000003C00
7C000000003FF8
F8000000003FF8
E0000000001FF8
40000000000038
00000000000070
00000000000070
00000000000070
000000000000E0
000000000000E0
000000000000E0
000000000001C0
000000000001C0
000000000001C0
00000000000380
00000000000100
ENDCHAR
STARTCHAR uni04C6
ENCODING 1222
SWIDTH 574 0
DWIDTH 43 0
BBX 38 46 2 -10
BITMAP
007FFFFF80
007FFFFF80
0070000380
0070000380
0070000380
0070000380
0070000380
0070000380
0070000380
0070000380
0070000380
0070000380
0070000380
0070000380
0070000380
0070000380
0070000380
0070000380
0070000380
0070000380
00F0000380
00E0000380
00E0000380
00E0000380
00E0000380
01E0000380
01C0000380
01C0000380
0380000380
0780000380
0700000380
0F00000380
1E00000380
7C000003F8
F8000003FC
F0000003FC
0000000038
0000000038
0000000038
0000000070
0000000070
0000000070
00000000E0
00000000E0
00000000E0
00000000C0
ENDCHAR
STARTCHAR uni04C7
ENCODING 1223
SWIDTH 751 0
DWIDTH 56 0
BBX 42 67 7 -14
BITMAP
E000000001C0
E000000001C0
E000000001C0
E000000001C0
E000000001C0
E000000001C0
E000000001C0
E000000001C0
E000000001C0
E000000001C0
E000000001C0
E000000001C0
E000000001C0
E000000001C0
E000000001C0
E000000001C0
E000000001C0
E000000001C0
E000000001C0
E000000001C0
E000000001C0
E000000001C0
E000000001C0
E000000001C0
E000000001C0
FFFFFFFFFFC0
FFFFFFFFFFC0
FFFFFFFFFFC0
E000000001C0
E000000001C0
E000000001C0
E000000001C0
E000000001C0
E000000001C0
E000000001C0
E000000001C0
E000000001C0
E000000001C0
E000000001C0
E000000001C0
E000000001C0
E000000001C0
E000000001C0
E000000001C0
E000000001C0
E000000001C0
E000000001C0
E000000001C0
E000000001C0
E000000001C0
E000000001C0
E000000001C0
E000000001C0
0000000001C0
0000000001C0
0000000001C0
0000000001C0
0000000001C0
0000000001C0
000000000380
000000000380
000000000780
000000000F00
000000001E00
00000003FE00
0000000FF800
0000000FE000
ENDCHAR
STARTCHAR uni04C8
ENCODING 1224
SWIDTH 568 0
DWIDTH 43 0
BBX 29 51 7 -14
BITMAP
C0000010
E0000038
E0000038
E0000038
E0000038
E0000038
E0000038
E0000038
E0000038
E0000038
E0000038
E0000038
E0000038
E0000038
E0000038
E0000038
E0000038
FFFFFFF8
FFFFFFF8
FFFFFFF8
E0000038
E0000038
E0000038
E0000038
E0000038
E0000038
E0000038
E0000038
E0000038
E0000038
E0000038
E0000038
E0000038
E0000038
E0000038
E0000038
E0000038
00000038
00000038
00000038
00000038
00000038
00000078
00000070
00000070
000000F0
000001E0
000007C0
00007F80
0001FF00
0001FC00
ENDCHAR
STARTCHAR uni04C9
ENCODING 1225
SWIDTH 761 0
DWIDTH 57 0
BBX 50 65 7 -12
BITMAP
E000000001C000
E000000001C000
E000000001C000
E000000001C000
E000000001C000
E000000001C000
E000000001C000
E000000001C000
E000000001C000
E000000001C000
E000000001C000
E000000001C000
E000000001C000
E000000001C000
E000000001C000
E000000001C000
E000000001C000
E000000001C000
E000000001C000
E000000001C000
E000000001C000
E000000001C000
E000000001C000
E000000001C000
E000000001C000
FFFFFFFFFFC000
FFFFFFFFFFC000
FFFFFFFFFFC000
E000000001C000
E000000001C000
E000000001C000
E000000001C000
E000000001C000
E000000001C000
E000000001C000
E000000001C000
E000000001C000
E000000001C000
E000000001C000
E000000001C000
E000000001C000
E000000001C000
E000000001C000
E000000001C000
E000000001C000
E000000001C000
E000000001C000
E000000001C000
E000000001C000
E000000001C000
E000000001FF80
E000000001FFC0
E000000001FF80
00000000000380
00000000000380
00000000000700
00000000000700
00000000000700
00000000000E00
00000000000E00
00000000000E00
00000000001C00
00000000001C00
00000000001C00
00000000000800
ENDCHAR
STARTCHAR uni04CA
ENCODING 1226
SWIDTH 588 0
DWIDTH 44 0
BBX 34 47 7 -10
BITMAP
C000001000
E000003800
E000003800
E000003800
E000003800
E000003800
E000003800
E000003800
E000003800
E000003800
E000003800
E000003800
E000003800
E000003800
E000003800
E000003800
E000003800
FFFFFFF800
FFFFFFF800
FFFFFFF800
E000003800
E000003800
E000003800
E000003800
E000003800
E000003800
E000003800
E000003800
E000003800
E000003800
E000003800
E000003800
E000003800
E000003800
E000003F80
E000003FC0
E000003FC0
0000000380
0000000380
0000000380
0000000700
0000000700
0000000700
0000000E00
0000000E00
0000000E00
0000000C00
ENDCHAR
STARTCHAR uni04CB
ENCODING 1227
SWIDTH 657 0
DWIDTH 49 0
BBX 37 65 5 -12
BITMAP
E000000038
E000000038
E000000038
E000000038
E000000038
E000000038
E000000038
E000000038
E000000038
E000000038
E000000038
E000000038
E000000038
E000000038
E000000038
E000000038
E000000038
F000000038
F000000038
7000000038
7000000038
7800000038
3800000038
3C00000038
1E00000038
0F00000038
0F80000078
07E00003F8
03FC001FF8
00FFFFFFB8
003FFFFE38
0007FFF038
0000000038
0000000038
0000000038
0000000038
0000000038
0000000038
0000000038
0000000038
0000000038
0000000038
0000000038
0000000038
0000000038
0000000038
0000000038
0000000038
0000000038
0000000038
0000001FF8
0000003FF8
0000003FF8
0000003800
0000003800
0000003800
0000003800
0000003800
0000003800
0000003800
0000003800
0000003800
0000003800
0000003800
0000001000
ENDCHAR
STARTCHAR uni04CC
ENCODING 1228
SWIDTH 532 0
DWIDTH 40 0
BBX 28 47 5 -10
BITMAP
40000020
E0000070
E0000070
E0000070
E0000070
E0000070
E0000070
E0000070
E0000070
E0000070
E0000070
E0000070
E0000070
F0000070
F0000070
70000070
78000070
78000070
3C0000F0
1E0003F0
0FC00FF0
07FFFF70
03FFFC70
007FE070
00000070
00000070
00000070
00000070
00000070
00000070
00000070
00000070
00000070
00000070
00000FF0
00000FF0
00000FF0
00000E00
00000E00
00000E00
00000E00
00000E00
00000E00
00000E00
00000E00
00000E00
00000C00
ENDCHAR
STARTCHAR uni04CD
ENCODING 1229
SWIDTH 854 0
DWIDTH 64 0
BBX 56 65 7 -12
BITMAP
E0000000000380
F0000000000380
F0000000000780
F8000000000F80
F8000000000F80
FC000000001F80
FC000000001F80
EE000000003F80
EE000000003B80
E7000000007B80
E7000000007380
E380000000E380
E3C0000000E380
E1C0000001C380
E1E0000001C380
E0E00000038380
E0700000038380
E0700000070380
E0380000070380
E03800000E0380
E01C00000E0380
E01C00001C0380
E00E00001C0380
E00E0000380380
E0070000380380
E0070000700380
E0038000F00380
E0038000E00380
E001C001E00380
E001C001C00380
E000E003C00380
E000F003800380
E0007007000380
E0003807000380
E000380E000380
E0001C0E000380
E0001C1C000380
E0000E1C000380
E0000E38000380
E0000738000380
E0000770000380
E00003F0000380
E00003E0000380
E00001E0000380
E00001C0000380
E0000000000380
E0000000000380
E0000000000380
E0000000000380
E0000000000380
E00000000003FF
E00000000003FF
E00000000003FF
00000000000007
00000000000007
0000000000000E
0000000000000E
0000000000000C
0000000000001C
0000000000001C
00000000000018
00000000000038
00000000000038
00000000000030
00000000000010
ENDCHAR
STARTCHAR uni04CE
ENCODING 1230
SWIDTH 656 0
DWIDTH 49 0
BBX 39 47 7 -10
BITMAP
C000000080
E0000001C0
E0000003C0
F0000003C0
F0000007C0
F8000007C0
F800000FC0
DC00000FC0
DC00001FC0
CE00001DC0
CF000039C0
C7000039C0
C7800071C0
C38000F1C0
C1C000E1C0
C1C001E1C0
C0E001C1C0
C0E00381C0
C0700381C0
C0700701C0
C0380701C0
C03C0E01C0
C01C0E01C0
C00E1C01C0
C00E3C01C0
C0073801C0
C0077001C0
C003F001C0
C003E001C0
C001E001C0
C001C001C0
C0008001C0
C0000001C0
C0000001C0
C0000001FE
C0000001FE
C0000000FE
000000000E
000000000C
000000001C
000000001C
0000000038
0000000038
0000000038
0000000070
0000000070
0000000070
ENDCHAR
STARTCHAR uni04CF
ENCODING 1231
SWIDTH 218 0
DWIDTH 16 0
BBX 3 53 7 0
BITMAP
E0
E0
E0
E0
E0
E0
E0
E0
E0
E0
E0
E0
E0
E0
E0
E0
E0
E0
E0
E0
E0
E0
E0
E0
E0
E0
E0
E0
E0
E0
E0
E0
E0
E0
E0
E0
E0
E0
E0
E0
E0
E0
E0
E0
E0
E0
E0
E0
E0
E0
E0
E0
E0
ENDCHAR
STARTCHAR uni04D0
ENCODING 1232
SWIDTH 716 0
DWIDTH 54 0
BBX 48 67 3 0
BITMAP
003800003800
001C00003800
001C00007800
000E00007000
000F0000E000
00078003E000
0003E007C000
0001FFFF0000
00007FFC0000
00000FF00000
000000000000
000000000000
000000000000
000000000000
000003800000
000003C00000
000007C00000
000007E00000
00000FE00000
00000EF00000
00000E700000
00001C700000
00001C380000
00003C380000
0000381C0000
0000781C0000
0000701E0000
0000700E0000
0000E00F0000
0000E0070000
0001E0070000
0001C0078000
0003C0038000
00038003C000
00038001C000
00070001E000
00070000E000
000F0000E000
000E0000F000
001E00007000
001C00007800
001C00003800
003C00003C00
003800001C00
007800001C00
007000001E00
00F000000E00
00E000000F00
00E000000700
01FFFFFFFF80
01FFFFFFFF80
03FFFFFFFF80
0380000003C0
0780000001C0
0700000001E0
0700000000E0
0E00000000F0
0E0000000070
1E0000000070
1C0000000078
3C0000000038
38000000003C
38000000001C
70000000001E
70000000000E
F0000000000E
E00000000007
ENDCHAR
STARTCHAR uni04D1
ENCODING 1233
SWIDTH 520 0
DWIDTH 39 0
BBX 28 52 5 -1
BITMAP
1C0000E0
1C0000E0
0E0001C0
0E0001C0
07000380
03800780
03E01F00
00FFFE00
007FF800
000FC000
00000000
00000000
00000000
00000000
001FE000
01FFFC00
07FFFF00
1FE01F80
3F000780
3C0003C0
100001C0
000001E0
000000E0
000000E0
000000E0
000000E0
000000F0
000000F0
000000F0
000000F0
00003FF0
00FFFFF0
07FFFFF0
1FFC00F0
3F0000F0
7C0000F0
780000F0
F00000F0
F00000F0
F00000F0
E00000F0
F00001F0
F00001F0
F00003F0
700003F0
780007F0
3C000EF0
1E003CF0
0FC1F8F0
07FFF0F0
01FFC060
000E0000
ENDCHAR
STARTCHAR uni04D2
ENCODING 1234
SWIDTH 716 0
DWIDTH 54 0
BBX 48 66 3 0
BITMAP
0000F00F0000
0001F01F0000
0001F01F0000
0001F00F0000
000060060000
000000000000
000000000000
000000000000
000000000000
000000000000
000000000000
000000000000
000000000000
000003800000
000003C00000
000007C00000
000007E00000
00000FE00000
00000EF00000
00000E700000
00001C700000
00001C380000
00003C380000
0000381C0000
0000781C0000
0000701E0000
0000700E0000
0000E00F0000
0000E0070000
0001E0070000
0001C0078000
0003C0038000
00038003C000
00038001C000
00070001E000
00070000E000
000F0000E000
000E0000F000
001E00007000
001C00007800
001C00003800
003C00003C00
003800001C00
007800001C00
007000001E00
00F000000E00
00E000000F00
00E000000700
01FFFFFFFF80
01FFFFFFFF80
03FFFFFFFF80
0380000003C0
0780000001C0
0700000001E0
0700000000E0
0E00000000F0
0E0000000070
1E0000000070
1C0000000078
3C0000000038
38000000003C
38000000001C
70000000001E
70000000000E
F0000000000E
E00000000007
ENDCHAR
STARTCHAR uni04D3
ENCODING 1235
SWIDTH 520 0
DWIDTH 39 0
BBX 28 52 5 -1
BITMAP
01E01E00
01E01F00
01F01F00
01E01E00
00C00C00
00000000
00000000
00000000
00000000
00000000
00000000
00000000
00000000
00000000
001FE000
01FFFC00
07FFFF00
1FE01F80
3F000780
3C0003C0
100001C0
000001E0
000000E0
000000E0
000000E0
000000E0
000000F0
000000F0
000000F0
000000F0
00003FF0
00FFFFF0
07FFFFF0
1FFC00F0
3F0000F0
7C0000F0
780000F0
F00000F0
F00000F0
F00000F0
E00000F0
F00001F0
F00001F0
F00003F0
700003F0
780007F0
3C000EF0
1E003CF0
0FC1F8F0
07FFF0F0
01FFC060
000E0000
ENDCHAR
STARTCHAR uni04D4
ENCODING 1236
SWIDTH 971 0
DWIDTH 73 0
BBX 69 53 1 0
BITMAP
00000001FFFFFFFFF0
00000003FFFFFFFFF8
00000007FFFFFFFFF0
00000007C000000000
0000000EE000000000
0000001EE000000000
0000001CE000000000
0000003CE000000000
00000038E000000000
000000707000000000
000000F07000000000
000000E07000000000
000001E07000000000
000001C03800000000
000003C03800000000
000007803800000000
000007003800000000
00000F003800000000
00000E001C00000000
00001E001C00000000
00001C001C00000000
000038001C00000000
000078001C00000000
000070000E00000000
0000F0000E00000000
0000E0000FFFFFFFE0
0001C0000FFFFFFFE0
0003C0000FFFFFFFC0
000380000700000000
000780000700000000
000700000700000000
000E00000700000000
001E00000380000000
001C00000380000000
003C00000380000000
003FFFFFFF80000000
007FFFFFFF80000000
00FFFFFFFFC0000000
00E0000001C0000000
01E0000001C0000000
01C0000001C0000000
03C0000001C0000000
0780000000E0000000
0700000000E0000000
0F00000000E0000000
0E00000000E0000000
1E00000000E0000000
3C0000000070000000
380000000070000000
780000000070000000
70000000007FFFFFF0
F0000000003FFFFFF8
E0000000003FFFFFF0
ENDCHAR
STARTCHAR uni04D5
ENCODING 1237
SWIDTH 863 0
DWIDTH 65 0
BBX 56 38 5 -1
BITMAP
001FF00007F800
01FFFC003FFF00
07FFFF007FFFC0
1FE01F81F807E0
3F0007C3E001F0
3C0003C7800078
100001EF000038
000000EE00003C
000000FE00001C
000000FC00000E
0000007800000E
0000007800000E
0000007800000E
00000078000007
00000070000007
00000070000007
000017FFFFFFFF
00FFFFFFFFFFFF
07FFFFFFFFFFFF
1FFC0070000000
3F000070000000
7C000070000000
78000070000000
F0000070000000
F00000F8000000
F00000F8000000
E00000F8000000
F00000FC000000
F00001DC000000
F00001DE000000
7000038F000000
7800070F80000E
3C000F07C0003E
1E003E03F000FC
0FC1FC01FF0FF8
07FFF0007FFFE0
01FFE0001FFF80
000C000000E000
ENDCHAR
STARTCHAR uni04D6
ENCODING 1238
SWIDTH 570 0
DWIDTH 43 0
BBX 32 67 7 0
BITMAP
0C00000C
0E00001C
0E00001C
07000038
07800078
03C000F0
01F003E0
00FFFFC0
003FFF00
0007F800
00000000
00000000
00000000
00000000
7FFFFFFF
FFFFFFFF
FFFFFFFF
E0000000
E0000000
E0000000
E0000000
E0000000
E0000000
E0000000
E0000000
E0000000
E0000000
E0000000
E0000000
E0000000
E0000000
E0000000
E0000000
E0000000
E0000000
E0000000
E0000000
E0000000
E0000000
FFFFFFFE
FFFFFFFE
FFFFFFFC
E0000000
E0000000
E0000000
E0000000
E0000000
E0000000
E0000000
E0000000
E0000000
E0000000
E0000000
E0000000
E0000000
E0000000
E0000000
E0000000
E0000000
E0000000
E0000000
E0000000
E0000000
E0000000
FFFFFFFF
FFFFFFFF
7FFFFFFF
ENDCHAR
STARTCHAR uni04D7
ENCODING 1239
SWIDTH 529 0
DWIDTH 40 0
BBX 32 52 4 -1
BITMAP
07000038
07000038
03800070
03800070
01C000E0
01E001E0
00F807C0
003FFF80
001FFE00
0003F000
00000000
00000000
00000000
00000000
0007F800
003FFF00
00FFFF80
01F807E0
03C001F0
07800070
0F000038
1E00003C
1C00001C
3800001E
3800000E
7800000E
7000000E
70000007
70000007
F0000007
F0000007
FFFFFFFF
FFFFFFFF
E0000000
E0000000
F0000000
F0000000
70000000
70000000
70000000
78000000
38000000
3C000000
1C000000
1E000000
0F00000E
0780003E
03E000FC
01FE0FF8
007FFFE0
001FFF00
0000E000
ENDCHAR
STARTCHAR uni04D8
ENCODING 1240
SWIDTH 754 0
DWIDTH 57 0
BBX 46 54 5 -1
BITMAP
0007FFF80000
003FFFFF0000
00FFFFFFC000
03FC0007F000
0FE00001F800
1F8000007C00
3E0000001E00
3C0000000F00
300000000780
0000000003C0
0000000001C0
0000000001E0
0000000000E0
0000000000F0
000000000070
000000000078
000000000038
000000000038
000000000038
00000000003C
00000000003C
00000000001C
00000000001C
00000000001C
00000000001C
FFFFFFFFFFFC
FFFFFFFFFFFC
FFFFFFFFFFFC
E0000000001C
E0000000001C
E0000000001C
F0000000001C
F0000000003C
F0000000003C
70000000003C
700000000038
700000000038
780000000078
380000000078
380000000070
3C00000000F0
1C00000000E0
1E00000001E0
0F00000003C0
0700000007C0
078000000780
03C000001F00
01F000003E00
00FC0000FC00
007F0003F800
001FFEFFE000
0007FFFF8000
0001FFFE0000
000003800000
ENDCHAR
STARTCHAR uni04D9
ENCODING 1241
SWIDTH 529 0
DWIDTH 40 0
BBX 31 38 4 -1
BITMAP
003FC000
03FFFC00
0FFFFF00
3FC03F80
7E0007C0
780001E0
700000F0
00000078
00000038
0000003C
0000001C
0000001C
0000001E
0000000E
0000000E
0000000E
0000000E
0000000E
7FFFFFFE
FFFFFFFE
FFFFFFFE
E000000E
E000000E
E000000E
E000000E
E000001E
7000001C
7000001C
70000038
38000038
3C000070
1E0000F0
1F0001E0
0F8007C0
07F87F80
01FFFE00
007FF800
00078000
ENDCHAR
STARTCHAR uni04DA
ENCODING 1242
SWIDTH 754 0
DWIDTH 57 0
BBX 46 67 5 -1
BITMAP
0001E01E0000
0003E03E0000
0003E03E0000
0001E01E0000
0000C00C0000
000000000000
000000000000
000000000000
000000000000
000000000000
000000000000
000000000000
000000000000
0007FFF80000
003FFFFF0000
00FFFFFFC000
03FC0007F000
0FE00001F800
1F8000007C00
3E0000001E00
3C0000000F00
300000000780
0000000003C0
0000000001C0
0000000001E0
0000000000E0
0000000000F0
000000000070
000000000078
000000000038
000000000038
000000000038
00000000003C
00000000003C
00000000001C
00000000001C
00000000001C
00000000001C
FFFFFFFFFFFC
FFFFFFFFFFFC
FFFFFFFFFFFC
E0000000001C
E0000000001C
E0000000001C
F0000000001C
F0000000003C
F0000000003C
70000000003C
700000000038
700000000038
780000000078
380000000078
380000000070
3C00000000F0
1C00000000E0
1E00000001E0
0F00000003C0
0700000007C0
078000000780
03C000001F00
01F000003E00
00FC0000FC00
007F0003F800
001FFEFFE000
0007FFFF8000
0001FFFE0000
000003800000
ENDCHAR
STARTCHAR uni04DB
ENCODING 1243
SWIDTH 529 0
DWIDTH 40 0
BBX 31 52 4 -1
BITMAP
01E01E00
03E03E00
03E03E00
03E03E00
01C00C00
00000000
00000000
00000000
00000000
00000000
00000000
00000000
00000000
00000000
003FC000
03FFFC00
0FFFFF00
3FC03F80
7E0007C0
780001E0
700000F0
00000078
00000038
0000003C
0000001C
0000001C
0000001E
0000000E
0000000E
0000000E
0000000E
0000000E
7FFFFFFE
FFFFFFFE
FFFFFFFE
E000000E
E000000E
E000000E
E000000E
E000001E
7000001C
7000001C
70000038
38000038
3C000070
1E0000F0
1F0001E0
0F8007C0
07F87F80
01FFFE00
007FF800
00078000
ENDCHAR
STARTCHAR uni04DC
ENCODING 1244
SWIDTH 928 0
DWIDTH 70 0
BBX 66 66 2 0
BITMAP
000000780780000000
000000F80F80000000
000000F80F80000000
000000F80780000000
000000300300000000
000000000000000000
000000000000000000
000000000000000000
000000000000000000
000000000000000000
000000000000000000
000000000000000000
000000000000000000
1C000001C000001C00
1E000001C000001C00
0E000001C000003C00
0F000001C000007800
07800001C000007000
03C00001C00000F000
01C00001C00001E000
01E00001C00001C000
00F00001C00003C000
00700001C000078000
00780001C000070000
003C0001C0000F0000
001C0001C0001E0000
001E0001C0001C0000
000F0001C0003C0000
00070001C000780000
00078001C000700000
0003C001C000F00000
0001C001C001E00000
0001E001C001C00000
0000F001C003C00000
00007001C007800000
00007801C00F000000
00003C01C00E000000
00001C01C01E000000
00007FFFFFFF000000
0001FFFFFFFFC00000
0003FFFFFFFFF00000
0007C001C001F80000
000F0001C0007C0000
001E0001C0003E0000
003C0001C0000E0000
00780001C0000F0000
00700001C000078000
00F00001C000038000
00E00001C00003C000
01E00001C00001C000
01C00001C00001E000
03C00001C00000E000
03800001C00000F000
07800001C000007000
07000001C000007800
0F000001C000003800
0E000001C000003C00
1E000001C000001C00
1C000001C000001E00
3C000001C000000E00
38000001C000000F00
78000001C000000700
70000001C000000780
F0000001C000000380
E0000001C0000003C0
E0000001C0000001C0
ENDCHAR
STARTCHAR uni04DD
ENCODING 1245
SWIDTH 748 0
DWIDTH 56 0
BBX 54 51 1 0
BITMAP
00001E01E00000
00001E01F00000
00003F01F00000
00001E01E00000
00000C00C00000
00000000000000
00000000000000
00000000000000
00000000000000
00000000000000
00000000000000
00000000000000
00000000000000
00000000000000
08000010000040
1C0000380000E0
1E0000780001E0
0F0000780003C0
07000078000380
07800078000780
03C00078000F00
01E00078001E00
00F00078003C00
00700078003800
00380078007800
003C007800F000
001E007801E000
000F007803C000
00078078038000
00038078070000
0003C0780F0000
0003FFFFFF0000
000FFFFFFFC000
001FFFFFFFE000
003E007801F000
00780078007800
00700078003800
00E00078001C00
01E00078001E00
01C00078000E00
03800078000700
07800078000780
07000078000380
0F0000780003C0
0E0000780001E0
1C0000780000E0
3C0000780000F0
38000078000070
78000078000038
F000007800003C
E000003800001C
ENDCHAR
STARTCHAR uni04DE
ENCODING 1246
SWIDTH 645 0
DWIDTH 48 0
BBX 39 67 4 -1
BITMAP
000F00F000
000F00F000
001F00F800
000F00F000
0006006000
0000000000
0000000000
0000000000
0000000000
0000000000
0000000000
0000000000
0000000000
000FFFF000
007FFFFC00
01FFFFFF00
07F8001F80
1FC00007C0
3F000001E0
7C000000F0
7000000070
2000000078
0000000038
0000000038
000000003C
000000003C
000000001C
000000001C
000000003C
000000003C
0000000038
0000000038
0000000078
00000000F0
00000000F0
00000003E0
0000000FC0
0000007F00
007FFFFC00
00FFFFFE00
007FFFFF80
0000000FE0
00000001F0
00000000F8
0000000078
000000003C
000000001C
000000001E
000000001E
000000000E
000000000E
000000000E
000000000E
000000000E
000000000E
000000001E
000000001C
C00000001C
E00000003C
F800000078
7C000000F0
3F800003F0
1FE0000FE0
07FFEFFF80
01FFFFFF00
001FFFF800
0000180000
ENDCHAR
STARTCHAR uni04DF
ENCODING 1247
SWIDTH 477 0
DWIDTH 36 0
BBX 29 52 3 -1
BITMAP
01E01E00
03E03E00
03E03E00
03E01E00
00C00C00
00000000
00000000
00000000
00000000
00000000
00000000
00000000
00000000
00000000
003FE000
03FFFC00
0FFFFF00
3FC01F80
7E0007C0
F80001E0
600001E0
000000E0
000000E0
000000F0
000000F0
000000F0
000000E0
000000E0
000001E0
000003C0
00000F80
007FFF00
007FFC00
007FFF00
000007C0
000001E0
000000F0
00000070
00000070
00000078
00000078
00000078
00000078
00000078
40000070
E00000F0
F80001E0
7E0007C0
3FF0FFC0
0FFFFF00
01FFFC00
00070000
ENDCHAR
STARTCHAR uni04E0
ENCODING 1248
SWIDTH 645 0
DWIDTH 48 0
BBX 39 54 4 -1
BITMAP
7FFFFFFFF8
FFFFFFFFF8
7FFFFFFFF8
00000000F0
00000001E0
00000003C0
00000007C0
0000000780
0000000F00
0000001E00
0000003C00
0000007800
000000F000
000001E000
000001E000
000003C000
0000078000
00000F0000
00001E0000
00003C0000
0000780000
0000F00000
0000F00000
0001E00000
0003C00000
0007FFF000
0007FFFE00
0003FFFF80
0000000FE0
00000003F0
00000000F8
0000000078
000000003C
000000001C
000000001E
000000001E
000000000E
000000000E
000000000E
000000000E
000000000E
000000000E
000000001E
000000001C
C00000001C
E00000003C
F800000078
7E000000F0
3F800003F0
1FF0000FE0
07FFEFFF80
01FFFFFF00
003FFFF800
0000180000
ENDCHAR
STARTCHAR uni04E1
ENCODING 1249
SWIDTH 476 0
DWIDTH 36 0
BBX 31 50 2 -14
BITMAP
FFFFFFF8
FFFFFFF8
000000F0
000000E0
000001E0
000003C0
00000780
00000F00
00001E00
00003C00
00007800
00007000
0000E000
0001E000
0003C000
00078000
000F0000
001E0000
003C0000
00380000
00700000
00FFFC00
01FFFF00
00FFFFC0
000007E0
000001F0
00000078
00000038
0000003C
0000001C
0000001E
0000001E
0000000E
0000000E
0000000E
0000000E
0000000E
0000000E
0000001E
0000001E
0000001C
0000003C
00000038
C0000078
F00000F0
F80003E0
7F800FC0
1FFFFF80
07FFFE00
00FFF000
ENDCHAR
STARTCHAR uni04E2
ENCODING 1250
SWIDTH 732 0
DWIDTH 55 0
BBX 41 65 7 0
BITMAP
003FFFFE0000
007FFFFF0000
007FFFFF0000
000000000000
000000000000
000000000000
000000000000
000000000000
000000000000
000000000000
000000000000
000000000000
E00000000380
E00000000780
E00000000F80
E00000000F80
E00000001F80
E00000003F80
E00000007B80
E00000007380
E0000000F380
E0000001E380
E0000003C380
E00000038380
E00000078380
E000000F0380
E000000E0380
E000001C0380
E000003C0380
E00000780380
E00000700380
E00000F00380
E00001E00380
E00003C00380
E00003800380
E00007800380
E0000F000380
E0001E000380
E0001C000380
E0003C000380
E00078000380
E00070000380
E000E0000380
E001E0000380
E003C0000380
E00380000380
E00700000380
E00F00000380
E01E00000380
E01C00000380
E03C00000380
E07800000380
E0F000000380
E0E000000380
E1E000000380
E3C000000380
E78000000380
E70000000380
EF0000000380
FE0000000380
FC0000000380
F80000000380
F80000000380
F00000000380
E00000000380
ENDCHAR
STARTCHAR uni04E3
ENCODING 1251
SWIDTH 566 0
DWIDTH 42 0
BBX 29 50 7 0
BITMAP
0FFFFF80
0FFFFF80
07FFFE00
00000000
00000000
00000000
00000000
00000000
00000000
00000000
00000000
00000000
00000000
C0000030
E0000078
E0000078
E00000F8
E00001F8
E00003F8
E00003B8
E0000738
E0000F38
E0001E38
E0001C38
E0003838
E0007838
E000F038
E000E038
E001C038
E003C038
E0078038
E0070038
E00F0038
E01E0038
E03C0038
E0380038
E0780038
E0F00038
E1E00038
E1C00038
E3C00038
E7800038
EF000038
EE000038
FE000038
FC000038
F8000038
F0000038
F0000038
E0000038
ENDCHAR
STARTCHAR uni04E4
ENCODING 1252
SWIDTH 732 0
DWIDTH 55 0
BBX 41 66 7 0
BITMAP
000F00700000
000F80F80000
000F80F80000
000F80F80000
000700700000
000000000000
000000000000
000000000000
000000000000
000000000000
000000000000
000000000000
000000000000
E00000000380
E00000000780
E00000000F80
E00000000F80
E00000001F80
E00000003F80
E00000007B80
E00000007380
E0000000F380
E0000001E380
E0000003C380
E00000038380
E00000078380
E000000F0380
E000000E0380
E000001C0380
E000003C0380
E00000780380
E00000700380
E00000F00380
E00001E00380
E00003C00380
E00003800380
E00007800380
E0000F000380
E0001E000380
E0001C000380
E0003C000380
E00078000380
E00070000380
E000E0000380
E001E0000380
E003C0000380
E00380000380
E00700000380
E00F00000380
E01E00000380
E01C00000380
E03C00000380
E07800000380
E0F000000380
E0E000000380
E1E000000380
E3C000000380
E78000000380
E70000000380
EF0000000380
FE0000000380
FC0000000380
F80000000380
F80000000380
F00000000380
E00000000380
ENDCHAR
STARTCHAR uni04E5
ENCODING 1253
SWIDTH 566 0
DWIDTH 42 0
BBX 29 51 7 0
BITMAP
03C03C00
03E03E00
03E03E00
03C03E00
01801C00
00000000
00000000
00000000
00000000
00000000
00000000
00000000
00000000
00000000
C0000030
E0000078
E0000078
E00000F8
E00001F8
E00003F8
E00003B8
E0000738
E0000F38
E0001E38
E0001C38
E0003838
E0007838
E000F038
E000E038
E001C038
E003C038
E0078038
E0070038
E00F0038
E01E0038
E03C0038
E0380038
E0780038
E0F00038
E1E00038
E1C00038
E3C00038
E7800038
EF000038
EE000038
FE000038
FC000038
F8000038
F0000038
F0000038
E0000038
ENDCHAR
STARTCHAR uni04E6
ENCODING 1254
SWIDTH 751 0
DWIDTH 56 0
BBX 46 67 5 -1
BITMAP
0001E01E0000
0001F01F0000
0001F01F0000
0001E01F0000
0000C00C0000
000000000000
000000000000
000000000000
000000000000
000000000000
000000000000
000000000000
000000000000
0000FFFC0000
0007FFFF8000
001FFFFFE000
003F8003F800
00FC0000FC00
01F000003E00
03E000001F00
03C000000780
078000000780
0F00000003C0
0E00000001E0
1E00000000E0
1C00000000F0
3C0000000070
380000000070
780000000078
780000000038
700000000038
70000000003C
70000000003C
F0000000003C
F0000000001C
F0000000001C
F0000000001C
E0000000001C
E0000000001C
E0000000001C
E0000000001C
E0000000001C
E0000000001C
F0000000001C
F0000000001C
F0000000003C
70000000003C
70000000003C
700000000038
780000000038
380000000078
380000000070
3C0000000070
1C00000000F0
1E00000000E0
0E00000001E0
0F00000003C0
078000000380
03C000000780
03E000000F00
01F000003E00
00FC0000FC00
003F0003F800
001FFEFFE000
0007FFFF8000
0001FFFE0000
000003400000
ENDCHAR
STARTCHAR uni04E7
ENCODING 1255
SWIDTH 544 0
DWIDTH 41 0
BBX 33 52 4 -1
BITMAP
00F0070000
00F80F8000
00F80F8000
00F80F8000
0070070000
0000000000
0000000000
0000000000
0000000000
0000000000
0000000000
0000000000
0000000000
0000000000
0007F00000
003FFE0000
00FFFF8000
03F80FC000
07C001F000
0F8000F000
0F00007800
1E00003C00
3C00001C00
3800001E00
3800000E00
7800000F00
7000000700
7000000700
F000000700
F000000700
F000000700
E000000780
E000000780
E000000780
E000000780
F000000700
F000000700
7000000700
7000000700
7000000F00
7800000F00
3800000E00
3C00001E00
1C00001C00
1E00003C00
0F00007800
078000F000
03E003E000
01FE3FC000
00FFFF8000
003FFE0000
0001800000
ENDCHAR
STARTCHAR uni04E8
ENCODING 1256
SWIDTH 751 0
DWIDTH 56 0
BBX 46 54 5 -1
BITMAP
0000FFFC0000
0007FFFF8000
001FFFFFE000
003F8003F800
00FC0000FC00
01F000003E00
03E000001F00
03C000000780
078000000780
0F00000003C0
0E00000001E0
1E00000000E0
1C00000000F0
3C0000000070
380000000070
780000000078
780000000038
700000000038
70000000003C
70000000003C
F0000000003C
F0000000001C
F0000000001C
F0000000001C
E0000000001C
FFFFFFFFFFFC
FFFFFFFFFFFC
FFFFFFFFFFFC
E0000000001C
E0000000001C
F0000000001C
F0000000001C
F0000000003C
70000000003C
70000000003C
700000000038
780000000038
380000000078
380000000070
3C0000000070
1C00000000F0
1E00000000E0
0E00000001E0
0F00000003C0
078000000380
03C000000780
03E000000F00
01F000003E00
00FC0000FC00
003F0003F800
001FFEFFE000
0007FFFF8000
0001FFFE0000
000003400000
ENDCHAR
STARTCHAR uni04E9
ENCODING 1257
SWIDTH 544 0
DWIDTH 41 0
BBX 33 38 4 -1
BITMAP
0007F00000
003FFE0000
00FFFF8000
03F80FC000
07C001F000
0F8000F000
0F00007800
1E00003C00
3C00001C00
3800001E00
3800000E00
7800000F00
7000000700
7000000700
7000000700
F000000700
F000000700
FFFFFFFF80
FFFFFFFF80
FFFFFFFF80
E000000780
F000000700
F000000700
7000000700
7000000700
7000000F00
7800000F00
3800000E00
3C00001E00
1C00001C00
1E00003C00
0F00007800
078000F000
03E003E000
01FE3FC000
00FFFF8000
003FFE0000
0001800000
ENDCHAR
STARTCHAR uni04EA
ENCODING 1258
SWIDTH 751 0
DWIDTH 56 0
BBX 46 67 5 -1
BITMAP
0001E01E0000
0001F01F0000
0001F01F0000
0001E01F0000
0000C00C0000
000000000000
000000000000
000000000000
000000000000
000000000000
000000000000
000000000000
000000000000
0000FFFC0000
0007FFFF8000
001FFFFFE000
003F8003F800
00FC0000FC00
01F000003E00
03E000001F00
03C000000780
078000000780
0F00000003C0
0E00000001E0
1E00000000E0
1C00000000F0
3C0000000070
380000000070
780000000078
780000000038
700000000038
70000000003C
70000000003C
F0000000003C
F0000000001C
F0000000001C
F0000000001C
E0000000001C
FFFFFFFFFFFC
FFFFFFFFFFFC
FFFFFFFFFFFC
E0000000001C
E0000000001C
F0000000001C
F0000000001C
F0000000003C
70000000003C
70000000003C
700000000038
780000000038
380000000078
380000000070
3C0000000070
1C00000000F0
1E00000000E0
0E00000001E0
0F00000003C0
078000000380
03C000000780
03E000000F00
01F000003E00
00FC0000FC00
003F0003F800
001FFEFFE000
0007FFFF8000
0001FFFE0000
000003400000
ENDCHAR
STARTCHAR uni04EB
ENCODING 1259
SWIDTH 544 0
DWIDTH 41 0
BBX 33 52 4 -1
BITMAP
00F0070000
00F80F8000
00F80F8000
00F80F8000
0070070000
0000000000
0000000000
0000000000
0000000000
0000000000
0000000000
0000000000
0000000000
0000000000
0007F00000
003FFE0000
00FFFF8000
03F80FC000
07C001F000
0F8000F000
0F00007800
1E00003C00
3C00001C00
3800001E00
3800000E00
7800000F00
7000000700
7000000700
7000000700
F000000700
F000000700
FFFFFFFF80
FFFFFFFF80
FFFFFFFF80
E000000780
F000000700
F000000700
7000000700
7000000700
7000000F00
7800000F00
3800000E00
3C00001E00
1C00001C00
1E00003C00
0F00007800
078000F000
03E003E000
01FE3FC000
00FFFF8000
003FFE0000
0001800000
ENDCHAR
STARTCHAR uni04EC
ENCODING 1260
SWIDTH 667 0
DWIDTH 50 0
BBX 41 67 4 -1
BITMAP
003C03C00000
007C07C00000
007C07C00000
003C03C00000
001801800000
000000000000
000000000000
000000000000
000000000000
000000000000
000000000000
000000000000
000000000000
001FFF800000
00FFFFF00000
07FFFFFC0000
0FE0007F0000
3F80001F8000
7E000007C000
F8000003E000
E0000001F000
C0000000F000
000000007800
000000003C00
000000003C00
000000001C00
000000001E00
000000000E00
000000000F00
000000000F00
000000000700
000000000700
000000000700
000000000780
000000000780
000000000780
000000000380
000000000380
007FFFFFFF80
00FFFFFFFF80
003FFFFFFF80
000000000380
000000000380
000000000780
000000000780
000000000780
000000000700
000000000700
000000000700
000000000F00
000000000F00
000000000E00
000000001E00
000000001C00
000000003C00
000000003800
000000007800
C0000000F000
E0000001F000
F0000003E000
7C000007C000
3F00001F8000
1FC0007E0000
07FFBFFC0000
01FFFFF00000
007FFF800000
0000E0000000
ENDCHAR
STARTCHAR uni04ED
ENCODING 1261
SWIDTH 471 0
DWIDTH 35 0
BBX 29 52 2 -1
BITMAP
03803800
07C07C00
07C07C00
07C07C00
03803800
00000000
00000000
00000000
00000000
00000000
00000000
00000000
00000000
00000000
007F8000
03FFF000
0FFFFC00
3F807E00
7C001F00
F0000780
E00003C0
000001E0
000001E0
000000F0
000000F0
00000070
00000070
00000078
00000038
00000038
00000038
03FFFFF8
03FFFFF8
01FFFFF8
00000038
00000038
00000038
00000078
00000078
00000070
00000070
000000F0
000000E0
000001E0
400003C0
E0000780
F8000F80
7E001F00
3FE3FE00
0FFFF800
03FFE000
001E0000
ENDCHAR
STARTCHAR uni04EE
ENCODING 1262
SWIDTH 628 0
DWIDTH 47 0
BBX 44 65 2 0
BITMAP
000FFFFF0000
003FFFFF8000
003FFFFF8000
000000000000
000000000000
000000000000
000000000000
000000000000
000000000000
000000000000
000000000000
000000000000
E00000000070
E00000000070
F000000000E0
7000000000E0
7800000001C0
3C00000001C0
1C0000000380
1E0000000380
0F0000000700
070000000700
078000000E00
038000001E00
01C000001C00
01E000003C00
00E000003800
00F000007800
007800007000
00380000F000
003C0000E000
001C0001E000
000E0001C000
000F0003C000
000700038000
000780078000
0003C0070000
0001C00F0000
0001E00E0000
0000F01E0000
0000701C0000
0000783C0000
000038380000
00003C780000
00001E700000
00000EE00000
00000FE00000
000007C00000
000003C00000
000003800000
000003800000
000007000000
00000F000000
00000E000000
00001E000000
00001C000000
00003C000000
000038000000
000078000000
000070000000
0000F0000000
0000E0000000
0001E0000000
0001C0000000
0001C0000000
ENDCHAR
STARTCHAR uni04EF
ENCODING 1263
SWIDTH 510 0
DWIDTH 38 0
BBX 34 64 2 -14
BITMAP
01FFFFF000
01FFFFF000
00FFFFC000
0000000000
0000000000
0000000000
0000000000
0000000000
0000000000
0000000000
0000000000
0000000000
0000000000
6000000180
F0000001C0
70000003C0
7800000380
7800000780
3800000700
3C00000F00
1C00000E00
1E00000E00
0E00001E00
0E00001C00
0F00003C00
0700003800
0780003800
0380007000
03C0007000
01C000F000
01C000E000
01E001E000
00E001C000
00F001C000
007003C000
0070038000
0078078000
0038070000
003C070000
001C0E0000
001E0E0000
000E1E0000
000E1C0000
000F3C0000
0007380000
0007B80000
0003F00000
0003F00000
0001F00000
0001E00000
0001E00000
0001C00000
0003C00000
0003800000
0007800000
0007800000
0007000000
000F000000
000E000000
001E000000
001C000000
003C000000
003C000000
0018000000
ENDCHAR
STARTCHAR uni04F0
ENCODING 1264
SWIDTH 628 0
DWIDTH 47 0
BBX 44 66 2 0
BITMAP
0003C03C0000
0007C07C0000
0007C07C0000
0007C07C0000
000380180000
000000000000
000000000000
000000000000
000000000000
000000000000
000000000000
000000000000
000000000000
E00000000070
E00000000070
F000000000E0
7000000000E0
7800000001C0
3C00000001C0
1C0000000380
1E0000000380
0F0000000700
070000000700
078000000E00
038000001E00
01C000001C00
01E000003C00
00E000003800
00F000007800
007800007000
00380000F000
003C0000E000
001C0001E000
000E0001C000
000F0003C000
000700038000
000780078000
0003C0070000
0001C00F0000
0001E00E0000
0000F01E0000
0000701C0000
0000783C0000
000038380000
00003C780000
00001E700000
00000EE00000
00000FE00000
000007C00000
000003C00000
000003800000
000003800000
000007000000
00000F000000
00000E000000
00001E000000
00001C000000
00003C000000
000038000000
000078000000
000070000000
0000F0000000
0000E0000000
0001E0000000
0001C0000000
0001C0000000
ENDCHAR
STARTCHAR uni04F1
ENCODING 1265
SWIDTH 510 0
DWIDTH 38 0
BBX 34 65 2 -14
BITMAP
0078078000
007C07C000
007C07C000
0078078000
0030030000
0000000000
0000000000
0000000000
0000000000
0000000000
0000000000
0000000000
0000000000
0000000000
6000000180
F0000001C0
70000003C0
7800000380
7800000780
3800000700
3C00000F00
1C00000E00
1E00000E00
0E00001E00
0E00001C00
0F00003C00
0700003800
0780003800
0380007000
03C0007000
01C000F000
01C000E000
01E001E000
00E001C000
00F001C000
007003C000
0070038000
0078078000
0038070000
003C070000
001C0E0000
001E0E0000
000E1E0000
000E1C0000
000F3C0000
0007380000
0007B80000
0003F00000
0003F00000
0001F00000
0001E00000
0001E00000
0001C00000
0003C00000
0003800000
0007800000
0007800000
0007000000
000F000000
000E000000
001E000000
001C000000
003C000000
003C000000
0018000000
ENDCHAR
STARTCHAR uni04F2
ENCODING 1266
SWIDTH 628 0
DWIDTH 47 0
BBX 44 71 2 0
BITMAP
000000808000
000001C1C000
000003C3C000
000003838000
000007878000
000007070000
00000E0E0000
00000E0E0000
00001C1C0000
000018180000
000038380000
000030300000
000060600000
000060600000
000000000000
000000000000
000000000000
000000000000
E00000000070
E00000000070
F000000000E0
7000000000E0
7800000001C0
3C00000001C0
1C0000000380
1E0000000380
0F0000000700
070000000700
078000000E00
038000001E00
01C000001C00
01E000003C00
00E000003800
00F000007800
007800007000
00380000F000
003C0000E000
001C0001E000
000E0001C000
000F0003C000
000700038000
000780078000
0003C0070000
0001C00F0000
0001E00E0000
0000F01E0000
0000701C0000
0000783C0000
000038380000
00003C780000
00001E700000
00000EE00000
00000FE00000
000007C00000
000003C00000
000003800000
000003800000
000007000000
00000F000000
00000E000000
00001E000000
00001C000000
00003C000000
000038000000
000078000000
000070000000
0000F0000000
0000E0000000
0001E0000000
0001C0000000
0001C0000000
ENDCHAR
STARTCHAR uni04F3
ENCODING 1267
SWIDTH 510 0
DWIDTH 38 0
BBX 34 71 2 -14
BITMAP
0000606000
0000F0F000
0000E0E000
0000E0E000
0001E1E000
0001C1C000
0001C1C000
000381C000
0003838000
0003838000
0003030000
0007070000
0006070000
0006060000
000E060000
000C0C0000
0000000000
0000000000
0000000000
0000000000
6000000180
F0000001C0
70000003C0
7800000380
7800000780
3800000700
3C00000F00
1C00000E00
1E00000E00
0E00001E00
0E00001C00
0F00003C00
0700003800
0780003800
0380007000
03C0007000
01C000F000
01C000E000
01E001E000
00E001C000
00F001C000
007003C000
0070038000
0078078000
0038070000
003C070000
001C0E0000
001E0E0000
000E1E0000
000E1C0000
000F3C0000
0007380000
0007B80000
0003F00000
0003F00000
0001F00000
0001E00000
0001E00000
0001C00000
0003C00000
0003800000
0007800000
0007800000
0007000000
000F000000
000E000000
001E000000
001C000000
003C000000
003C000000
0018000000
ENDCHAR
STARTCHAR uni04F4
ENCODING 1268
SWIDTH 657 0
DWIDTH 49 0
BBX 37 66 5 0
BITMAP
003C03C000
007C03C000
007C07E000
003C03C000
0018018000
0000000000
0000000000
0000000000
0000000000
0000000000
0000000000
0000000000
0000000000
E000000038
E000000038
E000000038
E000000038
E000000038
E000000038
E000000038
E000000038
E000000038
E000000038
E000000038
E000000038
E000000038
E000000038
E000000038
E000000038
E000000038
F000000038
F000000038
7000000038
7000000038
7800000038
3800000038
3C00000038
1E00000038
0F00000038
0F80000078
07E00003F8
03FC001FF8
00FFFFFFB8
003FFFFE38
0007FFF038
0000000038
0000000038
0000000038
0000000038
0000000038
0000000038
0000000038
0000000038
0000000038
0000000038
0000000038
0000000038
0000000038
0000000038
0000000038
0000000038
0000000038
0000000038
0000000038
0000000038
0000000038
ENDCHAR
STARTCHAR uni04F5
ENCODING 1269
SWIDTH 532 0
DWIDTH 40 0
BBX 28 51 5 0
BITMAP
03C03C00
03E03E00
03E03E00
03C03E00
01801800
00000000
00000000
00000000
00000000
00000000
00000000
00000000
00000000
00000000
40000020
E0000070
E0000070
E0000070
E0000070
E0000070
E0000070
E0000070
E0000070
E0000070
E0000070
E0000070
E0000070
F0000070
F0000070
70000070
78000070
78000070
3C0000F0
1E0003F0
0FC00FF0
07FFFF70
03FFFC70
007FE070
00000070
00000070
00000070
00000070
00000070
00000070
00000070
00000070
00000070
00000070
00000070
00000070
00000070
ENDCHAR
STARTCHAR uni04F6
ENCODING 1270
SWIDTH 527 0
DWIDTH 40 0
BBX 32 65 7 -12
BITMAP
7FFFFFFF
FFFFFFFF
FFFFFFFF
E0000000
E0000000
E0000000
E0000000
E0000000
E0000000
E0000000
E0000000
E0000000
E0000000
E0000000
E0000000
E0000000
E0000000
E0000000
E0000000
E0000000
E0000000
E0000000
E0000000
E0000000
E0000000
E0000000
E0000000
E0000000
E0000000
E0000000
E0000000
E0000000
E0000000
E0000000
E0000000
E0000000
E0000000
E0000000
E0000000
E0000000
E0000000
E0000000
E0000000
E0000000
E0000000
E0000000
E0000000
E0000000
E0000000
E0000000
FFC00000
FFE00000
FFE00000
00E00000
00E00000
00E00000
00E00000
00E00000
00E00000
00E00000
00E00000
00E00000
00E00000
00E00000
00400000
ENDCHAR
STARTCHAR uni04F7
ENCODING 1271
SWIDTH 415 0
DWIDTH 31 0
BBX 24 46 7 -10
BITMAP
FFFFFF
FFFFFF
E00000
E00000
E00000
E00000
E00000
E00000
E00000
E00000
E00000
E00000
E00000
E00000
E00000
E00000
E00000
E00000
E00000
E00000
E00000
E00000
E00000
E00000
E00000
E00000
E00000
E00000
E00000
E00000
E00000
E00000
E00000
FE0000
FF0000
FF0000
070000
070000
070000
070000
070000
070000
070000
070000
070000
030000
ENDCHAR
STARTCHAR uni04F8
ENCODING 1272
SWIDTH 813 0
DWIDTH 61 0
BBX 47 66 7 0
BITMAP
0000E00E0000
0001F01F0000
0001F01F0000
0001F01F0000
0000E00E0000
000000000000
000000000000
000000000000
000000000000
000000000000
000000000000
000000000000
000000000000
E0000000000E
E0000000000E
E0000000000E
E0000000000E
E0000000000E
E0000000000E
E0000000000E
E0000000000E
E0000000000E
E0000000000E
E0000000000E
E0000000000E
E0000000000E
E0000000000E
E0000000000E
E0000000000E
E0000000000E
E0000000000E
E0000000000E
E0000000000E
E0000000000E
E0000000000E
E0000000000E
E0000000000E
E0000000000E
FFFFFFC0000E
FFFFFFF0000E
FFFFFFFC000E
E000007E000E
E000001F000E
E0000007800E
E0000003C00E
E0000001C00E
E0000001E00E
E0000001E00E
E0000000E00E
E0000000E00E
E0000000E00E
E0000000E00E
E0000000E00E
E0000000E00E
E0000000E00E
E0000000E00E
E0000001E00E
E0000001C00E
E0000003C00E
E0000007C00E
E000000F800E
E000001F000E
E00000FE000E
FFFFFFF8000E
FFFFFFE0000E
7FFFFF00000E
ENDCHAR
STARTCHAR uni04F9
ENCODING 1273
SWIDTH 689 0
DWIDTH 52 0
BBX 38 51 7 0
BITMAP
001E01E000
003E03E000
003E03E000
001E01E000
000C00C000
0000000000
0000000000
0000000000
0000000000
0000000000
0000000000
0000000000
0000000000
0000000000
C000000008
E00000001C
E00000001C
E00000001C
E00000001C
E00000001C
E00000001C
E00000001C
E00000001C
E00000001C
E00000001C
E00000001C
E00000001C
E00000001C
FFFE00001C
FFFFFC001C
FFFFFF001C
E0003F801C
E00007C01C
E00001E01C
E00000F01C
E00000F01C
E00000701C
E00000701C
E00000781C
E00000781C
E00000781C
E00000781C
E00000701C
E00000701C
E00000F01C
E00001E01C
E00003E01C
E0000FC01C
FFFFFF801C
FFFFFE001C
FFFFF0001C
ENDCHAR
STARTCHAR uni04FA
ENCODING 1274
SWIDTH 558 0
DWIDTH 42 0
BBX 39 66 2 -13
BITMAP
00FFFFFFFE
00FFFFFFFE
00FFFFFFFE
00E0000000
00E0000000
00E0000000
00E0000000
00E0000000
00E0000000
00E0000000
00E0000000
00E0000000
00E0000000
00E0000000
00E0000000
00E0000000
00E0000000
00E0000000
00E0000000
00E0000000
00E0000000
00E0000000
00E0000000
00E0000000
00E0000000
FFFFFF8000
FFFFFF8000
7FFFFF0000
00E0000000
00E0000000
00E0000000
00E0000000
00E0000000
00E0000000
00E0000000
00E0000000
00E0000000
00E0000000
00E0000000
00E0000000
00E0000000
00E0000000
00E0000000
00E0000000
00E0000000
00E0000000
00E0000000
00E0000000
00E0000000
00E0000000
00FFC00000
00FFC00000
00FFC00000
0001C00000
0001C00000
0001C00000
0001C00000
0001C00000
0001C00000
0003800000
0003800000
0007000000
001F000000
03FE000000
0FFC000000
07F0000000
ENDCHAR
STARTCHAR uni04FB
ENCODING 1275
SWIDTH 432 0
DWIDTH 32 0
BBX 32 49 0 -13
BITMAP
00FFFFFF
00FFFFFF
00E00000
00E00000
00E00000
00E00000
00E00000
00E00000
00E00000
00E00000
00E00000
00E00000
00E00000
00E00000
00E00000
00E00000
7FFFFC00
FFFFFE00
FFFFFC00
00E00000
00E00000
00E00000
00E00000
00E00000
00E00000
00E00000
00E00000
00E00000
00E00000
00E00000
00E00000
00E00000
00E00000
00FFC000
00FFC000
00FFE000
0000E000
0000C000
0000C000
0001C000
0001C000
0001C000
0001C000
00038000
00078000
000F0000
007E0000
03FC0000
03F80000
ENDCHAR
STARTCHAR uni04FC
ENCODING 1276
SWIDTH 631 0
DWIDTH 47 0
BBX 40 67 3 -14
BITMAP
7000000007
7800000007
380000000F
3C0000001E
1E0000003C
0F00000038
0700000078
07800000F0
03C00000E0
01E00001E0
00E00003C0
00F0000780
0078000700
003C000F00
003C001E00
001E003C00
000F003800
0007007800
000780F000
0003C0E000
0001E1C000
0000E3C000
0000F78000
00007F0000
00003E0000
00001E0000
00003E0000
00003F0000
00007F0000
0000F78000
0001E3C000
0001C1E000
0003C0E000
000780F000
000F007800
000E003C00
001E001C00
003C001E00
0078000F00
0078000780
00F0000380
01E00003C0
01C00001E0
03C00000E0
07800000F0
0F00000078
0E00000038
1E0000003C
3C0000001C
780000001E
700000000E
F00000000E
E000000007
0000000007
0000000007
0000000007
0000000007
0000000007
000000000F
000000000E
000000001E
000000003C
000000007C
00000003F0
0000001FE0
0000001F80
0000000800
ENDCHAR
STARTCHAR uni04FD
ENCODING 1277
SWIDTH 512 0
DWIDTH 38 0
BBX 31 51 4 -14
BITMAP
6000000C
F000001C
7000003C
78000078
3C0000F0
1E0000E0
0F0001E0
070003C0
07800780
03C00F00
01E00E00
00F01E00
00703C00
00787800
003CF000
001EE000
000FE000
0007C000
00078000
000FC000
000FE000
001EF000
003C7000
00787800
00F03C00
00E01E00
01E00F00
03C00700
07800780
0F0003C0
0E0001E0
1E0000F0
3C0000F0
78000078
F000003C
E000001C
E000001C
0000000E
0000000E
0000000E
0000000E
0000000E
0000000E
0000000E
0000001E
0000001C
0000007C
000001F8
00000FE0
00000FC0
00000400
ENDCHAR
STARTCHAR uni04FE
ENCODING 1278
SWIDTH 631 0
DWIDTH 47 0
BBX 42 53 3 0
BITMAP
700000000700
780000000700
380000000F00
3C0000001E00
1E0000003C00
0F0000003800
070000007800
07800000F000
03C00000E000
01E00001E000
00E00003C000
00F000078000
007800070000
003C000F0000
003C001E0000
001E003C0000
000F00380000
000700780000
000780F00000
0003C0E00000
0001E1C00000
0000E3C00000
0000F7800000
00007F000000
00003E000000
03FFFFFFE000
03FFFFFFE000
00003F000000
00007F000000
0000F7800000
0001E3C00000
0001C1E00000
0003C0E00000
000780F00000
000F00780000
000E003C0000
001E001C0000
003C001E0000
0078000F0000
007800078000
00F000038000
01E00003C000
01C00001E000
03C00000F000
07800000F000
0F0000007800
0E0000003C00
1E0000001C00
3C0000001E00
780000000F00
700000000780
F00000000380
E000000003C0
ENDCHAR
STARTCHAR uni04FF
ENCODING 1279
SWIDTH 512 0
DWIDTH 38 0
BBX 32 38 3 -1
BITMAP
30000006
7800000E
3800001E
3C00003C
1E000078
0F000070
078000F0
038001E0
03C003C0
01E00780
00F00700
00780F00
00381E00
003C3C00
001E7800
000F7000
0007F000
0003E000
3FFFFFFE
3FFFFFFE
000FF000
000F7800
001E3800
003C3C00
00781E00
00700F00
00F00780
01E00380
03C003C0
078001E0
070000F0
0F000078
1E000038
3C00003C
7800001E
7000000F
F0000007
40000002
ENDCHAR
STARTCHAR uni0510
ENCODING 1296
SWIDTH 645 0
DWIDTH 48 0
BBX 40 54 5 -1
BITMAP
000FFFE000
007FFFFC00
01FFFFFF80
03F8003FE0
07C00003F0
0F800000F8
1F0000007C
1E0000001C
3C0000000C
3C00000000
3800000000
3800000000
3800000000
3800000000
3800000000
3800000000
3800000000
3800000000
3C00000000
1C00000000
1E00000000
0F00000000
0780000000
03E0000000
01FE000000
007FFFFE00
007FFFFE00
03FFFFFC00
07E0000000
0F80000000
1E00000000
3C00000000
3800000000
7800000000
7000000000
7000000000
F000000000
F000000000
F000000000
F000000000
F000000000
7000000000
7000000000
7000000000
7800000006
380000000F
3C0000003F
1E0000007E
0F800001F8
07E0000FF0
03FFEFFFC0
00FFFFFF00
003FFFF800
0000BA0000
ENDCHAR
STARTCHAR uni0511
ENCODING 1297
SWIDTH 477 0
DWIDTH 36 0
BBX 29 38 4 -1
BITMAP
007FE000
03FFFE00
07FFFF80
0FC03FE0
1F0003F0
3C0000F0
38000030
78000000
78000000
70000000
70000000
70000000
78000000
38000000
3C000000
1E000000
0F800000
07FFF000
01FFF000
0FFFF000
1F000000
3C000000
78000000
70000000
F0000000
E0000000
E0000000
E0000000
E0000000
F0000000
F0000010
78000038
7C0000F8
3E0003F0
1FE07FE0
07FFFF80
01FFFC00
00070000
ENDCHAR
STARTCHAR uni0512
ENCODING 1298
SWIDTH 731 0
DWIDTH 55 0
BBX 46 67 2 -14
BITMAP
0007FFFFFFF8
0007FFFFFFFC
0007FFFFFFFC
00070000003C
00070000003C
00070000003C
00070000003C
00070000003C
00070000003C
00070000003C
00070000003C
00070000003C
00070000003C
00070000003C
00070000003C
00070000003C
00070000003C
00070000003C
00070000003C
00070000003C
000F0000003C
00070000003C
000F0000003C
000E0000003C
000E0000003C
000E0000003C
000E0000003C
000E0000003C
000E0000003C
000E0000003C
000E0000003C
000E0000003C
001E0000003C
001C0000003C
001C0000003C
001C0000003C
001C0000003C
003C0000003C
00380000003C
00380000003C
00780000003C
00700000003C
00F00000003C
00E00000003C
01E00000003C
01C00000003C
03C00000003C
07800000003C
0F000000003C
3E000000003C
7C000000003C
F8000000003C
E0000000003C
40000000003C
00000000003C
00000000003C
00000000003C
000000000038
000000000038
000000000038
000000000078
000000000070
0000000000F0
0000000003E0
000000007FC0
00000001FF80
00000000FE00
ENDCHAR
STARTCHAR uni0513
ENCODING 1299
SWIDTH 554 0
DWIDTH 42 0
BBX 33 50 2 -14
BITMAP
007FFFFF80
007FFFFF80
0070000380
0070000380
0070000380
0070000380
0070000380
0070000380
0070000380
0070000380
0070000380
0070000380
0070000380
0070000380
0070000380
0070000380
0070000380
0070000380
0070000380
0070000380
00E0000380
00E0000380
00E0000380
00E0000380
00E0000380
01C0000380
01C0000380
01C0000380
0380000380
0780000380
0700000380
0F00000380
1E00000380
7C00000380
F800000380
F000000380
0000000380
0000000380
0000000380
0000000380
0000000380
0000000780
0000000700
0000000700
0000000F00
0000001E00
0000007C00
000007F800
00001FF000
00001FC000
ENDCHAR
STARTCHAR uni051A
ENCODING 1306
SWIDTH 751 0
DWIDTH 56 0
BBX 46 67 5 -14
BITMAP
0000FFFC0000
0007FFFF8000
001FFFFFE000
003F8003F800
00FC0000FC00
01F000003E00
03E000001F00
03C000000780
078000000780
0F00000003C0
0E00000001E0
1E00000000E0
1C00000000F0
3C0000000070
380000000070
780000000078
780000000038
700000000038
70000000003C
70000000003C
F0000000003C
F0000000001C
F0000000001C
F0000000001C
E0000000001C
E0000000001C
E0000000001C
E0000000001C
E0000000001C
E0000000001C
F0000000001C
F0000000001C
F0000000003C
70000000003C
70000000003C
700000000038
780000000038
380000000078
380000000070
3C0000000070
1C00000000F0
1E00000000E0
0E00000001E0
0F00000003C0
078000000380
03C000000780
03E000000F00
01F000003E00
00FC0000FC00
003F0003F800
001FFEFFE000
0007FFFF8000
0001FFFE0000
000003FF0000
0000000F8000
00000003C000
00000001E000
00000000E000
000000007000
000000007800
000000003800
000000003C00
000000001E00
000000000E00
000000000F00
000000000700
000000000300
ENDCHAR
STARTCHAR uni051B
ENCODING 1307
SWIDTH 574 0
DWIDTH 43 0
BBX 32 51 4 -14
BITMAP
0007F003
007FFE07
00FFFF87
03F80FC7
07C001E7
0F8000F7
0F00007F
1E00003F
3C00001F
3800001F
7800000F
7800000F
70000007
70000007
F0000007
F0000007
F0000007
E0000007
E0000007
E0000007
E0000007
F0000007
F0000007
70000007
70000007
7000000F
7800000F
3800000F
3C00001F
3C00001F
1E00003F
0F000077
0F8000F7
07E003E7
01FE3FC7
00FFFF07
003FFC07
0001C007
00000007
00000007
00000007
00000007
00000007
00000007
00000007
00000007
00000007
00000007
00000007
00000007
00000003
ENDCHAR
STARTCHAR uni051C
ENCODING 1308
SWIDTH 1091 0
DWIDTH 82 0
BBX 76 53 3 0
BITMAP
E00000000E0000000070
F00000000F00000000F0
700000000F00000000E0
700000001F00000000E0
780000001F80000001C0
380000001F80000001C0
380000003B80000001C0
3C00000039C000000380
1C00000079C000000380
1C00000071E000000780
1E00000070E000000700
0E000000F0E000000700
0E000000E07000000F00
0F000000E07000000E00
07000001E07000000E00
07000001C03800001E00
03800001C03800001C00
03800003C03800001C00
03800003801C00003C00
01C00003801C00003800
01C00007001C00003800
01E00007000E00007800
00E00007000E00007000
00E0000E000E00007000
00F0000E00070000F000
0070000E00070000E000
0070001C00070000E000
0078001C00038001E000
0038001C00038001C000
0038003800038001C000
003C00380001C0038000
001C00380001C0038000
001C00700001C0038000
001E00700000E0070000
000E00F00000E0070000
000E00E00000F0070000
000F00E00000700E0000
000701E00000700E0000
000701C00000781E0000
000381C00000381C0000
000383C00000381C0000
0003838000003C3C0000
0001C38000001C380000
0001C78000001C380000
0001C70000000E780000
0000E70000000E700000
0000EE0000000E700000
0000EE00000007F00000
00007E00000007E00000
00007C00000007E00000
00007C00000003E00000
00003C00000003C00000
00003800000003C00000
ENDCHAR
STARTCHAR uni051D
ENCODING 1309
SWIDTH 836 0
DWIDTH 63 0
BBX 55 37 4 0
BITMAP
C0000010000004
E000007C00000E
E000007C00000E
F00000FC00001E
700000FE00001C
700000EE00003C
780001EE00003C
380001C7000038
380001C7000078
3C0003C7000070
1C000383800070
1C0003838000F0
1E000783C000E0
0E000701C000E0
0E000F01C001E0
0F000F01E001C0
07000E00E001C0
07001E00E003C0
07801C00F00380
03801C00700380
03803C00700780
03C03800780700
01C03800380700
01C07800380E00
00E070001C0E00
00E070001C1E00
00E0F0001C1C00
0070E0000E1C00
0071E0000E3C00
0079C0000E3800
0039C000073800
003BC000077800
003F800007F000
001F800003F000
001F800003F000
001F000003E000
000F000001E000
ENDCHAR
STARTCHAR uni0524
ENCODING 1316
SWIDTH 780 0
DWIDTH 59 0
BBX 49 65 7 -12
BITMAP
7FFFFFFFFF8000
FFFFFFFFFFC000
FFFFFFFFFFC000
E000000001C000
E000000001C000
E000000001C000
E000000001C000
E000000001C000
E000000001C000
E000000001C000
E000000001C000
E000000001C000
E000000001C000
E000000001C000
E000000001C000
E000000001C000
E000000001C000
E000000001C000
E000000001C000
E000000001C000
E000000001C000
E000000001C000
E000000001C000
E000000001C000
E000000001C000
E000000001C000
E000000001C000
E000000001C000
E000000001C000
E000000001C000
E000000001C000
E000000001C000
E000000001C000
E000000001C000
E000000001C000
E000000001C000
E000000001C000
E000000001C000
E000000001C000
E000000001C000
E000000001C000
E000000001C000
E000000001C000
E000000001C000
E000000001C000
E000000001C000
E000000001C000
E000000001C000
E000000001C000
E000000001C000
E000000001FF80
E000000001FF80
E000000001FF80
00000000000380
00000000000380
00000000000380
00000000000380
00000000000380
00000000000380
00000000000380
00000000000380
00000000000380
00000000000380
00000000000380
00000000000100
ENDCHAR
STARTCHAR uni0525
ENCODING 1317
SWIDTH 585 0
DWIDTH 44 0
BBX 34 46 7 -10
BITMAP
FFFFFFF800
FFFFFFF800
E000003800
E000003800
E000003800
E000003800
E000003800
E000003800
E000003800
E000003800
E000003800
E000003800
E000003800
E000003800
E000003800
E000003800
E000003800
E000003800
E000003800
E000003800
E000003800
E000003800
E000003800
E000003800
E000003800
E000003800
E000003800
E000003800
E000003800
E000003800
E000003800
E000003800
E000003800
E000003F80
E000003FC0
E000003FC0
00000001C0
00000001C0
00000001C0
00000001C0
00000001C0
00000001C0
00000001C0
00000001C0
00000001C0
00000000C0
ENDCHAR
STARTCHAR uni0526
ENCODING 1318
SWIDTH 691 0
DWIDTH 52 0
BBX 45 65 7 -12
BITMAP
E00000000000
E00000000000
E00000000000
E00000000000
E00000000000
E00000000000
E00000000000
E00000000000
E00000000000
E00000000000
E00000000000
E00000000000
E00000000000
E00000000000
E00000000000
E00000000000
E00000000000
E00000000000
E00000000000
E00000000000
E00000000000
E01FFF000000
E1FFFFE00000
EFFFFFF80000
FFE001FE0000
FE00003F0000
F800000F8000
E0000007C000
E0000003C000
E0000001E000
E0000000E000
E0000000F000
E00000007000
E00000007800
E00000007800
E00000003800
E00000003800
E00000003800
E00000003800
E00000003C00
E00000003C00
E00000003C00
E00000003C00
E00000003C00
E00000003C00
E00000003C00
E00000003C00
E00000003C00
E00000003C00
E00000003C00
E00000003FF0
E00000003FF8
E00000001FF8
000000000038
000000000038
000000000038
000000000038
000000000038
000000000038
000000000038
000000000038
000000000038
000000000038
000000000038
000000000010
ENDCHAR
STARTCHAR uni0527
ENCODING 1319
SWIDTH 559 0
DWIDTH 42 0
BBX 34 63 7 -10
BITMAP
E000000000
E000000000
E000000000
E000000000
E000000000
E000000000
E000000000
E000000000
E000000000
E000000000
E000000000
E000000000
E000000000
E000000000
E000000000
E000000000
E00FF00000
E07FFC0000
E1FFFF0000
E3F01F8000
E78003C000
EE0001E000
FC0000E000
F80000F000
F80000F000
F000007000
F000007000
E000007000
E000007000
E000007000
E000007000
E000007000
E000007000
E000007000
E000007000
E000007000
E000007000
E000007000
E000007000
E000007000
E000007000
E000007000
E000007000
E000007000
E000007000
E000007000
E000007000
E000007000
E000007000
E000007000
E000007F80
E000007FC0
E000003FC0
00000001C0
00000001C0
00000001C0
00000001C0
00000001C0
00000001C0
00000001C0
00000001C0
00000001C0
00000001C0
ENDCHAR
STARTCHAR uni0528
ENCODING 1320
SWIDTH 751 0
DWIDTH 56 0
BBX 53 67 -4 -14
BITMAP
001C0000000038
001C0000000038
001C0000000038
001C0000000038
001C0000000038
001C0000000038
001C0000000038
001C0000000038
001C0000000038
001C0000000038
001C0000000038
001C0000000038
001C0000000038
001C0000000038
001C0000000038
001C0000000038
001C0000000038
001C0000000038
001C0000000038
001C0000000038
001C0000000038
001C0000000038
001C0000000038
001C0000000038
001C0000000038
001FFFFFFFFFF8
001FFFFFFFFFF8
001FFFFFFFFFF8
001C0000000038
001C0000000038
001C0000000038
001C0000000038
001C0000000038
001C0000000038
001C0000000038
001C0000000038
001C0000000038
001C0000000038
001C0000000038
001C0000000038
001C0000000038
001C0000000038
001C0000000038
001C0000000038
001C0000000038
001C0000000038
001C0000000038
001C0000000038
001C0000000038
001C0000000038
001C0000000038
001C0000000038
001C0000000038
001C0000000000
001C0000000000
001C0000000000
001C0000000000
001C0000000000
001C0000000000
003C0000000000
00380000000000
00780000000000
00F00000000000
01F00000000000
3FE00000000000
FF800000000000
FE000000000000
ENDCHAR
STARTCHAR uni0529
ENCODING 1321
SWIDTH 568 0
DWIDTH 43 0
BBX 40 51 -4 -14
BITMAP
0018000002
001C000007
001C000007
001C000007
001C000007
001C000007
001C000007
001C000007
001C000007
001C000007
001C000007
001C000007
001C000007
001C000007
001C000007
001C000007
001C000007
001FFFFFFF
001FFFFFFF
001FFFFFFF
001C000007
001C000007
001C000007
001C000007
001C000007
001C000007
001C000007
001C000007
001C000007
001C000007
001C000007
001C000007
001C000007
001C000007
001C000007
001C000007
001C000007
001C000000
001C000000
001C000000
003C000000
003C000000
0038000000
0038000000
0078000000
0070000000
00F0000000
03E0000000
3FC0000000
FF80000000
FE00000000
ENDCHAR
STARTCHAR uni052E
ENCODING 1326
SWIDTH 765 0
DWIDTH 57 0
BBX 53 65 2 -12
BITMAP
0007FFFFFFF800
0007FFFFFFFC00
0007FFFFFFFC00
00070000003C00
00070000003C00
00070000003C00
00070000003C00
00070000003C00
00070000003C00
00070000003C00
00070000003C00
00070000003C00
00070000003C00
00070000003C00
00070000003C00
00070000003C00
00070000003C00
00070000003C00
00070000003C00
00070000003C00
000F0000003C00
00070000003C00
000F0000003C00
000E0000003C00
000E0000003C00
000E0000003C00
000E0000003C00
000E0000003C00
000E0000003C00
000E0000003C00
000E0000003C00
000E0000003C00
001E0000003C00
001C0000003C00
001C0000003C00
001C0000003C00
001C0000003C00
003C0000003C00
00380000003C00
00380000003C00
00780000003C00
00700000003C00
00F00000003C00
00E00000003C00
01E00000003C00
01C00000003C00
03C00000003C00
07800000003C00
0F000000003C00
3E000000003C00
7C000000003FF0
F8000000003FF8
E0000000001FF8
40000000000038
00000000000038
00000000000038
00000000000038
00000000000038
00000000000038
00000000000038
00000000000038
00000000000038
00000000000038
00000000000038
00000000000010
ENDCHAR
STARTCHAR uni052F
ENCODING 1327
SWIDTH 574 0
DWIDTH 43 0
BBX 39 46 2 -10
BITMAP
007FFFFF80
007FFFFF80
0070000380
0070000380
0070000380
0070000380
0070000380
0070000380
0070000380
0070000380
0070000380
0070000380
0070000380
0070000380
0070000380
0070000380
0070000380
0070000380
0070000380
0070000380
00F0000380
00E0000380
00E0000380
00E0000380
00E0000380
01E0000380
01C0000380
01C0000380
0380000380
0780000380
0700000380
0F00000380
1E00000380
7C000003FC
F8000003FC
F0000003FE
000000001E
000000001E
000000001E
000000001E
000000001E
000000001E
000000001E
000000001E
000000001E
000000000C
ENDCHAR
STARTCHAR uni1E08
ENCODING 7688
SWIDTH 667 0
DWIDTH 50 0
BBX 41 85 5 -14
BITMAP
000000008000
00000001C000
00000003C000
000000078000
000000070000
0000000F0000
0000001E0000
0000003C0000
000000380000
000000700000
000000F00000
000000E00000
000001C00000
000001800000
000000000000
000000000000
000000000000
000000000000
0000FFFE0000
0007FFFFC000
001FFFFFF000
003F8003FC00
007C00007E00
01F000001F00
03E000000780
03C000000380
078000000180
0F0000000000
0E0000000000
1E0000000000
1C0000000000
3C0000000000
380000000000
780000000000
780000000000
700000000000
700000000000
700000000000
F00000000000
F00000000000
F00000000000
F00000000000
E00000000000
E00000000000
E00000000000
E00000000000
E00000000000
E00000000000
F00000000000
F00000000000
F00000000000
700000000000
700000000000
700000000000
780000000000
780000000000
380000000000
3C0000000000
1C0000000000
1E0000000000
0E0000000000
0F0000000000
078000000100
03C000000380
03E000000780
01F000001F00
00FC00007E00
003F0001FC00
001FFEFFF000
0007FFFFC000
0000FFFF0000
000003800000
000003000000
000007000000
000007400000
000007FC0000
000007FE0000
0000020E0000
000000070000
000000070000
000000070000
0000000E0000
00003F7E0000
00003FFC0000
00001FF00000
ENDCHAR
STARTCHAR uni1E09
ENCODING 7689
SWIDTH 455 0
DWIDTH 34 0
BBX 28 71 4 -14
BITMAP
00000180
000001C0
000003C0
00000380
00000780
00000F00
00000F00
00001E00
00001C00
00003C00
00003800
00007000
00007000
0000E000
0000E000
0000C000
00000000
00000000
00000000
00000000
000FF000
007FFE00
01FFFF80
03F80FE0
07C001F0
0F0000F0
1E000070
1C000000
3C000000
38000000
78000000
70000000
70000000
F0000000
E0000000
E0000000
E0000000
E0000000
E0000000
E0000000
E0000000
E0000000
E0000000
F0000000
70000000
70000000
70000000
38000000
38000000
3C000000
1E000000
0F000070
078000F0
07E003E0
01FE1FC0
00FFFF80
003FFE00
0001C000
00018000
00038000
0003A000
0003FE00
0003FF00
00010700
00000380
00000380
00000380
00000700
001FBF00
001FFE00
000FF800
ENDCHAR
STARTCHAR uni1E0C
ENCODING 7692
SWIDTH 725 0
DWIDTH 54 0
BBX 42 66 7 -13
BITMAP
7FFFFC000000
FFFFFFE00000
FFFFFFF80000
E00003FE0000
E000003F8000
E000000FC000
E0000003E000
E0000000F000
E00000007800
E00000003C00
E00000001E00
E00000001E00
E00000000F00
E00000000F00
E00000000700
E00000000780
E00000000380
E00000000380
E000000003C0
E000000003C0
E000000001C0
E000000001C0
E000000001C0
E000000001C0
E000000001C0
E000000001C0
E000000001C0
E000000001C0
E000000001C0
E000000001C0
E000000001C0
E000000001C0
E000000001C0
E000000003C0
E000000003C0
E00000000380
E00000000380
E00000000780
E00000000700
E00000000F00
E00000000F00
E00000001E00
E00000001E00
E00000003C00
E00000007800
E0000000F000
E0000003E000
E0000007C000
E000003F8000
E00001FE0000
FFFFFFF80000
FFFFFFE00000
7FFFFE000000
000000000000
000000000000
000000000000
000000000000
000000000000
000000000000
000000000000
000000000000
00003C000000
00003E000000
00003E000000
00003E000000
00003C000000
ENDCHAR
STARTCHAR uni1E0D
ENCODING 7693
SWIDTH 568 0
DWIDTH 43 0
BBX 32 66 4 -13
BITMAP
00000007
00000007
00000007
00000007
00000007
00000007
00000007
00000007
00000007
00000007
00000007
00000007
00000007
00000007
00000007
00000007
000FF007
007FFE07
01FFFF87
03F00FC7
07C003E7
0F0000F7
1E000077
1C00003F
3C00001F
3800001F
7800000F
7000000F
7000000F
F0000007
F0000007
E0000007
E0000007
E0000007
E0000007
E0000007
E0000007
E0000007
E0000007
F0000007
70000007
7000000F
7000000F
7800001F
3800001F
3C00003F
1E00003F
0F000077
0F8001F7
07E003E7
03FC3F87
00FFFF07
003FFC07
00018000
00000000
00000000
00000000
00000000
00000000
00000000
00000000
0000E000
0001F000
0001F000
0001F000
0000E000
ENDCHAR
STARTCHAR uni1E0E
ENCODING 7694
SWIDTH 725 0
DWIDTH 54 0
BBX 42 64 7 -11
BITMAP
7FFFFC000000
FFFFFFE00000
FFFFFFF80000
E00003FE0000
E000003F8000
E000000FC000
E0000003E000
E0000000F000
E00000007800
E00000003C00
E00000001E00
E00000001E00
E00000000F00
E00000000F00
E00000000700
E00000000780
E00000000380
E00000000380
E000000003C0
E000000003C0
E000000001C0
E000000001C0
E000000001C0
E000000001C0
E000000001C0
E000000001C0
E000000001C0
E000000001C0
E000000001C0
E000000001C0
E000000001C0
E000000001C0
E000000001C0
E000000003C0
E000000003C0
E00000000380
E00000000380
E00000000780
E00000000700
E00000000F00
E00000000F00
E00000001E00
E00000001E00
E00000003C00
E00000007800
E0000000F000
E0000003E000
E0000007C000
E000003F8000
E00001FE0000
FFFFFFF80000
FFFFFFE00000
7FFFFE000000
000000000000
000000000000
000000000000
000000000000
000000000000
000000000000
000000000000
000000000000
001FFFFC0000
003FFFFE0000
003FFFFC0000
ENDCHAR
STARTCHAR uni1E0F
ENCODING 7695
SWIDTH 568 0
DWIDTH 43 0
BBX 32 64 4 -11
BITMAP
00000007
00000007
00000007
00000007
00000007
00000007
00000007
00000007
00000007
00000007
00000007
00000007
00000007
00000007
00000007
00000007
000FF007
007FFE07
01FFFF87
03F00FC7
07C003E7
0F0000F7
1E000077
1C00003F
3C00001F
3800001F
7800000F
7000000F
7000000F
F0000007
F0000007
E0000007
E0000007
E0000007
E0000007
E0000007
E0000007
E0000007
E0000007
F0000007
70000007
7000000F
7000000F
7800001F
3800001F
3C00003F
1E00003F
0F000077
0F8001F7
07E003E7
03FC3F87
00FFFF07
003FFC07
00018000
00000000
00000000
00000000
00000000
00000000
00000000
00000000
00FFFFE0
01FFFFF0
01FFFFF0
ENDCHAR
STARTCHAR uni1E14
ENCODING 7700
SWIDTH 570 0
DWIDTH 43 0
BBX 32 77 7 0
BITMAP
00E00000
00F00000
00700000
00780000
003C0000
001C0000
000E0000
000F0000
00070000
00038000
0001C000
0001C000
00000000
00000000
01FFFFC0
03FFFFF0
03FFFFF0
00000000
00000000
00000000
00000000
00000000
00000000
00000000
7FFFFFFF
FFFFFFFF
FFFFFFFF
E0000000
E0000000
E0000000
E0000000
E0000000
E0000000
E0000000
E0000000
E0000000
E0000000
E0000000
E0000000
E0000000
E0000000
E0000000
E0000000
E0000000
E0000000
E0000000
E0000000
E0000000
E0000000
FFFFFFFE
FFFFFFFE
FFFFFFFC
E0000000
E0000000
E0000000
E0000000
E0000000
E0000000
E0000000
E0000000
E0000000
E0000000
E0000000
E0000000
E0000000
E0000000
E0000000
E0000000
E0000000
E0000000
E0000000
E0000000
E0000000
E0000000
FFFFFFFF
FFFFFFFF
7FFFFFFF
ENDCHAR
STARTCHAR uni1E15
ENCODING 7701
SWIDTH 523 0
DWIDTH 39 0
BBX 32 62 4 -1
BITMAP
00400000
00E00000
00F00000
00700000
00780000
003C0000
001C0000
000E0000
000F0000
00070000
00038000
0001C000
00008000
00000000
00000000
03FFFFE0
03FFFFF0
03FFFFE0
00000000
00000000
00000000
00000000
00000000
00000000
0007F800
003FFE00
00FFFF80
01F807C0
07C001E0
0F8000F0
0E000078
1E000038
3C00001C
3800001C
7800000E
7000000E
7000000E
7000000E
F0000006
E0000007
E0000007
FFFFFFFF
FFFFFFFE
E0000000
E0000000
E0000000
E0000000
F0000000
70000000
70000000
70000000
78000000
38000000
3C000000
1E000000
0F00000E
0780003E
03E000FC
01FE0FF8
00FFFFE0
001FFF00
0000F000
ENDCHAR
STARTCHAR uni1E16
ENCODING 7702
SWIDTH 570 0
DWIDTH 43 0
BBX 32 77 7 0
BITMAP
000001C0
000003C0
00000380
00000780
00000F00
00000E00
00001C00
00003C00
00003800
00007000
0000E000
0000E000
00000000
00000000
01FFFFC0
03FFFFF0
03FFFFF0
00000000
00000000
00000000
00000000
00000000
00000000
00000000
7FFFFFFF
FFFFFFFF
FFFFFFFF
E0000000
E0000000
E0000000
E0000000
E0000000
E0000000
E0000000
E0000000
E0000000
E0000000
E0000000
E0000000
E0000000
E0000000
E0000000
E0000000
E0000000
E0000000
E0000000
E0000000
E0000000
E0000000
FFFFFFFE
FFFFFFFE
FFFFFFFC
E0000000
E0000000
E0000000
E0000000
E0000000
E0000000
E0000000
E0000000
E0000000
E0000000
E0000000
E0000000
E0000000
E0000000
E0000000
E0000000
E0000000
E0000000
E0000000
E0000000
E0000000
E0000000
FFFFFFFF
FFFFFFFF
7FFFFFFF
ENDCHAR
STARTCHAR uni1E17
ENCODING 7703
SWIDTH 523 0
DWIDTH 39 0
BBX 32 62 4 -1
BITMAP
00000180
000003C0
000003C0
00000780
00000F00
00000E00
00001E00
00001C00
00003800
00007000
00007000
0000E000
0000C000
00000000
00000000
03FFFFE0
03FFFFF0
03FFFFE0
00000000
00000000
00000000
00000000
00000000
00000000
0007F800
003FFE00
00FFFF80
01F807C0
07C001E0
0F8000F0
0E000078
1E000038
3C00001C
3800001C
7800000E
7000000E
7000000E
7000000E
F0000006
E0000007
E0000007
FFFFFFFF
FFFFFFFE
E0000000
E0000000
E0000000
E0000000
F0000000
70000000
70000000
70000000
78000000
38000000
3C000000
1E000000
0F00000E
0780003E
03E000FC
01FE0FF8
00FFFFE0
001FFF00
0000F000
ENDCHAR
STARTCHAR uni1E1C
ENCODING 7708
SWIDTH 570 0
DWIDTH 43 0
BBX 32 84 7 -14
BITMAP
02000010
07000038
07000038
03000030
03800070
03800070
01C000E0
01C000E0
00E001C0
00780780
003FFF00
001FFE00
0003F000
00000000
00000000
00000000
00000000
7FFFFFFF
FFFFFFFF
FFFFFFFF
E0000000
E0000000
E0000000
E0000000
E0000000
E0000000
E0000000
E0000000
E0000000
E0000000
E0000000
E0000000
E0000000
E0000000
E0000000
E0000000
E0000000
E0000000
E0000000
E0000000
E0000000
E0000000
FFFFFFFE
FFFFFFFE
FFFFFFFC
E0000000
E0000000
E0000000
E0000000
E0000000
E0000000
E0000000
E0000000
E0000000
E0000000
E0000000
E0000000
E0000000
E0000000
E0000000
E0000000
E0000000
E0000000
E0000000
E0000000
E0000000
E0000000
FFFFFFFF
FFFFFFFF
7FFFFFFF
0001C000
0001C000
0001C000
0001D000
0001FE00
0001FF00
00010780
00000380
00000380
00000380
00000780
001FBF00
000FFE00
0007F800
ENDCHAR
STARTCHAR uni1E1D
ENCODING 7709
SWIDTH 523 0
DWIDTH 39 0
BBX 32 70 4 -14
BITMAP
01000020
03000070
03800060
03800060
03800060
018000E0
01C000E0
01C000C0
00C001C0
00E00180
00700380
00780F00
003FFE00
000FFC00
0003F000
00000000
00000000
00000000
00000000
0007F800
003FFE00
00FFFF80
01F807C0
07C001E0
0F8000F0
0E000078
1E000038
3C00001C
3800001C
7800000E
7000000E
7000000E
7000000E
F0000006
E0000007
E0000007
FFFFFFFF
FFFFFFFE
E0000000
E0000000
E0000000
E0000000
F0000000
70000000
70000000
70000000
78000000
38000000
3C000000
1E000000
0F00000E
0780003E
03E000FC
01FE0FF8
00FFFFE0
001FFF00
0001F000
0001C000
0001C000
0001B000
0003FE00
0003FF00
00010780
00000380
00000380
00000380
00000780
001FBF00
001FFE00
0007F800
ENDCHAR
STARTCHAR uni1E20
ENCODING 7712
SWIDTH 718 0
DWIDTH 54 0
BBX 42 66 5 -1
BITMAP
0003FFFFC000
000FFFFFE000
000FFFFFE000
000000000000
000000000000
000000000000
000000000000
000000000000
000000000000
000000000000
000000000000
000000000000
0000FFFE0000
0007FFFFC000
001FFFFFF800
003F8003FC00
007C00007F00
01F000001F80
03E0000007C0
03C0000003C0
078000000180
0F0000000000
0E0000000000
1E0000000000
1C0000000000
3C0000000000
380000000000
780000000000
780000000000
700000000000
700000000000
700000000000
F00000000000
F00000000000
F00000000000
F00000000000
E00000000000
E00000000000
E000003FFF80
E000007FFFC0
E000007FFFC0
E000000001C0
F000000001C0
F000000001C0
F000000001C0
7000000001C0
7000000001C0
7000000001C0
7800000001C0
7800000001C0
3800000001C0
3C00000001C0
1C00000001C0
1E00000001C0
0E00000001C0
0F00000001C0
0780000001C0
03C0000001C0
03E0000001C0
01F8000001C0
007C000003C0
003F80003FC0
001FFFBFFF80
0003FFFFFE00
0000FFFFE000
000001E00000
ENDCHAR
STARTCHAR uni1E21
ENCODING 7713
SWIDTH 570 0
DWIDTH 43 0
BBX 32 64 4 -14
BITMAP
01FFFFF0
01FFFFF0
007FFFE0
00000000
00000000
00000000
00000000
00000000
00000000
00000000
00000000
00000000
00000000
000FF002
007FFE07
01FFFF87
03F80FC7
07C003E7
0F0000F7
1E00007F
1C00003F
3C00001F
3800001F
7800000F
7000000F
70000007
F0000007
E0000007
E0000007
E0000007
E0000007
E0000007
E0000007
E0000007
E0000007
F0000007
70000007
7000000F
7800000F
7800000F
3C00001F
3C00003F
1E00007F
0F0000F7
078001E7
03F007C7
01FFFF87
007FFF07
001FF807
00000007
00000007
00000007
00000007
00000007
0000000F
0000000E
0000001E
1C00001E
1E00003C
1F800078
07F003F0
03FFFFE0
007FFF80
000FFE00
ENDCHAR
STARTCHAR uni1E24
ENCODING 7716
SWIDTH 751 0
DWIDTH 56 0
BBX 42 66 7 -13
BITMAP
E000000001C0
E000000001C0
E000000001C0
E000000001C0
E000000001C0
E000000001C0
E000000001C0
E000000001C0
E000000001C0
E000000001C0
E000000001C0
E000000001C0
E000000001C0
E000000001C0
E000000001C0
E000000001C0
E000000001C0
E000000001C0
E000000001C0
E000000001C0
E000000001C0
E000000001C0
E000000001C0
E000000001C0
E000000001C0
FFFFFFFFFFC0
FFFFFFFFFFC0
FFFFFFFFFFC0
E000000001C0
E000000001C0
E000000001C0
E000000001C0
E000000001C0
E000000001C0
E000000001C0
E000000001C0
E000000001C0
E000000001C0
E000000001C0
E000000001C0
E000000001C0
E000000001C0
E000000001C0
E000000001C0
E000000001C0
E000000001C0
E000000001C0
E000000001C0
E000000001C0
E000000001C0
E000000001C0
E000000001C0
E000000001C0
000000000000
000000000000
000000000000
000000000000
000000000000
000000000000
000000000000
000000000000
00001E000000
00001F000000
00001F000000
00001F000000
00001E000000
ENDCHAR
STARTCHAR uni1E25
ENCODING 7717
SWIDTH 553 0
DWIDTH 41 0
BBX 29 66 6 -13
BITMAP
60000000
F0000000
F0000000
F0000000
F0000000
F0000000
F0000000
F0000000
F0000000
F0000000
F0000000
F0000000
F0000000
F0000000
F0000000
F0000000
F007F000
F03FFE00
F0FFFF80
F3F00FC0
F7C003E0
F70000E0
FE0000F0
FC000070
FC000078
F8000038
F0000038
F0000038
F0000038
F0000038
F0000038
F0000038
F0000038
F0000038
F0000038
F0000038
F0000038
F0000038
F0000038
F0000038
F0000038
F0000038
F0000038
F0000038
F0000038
F0000038
F0000038
F0000038
F0000038
F0000038
F0000038
F0000038
E0000038
00000000
00000000
00000000
00000000
00000000
00000000
00000000
00000000
00078000
000F8000
000F8000
000F8000
00078000
ENDCHAR
STARTCHAR uni1E2A
ENCODING 7722
SWIDTH 751 0
DWIDTH 56 0
BBX 42 69 7 -16
BITMAP
E000000001C0
E000000001C0
E000000001C0
E000000001C0
E000000001C0
E000000001C0
E000000001C0
E000000001C0
E000000001C0
E000000001C0
E000000001C0
E000000001C0
E000000001C0
E000000001C0
E000000001C0
E000000001C0
E000000001C0
E000000001C0
E000000001C0
E000000001C0
E000000001C0
E000000001C0
E000000001C0
E000000001C0
E000000001C0
FFFFFFFFFFC0
FFFFFFFFFFC0
FFFFFFFFFFC0
E000000001C0
E000000001C0
E000000001C0
E000000001C0
E000000001C0
E000000001C0
E000000001C0
E000000001C0
E000000001C0
E000000001C0
E000000001C0
E000000001C0
E000000001C0
E000000001C0
E000000001C0
E000000001C0
E000000001C0
E000000001C0
E000000001C0
E000000001C0
E000000001C0
E000000001C0
E000000001C0
E000000001C0
E000000001C0
000000000000
000000000000
000000000000
000000000000
001000020000
003800030000
001800070000
001800070000
001C00060000
001C000E0000
000E000E0000
000F001C0000
000780780000
0003FFF00000
0001FFE00000
00007F800000
ENDCHAR
STARTCHAR uni1E2B
ENCODING 7723
SWIDTH 553 0
DWIDTH 41 0
BBX 29 69 6 -16
BITMAP
60000000
F0000000
F0000000
F0000000
F0000000
F0000000
F0000000
F0000000
F0000000
F0000000
F0000000
F0000000
F0000000
F0000000
F0000000
F0000000
F007F000
F03FFE00
F0FFFF80
F3F00FC0
F7C003E0
F70000E0
FE0000F0
FC000070
FC000078
F8000038
F0000038
F0000038
F0000038
F0000038
F0000038
F0000038
F0000038
F0000038
F0000038
F0000038
F0000038
F0000038
F0000038
F0000038
F0000038
F0000038
F0000038
F0000038
F0000038
F0000038
F0000038
F0000038
F0000038
F0000038
F0000038
F0000038
E0000038
00000000
00000000
00000000
00000000
04000080
0C0001C0
0E000180
0E000180
06000380
07000380
07000700
03800F00
01E01E00
00FFFC00
007FF800
001FE000
ENDCHAR
STARTCHAR uni1E2E
ENCODING 7726
SWIDTH 234 0
DWIDTH 18 0
BBX 18 77 0 0
BITMAP
0001C0
0003C0
000780
000700
000F00
001E00
001C00
003800
007800
007000
00E000
00C000
000000
000000
200200
780780
F80F80
F80F80
780780
000000
000000
000000
000000
000000
01C000
01C000
01C000
01C000
01C000
01C000
01C000
01C000
01C000
01C000
01C000
01C000
01C000
01C000
01C000
01C000
01C000
01C000
01C000
01C000
01C000
01C000
01C000
01C000
01C000
01C000
01C000
01C000
01C000
01C000
01C000
01C000
01C000
01C000
01C000
01C000
01C000
01C000
01C000
01C000
01C000
01C000
01C000
01C000
01C000
01C000
01C000
01C000
01C000
01C000
01C000
01C000
01C000
ENDCHAR
STARTCHAR uni1E2F
ENCODING 7727
SWIDTH 212 0
DWIDTH 16 0
BBX 18 61 -1 0
BITMAP
000080
0001C0
0003C0
000780
000700
000F00
001E00
001C00
003800
007000
007000
00E000
00C000
000000
000000
780780
780780
F80FC0
780780
780780
000000
000000
000000
000000
008000
01C000
01E000
01E000
01E000
01E000
01E000
01E000
01E000
01E000
01E000
01E000
01E000
01E000
01E000
01E000
01E000
01E000
01E000
01E000
01E000
01E000
01E000
01E000
01E000
01E000
01E000
01E000
01E000
01E000
01E000
01E000
01E000
01E000
01E000
01E000
00C000
ENDCHAR
STARTCHAR uni1E36
ENCODING 7734
SWIDTH 527 0
DWIDTH 40 0
BBX 32 66 7 -13
BITMAP
E0000000
E0000000
E0000000
E0000000
E0000000
E0000000
E0000000
E0000000
E0000000
E0000000
E0000000
E0000000
E0000000
E0000000
E0000000
E0000000
E0000000
E0000000
E0000000
E0000000
E0000000
E0000000
E0000000
E0000000
E0000000
E0000000
E0000000
E0000000
E0000000
E0000000
E0000000
E0000000
E0000000
E0000000
E0000000
E0000000
E0000000
E0000000
E0000000
E0000000
E0000000
E0000000
E0000000
E0000000
E0000000
E0000000
E0000000
E0000000
E0000000
E0000000
FFFFFFFF
FFFFFFFF
7FFFFFFF
00000000
00000000
00000000
00000000
00000000
00000000
00000000
00000000
0003C000
0007C000
0007E000
0007C000
0003C000
ENDCHAR
STARTCHAR uni1E37
ENCODING 7735
SWIDTH 275 0
DWIDTH 21 0
BBX 14 66 6 -13
BITMAP
6000
F000
F000
F000
F000
F000
F000
F000
F000
F000
F000
F000
F000
F000
F000
F000
F000
F000
F000
F000
F000
F000
F000
F000
F000
F000
F000
F000
F000
F000
F000
F000
F000
F000
F000
F000
F000
F000
F000
F000
F000
F000
F000
F000
7000
7000
7000
7800
3800
3C00
1F80
0FFC
07FC
0070
0000
0000
0000
0000
0000
0000
0000
0380
07C0
07C0
07C0
0380
ENDCHAR
STARTCHAR uni1E3A
ENCODING 7738
SWIDTH 527 0
DWIDTH 40 0
BBX 32 64 7 -11
BITMAP
E0000000
E0000000
E0000000
E0000000
E0000000
E0000000
E0000000
E0000000
E0000000
E0000000
E0000000
E0000000
E0000000
E0000000
E0000000
E0000000
E0000000
E0000000
E0000000
E0000000
E0000000
E0000000
E0000000
E0000000
E0000000
E0000000
E0000000
E0000000
E0000000
E0000000
E0000000
E0000000
E0000000
E0000000
E0000000
E0000000
E0000000
E0000000
E0000000
E0000000
E0000000
E0000000
E0000000
E0000000
E0000000
E0000000
E0000000
E0000000
E0000000
E0000000
FFFFFFFF
FFFFFFFF
7FFFFFFF
00000000
00000000
00000000
00000000
00000000
00000000
00000000
00000000
03FFFFC0
07FFFFC0
03FFFFC0
ENDCHAR
STARTCHAR uni1E3B
ENCODING 7739
SWIDTH 275 0
DWIDTH 21 0
BBX 21 64 3 -11
BITMAP
0C0000
1E0000
1E0000
1E0000
1E0000
1E0000
1E0000
1E0000
1E0000
1E0000
1E0000
1E0000
1E0000
1E0000
1E0000
1E0000
1E0000
1E0000
1E0000
1E0000
1E0000
1E0000
1E0000
1E0000
1E0000
1E0000
1E0000
1E0000
1E0000
1E0000
1E0000
1E0000
1E0000
1E0000
1E0000
1E0000
1E0000
1E0000
1E0000
1E0000
1E0000
1E0000
1E0000
1E0000
0E0000
0E0000
0E0000
0F0000
070000
078000
03F000
01FF80
00FF80
000E00
000000
000000
000000
000000
000000
000000
000000
7FFFF8
FFFFF8
FFFFF8
ENDCHAR
STARTCHAR uni1E42
ENCODING 7746
SWIDTH 844 0
DWIDTH 63 0
BBX 49 66 7 -13
BITMAP
E0000000000380
F0000000000380
F0000000000780
F8000000000F80
F8000000000F80
FC000000001F80
FC000000001F80
EE000000003F80
EE000000003B80
E7000000007B80
E7000000007380
E380000000E380
E3C0000000E380
E1C0000001C380
E1E0000001C380
E0E00000038380
E0700000038380
E0700000070380
E0380000070380
E03800000E0380
E01C00000E0380
E01C00001C0380
E00E00001C0380
E00E0000380380
E0070000380380
E0070000700380
E0038000F00380
E0038000E00380
E001C001E00380
E001C001C00380
E000E003C00380
E000F003800380
E0007007000380
E0003807000380
E000380E000380
E0001C0E000380
E0001C1C000380
E0000E1C000380
E0000E38000380
E0000738000380
E0000770000380
E00003F0000380
E00003E0000380
E00001E0000380
E00001C0000380
E0000000000380
E0000000000380
E0000000000380
E0000000000380
E0000000000380
E0000000000380
E0000000000380
E0000000000380
00000000000000
00000000000000
00000000000000
00000000000000
00000000000000
00000000000000
00000000000000
00000000000000
000001C0000000
000003E0000000
000003E0000000
000003E0000000
000001E0000000
ENDCHAR
STARTCHAR uni1E43
ENCODING 7747
SWIDTH 838 0
DWIDTH 63 0
BBX 49 50 7 -13
BITMAP
C01FC0003F8000
E0FFF001FFF000
E3FFFC07FFF800
E7C07E0FC07C00
EF000F1F001E00
EE00073C000F00
FC0007B8000700
F80003F0000780
F00003F0000380
F00003E0000380
F00001E0000380
E00001E0000380
E00001C0000380
E00001C0000380
E00001C0000380
E00001C0000380
E00001C0000380
E00001C0000380
E00001C0000380
E00001C0000380
E00001C0000380
E00001C0000380
E00001C0000380
E00001C0000380
E00001C0000380
E00001C0000380
E00001C0000380
E00001C0000380
E00001C0000380
E00001C0000380
E00001C0000380
E00001C0000380
E00001C0000380
E00001C0000380
E00001C0000380
E00001C0000380
E00001C0000380
00000000000000
00000000000000
00000000000000
00000000000000
00000000000000
00000000000000
00000000000000
00000000000000
000001C0000000
000003E0000000
000003E0000000
000003E0000000
000001C0000000
ENDCHAR
STARTCHAR uni1E44
ENCODING 7748
SWIDTH 732 0
DWIDTH 55 0
BBX 41 66 7 0
BITMAP
00003C000000
00003E000000
00003E000000
00003E000000
00001C000000
000000000000
000000000000
000000000000
000000000000
000000000000
000000000000
000000000000
000000000000
E00000000380
F00000000380
F80000000380
F80000000380
FC0000000380
FE0000000380
EF0000000380
E70000000380
E78000000380
E3C000000380
E1C000000380
E0E000000380
E0F000000380
E07800000380
E03800000380
E01C00000380
E01E00000380
E00F00000380
E00700000380
E00780000380
E003C0000380
E001E0000380
E000E0000380
E000F0000380
E00078000380
E0003C000380
E0001C000380
E0001E000380
E0000F000380
E00007000380
E00003800380
E00003C00380
E00001E00380
E00000E00380
E00000700380
E00000780380
E000003C0380
E000001C0380
E000001E0380
E000000F0380
E00000078380
E00000038380
E0000003C380
E0000001E380
E0000000F380
E00000007380
E00000007B80
E00000003F80
E00000001F80
E00000000F80
E00000000F80
E00000000780
E00000000380
ENDCHAR
STARTCHAR uni1E45
ENCODING 7749
SWIDTH 553 0
DWIDTH 41 0
BBX 29 51 6 0
BITMAP
00078000
000F8000
000F8000
000F8000
00070000
00000000
00000000
00000000
00000000
00000000
00000000
00000000
00000000
00000000
6007F000
E03FFE00
E0FFFF80
E3F00FC0
E7C003E0
E70000E0
EE0000F0
FC000070
FC000078
F8000038
F0000038
F0000038
F0000038
F0000038
F0000038
F0000038
F0000038
F0000038
F0000038
F0000038
F0000038
F0000038
F0000038
F0000038
F0000038
F0000038
F0000038
F0000038
F0000038
F0000038
F0000038
F0000038
F0000038
F0000038
F0000038
F0000038
E0000038
ENDCHAR
STARTCHAR uni1E46
ENCODING 7750
SWIDTH 732 0
DWIDTH 55 0
BBX 41 66 7 -13
BITMAP
E00000000380
F00000000380
F80000000380
F80000000380
FC0000000380
FE0000000380
EF0000000380
E70000000380
E78000000380
E3C000000380
E1C000000380
E0E000000380
E0F000000380
E07800000380
E03800000380
E01C00000380
E01E00000380
E00F00000380
E00700000380
E00780000380
E003C0000380
E001E0000380
E000E0000380
E000F0000380
E00078000380
E0003C000380
E0001C000380
E0001E000380
E0000F000380
E00007000380
E00003800380
E00003C00380
E00001E00380
E00000E00380
E00000700380
E00000780380
E000003C0380
E000001C0380
E000001E0380
E000000F0380
E00000078380
E00000038380
E0000003C380
E0000001E380
E0000000F380
E00000007380
E00000007B80
E00000003F80
E00000001F80
E00000000F80
E00000000F80
E00000000780
E00000000380
000000000000
000000000000
000000000000
000000000000
000000000000
000000000000
000000000000
000000000000
00001C000000
00003E000000
00003E000000
00003E000000
00001C000000
ENDCHAR
STARTCHAR uni1E47
ENCODING 7751
SWIDTH 553 0
DWIDTH 41 0
BBX 29 50 6 -13
BITMAP
6007F000
E03FFE00
E0FFFF80
E3F00FC0
E7C003E0
E70000E0
EE0000F0
FC000070
FC000078
F8000038
F0000038
F0000038
F0000038
F0000038
F0000038
F0000038
F0000038
F0000038
F0000038
F0000038
F0000038
F0000038
F0000038
F0000038
F0000038
F0000038
F0000038
F0000038
F0000038
F0000038
F0000038
F0000038
F0000038
F0000038
F0000038
F0000038
E0000038
00000000
00000000
00000000
00000000
00000000
00000000
00000000
00000000
00078000
000F8000
000F8000
000F8000
00078000
ENDCHAR
STARTCHAR uni1E48
ENCODING 7752
SWIDTH 732 0
DWIDTH 55 0
BBX 41 64 7 -11
BITMAP
E00000000380
F00000000380
F80000000380
F80000000380
FC0000000380
FE0000000380
EF0000000380
E70000000380
E78000000380
E3C000000380
E1C000000380
E0E000000380
E0F000000380
E07800000380
E03800000380
E01C00000380
E01E00000380
E00F00000380
E00700000380
E00780000380
E003C0000380
E001E0000380
E000E0000380
E000F0000380
E00078000380
E0003C000380
E0001C000380
E0001E000380
E0000F000380
E00007000380
E00003800380
E00003C00380
E00001E00380
E00000E00380
E00000700380
E00000780380
E000003C0380
E000001C0380
E000001E0380
E000000F0380
E00000078380
E00000038380
E0000003C380
E0000001E380
E0000000F380
E00000007380
E00000007B80
E00000003F80
E00000001F80
E00000000F80
E00000000F80
E00000000780
E00000000380
000000000000
000000000000
000000000000
000000000000
000000000000
000000000000
000000000000
000000000000
001FFFFC0000
003FFFFE0000
003FFFFE0000
ENDCHAR
STARTCHAR uni1E49
ENCODING 7753
SWIDTH 553 0
DWIDTH 41 0
BBX 29 48 6 -11
BITMAP
6007F000
E03FFE00
E0FFFF80
E3F00FC0
E7C003E0
E70000E0
EE0000F0
FC000070
FC000078
F8000038
F0000038
F0000038
F0000038
F0000038
F0000038
F0000038
F0000038
F0000038
F0000038
F0000038
F0000038
F0000038
F0000038
F0000038
F0000038
F0000038
F0000038
F0000038
F0000038
F0000038
F0000038
F0000038
F0000038
F0000038
F0000038
F0000038
E0000038
00000000
00000000
00000000
00000000
00000000
00000000
00000000
00000000
07FFFF80
0FFFFF80
07FFFF80
ENDCHAR
STARTCHAR uni1E4C
ENCODING 7756
SWIDTH 751 0
DWIDTH 56 0
BBX 46 78 5 -1
BITMAP
000000070000
0000000F0000
0000000F0000
0000001E0000
0000003C0000
000000380000
000000780000
000000F00000
000000E00000
000001C00000
000001800000
000003800000
0000F000C000
0001FC01C000
0003FF01C000
000707818000
000603E78000
000E01FF0000
000E007E0000
000400000000
000000000000
000000000000
000000000000
000000000000
0000FFFC0000
0007FFFF8000
001FFFFFE000
003F8003F800
00FC0000FC00
01F000003E00
03E000001F00
03C000000780
078000000780
0F00000003C0
0E00000001E0
1E00000000E0
1C00000000F0
3C0000000070
380000000070
780000000078
780000000038
700000000038
70000000003C
70000000003C
F0000000003C
F0000000001C
F0000000001C
F0000000001C
E0000000001C
E0000000001C
E0000000001C
E0000000001C
E0000000001C
E0000000001C
F0000000001C
F0000000001C
F0000000003C
70000000003C
70000000003C
700000000038
780000000038
380000000078
380000000070
3C0000000070
1C00000000F0
1E00000000E0
0E00000001E0
0F00000003C0
078000000380
03C000000780
03E000000F00
01F000003E00
00FC0000FC00
003F0003F800
001FFEFFE000
0007FFFF8000
0001FFFE0000
000003400000
ENDCHAR
STARTCHAR uni1E4D
ENCODING 7757
SWIDTH 538 0
DWIDTH 40 0
BBX 32 62 4 -1
BITMAP
00000100
00000380
00000780
00000700
00000F00
00001E00
00001C00
00003800
00007000
00007000
0000E000
0001C000
00008000
007C0060
01FF00E0
01EF80E0
0383C1C0
0300FFC0
07007F80
03003E00
00000000
00000000
00000000
00000000
000FF000
007FFE00
01FFFF80
03F00FC0
07C003E0
0F0000F0
1E000078
1C00003C
3C00001C
3800001E
7800000E
7000000E
7000000F
F0000007
F0000007
E0000007
E0000007
E0000007
E0000007
E0000007
E0000007
E0000007
E0000007
F0000007
70000007
7000000F
7000000E
7800001E
3800001C
3C00003C
1E000038
0F000078
0F8001F0
07E003E0
03FC3FC0
00FFFF00
003FFC00
00018000
ENDCHAR
STARTCHAR uni1E4E
ENCODING 7758
SWIDTH 751 0
DWIDTH 56 0
BBX 46 74 5 -1
BITMAP
0001E00E0000
0001E01F0000
0001F01F0000
0001E01F0000
0000E00E0000
000000000000
000000000000
000000000000
0000F000C000
0001FC01C000
0003FF01C000
000707818000
000603E78000
000E01FF0000
000E007E0000
000400000000
000000000000
000000000000
000000000000
000000000000
0000FFFC0000
0007FFFF8000
001FFFFFE000
003F8003F800
00FC0000FC00
01F000003E00
03E000001F00
03C000000780
078000000780
0F00000003C0
0E00000001E0
1E00000000E0
1C00000000F0
3C0000000070
380000000070
780000000078
780000000038
700000000038
70000000003C
70000000003C
F0000000003C
F0000000001C
F0000000001C
F0000000001C
E0000000001C
E0000000001C
E0000000001C
E0000000001C
E0000000001C
E0000000001C
F0000000001C
F0000000001C
F0000000003C
70000000003C
70000000003C
700000000038
780000000038
380000000078
380000000070
3C0000000070
1C00000000F0
1E00000000E0
0E00000001E0
0F00000003C0
078000000380
03C000000780
03E000000F00
01F000003E00
00FC0000FC00
003F0003F800
001FFEFFE000
0007FFFF8000
0001FFFE0000
000003400000
ENDCHAR
STARTCHAR uni1E4F
ENCODING 7759
SWIDTH 538 0
DWIDTH 40 0
BBX 32 57 4 -1
BITMAP
00F00F00
00F80F80
00F80F80
00F00F00
00600200
00000000
00000000
00000000
007C0060
01FF00E0
01EF80E0
0383C1C0
0300FFC0
07007F80
03003E00
00000000
00000000
00000000
00000000
000FF000
007FFE00
01FFFF80
03F00FC0
07C003E0
0F0000F0
1E000078
1C00003C
3C00001C
3800001E
7800000E
7000000E
7000000F
F0000007
F0000007
E0000007
E0000007
E0000007
E0000007
E0000007
E0000007
E0000007
E0000007
F0000007
70000007
7000000F
7000000E
7800001E
3800001C
3C00003C
1E000038
0F000078
0F8001F0
07E003E0
03FC3FC0
00FFFF00
003FFC00
00018000
ENDCHAR
STARTCHAR uni1E50
ENCODING 7760
SWIDTH 751 0
DWIDTH 56 0
BBX 46 78 5 -1
BITMAP
000380000000
0003C0000000
0001C0000000
0001E0000000
0000F0000000
000070000000
000038000000
00001C000000
00001C000000
00000E000000
000007000000
000003000000
000000000000
000000000000
0003FFFF0000
000FFFFFC000
0007FFFFC000
000000000000
000000000000
000000000000
000000000000
000000000000
000000000000
000000000000
0000FFFC0000
0007FFFF8000
001FFFFFE000
003F8003F800
00FC0000FC00
01F000003E00
03E000001F00
03C000000780
078000000780
0F00000003C0
0E00000001E0
1E00000000E0
1C00000000F0
3C0000000070
380000000070
780000000078
780000000038
700000000038
70000000003C
70000000003C
F0000000003C
F0000000001C
F0000000001C
F0000000001C
E0000000001C
E0000000001C
E0000000001C
E0000000001C
E0000000001C
E0000000001C
F0000000001C
F0000000001C
F0000000003C
70000000003C
70000000003C
700000000038
780000000038
380000000078
380000000070
3C0000000070
1C00000000F0
1E00000000E0
0E00000001E0
0F00000003C0
078000000380
03C000000780
03E000000F00
01F000003E00
00FC0000FC00
003F0003F800
001FFEFFE000
0007FFFF8000
0001FFFE0000
000003400000
ENDCHAR
STARTCHAR uni1E51
ENCODING 7761
SWIDTH 538 0
DWIDTH 40 0
BBX 32 62 4 -1
BITMAP
00C00000
01E00000
01E00000
00F00000
00700000
00380000
003C0000
001C0000
000E0000
00070000
00070000
00038000
00018000
00000000
00000000
03FFFFE0
07FFFFE0
03FFFFC0
00000000
00000000
00000000
00000000
00000000
00000000
000FF000
007FFE00
01FFFF80
03F00FC0
07C003E0
0F0000F0
1E000078
1C00003C
3C00001C
3800001E
7800000E
7000000E
7000000F
F0000007
F0000007
E0000007
E0000007
E0000007
E0000007
E0000007
E0000007
E0000007
E0000007
F0000007
70000007
7000000F
7000000E
7800001E
3800001C
3C00003C
1E000038
0F000078
0F8001F0
07E003E0
03FC3FC0
00FFFF00
003FFC00
00018000
ENDCHAR
STARTCHAR uni1E52
ENCODING 7762
SWIDTH 751 0
DWIDTH 56 0
BBX 46 78 5 -1
BITMAP
000000070000
0000000F0000
0000000F0000
0000001E0000
0000003C0000
000000380000
000000780000
000000F00000
000000E00000
000001C00000
000001800000
000003800000
000000000000
000000000000
0003FFFF0000
000FFFFFC000
0007FFFFC000
000000000000
000000000000
000000000000
000000000000
000000000000
000000000000
000000000000
0000FFFC0000
0007FFFF8000
001FFFFFE000
003F8003F800
00FC0000FC00
01F000003E00
03E000001F00
03C000000780
078000000780
0F00000003C0
0E00000001E0
1E00000000E0
1C00000000F0
3C0000000070
380000000070
780000000078
780000000038
700000000038
70000000003C
70000000003C
F0000000003C
F0000000001C
F0000000001C
F0000000001C
E0000000001C
E0000000001C
E0000000001C
E0000000001C
E0000000001C
E0000000001C
F0000000001C
F0000000001C
F0000000003C
70000000003C
70000000003C
700000000038
780000000038
380000000078
380000000070
3C0000000070
1C00000000F0
1E00000000E0
0E00000001E0
0F00000003C0
078000000380
03C000000780
03E000000F00
01F000003E00
00FC0000FC00
003F0003F800
001FFEFFE000
0007FFFF8000
0001FFFE0000
000003400000
ENDCHAR
STARTCHAR uni1E53
ENCODING 7763
SWIDTH 538 0
DWIDTH 40 0
BBX 32 62 4 -1
BITMAP
00000100
00000380
00000780
00000700
00000F00
00001E00
00001C00
00003800
00007000
00007000
0000E000
0001C000
00008000
00000000
00000000
03FFFFE0
07FFFFE0
03FFFFC0
00000000
00000000
00000000
00000000
00000000
00000000
000FF000
007FFE00
01FFFF80
03F00FC0
07C003E0
0F0000F0
1E000078
1C00003C
3C00001C
3800001E
7800000E
7000000E
7000000F
F0000007
F0000007
E0000007
E0000007
E0000007
E0000007
E0000007
E0000007
E0000007
E0000007
F0000007
70000007
7000000F
7000000E
7800001E
3800001C
3C00003C
1E000038
0F000078
0F8001F0
07E003E0
03FC3FC0
00FFFF00
003FFC00
00018000
ENDCHAR
STARTCHAR uni1E5A
ENCODING 7770
SWIDTH 654 0
DWIDTH 49 0
BBX 38 66 7 -13
BITMAP
7FFFFF0000
FFFFFFF000
FFFFFFFC00
E00000FF00
E000001F80
E0000007C0
E0000003C0
E0000001E0
E0000000E0
E0000000F0
E000000070
E000000070
E000000070
E000000070
E000000078
E000000070
E000000070
E000000070
E000000070
E0000000F0
E0000000F0
E0000000E0
E0000001E0
E0000003C0
E000000780
E000001F00
E00003FE00
FFFFFFF800
FFFFFFC000
FFFFFF8000
E00007C000
E00001E000
E00000F000
E000007800
E000003800
E000003C00
E000001C00
E000000E00
E000000F00
E000000700
E000000780
E000000380
E0000003C0
E0000001C0
E0000001E0
E0000000E0
E0000000F0
E000000070
E000000078
E000000038
E00000001C
E00000001C
E00000000C
0000000000
0000000000
0000000000
0000000000
0000000000
0000000000
0000000000
0000000000
0000F00000
0000F80000
0001F80000
0000F80000
0000F00000
ENDCHAR
STARTCHAR uni1E5B
ENCODING 7771
SWIDTH 327 0
DWIDTH 25 0
BBX 19 50 5 -13
BITMAP
3007E0
703FE0
707FC0
71F800
73E000
778000
770000
7E0000
7C0000
7C0000
780000
780000
780000
780000
780000
780000
780000
780000
780000
780000
780000
780000
780000
780000
780000
780000
780000
780000
780000
780000
780000
780000
780000
780000
780000
780000
700000
000000
000000
000000
000000
000000
000000
000000
000000
780000
F80000
FC0000
F80000
780000
ENDCHAR
STARTCHAR uni1E5E
ENCODING 7774
SWIDTH 654 0
DWIDTH 49 0
BBX 38 64 7 -11
BITMAP
7FFFFF0000
FFFFFFF000
FFFFFFFC00
E00000FF00
E000001F80
E0000007C0
E0000003C0
E0000001E0
E0000000E0
E0000000F0
E000000070
E000000070
E000000070
E000000070
E000000078
E000000070
E000000070
E000000070
E000000070
E0000000F0
E0000000F0
E0000000E0
E0000001E0
E0000003C0
E000000780
E000001F00
E00003FE00
FFFFFFF800
FFFFFFC000
FFFFFF8000
E00007C000
E00001E000
E00000F000
E000007800
E000003800
E000003C00
E000001C00
E000000E00
E000000F00
E000000700
E000000780
E000000380
E0000003C0
E0000001C0
E0000001E0
E0000000E0
E0000000F0
E000000070
E000000078
E000000038
E00000001C
E00000001C
E00000000C
0000000000
0000000000
0000000000
0000000000
0000000000
0000000000
0000000000
0000000000
00FFFFF000
00FFFFF800
00FFFFF000
ENDCHAR
STARTCHAR uni1E5F
ENCODING 7775
SWIDTH 327 0
DWIDTH 25 0
BBX 27 48 -3 -11
BITMAP
003007E0
00703FE0
00707FC0
0071F800
0073E000
00778000
00770000
007E0000
007C0000
007C0000
00780000
00780000
00780000
00780000
00780000
00780000
00780000
00780000
00780000
00780000
00780000
00780000
00780000
00780000
00780000
00780000
00780000
00780000
00780000
00780000
00780000
00780000
00780000
00780000
00780000
00780000
00700000
00000000
00000000
00000000
00000000
00000000
00000000
00000000
00000000
7FFFF800
FFFFF800
7FFFF800
ENDCHAR
STARTCHAR uni1E60
ENCODING 7776
SWIDTH 600 0
DWIDTH 45 0
BBX 38 67 4 -1
BITMAP
0000780000
0000F80000
0000F80000
0000F80000
0000700000
0000000000
0000000000
0000000000
0000000000
0000000000
0000000000
0000000000
0000000000
000FFFE000
003FFFF800
00FFFFFF00
03F8003F80
07E0000FC0
0F800003F0
0F000000F0
1E00000070
3C00000020
3800000000
3800000000
7800000000
7800000000
7000000000
7000000000
7000000000
7800000000
7800000000
3800000000
3C00000000
3C00000000
1E00000000
0F00000000
07C0000000
03F8000000
01FFC00000
007FFE0000
000FFFE000
00007FF800
000003FE00
0000003F80
00000007C0
00000003E0
00000000F0
0000000078
0000000078
0000000038
0000000038
000000003C
000000003C
000000003C
0000000038
0000000038
0000000038
0000000078
E0000000F0
F0000000F0
FC000001E0
3F000007C0
1FE0001F80
07FFEFFF00
01FFFFFC00
003FFFE000
0000780000
ENDCHAR
STARTCHAR uni1E61
ENCODING 7777
SWIDTH 475 0
DWIDTH 36 0
BBX 27 52 4 -1
BITMAP
000F8000
000F8000
000F8000
000F8000
00070000
00000000
00000000
00000000
00000000
00000000
00000000
00000000
00000000
00000000
003FE000
01FFFC00
03FFFF00
0FE03F80
1F0007C0
1E0001E0
3C0000C0
38000000
38000000
78000000
78000000
38000000
38000000
3C000000
3C000000
1F000000
0FC00000
07FC0000
01FFC000
007FF800
0007FE00
00007F80
00000FC0
000003C0
000001E0
000000E0
000000E0
000000E0
000000E0
000000E0
000001E0
E00001C0
F80003C0
7E000F80
3FF1FF00
0FFFFE00
01FFF800
000E0000
ENDCHAR
STARTCHAR uni1E62
ENCODING 7778
SWIDTH 600 0
DWIDTH 45 0
BBX 38 66 4 -13
BITMAP
000FFFE000
003FFFF800
00FFFFFF00
03F8003F80
07E0000FC0
0F800003F0
0F000000F0
1E00000070
3C00000020
3800000000
3800000000
7800000000
7800000000
7000000000
7000000000
7000000000
7800000000
7800000000
3800000000
3C00000000
3C00000000
1E00000000
0F00000000
07C0000000
03F8000000
01FFC00000
007FFE0000
000FFFE000
00007FF800
000003FE00
0000003F80
00000007C0
00000003E0
00000000F0
0000000078
0000000078
0000000038
0000000038
000000003C
000000003C
000000003C
0000000038
0000000038
0000000038
0000000078
E0000000F0
F0000000F0
FC000001E0
3F000007C0
1FE0001F80
07FFEFFF00
01FFFFFC00
003FFFE000
0000780000
0000000000
0000000000
0000000000
0000000000
0000000000
0000000000
0000000000
0000780000
00007C0000
00007C0000
00007C0000
0000780000
ENDCHAR
STARTCHAR uni1E63
ENCODING 7779
SWIDTH 475 0
DWIDTH 36 0
BBX 27 50 4 -13
BITMAP
003FE000
01FFFC00
03FFFF00
0FE03F80
1F0007C0
1E0001E0
3C0000C0
38000000
38000000
78000000
78000000
38000000
38000000
3C000000
3C000000
1F000000
0FC00000
07FC0000
01FFC000
007FF800
0007FE00
00007F80
00000FC0
000003C0
000001E0
000000E0
000000E0
000000E0
000000E0
000000E0
000001E0
E00001C0
F80003C0
7E000F80
3FF1FF00
0FFFFE00
01FFF800
000E0000
00000000
00000000
00000000
00000000
00000000
00000000
00000000
000E0000
001F0000
001F0000
001F0000
000F0000
ENDCHAR
STARTCHAR uni1E64
ENCODING 7780
SWIDTH 600 0
DWIDTH 45 0
BBX 38 77 4 -1
BITMAP
0001C00000
0003E00000
0003E00000
0003E00000
0001C00000
0000001800
0000003800
0000007800
000000F000
000000F000
000001E000
000003C000
0000038000
0000070000
00000F0000
00000E0000
00001C0000
0000380000
0000300000
0000000000
0000000000
0000000000
0000000000
000FFFE000
003FFFF800
00FFFFFF00
03F8003F80
07E0000FC0
0F800003F0
0F000000F0
1E00000070
3C00000020
3800000000
3800000000
7800000000
7800000000
7000000000
7000000000
7000000000
7800000000
7800000000
3800000000
3C00000000
3C00000000
1E00000000
0F00000000
07C0000000
03F8000000
01FFC00000
007FFE0000
000FFFE000
00007FF800
000003FE00
0000003F80
00000007C0
00000003E0
00000000F0
0000000078
0000000078
0000000038
0000000038
000000003C
000000003C
000000003C
0000000038
0000000038
0000000038
0000000078
E0000000F0
F0000000F0
FC000001E0
3F000007C0
1FE0001F80
07FFEFFF00
01FFFFFC00
003FFFE000
0000780000
ENDCHAR
STARTCHAR uni1E65
ENCODING 7781
SWIDTH 475 0
DWIDTH 36 0
BBX 27 63 4 -1
BITMAP
00180000
003C0000
003E0000
003E0000
003C0000
00000600
00000700
00000F00
00000E00
00001E00
00003C00
00003C00
00007800
00007000
0000F000
0000E000
0001C000
0001C000
00038000
00038000
00030000
00000000
00000000
00000000
00000000
003FE000
01FFFC00
03FFFF00
0FE03F80
1F0007C0
1E0001E0
3C0000C0
38000000
38000000
78000000
78000000
38000000
38000000
3C000000
3C000000
1F000000
0FC00000
07FC0000
01FFC000
007FF800
0007FE00
00007F80
00000FC0
000003C0
000001E0
000000E0
000000E0
000000E0
000000E0
000000E0
000001E0
E00001C0
F80003C0
7E000F80
3FF1FF00
0FFFFE00
01FFF800
000E0000
ENDCHAR
STARTCHAR uni1E66
ENCODING 7782
SWIDTH 600 0
DWIDTH 45 0
BBX 38 79 4 -1
BITMAP
0000700000
0000F80000
0000F80000
0000F80000
0000780000
0000000000
0000000000
0040001000
0060003800
0070007000
0038006000
001C00E000
001E01C000
000E038000
0007078000
0003870000
0003CE0000
0001FE0000
0000FC0000
0000F80000
0000700000
0000000000
0000000000
0000000000
0000000000
000FFFE000
003FFFF800
00FFFFFF00
03F8003F80
07E0000FC0
0F800003F0
0F000000F0
1E00000070
3C00000020
3800000000
3800000000
7800000000
7800000000
7000000000
7000000000
7000000000
7800000000
7800000000
3800000000
3C00000000
3C00000000
1E00000000
0F00000000
07C0000000
03F8000000
01FFC00000
007FFE0000
000FFFE000
00007FF800
000003FE00
0000003F80
00000007C0
00000003E0
00000000F0
0000000078
0000000078
0000000038
0000000038
000000003C
000000003C
000000003C
0000000038
0000000038
0000000038
0000000078
E0000000F0
F0000000F0
FC000001E0
3F000007C0
1FE0001F80
07FFEFFF00
01FFFFFC00
003FFFE000
0000780000
ENDCHAR
STARTCHAR uni1E67
ENCODING 7783
SWIDTH 475 0
DWIDTH 36 0
BBX 27 63 4 -1
BITMAP
00070000
000F8000
000F8000
000F8000
00070000
00000000
00000000
04000100
0E000300
07000700
03000E00
03800E00
01C01C00
00E03800
00F07800
0078F000
0038E000
003DE000
001FC000
000F8000
00070000
00000000
00000000
00000000
00000000
003FE000
01FFFC00
03FFFF00
0FE03F80
1F0007C0
1E0001E0
3C0000C0
38000000
38000000
78000000
78000000
38000000
38000000
3C000000
3C000000
1F000000
0FC00000
07FC0000
01FFC000
007FF800
0007FE00
00007F80
00000FC0
000003C0
000001E0
000000E0
000000E0
000000E0
000000E0
000000E0
000001E0
E00001C0
F80003C0
7E000F80
3FF1FF00
0FFFFE00
01FFF800
000E0000
ENDCHAR
STARTCHAR uni1E68
ENCODING 7784
SWIDTH 600 0
DWIDTH 45 0
BBX 38 79 4 -13
BITMAP
0000780000
0000F80000
0000F80000
0000F80000
0000700000
0000000000
0000000000
0000000000
0000000000
0000000000
0000000000
0000000000
0000000000
000FFFE000
003FFFF800
00FFFFFF00
03F8003F80
07E0000FC0
0F800003F0
0F000000F0
1E00000070
3C00000020
3800000000
3800000000
7800000000
7800000000
7000000000
7000000000
7000000000
7800000000
7800000000
3800000000
3C00000000
3C00000000
1E00000000
0F00000000
07C0000000
03F8000000
01FFC00000
007FFE0000
000FFFE000
00007FF800
000003FE00
0000003F80
00000007C0
00000003E0
00000000F0
0000000078
0000000078
0000000038
0000000038
000000003C
000000003C
000000003C
0000000038
0000000038
0000000038
0000000078
E0000000F0
F0000000F0
FC000001E0
3F000007C0
1FE0001F80
07FFEFFF00
01FFFFFC00
003FFFE000
0000780000
0000000000
0000000000
0000000000
0000000000
0000000000
0000000000
0000000000
0000780000
00007C0000
00007C0000
00007C0000
0000780000
ENDCHAR
STARTCHAR uni1E69
ENCODING 7785
SWIDTH 475 0
DWIDTH 36 0
BBX 27 64 4 -13
BITMAP
000F8000
000F8000
000F8000
000F8000
00070000
00000000
00000000
00000000
00000000
00000000
00000000
00000000
00000000
00000000
003FE000
01FFFC00
03FFFF00
0FE03F80
1F0007C0
1E0001E0
3C0000C0
38000000
38000000
78000000
78000000
38000000
38000000
3C000000
3C000000
1F000000
0FC00000
07FC0000
01FFC000
007FF800
0007FE00
00007F80
00000FC0
000003C0
000001E0
000000E0
000000E0
000000E0
000000E0
000000E0
000001E0
E00001C0
F80003C0
7E000F80
3FF1FF00
0FFFFE00
01FFF800
000E0000
00000000
00000000
00000000
00000000
00000000
00000000
00000000
000E0000
001F0000
001F0000
001F0000
000F0000
ENDCHAR
STARTCHAR uni1E6C
ENCODING 7788
SWIDTH 586 0
DWIDTH 44 0
BBX 44 66 0 -13
BITMAP
FFFFFFFFFFF0
FFFFFFFFFFF0
FFFFFFFFFFF0
00000F000000
00000F000000
00000F000000
00000F000000
00000F000000
00000F000000
00000F000000
00000F000000
00000F000000
00000F000000
00000F000000
00000F000000
00000F000000
00000F000000
00000F000000
00000F000000
00000F000000
00000F000000
00000F000000
00000F000000
00000F000000
00000F000000
00000F000000
00000F000000
00000F000000
00000F000000
00000F000000
00000F000000
00000F000000
00000F000000
00000F000000
00000F000000
00000F000000
00000F000000
00000F000000
00000F000000
00000F000000
00000F000000
00000F000000
00000F000000
00000F000000
00000F000000
00000F000000
00000F000000
00000F000000
00000F000000
00000F000000
00000F000000
00000F000000
000006000000
000000000000
000000000000
000000000000
000000000000
000000000000
000000000000
000000000000
000000000000
00000F000000
00001F000000
00001F800000
00001F000000
00000F000000
ENDCHAR
STARTCHAR uni1E6D
ENCODING 7789
SWIDTH 320 0
DWIDTH 24 0
BBX 25 61 0 -13
BITMAP
00E00000
00E00000
00E00000
00E00000
00E00000
00E00000
00E00000
00E00000
00E00000
00E00000
00E00000
00E00000
FFFFFE00
FFFFFE00
00E00000
00E00000
00E00000
00E00000
00E00000
00E00000
00E00000
00E00000
00E00000
00E00000
00E00000
00E00000
00E00000
00E00000
00E00000
00E00000
00E00000
00E00000
00E00000
00E00000
00E00000
00E00000
00E00000
00E00000
00E00000
00E00000
00F00000
00F00000
00700000
00780000
003C0000
001F8700
000FFF80
0007FF00
00003000
00000000
00000000
00000000
00000000
00000000
00000000
00000000
00078000
0007C000
0007C000
0007C000
00078000
ENDCHAR
STARTCHAR uni1E6E
ENCODING 7790
SWIDTH 586 0
DWIDTH 44 0
BBX 44 64 0 -11
BITMAP
FFFFFFFFFFF0
FFFFFFFFFFF0
FFFFFFFFFFF0
00000F000000
00000F000000
00000F000000
00000F000000
00000F000000
00000F000000
00000F000000
00000F000000
00000F000000
00000F000000
00000F000000
00000F000000
00000F000000
00000F000000
00000F000000
00000F000000
00000F000000
00000F000000
00000F000000
00000F000000
00000F000000
00000F000000
00000F000000
00000F000000
00000F000000
00000F000000
00000F000000
00000F000000
00000F000000
00000F000000
00000F000000
00000F000000
00000F000000
00000F000000
00000F000000
00000F000000
00000F000000
00000F000000
00000F000000
00000F000000
00000F000000
00000F000000
00000F000000
00000F000000
00000F000000
00000F000000
00000F000000
00000F000000
00000F000000
000006000000
000000000000
000000000000
000000000000
000000000000
000000000000
000000000000
000000000000
000000000000
000FFFFF0000
001FFFFF0000
000FFFFF0000
ENDCHAR
STARTCHAR uni1E6F
ENCODING 7791
SWIDTH 320 0
DWIDTH 24 0
BBX 26 59 0 -11
BITMAP
00E00000
00E00000
00E00000
00E00000
00E00000
00E00000
00E00000
00E00000
00E00000
00E00000
00E00000
00E00000
FFFFFE00
FFFFFE00
00E00000
00E00000
00E00000
00E00000
00E00000
00E00000
00E00000
00E00000
00E00000
00E00000
00E00000
00E00000
00E00000
00E00000
00E00000
00E00000
00E00000
00E00000
00E00000
00E00000
00E00000
00E00000
00E00000
00E00000
00E00000
00E00000
00F00000
00F00000
00700000
00780000
003C0000
001F8700
000FFF80
0007FF00
00003000
00000000
00000000
00000000
00000000
00000000
00000000
00000000
03FFFF80
07FFFFC0
07FFFF80
ENDCHAR
STARTCHAR uni1E78
ENCODING 7800
SWIDTH 720 0
DWIDTH 54 0
BBX 40 78 7 -1
BITMAP
0000003800
0000007800
0000007000
000000F000
000001E000
000001C000
0000038000
0000078000
0000070000
00000E0000
00001C0000
00001C0000
0007800400
000FE00E00
001FF00E00
00387C1C00
00301F3C00
00700FF800
007007F000
0020000000
0000000000
0000000000
0000000000
0000000000
E000000007
E000000007
E000000007
E000000007
E000000007
E000000007
E000000007
E000000007
E000000007
E000000007
E000000007
E000000007
E000000007
E000000007
E000000007
E000000007
E000000007
E000000007
E000000007
E000000007
E000000007
E000000007
E000000007
E000000007
E000000007
E000000007
E000000007
E000000007
E000000007
E000000007
E000000007
E000000007
E000000007
E000000007
E000000007
E000000007
E000000007
E000000007
F00000000F
700000000E
700000000E
700000000E
780000001E
380000001C
3C0000003C
1E00000078
1F000000F0
0F800001F0
07E00007E0
03F8001FC0
00FFFFFF00
007FFFFC00
000FFFF000
00001C0000
ENDCHAR
STARTCHAR uni1E79
ENCODING 7801
SWIDTH 545 0
DWIDTH 41 0
BBX 29 62 6 -1
BITMAP
00000600
00000E00
00001E00
00001E00
00003C00
00003800
00007000
0000F000
0000E000
0001C000
00038000
00030000
00030000
01F80180
03FC0180
07FE0380
0E078780
0E03FF00
0C01FE00
0C007C00
00000000
00000000
00000000
00000000
40000030
E0000070
E0000078
E0000078
E0000078
E0000078
E0000078
E0000078
E0000078
E0000078
E0000078
E0000078
E0000078
E0000078
E0000078
E0000078
E0000078
E0000078
E0000078
E0000078
E0000078
E0000078
E0000078
E0000078
E0000078
E0000078
F0000078
F00000F8
700000F8
700001F8
780003F8
380007F8
3C000F78
1F001E78
0FE1FC78
07FFF878
01FFE030
000C0000
ENDCHAR
STARTCHAR uni1E7A
ENCODING 7802
SWIDTH 720 0
DWIDTH 54 0
BBX 40 74 7 -1
BITMAP
0006006000
000F00F000
001F00F800
001F00F000
000F00F000
0000000000
0000000000
0000000000
0000000000
0000000000
007FFFFE00
007FFFFE00
001FFFF800
0000000000
0000000000
0000000000
0000000000
0000000000
0000000000
0000000000
E000000007
E000000007
E000000007
E000000007
E000000007
E000000007
E000000007
E000000007
E000000007
E000000007
E000000007
E000000007
E000000007
E000000007
E000000007
E000000007
E000000007
E000000007
E000000007
E000000007
E000000007
E000000007
E000000007
E000000007
E000000007
E000000007
E000000007
E000000007
E000000007
E000000007
E000000007
E000000007
E000000007
E000000007
E000000007
E000000007
E000000007
E000000007
F00000000F
700000000E
700000000E
700000000E
780000001E
380000001C
3C0000003C
1E00000078
1F000000F0
0F800001F0
07E00007E0
03F8001FC0
00FFFFFF00
007FFFFC00
000FFFF000
00001C0000
ENDCHAR
STARTCHAR uni1E7B
ENCODING 7803
SWIDTH 545 0
DWIDTH 41 0
BBX 29 57 6 -1
BITMAP
01C01C00
03E03E00
03E03E00
03E03E00
01C01C00
00000000
00000000
00000000
00000000
07FFFF00
0FFFFF80
0FFFFF80
00000000
00000000
00000000
00000000
00000000
00000000
00000000
40000030
E0000070
E0000078
E0000078
E0000078
E0000078
E0000078
E0000078
E0000078
E0000078
E0000078
E0000078
E0000078
E0000078
E0000078
E0000078
E0000078
E0000078
E0000078
E0000078
E0000078
E0000078
E0000078
E0000078
E0000078
E0000078
F0000078
F00000F8
700000F8
700001F8
780003F8
380007F8
3C000F78
1F001E78
0FE1FC78
07FFF878
01FFE030
000C0000
ENDCHAR
STARTCHAR Wgrave
ENCODING 7808
SWIDTH 1091 0
DWIDTH 82 0
BBX 76 71 3 0
BITMAP
00000004000000000000
0000000E000000000000
0000000F000000000000
0000000F000000000000
00000007800000000000
00000003C00000000000
00000001C00000000000
00000000E00000000000
00000000F00000000000
00000000700000000000
00000000380000000000
000000001C0000000000
000000000E0000000000
000000000C0000000000
00000000000000000000
00000000000000000000
00000000000000000000
00000000000000000000
E00000000E0000000070
F00000000F00000000F0
700000000F00000000E0
700000001F00000000E0
780000001F80000001C0
380000001F80000001C0
380000003B80000001C0
3C00000039C000000380
1C00000079C000000380
1C00000071E000000780
1E00000070E000000700
0E000000F0E000000700
0E000000E07000000F00
0F000000E07000000E00
07000001E07000000E00
07000001C03800001E00
03800001C03800001C00
03800003C03800001C00
03800003801C00003C00
01C00003801C00003800
01C00007001C00003800
01E00007000E00007800
00E00007000E00007000
00E0000E000E00007000
00F0000E00070000F000
0070000E00070000E000
0070001C00070000E000
0078001C00038001E000
0038001C00038001C000
0038003800038001C000
003C00380001C0038000
001C00380001C0038000
001C00700001C0038000
001E00700000E0070000
000E00F00000E0070000
000E00E00000F0070000
000F00E00000700E0000
000701E00000700E0000
000701C00000781E0000
000381C00000381C0000
000383C00000381C0000
0003838000003C3C0000
0001C38000001C380000
0001C78000001C380000
0001C70000000E780000
0000E70000000E700000
0000EE0000000E700000
0000EE00000007F00000
00007E00000007E00000
00007C00000007E00000
00007C00000003E00000
00003C00000003C00000
00003800000003C00000
ENDCHAR
STARTCHAR wgrave
ENCODING 7809
SWIDTH 830 0
DWIDTH 62 0
BBX 55 57 4 0
BITMAP
00003000000000
00007800000000
00003C00000000
00003C00000000
00001E00000000
00001E00000000
00000F00000000
00000700000000
00000780000000
00000380000000
000001C0000000
000001C0000000
000000E0000000
000000E0000000
00000070000000
00000030000000
00000000000000
00000000000000
00000000000000
00000000000000
C000003000000C
E000007800000E
E000007C00001E
E00000FC00001C
F00000FE00001C
700001EE00003C
700001EE000038
780001CF000038
380003C7000078
38000387000070
3C000387800070
1C0007838000F0
1C0007038000E0
1E000703C001E0
0E000F01C001C0
0F000E01C001C0
07000E01E003C0
07001E00E00380
07801C00E00380
03803C00700780
03803800700700
03C03800700700
01C07800380F00
01C07000380E00
01E070003C0E00
00E0F0001C1E00
00E0E0001C1C00
00F0E0001E1C00
0071E0000E3800
0071C0000E3800
0079C0000F3800
003BC000077000
003B8000077000
003F800007F000
001F000003E000
001F000003E000
000F000001E000
ENDCHAR
STARTCHAR Wacute
ENCODING 7810
SWIDTH 1091 0
DWIDTH 82 0
BBX 76 71 3 0
BITMAP
00000000000200000000
00000000000700000000
00000000000F00000000
00000000001E00000000
00000000001E00000000
00000000003C00000000
00000000007800000000
00000000007000000000
0000000000E000000000
0000000001E000000000
0000000001C000000000
00000000038000000000
00000000070000000000
00000000060000000000
00000000000000000000
00000000000000000000
00000000000000000000
00000000000000000000
E00000000E0000000070
F00000000F00000000F0
700000000F00000000E0
700000001F00000000E0
780000001F80000001C0
380000001F80000001C0
380000003B80000001C0
3C00000039C000000380
1C00000079C000000380
1C00000071E000000780
1E00000070E000000700
0E000000F0E000000700
0E000000E07000000F00
0F000000E07000000E00
07000001E07000000E00
07000001C03800001E00
03800001C03800001C00
03800003C03800001C00
03800003801C00003C00
01C00003801C00003800
01C00007001C00003800
01E00007000E00007800
00E00007000E00007000
00E0000E000E00007000
00F0000E00070000F000
0070000E00070000E000
0070001C00070000E000
0078001C00038001E000
0038001C00038001C000
0038003800038001C000
003C00380001C0038000
001C00380001C0038000
001C00700001C0038000
001E00700000E0070000
000E00F00000E0070000
000E00E00000F0070000
000F00E00000700E0000
000701E00000700E0000
000701C00000781E0000
000381C00000381C0000
000383C00000381C0000
0003838000003C3C0000
0001C38000001C380000
0001C78000001C380000
0001C70000000E780000
0000E70000000E700000
0000EE0000000E700000
0000EE00000007F00000
00007E00000007E00000
00007C00000007E00000
00007C00000003E00000
00003C00000003C00000
00003800000003C00000
ENDCHAR
STARTCHAR wacute
ENCODING 7811
SWIDTH 830 0
DWIDTH 62 0
BBX 55 57 4 0
BITMAP
00000000300000
00000000780000
00000000780000
00000000F00000
00000000E00000
00000001E00000
00000001C00000
00000003C00000
00000003800000
00000007000000
00000007000000
0000000E000000
0000000E000000
0000001C000000
00000038000000
00000038000000
00000000000000
00000000000000
00000000000000
00000000000000
C000003000000C
E000007800000E
E000007C00001E
E00000FC00001C
F00000FE00001C
700001EE00003C
700001EE000038
780001CF000038
380003C7000078
38000387000070
3C000387800070
1C0007838000F0
1C0007038000E0
1E000703C001E0
0E000F01C001C0
0F000E01C001C0
07000E01E003C0
07001E00E00380
07801C00E00380
03803C00700780
03803800700700
03C03800700700
01C07800380F00
01C07000380E00
01E070003C0E00
00E0F0001C1E00
00E0E0001C1C00
00F0E0001E1C00
0071E0000E3800
0071C0000E3800
0079C0000F3800
003BC000077000
003B8000077000
003F800007F000
001F000003E000
001F000003E000
000F000001E000
ENDCHAR
STARTCHAR Wdieresis
ENCODING 7812
SWIDTH 1091 0
DWIDTH 82 0
BBX 76 66 3 0
BITMAP
00000003C03C00000000
00000007C07C00000000
00000007C07C00000000
00000003C03C00000000
00000001801800000000
00000000000000000000
00000000000000000000
00000000000000000000
00000000000000000000
00000000000000000000
00000000000000000000
00000000000000000000
00000000000000000000
E00000000E0000000070
F00000000F00000000F0
700000000F00000000E0
700000001F00000000E0
780000001F80000001C0
380000001F80000001C0
380000003B80000001C0
3C00000039C000000380
1C00000079C000000380
1C00000071E000000780
1E00000070E000000700
0E000000F0E000000700
0E000000E07000000F00
0F000000E07000000E00
07000001E07000000E00
07000001C03800001E00
03800001C03800001C00
03800003C03800001C00
03800003801C00003C00
01C00003801C00003800
01C00007001C00003800
01E00007000E00007800
00E00007000E00007000
00E0000E000E00007000
00F0000E00070000F000
0070000E00070000E000
0070001C00070000E000
0078001C00038001E000
0038001C00038001C000
0038003800038001C000
003C00380001C0038000
001C00380001C0038000
001C00700001C0038000
001E00700000E0070000
000E00F00000E0070000
000E00E00000F0070000
000F00E00000700E0000
000701E00000700E0000
000701C00000781E0000
000381C00000381C0000
000383C00000381C0000
0003838000003C3C0000
0001C38000001C380000
0001C78000001C380000
0001C70000000E780000
0000E70000000E700000
0000EE0000000E700000
0000EE00000007F00000
00007E00000007E00000
00007C00000007E00000
00007C00000003E00000
00003C00000003C00000
00003800000003C00000
ENDCHAR
STARTCHAR wdieresis
ENCODING 7813
SWIDTH 830 0
DWIDTH 62 0
BBX 55 51 4 0
BITMAP
00001E01E00000
00001F01F00000
00001F01F00000
00001E01E00000
00000C00C00000
00000000000000
00000000000000
00000000000000
00000000000000
00000000000000
00000000000000
00000000000000
00000000000000
00000000000000
C000003000000C
E000007800000E
E000007C00001E
E00000FC00001C
F00000FE00001C
700001EE00003C
700001EE000038
780001CF000038
380003C7000078
38000387000070
3C000387800070
1C0007838000F0
1C0007038000E0
1E000703C001E0
0E000F01C001C0
0F000E01C001C0
07000E01E003C0
07001E00E00380
07801C00E00380
03803C00700780
03803800700700
03C03800700700
01C07800380F00
01C07000380E00
01E070003C0E00
00E0F0001C1E00
00E0E0001C1C00
00F0E0001E1C00
0071E0000E3800
0071C0000E3800
0079C0000F3800
003BC000077000
003B8000077000
003F800007F000
001F000003E000
001F000003E000
000F000001E000
ENDCHAR
STARTCHAR uni1E8E
ENCODING 7822
SWIDTH 577 0
DWIDTH 43 0
BBX 41 66 1 0
BITMAP
00001E000000
00003E000000
00003E000000
00003E000000
00001C000000
000000000000
000000000000
000000000000
000000000000
000000000000
000000000000
000000000000
000000000000
E00000000180
F00000000380
700000000780
780000000F00
3C0000000E00
1E0000001C00
0E0000003C00
0F0000007800
078000007000
03C00000E000
01C00001E000
01E00003C000
00F000038000
007800070000
0038000F0000
003C001E0000
001E001C0000
000E003C0000
000F00780000
000780700000
0003C0E00000
0001C1E00000
0001E3C00000
0000F3800000
00007F000000
00003F000000
00003E000000
00001C000000
00001C000000
00001C000000
00001C000000
00001C000000
00001C000000
00001C000000
00001C000000
00001C000000
00001C000000
00001C000000
00001C000000
00001C000000
00001C000000
00001C000000
00001C000000
00001C000000
00001C000000
00001C000000
00001C000000
00001C000000
00001C000000
00001C000000
00001C000000
00001C000000
00001C000000
ENDCHAR
STARTCHAR uni1E8F
ENCODING 7823
SWIDTH 504 0
DWIDTH 38 0
BBX 34 65 2 -14
BITMAP
0001E00000
0003E00000
0003F00000
0001E00000
0000C00000
0000000000
0000000000
0000000000
0000000000
0000000000
0000000000
0000000000
0000000000
0000000000
6000000180
F0000003C0
F000000380
7000000780
7800000780
3800000700
3C00000F00
3C00000E00
1C00001E00
1E00001C00
0E00001C00
0F00003C00
0700003800
0780007800
0780007000
038000F000
03C000E000
01C000E000
01E001E000
00E001C000
00E003C000
00F0038000
0070038000
0078070000
0038070000
00380F0000
001C0E0000
001C0E0000
001E1C0000
000E1C0000
000F380000
0007380000
0007780000
0003F00000
0003F00000
0003E00000
0001E00000
0001C00000
0001C00000
0003C00000
0003800000
0007800000
0007000000
000F000000
000E000000
000E000000
001E000000
001C000000
003C000000
0038000000
0038000000
ENDCHAR
STARTCHAR uni1E92
ENCODING 7826
SWIDTH 575 0
DWIDTH 43 0
BBX 39 66 3 -13
BITMAP
7FFFFFFFF8
FFFFFFFFFC
7FFFFFFFF8
0000000078
00000000F0
00000000E0
00000001E0
00000003C0
0000000380
0000000780
0000000F00
0000000E00
0000001E00
0000003C00
0000003800
0000007800
000000F000
000001E000
000001C000
000003C000
0000078000
0000070000
00000F0000
00001E0000
00001C0000
00003C0000
0000780000
0000F00000
0000F00000
0001E00000
0003C00000
0003800000
0007800000
000F000000
000E000000
001E000000
003C000000
0038000000
0078000000
00F0000000
01E0000000
01E0000000
03C0000000
0780000000
0700000000
0F00000000
1E00000000
1C00000000
3C00000000
7800000000
7FFFFFFFFC
FFFFFFFFFE
7FFFFFFFFC
0000000000
0000000000
0000000000
0000000000
0000000000
0000000000
0000000000
0000000000
0000380000
00007C0000
00007C0000
00007C0000
0000380000
ENDCHAR
STARTCHAR uni1E93
ENCODING 7827
SWIDTH 454 0
DWIDTH 34 0
BBX 28 49 4 -13
BITMAP
FFFFFFE0
FFFFFFE0
000001C0
000003C0
00000780
00000700
00000F00
00001E00
00001C00
00003800
00007800
0000F000
0000E000
0001E000
0003C000
00038000
00070000
000F0000
001E0000
001C0000
00380000
00780000
00700000
00E00000
01E00000
03C00000
03800000
07000000
0F000000
0E000000
1C000000
3C000000
78000000
7FFFFFE0
FFFFFFF0
7FFFFFF0
00000000
00000000
00000000
00000000
00000000
00000000
00000000
00000000
000E0000
001F0000
001F0000
001F0000
000E0000
ENDCHAR
STARTCHAR uni1E97
ENCODING 7831
SWIDTH 320 0
DWIDTH 24 0
BBX 25 62 0 -1
BITMAP
78078000
7C07C000
7C07C000
7C07C000
38038000
00000000
00000000
00000000
00000000
00000000
00000000
00000000
00000000
00E00000
00E00000
00E00000
00E00000
00E00000
00E00000
00E00000
00E00000
00E00000
00E00000
00E00000
00E00000
FFFFFE00
FFFFFE00
00E00000
00E00000
00E00000
00E00000
00E00000
00E00000
00E00000
00E00000
00E00000
00E00000
00E00000
00E00000
00E00000
00E00000
00E00000
00E00000
00E00000
00E00000
00E00000
00E00000
00E00000
00E00000
00E00000
00E00000
00E00000
00E00000
00F00000
00F00000
00700000
00780000
003C0000
001F8700
000FFF80
0007FF00
00003000
ENDCHAR
STARTCHAR uni1E9E
ENCODING 7838
SWIDTH 697 0
DWIDTH 52 0
BBX 40 54 7 -1
BITMAP
000FFFE000
003FFFFC00
00FFFFFE00
03F8001F80
07C00007C0
0F800003E0
1E000001E0
1E000000F0
3C00000070
3800000078
7800000078
7000000038
7000000038
7000000038
F000000038
E000000038
E000000038
E000000078
E000000070
E0000000F0
E0000000E0
E0000001E0
E0000003C0
E000000F80
E000007F00
E00FFFFC00
E00FFFFF00
E00FFFFFC0
E0000007E0
E0000001F0
E000000078
E00000003C
E00000001C
E00000001E
E00000000E
E00000000F
E00000000F
E000000007
E000000007
E000000007
E000000007
E00000000F
E00000000F
E00000000E
E00000000E
E00000001E
E02000003C
E07800007C
E07E0000F8
E03F8003F0
E00FFE7FE0
E003FFFF80
E000FFFE00
0000018000
ENDCHAR
STARTCHAR uni1EA0
ENCODING 7840
SWIDTH 716 0
DWIDTH 54 0
BBX 48 66 3 -13
BITMAP
000003800000
000003C00000
000007C00000
000007E00000
00000FE00000
00000EF00000
00000E700000
00001C700000
00001C380000
00003C380000
0000381C0000
0000781C0000
0000701E0000
0000700E0000
0000E00F0000
0000E0070000
0001E0070000
0001C0078000
0003C0038000
00038003C000
00038001C000
00070001E000
00070000E000
000F0000E000
000E0000F000
001E00007000
001C00007800
001C00003800
003C00003C00
003800001C00
007800001C00
007000001E00
00F000000E00
00E000000F00
00E000000700
01FFFFFFFF80
01FFFFFFFF80
03FFFFFFFF80
0380000003C0
0780000001C0
0700000001E0
0700000000E0
0E00000000F0
0E0000000070
1E0000000070
1C0000000078
3C0000000038
38000000003C
38000000001C
70000000001E
70000000000E
F0000000000E
E00000000007
000000000000
000000000000
000000000000
000000000000
000000000000
000000000000
000000000000
000000000000
000003C00000
000007C00000
000007E00000
000007C00000
000003C00000
ENDCHAR
STARTCHAR uni1EA1
ENCODING 7841
SWIDTH 514 0
DWIDTH 39 0
BBX 27 50 5 -13
BITMAP
001FE000
01FFFC00
07FFFE00
1FE01F00
3F000780
780003C0
300001C0
000001E0
000000E0
000000E0
000000E0
000000E0
000000E0
000000E0
000000E0
000000E0
0000BFE0
00FFFFE0
07FFFFE0
1FFC00E0
3F0000E0
7C0000E0
700000E0
F00000E0
E00000E0
E00000E0
E00001E0
E00001E0
E00001E0
F00003E0
F00007E0
78000FE0
3C001EE0
3E003CE0
1FC3F8E0
07FFF0E0
01FFC0E0
00180000
00000000
00000000
00000000
00000000
00000000
00000000
00000000
00070000
000F8000
000F8000
000F8000
00078000
ENDCHAR
STARTCHAR uni1EA2
ENCODING 7842
SWIDTH 716 0
DWIDTH 54 0
BBX 48 71 3 0
BITMAP
000000800000
00001FF80000
00003FFC0000
0000383C0000
0000000E0000
0000000E0000
0000001E0000
0000003C0000
000000780000
000000E00000
000001C00000
000001C00000
000003800000
000001800000
000000000000
000000000000
000000000000
000000000000
000003800000
000003C00000
000007C00000
000007E00000
00000FE00000
00000EF00000
00000E700000
00001C700000
00001C380000
00003C380000
0000381C0000
0000781C0000
0000701E0000
0000700E0000
0000E00F0000
0000E0070000
0001E0070000
0001C0078000
0003C0038000
00038003C000
00038001C000
00070001E000
00070000E000
000F0000E000
000E0000F000
001E00007000
001C00007800
001C00003800
003C00003C00
003800001C00
007800001C00
007000001E00
00F000000E00
00E000000F00
00E000000700
01FFFFFFFF80
01FFFFFFFF80
03FFFFFFFF80
0380000003C0
0780000001C0
0700000001E0
0700000000E0
0E00000000F0
0E0000000070
1E0000000070
1C0000000078
3C0000000038
38000000003C
38000000001C
70000000001E
70000000000E
F0000000000E
E00000000007
ENDCHAR
STARTCHAR uni1EA3
ENCODING 7843
SWIDTH 514 0
DWIDTH 39 0
BBX 27 58 5 -1
BITMAP
00020000
003FF000
007FF800
00707800
00003C00
00001C00
00003C00
00003800
00007800
0000F000
0001E000
0003C000
00038000
00030000
00030000
00030000
00000000
00000000
00000000
00000000
001FE000
01FFFC00
07FFFE00
1FE01F00
3F000780
780003C0
300001C0
000001E0
000000E0
000000E0
000000E0
000000E0
000000E0
000000E0
000000E0
000000E0
0000BFE0
00FFFFE0
07FFFFE0
1FFC00E0
3F0000E0
7C0000E0
700000E0
F00000E0
E00000E0
E00000E0
E00001E0
E00001E0
E00001E0
F00003E0
F00007E0
78000FE0
3C001EE0
3E003CE0
1FC3F8E0
07FFF0E0
01FFC0E0
00180000
ENDCHAR
STARTCHAR uni1EA4
ENCODING 7844
SWIDTH 716 0
DWIDTH 54 0
BBX 48 77 3 0
BITMAP
000000000600
000000000F00
000000000E00
000000001E00
000000003C00
000000003800
000000007800
000003807000
000003C0E000
000007E1C000
00000FF1C000
00001E738000
00001C390000
0000383C0000
0000781C0000
0000700E0000
0000E0070000
0001C0030000
000180038000
000180018000
000000000000
000000000000
000000000000
000000000000
000003800000
000003C00000
000007C00000
000007E00000
00000FE00000
00000EF00000
00000E700000
00001C700000
00001C380000
00003C380000
0000381C0000
0000781C0000
0000701E0000
0000700E0000
0000E00F0000
0000E0070000
0001E0070000
0001C0078000
0003C0038000
00038003C000
00038001C000
00070001E000
00070000E000
000F0000E000
000E0000F000
001E00007000
001C00007800
001C00003800
003C00003C00
003800001C00
007800001C00
007000001E00
00F000000E00
00E000000F00
00E000000700
01FFFFFFFF80
01FFFFFFFF80
03FFFFFFFF80
0380000003C0
0780000001C0
0700000001E0
0700000000E0
0E00000000F0
0E0000000070
1E0000000070
1C0000000078
3C0000000038
38000000003C
38000000001C
70000000001E
70000000000E
F0000000000E
E00000000007
ENDCHAR
STARTCHAR uni1EA5
ENCODING 7845
SWIDTH 514 0
DWIDTH 39 0
BBX 31 62 5 -1
BITMAP
0000000C
0000001E
0000001C
0000003C
00000038
00000070
000000F0
000300E0
000781C0
000FC1C0
001FE380
001CE700
0038F200
00787800
00703800
00E01C00
01C00E00
03800E00
03800700
03000300
00000000
00000000
00000000
00000000
001FE000
01FFFC00
07FFFE00
1FE01F00
3F000780
780003C0
300001C0
000001E0
000000E0
000000E0
000000E0
000000E0
000000E0
000000E0
000000E0
000000E0
0000BFE0
00FFFFE0
07FFFFE0
1FFC00E0
3F0000E0
7C0000E0
700000E0
F00000E0
E00000E0
E00000E0
E00001E0
E00001E0
E00001E0
F00003E0
F00007E0
78000FE0
3C001EE0
3E003CE0
1FC3F8E0
07FFF0E0
01FFC0E0
00180000
ENDCHAR
STARTCHAR uni1EA6
ENCODING 7846
SWIDTH 716 0
DWIDTH 54 0
BBX 48 77 3 0
BITMAP
000000180000
000000380000
0000003C0000
0000001E0000
0000000E0000
0000000F0000
000000070000
000003838000
000003C1C000
000007E1C000
00000FF0E000
00001E706000
00001C382000
0000383C0000
0000781C0000
0000700E0000
0000E0070000
0001C0030000
000180038000
000180018000
000000000000
000000000000
000000000000
000000000000
000003800000
000003C00000
000007C00000
000007E00000
00000FE00000
00000EF00000
00000E700000
00001C700000
00001C380000
00003C380000
0000381C0000
0000781C0000
0000701E0000
0000700E0000
0000E00F0000
0000E0070000
0001E0070000
0001C0078000
0003C0038000
00038003C000
00038001C000
00070001E000
00070000E000
000F0000E000
000E0000F000
001E00007000
001C00007800
001C00003800
003C00003C00
003800001C00
007800001C00
007000001E00
00F000000E00
00E000000F00
00E000000700
01FFFFFFFF80
01FFFFFFFF80
03FFFFFFFF80
0380000003C0
0780000001C0
0700000001E0
0700000000E0
0E00000000F0
0E0000000070
1E0000000070
1C0000000078
3C0000000038
38000000003C
38000000001C
70000000001E
70000000000E
F0000000000E
E00000000007
ENDCHAR
STARTCHAR uni1EA7
ENCODING 7847
SWIDTH 514 0
DWIDTH 39 0
BBX 27 62 5 -1
BITMAP
00002000
00007000
00007800
00003800
00001C00
00001E00
00000E00
00030700
00078700
000FC380
001FE1C0
001CE1C0
0038F0C0
00787800
00703800
00E01C00
01C00E00
03800E00
03800700
03000300
00000000
00000000
00000000
00000000
001FE000
01FFFC00
07FFFE00
1FE01F00
3F000780
780003C0
300001C0
000001E0
000000E0
000000E0
000000E0
000000E0
000000E0
000000E0
000000E0
000000E0
0000BFE0
00FFFFE0
07FFFFE0
1FFC00E0
3F0000E0
7C0000E0
700000E0
F00000E0
E00000E0
E00000E0
E00001E0
E00001E0
E00001E0
F00003E0
F00007E0
78000FE0
3C001EE0
3E003CE0
1FC3F8E0
07FFF0E0
01FFC0E0
00180000
ENDCHAR
STARTCHAR uni1EA8
ENCODING 7848
SWIDTH 716 0
DWIDTH 54 0
BBX 48 77 3 0
BITMAP
000000008000
0000001FF800
0000001FFC00
000000101E00
000000000E00
000000000E00
000000000E00
000003801C00
000003C03C00
000007E07800
00000FF0E000
00001E71C000
00001C380000
0000383C0000
0000781C0000
0000700E0000
0000E0070000
0001C0030000
000180038000
000180018000
000000000000
000000000000
000000000000
000000000000
000003800000
000003C00000
000007C00000
000007E00000
00000FE00000
00000EF00000
00000E700000
00001C700000
00001C380000
00003C380000
0000381C0000
0000781C0000
0000701E0000
0000700E0000
0000E00F0000
0000E0070000
0001E0070000
0001C0078000
0003C0038000
00038003C000
00038001C000
00070001E000
00070000E000
000F0000E000
000E0000F000
001E00007000
001C00007800
001C00003800
003C00003C00
003800001C00
007800001C00
007000001E00
00F000000E00
00E000000F00
00E000000700
01FFFFFFFF80
01FFFFFFFF80
03FFFFFFFF80
0380000003C0
0780000001C0
0700000001E0
0700000000E0
0E00000000F0
0E0000000070
1E0000000070
1C0000000078
3C0000000038
38000000003C
38000000001C
70000000001E
70000000000E
F0000000000E
E00000000007
ENDCHAR
STARTCHAR uni1EA9
ENCODING 7849
SWIDTH 514 0
DWIDTH 39 0
BBX 30 61 5 -1
BITMAP
00001FF0
00003FF8
0000307C
0000001C
0000001C
0000001C
00030038
00078038
000FC0F0
001FE1E0
001CE380
0038F200
00787800
00703800
00E01C00
01C00E00
03800E00
03800700
03000300
00000000
00000000
00000000
00000000
001FE000
01FFFC00
07FFFE00
1FE01F00
3F000780
780003C0
300001C0
000001E0
000000E0
000000E0
000000E0
000000E0
000000E0
000000E0
000000E0
000000E0
0000BFE0
00FFFFE0
07FFFFE0
1FFC00E0
3F0000E0
7C0000E0
700000E0
F00000E0
E00000E0
E00000E0
E00001E0
E00001E0
E00001E0
F00003E0
F00007E0
78000FE0
3C001EE0
3E003CE0
1FC3F8E0
07FFF0E0
01FFC0E0
00180000
ENDCHAR
STARTCHAR uni1EAA
ENCODING 7850
SWIDTH 716 0
DWIDTH 54 0
BBX 48 76 3 0
BITMAP
0000FC00E000
0001FF00E000
0003FF80C000
000383C1C000
000701FF8000
0007007F8000
0006003E0000
000000000000
000001800000
000003C00000
000007E00000
00000FF00000
00001E780000
00003C3C0000
0000781C0000
0000700E0000
0000E0070000
0001C0038000
000180018000
000000000000
000000000000
000000000000
000000000000
000003800000
000003C00000
000007C00000
000007E00000
00000FE00000
00000EF00000
00000E700000
00001C700000
00001C380000
00003C380000
0000381C0000
0000781C0000
0000701E0000
0000700E0000
0000E00F0000
0000E0070000
0001E0070000
0001C0078000
0003C0038000
00038003C000
00038001C000
00070001E000
00070000E000
000F0000E000
000E0000F000
001E00007000
001C00007800
001C00003800
003C00003C00
003800001C00
007800001C00
007000001E00
00F000000E00
00E000000F00
00E000000700
01FFFFFFFF80
01FFFFFFFF80
03FFFFFFFF80
0380000003C0
0780000001C0
0700000001E0
0700000000E0
0E00000000F0
0E0000000070
1E0000000070
1C0000000078
3C0000000038
38000000003C
38000000001C
70000000001E
70000000000E
F0000000000E
E00000000007
ENDCHAR
STARTCHAR uni1EAB
ENCODING 7851
SWIDTH 514 0
DWIDTH 39 0
BBX 27 61 5 -1
BITMAP
01F801C0
03FE01C0
07FF0180
07078380
0E03FF00
0E00FF00
0C007C00
00000000
00020000
00078000
000FC000
001FE000
003CF000
00787000
00F03800
00E01C00
01C00E00
03800700
03000300
00000000
00000000
00000000
00000000
001FE000
01FFFC00
07FFFE00
1FE01F00
3F000780
780003C0
300001C0
000001E0
000000E0
000000E0
000000E0
000000E0
000000E0
000000E0
000000E0
000000E0
0000BFE0
00FFFFE0
07FFFFE0
1FFC00E0
3F0000E0
7C0000E0
700000E0
F00000E0
E00000E0
E00000E0
E00001E0
E00001E0
E00001E0
F00003E0
F00007E0
78000FE0
3C001EE0
3E003CE0
1FC3F8E0
07FFF0E0
01FFC0E0
00180000
ENDCHAR
STARTCHAR uni1EAC
ENCODING 7852
SWIDTH 716 0
DWIDTH 54 0
BBX 48 84 3 -13
BITMAP
000001000000
000003C00000
000007E00000
00000FF00000
00000E700000
00001C780000
00003C3C0000
0000781C0000
0000700E0000
0000E0070000
0001C0078000
0001C0038000
00038001C000
00030000C000
000000000000
000000000000
000000000000
000000000000
000003800000
000003C00000
000007C00000
000007E00000
00000FE00000
00000EF00000
00000E700000
00001C700000
00001C380000
00003C380000
0000381C0000
0000781C0000
0000701E0000
0000700E0000
0000E00F0000
0000E0070000
0001E0070000
0001C0078000
0003C0038000
00038003C000
00038001C000
00070001E000
00070000E000
000F0000E000
000E0000F000
001E00007000
001C00007800
001C00003800
003C00003C00
003800001C00
007800001C00
007000001E00
00F000000E00
00E000000F00
00E000000700
01FFFFFFFF80
01FFFFFFFF80
03FFFFFFFF80
0380000003C0
0780000001C0
0700000001E0
0700000000E0
0E00000000F0
0E0000000070
1E0000000070
1C0000000078
3C0000000038
38000000003C
38000000001C
70000000001E
70000000000E
F0000000000E
E00000000007
000000000000
000000000000
000000000000
000000000000
000000000000
000000000000
000000000000
000000000000
000003C00000
000007C00000
000007E00000
000007C00000
000003C00000
ENDCHAR
STARTCHAR uni1EAD
ENCODING 7853
SWIDTH 514 0
DWIDTH 39 0
BBX 27 70 5 -13
BITMAP
00030000
00078000
000FC000
000FC000
001DE000
001CE000
00387000
00787000
00703800
00E03800
00E01C00
01C00E00
01C00E00
03800700
03000700
07000300
00000000
00000000
00000000
00000000
001FE000
01FFFC00
07FFFE00
1FE01F00
3F000780
780003C0
300001C0
000001E0
000000E0
000000E0
000000E0
000000E0
000000E0
000000E0
000000E0
000000E0
0000BFE0
00FFFFE0
07FFFFE0
1FFC00E0
3F0000E0
7C0000E0
700000E0
F00000E0
E00000E0
E00000E0
E00001E0
E00001E0
E00001E0
F00003E0
F00007E0
78000FE0
3C001EE0
3E003CE0
1FC3F8E0
07FFF0E0
01FFC0E0
00180000
00000000
00000000
00000000
00000000
00000000
00000000
00000000
00070000
000F8000
000F8000
000F8000
00078000
ENDCHAR
STARTCHAR uni1EAE
ENCODING 7854
SWIDTH 716 0
DWIDTH 54 0
BBX 48 77 3 0
BITMAP
000000030000
000000070000
0000000F0000
0000000F0000
0000001E0000
0000001C0000
000000380000
000000780000
000200704000
000700E0E000
000701C0E000
00030180C000
00030181C000
00038001C000
0001C0038000
0001E0078000
0000F00F0000
00007FFE0000
00003FFC0000
00000FE00000
000000000000
000000000000
000000000000
000000000000
000003800000
000003C00000
000007C00000
000007E00000
00000FE00000
00000EF00000
00000E700000
00001C700000
00001C380000
00003C380000
0000381C0000
0000781C0000
0000701E0000
0000700E0000
0000E00F0000
0000E0070000
0001E0070000
0001C0078000
0003C0038000
00038003C000
00038001C000
00070001E000
00070000E000
000F0000E000
000E0000F000
001E00007000
001C00007800
001C00003800
003C00003C00
003800001C00
007800001C00
007000001E00
00F000000E00
00E000000F00
00E000000700
01FFFFFFFF80
01FFFFFFFF80
03FFFFFFFF80
0380000003C0
0780000001C0
0700000001E0
0700000000E0
0E00000000F0
0E0000000070
1E0000000070
1C0000000078
3C0000000038
38000000003C
38000000001C
70000000001E
70000000000E
F0000000000E
E00000000007
ENDCHAR
STARTCHAR uni1EAF
ENCODING 7855
SWIDTH 514 0
DWIDTH 39 0
BBX 27 62 5 -1
BITMAP
00000600
00000E00
00001E00
00001E00
00003C00
00007800
00007000
0000E000
0400E080
0E01C1C0
0E038180
0E030180
06030380
07000380
03800700
03C00F00
01E01E00
00FFFC00
007FF800
001FC000
00000000
00000000
00000000
00000000
001FE000
01FFFC00
07FFFE00
1FE01F00
3F000780
780003C0
300001C0
000001E0
000000E0
000000E0
000000E0
000000E0
000000E0
000000E0
000000E0
000000E0
0000BFE0
00FFFFE0
07FFFFE0
1FFC00E0
3F0000E0
7C0000E0
700000E0
F00000E0
E00000E0
E00000E0
E00001E0
E00001E0
E00001E0
F00003E0
F00007E0
78000FE0
3C001EE0
3E003CE0
1FC3F8E0
07FFF0E0
01FFC0E0
00180000
ENDCHAR
STARTCHAR uni1EB0
ENCODING 7856
SWIDTH 716 0
DWIDTH 54 0
BBX 48 77 3 0
BITMAP
0000C0000000
0001E0000000
0000E0000000
0000F0000000
000078000000
000038000000
00001C000000
00001E000000
00020E004000
00070700E000
00070380E000
00070380C000
00030181C000
00038001C000
0001C0038000
0001E0078000
0000F00F0000
00007FFE0000
00003FFC0000
000007F00000
000000000000
000000000000
000000000000
000000000000
000003800000
000003C00000
000007C00000
000007E00000
00000FE00000
00000EF00000
00000E700000
00001C700000
00001C380000
00003C380000
0000381C0000
0000781C0000
0000701E0000
0000700E0000
0000E00F0000
0000E0070000
0001E0070000
0001C0078000
0003C0038000
00038003C000
00038001C000
00070001E000
00070000E000
000F0000E000
000E0000F000
001E00007000
001C00007800
001C00003800
003C00003C00
003800001C00
007800001C00
007000001E00
00F000000E00
00E000000F00
00E000000700
01FFFFFFFF80
01FFFFFFFF80
03FFFFFFFF80
0380000003C0
0780000001C0
0700000001E0
0700000000E0
0E00000000F0
0E0000000070
1E0000000070
1C0000000078
3C0000000038
38000000003C
38000000001C
70000000001E
70000000000E
F0000000000E
E00000000007
ENDCHAR
STARTCHAR uni1EB1
ENCODING 7857
SWIDTH 514 0
DWIDTH 39 0
BBX 27 62 5 -1
BITMAP
01800000
03C00000
03C00000
01E00000
00F00000
00700000
00380000
003C0000
041C0080
0E0E01C0
0E070180
0E070180
06030380
07000380
07800700
03C00F00
01E01E00
00FFFC00
007FF800
000FC000
00000000
00000000
00000000
00000000
001FE000
01FFFC00
07FFFE00
1FE01F00
3F000780
780003C0
300001C0
000001E0
000000E0
000000E0
000000E0
000000E0
000000E0
000000E0
000000E0
000000E0
0000BFE0
00FFFFE0
07FFFFE0
1FFC00E0
3F0000E0
7C0000E0
700000E0
F00000E0
E00000E0
E00000E0
E00001E0
E00001E0
E00001E0
F00003E0
F00007E0
78000FE0
3C001EE0
3E003CE0
1FC3F8E0
07FFF0E0
01FFC0E0
00180000
ENDCHAR
STARTCHAR uni1EB2
ENCODING 7858
SWIDTH 716 0
DWIDTH 54 0
BBX 48 76 3 0
BITMAP
00001FF00000
00003FFC0000
0000183C0000
0000001E0000
0000000E0000
0000001C0000
0000001C0000
0002003C4000
00070078E000
000700F0E000
000701C0C000
00030101C000
00038001C000
0001C0038000
0001E0078000
0000F00F0000
00007FFE0000
00003FFC0000
000007F00000
000000000000
000000000000
000000000000
000000000000
000003800000
000003C00000
000007C00000
000007E00000
00000FE00000
00000EF00000
00000E700000
00001C700000
00001C380000
00003C380000
0000381C0000
0000781C0000
0000701E0000
0000700E0000
0000E00F0000
0000E0070000
0001E0070000
0001C0078000
0003C0038000
00038003C000
00038001C000
00070001E000
00070000E000
000F0000E000
000E0000F000
001E00007000
001C00007800
001C00003800
003C00003C00
003800001C00
007800001C00
007000001E00
00F000000E00
00E000000F00
00E000000700
01FFFFFFFF80
01FFFFFFFF80
03FFFFFFFF80
0380000003C0
0780000001C0
0700000001E0
0700000000E0
0E00000000F0
0E0000000070
1E0000000070
1C0000000078
3C0000000038
38000000003C
38000000001C
70000000001E
70000000000E
F0000000000E
E00000000007
ENDCHAR
STARTCHAR uni1EB3
ENCODING 7859
SWIDTH 514 0
DWIDTH 39 0
BBX 27 61 5 -1
BITMAP
003FE000
007FF800
00307800
00003C00
00001C00
00003800
00003800
04007080
0E00F1C0
0E01C180
0E038180
06020380
07000380
07800700
03C00F00
01E01E00
00FFFC00
007FF800
000FC000
00000000
00000000
00000000
00000000
001FE000
01FFFC00
07FFFE00
1FE01F00
3F000780
780003C0
300001C0
000001E0
000000E0
000000E0
000000E0
000000E0
000000E0
000000E0
000000E0
000000E0
0000BFE0
00FFFFE0
07FFFFE0
1FFC00E0
3F0000E0
7C0000E0
700000E0
F00000E0
E00000E0
E00000E0
E00001E0
E00001E0
E00001E0
F00003E0
F00007E0
78000FE0
3C001EE0
3E003CE0
1FC3F8E0
07FFF0E0
01FFC0E0
00180000
ENDCHAR
STARTCHAR uni1EB4
ENCODING 7860
SWIDTH 716 0
DWIDTH 54 0
BBX 48 76 3 0
BITMAP
0000FC00E000
0001FF00E000
0003FF80C000
000383C1C000
000701FF8000
0007007F8000
0006003E0000
000000000000
000000000000
000000000000
000000000000
00070000C000
00030001C000
00038001C000
0001C0038000
0000F00F0000
00007FFE0000
00003FFC0000
00000FF00000
000000000000
000000000000
000000000000
000000000000
000003800000
000003C00000
000007C00000
000007E00000
00000FE00000
00000EF00000
00000E700000
00001C700000
00001C380000
00003C380000
0000381C0000
0000781C0000
0000701E0000
0000700E0000
0000E00F0000
0000E0070000
0001E0070000
0001C0078000
0003C0038000
00038003C000
00038001C000
00070001E000
00070000E000
000F0000E000
000E0000F000
001E00007000
001C00007800
001C00003800
003C00003C00
003800001C00
007800001C00
007000001E00
00F000000E00
00E000000F00
00E000000700
01FFFFFFFF80
01FFFFFFFF80
03FFFFFFFF80
0380000003C0
0780000001C0
0700000001E0
0700000000E0
0E00000000F0
0E0000000070
1E0000000070
1C0000000078
3C0000000038
38000000003C
38000000001C
70000000001E
70000000000E
F0000000000E
E00000000007
ENDCHAR
STARTCHAR uni1EB5
ENCODING 7861
SWIDTH 514 0
DWIDTH 39 0
BBX 27 61 5 -1
BITMAP
01F801C0
03FE01C0
07FF0180
07078380
0E03FF00
0E00FF00
0C007C00
00000000
00000000
00000000
00000000
0E000180
06000380
07000380
03800700
03E01E00
00FFFC00
007FF800
001FC000
00000000
00000000
00000000
00000000
001FE000
01FFFC00
07FFFE00
1FE01F00
3F000780
780003C0
300001C0
000001E0
000000E0
000000E0
000000E0
000000E0
000000E0
000000E0
000000E0
000000E0
0000BFE0
00FFFFE0
07FFFFE0
1FFC00E0
3F0000E0
7C0000E0
700000E0
F00000E0
E00000E0
E00000E0
E00001E0
E00001E0
E00001E0
F00003E0
F00007E0
78000FE0
3C001EE0
3E003CE0
1FC3F8E0
07FFF0E0
01FFC0E0
00180000
ENDCHAR
STARTCHAR uni1EB6
ENCODING 7862
SWIDTH 716 0
DWIDTH 54 0
BBX 48 83 3 -13
BITMAP
000C00002000
000E00007000
000E00006000
000600006000
00070000E000
00070000E000
00030001C000
00038001C000
0001C0078000
0000F00F0000
00007FFE0000
00003FFC0000
00000FE00000
000000000000
000000000000
000000000000
000000000000
000003800000
000003C00000
000007C00000
000007E00000
00000FE00000
00000EF00000
00000E700000
00001C700000
00001C380000
00003C380000
0000381C0000
0000781C0000
0000701E0000
0000700E0000
0000E00F0000
0000E0070000
0001E0070000
0001C0078000
0003C0038000
00038003C000
00038001C000
00070001E000
00070000E000
000F0000E000
000E0000F000
001E00007000
001C00007800
001C00003800
003C00003C00
003800001C00
007800001C00
007000001E00
00F000000E00
00E000000F00
00E000000700
01FFFFFFFF80
01FFFFFFFF80
03FFFFFFFF80
0380000003C0
0780000001C0
0700000001E0
0700000000E0
0E00000000F0
0E0000000070
1E0000000070
1C0000000078
3C0000000038
38000000003C
38000000001C
70000000001E
70000000000E
F0000000000E
E00000000007
000000000000
000000000000
000000000000
000000000000
000000000000
000000000000
000000000000
000000000000
000003C00000
000007C00000
000007E00000
000007C00000
000003C00000
ENDCHAR
STARTCHAR uni1EB7
ENCODING 7863
SWIDTH 514 0
DWIDTH 39 0
BBX 27 69 5 -13
BITMAP
04000080
0E0001C0
0E0001C0
0E000180
0E000180
06000180
07000380
07000300
03800700
03800700
01C00E00
00F03C00
00FFF800
003FF000
000FC000
00000000
00000000
00000000
00000000
001FE000
01FFFC00
07FFFE00
1FE01F00
3F000780
780003C0
300001C0
000001E0
000000E0
000000E0
000000E0
000000E0
000000E0
000000E0
000000E0
000000E0
0000BFE0
00FFFFE0
07FFFFE0
1FFC00E0
3F0000E0
7C0000E0
700000E0
F00000E0
E00000E0
E00000E0
E00001E0
E00001E0
E00001E0
F00003E0
F00007E0
78000FE0
3C001EE0
3E003CE0
1FC3F8E0
07FFF0E0
01FFC0E0
00180000
00000000
00000000
00000000
00000000
00000000
00000000
00000000
00070000
000F8000
000F8000
000F8000
00078000
ENDCHAR
STARTCHAR uni1EB8
ENCODING 7864
SWIDTH 570 0
DWIDTH 43 0
BBX 32 66 7 -13
BITMAP
7FFFFFFF
FFFFFFFF
FFFFFFFF
E0000000
E0000000
E0000000
E0000000
E0000000
E0000000
E0000000
E0000000
E0000000
E0000000
E0000000
E0000000
E0000000
E0000000
E0000000
E0000000
E0000000
E0000000
E0000000
E0000000
E0000000
E0000000
FFFFFFFE
FFFFFFFE
FFFFFFFC
E0000000
E0000000
E0000000
E0000000
E0000000
E0000000
E0000000
E0000000
E0000000
E0000000
E0000000
E0000000
E0000000
E0000000
E0000000
E0000000
E0000000
E0000000
E0000000
E0000000
E0000000
E0000000
FFFFFFFF
FFFFFFFF
7FFFFFFF
00000000
00000000
00000000
00000000
00000000
00000000
00000000
00000000
0001E000
0003E000
0003F000
0001E000
0001E000
ENDCHAR
STARTCHAR uni1EB9
ENCODING 7865
SWIDTH 523 0
DWIDTH 39 0
BBX 32 50 4 -13
BITMAP
0007F800
003FFE00
00FFFF80
01F807C0
07C001E0
0F8000F0
0E000078
1E000038
3C00001C
3800001C
7800000E
7000000E
7000000E
7000000E
F0000006
E0000007
E0000007
FFFFFFFF
FFFFFFFE
E0000000
E0000000
E0000000
E0000000
F0000000
70000000
70000000
70000000
78000000
38000000
3C000000
1E000000
0F00000E
0780003E
03E000FC
01FE0FF8
00FFFFE0
001FFF00
0000F000
00000000
00000000
00000000
00000000
00000000
00000000
00000000
0001E000
0003E000
0003E000
0003E000
0001E000
ENDCHAR
STARTCHAR uni1EBA
ENCODING 7866
SWIDTH 570 0
DWIDTH 43 0
BBX 32 71 7 0
BITMAP
00004000
000FFC00
001FFE00
001E1F00
00000700
00000700
00000F00
00001E00
00003C00
00007800
0000E000
0000E000
0000C000
0000C000
00000000
00000000
00000000
00000000
7FFFFFFF
FFFFFFFF
FFFFFFFF
E0000000
E0000000
E0000000
E0000000
E0000000
E0000000
E0000000
E0000000
E0000000
E0000000
E0000000
E0000000
E0000000
E0000000
E0000000
E0000000
E0000000
E0000000
E0000000
E0000000
E0000000
E0000000
FFFFFFFE
FFFFFFFE
FFFFFFFC
E0000000
E0000000
E0000000
E0000000
E0000000
E0000000
E0000000
E0000000
E0000000
E0000000
E0000000
E0000000
E0000000
E0000000
E0000000
E0000000
E0000000
E0000000
E0000000
E0000000
E0000000
E0000000
FFFFFFFF
FFFFFFFF
7FFFFFFF
ENDCHAR
STARTCHAR uni1EBB
ENCODING 7867
SWIDTH 523 0
DWIDTH 39 0
BBX 32 58 4 -1
BITMAP
00008000
000FF800
001FFE00
001C1E00
00000F00
00000700
00000F00
00000E00
00001E00
00003C00
00007800
0000F000
0000E000
0000C000
0001C000
0000C000
00000000
00000000
00000000
00000000
0007F800
003FFE00
00FFFF80
01F807C0
07C001E0
0F8000F0
0E000078
1E000038
3C00001C
3800001C
7800000E
7000000E
7000000E
7000000E
F0000006
E0000007
E0000007
FFFFFFFF
FFFFFFFE
E0000000
E0000000
E0000000
E0000000
F0000000
70000000
70000000
70000000
78000000
38000000
3C000000
1E000000
0F00000E
0780003E
03E000FC
01FE0FF8
00FFFFE0
001FFF00
0000F000
ENDCHAR
STARTCHAR uni1EBC
ENCODING 7868
SWIDTH 570 0
DWIDTH 43 0
BBX 32 69 7 0
BITMAP
00600006
03FC0007
07FF0006
0F0FC00E
0E03E00E
1C01F01C
18007C7C
18003FF8
38000FE0
10000000
00000000
00000000
00000000
00000000
00000000
00000000
7FFFFFFF
FFFFFFFF
FFFFFFFF
E0000000
E0000000
E0000000
E0000000
E0000000
E0000000
E0000000
E0000000
E0000000
E0000000
E0000000
E0000000
E0000000
E0000000
E0000000
E0000000
E0000000
E0000000
E0000000
E0000000
E0000000
E0000000
FFFFFFFE
FFFFFFFE
FFFFFFFC
E0000000
E0000000
E0000000
E0000000
E0000000
E0000000
E0000000
E0000000
E0000000
E0000000
E0000000
E0000000
E0000000
E0000000
E0000000
E0000000
E0000000
E0000000
E0000000
E0000000
E0000000
E0000000
FFFFFFFF
FFFFFFFF
7FFFFFFF
ENDCHAR
STARTCHAR uni1EBD
ENCODING 7869
SWIDTH 523 0
DWIDTH 39 0
BBX 32 55 4 -1
BITMAP
00780018
01FE0018
03FF0038
03878038
0701C030
0700F070
06007FE0
0E003FC0
0E001F80
04000000
00000000
00000000
00000000
00000000
00000000
00000000
00000000
0007F800
003FFE00
00FFFF80
01F807C0
07C001E0
0F8000F0
0E000078
1E000038
3C00001C
3800001C
7800000E
7000000E
7000000E
7000000E
F0000006
E0000007
E0000007
FFFFFFFF
FFFFFFFE
E0000000
E0000000
E0000000
E0000000
F0000000
70000000
70000000
70000000
78000000
38000000
3C000000
1E000000
0F00000E
0780003E
03E000FC
01FE0FF8
00FFFFE0
001FFF00
0000F000
ENDCHAR
STARTCHAR uni1EBE
ENCODING 7870
SWIDTH 570 0
DWIDTH 43 0
BBX 33 77 7 0
BITMAP
0000000300
0000000780
0000000700
0000000F00
0000000E00
0000001C00
0000003C00
0000C03800
0001E07000
0003F07000
0007F8E000
000738C000
000E1C8000
001E1E0000
001C0E0000
0038070000
0070038000
00E001C000
00E001C000
00C000C000
0000000000
0000000000
0000000000
0000000000
7FFFFFFF00
FFFFFFFF00
FFFFFFFF00
E000000000
E000000000
E000000000
E000000000
E000000000
E000000000
E000000000
E000000000
E000000000
E000000000
E000000000
E000000000
E000000000
E000000000
E000000000
E000000000
E000000000
E000000000
E000000000
E000000000
E000000000
E000000000
FFFFFFFE00
FFFFFFFE00
FFFFFFFC00
E000000000
E000000000
E000000000
E000000000
E000000000
E000000000
E000000000
E000000000
E000000000
E000000000
E000000000
E000000000
E000000000
E000000000
E000000000
E000000000
E000000000
E000000000
E000000000
E000000000
E000000000
E000000000
FFFFFFFF00
FFFFFFFF00
7FFFFFFF00
ENDCHAR
STARTCHAR uni1EBF
ENCODING 7871
SWIDTH 523 0
DWIDTH 39 0
BBX 32 62 4 -1
BITMAP
00000003
00000007
00000007
0000000F
0000001E
0000001C
0000003C
0000C038
0003E070
0003F0E0
0007F0E0
000F79C0
000E3C80
001C1C00
003C0E00
00380700
00700700
00E00380
00C001C0
01C000C0
00000000
00000000
00000000
00000000
0007F800
003FFE00
00FFFF80
01F807C0
07C001E0
0F8000F0
0E000078
1E000038
3C00001C
3800001C
7800000E
7000000E
7000000E
7000000E
F0000006
E0000007
E0000007
FFFFFFFF
FFFFFFFE
E0000000
E0000000
E0000000
E0000000
F0000000
70000000
70000000
70000000
78000000
38000000
3C000000
1E000000
0F00000E
0780003E
03E000FC
01FE0FF8
00FFFFE0
001FFF00
0000F000
ENDCHAR
STARTCHAR uni1EC0
ENCODING 7872
SWIDTH 570 0
DWIDTH 43 0
BBX 32 77 7 0
BITMAP
00000C00
00001E00
00001E00
00000F00
00000700
00000380
00000380
0000C1C0
0001E0E0
0003F0E0
0007F870
00073830
000E1C10
001E1E00
001C0E00
00380700
00700380
00E001C0
00E001C0
00C000C0
00000000
00000000
00000000
00000000
7FFFFFFF
FFFFFFFF
FFFFFFFF
E0000000
E0000000
E0000000
E0000000
E0000000
E0000000
E0000000
E0000000
E0000000
E0000000
E0000000
E0000000
E0000000
E0000000
E0000000
E0000000
E0000000
E0000000
E0000000
E0000000
E0000000
E0000000
FFFFFFFE
FFFFFFFE
FFFFFFFC
E0000000
E0000000
E0000000
E0000000
E0000000
E0000000
E0000000
E0000000
E0000000
E0000000
E0000000
E0000000
E0000000
E0000000
E0000000
E0000000
E0000000
E0000000
E0000000
E0000000
E0000000
E0000000
FFFFFFFF
FFFFFFFF
7FFFFFFF
ENDCHAR
STARTCHAR uni1EC1
ENCODING 7873
SWIDTH 523 0
DWIDTH 39 0
BBX 32 62 4 -1
BITMAP
00000800
00001C00
00001E00
00000E00
00000F00
00000780
00000380
0000C1C0
0003E1C0
0003F0E0
0007F070
000F7870
000E3C30
001C1C00
003C0E00
00380700
00700700
00E00380
00C001C0
01C000C0
00000000
00000000
00000000
00000000
0007F800
003FFE00
00FFFF80
01F807C0
07C001E0
0F8000F0
0E000078
1E000038
3C00001C
3800001C
7800000E
7000000E
7000000E
7000000E
F0000006
E0000007
E0000007
FFFFFFFF
FFFFFFFE
E0000000
E0000000
E0000000
E0000000
F0000000
70000000
70000000
70000000
78000000
38000000
3C000000
1E000000
0F00000E
0780003E
03E000FC
01FE0FF8
00FFFFE0
001FFF00
0000F000
ENDCHAR
STARTCHAR uni1EC2
ENCODING 7874
SWIDTH 570 0
DWIDTH 43 0
BBX 32 77 7 0
BITMAP
00000040
00000FFC
00000FFE
0000080F
00000007
00000007
00000007
0000C00E
0001E01E
0003F03C
0007F878
000738E0
000E1C00
001E1E00
001C0E00
00380700
00700380
00E001C0
00E001C0
00C000C0
00000000
00000000
00000000
00000000
7FFFFFFF
FFFFFFFF
FFFFFFFF
E0000000
E0000000
E0000000
E0000000
E0000000
E0000000
E0000000
E0000000
E0000000
E0000000
E0000000
E0000000
E0000000
E0000000
E0000000
E0000000
E0000000
E0000000
E0000000
E0000000
E0000000
E0000000
FFFFFFFE
FFFFFFFE
FFFFFFFC
E0000000
E0000000
E0000000
E0000000
E0000000
E0000000
E0000000
E0000000
E0000000
E0000000
E0000000
E0000000
E0000000
E0000000
E0000000
E0000000
E0000000
E0000000
E0000000
E0000000
E0000000
E0000000
FFFFFFFF
FFFFFFFF
7FFFFFFF
ENDCHAR
STARTCHAR uni1EC3
ENCODING 7875
SWIDTH 523 0
DWIDTH 39 0
BBX 32 61 4 -1
BITMAP
00000FF8
00000FFE
00000C1E
00000007
00000007
00000007
0000C00E
0003E01E
0003F03C
0007F078
000F78E0
000E3C80
001C1C00
003C0E00
00380700
00700700
00E00380
00C001C0
01C000C0
00000000
00000000
00000000
00000000
0007F800
003FFE00
00FFFF80
01F807C0
07C001E0
0F8000F0
0E000078
1E000038
3C00001C
3800001C
7800000E
7000000E
7000000E
7000000E
F0000006
E0000007
E0000007
FFFFFFFF
FFFFFFFE
E0000000
E0000000
E0000000
E0000000
F0000000
70000000
70000000
70000000
78000000
38000000
3C000000
1E000000
0F00000E
0780003E
03E000FC
01FE0FF8
00FFFFE0
001FFF00
0000F000
ENDCHAR
STARTCHAR uni1EC4
ENCODING 7876
SWIDTH 570 0
DWIDTH 43 0
BBX 32 76 7 0
BITMAP
007E0070
00FF8070
01FFC060
01C1E0E0
0180FFE0
03803FC0
03001F00
00000000
0000C000
0001E000
0003F000
0007F800
000F3C00
001E1E00
003C0F00
00380700
00700380
00E001C0
00C000C0
00000000
00000000
00000000
00000000
7FFFFFFF
FFFFFFFF
FFFFFFFF
E0000000
E0000000
E0000000
E0000000
E0000000
E0000000
E0000000
E0000000
E0000000
E0000000
E0000000
E0000000
E0000000
E0000000
E0000000
E0000000
E0000000
E0000000
E0000000
E0000000
E0000000
E0000000
FFFFFFFE
FFFFFFFE
FFFFFFFC
E0000000
E0000000
E0000000
E0000000
E0000000
E0000000
E0000000
E0000000
E0000000
E0000000
E0000000
E0000000
E0000000
E0000000
E0000000
E0000000
E0000000
E0000000
E0000000
E0000000
E0000000
E0000000
FFFFFFFF
FFFFFFFF
7FFFFFFF
ENDCHAR
STARTCHAR uni1EC5
ENCODING 7877
SWIDTH 523 0
DWIDTH 39 0
BBX 32 61 4 -1
BITMAP
007E0060
00FF0060
01FFC060
01C1E0E0
0380FFC0
03807F80
03001F00
00000000
00008000
0001E000
0003F000
0007F800
000F3800
001E1C00
003C0E00
00380700
00700380
00E001C0
01C000C0
00000000
00000000
00000000
00000000
0007F800
003FFE00
00FFFF80
01F807C0
07C001E0
0F8000F0
0E000078
1E000038
3C00001C
3800001C
7800000E
7000000E
7000000E
7000000E
F0000006
E0000007
E0000007
FFFFFFFF
FFFFFFFE
E0000000
E0000000
E0000000
E0000000
F0000000
70000000
70000000
70000000
78000000
38000000
3C000000
1E000000
0F00000E
0780003E
03E000FC
01FE0FF8
00FFFFE0
001FFF00
0000F000
ENDCHAR
STARTCHAR uni1EC6
ENCODING 7878
SWIDTH 570 0
DWIDTH 43 0
BBX 32 84 7 -13
BITMAP
00008000
0001E000
0003F000
0007F800
00073800
000F3C00
001E1E00
003C0F00
00380700
00700380
00E001C0
00E001C0
01C000E0
01800060
00000000
00000000
00000000
00000000
7FFFFFFF
FFFFFFFF
FFFFFFFF
E0000000
E0000000
E0000000
E0000000
E0000000
E0000000
E0000000
E0000000
E0000000
E0000000
E0000000
E0000000
E0000000
E0000000
E0000000
E0000000
E0000000
E0000000
E0000000
E0000000
E0000000
E0000000
FFFFFFFE
FFFFFFFE
FFFFFFFC
E0000000
E0000000
E0000000
E0000000
E0000000
E0000000
E0000000
E0000000
E0000000
E0000000
E0000000
E0000000
E0000000
E0000000
E0000000
E0000000
E0000000
E0000000
E0000000
E0000000
E0000000
E0000000
FFFFFFFF
FFFFFFFF
7FFFFFFF
00000000
00000000
00000000
00000000
00000000
00000000
00000000
00000000
0001E000
0003E000
0003F000
0001E000
0001E000
ENDCHAR
STARTCHAR uni1EC7
ENCODING 7879
SWIDTH 523 0
DWIDTH 39 0
BBX 32 70 4 -13
BITMAP
0000C000
0001E000
0003F000
0003F000
00077800
000F3800
000E3C00
001E1C00
001C0E00
00380E00
00380700
00700700
00600380
00E001C0
00C001C0
01C000C0
00000000
00000000
00000000
00000000
0007F800
003FFE00
00FFFF80
01F807C0
07C001E0
0F8000F0
0E000078
1E000038
3C00001C
3800001C
7800000E
7000000E
7000000E
7000000E
F0000006
E0000007
E0000007
FFFFFFFF
FFFFFFFE
E0000000
E0000000
E0000000
E0000000
F0000000
70000000
70000000
70000000
78000000
38000000
3C000000
1E000000
0F00000E
0780003E
03E000FC
01FE0FF8
00FFFFE0
001FFF00
0000F000
00000000
00000000
00000000
00000000
00000000
00000000
00000000
0001E000
0003E000
0003E000
0003E000
0001E000
ENDCHAR
STARTCHAR uni1EC8
ENCODING 7880
SWIDTH 234 0
DWIDTH 18 0
BBX 13 71 3 0
BITMAP
0400
7FC0
FFF0
E0F0
0078
0078
0070
00F0
01E0
0780
0700
0E00
0E00
0600
0000
0000
0000
0000
0E00
0E00
0E00
0E00
0E00
0E00
0E00
0E00
0E00
0E00
0E00
0E00
0E00
0E00
0E00
0E00
0E00
0E00
0E00
0E00
0E00
0E00
0E00
0E00
0E00
0E00
0E00
0E00
0E00
0E00
0E00
0E00
0E00
0E00
0E00
0E00
0E00
0E00
0E00
0E00
0E00
0E00
0E00
0E00
0E00
0E00
0E00
0E00
0E00
0E00
0E00
0E00
0E00
ENDCHAR
STARTCHAR uni1EC9
ENCODING 7881
SWIDTH 212 0
DWIDTH 16 0
BBX 13 57 2 0
BITMAP
0200
7FE0
FFF0
E0F0
0078
0038
0078
0070
00F0
01E0
03C0
0780
0700
0600
0600
0600
0000
0000
0000
0000
0400
0E00
0F00
0F00
0F00
0F00
0F00
0F00
0F00
0F00
0F00
0F00
0F00
0F00
0F00
0F00
0F00
0F00
0F00
0F00
0F00
0F00
0F00
0F00
0F00
0F00
0F00
0F00
0F00
0F00
0F00
0F00
0F00
0F00
0F00
0F00
0600
ENDCHAR
STARTCHAR uni1ECA
ENCODING 7882
SWIDTH 234 0
DWIDTH 18 0
BBX 5 66 6 -13
BITMAP
70
70
70
70
70
70
70
70
70
70
70
70
70
70
70
70
70
70
70
70
70
70
70
70
70
70
70
70
70
70
70
70
70
70
70
70
70
70
70
70
70
70
70
70
70
70
70
70
70
70
70
70
70
00
00
00
00
00
00
00
00
78
F8
F8
F8
78
ENDCHAR
STARTCHAR uni1ECB
ENCODING 7883
SWIDTH 212 0
DWIDTH 16 0
BBX 6 64 5 -13
BITMAP
78
FC
FC
78
30
00
00
00
00
00
00
00
00
00
20
70
78
78
78
78
78
78
78
78
78
78
78
78
78
78
78
78
78
78
78
78
78
78
78
78
78
78
78
78
78
78
78
78
78
78
30
00
00
00
00
00
00
00
00
78
F8
FC
F8
78
ENDCHAR
STARTCHAR uni1ECC
ENCODING 7884
SWIDTH 751 0
DWIDTH 56 0
BBX 46 66 5 -13
BITMAP
0000FFFC0000
0007FFFF8000
001FFFFFE000
003F8003F800
00FC0000FC00
01F000003E00
03E000001F00
03C000000780
078000000780
0F00000003C0
0E00000001E0
1E00000000E0
1C00000000F0
3C0000000070
380000000070
780000000078
780000000038
700000000038
70000000003C
70000000003C
F0000000003C
F0000000001C
F0000000001C
F0000000001C
E0000000001C
E0000000001C
E0000000001C
E0000000001C
E0000000001C
E0000000001C
F0000000001C
F0000000001C
F0000000003C
70000000003C
70000000003C
700000000038
780000000038
380000000078
380000000070
3C0000000070
1C00000000F0
1E00000000E0
0E00000001E0
0F00000003C0
078000000380
03C000000780
03E000000F00
01F000003E00
00FC0000FC00
003F0003F800
001FFEFFE000
0007FFFF8000
0001FFFE0000
000003400000
000000000000
000000000000
000000000000
000000000000
000000000000
000000000000
000000000000
000007800000
000007C00000
00000FC00000
000007C00000
000007800000
ENDCHAR
STARTCHAR uni1ECD
ENCODING 7885
SWIDTH 538 0
DWIDTH 40 0
BBX 32 50 4 -13
BITMAP
000FF000
007FFE00
01FFFF80
03F00FC0
07C003E0
0F0000F0
1E000078
1C00003C
3C00001C
3800001E
7800000E
7000000E
7000000F
F0000007
F0000007
E0000007
E0000007
E0000007
E0000007
E0000007
E0000007
E0000007
E0000007
F0000007
70000007
7000000F
7000000E
7800001E
3800001C
3C00003C
1E000038
0F000078
0F8001F0
07E003E0
03FC3FC0
00FFFF00
003FFC00
00018000
00000000
00000000
00000000
00000000
00000000
00000000
00000000
0003C000
0003E000
0003E000
0003E000
0003C000
ENDCHAR
STARTCHAR uni1ECE
ENCODING 7886
SWIDTH 751 0
DWIDTH 56 0
BBX 46 72 5 -1
BITMAP
000001000000
00003FF00000
00007FF80000
0000787C0000
0000001C0000
0000001C0000
0000003C0000
000000780000
000000F00000
000001E00000
000003800000
000003800000
000003800000
000003000000
000000000000
000000000000
000000000000
000000000000
0000FFFC0000
0007FFFF8000
001FFFFFE000
003F8003F800
00FC0000FC00
01F000003E00
03E000001F00
03C000000780
078000000780
0F00000003C0
0E00000001E0
1E00000000E0
1C00000000F0
3C0000000070
380000000070
780000000078
780000000038
700000000038
70000000003C
70000000003C
F0000000003C
F0000000001C
F0000000001C
F0000000001C
E0000000001C
E0000000001C
E0000000001C
E0000000001C
E0000000001C
E0000000001C
F0000000001C
F0000000001C
F0000000003C
70000000003C
70000000003C
700000000038
780000000038
380000000078
380000000070
3C0000000070
1C00000000F0
1E00000000E0
0E00000001E0
0F00000003C0
078000000380
03C000000780
03E000000F00
01F000003E00
00FC0000FC00
003F0003F800
001FFEFFE000
0007FFFF8000
0001FFFE0000
000003400000
ENDCHAR
STARTCHAR uni1ECF
ENCODING 7887
SWIDTH 538 0
DWIDTH 40 0
BBX 32 58 4 -1
BITMAP
00008000
001FF800
003FFC00
00383E00
00000E00
00000E00
00000E00
00001E00
00003C00
00007800
0000F000
0000E000
0001C000
0001C000
0001C000
00018000
00000000
00000000
00000000
00000000
000FF000
007FFE00
01FFFF80
03F00FC0
07C003E0
0F0000F0
1E000078
1C00003C
3C00001C
3800001E
7800000E
7000000E
7000000F
F0000007
F0000007
E0000007
E0000007
E0000007
E0000007
E0000007
E0000007
E0000007
E0000007
F0000007
70000007
7000000F
7000000E
7800001E
3800001C
3C00003C
1E000038
0F000078
0F8001F0
07E003E0
03FC3FC0
00FFFF00
003FFC00
00018000
ENDCHAR
STARTCHAR uni1ED0
ENCODING 7888
SWIDTH 751 0
DWIDTH 56 0
BBX 46 78 5 -1
BITMAP
000000000C00
000000001E00
000000001E00
000000003C00
000000003800
000000007000
00000000F000
00000380E000
000007C1C000
00000FC1C000
00001FE38000
00001CF30000
000038720000
000078380000
0000703C0000
0000E01C0000
0001C00E0000
000180070000
000380030000
000300030000
000000000000
000000000000
000000000000
000000000000
0000FFFC0000
0007FFFF8000
001FFFFFE000
003F8003F800
00FC0000FC00
01F000003E00
03E000001F00
03C000000780
078000000780
0F00000003C0
0E00000001E0
1E00000000E0
1C00000000F0
3C0000000070
380000000070
780000000078
780000000038
700000000038
70000000003C
70000000003C
F0000000003C
F0000000001C
F0000000001C
F0000000001C
E0000000001C
E0000000001C
E0000000001C
E0000000001C
E0000000001C
E0000000001C
F0000000001C
F0000000001C
F0000000003C
70000000003C
70000000003C
700000000038
780000000038
380000000078
380000000070
3C0000000070
1C00000000F0
1E00000000E0
0E00000001E0
0F00000003C0
078000000380
03C000000780
03E000000F00
01F000003E00
00FC0000FC00
003F0003F800
001FFEFFE000
0007FFFF8000
0001FFFE0000
000003400000
ENDCHAR
STARTCHAR uni1ED1
ENCODING 7889
SWIDTH 538 0
DWIDTH 40 0
BBX 32 62 4 -1
BITMAP
00000002
00000007
0000000F
0000001E
0000001C
0000003C
00000038
00018070
0003C0F0
0007E0E0
0007F1C0
000E7180
001E3980
003C3C00
00381E00
00700E00
00E00700
00E00380
01C00380
01800180
00000000
00000000
00000000
00000000
000FF000
007FFE00
01FFFF80
03F00FC0
07C003E0
0F0000F0
1E000078
1C00003C
3C00001C
3800001E
7800000E
7000000E
7000000F
F0000007
F0000007
E0000007
E0000007
E0000007
E0000007
E0000007
E0000007
E0000007
E0000007
F0000007
70000007
7000000F
7000000E
7800001E
3800001C
3C00003C
1E000038
0F000078
0F8001F0
07E003E0
03FC3FC0
00FFFF00
003FFC00
00018000
ENDCHAR
STARTCHAR uni1ED2
ENCODING 7890
SWIDTH 751 0
DWIDTH 56 0
BBX 46 78 5 -1
BITMAP
000000300000
000000780000
000000380000
0000003C0000
0000001C0000
0000000E0000
0000000F0000
000003870000
000007C38000
00000FC38000
00001FE1C000
00001CF0C000
000038704000
000078380000
0000703C0000
0000E01C0000
0001C00E0000
000180070000
000380030000
000300030000
000000000000
000000000000
000000000000
000000000000
0000FFFC0000
0007FFFF8000
001FFFFFE000
003F8003F800
00FC0000FC00
01F000003E00
03E000001F00
03C000000780
078000000780
0F00000003C0
0E00000001E0
1E00000000E0
1C00000000F0
3C0000000070
380000000070
780000000078
780000000038
700000000038
70000000003C
70000000003C
F0000000003C
F0000000001C
F0000000001C
F0000000001C
E0000000001C
E0000000001C
E0000000001C
E0000000001C
E0000000001C
E0000000001C
F0000000001C
F0000000001C
F0000000003C
70000000003C
70000000003C
700000000038
780000000038
380000000078
380000000070
3C0000000070
1C00000000F0
1E00000000E0
0E00000001E0
0F00000003C0
078000000380
03C000000780
03E000000F00
01F000003E00
00FC0000FC00
003F0003F800
001FFEFFE000
0007FFFF8000
0001FFFE0000
000003400000
ENDCHAR
STARTCHAR uni1ED3
ENCODING 7891
SWIDTH 538 0
DWIDTH 40 0
BBX 32 62 4 -1
BITMAP
00001800
00003C00
00003C00
00001E00
00000E00
00000700
00000780
00018380
0003C1C0
0007E1C0
0007F0E0
000E7060
001E3860
003C3C00
00381E00
00700E00
00E00700
00E00380
01C00380
01800180
00000000
00000000
00000000
00000000
000FF000
007FFE00
01FFFF80
03F00FC0
07C003E0
0F0000F0
1E000078
1C00003C
3C00001C
3800001E
7800000E
7000000E
7000000F
F0000007
F0000007
E0000007
E0000007
E0000007
E0000007
E0000007
E0000007
E0000007
E0000007
F0000007
70000007
7000000F
7000000E
7800001E
3800001C
3C00003C
1E000038
0F000078
0F8001F0
07E003E0
03FC3FC0
00FFFF00
003FFC00
00018000
ENDCHAR
STARTCHAR uni1ED4
ENCODING 7892
SWIDTH 751 0
DWIDTH 56 0
BBX 46 78 5 -1
BITMAP
000000010000
0000003FF000
0000003FF800
000000103C00
000000001C00
000000001C00
000000001C00
000003803800
000007C03800
00000FC0F000
00001FE1E000
00001CF38000
000038700000
000078380000
0000703C0000
0000E01C0000
0001C00E0000
000180070000
000380030000
000300030000
000000000000
000000000000
000000000000
000000000000
0000FFFC0000
0007FFFF8000
001FFFFFE000
003F8003F800
00FC0000FC00
01F000003E00
03E000001F00
03C000000780
078000000780
0F00000003C0
0E00000001E0
1E00000000E0
1C00000000F0
3C0000000070
380000000070
780000000078
780000000038
700000000038
70000000003C
70000000003C
F0000000003C
F0000000001C
F0000000001C
F0000000001C
E0000000001C
E0000000001C
E0000000001C
E0000000001C
E0000000001C
E0000000001C
F0000000001C
F0000000001C
F0000000003C
70000000003C
70000000003C
700000000038
780000000038
380000000078
380000000070
3C0000000070
1C00000000F0
1E00000000E0
0E00000001E0
0F00000003C0
078000000380
03C000000780
03E000000F00
01F000003E00
00FC0000FC00
003F0003F800
001FFEFFE000
0007FFFF8000
0001FFFE0000
000003400000
ENDCHAR
STARTCHAR uni1ED5
ENCODING 7893
SWIDTH 538 0
DWIDTH 40 0
BBX 32 61 4 -1
BITMAP
00000FF8
00001FFC
00001C1E
0000000E
0000000E
0000000E
0001800E
0003C01C
0007E038
0007F0F0
000E71E0
001E3880
003C3C00
00381E00
00700E00
00E00700
00E00380
01C00380
01800180
00000000
00000000
00000000
00000000
000FF000
007FFE00
01FFFF80
03F00FC0
07C003E0
0F0000F0
1E000078
1C00003C
3C00001C
3800001E
7800000E
7000000E
7000000F
F0000007
F0000007
E0000007
E0000007
E0000007
E0000007
E0000007
E0000007
E0000007
E0000007
F0000007
70000007
7000000F
7000000E
7800001E
3800001C
3C00003C
1E000038
0F000078
0F8001F0
07E003E0
03FC3FC0
00FFFF00
003FFC00
00018000
ENDCHAR
STARTCHAR uni1ED6
ENCODING 7894
SWIDTH 751 0
DWIDTH 56 0
BBX 46 77 5 -1
BITMAP
0000F800C000
0003FE01C000
0007FF01C000
000707838000
000603FF8000
000E00FF0000
0006007C0000
000000000000
000003000000
000007800000
00000FC00000
00001FE00000
00003CF00000
000078780000
0000703C0000
0000E01C0000
0001C00E0000
000380070000
000300030000
000000000000
000000000000
000000000000
000000000000
0000FFFC0000
0007FFFF8000
001FFFFFE000
003F8003F800
00FC0000FC00
01F000003E00
03E000001F00
03C000000780
078000000780
0F00000003C0
0E00000001E0
1E00000000E0
1C00000000F0
3C0000000070
380000000070
780000000078
780000000038
700000000038
70000000003C
70000000003C
F0000000003C
F0000000001C
F0000000001C
F0000000001C
E0000000001C
E0000000001C
E0000000001C
E0000000001C
E0000000001C
E0000000001C
F0000000001C
F0000000001C
F0000000003C
70000000003C
70000000003C
700000000038
780000000038
380000000078
380000000070
3C0000000070
1C00000000F0
1E00000000E0
0E00000001E0
0F00000003C0
078000000380
03C000000780
03E000000F00
01F000003E00
00FC0000FC00
003F0003F800
001FFEFFE000
0007FFFF8000
0001FFFE0000
000003400000
ENDCHAR
STARTCHAR uni1ED7
ENCODING 7895
SWIDTH 538 0
DWIDTH 40 0
BBX 32 61 4 -1
BITMAP
007C0060
01FF00E0
01EF80E0
0383C1C0
0300FFC0
07007F80
03003E00
00000000
00008000
0003C000
0007E000
000FF000
001E7800
001C3C00
00381E00
00700E00
00E00700
01C00380
01800180
00000000
00000000
00000000
00000000
000FF000
007FFE00
01FFFF80
03F00FC0
07C003E0
0F0000F0
1E000078
1C00003C
3C00001C
3800001E
7800000E
7000000E
7000000F
F0000007
F0000007
E0000007
E0000007
E0000007
E0000007
E0000007
E0000007
E0000007
E0000007
F0000007
70000007
7000000F
7000000E
7800001E
3800001C
3C00003C
1E000038
0F000078
0F8001F0
07E003E0
03FC3FC0
00FFFF00
003FFC00
00018000
ENDCHAR
STARTCHAR uni1ED8
ENCODING 7896
SWIDTH 751 0
DWIDTH 56 0
BBX 46 84 5 -13
BITMAP
000003000000
000007800000
00000FC00000
00001FE00000
00001CF00000
00003C700000
000078780000
0000703C0000
0000E01C0000
0001C00E0000
0003C0070000
000380078000
000700038000
000600018000
000000000000
000000000000
000000000000
000000000000
0000FFFC0000
0007FFFF8000
001FFFFFE000
003F8003F800
00FC0000FC00
01F000003E00
03E000001F00
03C000000780
078000000780
0F00000003C0
0E00000001E0
1E00000000E0
1C00000000F0
3C0000000070
380000000070
780000000078
780000000038
700000000038
70000000003C
70000000003C
F0000000003C
F0000000001C
F0000000001C
F0000000001C
E0000000001C
E0000000001C
E0000000001C
E0000000001C
E0000000001C
E0000000001C
F0000000001C
F0000000001C
F0000000003C
70000000003C
70000000003C
700000000038
780000000038
380000000078
380000000070
3C0000000070
1C00000000F0
1E00000000E0
0E00000001E0
0F00000003C0
078000000380
03C000000780
03E000000F00
01F000003E00
00FC0000FC00
003F0003F800
001FFEFFE000
0007FFFF8000
0001FFFE0000
000003400000
000000000000
000000000000
000000000000
000000000000
000000000000
000000000000
000000000000
000007800000
000007C00000
00000FC00000
000007C00000
000007800000
ENDCHAR
STARTCHAR uni1ED9
ENCODING 7897
SWIDTH 538 0
DWIDTH 40 0
BBX 32 70 4 -13
BITMAP
00018000
0003C000
0007E000
0007E000
000F7000
000E7800
001E3800
001C3C00
00381C00
00380E00
00700E00
00600700
00E00700
01C00380
01C00180
018001C0
00000000
00000000
00000000
00000000
000FF000
007FFE00
01FFFF80
03F00FC0
07C003E0
0F0000F0
1E000078
1C00003C
3C00001C
3800001E
7800000E
7000000E
7000000F
F0000007
F0000007
E0000007
E0000007
E0000007
E0000007
E0000007
E0000007
E0000007
E0000007
F0000007
70000007
7000000F
7000000E
7800001E
3800001C
3C00003C
1E000038
0F000078
0F8001F0
07E003E0
03FC3FC0
00FFFF00
003FFC00
00018000
00000000
00000000
00000000
00000000
00000000
00000000
00000000
0003C000
0003E000
0003E000
0003E000
0003C000
ENDCHAR
STARTCHAR uni1EDA
ENCODING 7898
SWIDTH 751 0
DWIDTH 56 0
BBX 46 72 5 -1
BITMAP
000000010000
000000038000
000000078000
000000078000
0000000F0000
0000001E0000
0000001C0000
000000380000
00000078001C
00000070001C
000000E0001C
000001C0001C
00000380001C
00000180001C
000000000038
000000000038
000000000078
0000000001F0
0000FFFFFFE0
0007FFFFFFC0
001FFFFFFE00
003F8003F800
00FC0000FC00
01F000003E00
03E000001F00
03C000000780
078000000780
0F00000003C0
0E00000001E0
1E00000000E0
1C00000000F0
3C0000000070
380000000070
780000000078
780000000038
700000000038
70000000003C
70000000003C
F0000000003C
F0000000001C
F0000000001C
F0000000001C
E0000000001C
E0000000001C
E0000000001C
E0000000001C
E0000000001C
E0000000001C
F0000000001C
F0000000001C
F0000000003C
70000000003C
70000000003C
700000000038
780000000038
380000000078
380000000070
3C0000000070
1C00000000F0
1E00000000E0
0E00000001E0
0F00000003C0
078000000380
03C000000780
03E000000F00
01F000003E00
00FC0000FC00
003F0003F800
001FFEFFE000
0007FFFF8000
0001FFFE0000
000003400000
ENDCHAR
STARTCHAR uni1EDB
ENCODING 7899
SWIDTH 538 0
DWIDTH 40 0
BBX 32 58 4 -1
BITMAP
00000180
000003C0
000003C0
00000780
00000700
00000F00
00000E00
00001E00
00001C00
00003800
00003802
00007007
0000E007
0000E007
0001C00E
0001C00E
0000000E
0000000E
0000001C
0000007C
000FF3F8
007FFFF0
01FFFFC0
03F00FC0
07C003E0
0F0000F0
1E000078
1C00003C
3C00001C
3800001E
7800000E
7000000E
7000000F
F0000007
F0000007
E0000007
E0000007
E0000007
E0000007
E0000007
E0000007
E0000007
E0000007
F0000007
70000007
7000000F
7000000E
7800001E
3800001C
3C00003C
1E000038
0F000078
0F8001F0
07E003E0
03FC3FC0
00FFFF00
003FFC00
00018000
ENDCHAR
STARTCHAR uni1EDC
ENCODING 7900
SWIDTH 751 0
DWIDTH 56 0
BBX 46 72 5 -1
BITMAP
000200000000
000700000000
000780000000
0003C0000000
0003C0000000
0001E0000000
0000F0000000
000070000000
00003800001C
00003C00001C
00001C00001C
00000E00001C
00000700001C
00000300001C
000000000038
000000000038
000000000078
0000000001F0
0000FFFFFFE0
0007FFFFFFC0
001FFFFFFE00
003F8003F800
00FC0000FC00
01F000003E00
03E000001F00
03C000000780
078000000780
0F00000003C0
0E00000001E0
1E00000000E0
1C00000000F0
3C0000000070
380000000070
780000000078
780000000038
700000000038
70000000003C
70000000003C
F0000000003C
F0000000001C
F0000000001C
F0000000001C
E0000000001C
E0000000001C
E0000000001C
E0000000001C
E0000000001C
E0000000001C
F0000000001C
F0000000001C
F0000000003C
70000000003C
70000000003C
700000000038
780000000038
380000000078
380000000070
3C0000000070
1C00000000F0
1E00000000E0
0E00000001E0
0F00000003C0
078000000380
03C000000780
03E000000F00
01F000003E00
00FC0000FC00
003F0003F800
001FFEFFE000
0007FFFF8000
0001FFFE0000
000003400000
ENDCHAR
STARTCHAR uni1EDD
ENCODING 7901
SWIDTH 538 0
DWIDTH 40 0
BBX 32 58 4 -1
BITMAP
01800000
03C00000
01E00000
01E00000
00F00000
00F00000
00780000
00380000
003C0000
001C0000
001E0002
000E0007
00070007
00070007
0003800E
0001800E
0000000E
0000000E
0000001C
0000007C
000FF3F8
007FFFF0
01FFFFC0
03F00FC0
07C003E0
0F0000F0
1E000078
1C00003C
3C00001C
3800001E
7800000E
7000000E
7000000F
F0000007
F0000007
E0000007
E0000007
E0000007
E0000007
E0000007
E0000007
E0000007
E0000007
F0000007
70000007
7000000F
7000000E
7800001E
3800001C
3C00003C
1E000038
0F000078
0F8001F0
07E003E0
03FC3FC0
00FFFF00
003FFC00
00018000
ENDCHAR
STARTCHAR uni1EDE
ENCODING 7902
SWIDTH 751 0
DWIDTH 56 0
BBX 46 72 5 -1
BITMAP
000001000000
00003FF00000
00007FF80000
0000787C0000
0000001C0000
0000001C0000
0000003C0000
000000780000
000000F0001C
000001E0001C
00000380001C
00000380001C
00000380001C
00000300001C
000000000038
000000000038
000000000078
0000000001F0
0000FFFFFFE0
0007FFFFFFC0
001FFFFFFE00
003F8003F800
00FC0000FC00
01F000003E00
03E000001F00
03C000000780
078000000780
0F00000003C0
0E00000001E0
1E00000000E0
1C00000000F0
3C0000000070
380000000070
780000000078
780000000038
700000000038
70000000003C
70000000003C
F0000000003C
F0000000001C
F0000000001C
F0000000001C
E0000000001C
E0000000001C
E0000000001C
E0000000001C
E0000000001C
E0000000001C
F0000000001C
F0000000001C
F0000000003C
70000000003C
70000000003C
700000000038
780000000038
380000000078
380000000070
3C0000000070
1C00000000F0
1E00000000E0
0E00000001E0
0F00000003C0
078000000380
03C000000780
03E000000F00
01F000003E00
00FC0000FC00
003F0003F800
001FFEFFE000
0007FFFF8000
0001FFFE0000
000003400000
ENDCHAR
STARTCHAR uni1EDF
ENCODING 7903
SWIDTH 538 0
DWIDTH 40 0
BBX 32 58 4 -1
BITMAP
00008000
001FF800
003FFC00
00383E00
00000E00
00000E00
00000E00
00001E00
00003C00
00007800
0000F002
0000E007
0001C007
0001C007
0001800E
0001800E
0000000E
0000000E
0000001C
0000007C
000FF3F8
007FFFF0
01FFFFC0
03F00FC0
07C003E0
0F0000F0
1E000078
1C00003C
3C00001C
3800001E
7800000E
7000000E
7000000F
F0000007
F0000007
E0000007
E0000007
E0000007
E0000007
E0000007
E0000007
E0000007
E0000007
F0000007
70000007
7000000F
7000000E
7800001E
3800001C
3C00003C
1E000038
0F000078
0F8001F0
07E003E0
03FC3FC0
00FFFF00
003FFC00
00018000
ENDCHAR
STARTCHAR uni1EE0
ENCODING 7904
SWIDTH 751 0
DWIDTH 56 0
BBX 46 70 5 -1
BITMAP
0000E0001800
0007F8003800
000FFC003800
001E1F003000
001C0F807000
003803C0F000
003001F1E01C
007000FFC01C
0070003F801C
00200000001C
00000000001C
00000000001C
000000000038
000000000038
000000000078
0000000001F0
0000FFFFFFE0
0007FFFFFFC0
001FFFFFFE00
003F8003F800
00FC0000FC00
01F000003E00
03E000001F00
03C000000780
078000000780
0F00000003C0
0E00000001E0
1E00000000E0
1C00000000F0
3C0000000070
380000000070
780000000078
780000000038
700000000038
70000000003C
70000000003C
F0000000003C
F0000000001C
F0000000001C
F0000000001C
E0000000001C
E0000000001C
E0000000001C
E0000000001C
E0000000001C
E0000000001C
F0000000001C
F0000000001C
F0000000003C
70000000003C
70000000003C
700000000038
780000000038
380000000078
380000000070
3C0000000070
1C00000000F0
1E00000000E0
0E00000001E0
0F00000003C0
078000000380
03C000000780
03E000000F00
01F000003E00
00FC0000FC00
003F0003F800
001FFEFFE000
0007FFFF8000
0001FFFE0000
000003400000
ENDCHAR
STARTCHAR uni1EE1
ENCODING 7905
SWIDTH 538 0
DWIDTH 40 0
BBX 32 55 4 -1
BITMAP
00780030
01FC0038
03FF0030
07878070
0703C070
0E01E0E0
0E00FBE0
0C007FC2
0C001F87
08000007
00000007
0000000E
0000000E
0000000E
0000000E
0000001C
0000007C
000FF3F8
007FFFF0
01FFFFC0
03F00FC0
07C003E0
0F0000F0
1E000078
1C00003C
3C00001C
3800001E
7800000E
7000000E
7000000F
F0000007
F0000007
E0000007
E0000007
E0000007
E0000007
E0000007
E0000007
E0000007
E0000007
F0000007
70000007
7000000F
7000000E
7800001E
3800001C
3C00003C
1E000038
0F000078
0F8001F0
07E003E0
03FC3FC0
00FFFF00
003FFC00
00018000
ENDCHAR
STARTCHAR uni1EE2
ENCODING 7906
SWIDTH 751 0
DWIDTH 56 0
BBX 46 76 5 -13
BITMAP
00000000001C
00000000001C
00000000001C
00000000001C
00000000001C
00000000001C
000000000038
000000000038
000000000078
0000000001F0
0000FFFFFFE0
0007FFFFFFC0
001FFFFFFE00
003F8003F800
00FC0000FC00
01F000003E00
03E000001F00
03C000000780
078000000780
0F00000003C0
0E00000001E0
1E00000000E0
1C00000000F0
3C0000000070
380000000070
780000000078
780000000038
700000000038
70000000003C
70000000003C
F0000000003C
F0000000001C
F0000000001C
F0000000001C
E0000000001C
E0000000001C
E0000000001C
E0000000001C
E0000000001C
E0000000001C
F0000000001C
F0000000001C
F0000000003C
70000000003C
70000000003C
700000000038
780000000038
380000000078
380000000070
3C0000000070
1C00000000F0
1E00000000E0
0E00000001E0
0F00000003C0
078000000380
03C000000780
03E000000F00
01F000003E00
00FC0000FC00
003F0003F800
001FFEFFE000
0007FFFF8000
0001FFFE0000
000003400000
000000000000
000000000000
000000000000
000000000000
000000000000
000000000000
000000000000
000007800000
000007C00000
000007C00000
000007C00000
000007800000
ENDCHAR
STARTCHAR uni1EE3
ENCODING 7907
SWIDTH 538 0
DWIDTH 40 0
BBX 32 60 4 -13
BITMAP
00000002
00000007
00000007
00000007
0000000E
0000000E
0000000E
0000000E
0000001C
0000007C
000FF3F8
007FFFF0
01FFFFC0
03F00FC0
07C003E0
0F0000F0
1E000078
1C00003C
3C00001C
3800001E
7800000E
7000000E
7000000F
F0000007
F0000007
E0000007
E0000007
E0000007
E0000007
E0000007
E0000007
E0000007
E0000007
F0000007
70000007
7000000F
7000000E
7800001E
3800001C
3C00003C
1E000038
0F000078
0F8001F0
07E003E0
03FC3FC0
00FFFF00
003FFC00
00018000
00000000
00000000
00000000
00000000
00000000
00000000
00000000
0003C000
0003E000
0007E000
0003E000
0003C000
ENDCHAR
STARTCHAR uni1EE4
ENCODING 7908
SWIDTH 720 0
DWIDTH 54 0
BBX 40 66 7 -13
BITMAP
E000000007
E000000007
E000000007
E000000007
E000000007
E000000007
E000000007
E000000007
E000000007
E000000007
E000000007
E000000007
E000000007
E000000007
E000000007
E000000007
E000000007
E000000007
E000000007
E000000007
E000000007
E000000007
E000000007
E000000007
E000000007
E000000007
E000000007
E000000007
E000000007
E000000007
E000000007
E000000007
E000000007
E000000007
E000000007
E000000007
E000000007
E000000007
F00000000F
700000000E
700000000E
700000000E
780000001E
380000001C
3C0000003C
1E00000078
1F000000F0
0F800001F0
07E00007E0
03F8001FC0
00FFFFFF00
007FFFFC00
000FFFF000
00001C0000
0000000000
0000000000
0000000000
0000000000
0000000000
0000000000
0000000000
00003C0000
00007C0000
00007E0000
00003C0000
00003C0000
ENDCHAR
STARTCHAR uni1EE5
ENCODING 7909
SWIDTH 545 0
DWIDTH 41 0
BBX 29 50 6 -13
BITMAP
40000030
E0000070
E0000078
E0000078
E0000078
E0000078
E0000078
E0000078
E0000078
E0000078
E0000078
E0000078
E0000078
E0000078
E0000078
E0000078
E0000078
E0000078
E0000078
E0000078
E0000078
E0000078
E0000078
E0000078
E0000078
E0000078
F0000078
F00000F8
700000F8
700001F8
780003F8
380007F8
3C000F78
1F001E78
0FE1FC78
07FFF878
01FFE030
000C0000
00000000
00000000
00000000
00000000
00000000
00000000
00000000
00070000
000F8000
000F8000
000F8000
00070000
ENDCHAR
STARTCHAR uni1EE6
ENCODING 7910
SWIDTH 720 0
DWIDTH 54 0
BBX 40 72 7 -1
BITMAP
0000080000
0001FF8000
0003FFC000
0003C3E000
000000E000
000000E000
000001E000
000003C000
0000078000
00000F0000
00001C0000
00001C0000
0000180000
0000180000
0000000000
0000000000
0000000000
0000000000
E000000007
E000000007
E000000007
E000000007
E000000007
E000000007
E000000007
E000000007
E000000007
E000000007
E000000007
E000000007
E000000007
E000000007
E000000007
E000000007
E000000007
E000000007
E000000007
E000000007
E000000007
E000000007
E000000007
E000000007
E000000007
E000000007
E000000007
E000000007
E000000007
E000000007
E000000007
E000000007
E000000007
E000000007
E000000007
E000000007
E000000007
E000000007
F00000000F
700000000E
700000000E
700000000E
780000001E
380000001C
3C0000003C
1E00000078
1F000000F0
0F800001F0
07E00007E0
03F8001FC0
00FFFFFF00
007FFFFC00
000FFFF000
00001C0000
ENDCHAR
STARTCHAR uni1EE7
ENCODING 7911
SWIDTH 545 0
DWIDTH 41 0
BBX 29 58 6 -1
BITMAP
00020000
003FE000
007FF000
00707800
00003800
00003800
00003800
00007800
0000F000
0001E000
0001C000
00038000
00070000
00070000
00070000
00070000
00000000
00000000
00000000
00000000
40000030
E0000070
E0000078
E0000078
E0000078
E0000078
E0000078
E0000078
E0000078
E0000078
E0000078
E0000078
E0000078
E0000078
E0000078
E0000078
E0000078
E0000078
E0000078
E0000078
E0000078
E0000078
E0000078
E0000078
E0000078
E0000078
F0000078
F00000F8
700000F8
700001F8
780003F8
380007F8
3C000F78
1F001E78
0FE1FC78
07FFF878
01FFE030
000C0000
ENDCHAR
STARTCHAR uni1EE8
ENCODING 7912
SWIDTH 720 0
DWIDTH 54 0
BBX 49 72 7 -1
BITMAP
00000008000000
0000001C000000
0000003C000000
0000003C000000
00000078000000
000000F0000000
000000E0000000
000001C0000000
000003C0000380
00000780000380
00000700000380
00000E00000380
00001C00000380
00000800000380
00000000000700
00000000000700
00000000000E00
00000000003E00
E000000007FC00
E000000007F000
E000000007C000
E0000000070000
E0000000070000
E0000000070000
E0000000070000
E0000000070000
E0000000070000
E0000000070000
E0000000070000
E0000000070000
E0000000070000
E0000000070000
E0000000070000
E0000000070000
E0000000070000
E0000000070000
E0000000070000
E0000000070000
E0000000070000
E0000000070000
E0000000070000
E0000000070000
E0000000070000
E0000000070000
E0000000070000
E0000000070000
E0000000070000
E0000000070000
E0000000070000
E0000000070000
E0000000070000
E0000000070000
E0000000070000
E0000000070000
E0000000070000
E0000000070000
F00000000F0000
700000000E0000
700000000E0000
700000000E0000
780000001E0000
380000001C0000
3C0000003C0000
1E000000780000
1F000000F00000
0F800001F00000
07E00007E00000
03F8001FC00000
00FFFFFF000000
007FFFFC000000
000FFFF0000000
00001C00000000
ENDCHAR
STARTCHAR uni1EE9
ENCODING 7913
SWIDTH 545 0
DWIDTH 41 0
BBX 38 58 6 -1
BITMAP
0000060000
0000070000
00000F0000
00000E0000
00001E0000
00003C0000
00003C0000
0000780000
0000700000
0000F00000
0000E00008
0001C00018
0001C0003C
0003800038
0003800038
0003000038
0000000038
0000000078
0000000070
00000001E0
4000000FE0
E000007F80
E000007F00
E000007800
E000007800
E000007800
E000007800
E000007800
E000007800
E000007800
E000007800
E000007800
E000007800
E000007800
E000007800
E000007800
E000007800
E000007800
E000007800
E000007800
E000007800
E000007800
E000007800
E000007800
E000007800
E000007800
F000007800
F00000F800
700000F800
700001F800
780003F800
380007F800
3C000F7800
1F001E7800
0FE1FC7800
07FFF87800
01FFE03000
000C000000
ENDCHAR
STARTCHAR uni1EEA
ENCODING 7914
SWIDTH 720 0
DWIDTH 54 0
BBX 49 72 7 -1
BITMAP
00100000000000
00380000000000
003C0000000000
003C0000000000
001E0000000000
000F0000000000
00070000000000
00038000000000
0003C000000380
0001E000000380
0000E000000380
00007000000380
00003800000380
00001000000380
00000000000700
00000000000700
00000000000E00
00000000003E00
E000000007FC00
E000000007F000
E000000007C000
E0000000070000
E0000000070000
E0000000070000
E0000000070000
E0000000070000
E0000000070000
E0000000070000
E0000000070000
E0000000070000
E0000000070000
E0000000070000
E0000000070000
E0000000070000
E0000000070000
E0000000070000
E0000000070000
E0000000070000
E0000000070000
E0000000070000
E0000000070000
E0000000070000
E0000000070000
E0000000070000
E0000000070000
E0000000070000
E0000000070000
E0000000070000
E0000000070000
E0000000070000
E0000000070000
E0000000070000
E0000000070000
E0000000070000
E0000000070000
E0000000070000
F00000000F0000
700000000E0000
700000000E0000
700000000E0000
780000001E0000
380000001C0000
3C0000003C0000
1E000000780000
1F000000F00000
0F800001F00000
07E00007E00000
03F8001FC00000
00FFFFFF000000
007FFFFC000000
000FFFF0000000
00001C00000000
ENDCHAR
STARTCHAR uni1EEB
ENCODING 7915
SWIDTH 545 0
DWIDTH 41 0
BBX 38 58 6 -1
BITMAP
0300000000
0700000000
0780000000
0380000000
03C0000000
01C0000000
01E0000000
00E0000000
0070000000
0078000000
0038000008
003C000018
001C00003C
000E000038
000E000038
0006000038
0000000038
0000000078
0000000070
00000001E0
4000000FE0
E000007F80
E000007F00
E000007800
E000007800
E000007800
E000007800
E000007800
E000007800
E000007800
E000007800
E000007800
E000007800
E000007800
E000007800
E000007800
E000007800
E000007800
E000007800
E000007800
E000007800
E000007800
E000007800
E000007800
E000007800
E000007800
F000007800
F00000F800
700000F800
700001F800
780003F800
380007F800
3C000F7800
1F001E7800
0FE1FC7800
07FFF87800
01FFE03000
000C000000
ENDCHAR
STARTCHAR uni1EEC
ENCODING 7916
SWIDTH 720 0
DWIDTH 54 0
BBX 49 72 7 -1
BITMAP
00000800000000
0001FF80000000
0003FFC0000000
0003C3E0000000
000000E0000000
000000E0000000
000001E0000000
000003C0000000
00000780000380
00000F00000380
00001C00000380
00001C00000380
00001800000380
00001800000380
00000000000700
00000000000700
00000000000E00
00000000003E00
E000000007FC00
E000000007F000
E000000007C000
E0000000070000
E0000000070000
E0000000070000
E0000000070000
E0000000070000
E0000000070000
E0000000070000
E0000000070000
E0000000070000
E0000000070000
E0000000070000
E0000000070000
E0000000070000
E0000000070000
E0000000070000
E0000000070000
E0000000070000
E0000000070000
E0000000070000
E0000000070000
E0000000070000
E0000000070000
E0000000070000
E0000000070000
E0000000070000
E0000000070000
E0000000070000
E0000000070000
E0000000070000
E0000000070000
E0000000070000
E0000000070000
E0000000070000
E0000000070000
E0000000070000
F00000000F0000
700000000E0000
700000000E0000
700000000E0000
780000001E0000
380000001C0000
3C0000003C0000
1E000000780000
1F000000F00000
0F800001F00000
07E00007E00000
03F8001FC00000
00FFFFFF000000
007FFFFC000000
000FFFF0000000
00001C00000000
ENDCHAR
STARTCHAR uni1EED
ENCODING 7917
SWIDTH 545 0
DWIDTH 41 0
BBX 38 58 6 -1
BITMAP
0002000000
003FE00000
007FF00000
0070780000
0000380000
0000380000
0000380000
0000780000
0000F00000
0001E00000
0001C00008
0003800018
000700003C
0007000038
0007000038
0007000038
0000000038
0000000078
0000000070
00000001E0
4000000FE0
E000007F80
E000007F00
E000007800
E000007800
E000007800
E000007800
E000007800
E000007800
E000007800
E000007800
E000007800
E000007800
E000007800
E000007800
E000007800
E000007800
E000007800
E000007800
E000007800
E000007800
E000007800
E000007800
E000007800
E000007800
E000007800
F000007800
F00000F800
700000F800
700001F800
780003F800
380007F800
3C000F7800
1F001E7800
0FE1FC7800
07FFF87800
01FFE03000
000C000000
ENDCHAR
STARTCHAR uni1EEE
ENCODING 7918
SWIDTH 720 0
DWIDTH 54 0
BBX 49 70 7 -1
BITMAP
00060000C00000
003FC001C00000
007FE001C00000
00F0F801800000
01E07C03800000
01C01E07000000
01800F9F000380
038007FE000380
038001FC000380
03000000000380
00000000000380
00000000000380
00000000000700
00000000000700
00000000000E00
00000000003E00
E000000007FC00
E000000007F000
E000000007C000
E0000000070000
E0000000070000
E0000000070000
E0000000070000
E0000000070000
E0000000070000
E0000000070000
E0000000070000
E0000000070000
E0000000070000
E0000000070000
E0000000070000
E0000000070000
E0000000070000
E0000000070000
E0000000070000
E0000000070000
E0000000070000
E0000000070000
E0000000070000
E0000000070000
E0000000070000
E0000000070000
E0000000070000
E0000000070000
E0000000070000
E0000000070000
E0000000070000
E0000000070000
E0000000070000
E0000000070000
E0000000070000
E0000000070000
E0000000070000
E0000000070000
F00000000F0000
700000000E0000
700000000E0000
700000000E0000
780000001E0000
380000001C0000
3C0000003C0000
1E000000780000
1F000000F00000
0F800001F00000
07E00007E00000
03F8001FC00000
00FFFFFF000000
007FFFFC000000
000FFFF0000000
00001C00000000
ENDCHAR
STARTCHAR uni1EEF
ENCODING 7919
SWIDTH 545 0
DWIDTH 41 0
BBX 38 55 6 -1
BITMAP
01E0006000
07F800E000
0FFC00E000
0E1E00C000
1C0F01C000
180783C000
3801FF8000
3800FF0008
30007E0018
100000003C
0000000038
0000000038
0000000038
0000000038
0000000078
0000000070
00000001E0
4000000FE0
E000007F80
E000007F00
E000007800
E000007800
E000007800
E000007800
E000007800
E000007800
E000007800
E000007800
E000007800
E000007800
E000007800
E000007800
E000007800
E000007800
E000007800
E000007800
E000007800
E000007800
E000007800
E000007800
E000007800
E000007800
E000007800
F000007800
F00000F800
700000F800
700001F800
780003F800
380007F800
3C000F7800
1F001E7800
0FE1FC7800
07FFF87800
01FFE03000
000C000000
ENDCHAR
STARTCHAR uni1EF0
ENCODING 7920
SWIDTH 720 0
DWIDTH 54 0
BBX 49 76 7 -13
BITMAP
00000000000380
00000000000380
00000000000380
00000000000380
00000000000380
00000000000380
00000000000700
00000000000700
00000000000E00
00000000003E00
E000000007FC00
E000000007F000
E000000007C000
E0000000070000
E0000000070000
E0000000070000
E0000000070000
E0000000070000
E0000000070000
E0000000070000
E0000000070000
E0000000070000
E0000000070000
E0000000070000
E0000000070000
E0000000070000
E0000000070000
E0000000070000
E0000000070000
E0000000070000
E0000000070000
E0000000070000
E0000000070000
E0000000070000
E0000000070000
E0000000070000
E0000000070000
E0000000070000
E0000000070000
E0000000070000
E0000000070000
E0000000070000
E0000000070000
E0000000070000
E0000000070000
E0000000070000
E0000000070000
E0000000070000
F00000000F0000
700000000E0000
700000000E0000
700000000E0000
780000001E0000
380000001C0000
3C0000003C0000
1E000000780000
1F000000F00000
0F800001F00000
07E00007E00000
03F8001FC00000
00FFFFFF000000
007FFFFC000000
000FFFF0000000
00001C00000000
00000000000000
00000000000000
00000000000000
00000000000000
00000000000000
00000000000000
00000000000000
00003C00000000
00007C00000000
00007E00000000
00003C00000000
00003C00000000
ENDCHAR
STARTCHAR uni1EF1
ENCODING 7921
SWIDTH 545 0
DWIDTH 41 0
BBX 38 60 6 -13
BITMAP
0000000008
0000000018
000000003C
0000000038
0000000038
0000000038
0000000038
0000000078
0000000070
00000001E0
4000000FE0
E000007F80
E000007F00
E000007800
E000007800
E000007800
E000007800
E000007800
E000007800
E000007800
E000007800
E000007800
E000007800
E000007800
E000007800
E000007800
E000007800
E000007800
E000007800
E000007800
E000007800
E000007800
E000007800
E000007800
E000007800
E000007800
F000007800
F00000F800
700000F800
700001F800
780003F800
380007F800
3C000F7800
1F001E7800
0FE1FC7800
07FFF87800
01FFE03000
000C000000
0000000000
0000000000
0000000000
0000000000
0000000000
0000000000
0000000000
0007000000
000F800000
000F800000
000F800000
0007000000
ENDCHAR
STARTCHAR Ygrave
ENCODING 7922
SWIDTH 577 0
DWIDTH 43 0
BBX 41 71 1 0
BITMAP
001000000000
003C00000000
003C00000000
001E00000000
000F00000000
000700000000
000780000000
0003C0000000
0001C0000000
0000E0000000
000070000000
000078000000
000038000000
000018000000
000000000000
000000000000
000000000000
000000000000
E00000000180
F00000000380
700000000780
780000000F00
3C0000000E00
1E0000001C00
0E0000003C00
0F0000007800
078000007000
03C00000E000
01C00001E000
01E00003C000
00F000038000
007800070000
0038000F0000
003C001E0000
001E001C0000
000E003C0000
000F00780000
000780700000
0003C0E00000
0001C1E00000
0001E3C00000
0000F3800000
00007F000000
00003F000000
00003E000000
00001C000000
00001C000000
00001C000000
00001C000000
00001C000000
00001C000000
00001C000000
00001C000000
00001C000000
00001C000000
00001C000000
00001C000000
00001C000000
00001C000000
00001C000000
00001C000000
00001C000000
00001C000000
00001C000000
00001C000000
00001C000000
00001C000000
00001C000000
00001C000000
00001C000000
00001C000000
ENDCHAR
STARTCHAR ygrave
ENCODING 7923
SWIDTH 504 0
DWIDTH 38 0
BBX 34 71 2 -14
BITMAP
00C0000000
01E0000000
01E0000000
00F0000000
0070000000
0078000000
0038000000
003C000000
001C000000
000E000000
000E000000
0007000000
0003800000
0003800000
0001C00000
0001C00000
0000000000
0000000000
0000000000
0000000000
6000000180
F0000003C0
F000000380
7000000780
7800000780
3800000700
3C00000F00
3C00000E00
1C00001E00
1E00001C00
0E00001C00
0F00003C00
0700003800
0780007800
0780007000
038000F000
03C000E000
01C000E000
01E001E000
00E001C000
00E003C000
00F0038000
0070038000
0078070000
0038070000
00380F0000
001C0E0000
001C0E0000
001E1C0000
000E1C0000
000F380000
0007380000
0007780000
0003F00000
0003F00000
0003E00000
0001E00000
0001C00000
0001C00000
0003C00000
0003800000
0007800000
0007000000
000F000000
000E000000
000E000000
001E000000
001C000000
003C000000
0038000000
0038000000
ENDCHAR
STARTCHAR uni1EF4
ENCODING 7924
SWIDTH 577 0
DWIDTH 43 0
BBX 41 66 1 -13
BITMAP
E00000000180
F00000000380
700000000780
780000000F00
3C0000000E00
1E0000001C00
0E0000003C00
0F0000007800
078000007000
03C00000E000
01C00001E000
01E00003C000
00F000038000
007800070000
0038000F0000
003C001E0000
001E001C0000
000E003C0000
000F00780000
000780700000
0003C0E00000
0001C1E00000
0001E3C00000
0000F3800000
00007F000000
00003F000000
00003E000000
00001C000000
00001C000000
00001C000000
00001C000000
00001C000000
00001C000000
00001C000000
00001C000000
00001C000000
00001C000000
00001C000000
00001C000000
00001C000000
00001C000000
00001C000000
00001C000000
00001C000000
00001C000000
00001C000000
00001C000000
00001C000000
00001C000000
00001C000000
00001C000000
00001C000000
00001C000000
000000000000
000000000000
000000000000
000000000000
000000000000
000000000000
000000000000
000000000000
00001C000000
00003E000000
00003E000000
00003E000000
00001C000000
ENDCHAR
STARTCHAR uni1EF5
ENCODING 7925
SWIDTH 504 0
DWIDTH 38 0
BBX 34 51 2 -14
BITMAP
6000000180
F0000003C0
F000000380
7000000780
7800000780
3800000700
3C00000F00
3C00000E00
1C00001E00
1E00001C00
0E00001C00
0F00003C00
0700003800
0780007800
0780007000
038000F000
03C000E000
01C000E000
01E001E000
00E001C000
00E003C000
00F0038000
0070038000
0078070000
0038070000
00380F0000
001C0E0000
001C0E0000
001E1C0000
000E1C0000
000F380000
0007380000
0007780000
0003F00000
0003F00000
0003E00000
0001E00000
0001C00000
0001C00000
0003C00000
0003800000
0007800000
0007000000
000F000000
000E000000
000E00F000
001E01F000
001C01F000
003C01F000
003800F000
0038000000
ENDCHAR
STARTCHAR uni1EF6
ENCODING 7926
SWIDTH 577 0
DWIDTH 43 0
BBX 41 71 1 0
BITMAP
000008000000
0000FF800000
0001FFE00000
0001C1E00000
000000E00000
000000E00000
000000E00000
000001E00000
000007C00000
00000F000000
00000E000000
00001C000000
00001C000000
00001C000000
000000000000
000000000000
000000000000
000000000000
E00000000180
F00000000380
700000000780
780000000F00
3C0000000E00
1E0000001C00
0E0000003C00
0F0000007800
078000007000
03C00000E000
01C00001E000
01E00003C000
00F000038000
007800070000
0038000F0000
003C001E0000
001E001C0000
000E003C0000
000F00780000
000780700000
0003C0E00000
0001C1E00000
0001E3C00000
0000F3800000
00007F000000
00003F000000
00003E000000
00001C000000
00001C000000
00001C000000
00001C000000
00001C000000
00001C000000
00001C000000
00001C000000
00001C000000
00001C000000
00001C000000
00001C000000
00001C000000
00001C000000
00001C000000
00001C000000
00001C000000
00001C000000
00001C000000
00001C000000
00001C000000
00001C000000
00001C000000
00001C000000
00001C000000
00001C000000
ENDCHAR
STARTCHAR uni1EF7
ENCODING 7927
SWIDTH 504 0
DWIDTH 38 0
BBX 34 71 2 -14
BITMAP
0000800000
000FFC0000
001FFE0000
001C1E0000
00000F0000
0000070000
00000F0000
00000E0000
00001E0000
00003C0000
0000780000
0000F00000
0000E00000
0000C00000
0000C00000
0000C00000
0000000000
0000000000
0000000000
0000000000
6000000180
F0000003C0
F000000380
7000000780
7800000780
3800000700
3C00000F00
3C00000E00
1C00001E00
1E00001C00
0E00001C00
0F00003C00
0700003800
0780007800
0780007000
038000F000
03C000E000
01C000E000
01E001E000
00E001C000
00E003C000
00F0038000
0070038000
0078070000
0038070000
00380F0000
001C0E0000
001C0E0000
001E1C0000
000E1C0000
000F380000
0007380000
0007780000
0003F00000
0003F00000
0003E00000
0001E00000
0001C00000
0001C00000
0003C00000
0003800000
0007800000
0007000000
000F000000
000E000000
000E000000
001E000000
001C000000
003C000000
0038000000
0038000000
ENDCHAR
STARTCHAR uni1EF8
ENCODING 7928
SWIDTH 577 0
DWIDTH 43 0
BBX 41 69 1 0
BITMAP
000600006000
003FC0006000
007FF000E000
00F0F800E000
01C07E01C000
01C01F01C000
03800FC78000
038003FF0000
030001FE0000
030000000000
000000000000
000000000000
000000000000
000000000000
000000000000
000000000000
E00000000180
F00000000380
700000000780
780000000F00
3C0000000E00
1E0000001C00
0E0000003C00
0F0000007800
078000007000
03C00000E000
01C00001E000
01E00003C000
00F000038000
007800070000
0038000F0000
003C001E0000
001E001C0000
000E003C0000
000F00780000
000780700000
0003C0E00000
0001C1E00000
0001E3C00000
0000F3800000
00007F000000
00003F000000
00003E000000
00001C000000
00001C000000
00001C000000
00001C000000
00001C000000
00001C000000
00001C000000
00001C000000
00001C000000
00001C000000
00001C000000
00001C000000
00001C000000
00001C000000
00001C000000
00001C000000
00001C000000
00001C000000
00001C000000
00001C000000
00001C000000
00001C000000
00001C000000
00001C000000
00001C000000
00001C000000
ENDCHAR
STARTCHAR uni1EF9
ENCODING 7929
SWIDTH 504 0
DWIDTH 38 0
BBX 34 68 2 -14
BITMAP
0078001800
00FE001800
01FF001800
0383803800
0701E03800
0700F07000
06007FE000
06003FE000
0E001F8000
0400000000
0000000000
0000000000
0000000000
0000000000
0000000000
0000000000
0000000000
6000000180
F0000003C0
F000000380
7000000780
7800000780
3800000700
3C00000F00
3C00000E00
1C00001E00
1E00001C00
0E00001C00
0F00003C00
0700003800
0780007800
0780007000
038000F000
03C000E000
01C000E000
01E001E000
00E001C000
00E003C000
00F0038000
0070038000
0078070000
0038070000
00380F0000
001C0E0000
001C0E0000
001E1C0000
000E1C0000
000F380000
0007380000
0007780000
0003F00000
0003F00000
0003E00000
0001E00000
0001C00000
0001C00000
0003C00000
0003800000
0007800000
0007000000
000F000000
000E000000
000E000000
001E000000
001C000000
003C000000
0038000000
0038000000
ENDCHAR
STARTCHAR uni2007
ENCODING 8199
SWIDTH 600 0
DWIDTH 45 0
BBX 1 1 0 0
BITMAP
00
ENDCHAR
STARTCHAR uni2008
ENCODING 8200
SWIDTH 211 0
DWIDTH 16 0
BBX 1 1 0 0
BITMAP
00
ENDCHAR
STARTCHAR uni2009
ENCODING 8201
SWIDTH 200 0
DWIDTH 15 0
BBX 1 1 0 0
BITMAP
00
ENDCHAR
STARTCHAR uni200A
ENCODING 8202
SWIDTH 100 0
DWIDTH 8 0
BBX 1 1 0 0
BITMAP
00
ENDCHAR
STARTCHAR uni200B
ENCODING 8203
SWIDTH 0 0
DWIDTH 0 0
BBX 1 1 0 0
BITMAP
00
ENDCHAR
STARTCHAR uni2010
ENCODING 8208
SWIDTH 416 0
DWIDTH 31 0
BBX 21 3 5 18
BITMAP
FFFFF8
FFFFF8
3FFFF0
ENDCHAR
STARTCHAR figuredash
ENCODING 8210
SWIDTH 600 0
DWIDTH 45 0
BBX 35 2 5 19
BITMAP
FFFFFFFFE0
FFFFFFFFE0
ENDCHAR
STARTCHAR endash
ENCODING 8211
SWIDTH 500 0
DWIDTH 38 0
BBX 38 2 0 19
BITMAP
FFFFFFFFFC
FFFFFFFFFC
ENDCHAR
STARTCHAR emdash
ENCODING 8212
SWIDTH 1000 0
DWIDTH 75 0
BBX 75 2 0 19
BITMAP
FFFFFFFFFFFFFFFFFFE0
FFFFFFFFFFFFFFFFFFE0
ENDCHAR
STARTCHAR uni2015
ENCODING 8213
SWIDTH 1000 0
DWIDTH 75 0
BBX 75 2 0 19
BITMAP
FFFFFFFFFFFFFFFFFFE0
FFFFFFFFFFFFFFFFFFE0
ENDCHAR
STARTCHAR quoteleft
ENCODING 8216
SWIDTH 211 0
DWIDTH 16 0
BBX 6 13 5 40
BITMAP
18
38
30
70
60
E0
E0
F8
F8
FC
FC
78
20
ENDCHAR
STARTCHAR quoteright
ENCODING 8217
SWIDTH 211 0
DWIDTH 16 0
BBX 6 13 5 40
BITMAP
78
F8
FC
FC
7C
1C
18
38
38
30
70
60
40
ENDCHAR
STARTCHAR quotesinglbase
ENCODING 8218
SWIDTH 211 0
DWIDTH 16 0
BBX 6 12 5 -7
BITMAP
78
F8
FC
FC
7C
18
18
38
38
70
70
60
ENDCHAR
STARTCHAR quotedblleft
ENCODING 8220
SWIDTH 351 0
DWIDTH 26 0
BBX 16 13 5 40
BITMAP
1806
3807
300E
700C
601C
E01C
E018
F81E
F81F
FC1F
FC1F
781F
2004
ENDCHAR
STARTCHAR quotedblright
ENCODING 8221
SWIDTH 351 0
DWIDTH 26 0
BBX 16 13 5 40
BITMAP
780E
F81F
FC1F
FC1F
7C1F
1C07
1807
3807
3806
300E
701C
601C
4008
ENDCHAR
STARTCHAR quotedblbase
ENCODING 8222
SWIDTH 351 0
DWIDTH 26 0
BBX 16 12 5 -7
BITMAP
781E
F81F
FC1F
FC1F
7C0F
1807
1807
3807
380E
700E
701C
6018
ENDCHAR
STARTCHAR dagger
ENCODING 8224
SWIDTH 306 0
DWIDTH 23 0
BBX 21 42 1 11
BITMAP
007000
007000
007000
007000
007000
007000
007000
007000
007000
FFFFF8
FFFFF8
7FFFF0
007000
007000
007000
007000
007000
007000
007000
007000
007000
007000
007000
007000
007000
007000
007000
007000
007000
007000
007000
007000
007000
007000
007000
007000
007000
007000
007000
007000
007000
002000
ENDCHAR
STARTCHAR daggerdbl
ENCODING 8225
SWIDTH 306 0
DWIDTH 23 0
BBX 21 42 1 11
BITMAP
007000
007000
007000
007000
007000
007000
007000
007000
007000
FFFFF8
FFFFF8
7FFFF0
007000
007000
007000
007000
007000
007000
007000
007000
007000
007000
007000
007000
007000
007000
007000
007000
007000
007000
FFFFF8
FFFFF8
007000
007000
007000
007000
007000
007000
007000
007000
007000
002000
ENDCHAR
STARTCHAR bullet
ENCODING 8226
SWIDTH 524 0
DWIDTH 39 0
BBX 27 26 6 7
BITMAP
007FC000
01FFF000
07FFFC00
0FFFFE00
1FFFFF00
1FFFFF80
3FFFFF80
7FFFFFC0
7FFFFFC0
7FFFFFE0
FFFFFFE0
FFFFFFE0
FFFFFFE0
FFFFFFE0
FFFFFFE0
FFFFFFE0
FFFFFFE0
7FFFFFE0
7FFFFFC0
3FFFFFC0
3FFFFF80
1FFFFF00
0FFFFE00
07FFFC00
01FFF800
007FE000
ENDCHAR
STARTCHAR ellipsis
ENCODING 8230
SWIDTH 634 0
DWIDTH 48 0
BBX 37 5 5 0
BITMAP
78007800F8
FC00FC00F8
FC00FC00F8
FC00F800F8
7800780078
ENDCHAR
STARTCHAR perthousand
ENCODING 8240
SWIDTH 1311 0
DWIDTH 98 0
BBX 88 56 5 -2
BITMAP
00000000001C0000000000
01FF8000001C0000000000
03FFE00000380000000000
0FE7F00000780000000000
1F00F80000700000000000
1E003C0000F00000000000
3C001C0000E00000000000
38001E0001E00000000000
78000E0001C00000000000
70000E0003800000000000
70000F0007800000000000
F000070007000000000000
E00007000F000000000000
E00007000E000000000000
E00007001E000000000000
E00007001C000000000000
E000070038000000000000
E000070078000000000000
E000070070000000000000
E0000700F0000000000000
E0000700E0000000000000
E0000701E0000000000000
F0000701C0078000001E00
70000F03807FF00001FFC0
70000E0780FFF80007FFE0
78000E0703F07E000F81F0
38001E0F03C01E001E0078
3C003C0E07800F003C003C
1E00781E0F00078038001C
0F81F01C0E00038078001E
07FFE0381E0003C070000E
03FFC0781C0001C070000F
007E00701C0001C0700007
000000F01C0001C0E00007
000000E01C0001C0E00007
000001E03C0001E0E00007
000001C03C0000E0E00007
00000380380000E0E00007
00000780380000E0E00007
00000700380000E0E00007
00000F003C0000E0E00007
00000E003C0001E0E00007
00001E001C0001C0E00007
00001C001C0001C0F00007
000038001C0001C070000F
000078001C0001C070000E
000070001E0003C070000E
0000F0000E00038078001E
0000E0000F0007803C001C
0001E00007800F001C003C
0001C00003C01E001F0078
0003800001F07E000FC3F0
0007800000FFF80007FFE0
00070000007FF00001FF80
0007000000020000001800
0002000000000000000000
ENDCHAR
STARTCHAR minute
ENCODING 8242
SWIDTH 202 0
DWIDTH 15 0
BBX 3 20 6 33
BITMAP
E0
E0
E0
E0
E0
E0
E0
E0
E0
E0
E0
E0
E0
E0
E0
E0
E0
E0
E0
60
ENDCHAR
STARTCHAR second
ENCODING 8243
SWIDTH 342 0
DWIDTH 26 0
BBX 14 20 6 33
BITMAP
E03C
E03C
E03C
E03C
E03C
E03C
E03C
E03C
E01C
E01C
E01C
E01C
E01C
E01C
E018
E018
E018
E018
E018
6018
ENDCHAR
STARTCHAR guilsinglleft
ENCODING 8249
SWIDTH 236 0
DWIDTH 18 0
BBX 10 26 4 7
BITMAP
0180
01C0
0380
0380
0700
0F00
0E00
1E00
1C00
3C00
7800
7800
F000
F000
7800
7800
3C00
1C00
1E00
0E00
0F00
0700
0780
0380
01C0
0180
ENDCHAR
STARTCHAR guilsinglright
ENCODING 8250
SWIDTH 236 0
DWIDTH 18 0
BBX 9 26 4 7
BITMAP
4000
E000
F000
7000
7800
3800
3C00
1C00
1E00
0F00
0F00
0780
0380
0380
0780
0700
0F00
0E00
1E00
1C00
3800
7800
7000
F000
E000
C000
ENDCHAR
STARTCHAR fraction
ENCODING 8260
SWIDTH 157 0
DWIDTH 12 0
BBX 33 55 -11 -1
BITMAP
0000000180
0000000380
0000000380
0000000700
0000000700
0000000E00
0000001E00
0000001C00
0000003800
0000003800
0000007000
0000007000
000000E000
000001E000
000001C000
0000038000
0000038000
0000070000
0000070000
00000E0000
00001E0000
00001C0000
0000380000
0000380000
0000700000
0000700000
0000E00000
0001E00000
0001C00000
0003800000
0003800000
0007000000
000F000000
000E000000
001C000000
001C000000
0038000000
0038000000
0070000000
00F0000000
00E0000000
01C0000000
01C0000000
0380000000
0380000000
0700000000
0F00000000
0E00000000
1C00000000
1C00000000
3800000000
7800000000
7000000000
E000000000
E000000000
ENDCHAR
STARTCHAR uni2052
ENCODING 8274
SWIDTH 600 0
DWIDTH 45 0
BBX 25 60 10 -4
BITMAP
00000600
00000E00
00000E00
00000E00
00001C00
00001C00
00001C00
70003800
F8003800
F8003800
F8007000
F8007000
70007000
0000E000
0000E000
0000E000
0001C000
0001C000
0001C000
0003C000
00038000
00038000
00078000
00070000
00070000
000F0000
000E0000
000E0000
001E0000
001C0000
001C0000
003C0000
00380000
00380000
00380000
00700000
00700000
00700000
00E00000
00E00000
00E00000
01C00000
01C00000
01C00000
03800000
03800000
03800600
07000F00
07001F80
07001F80
0F000F80
0E000F00
0E000000
1E000000
1C000000
1C000000
3C000000
38000000
38000000
30000000
ENDCHAR
STARTCHAR uni2070
ENCODING 8304
SWIDTH 380 0
DWIDTH 29 0
BBX 22 32 3 21
BITMAP
00FE00
03FF80
07FFC0
0F03E0
1E00F0
3C0070
380078
780038
700038
70003C
70001C
F0001C
F0001C
E0001C
E0001C
E0001C
E0001C
E0001C
E0001C
F0001C
F0001C
70001C
70001C
700038
780038
380038
3C0070
1C00F0
1F01E0
0FEFC0
07FF80
01FE00
ENDCHAR
STARTCHAR uni2074
ENCODING 8308
SWIDTH 380 0
DWIDTH 29 0
BBX 23 32 3 21
BITMAP
0000C0
0001C0
0003C0
0007C0
0007C0
000FC0
001FC0
001DC0
0039C0
0071C0
0071C0
00E1C0
01C1C0
01C1C0
0381C0
0701C0
0701C0
0E01C0
1C01C0
1C01C0
3801C0
7001C0
7FFFFE
FFFFFE
7FFFFE
0001C0
0001C0
0001C0
0001C0
0001C0
0001C0
0001C0
ENDCHAR
STARTCHAR uni2075
ENCODING 8309
SWIDTH 380 0
DWIDTH 29 0
BBX 21 32 4 21
BITMAP
3FFFE0
7FFFF0
7FFFF0
700000
700000
700000
700000
700000
700000
700000
700000
700000
707E00
73FF80
77FFC0
7F01E0
7C00F0
380070
300038
000038
000038
000038
000038
000038
000038
000038
600078
F000F0
7C01E0
3FFFE0
0FFF80
03FE00
ENDCHAR
STARTCHAR uni2076
ENCODING 8310
SWIDTH 380 0
DWIDTH 29 0
BBX 22 32 3 21
BITMAP
007F80
01FFE0
03FFF8
07807C
0F001C
1E000C
3C0000
380000
380000
780000
700000
700000
703F00
71FFC0
73FFE0
F781F0
FE0078
FC0038
F8001C
78001C
78001C
78001C
78001C
78001C
38001C
38001C
3C0038
1E0078
0F00F0
07FFE0
03FFC0
00FF00
ENDCHAR
STARTCHAR uni2077
ENCODING 8311
SWIDTH 380 0
DWIDTH 29 0
BBX 21 32 4 21
BITMAP
7FFFF0
FFFFF8
FFFFF0
000070
0000F0
0000E0
0001E0
0001C0
0003C0
000380
000780
000700
000F00
000E00
001E00
001C00
003C00
003800
007800
007000
00F000
00E000
01E000
01C000
03C000
038000
078000
070000
0F0000
0E0000
1E0000
1C0000
ENDCHAR
STARTCHAR uni2078
ENCODING 8312
SWIDTH 380 0
DWIDTH 29 0
BBX 23 32 3 21
BITMAP
01FE00
07FFC0
1FFFE0
3E01F0
3C0078
780038
70003C
70001C
70001C
70001C
70003C
780038
380078
1E00F0
0FEFE0
07FF80
0FFFC0
1F83F0
3C0078
780038
70001C
E0001C
E0001C
E0001E
E0001C
E0001C
F0001C
78003C
3C00F8
3FEFF0
0FFFE0
03FF00
ENDCHAR
STARTCHAR uni2079
ENCODING 8313
SWIDTH 380 0
DWIDTH 29 0
BBX 22 32 3 21
BITMAP
01FC00
07FF00
1FFFC0
3E03E0
3800E0
7000F0
700070
F00078
E00038
E00038
E0003C
E0003C
E0007C
70007C
70007C
7800FC
3E03DC
1FFF9C
0FFF1C
03FC1C
00001C
000038
000038
000038
000078
000070
4000F0
E001E0
F803C0
7FBF80
1FFF00
07FC00
ENDCHAR
STARTCHAR uni2080
ENCODING 8320
SWIDTH 380 0
DWIDTH 29 0
BBX 22 32 3 0
BITMAP
00FE00
03FF80
07FFC0
0F03E0
1E00F0
3C0070
380078
780038
700038
70003C
70001C
F0001C
F0001C
E0001C
E0001C
E0001C
E0001C
E0001C
E0001C
F0001C
F0001C
70001C
70001C
700038
780038
380038
3C0070
1C00F0
1F01E0
0FEFC0
07FF80
01FE00
ENDCHAR
STARTCHAR uni2081
ENCODING 8321
SWIDTH 380 0
DWIDTH 29 0
BBX 17 32 7 0
BITMAP
00C000
03C000
07C000
1FC000
3EC000
78C000
F0C000
40C000
00C000
00C000
00C000
00C000
00C000
00C000
00C000
00C000
00C000
00C000
00C000
00C000
00C000
00C000
00C000
00C000
00C000
00C000
00C000
00C000
00C000
7FFF00
7FFF80
7FFF00
ENDCHAR
STARTCHAR uni2082
ENCODING 8322
SWIDTH 380 0
DWIDTH 29 0
BBX 22 32 3 0
BITMAP
01FE00
0FFF80
3FFFC0
7E03E0
F800E0
6000F0
000070
000070
000070
000070
000070
0000F0
0000E0
0000E0
0001C0
0003C0
000780
000700
000E00
001E00
003C00
007800
00F000
01E000
03C000
078000
0F0000
0E0000
1C0000
3FFFF8
7FFFFC
3FFFFC
ENDCHAR
STARTCHAR uni2083
ENCODING 8323
SWIDTH 380 0
DWIDTH 29 0
BBX 21 32 3 0
BITMAP
01FE00
0FFF80
3FFFC0
7E03E0
F800E0
6000F0
000070
000070
000070
000070
000070
0000F0
0000E0
0003C0
003F80
0FFF00
07FF80
000FE0
0001F0
000070
000078
000038
000038
000038
000038
000038
600078
F000F0
7C01F0
3FFFE0
0FFF80
03FE00
ENDCHAR
STARTCHAR uni2084
ENCODING 8324
SWIDTH 380 0
DWIDTH 29 0
BBX 23 32 3 0
BITMAP
0000C0
0001C0
0003C0
0007C0
0007C0
000FC0
001FC0
001DC0
0039C0
0071C0
0071C0
00E1C0
01C1C0
01C1C0
0381C0
0701C0
0701C0
0E01C0
1C01C0
1C01C0
3801C0
7001C0
7FFFFE
FFFFFE
7FFFFE
0001C0
0001C0
0001C0
0001C0
0001C0
0001C0
0001C0
ENDCHAR
STARTCHAR uni2085
ENCODING 8325
SWIDTH 380 0
DWIDTH 29 0
BBX 21 32 4 0
BITMAP
3FFFE0
7FFFF0
7FFFF0
700000
700000
700000
700000
700000
700000
700000
700000
700000
707E00
73FF80
77FFC0
7F01E0
7C00F0
380070
300038
000038
000038
000038
000038
000038
000038
000038
600078
F000F0
7C01E0
3FFFE0
0FFF80
03FE00
ENDCHAR
STARTCHAR uni2086
ENCODING 8326
SWIDTH 380 0
DWIDTH 29 0
BBX 22 32 3 0
BITMAP
007F80
01FFE0
03FFF8
07807C
0F001C
1E000C
3C0000
380000
380000
780000
700000
700000
703F00
71FFC0
73FFE0
F781F0
FE0078
FC0038
F8001C
78001C
78001C
78001C
78001C
78001C
38001C
38001C
3C0038
1E0078
0F00F0
07FFE0
03FFC0
00FF00
ENDCHAR
STARTCHAR uni2087
ENCODING 8327
SWIDTH 380 0
DWIDTH 29 0
BBX 21 32 4 0
BITMAP
7FFFF0
FFFFF8
FFFFF0
000070
0000F0
0000E0
0001E0
0001C0
0003C0
000380
000780
000700
000F00
000E00
001E00
001C00
003C00
003800
007800
007000
00F000
00E000
01E000
01C000
03C000
038000
078000
070000
0F0000
0E0000
1E0000
1C0000
ENDCHAR
STARTCHAR uni2088
ENCODING 8328
SWIDTH 380 0
DWIDTH 29 0
BBX 23 32 3 0
BITMAP
01FE00
07FFC0
1FFFE0
3E01F0
3C0078
780038
70003C
70001C
70001C
70001C
70003C
780038
380078
1E00F0
0FEFE0
07FF80
0FFFC0
1F83F0
3C0078
780038
70001C
E0001C
E0001C
E0001E
E0001C
E0001C
F0001C
78003C
3C00F8
3FEFF0
0FFFE0
03FF00
ENDCHAR
STARTCHAR uni2089
ENCODING 8329
SWIDTH 380 0
DWIDTH 29 0
BBX 22 32 3 0
BITMAP
01FC00
07FF00
1FFFC0
3E03E0
3800E0
7000F0
700070
F00078
E00038
E00038
E0003C
E0003C
E0007C
70007C
70007C
7800FC
3E03DC
1FFF9C
0FFF1C
03FC1C
00001C
000038
000038
000038
000078
000070
4000F0
E001E0
F803C0
7FBF80
1FFF00
07FC00
ENDCHAR
STARTCHAR colonmonetary
ENCODING 8353
SWIDTH 600 0
DWIDTH 45 0
BBX 37 71 5 -9
BITMAP
0000018030
0000038070
0000038070
0000078070
00000700F0
00000700E0
00000700E0
00000E01E0
00000E01C0
0000FFE1C0
0007FFFDC0
001FFFFF80
007F801FC0
00FC0003E0
01F00001F0
03E0000078
03C0000038
0780000018
0F00000000
0F00000000
1E00000000
1C00000000
3C00000000
3C00000000
3800000000
7800000000
7800000000
7800000000
7000000000
7000000000
7000000000
7000000000
F000000000
F000000000
F000000000
F000000000
F000000000
F000000000
F000000000
7000000000
7000000000
7000000000
7000000000
7000000000
7800000000
7800000000
3800000000
3C00000000
3C00000000
1C00000000
1E00000000
0E00000000
0F00000000
0780000018
07C0000038
03E0000078
03F00001F0
03FC0003E0
07FF001FC0
071FFFFF00
0707FFFC00
0F01FFE000
0E01E00000
0E01C00000
0E01C00000
1E03C00000
1C03800000
1C03800000
3C03800000
3807800000
1803000000
ENDCHAR
STARTCHAR franc
ENCODING 8355
SWIDTH 600 0
DWIDTH 45 0
BBX 38 53 3 0
BITMAP
01FFFFFFF8
01FFFFFFFC
01FFFFFFFC
01C0000000
01C0000000
01C0000000
01C0000000
01C0000000
01C0000000
01C0000000
01C0000000
01C0000000
01C0000000
01C0000000
01C0000000
01C0000000
01C0000000
01C0000000
01C0000000
01C0000000
01C0000000
01C0000000
01C0000000
01C0000000
01FFFFFFF0
01FFFFFFF8
01FFFFFFF0
01C0000000
01C0000000
01C0000000
01C0000000
01C0000000
01C0000000
01C0000000
01C0000000
01C0000000
01C0000000
01C0000000
3FFFFFC000
FFFFFFE000
7FFFFFE000
01C0000000
01C0000000
01C0000000
01C0000000
01C0000000
01C0000000
01C0000000
01C0000000
01C0000000
01C0000000
01C0000000
01C0000000
ENDCHAR
STARTCHAR lira
ENCODING 8356
SWIDTH 600 0
DWIDTH 45 0
BBX 39 53 3 0
BITMAP
00007FFC00
0001FFFF80
0003FFFFE0
0007C003F0
000F0000FC
001E00003C
001C00001E
003C00000C
0038000000
0038000000
0078000000
0070000000
0070000000
0070000000
0070000000
0070000000
0070000000
0070000000
0070000000
0070000000
FFFFFFE000
7FFFFFE000
0070000000
0070000000
0070000000
0070000000
0070000000
0070000000
0070000000
0070000000
0070000000
7FFFFFE000
FFFFFFE000
3FFFFFC000
0070000000
0070000000
0070000000
0070000000
0070000000
0070000000
0070000000
0070000000
0070000000
0070000000
0070000000
0070000000
0070000000
0070000000
0070000000
0070000000
7FFFFFFFFC
FFFFFFFFFC
7FFFFFFFFC
ENDCHAR
STARTCHAR uni20A6
ENCODING 8358
SWIDTH 600 0
DWIDTH 45 0
BBX 43 53 1 0
BITMAP
00E000006000
00E00000E000
00F00000E000
00F00000E000
00F80000E000
00F80000E000
00FC0000E000
00FC0000E000
00FE0000E000
00EE0000E000
00EF0000E000
00E70000E000
00E78000E000
00E38000E000
00E38000E000
00E1C000E000
00E1C000E000
00E0E000E000
00E0E000E000
00E07000E000
FFE07000FFE0
FFE03800FFE0
00E03800E000
00E03C00E000
00E01C00E000
00E01E00E000
00E00E00E000
00E00F00E000
00E00700E000
00E00780E000
00E00380E000
FFE00380FFE0
FFE001C0FFE0
7FE001C0FFC0
00E000E0E000
00E000E0E000
00E00070E000
00E00070E000
00E00038E000
00E00038E000
00E0001CE000
00E0001CE000
00E0001EE000
00E0000EE000
00E0000FE000
00E00007E000
00E00007E000
00E00003E000
00E00003E000
00E00001E000
00E00001E000
00E00000E000
00C00000E000
ENDCHAR
STARTCHAR peseta
ENCODING 8359
SWIDTH 600 0
DWIDTH 45 0
BBX 43 53 1 0
BITMAP
00FFFF000000
00FFFFF00000
00FFFFFC0000
00E000FE0000
00E0001F0000
00E000078000
00E00003C000
00E00001E000
00E00000E000
00E00000F000
00E000007000
00E000007000
00E000007000
00E000007000
00E000007800
FFE000007FE0
FFE000007FE0
FFE000007FE0
00E000007800
00E000007000
00E000007000
00E000007000
00E000007000
00E00000F000
00E00000E000
00E00001E000
00E00003C000
00E000078000
00E0001F0000
00E0007E0000
00FFFFFC0000
00FFFFF00000
00FFFF800000
00E000000000
00E000000000
00E000000000
00E000000000
00E000000000
00E000000000
00E000000000
00E000000000
00E000000000
00E000000000
00E000000000
00E000000000
00E000000000
00E000000000
00E000000000
00E000000000
00E000000000
00E000000000
00E000000000
00E000000000
ENDCHAR
STARTCHAR uni20A9
ENCODING 8361
SWIDTH 600 0
DWIDTH 45 0
BBX 43 53 1 0
BITMAP
0C000E000600
0E000E000E00
0E000E000E00
0E000E000E00
0E000E000E00
0E001F000E00
0E001F000E00
06001F000C00
07001B001C00
07001B001C00
07001B001C00
07003B801C00
07003B801C00
07003B801C00
070031801C00
030031801800
038031803800
038071C03800
038071C03800
FF8071C03FE0
FF8060C03FE0
FF8060C03FE0
018060C03000
0180E0E03000
01C0E0E07000
01C0E0E07000
01C0C0607000
01C0C0607000
01C0C0607000
01C1C0707000
00C1C0706000
FFC1C0707FE0
FFC180307FE0
00E18030E000
00E18030E000
00E38038E000
00E38038E000
00E38038E000
00630018C000
00630018C000
00630018C000
0077001DC000
0077001DC000
0077001DC000
0076000DC000
0036000D8000
0036000D8000
003E000F8000
003E000F8000
003E000F8000
003C00078000
003C00078000
001C00070000
ENDCHAR
STARTCHAR dong
ENCODING 8363
SWIDTH 600 0
DWIDTH 45 0
BBX 36 63 6 -10
BITMAP
0000001C00
0000001C00
0000001C00
0000001C00
0000001C00
0000001C00
0000001C00
0000001C00
0000FFFFE0
0001FFFFF0
0001FFFFF0
0000001C00
0000001C00
0000001C00
0000001C00
0000001C00
001FE01C00
00FFF81C00
01FFFE1C00
07E03F1C00
0F80079C00
1F0003DC00
1E0001DC00
3C0000FC00
3800007C00
7800007C00
7000003C00
F000003C00
F000003C00
E000003C00
E000001C00
E000001C00
E000001C00
E000001C00
E000001C00
E000001C00
E000001C00
E000001C00
E000001C00
E000001C00
E000003C00
F000003C00
7000003C00
7000007C00
7800007C00
380000FC00
3C0000FC00
1E0001DC00
0F00039C00
07C00F9C00
03F8FF1C00
01FFFC1C00
007FF81C00
0007000000
0000000000
0000000000
0000000000
0000000000
0000000000
0000000000
FFFFFFFC00
FFFFFFFC00
3FFFFFF800
ENDCHAR
STARTCHAR Euro
ENCODING 8364
SWIDTH 600 0
DWIDTH 45 0
BBX 43 54 1 -1
BITMAP
000003FFC000
00001FFFF800
00003FFFFE00
0000FE003F00
0001F8000F80
0003E00003C0
0003C00001E0
0007800000E0
000F00000000
000E00000000
001E00000000
001C00000000
003C00000000
003800000000
003800000000
007800000000
007800000000
007000000000
007000000000
007000000000
FFFFFFC00000
FFFFFFC00000
00F000000000
00F000000000
00F000000000
00F000000000
00F000000000
00F000000000
00F000000000
00F000000000
00F000000000
FFFFFFC00000
FFFFFFC00000
7FFFFF800000
007000000000
007000000000
007800000000
007800000000
003800000000
003800000000
003C00000000
001C00000000
001E00000000
000E00000000
000F00000000
0007800000E0
0007C00001E0
0003E00003C0
0001F0000F80
0000FC003F00
00003FF7FE00
00001FFFF800
000007FFE000
000000380000
ENDCHAR
STARTCHAR uni20AD
ENCODING 8365
SWIDTH 600 0
DWIDTH 45 0
BBX 40 53 1 0
BITMAP
0060000007
007000000F
007000001E
007000003C
0070000078
00700000F0
00700001E0
00700003C0
0070000780
0070000F00
0070001E00
0070003C00
0070007800
007000F000
007001E000
007003C000
0070078000
00700F0000
00701E0000
00703C0000
0070780000
0070F00000
0071E00000
0073C00000
0077800000
FFFFFFFFFE
FFFFFFFFFF
FFFFFFFFFE
007F800000
0077C00000
0073E00000
0070F00000
0070780000
00703C0000
00701E0000
00700F0000
0070078000
007003C000
007001E000
007000F000
0070007800
0070003C00
0070001E00
0070000F00
0070000780
00700003C0
00700001E0
00700000F0
0070000078
007000003C
007000001E
007000000F
0070000007
ENDCHAR
STARTCHAR uni20AE
ENCODING 8366
SWIDTH 600 0
DWIDTH 45 0
BBX 45 53 0 0
BITMAP
7FFFFFFFFFF0
FFFFFFFFFFF8
7FFFFFFFFFF0
000007000000
000007000000
000007000000
000007000000
000007000000
000007000000
000007000000
000007000000
000007000000
000007000000
000007007000
00000701F000
00000707E000
0000071F8000
0000073E0000
000007F80000
000007F00000
00000FC00000
00001F000000
00007F000000
0001FF000000
0007E7000000
000F87007000
003E0701F000
007C0703E000
0070070F8000
0000073F0000
000007FC0000
000007F00000
000007C00000
00001F800000
00007F000000
0000FF000000
0003E7000000
000FC7000000
003F07000000
007C07000000
007007000000
002007000000
000007000000
000007000000
000007000000
000007000000
000007000000
000007000000
000007000000
000007000000
000007000000
000007000000
000007000000
ENDCHAR
STARTCHAR uni20B1
ENCODING 8369
SWIDTH 600 0
DWIDTH 45 0
BBX 43 53 1 0
BITMAP
00FFFF000000
00FFFFF00000
00FFFFFC0000
00E000FE0000
00E0001F0000
00E000078000
00E00003C000
00E00001E000
00E00000E000
00E00000F000
FFE000007FE0
FFE000007FE0
00E000007000
00E000007000
00E000007800
00E000007800
00E000007800
00E000007800
00E000007800
00E000007000
00E000007000
FFE000007FE0
FFE000007FE0
7FE00000FFC0
00E00000E000
00E00001E000
00E00003C000
00E000078000
00E0001F0000
00E0007E0000
00FFFFFC0000
00FFFFF00000
00FFFF800000
00E000000000
00E000000000
00E000000000
00E000000000
00E000000000
00E000000000
00E000000000
00E000000000
00E000000000
00E000000000
00E000000000
00E000000000
00E000000000
00E000000000
00E000000000
00E000000000
00E000000000
00E000000000
00E000000000
00E000000000
ENDCHAR
STARTCHAR uni20B2
ENCODING 8370
SWIDTH 600 0
DWIDTH 45 0
BBX 36 71 5 -9
BITMAP
00000C0000
00001C0000
00001C0000
00001C0000
00001C0000
00001C0000
00001C0000
00001C0000
00001C0000
0001FFC000
000FFFF800
003FFFFE00
007F003F80
01F80007C0
03E00001E0
03C00000F0
0780000070
0F00000030
1E00000000
1E00000000
3C00000000
3C00000000
3800000000
7800000000
7000000000
7000000000
F000000000
F000000000
F000000000
E000000000
E000000000
E000000000
E000000000
E000000000
E000000000
E00003FFE0
E0000FFFF0
E00007FFF0
E000000070
E000000070
E000000070
E000000070
E000000070
F000000070
F000000070
7000000070
7000000070
7800000070
3800000070
3C00000070
3C00000070
1E00000070
1E00000070
0F00000070
0780000070
07C0000070
03E0000070
01F80003F0
007E001FE0
003FFFFFC0
000FFFFE00
0003FFE000
00001C0000
00001C0000
00001C0000
00001C0000
00001C0000
00001C0000
00001C0000
00001C0000
00001C0000
ENDCHAR
STARTCHAR uni20B4
ENCODING 8372
SWIDTH 600 0
DWIDTH 45 0
BBX 34 54 5 -1
BITMAP
0007FFE000
003FFFF800
00FFFFFC00
03F8003E00
07E0000F00
1F80000780
1E00000380
1C00000380
0000000380
0000000380
0000000380
0000000380
0000000380
0000000780
0000000700
0000000E00
0000001E00
0000003C00
0000007800
000000F000
FFFFFFFFC0
7FFFFFFFC0
00000F0000
00001E0000
00007C0000
0000F00000
0001E00000
0007C00000
000F800000
001E000000
003C000000
7FFFFFFFC0
FFFFFFFFC0
3FFFFFFF80
0780000000
0F00000000
1E00000000
1C00000000
3C00000000
3800000000
3800000000
7800000000
7800000000
7800000000
3800000000
38000001C0
38000007C0
1C00000F80
1E00003F00
0F8001FC00
07FF7FF800
03FFFFE000
007FFF0000
0001800000
ENDCHAR
STARTCHAR uni20B5
ENCODING 8373
SWIDTH 600 0
DWIDTH 45 0
BBX 37 71 5 -9
BITMAP
00000E0000
00000E0000
00000E0000
00000E0000
00000E0000
00000E0000
00000E0000
00000E0000
00000E0000
0000FFE000
0007FFFC00
001FFFFF00
003F801FC0
00FC0003E0
01F00001F0
03E0000078
03C0000038
0780000018
0F00000000
0F00000000
1E00000000
1C00000000
3C00000000
3C00000000
3800000000
3800000000
7800000000
7800000000
7000000000
7000000000
7000000000
7000000000
F000000000
F000000000
F000000000
F000000000
F000000000
F000000000
F000000000
7000000000
7000000000
7000000000
7000000000
7000000000
7800000000
7800000000
3800000000
3C00000000
3C00000000
1C00000000
1E00000000
0E00000000
0F00000000
0780000018
07C0000038
03E0000078
01F00000F0
00FC0003E0
007F001FC0
001FFFFF00
0007FFFC00
0001FFE000
00000E0000
00000E0000
00000E0000
00000E0000
00000E0000
00000E0000
00000E0000
00000E0000
00000E0000
ENDCHAR
STARTCHAR uni20B8
ENCODING 8376
SWIDTH 600 0
DWIDTH 45 0
BBX 43 53 1 0
BITMAP
FFFFFFFFFFE0
FFFFFFFFFFE0
7FFFFFFFFFC0
000000000000
000000000000
000000000000
000000000000
000000000000
000000000000
000000000000
000000000000
7FFFFFFFFFC0
FFFFFFFFFFE0
FFFFFFFFFFE0
00000E000000
00000E000000
00000E000000
00000E000000
00000E000000
00000E000000
00000E000000
00000E000000
00000E000000
00000E000000
00000E000000
00000E000000
00000E000000
00000E000000
00000E000000
00000E000000
00000E000000
00000E000000
00000E000000
00000E000000
00000E000000
00000E000000
00000E000000
00000E000000
00000E000000
00000E000000
00000E000000
00000E000000
00000E000000
00000E000000
00000E000000
00000E000000
00000E000000
00000E000000
00000E000000
00000E000000
00000E000000
00000E000000
00000E000000
ENDCHAR
STARTCHAR uni20B9
ENCODING 8377
SWIDTH 600 0
DWIDTH 45 0
BBX 43 53 1 0
BITMAP
7FFFFFFFFFC0
FFFFFFFFFFE0
7FFFFFFFFFC0
000001F80000
0000007C0000
0000001E0000
0000000F0000
000000070000
000000038000
000000038000
00000003C000
00000001C000
FFFFFFFFFFE0
FFFFFFFFFFE0
00000001C000
00000001C000
00000001C000
00000001C000
00000001C000
00000003C000
000000038000
000000078000
0000000F0000
0000001E0000
0000003E0000
000000FC0000
00007FF00000
FFFFFFC00000
FFFFFE000000
000FF8000000
00007C000000
00001E000000
00000F000000
000007800000
000003C00000
000001C00000
000001E00000
000000F00000
000000700000
000000780000
0000003C0000
0000001C0000
0000001E0000
0000000F0000
000000070000
000000078000
000000038000
00000001C000
00000001E000
00000000E000
000000007000
000000007800
000000003800
ENDCHAR
STARTCHAR uni20BA
ENCODING 8378
SWIDTH 600 0
DWIDTH 45 0
BBX 36 53 5 0
BITMAP
0070000000
0070000000
0070000000
0070000000
0070000000
0070000000
0070000000
0070000000
0070000000
007001E000
007003E000
00700FC000
00703F0000
0070FC0000
0073F00000
0077C00000
007F000000
007E000000
01F8000000
07F0000000
1FF0004000
3E7001E000
FC7007C000
F0701F8000
C0707E0000
0070F80000
0073F00000
007FC00000
007F000000
00FC000000
01F0000000
07F0000000
1FF0000000
7E70000000
F870000000
E070000000
0070000060
0070000070
0070000070
0070000070
0070000070
0070000070
0070000070
0070000070
00700000F0
00700000E0
00700000E0
00700001C0
00700003C0
0070001F80
007FFFFF00
007FFFFC00
007FFFE000
ENDCHAR
STARTCHAR uni20BC
ENCODING 8380
SWIDTH 600 0
DWIDTH 45 0
BBX 35 53 5 0
BITMAP
0000E00000
0000E00000
0000E00000
0000E00000
0000E00000
0000E00000
0000E00000
0000E00000
0000E00000
0007FC0000
003FFF8000
007FFFC000
00F8E3E000
01E0E0F000
03C0E07800
0780E03C00
0700E01C00
0F00E01E00
0E00E00E00
1C00E00700
1C00E00700
3C00E00780
3800E00380
3800E00380
3800E00380
7800E00380
7000E001C0
7000E001C0
7000E001C0
7000E001C0
7000E001C0
7000E001C0
7000E001C0
7000E001C0
7000E001C0
F000E001C0
F000E001E0
F000E001E0
F000E001E0
F000E001E0
F000E001E0
F0000001E0
F0000001E0
F0000001E0
F0000001E0
F0000001E0
F0000001E0
F0000001E0
F0000001E0
F0000001E0
F0000001E0
F0000001E0
60000000C0
ENDCHAR
STARTCHAR uni20BD
ENCODING 8381
SWIDTH 600 0
DWIDTH 45 0
BBX 41 53 1 0
BITMAP
00FFFFF80000
00FFFFFF8000
00FFFFFFE000
00E00007F000
00E00000F800
00E000003C00
00E000001E00
00E000000F00
00E000000700
00E000000780
00E000000380
00E000000380
00E000000380
00E000000380
00E000000380
00E000000380
00E000000380
00E000000380
00E000000380
00E000000380
00E000000780
00E000000700
00E000000F00
00E000001E00
00E000003C00
00E000007800
00E00001F000
7FFFFFFFE000
FFFFFFFF8000
FFFFFFFC0000
00E000000000
00E000000000
00E000000000
00E000000000
00E000000000
00E000000000
00E000000000
00E000000000
00E000000000
FFFFFF800000
FFFFFF800000
00E000000000
00E000000000
00E000000000
00E000000000
00E000000000
00E000000000
00E000000000
00E000000000
00E000000000
00E000000000
00E000000000
00E000000000
ENDCHAR
STARTCHAR uni2113
ENCODING 8467
SWIDTH 600 0
DWIDTH 45 0
BBX 22 54 10 -1
BITMAP
003F80
007FC0
00FBE0
01E0E0
01C0E0
01C070
03C070
038070
038070
038070
0380E0
0380E0
0380E0
0380E0
0381C0
0381C0
038380
038380
038700
038700
038E00
039E00
039C00
03B800
03F800
03F000
03E000
03E000
03C000
038000
078000
0F8000
1F8000
1F8000
3B8000
738000
F38000
E38000
038000
038000
038000
038000
038000
038000
038000
038000
038000
03C008
01C01C
01E03C
01F1F8
00FFF0
007FC0
000E00
ENDCHAR
STARTCHAR uni2116
ENCODING 8470
SWIDTH 1057 0
DWIDTH 79 0
BBX 70 53 7 0
BITMAP
E0000000038000FF80
F0000000038003FFC0
F800000003800781E0
F800000003800E0070
FC00000003801C0038
FE00000003801C0018
EF000000038038001C
E7000000038038001C
E7800000038038001C
E3C00000038038000C
E1C00000038030000C
E0E00000038030000C
E0F00000038038001C
E0780000038038001C
E0380000038038001C
E01C0000038018001C
E01E000003801C0038
E00F000003800E0070
E007000003800F00F0
E0078000038007C3E0
E003C000038001FFC0
E001E0000380007F00
E000E0000380000000
E000F0000380000000
E00078000380000000
E0003C000380000000
E0001C000380000000
E0001E000380000000
E0000F000380000000
E00007000380000000
E000038003803FFFFC
E00003C003803FFFFC
E00001E003801FFFF8
E00000E00380000000
E00000700380000000
E00000780380000000
E000003C0380000000
E000001C0380000000
E000001E0380000000
E000000F0380000000
E00000078380000000
E00000038380000000
E0000003C380000000
E0000001E380000000
E0000000F380000000
E00000007380000000
E00000007B80000000
E00000003F80000000
E00000001F80000000
E00000000F80000000
E00000000F80000000
E00000000780000000
E00000000380000000
ENDCHAR
STARTCHAR trademark
ENCODING 8482
SWIDTH 899 0
DWIDTH 67 0
BBX 61 32 0 21
BITMAP
FFFFFFC1C0000038
FFFFFFC1C0000038
7FFFFFC1E0000078
000E0001E00000F8
000E0001F00000F8
000E0001F00001F8
000E0001F80001F8
000E0001FC0003B8
000E0001DC0003B8
000E0001DE000738
000E0001CE000738
000E0001CF000E38
000E0001C7000E38
000E0001C3801C38
000E0001C3801C38
000E0001C1C03838
000E0001C1C03838
000E0001C0E07038
000E0001C0E07038
000E0001C070E038
000E0001C071E038
000E0001C039C038
000E0001C03BC038
000E0001C01F8038
000E0001C01F0038
000E0001C00F0038
000E0001C0060038
000E0001C0000038
000E0001C0000038
000E0001C0000038
000E0001C0000038
000C0001C0000038
ENDCHAR
STARTCHAR uni2126
ENCODING 8486
SWIDTH 600 0
DWIDTH 45 0
BBX 39 53 3 0
BITMAP
0007FFC000
001FFFF000
003FFFF800
00FC007E00
01F0001F00
01E0000F00
03C0000780
07800003C0
07000001C0
0F000001E0
0E000000E0
1E000000F0
1E00000070
1C00000070
1C00000070
3C00000078
3C00000078
3800000038
3800000038
3800000038
3800000038
3800000038
3800000038
3800000038
3800000038
3800000038
3800000038
3800000038
3800000038
3800000038
3C00000078
3C00000078
1C00000070
1C00000070
1C00000070
1E000000F0
0E000000E0
0E000000E0
0F000001E0
07000001C0
07800003C0
0380000380
03C0000780
01C0000700
00E0000E00
00F0001E00
0070003C00
0038003800
001C007000
000E00E000
7FFF01FFFC
FFFF01FFFE
7FFF01FFFC
ENDCHAR
STARTCHAR estimated
ENCODING 8494
SWIDTH 894 0
DWIDTH 67 0
BBX 59 53 4 0
BITMAP
000003FFFC000000
00003FFFFFC00000
0000FF803FF00000
0003F80001FC0000
000FC000007F0000
001F0000001FC000
003E00000007E000
00F800000003F000
01F000000001F800
03E000000000FC00
03E000000000FC00
07E000000000FE00
0FE000000000FF00
1FE000000000FF00
1FE000000000FF80
3FE000000000FF80
3FE000000000FF80
3FE000000000FFC0
7FE000000000FFC0
7FE000000000FFC0
7FE000000000FFE0
FFE000000000FFE0
FFE000000000FFE0
FFE000000000FFE0
FFE000000000FFE0
FFE000000000FFE0
FFFFFFFFFFFFFFE0
FFFFFFFFFFFFFFE0
FFE0000000000000
FFE0000000000000
FFE0000000000000
FFE0000000000000
FFE0000000000000
7FE0000000000000
7FE0000000000000
7FE0000000000000
7FE0000000000000
3FE0000000000000
3FE0000000000000
1FE0000000000000
1FE0000000000000
0FE0000000000000
07E0000000000000
03E000000000FC00
01F000000001F800
00F800000003F000
007C00000007C000
003F0000001F8000
001F8000007F0000
0007F00001FC0000
0001FF001FF80000
00007FFFFFC00000
000007FFFE000000
ENDCHAR
STARTCHAR partialdiff
ENCODING 8706
SWIDTH 600 0
DWIDTH 45 0
BBX 35 54 5 -1
BITMAP
03FFC00000
03FFF80000
0003FE0000
00003F8000
000007C000
000003E000
000000F000
0000007800
0000003C00
0000001C00
0000001E00
0000000F00
0000000700
0000000700
0000000780
0000000380
0000000380
0000F003C0
001FFF01C0
007FFFC1C0
01FF1FF1C0
03E000F9C0
07C0003DE0
0F00001EE0
1E00000EE0
1C000007E0
3C000003E0
38000003E0
78000001E0
70000001E0
70000001E0
F0000001E0
F0000000E0
E0000000E0
E0000000E0
E0000000E0
E0000000E0
E0000001C0
E0000001C0
F0000001C0
F0000001C0
7000000380
7000000380
7800000780
3C00000700
3C00000F00
1E00001E00
0F00003C00
07C0007C00
03E001F800
01FF1FE000
007FFFC000
001FFF0000
0000C00000
ENDCHAR
STARTCHAR emptyset
ENCODING 8709
SWIDTH 600 0
DWIDTH 45 0
BBX 45 51 0 -2
BITMAP
0000000000C0
0000000001E0
0000000003E0
0000000007C0
00007FF007C0
0003FFFE0F80
000FFFFF9F00
003FE03FFE00
007F0007FE00
00F80000FC00
01F00000FE00
03E00001FF00
07800003FF00
0F000003E780
1F000007C7C0
1E00000F83C0
3C00001F01E0
3C00001F01E0
7800003E00F0
7800007C00F0
780000F800F0
780001F800F0
F00001F00078
F00003E00078
F00007C00078
F0000F800078
F0000F800078
F0001F000078
70003E000070
78007C0000F0
7800FC0000F0
7800F80000F0
3C01F00001E0
3C03E00001E0
1E07C00003C0
1E07C00003C0
0F0F80000780
0F9F00000F80
07FE00001F00
03FE00003E00
01FC0000FC00
00FC0001F800
01FF800FE000
03FFFFFFC000
03E3FFFF0000
07C0FFF80000
0F8000000000
1F0000000000
1F0000000000
1E0000000000
0C0000000000
ENDCHAR
STARTCHAR uni2206
ENCODING 8710
SWIDTH 600 0
DWIDTH 45 0
BBX 39 53 3 0
BITMAP
0000380000
00007C0000
00007C0000
00007C0000
0000EE0000
0000EE0000
0000EE0000
0001C70000
0001C70000
0001C70000
0003838000
0003838000
0003018000
000701C000
000701C000
000E00E000
000E00E000
000E00E000
001C007000
001C007000
001C007000
0038003800
0038003800
0038003800
0070001C00
0070001C00
00E0000E00
00E0000E00
00E0000E00
01C0000700
01C0000700
01C0000700
0380000380
0380000380
0380000380
07000001C0
07000001C0
0E000000E0
0E000000E0
0E000000E0
1C00000070
1C00000070
1C00000070
3800000038
3800000038
3800000038
700000001C
700000001C
F00000001E
E00000000E
FFFFFFFFFE
FFFFFFFFFE
FFFFFFFFFE
ENDCHAR
STARTCHAR product
ENCODING 8719
SWIDTH 600 0
DWIDTH 45 0
BBX 37 67 4 -14
BITMAP
7FFFFFFFF0
FFFFFFFFF8
FFFFFFFFF8
E000000038
E000000038
E000000038
E000000038
E000000038
E000000038
E000000038
E000000038
E000000038
E000000038
E000000038
E000000038
E000000038
E000000038
E000000038
E000000038
E000000038
E000000038
E000000038
E000000038
E000000038
E000000038
E000000038
E000000038
E000000038
E000000038
E000000038
E000000038
E000000038
E000000038
E000000038
E000000038
E000000038
E000000038
E000000038
E000000038
E000000038
E000000038
E000000038
E000000038
E000000038
E000000038
E000000038
E000000038
E000000038
E000000038
E000000038
E000000038
E000000038
E000000038
E000000038
E000000038
E000000038
E000000038
E000000038
E000000038
E000000038
E000000038
E000000038
E000000038
E000000038
E000000038
E000000038
6000000030
ENDCHAR
STARTCHAR summation
ENCODING 8721
SWIDTH 600 0
DWIDTH 45 0
BBX 37 67 4 -14
BITMAP
7FFFFFFFF8
FFFFFFFFF8
FFFFFFFFF8
7000000000
7800000000
3C00000000
1E00000000
1E00000000
0F00000000
0780000000
0380000000
03C0000000
01E0000000
00E0000000
00F0000000
0078000000
0038000000
003C000000
001E000000
000F000000
0007000000
0007800000
0003C00000
0001C00000
0001E00000
0000F00000
0000700000
0000780000
00003C0000
00001E0000
00001E0000
00000F0000
0000070000
0000070000
0000070000
00000F0000
00001E0000
00003C0000
00003C0000
0000780000
0000F00000
0000E00000
0001E00000
0003C00000
0003800000
0007800000
000F000000
000E000000
001E000000
003C000000
0078000000
0078000000
00F0000000
01E0000000
01C0000000
03C0000000
0780000000
0700000000
0F00000000
1E00000000
1C00000000
3C00000000
7800000000
F000000000
FFFFFFFFF8
FFFFFFFFF8
3FFFFFFFF0
ENDCHAR
STARTCHAR minus
ENCODING 8722
SWIDTH 600 0
DWIDTH 45 0
BBX 37 3 4 20
BITMAP
FFFFFFFFF8
FFFFFFFFF8
FFFFFFFFF8
ENDCHAR
STARTCHAR uni2215
ENCODING 8725
SWIDTH 600 0
DWIDTH 45 0
BBX 21 60 12 -4
BITMAP
000018
000038
000038
000038
000070
000070
000070
0000E0
0000E0
0000E0
0001C0
0001C0
0001C0
000380
000380
000380
000700
000700
000700
000F00
000E00
000E00
001E00
001C00
001C00
003C00
003800
003800
007800
007000
007000
00F000
00E000
00E000
00E000
01C000
01C000
01C000
038000
038000
038000
070000
070000
070000
0E0000
0E0000
0E0000
1C0000
1C0000
1C0000
3C0000
380000
380000
780000
700000
700000
F00000
E00000
E00000
C00000
ENDCHAR
STARTCHAR uni2219
ENCODING 8729
SWIDTH 600 0
DWIDTH 45 0
BBX 5 6 20 17
BITMAP
70
F8
F8
F8
F8
70
ENDCHAR
STARTCHAR radical
ENCODING 8730
SWIDTH 600 0
DWIDTH 45 0
BBX 43 71 0 -14
BITMAP
0000000000E0
0000000000E0
0000000000E0
0000000001E0
0000000001C0
0000000001C0
0000000003C0
000000000380
000000000380
000000000380
000000000780
000000000700
000000000700
000000000F00
000000000E00
000000000E00
000000001E00
000000001C00
000000001C00
000000001C00
000000003C00
000000003800
000000003800
000000007800
000000007000
000000007000
00000000F000
00000000E000
00000000E000
00000000E000
00000001C000
00000001C000
00000001C000
00000003C000
7F8000038000
FFC000038000
7FC000078000
01E000070000
00E000070000
00E000070000
00F0000E0000
0070000E0000
0070000E0000
0038001C0000
0038001C0000
003C001C0000
001C003C0000
001C00380000
001E00380000
000E00380000
000E00700000
000F00700000
000700700000
000700E00000
000380E00000
000380E00000
000381C00000
0001C1C00000
0001C1C00000
0001E1C00000
0000E3800000
0000E3800000
000073800000
000077000000
000077000000
00003F000000
00003E000000
00003E000000
00001E000000
00001C000000
00000C000000
ENDCHAR
STARTCHAR infinity
ENCODING 8734
SWIDTH 600 0
DWIDTH 45 0
BBX 37 19 4 12
BITMAP
0080001800
0FF800FF80
1FFE03FFC0
3E1F07C3E0
78078F00F0
7003DE0070
E001DC0038
E000F80038
E000700038
E000700038
E000700038
E000F80038
E000F80038
F001DC0078
78038E00F0
3C0F8F81E0
3FFE03FFE0
0FFC01FF80
03F0007E00
ENDCHAR
STARTCHAR integral
ENCODING 8747
SWIDTH 600 0
DWIDTH 45 0
BBX 25 67 10 -14
BITMAP
00007F80
0001FF80
0003FE00
0007C000
000F0000
000E0000
001E0000
001E0000
001C0000
001C0000
001C0000
001C0000
001C0000
001C0000
001C0000
001C0000
001C0000
001C0000
001C0000
001C0000
001C0000
001C0000
001C0000
001C0000
001C0000
001C0000
001C0000
001C0000
001C0000
001C0000
001C0000
001C0000
001C0000
001C0000
001C0000
001C0000
001C0000
001C0000
001C0000
001C0000
001C0000
001C0000
001C0000
001C0000
001C0000
001C0000
001C0000
001C0000
001C0000
001C0000
001C0000
001C0000
001C0000
001C0000
001C0000
001C0000
001C0000
001C0000
001C0000
003C0000
00380000
00780000
00F80000
01F00000
FFE00000
FF800000
FE000000
ENDCHAR
STARTCHAR approxequal
ENCODING 8776
SWIDTH 600 0
DWIDTH 45 0
BBX 35 25 5 9
BITMAP
01E0000000
0FFC000000
3FFF000060
7E1FC000E0
7807F001E0
F001FC03C0
E0007F0FC0
C0001FFF80
000007FE00
000000F000
0000000000
0000000000
0000000000
0000000000
0000000000
01E0000000
0FFC000000
3FFF000060
7E1FC000E0
7807F001E0
F001FC03C0
E0007F0FC0
C0001FFF80
000007FE00
000000F000
ENDCHAR
STARTCHAR notequal
ENCODING 8800
SWIDTH 600 0
DWIDTH 45 0
BBX 37 39 4 2
BITMAP
000000C000
000000E000
000001E000
000001C000
000001C000
0000038000
0000038000
0000078000
0000070000
00000F0000
00000E0000
FFFFFFFFF8
FFFFFFFFF8
00001C0000
00003C0000
0000380000
0000380000
0000700000
0000700000
0000F00000
0000E00000
0000E00000
0001C00000
0001C00000
0003800000
7FFFFFFFF0
FFFFFFFFF8
FFFFFFFFF8
0007000000
000E000000
000E000000
001E000000
001C000000
001C000000
0038000000
0038000000
0078000000
0070000000
0020000000
ENDCHAR
STARTCHAR lessequal
ENCODING 8804
SWIDTH 600 0
DWIDTH 45 0
BBX 37 39 4 0
BITMAP
0000000078
00000001F8
0000000FF0
0000003FC0
000001FE00
000007F800
00003FC000
0000FF0000
0007F80000
003FE00000
00FF000000
07FC000000
1FE0000000
7F80000000
FC00000000
FC00000000
7F80000000
1FE0000000
07FC000000
00FF000000
003FE00000
0007F80000
0001FF0000
00003FC000
000007F800
000001FE00
0000003FC0
0000000FF0
00000001F8
0000000078
0000000000
0000000000
0000000000
0000000000
0000000000
0000000000
FFFFFFFFF8
FFFFFFFFF8
FFFFFFFFF8
ENDCHAR
STARTCHAR greaterequal
ENCODING 8805
SWIDTH 600 0
DWIDTH 45 0
BBX 37 39 4 0
BITMAP
F000000000
FC00000000
FF80000000
1FE0000000
07FC000000
00FF000000
001FE00000
0007F80000
0000FF0000
00003FC000
000007F800
000001FE00
0000003FC0
0000000FF0
00000001F8
00000001F8
0000000FF0
0000003FC0
000001FE00
000007F800
00003FC000
0000FF0000
0007F80000
001FE00000
00FF000000
03FC000000
1FE0000000
7F80000000
FC00000000
F000000000
0000000000
0000000000
0000000000
0000000000
0000000000
0000000000
FFFFFFFFF8
FFFFFFFFF8
FFFFFFFFF8
ENDCHAR
STARTCHAR lozenge
ENCODING 9674
SWIDTH 600 0
DWIDTH 45 0
BBX 37 72 4 -15
BITMAP
0000700000
0000F80000
0000F80000
0001F80000
0001DC0000
0001DC0000
00038E0000
00038E0000
0007070000
0007070000
000E038000
000E038000
001C01C000
001C01C000
003800E000
003800E000
0070007000
0070007000
00E0003800
00E0003800
01C0001C00
01C0001C00
03C0000E00
0380000E00
0780000F00
0700000700
0F00000780
0E00000380
1E000003C0
1C000001C0
3C000001E0
38000000E0
38000000E0
7000000070
7000000070
E000000038
E000000038
F000000078
7000000070
78000000F0
38000000E0
3C000001E0
1C000001C0
1E000003C0
0E00000380
0F00000780
0700000700
0700000700
0380000E00
0380000E00
01C0001C00
01C0001C00
00E0003800
00E0003800
0070007000
0070007000
003800E000
003800E000
001C01C000
001C01C000
000E038000
000E038000
0007070000
0007070000
00038E0000
00038E0000
0003DE0000
0001DC0000
0001FC0000
0000F80000
0000F80000
0000700000
ENDCHAR
STARTCHAR uni27E8
ENCODING 10216
SWIDTH 600 0
DWIDTH 45 0
BBX 11 55 17 -1
BITMAP
0040
0060
00E0
00E0
00C0
01C0
01C0
0180
0380
0380
0700
0700
0700
0E00
0E00
0E00
1C00
1C00
1C00
3800
3800
3800
7000
7000
6000
E000
E000
C000
E000
E000
6000
7000
7000
3000
3800
3800
1800
1C00
1C00
0C00
0E00
0E00
0600
0700
0700
0300
0380
0380
0180
01C0
01C0
00C0
00E0
00E0
0060
ENDCHAR
STARTCHAR uni27E9
ENCODING 10217
SWIDTH 600 0
DWIDTH 45 0
BBX 11 55 17 -1
BITMAP
4000
C000
E000
E000
6000
7000
7000
3000
3800
3800
1C00
1C00
1C00
0E00
0E00
0E00
0700
0700
0700
0380
0380
0380
01C0
01C0
00C0
00E0
00E0
0060
00E0
00E0
00E0
01C0
01C0
0180
0380
0380
0300
0700
0700
0600
0E00
0E00
0C00
1C00
1C00
1800
3800
3800
3000
7000
7000
6000
E000
E000
C000
ENDCHAR
STARTCHAR uniF8FF
ENCODING 63743
SWIDTH 658 0
DWIDTH 49 0
BBX 43 40 3 2
BITMAP
000006000000
00000E000000
00000E000000
00000F000000
00001F000000
00001F000000
00001F800000
00003F800000
00003F800000
00003FC00000
00007FC00000
00007FC00000
00007FE00000
0000FFE00000
7FFFFFFFFFE0
FFFFFFFFFFE0
7FFFFFFFFFC0
3FFFCE7FFF80
0FFFCE7FFF00
07FFC67FFC00
03FFC27FF800
00FFCA7FF000
007FC97FC000
003FC97F8000
000FCC7F0000
000FCE7E0000
000FCE7E0000
000FFFFF0000
001FFFFF0000
001FFFFF0000
001FFFFF0000
001FFFFF8000
003FF9FF8000
003FE0FF8000
003FC07FC000
007F001FC000
007E000FC000
007C0003E000
00F00001E000
00E000006000
ENDCHAR
STARTCHAR fi
ENCODING 64257
SWIDTH 512 0
DWIDTH 38 0
BBX 33 53 0 0
BITMAP
00003F0000
0001FF0000
0007FE0F80
000F800F80
001E000F80
003C000F80
0078000700
0070000000
0070000000
00F0000000
00E0000000
00E0000000
00E0000000
00E0000000
00E0000000
00E0000000
00E0000000
FFFFFFFF00
FFFFFFFF00
00E0000700
00E0000700
00E0000700
00E0000700
00E0000700
00E0000700
00E0000700
00E0000700
00E0000700
00E0000700
00E0000700
00E0000700
00E0000700
00E0000700
00E0000700
00E0000700
00E0000700
00E0000700
00E0000700
00E0000700
00E0000700
00E0000700
00E0000700
00E0000700
00E0000700
00E0000700
00E0000700
00E0000700
00E0000700
00E0000700
00E0000700
00E0000700
00E0000700
00E0000700
ENDCHAR
STARTCHAR fl
ENCODING 64258
SWIDTH 581 0
DWIDTH 44 0
BBX 43 54 0 -1
BITMAP
00007F070000
0003FF070000
0007FE070000
000F80070000
001E00070000
003C00070000
007800070000
007000070000
007000070000
00F000070000
00E000070000
00E000070000
00E000070000
00E000070000
00E000070000
00E000070000
00E000070000
FFFFFC070000
FFFFFC070000
00E000070000
00E000070000
00E000070000
00E000070000
00E000070000
00E000070000
00E000070000
00E000070000
00E000070000
00E000070000
00E000070000
00E000070000
00E000070000
00E000070000
00E000070000
00E000070000
00E000070000
00E000070000
00E000070000
00E000070000
00E000070000
00E000070000
00E000070000
00E000070000
00E000078000
00E000078000
00E000038000
00E000038000
00E00003C000
00E00001C000
00E00001E000
00E00000FC00
00E000007FE0
00E000003FE0
000000000780
ENDCHAR
STARTCHAR .notdef
ENCODING -1
SWIDTH 500 0
DWIDTH 38 0
BBX 30 67 4 -14
BITMAP
FFFFFFFC
FFFFFFFC
FFFFFFFC
FFFFFFFC
F000003C
F000003C
F000003C
F000003C
F000003C
F000003C
F000003C
F000003C
F000003C
F000003C
F000003C
F000003C
F000003C
F000003C
F000003C
F000003C
F000003C
F000003C
F000003C
F000003C
F000003C
F000003C
F000003C
F000003C
F000003C
F000003C
F000003C
F000003C
F000003C
F000003C
F000003C
F000003C
F000003C
F000003C
F000003C
F000003C
F000003C
F000003C
F000003C
F000003C
F000003C
F000003C
F000003C
F000003C
F000003C
F000003C
F000003C
F000003C
F000003C
F000003C
F000003C
F000003C
F000003C
F000003C
F000003C
F000003C
F000003C
F000003C
F000003C
FFFFFFFC
FFFFFFFC
FFFFFFFC
FFFFFFFC
ENDCHAR
STARTCHAR Iacute_J.loclNLD
ENCODING -1
SWIDTH 531 0
DWIDTH 40 0
BBX 34 71 7 0
BITMAP
0020000080
00700001C0
00F00003C0
01E00003C0
01E0000780
03C0000F00
0780000E00
0700001C00
0E00003C00
1E00007800
1C00007000
380000E000
700001C000
600000C000
0000000000
0000000000
0000000000
0000000000
E000018000
E00003C000
E00003C000
E00003C000
E00003C000
E00003C000
E00003C000
E00003C000
E00003C000
E00003C000
E00003C000
E00003C000
E00003C000
E00003C000
E00003C000
E00003C000
E00003C000
E00003C000
E00003C000
E00003C000
E00003C000
E00003C000
E00003C000
E00003C000
E00003C000
E00003C000
E00003C000
E00003C000
E00003C000
E00003C000
E00003C000
E00003C000
E00003C000
E00003C000
E00003C000
E00003C000
E00003C000
E00003C000
E00003C000
E00003C000
E00003C000
E00003C000
E000038000
E000038000
E000038000
E000078000
E000070000
E0000F0000
E0001E0000
E0007C0000
E01FF80000
E03FF00000
E03F800000
ENDCHAR
STARTCHAR I_J.loclNLD
ENCODING -1
SWIDTH 531 0
DWIDTH 40 0
BBX 26 53 7 0
BITMAP
E0000180
E00003C0
E00003C0
E00003C0
E00003C0
E00003C0
E00003C0
E00003C0
E00003C0
E00003C0
E00003C0
E00003C0
E00003C0
E00003C0
E00003C0
E00003C0
E00003C0
E00003C0
E00003C0
E00003C0
E00003C0
E00003C0
E00003C0
E00003C0
E00003C0
E00003C0
E00003C0
E00003C0
E00003C0
E00003C0
E00003C0
E00003C0
E00003C0
E00003C0
E00003C0
E00003C0
E00003C0
E00003C0
E00003C0
E00003C0
E00003C0
E00003C0
E0000380
E0000380
E0000380
E0000780
E0000700
E0000F00
E0001E00
E0007C00
E01FF800
E03FF000
E03F8000
ENDCHAR
STARTCHAR i.loclTRK
ENCODING -1
SWIDTH 212 0
DWIDTH 16 0
BBX 6 51 5 0
BITMAP
78
FC
FC
78
30
00
00
00
00
00
00
00
00
00
20
70
78
78
78
78
78
78
78
78
78
78
78
78
78
78
78
78
78
78
78
78
78
78
78
78
78
78
78
78
78
78
78
78
78
78
30
ENDCHAR
STARTCHAR germandbls.calt
ENCODING -1
SWIDTH 697 0
DWIDTH 52 0
BBX 40 54 7 -1
BITMAP
000FFFE000
003FFFFC00
00FFFFFE00
03F8001F80
07C00007C0
0F800003E0
1E000001E0
1E000000F0
3C00000070
3800000078
7800000078
7000000038
7000000038
7000000038
F000000038
E000000038
E000000038
E000000078
E000000070
E0000000F0
E0000000E0
E0000001E0
E0000003C0
E000000F80
E000007F00
E00FFFFC00
E00FFFFF00
E00FFFFFC0
E0000007E0
E0000001F0
E000000078
E00000003C
E00000001C
E00000001E
E00000000E
E00000000F
E00000000F
E000000007
E000000007
E000000007
E000000007
E00000000F
E00000000F
E00000000E
E00000000E
E00000001E
E02000003C
E07800007C
E07E0000F8
E03F8003F0
E00FFE7FE0
E003FFFF80
E000FFFE00
0000018000
ENDCHAR
STARTCHAR iacute_j.loclNLD
ENCODING -1
SWIDTH 427 0
DWIDTH 32 0
BBX 28 71 6 -14
BITMAP
00600060
00F000F0
00E000F0
01E001E0
03C001C0
03C003C0
07800380
07000780
0F000700
0E000E00
1E001E00
1C001C00
38003800
38003800
70007000
70007000
00000000
00000000
00000000
00000000
40006000
E0007000
F000F000
F000F000
F000F000
F000F000
F000F000
F000F000
F000F000
F000F000
F000F000
F000F000
F000F000
F000F000
F000F000
F000F000
F000F000
F000F000
F000F000
F000F000
F000F000
F000F000
F000F000
F000F000
F000F000
F000F000
F000F000
F000F000
F000F000
F000F000
F000F000
F000F000
F000F000
F000F000
F000F000
F000F000
6000F000
0000F000
0000F000
0000F000
0000F000
0000E000
0000E000
0000E000
0001E000
0001C000
0003C000
000F8000
00FF0000
07FE0000
03F80000
ENDCHAR
STARTCHAR a.ss01
ENCODING -1
SWIDTH 568 0
DWIDTH 43 0
BBX 32 38 4 -1
BITMAP
000FF002
007FFE07
01FFFF87
03F00FC7
07C003E7
0F0000F7
1E000077
1C00003F
3C00001F
3800001F
7800000F
7000000F
7000000F
F0000007
F0000007
E0000007
E0000007
E0000007
E0000007
E0000007
E0000007
E0000007
E0000007
F0000007
70000007
7000000F
7000000F
7800001F
3800001F
3C00003F
1E00003F
0F000077
0F8001F7
07E003E7
03FC3F87
00FFFF07
003FFC07
00018000
ENDCHAR
STARTCHAR aacute.ss01
ENCODING -1
SWIDTH 568 0
DWIDTH 43 0
BBX 32 58 4 -1
BITMAP
000000C0
000001E0
000001C0
000003C0
00000380
00000780
00000F00
00000E00
00001E00
00001C00
00003C00
00003800
00007000
00007000
0000E000
0000E000
00000000
00000000
00000000
00000000
000FF002
007FFE07
01FFFF87
03F00FC7
07C003E7
0F0000F7
1E000077
1C00003F
3C00001F
3800001F
7800000F
7000000F
7000000F
F0000007
F0000007
E0000007
E0000007
E0000007
E0000007
E0000007
E0000007
E0000007
E0000007
F0000007
70000007
7000000F
7000000F
7800001F
3800001F
3C00003F
1E00003F
0F000077
0F8001F7
07E003E7
03FC3F87
00FFFF07
003FFC07
00018000
ENDCHAR
STARTCHAR abreve.ss01
ENCODING -1
SWIDTH 568 0
DWIDTH 43 0
BBX 32 57 4 -1
BITMAP
01000020
03800070
03800070
03800070
01800060
01800060
01C000E0
01C000E0
00E001C0
00E001C0
00700380
003C0F00
001FFE00
000FFC00
0003F000
00000000
00000000
00000000
00000000
000FF002
007FFE07
01FFFF87
03F00FC7
07C003E7
0F0000F7
1E000077
1C00003F
3C00001F
3800001F
7800000F
7000000F
7000000F
F0000007
F0000007
E0000007
E0000007
E0000007
E0000007
E0000007
E0000007
E0000007
E0000007
F0000007
70000007
7000000F
7000000F
7800001F
3800001F
3C00003F
1E00003F
0F000077
0F8001F7
07E003E7
03FC3F87
00FFFF07
003FFC07
00018000
ENDCHAR
STARTCHAR uni1EAF.ss01
ENCODING -1
SWIDTH 568 0
DWIDTH 43 0
BBX 32 62 4 -1
BITMAP
00000180
000003C0
00000380
00000780
00000F00
00000E00
00001C00
00003C00
01003820
03807070
0380E070
0180E060
0180C0E0
01C000E0
00E001C0
00F003C0
00780780
003FFF00
001FFE00
0003F000
00000000
00000000
00000000
00000000
000FF002
007FFE07
01FFFF87
03F00FC7
07C003E7
0F0000F7
1E000077
1C00003F
3C00001F
3800001F
7800000F
7000000F
7000000F
F0000007
F0000007
E0000007
E0000007
E0000007
E0000007
E0000007
E0000007
E0000007
E0000007
F0000007
70000007
7000000F
7000000F
7800001F
3800001F
3C00003F
1E00003F
0F000077
0F8001F7
07E003E7
03FC3F87
00FFFF07
003FFC07
00018000
ENDCHAR
STARTCHAR uni1EB7.ss01
ENCODING -1
SWIDTH 568 0
DWIDTH 43 0
BBX 32 69 4 -13
BITMAP
01000020
03800070
03800070
03800070
01800060
01800060
01C000E0
01C000E0
00E001C0
00E001C0
00700380
003C0F00
001FFE00
000FFC00
0003F000
00000000
00000000
00000000
00000000
000FF002
007FFE07
01FFFF87
03F00FC7
07C003E7
0F0000F7
1E000077
1C00003F
3C00001F
3800001F
7800000F
7000000F
7000000F
F0000007
F0000007
E0000007
E0000007
E0000007
E0000007
E0000007
E0000007
E0000007
E0000007
F0000007
70000007
7000000F
7000000F
7800001F
3800001F
3C00003F
1E00003F
0F000077
0F8001F7
07E003E7
03FC3F87
00FFFF07
003FFC07
00018000
00000000
00000000
00000000
00000000
00000000
00000000
00000000
0001E000
0003E000
0003F000
0001E000
0001E000
ENDCHAR
STARTCHAR uni1EB1.ss01
ENCODING -1
SWIDTH 568 0
DWIDTH 43 0
BBX 32 62 4 -1
BITMAP
00600000
00F00000
00700000
00780000
003C0000
001C0000
000E0000
000F0000
01070020
03838070
0381C070
0181C060
0180C0E0
01C000E0
00E001C0
00F003C0
00780780
003FFF00
001FFE00
0003F800
00000000
00000000
00000000
00000000
000FF002
007FFE07
01FFFF87
03F00FC7
07C003E7
0F0000F7
1E000077
1C00003F
3C00001F
3800001F
7800000F
7000000F
7000000F
F0000007
F0000007
E0000007
E0000007
E0000007
E0000007
E0000007
E0000007
E0000007
E0000007
F0000007
70000007
7000000F
7000000F
7800001F
3800001F
3C00003F
1E00003F
0F000077
0F8001F7
07E003E7
03FC3F87
00FFFF07
003FFC07
00018000
ENDCHAR
STARTCHAR uni1EB3.ss01
ENCODING -1
SWIDTH 568 0
DWIDTH 43 0
BBX 32 61 4 -1
BITMAP
000FF800
000FFE00
000C1E00
00000700
00000700
00000700
00000E00
01001E20
03803C70
03807870
0180E060
018080E0
01C000E0
00E001C0
00F003C0
00780780
003FFF00
001FFE00
0003F800
00000000
00000000
00000000
00000000
000FF002
007FFE07
01FFFF87
03F00FC7
07C003E7
0F0000F7
1E000077
1C00003F
3C00001F
3800001F
7800000F
7000000F
7000000F
F0000007
F0000007
E0000007
E0000007
E0000007
E0000007
E0000007
E0000007
E0000007
E0000007
F0000007
70000007
7000000F
7000000F
7800001F
3800001F
3C00003F
1E00003F
0F000077
0F8001F7
07E003E7
03FC3F87
00FFFF07
003FFC07
00018000
ENDCHAR
STARTCHAR uni1EB5.ss01
ENCODING -1
SWIDTH 568 0
DWIDTH 43 0
BBX 32 61 4 -1
BITMAP
007E0070
00FF8070
01FFC060
01C1E0E0
0180FFE0
03803FC0
03001F00
00000000
00000000
00000000
00000000
03800070
01C000E0
01C000E0
00E001C0
00780780
003FFF00
001FFE00
0007F800
00000000
00000000
00000000
00000000
000FF002
007FFE07
01FFFF87
03F00FC7
07C003E7
0F0000F7
1E000077
1C00003F
3C00001F
3800001F
7800000F
7000000F
7000000F
F0000007
F0000007
E0000007
E0000007
E0000007
E0000007
E0000007
E0000007
E0000007
E0000007
F0000007
70000007
7000000F
7000000F
7800001F
3800001F
3C00003F
1E00003F
0F000077
0F8001F7
07E003E7
03FC3F87
00FFFF07
003FFC07
00018000
ENDCHAR
STARTCHAR uni01CE.ss01
ENCODING -1
SWIDTH 568 0
DWIDTH 43 0
BBX 32 58 4 -1
BITMAP
00800040
00C000C0
00E001C0
00E001C0
00700380
00380700
00380700
001C0E00
001C0E00
000E1C00
000F3C00
00073800
0007F800
0003F000
0003F000
0001E000
00008000
00000000
00000000
00000000
000FF002
007FFE07
01FFFF87
03F00FC7
07C003E7
0F0000F7
1E000077
1C00003F
3C00001F
3800001F
7800000F
7000000F
7000000F
F0000007
F0000007
E0000007
E0000007
E0000007
E0000007
E0000007
E0000007
E0000007
E0000007
F0000007
70000007
7000000F
7000000F
7800001F
3800001F
3C00003F
1E00003F
0F000077
0F8001F7
07E003E7
03FC3F87
00FFFF07
003FFC07
00018000
ENDCHAR
STARTCHAR acircumflex.ss01
ENCODING -1
SWIDTH 568 0
DWIDTH 43 0
BBX 32 58 4 -1
BITMAP
0000C000
0001E000
0003F000
0003F000
0007F800
00073800
000E1C00
000E1C00
001C0E00
003C0F00
00380700
00700380
00700380
00E001C0
00C000C0
00C000C0
00000000
00000000
00000000
00000000
000FF002
007FFE07
01FFFF87
03F00FC7
07C003E7
0F0000F7
1E000077
1C00003F
3C00001F
3800001F
7800000F
7000000F
7000000F
F0000007
F0000007
E0000007
E0000007
E0000007
E0000007
E0000007
E0000007
E0000007
E0000007
F0000007
70000007
7000000F
7000000F
7800001F
3800001F
3C00003F
1E00003F
0F000077
0F8001F7
07E003E7
03FC3F87
00FFFF07
003FFC07
00018000
ENDCHAR
STARTCHAR uni1EA5.ss01
ENCODING -1
SWIDTH 568 0
DWIDTH 43 0
BBX 33 62 4 -1
BITMAP
0000000300
0000000780
0000000780
0000000F00
0000000E00
0000001E00
0000003C00
0000C03800
0001E07000
0003F07000
0007F8E000
000738C000
000E1CC000
001E1E0000
001C0E0000
0038070000
0070038000
0060018000
00E001C000
00C000C000
0000000000
0000000000
0000000000
0000000000
000FF00200
007FFE0700
01FFFF8700
03F00FC700
07C003E700
0F0000F700
1E00007700
1C00003F00
3C00001F00
3800001F00
7800000F00
7000000F00
7000000F00
F000000700
F000000700
E000000700
E000000700
E000000700
E000000700
E000000700
E000000700
E000000700
E000000700
F000000700
7000000700
7000000F00
7000000F00
7800001F00
3800001F00
3C00003F00
1E00003F00
0F00007700
0F8001F700
07E003E700
03FC3F8700
00FFFF0700
003FFC0700
0001800000
ENDCHAR
STARTCHAR uni1EAD.ss01
ENCODING -1
SWIDTH 568 0
DWIDTH 43 0
BBX 32 70 4 -13
BITMAP
0000C000
0001E000
0003F000
0003F000
0007F800
00073800
000E1C00
000E1C00
001C0E00
003C0F00
00380700
00700380
00700380
00E001C0
00C000C0
00C000C0
00000000
00000000
00000000
00000000
000FF002
007FFE07
01FFFF87
03F00FC7
07C003E7
0F0000F7
1E000077
1C00003F
3C00001F
3800001F
7800000F
7000000F
7000000F
F0000007
F0000007
E0000007
E0000007
E0000007
E0000007
E0000007
E0000007
E0000007
E0000007
F0000007
70000007
7000000F
7000000F
7800001F
3800001F
3C00003F
1E00003F
0F000077
0F8001F7
07E003E7
03FC3F87
00FFFF07
003FFC07
00018000
00000000
00000000
00000000
00000000
00000000
00000000
00000000
0001E000
0003E000
0003F000
0001E000
0001E000
ENDCHAR
STARTCHAR uni1EA7.ss01
ENCODING -1
SWIDTH 568 0
DWIDTH 43 0
BBX 32 62 4 -1
BITMAP
00000800
00001C00
00001E00
00000F00
00000700
00000780
00000380
0000C1C0
0001E1E0
0003F0E0
0007F870
00073830
000E1C30
001E1E00
001C0E00
00380700
00700380
00600180
00E001C0
00C000C0
00000000
00000000
00000000
00000000
000FF002
007FFE07
01FFFF87
03F00FC7
07C003E7
0F0000F7
1E000077
1C00003F
3C00001F
3800001F
7800000F
7000000F
7000000F
F0000007
F0000007
E0000007
E0000007
E0000007
E0000007
E0000007
E0000007
E0000007
E0000007
F0000007
70000007
7000000F
7000000F
7800001F
3800001F
3C00003F
1E00003F
0F000077
0F8001F7
07E003E7
03FC3F87
00FFFF07
003FFC07
00018000
ENDCHAR
STARTCHAR uni1EA9.ss01
ENCODING -1
SWIDTH 568 0
DWIDTH 43 0
BBX 32 61 4 -1
BITMAP
000007FC
00000FFE
00000C1F
00000007
00000007
00000007
0000C00E
0001E00E
0003F01C
0007F878
000738E0
000E1C80
001E1E00
001C0E00
00380700
00700380
00600180
00E001C0
00C000C0
00000000
00000000
00000000
00000000
000FF002
007FFE07
01FFFF87
03F00FC7
07C003E7
0F0000F7
1E000077
1C00003F
3C00001F
3800001F
7800000F
7000000F
7000000F
F0000007
F0000007
E0000007
E0000007
E0000007
E0000007
E0000007
E0000007
E0000007
E0000007
F0000007
70000007
7000000F
7000000F
7800001F
3800001F
3C00003F
1E00003F
0F000077
0F8001F7
07E003E7
03FC3F87
00FFFF07
003FFC07
00018000
ENDCHAR
STARTCHAR uni1EAB.ss01
ENCODING -1
SWIDTH 568 0
DWIDTH 43 0
BBX 32 61 4 -1
BITMAP
007E0070
00FF8070
01FFC060
01C1E0E0
0180FFE0
03803FC0
03001F00
00000000
00004000
0001E000
0003F000
0007F800
000F3C00
001E1E00
001C0E00
00380700
00700380
00E001C0
00C000C0
00000000
00000000
00000000
00000000
000FF002
007FFE07
01FFFF87
03F00FC7
07C003E7
0F0000F7
1E000077
1C00003F
3C00001F
3800001F
7800000F
7000000F
7000000F
F0000007
F0000007
E0000007
E0000007
E0000007
E0000007
E0000007
E0000007
E0000007
E0000007
F0000007
70000007
7000000F
7000000F
7800001F
3800001F
3C00003F
1E00003F
0F000077
0F8001F7
07E003E7
03FC3F87
00FFFF07
003FFC07
00018000
ENDCHAR
STARTCHAR uni0201.ss01
ENCODING -1
SWIDTH 568 0
DWIDTH 43 0
BBX 32 58 4 -1
BITMAP
01818000
03C1C000
01C1C000
01C1E000
01E0E000
00E0E000
00E0E000
00707000
00707000
00703000
00303800
00383800
00181800
00181800
001C0C00
000C0C00
00000000
00000000
00000000
00000000
000FF002
007FFE07
01FFFF87
03F00FC7
07C003E7
0F0000F7
1E000077
1C00003F
3C00001F
3800001F
7800000F
7000000F
7000000F
F0000007
F0000007
E0000007
E0000007
E0000007
E0000007
E0000007
E0000007
E0000007
E0000007
F0000007
70000007
7000000F
7000000F
7800001F
3800001F
3C00003F
1E00003F
0F000077
0F8001F7
07E003E7
03FC3F87
00FFFF07
003FFC07
00018000
ENDCHAR
STARTCHAR adieresis.ss01
ENCODING -1
SWIDTH 568 0
DWIDTH 43 0
BBX 32 52 4 -1
BITMAP
00780780
00780780
00F807C0
00780780
00300300
00000000
00000000
00000000
00000000
00000000
00000000
00000000
00000000
00000000
000FF002
007FFE07
01FFFF87
03F00FC7
07C003E7
0F0000F7
1E000077
1C00003F
3C00001F
3800001F
7800000F
7000000F
7000000F
F0000007
F0000007
E0000007
E0000007
E0000007
E0000007
E0000007
E0000007
E0000007
E0000007
F0000007
70000007
7000000F
7000000F
7800001F
3800001F
3C00003F
1E00003F
0F000077
0F8001F7
07E003E7
03FC3F87
00FFFF07
003FFC07
00018000
ENDCHAR
STARTCHAR uni0227.ss01
ENCODING -1
SWIDTH 568 0
DWIDTH 43 0
BBX 32 52 4 -1
BITMAP
0001E000
0003F000
0003F000
0001E000
0000C000
00000000
00000000
00000000
00000000
00000000
00000000
00000000
00000000
00000000
000FF002
007FFE07
01FFFF87
03F00FC7
07C003E7
0F0000F7
1E000077
1C00003F
3C00001F
3800001F
7800000F
7000000F
7000000F
F0000007
F0000007
E0000007
E0000007
E0000007
E0000007
E0000007
E0000007
E0000007
E0000007
F0000007
70000007
7000000F
7000000F
7800001F
3800001F
3C00003F
1E00003F
0F000077
0F8001F7
07E003E7
03FC3F87
00FFFF07
003FFC07
00018000
ENDCHAR
STARTCHAR uni1EA1.ss01
ENCODING -1
SWIDTH 568 0
DWIDTH 43 0
BBX 32 50 4 -13
BITMAP
000FF002
007FFE07
01FFFF87
03F00FC7
07C003E7
0F0000F7
1E000077
1C00003F
3C00001F
3800001F
7800000F
7000000F
7000000F
F0000007
F0000007
E0000007
E0000007
E0000007
E0000007
E0000007
E0000007
E0000007
E0000007
F0000007
70000007
7000000F
7000000F
7800001F
3800001F
3C00003F
1E00003F
0F000077
0F8001F7
07E003E7
03FC3F87
00FFFF07
003FFC07
00018000
00000000
00000000
00000000
00000000
00000000
00000000
00000000
0001E000
0003E000
0003F000
0001E000
0001E000
ENDCHAR
STARTCHAR agrave.ss01
ENCODING -1
SWIDTH 568 0
DWIDTH 43 0
BBX 32 58 4 -1
BITMAP
00C00000
01E00000
00E00000
00F00000
00700000
00780000
00380000
001C0000
001E0000
000E0000
000F0000
00070000
00038000
00038000
0001C000
0001C000
00000000
00000000
00000000
00000000
000FF002
007FFE07
01FFFF87
03F00FC7
07C003E7
0F0000F7
1E000077
1C00003F
3C00001F
3800001F
7800000F
7000000F
7000000F
F0000007
F0000007
E0000007
E0000007
E0000007
E0000007
E0000007
E0000007
E0000007
E0000007
F0000007
70000007
7000000F
7000000F
7800001F
3800001F
3C00003F
1E00003F
0F000077
0F8001F7
07E003E7
03FC3F87
00FFFF07
003FFC07
00018000
ENDCHAR
STARTCHAR uni1EA3.ss01
ENCODING -1
SWIDTH 568 0
DWIDTH 43 0
BBX 32 58 4 -1
BITMAP
00004000
000FFC00
001FFE00
001C1E00
00000700
00000700
00000700
00000E00
00001E00
00003C00
00007800
0000F000
0000E000
0000E000
0000C000
0000C000
00000000
00000000
00000000
00000000
000FF002
007FFE07
01FFFF87
03F00FC7
07C003E7
0F0000F7
1E000077
1C00003F
3C00001F
3800001F
7800000F
7000000F
7000000F
F0000007
F0000007
E0000007
E0000007
E0000007
E0000007
E0000007
E0000007
E0000007
E0000007
F0000007
70000007
7000000F
7000000F
7800001F
3800001F
3C00003F
1E00003F
0F000077
0F8001F7
07E003E7
03FC3F87
00FFFF07
003FFC07
00018000
ENDCHAR
STARTCHAR uni0203.ss01
ENCODING -1
SWIDTH 568 0
DWIDTH 43 0
BBX 32 56 4 -1
BITMAP
0007F800
001FFE00
003E3F00
00780780
00700380
00E001C0
00C000C0
01C000E0
01C000E0
01800060
01800060
03800070
03800070
03800070
00000000
00000000
00000000
00000000
000FF002
007FFE07
01FFFF87
03F00FC7
07C003E7
0F0000F7
1E000077
1C00003F
3C00001F
3800001F
7800000F
7000000F
7000000F
F0000007
F0000007
E0000007
E0000007
E0000007
E0000007
E0000007
E0000007
E0000007
E0000007
F0000007
70000007
7000000F
7000000F
7800001F
3800001F
3C00003F
1E00003F
0F000077
0F8001F7
07E003E7
03FC3F87
00FFFF07
003FFC07
00018000
ENDCHAR
STARTCHAR amacron.ss01
ENCODING -1
SWIDTH 568 0
DWIDTH 43 0
BBX 32 51 4 -1
BITMAP
01FFFFE0
03FFFFF0
00FFFFC0
00000000
00000000
00000000
00000000
00000000
00000000
00000000
00000000
00000000
00000000
000FF002
007FFE07
01FFFF87
03F00FC7
07C003E7
0F0000F7
1E000077
1C00003F
3C00001F
3800001F
7800000F
7000000F
7000000F
F0000007
F0000007
E0000007
E0000007
E0000007
E0000007
E0000007
E0000007
E0000007
E0000007
F0000007
70000007
7000000F
7000000F
7800001F
3800001F
3C00003F
1E00003F
0F000077
0F8001F7
07E003E7
03FC3F87
00FFFF07
003FFC07
00018000
ENDCHAR
STARTCHAR aogonek.ss01
ENCODING -1
SWIDTH 568 0
DWIDTH 43 0
BBX 36 51 4 -14
BITMAP
000FF00200
007FFE0700
01FFFF8700
03F00FC700
07C003E700
0F0000F700
1E00007700
1C00003F00
3C00001F00
3800001F00
7800000F00
7000000F00
7000000F00
F000000700
F000000700
E000000700
E000000700
E000000700
E000000700
E000000700
E000000700
E000000700
E000000700
F000000700
7000000700
7000000F00
7000000F00
7800001F00
3800001F00
3C00003F00
1E00003F00
0F00007700
0F8001F700
07E003E700
03FC3F8700
00FFFF0700
003FFC0F00
0001801E00
0000003C00
0000007800
0000007000
000000E000
000000E000
000000E000
000000E000
000000E000
000000E000
000000F000
0000007EF0
0000003FF0
0000001FE0
ENDCHAR
STARTCHAR aring.ss01
ENCODING -1
SWIDTH 568 0
DWIDTH 43 0
BBX 32 59 4 -1
BITMAP
00008000
0007F800
001FFE00
003C0F00
00380700
00700380
00700380
00600180
00600180
00600180
00600180
00700380
00300300
003C0700
001FFE00
000FFC00
0003F000
00000000
00000000
00000000
00000000
000FF002
007FFE07
01FFFF87
03F00FC7
07C003E7
0F0000F7
1E000077
1C00003F
3C00001F
3800001F
7800000F
7000000F
7000000F
F0000007
F0000007
E0000007
E0000007
E0000007
E0000007
E0000007
E0000007
E0000007
E0000007
F0000007
70000007
7000000F
7000000F
7800001F
3800001F
3C00003F
1E00003F
0F000077
0F8001F7
07E003E7
03FC3F87
00FFFF07
003FFC07
00018000
ENDCHAR
STARTCHAR aringacute.ss01
ENCODING -1
SWIDTH 568 0
DWIDTH 43 0
BBX 32 63 4 -1
BITMAP
0000000C
0000001E
0000003C
00000078
000080F0
0007F9E0
001FFFC0
003C0F00
00380700
00700380
00700380
00600180
00600180
00600180
00600180
00700380
00300300
003C0700
001FFE00
000FFC00
0003F000
00000000
00000000
00000000
00000000
000FF002
007FFE07
01FFFF87
03F00FC7
07C003E7
0F0000F7
1E000077
1C00003F
3C00001F
3800001F
7800000F
7000000F
7000000F
F0000007
F0000007
E0000007
E0000007
E0000007
E0000007
E0000007
E0000007
E0000007
E0000007
F0000007
70000007
7000000F
7000000F
7800001F
3800001F
3C00003F
1E00003F
0F000077
0F8001F7
07E003E7
03FC3F87
00FFFF07
003FFC07
00018000
ENDCHAR
STARTCHAR atilde.ss01
ENCODING -1
SWIDTH 568 0
DWIDTH 43 0
BBX 32 55 4 -1
BITMAP
003C0018
00FE0018
01FF8018
03C3C038
0701E038
0700F070
07007DF0
06003FE0
06000F80
04000000
00000000
00000000
00000000
00000000
00000000
00000000
00000000
000FF002
007FFE07
01FFFF87
03F00FC7
07C003E7
0F0000F7
1E000077
1C00003F
3C00001F
3800001F
7800000F
7000000F
7000000F
F0000007
F0000007
E0000007
E0000007
E0000007
E0000007
E0000007
E0000007
E0000007
E0000007
F0000007
70000007
7000000F
7000000F
7800001F
3800001F
3C00003F
1E00003F
0F000077
0F8001F7
07E003E7
03FC3F87
00FFFF07
003FFC07
00018000
ENDCHAR
STARTCHAR l.ss02
ENCODING -1
SWIDTH 212 0
DWIDTH 16 0
BBX 4 53 6 0
BITMAP
60
F0
F0
F0
F0
F0
F0
F0
F0
F0
F0
F0
F0
F0
F0
F0
F0
F0
F0
F0
F0
F0
F0
F0
F0
F0
F0
F0
F0
F0
F0
F0
F0
F0
F0
F0
F0
F0
F0
F0
F0
F0
F0
F0
F0
F0
F0
F0
F0
F0
F0
F0
E0
ENDCHAR
STARTCHAR lacute.ss02
ENCODING -1
SWIDTH 212 0
DWIDTH 16 0
BBX 12 71 6 0
BITMAP
0020
0070
00F0
00F0
01E0
03C0
0780
0700
0E00
1E00
1C00
3800
7000
6000
0000
0000
0000
0000
6000
F000
F000
F000
F000
F000
F000
F000
F000
F000
F000
F000
F000
F000
F000
F000
F000
F000
F000
F000
F000
F000
F000
F000
F000
F000
F000
F000
F000
F000
F000
F000
F000
F000
F000
F000
F000
F000
F000
F000
F000
F000
F000
F000
F000
F000
F000
F000
F000
F000
F000
F000
E000
ENDCHAR
STARTCHAR lcaron.ss02
ENCODING -1
SWIDTH 212 0
DWIDTH 16 0
BBX 11 53 6 0
BITMAP
61E0
F1E0
F1E0
F1E0
F1C0
F1C0
F1C0
F1C0
F1C0
F1C0
F1C0
F1C0
F1C0
F180
F000
F000
F000
F000
F000
F000
F000
F000
F000
F000
F000
F000
F000
F000
F000
F000
F000
F000
F000
F000
F000
F000
F000
F000
F000
F000
F000
F000
F000
F000
F000
F000
F000
F000
F000
F000
F000
F000
E000
ENDCHAR
STARTCHAR uni013C.ss02
ENCODING -1
SWIDTH 212 0
DWIDTH 16 0
BBX 6 72 5 -19
BITMAP
30
78
78
78
78
78
78
78
78
78
78
78
78
78
78
78
78
78
78
78
78
78
78
78
78
78
78
78
78
78
78
78
78
78
78
78
78
78
78
78
78
78
78
78
78
78
78
78
78
78
78
78
70
00
00
00
00
00
00
30
78
FC
FC
7C
7C
18
18
38
38
70
70
60
ENDCHAR
STARTCHAR ldot.ss02
ENCODING -1
SWIDTH 216 0
DWIDTH 16 0
BBX 13 53 6 0
BITMAP
6000
F000
F000
F000
F000
F000
F000
F000
F000
F000
F000
F000
F000
F000
F000
F000
F000
F000
F000
F000
F000
F000
F000
F000
F0F0
F1F8
F1F8
F1F8
F0F0
F000
F000
F000
F000
F000
F000
F000
F000
F000
F000
F000
F000
F000
F000
F000
F000
F000
F000
F000
F000
F000
F000
F000
E000
ENDCHAR
STARTCHAR uni1E37.ss02
ENCODING -1
SWIDTH 212 0
DWIDTH 16 0
BBX 6 66 5 -13
BITMAP
30
78
78
78
78
78
78
78
78
78
78
78
78
78
78
78
78
78
78
78
78
78
78
78
78
78
78
78
78
78
78
78
78
78
78
78
78
78
78
78
78
78
78
78
78
78
78
78
78
78
78
78
70
00
00
00
00
00
00
00
00
78
F8
FC
F8
78
ENDCHAR
STARTCHAR uni01C9.ss02
ENCODING -1
SWIDTH 427 0
DWIDTH 32 0
BBX 21 67 6 -14
BITMAP
600000
F00000
F000F0
F001F8
F001F8
F000F0
F00060
F00000
F00000
F00000
F00000
F00000
F00000
F00000
F00000
F00000
F00060
F00070
F000F0
F000F0
F000F0
F000F0
F000F0
F000F0
F000F0
F000F0
F000F0
F000F0
F000F0
F000F0
F000F0
F000F0
F000F0
F000F0
F000F0
F000F0
F000F0
F000F0
F000F0
F000F0
F000F0
F000F0
F000F0
F000F0
F000F0
F000F0
F000F0
F000F0
F000F0
F000F0
F000F0
F000F0
E000F0
0000F0
0000F0
0000F0
0000F0
0000E0
0000E0
0000E0
0001E0
0001C0
0003C0
000F80
00FF00
07FE00
03F800
ENDCHAR
STARTCHAR uni1E3B.ss02
ENCODING -1
SWIDTH 212 0
DWIDTH 16 0
BBX 21 64 -3 -11
BITMAP
003000
007800
007800
007800
007800
007800
007800
007800
007800
007800
007800
007800
007800
007800
007800
007800
007800
007800
007800
007800
007800
007800
007800
007800
007800
007800
007800
007800
007800
007800
007800
007800
007800
007800
007800
007800
007800
007800
007800
007800
007800
007800
007800
007800
007800
007800
007800
007800
007800
007800
007800
007800
007000
000000
000000
000000
000000
000000
000000
000000
000000
7FFFF8
FFFFF8
7FFFF8
ENDCHAR
STARTCHAR lslash.ss02
ENCODING -1
SWIDTH 252 0
DWIDTH 19 0
BBX 19 53 0 0
BITMAP
00E000
00E000
00E000
00E000
00E000
00E000
00E000
00E000
00E000
00E000
00E000
00E000
00E000
00E000
00E000
00E000
00E000
00E000
00E000
00E000
00E0C0
00E1E0
00E7C0
00FF80
00FE00
00FC00
03F000
0FE000
1FE000
7EE000
F8E000
60E000
00E000
00E000
00E000
00E000
00E000
00E000
00E000
00E000
00E000
00E000
00E000
00E000
00E000
00E000
00E000
00E000
00E000
00E000
00E000
00E000
00E000
ENDCHAR
STARTCHAR i_j.loclNLD
ENCODING -1
SWIDTH 427 0
DWIDTH 32 0
BBX 22 65 5 -14
BITMAP
780078
FC00FC
FC00FC
780078
300030
000000
000000
000000
000000
000000
000000
000000
000000
000000
200030
700038
780078
780078
780078
780078
780078
780078
780078
780078
780078
780078
780078
780078
780078
780078
780078
780078
780078
780078
780078
780078
780078
780078
780078
780078
780078
780078
780078
780078
780078
780078
780078
780078
780078
780078
300078
000078
000078
000078
000078
000070
000070
000070
0000F0
0000E0
0001E0
0007C0
007F80
03FF00
01FC00
ENDCHAR
STARTCHAR fl.ss02
ENCODING -1
SWIDTH 518 0
DWIDTH 39 0
BBX 32 53 0 0
BITMAP
00007F07
0003FF07
0007FE07
000F8007
001E0007
003C0007
00780007
00700007
00700007
00F00007
00E00007
00E00007
00E00007
00E00007
00E00007
00E00007
00E00007
FFFFFC07
FFFFFC07
00E00007
00E00007
00E00007
00E00007
00E00007
00E00007
00E00007
00E00007
00E00007
00E00007
00E00007
00E00007
00E00007
00E00007
00E00007
00E00007
00E00007
00E00007
00E00007
00E00007
00E00007
00E00007
00E00007
00E00007
00E00007
00E00007
00E00007
00E00007
00E00007
00E00007
00E00007
00E00007
00E00007
00E00007
ENDCHAR
STARTCHAR uni0492.loclBSH
ENCODING -1
SWIDTH 536 0
DWIDTH 40 0
BBX 32 53 7 0
BITMAP
7FFFFFFE
FFFFFFFF
FFFFFFFE
E0000000
E0000000
E0000000
E0000000
E0000000
E0000000
E0000000
E0000000
E0000000
E0000000
E0000000
E0000000
E0000000
E0000000
E0000000
E0000000
E0000000
E0000000
E0000000
E0000000
E0000000
E0000000
FFFFFFFC
FFFFFFFC
FFFFFFF8
E0000000
E0000000
E0000000
E0000000
E0000000
E0000000
E0000000
E0000000
E0000000
E0000000
E0000000
E0000000
E0000000
E0000000
E0000000
E0000000
E0000000
E0000000
E0000000
E0000000
E0000000
E0000000
E0000000
E0000000
E0000000
ENDCHAR
STARTCHAR uni0406.loclBSH
ENCODING -1
SWIDTH 234 0
DWIDTH 18 0
BBX 5 66 6 0
BITMAP
78
F8
F8
F8
70
00
00
00
00
00
00
00
00
70
70
70
70
70
70
70
70
70
70
70
70
70
70
70
70
70
70
70
70
70
70
70
70
70
70
70
70
70
70
70
70
70
70
70
70
70
70
70
70
70
70
70
70
70
70
70
70
70
70
70
70
70
ENDCHAR
STARTCHAR uni0498.loclBSH
ENCODING -1
SWIDTH 645 0
DWIDTH 48 0
BBX 39 65 4 -12
BITMAP
000FFFF000
007FFFFC00
01FFFFFF00
07F8001F80
1FC00007C0
3F000001E0
7C000000F0
7000000070
2000000078
0000000038
0000000038
000000003C
000000003C
000000001C
000000001C
000000003C
000000003C
0000000038
0000000038
0000000078
00000000F0
00000000F0
00000003E0
0000000FC0
0000007F00
007FFFFC00
00FFFFFE00
007FFFFF80
0000000FE0
00000001F0
00000000F8
0000000078
000000003C
000000001C
000000001E
000000001E
000000000E
000000000E
000000000E
000000000E
000000000E
000000000E
000000001E
000000001C
C00000001C
E00000003C
F800000078
7C000000F0
3F800003F0
1FE0000FE0
07FFEFFF80
01FFFFFF00
001FFFF800
00001C0000
00001C0000
00001C0000
00001C0000
00001C0000
00001C0000
00001C0000
00001C0000
00001C0000
00001C0000
00001C0000
0000080000
ENDCHAR
STARTCHAR uni04AA.loclBSH
ENCODING -1
SWIDTH 667 0
DWIDTH 50 0
BBX 41 65 5 -12
BITMAP
0000FFFE0000
0007FFFFC000
001FFFFFF000
003F8003FC00
007C00007E00
01F000001F00
03E000000780
03C000000380
078000000180
0F0000000000
0E0000000000
1E0000000000
1C0000000000
3C0000000000
380000000000
780000000000
780000000000
700000000000
700000000000
700000000000
F00000000000
F00000000000
F00000000000
F00000000000
E00000000000
E00000000000
E00000000000
E00000000000
E00000000000
E00000000000
F00000000000
F00000000000
F00000000000
700000000000
700000000000
700000000000
780000000000
780000000000
380000000000
3C0000000000
1C0000000000
1E0000000000
0E0000000000
0F0000000000
078000000100
03C000000380
03E000000780
01F000001F00
00FC00007E00
003F0001FC00
001FFEFFF000
0007FFFFC000
0000FFFF0000
000003800000
000003800000
000003800000
000003800000
000003800000
000003800000
000003800000
000003800000
000003800000
000003800000
000003800000
000001000000
ENDCHAR
STARTCHAR uni0498.loclCHU
ENCODING -1
SWIDTH 645 0
DWIDTH 48 0
BBX 39 67 4 -14
BITMAP
000FFFF000
007FFFFC00
01FFFFFF00
07F8001F80
1FC00007C0
3F000001E0
7C000000F0
7000000070
2000000078
0000000038
0000000038
000000003C
000000003C
000000001C
000000001C
000000003C
000000003C
0000000038
0000000038
0000000078
00000000F0
00000000F0
00000003E0
0000000FC0
0000007F00
007FFFFC00
00FFFFFE00
007FFFFF80
0000000FE0
00000001F0
00000000F8
0000000078
000000003C
000000001C
000000001E
000000001E
000000000E
000000000E
000000000E
000000000E
000000000E
000000000E
000000001E
000000001C
C00000001C
E00000003C
F800000078
7C000000F0
3F800003F0
1FE0000FE0
07FFEFFF80
01FFFFFF00
001FFFF800
0000380000
0000380000
0000380000
00003A0000
00003FC000
00003FE000
0000207000
0000007000
0000007000
0000007000
000000F000
0003F7E000
0001FFC000
0000FF8000
ENDCHAR
STARTCHAR uni04AA.loclCHU
ENCODING -1
SWIDTH 667 0
DWIDTH 50 0
BBX 41 67 5 -14
BITMAP
0000FFFE0000
0007FFFFC000
001FFFFFF000
003F8003FC00
007C00007E00
01F000001F00
03E000000780
03C000000380
078000000180
0F0000000000
0E0000000000
1E0000000000
1C0000000000
3C0000000000
380000000000
780000000000
780000000000
700000000000
700000000000
700000000000
F00000000000
F00000000000
F00000000000
F00000000000
E00000000000
E00000000000
E00000000000
E00000000000
E00000000000
E00000000000
F00000000000
F00000000000
F00000000000
700000000000
700000000000
700000000000
780000000000
780000000000
380000000000
3C0000000000
1C0000000000
1E0000000000
0E0000000000
0F0000000000
078000000100
03C000000380
03E000000780
01F000001F00
00FC00007E00
003F0001FC00
001FFEFFF000
0007FFFFC000
0000FFFF0000
000007800000
000007000000
000007000000
000007600000
000007F80000
000007FE0000
0000040E0000
0000000E0000
000000070000
0000000E0000
0000001E0000
00003EFC0000
00003FF80000
00001FF00000
ENDCHAR
STARTCHAR uni0493.loclBSH
ENCODING -1
SWIDTH 415 0
DWIDTH 31 0
BBX 24 36 7 0
BITMAP
FFFFFF
FFFFFF
E00000
E00000
E00000
E00000
E00000
E00000
E00000
E00000
E00000
E00000
E00000
E00000
E00000
E00000
E00000
FFFF80
FFFF80
FFFF80
E00000
E00000
E00000
E00000
E00000
E00000
E00000
E00000
E00000
E00000
E00000
E00000
E00000
E00000
E00000
E00000
ENDCHAR
STARTCHAR uni0456.loclBSH
ENCODING -1
SWIDTH 218 0
DWIDTH 16 0
BBX 3 37 7 0
BITMAP
40
E0
E0
E0
E0
E0
E0
E0
E0
E0
E0
E0
E0
E0
E0
E0
E0
E0
E0
E0
E0
E0
E0
E0
E0
E0
E0
E0
E0
E0
E0
E0
E0
E0
E0
E0
E0
ENDCHAR
STARTCHAR uni0499.loclBSH
ENCODING -1
SWIDTH 477 0
DWIDTH 36 0
BBX 29 48 3 -11
BITMAP
003FE000
03FFFC00
0FFFFF00
3FC01F80
7E0007C0
F80001E0
600001E0
000000E0
000000E0
000000F0
000000F0
000000F0
000000E0
000000E0
000001E0
000003C0
00000F80
007FFF00
007FFC00
007FFF00
000007C0
000001E0
000000F0
00000070
00000070
00000078
00000078
00000078
00000078
00000078
40000070
E00000F0
F80001E0
7E0007C0
3FF0FFC0
0FFFFF00
01FFFC00
00070000
00070000
00070000
00070000
00070000
00070000
00070000
00070000
00070000
00070000
00020000
ENDCHAR
STARTCHAR uni04AB.loclBSH
ENCODING -1
SWIDTH 458 0
DWIDTH 34 0
BBX 28 48 4 -11
BITMAP
0007F000
003FFF00
00FFFF80
03F80FE0
07C001F0
0F8000F0
1E000030
1E000000
3C000000
38000000
78000000
70000000
70000000
70000000
F0000000
F0000000
E0000000
E0000000
E0000000
E0000000
E0000000
F0000000
F0000000
70000000
70000000
70000000
78000000
38000000
3C000000
1C000000
1E000000
0F000070
078000F0
03E003F0
01FE1FC0
00FFFF80
003FFE00
0003E000
0001C000
0001C000
0001C000
0001C000
0001C000
0001C000
0001C000
0001C000
0001C000
00008000
ENDCHAR
STARTCHAR uni0499.loclCHU
ENCODING -1
SWIDTH 477 0
DWIDTH 36 0
BBX 29 51 3 -14
BITMAP
003FE000
03FFFC00
0FFFFF00
3FC01F80
7E0007C0
F80001E0
600001E0
000000E0
000000E0
000000F0
000000F0
000000F0
000000E0
000000E0
000001E0
000003C0
00000F80
007FFF00
007FFC00
007FFF00
000007C0
000001E0
000000F0
00000070
00000070
00000078
00000078
00000078
00000078
00000078
40000070
E00000F0
F80001E0
7E0007C0
3FF0FFC0
0FFFFF00
01FFFC00
00070000
00070000
00070000
0006C000
000FF800
000FFC00
00041E00
00000E00
00000E00
00000E00
00001E00
007EFC00
007FF800
001FE000
ENDCHAR
STARTCHAR uni04AB.loclCHU
ENCODING -1
SWIDTH 461 0
DWIDTH 35 0
BBX 28 51 4 -14
BITMAP
0007F000
003FFF00
00FFFF80
03F80FE0
07C001F0
0F8000F0
1E000030
1E000000
3C000000
38000000
78000000
70000000
70000000
70000000
F0000000
F0000000
E0000000
E0000000
E0000000
E0000000
E0000000
F0000000
F0000000
70000000
70000000
70000000
78000000
38000000
3C000000
1C000000
1E000000
0F000070
078000F0
03E003F0
01FE1FC0
00FFFF80
003FFE00
0003E000
0001C000
00018000
0003B000
0003FE00
0003FF00
00010780
00000380
00000380
00000380
00000780
001FBF00
001FFE00
0007F800
ENDCHAR
STARTCHAR one.ss01
ENCODING -1
SWIDTH 600 0
DWIDTH 45 0
BBX 16 53 13 0
BITMAP
000E
001F
007F
00FF
01FF
07CF
0F8F
3F0F
7C0F
F80F
E00F
400F
000F
000F
000F
000F
000F
000F
000F
000F
000F
000F
000F
000F
000F
000F
000F
000F
000F
000F
000F
000F
000F
000F
000F
000F
000F
000F
000F
000F
000F
000F
000F
000F
000F
000F
000F
000F
000F
000F
000F
000F
0007
ENDCHAR
STARTCHAR zero.tosf
ENCODING -1
SWIDTH 600 0
DWIDTH 45 0
BBX 35 38 5 -1
BITMAP
0007FC0000
003FFF8000
00FFFFE000
01FC07F000
03E000F800
0780003C00
0F00001E00
1E00000F00
3C00000780
3C00000780
78000003C0
70000001C0
70000001C0
F0000001E0
F0000001E0
E0000000E0
E0000000E0
E0000000E0
E0000000E0
E0000000E0
E0000000E0
E0000000E0
E0000000E0
F0000001E0
70000001C0
70000001C0
78000003C0
3800000380
3C00000780
1C00000700
1E00000F00
0F00001E00
07C0007C00
03F001F800
01FE1FF000
007FFFC000
001FFF0000
0000F00000
ENDCHAR
STARTCHAR one.tosf
ENCODING -1
SWIDTH 600 0
DWIDTH 45 0
BBX 28 37 10 0
BITMAP
00030000
000F0000
001F0000
007F0000
00FF0000
01E70000
07C70000
0F870000
3E070000
3C070000
30070000
00070000
00070000
00070000
00070000
00070000
00070000
00070000
00070000
00070000
00070000
00070000
00070000
00070000
00070000
00070000
00070000
00070000
00070000
00070000
00070000
00070000
00070000
00070000
7FFFFFE0
FFFFFFF0
7FFFFFF0
ENDCHAR
STARTCHAR two.tosf
ENCODING -1
SWIDTH 600 0
DWIDTH 45 0
BBX 31 37 7 0
BITMAP
001FF000
01FFFE00
0FFFFF80
3FE00FC0
7E0003E0
F80000F0
E0000070
00000078
00000038
00000038
00000038
00000038
00000038
00000038
00000038
00000078
00000070
000000F0
000000E0
000001E0
000003C0
00000780
00000F00
00001E00
00003C00
00007800
0001F000
0003C000
000F8000
001E0000
007C0000
01F00000
07E00000
0F800000
3FFFFFFC
7FFFFFFE
3FFFFFFE
ENDCHAR
STARTCHAR three.tosf
ENCODING -1
SWIDTH 600 0
DWIDTH 45 0
BBX 34 51 5 -14
BITMAP
0007FC0000
007FFF8000
03FFFFE000
0FF807F000
1F8000F800
3E00003C00
3800001E00
0000000E00
0000000F00
0000000700
0000000700
0000000700
0000000700
0000000700
0000000700
0000000700
0000000F00
0000000E00
0000000E00
0000001C00
0000003C00
0000007800
000001F000
00000FE000
007FFF8000
007FFFC000
003FFFF000
000001F800
0000003E00
0000001E00
0000000F00
0000000780
0000000380
0000000380
00000003C0
00000003C0
00000001C0
00000001C0
00000003C0
00000003C0
0000000380
0000000380
0000000780
6000000700
F800000F00
7C00001E00
3F80007C00
0FF001F800
03FFFFF000
00FFFFC000
000FFE0000
ENDCHAR
STARTCHAR four.tosf
ENCODING -1
SWIDTH 600 0
DWIDTH 45 0
BBX 36 51 5 -14
BITMAP
0000006000
000000F000
000000F000
000001F000
000003F000
000007F000
0000077000
00000F7000
00001E7000
00003C7000
0000387000
0000787000
0000F07000
0001E07000
0001C07000
0003C07000
0007807000
000F007000
000E007000
001E007000
003C007000
0078007000
0070007000
00F0007000
01E0007000
01C0007000
0380007000
0780007000
0F00007000
0E00007000
1C00007000
3C00007000
7800007000
7000007000
FFFFFFFFE0
FFFFFFFFF0
FFFFFFFFF0
0000007000
0000007000
0000007000
0000007000
0000007000
0000007000
0000007000
0000007000
0000007000
0000007000
0000007000
0000007000
0000007000
0000007000
ENDCHAR
STARTCHAR five.tosf
ENCODING -1
SWIDTH 600 0
DWIDTH 45 0
BBX 34 50 6 -14
BITMAP
1FFFFFFF00
1FFFFFFF00
1C00000000
1C00000000
1C00000000
1C00000000
1C00000000
1C00000000
1C00000000
1C00000000
1C00000000
1C00000000
1C00000000
1C00000000
1C00000000
1C00000000
1C00000000
1C00000000
1C00000000
1C07FE0000
1C3FFFC000
1C7FFFF000
1DF801F800
1FE0007C00
1F80003E00
1F00001E00
1E00000F00
1C00000700
1C00000780
0000000380
0000000380
00000003C0
00000003C0
00000003C0
00000001C0
00000003C0
00000003C0
00000003C0
0000000380
0000000380
0000000780
0000000700
6000000F00
F800001E00
7C00003C00
3F80007C00
0FF003F000
03FFFFE000
00FFFF8000
000FFC0000
ENDCHAR
STARTCHAR six.tosf
ENCODING -1
SWIDTH 600 0
DWIDTH 45 0
BBX 34 54 6 -1
BITMAP
0007FFC000
001FFFF000
007FEFFC00
00FC007E00
01F0001F80
03C00007C0
07800003C0
07000001C0
0E00000000
1E00000000
1C00000000
3C00000000
3800000000
3800000000
7000000000
7000000000
7000000000
7000000000
F000000000
E000000000
E000000000
E007FF0000
E01FFFC000
E07FFFF000
E0F801F800
E1E0007C00
E3C0003E00
E700001F00
EF00000F00
EE00000780
FC00000380
FC000003C0
F8000003C0
F8000001C0
F8000001C0
F8000001C0
F8000001C0
78000001C0
78000001C0
78000001C0
78000001C0
38000001C0
3C000003C0
3C00000380
1E00000780
0E00000700
0F00000F00
0780001E00
03C0007C00
01F000F800
00FF1FF000
007FFFE000
000FFF0000
0000700000
ENDCHAR
STARTCHAR seven.tosf
ENCODING -1
SWIDTH 600 0
DWIDTH 45 0
BBX 32 50 6 -14
BITMAP
FFFFFFFF
FFFFFFFF
00000007
0000000F
0000000E
0000001C
0000001C
00000038
00000038
00000070
000000F0
000000E0
000001E0
000001C0
000003C0
00000380
00000780
00000700
00000F00
00000E00
00001E00
00001C00
00003C00
00003800
00007800
00007000
0000F000
0000E000
0001E000
0001C000
0003C000
00038000
00070000
00070000
000E0000
001E0000
001C0000
003C0000
00380000
00780000
00700000
00F00000
00E00000
01E00000
01C00000
03C00000
03800000
07800000
07000000
02000000
ENDCHAR
STARTCHAR eight.tosf
ENCODING -1
SWIDTH 600 0
DWIDTH 45 0
BBX 37 54 4 -1
BITMAP
001FFFC000
007FFFF000
01FFFFFC00
03F0007E00
07C0001F00
0F00000780
1E000003C0
1E000003C0
3C000001E0
3C000001E0
38000000E0
38000000E0
38000000E0
38000000E0
38000000E0
38000000E0
38000000E0
38000001E0
1C000001C0
1C000003C0
0E00000380
0F00000780
07C0001F00
03E0007E00
01FE07F800
007FFFF000
007FFFF000
01FFFFFC00
07F0007F00
0F80000F80
1E000003C0
1C000001C0
3C000001E0
38000000E0
7000000070
7000000070
7000000070
7000000070
F000000070
F000000078
7000000070
7000000070
7000000070
7000000070
78000000F0
38000000E0
3C000001E0
1E000003C0
0F80000F80
07E0003F00
03FF8FFE00
00FFFFF800
003FFFE000
0001700000
ENDCHAR
STARTCHAR nine.tosf
ENCODING -1
SWIDTH 600 0
DWIDTH 45 0
BBX 34 51 5 -14
BITMAP
000FF00000
007FFE0000
01FFFF8000
03F00FE000
0FC003F000
1F0000F800
1E00007800
3C00003C00
7800001E00
7800000E00
7000000F00
F000000F00
E000000780
E000000780
E000000780
E000000780
E0000007C0
E0000007C0
E0000007C0
E0000007C0
E0000007C0
F000000FC0
7000000FC0
7800000DC0
7800001DC0
3C000039C0
1E000079C0
1F0000F1C0
0FC001E1C0
07F00FC1C0
01FFFF81C0
007FFE01C0
000FF001C0
0000000380
0000000380
0000000380
0000000380
0000000700
0000000700
0000000F00
0000000E00
0000001E00
0000003C00
C000003800
F000007800
F80001F000
7E0003E000
1FC01FC000
0FFFFF0000
03FFFC0000
003FE00000
ENDCHAR
STARTCHAR one.tosf.ss01
ENCODING -1
SWIDTH 600 0
DWIDTH 45 0
BBX 15 37 11 0
BITMAP
0006
001E
003E
00FE
01FE
03EE
0F8E
1F0E
7C0E
F80E
E00E
C00E
000E
000E
000E
000E
000E
000E
000E
000E
000E
000E
000E
000E
000E
000E
000E
000E
000E
000E
000E
000E
000E
000E
000E
000E
000E
ENDCHAR
STARTCHAR zero.dnom
ENCODING -1
SWIDTH 380 0
DWIDTH 29 0
BBX 22 32 3 0
BITMAP
00FE00
03FF80
07FFC0
0F03E0
1E00F0
3C0070
380078
780038
700038
70003C
70001C
F0001C
F0001C
E0001C
E0001C
E0001C
E0001C
E0001C
E0001C
F0001C
F0001C
70001C
70001C
700038
780038
380038
3C0070
1C00F0
1F01E0
0FEFC0
07FF80
01FE00
ENDCHAR
STARTCHAR one.dnom
ENCODING -1
SWIDTH 380 0
DWIDTH 29 0
BBX 17 32 7 0
BITMAP
00C000
03C000
07C000
1FC000
3EC000
78C000
F0C000
40C000
00C000
00C000
00C000
00C000
00C000
00C000
00C000
00C000
00C000
00C000
00C000
00C000
00C000
00C000
00C000
00C000
00C000
00C000
00C000
00C000
00C000
7FFF00
7FFF80
7FFF00
ENDCHAR
STARTCHAR two.dnom
ENCODING -1
SWIDTH 380 0
DWIDTH 29 0
BBX 22 32 3 0
BITMAP
01FE00
0FFF80
3FFFC0
7E03E0
F800E0
6000F0
000070
000070
000070
000070
000070
0000F0
0000E0
0000E0
0001C0
0003C0
000780
000700
000E00
001E00
003C00
007800
00F000
01E000
03C000
078000
0F0000
0E0000
1C0000
3FFFF8
7FFFFC
3FFFFC
ENDCHAR
STARTCHAR three.dnom
ENCODING -1
SWIDTH 380 0
DWIDTH 29 0
BBX 21 32 3 0
BITMAP
01FE00
0FFF80
3FFFC0
7E03E0
F800E0
6000F0
000070
000070
000070
000070
000070
0000F0
0000E0
0003C0
003F80
0FFF00
07FF80
000FE0
0001F0
000070
000078
000038
000038
000038
000038
000038
600078
F000F0
7C01F0
3FFFE0
0FFF80
03FE00
ENDCHAR
STARTCHAR four.dnom
ENCODING -1
SWIDTH 380 0
DWIDTH 29 0
BBX 23 32 3 0
BITMAP
0000C0
0001C0
0003C0
0007C0
0007C0
000FC0
001FC0
001DC0
0039C0
0071C0
0071C0
00E1C0
01C1C0
01C1C0
0381C0
0701C0
0701C0
0E01C0
1C01C0
1C01C0
3801C0
7001C0
7FFFFE
FFFFFE
7FFFFE
0001C0
0001C0
0001C0
0001C0
0001C0
0001C0
0001C0
ENDCHAR
STARTCHAR five.dnom
ENCODING -1
SWIDTH 380 0
DWIDTH 29 0
BBX 21 32 4 0
BITMAP
3FFFE0
7FFFF0
7FFFF0
700000
700000
700000
700000
700000
700000
700000
700000
700000
707E00
73FF80
77FFC0
7F01E0
7C00F0
380070
300038
000038
000038
000038
000038
000038
000038
000038
600078
F000F0
7C01E0
3FFFE0
0FFF80
03FE00
ENDCHAR
STARTCHAR six.dnom
ENCODING -1
SWIDTH 380 0
DWIDTH 29 0
BBX 22 32 3 0
BITMAP
007F80
01FFE0
03FFF8
07807C
0F001C
1E000C
3C0000
380000
380000
780000
700000
700000
703F00
71FFC0
73FFE0
F781F0
FE0078
FC0038
F8001C
78001C
78001C
78001C
78001C
78001C
38001C
38001C
3C0038
1E0078
0F00F0
07FFE0
03FFC0
00FF00
ENDCHAR
STARTCHAR seven.dnom
ENCODING -1
SWIDTH 380 0
DWIDTH 29 0
BBX 21 32 4 0
BITMAP
7FFFF0
FFFFF8
FFFFF0
000070
0000F0
0000E0
0001E0
0001C0
0003C0
000380
000780
000700
000F00
000E00
001E00
001C00
003C00
003800
007800
007000
00F000
00E000
01E000
01C000
03C000
038000
078000
070000
0F0000
0E0000
1E0000
1C0000
ENDCHAR
STARTCHAR eight.dnom
ENCODING -1
SWIDTH 380 0
DWIDTH 29 0
BBX 23 32 3 0
BITMAP
01FE00
07FFC0
1FFFE0
3E01F0
3C0078
780038
70003C
70001C
70001C
70001C
70003C
780038
380078
1E00F0
0FEFE0
07FF80
0FFFC0
1F83F0
3C0078
780038
70001C
E0001C
E0001C
E0001E
E0001C
E0001C
F0001C
78003C
3C00F8
3FEFF0
0FFFE0
03FF00
ENDCHAR
STARTCHAR nine.dnom
ENCODING -1
SWIDTH 380 0
DWIDTH 29 0
BBX 22 32 3 0
BITMAP
01FC00
07FF00
1FFFC0
3E03E0
3800E0
7000F0
700070
F00078
E00038
E00038
E0003C
E0003C
E0007C
70007C
70007C
7800FC
3E03DC
1FFF9C
0FFF1C
03FC1C
00001C
000038
000038
000038
000078
000070
4000F0
E001E0
F803C0
7FBF80
1FFF00
07FC00
ENDCHAR
STARTCHAR zero.numr
ENCODING -1
SWIDTH 380 0
DWIDTH 29 0
BBX 22 32 3 21
BITMAP
00FE00
03FF80
07FFC0
0F03E0
1E00F0
3C0070
380078
780038
700038
70003C
70001C
F0001C
F0001C
E0001C
E0001C
E0001C
E0001C
E0001C
E0001C
F0001C
F0001C
70001C
70001C
700038
780038
380038
3C0070
1C00F0
1F01E0
0FEFC0
07FF80
01FE00
ENDCHAR
STARTCHAR one.numr
ENCODING -1
SWIDTH 380 0
DWIDTH 29 0
BBX 17 32 7 21
BITMAP
00C000
03C000
07C000
1FC000
3EC000
78C000
F0C000
40C000
00C000
00C000
00C000
00C000
00C000
00C000
00C000
00C000
00C000
00C000
00C000
00C000
00C000
00C000
00C000
00C000
00C000
00C000
00C000
00C000
00C000
7FFF00
7FFF80
7FFF00
ENDCHAR
STARTCHAR two.numr
ENCODING -1
SWIDTH 380 0
DWIDTH 29 0
BBX 22 32 3 21
BITMAP
01FE00
0FFF80
3FFFC0
7E03E0
F800E0
6000F0
000070
000070
000070
000070
000070
0000F0
0000E0
0000E0
0001C0
0003C0
000780
000700
000E00
001E00
003C00
007800
00F000
01E000
03C000
078000
0F0000
0E0000
1C0000
3FFFF8
7FFFFC
3FFFFC
ENDCHAR
STARTCHAR three.numr
ENCODING -1
SWIDTH 380 0
DWIDTH 29 0
BBX 21 32 3 21
BITMAP
01FE00
0FFF80
3FFFC0
7E03E0
F800E0
6000F0
000070
000070
000070
000070
000070
0000F0
0000E0
0003C0
003F80
0FFF00
07FF80
000FE0
0001F0
000070
000078
000038
000038
000038
000038
000038
600078
F000F0
7C01F0
3FFFE0
0FFF80
03FE00
ENDCHAR
STARTCHAR four.numr
ENCODING -1
SWIDTH 380 0
DWIDTH 29 0
BBX 23 32 3 21
BITMAP
0000C0
0001C0
0003C0
0007C0
0007C0
000FC0
001FC0
001DC0
0039C0
0071C0
0071C0
00E1C0
01C1C0
01C1C0
0381C0
0701C0
0701C0
0E01C0
1C01C0
1C01C0
3801C0
7001C0
7FFFFE
FFFFFE
7FFFFE
0001C0
0001C0
0001C0
0001C0
0001C0
0001C0
0001C0
ENDCHAR
STARTCHAR five.numr
ENCODING -1
SWIDTH 380 0
DWIDTH 29 0
BBX 21 32 4 21
BITMAP
3FFFE0
7FFFF0
7FFFF0
700000
700000
700000
700000
700000
700000
700000
700000
700000
707E00
73FF80
77FFC0
7F01E0
7C00F0
380070
300038
000038
000038
000038
000038
000038
000038
000038
600078
F000F0
7C01E0
3FFFE0
0FFF80
03FE00
ENDCHAR
STARTCHAR six.numr
ENCODING -1
SWIDTH 380 0
DWIDTH 29 0
BBX 22 32 3 21
BITMAP
007F80
01FFE0
03FFF8
07807C
0F001C
1E000C
3C0000
380000
380000
780000
700000
700000
703F00
71FFC0
73FFE0
F781F0
FE0078
FC0038
F8001C
78001C
78001C
78001C
78001C
78001C
38001C
38001C
3C0038
1E0078
0F00F0
07FFE0
03FFC0
00FF00
ENDCHAR
STARTCHAR seven.numr
ENCODING -1
SWIDTH 380 0
DWIDTH 29 0
BBX 21 32 4 21
BITMAP
7FFFF0
FFFFF8
FFFFF0
000070
0000F0
0000E0
0001E0
0001C0
0003C0
000380
000780
000700
000F00
000E00
001E00
001C00
003C00
003800
007800
007000
00F000
00E000
01E000
01C000
03C000
038000
078000
070000
0F0000
0E0000
1E0000
1C0000
ENDCHAR
STARTCHAR eight.numr
ENCODING -1
SWIDTH 380 0
DWIDTH 29 0
BBX 23 32 3 21
BITMAP
01FE00
07FFC0
1FFFE0
3E01F0
3C0078
780038
70003C
70001C
70001C
70001C
70003C
780038
380078
1E00F0
0FEFE0
07FF80
0FFFC0
1F83F0
3C0078
780038
70001C
E0001C
E0001C
E0001E
E0001C
E0001C
F0001C
78003C
3C00F8
3FEFF0
0FFFE0
03FF00
ENDCHAR
STARTCHAR nine.numr
ENCODING -1
SWIDTH 380 0
DWIDTH 29 0
BBX 22 32 3 21
BITMAP
01FC00
07FF00
1FFFC0
3E03E0
3800E0
7000F0
700070
F00078
E00038
E00038
E0003C
E0003C
E0007C
70007C
70007C
7800FC
3E03DC
1FFF9C
0FFF1C
03FC1C
00001C
000038
000038
000038
000078
000070
4000F0
E001E0
F803C0
7FBF80
1FFF00
07FC00
ENDCHAR
STARTCHAR periodcentered.loclCAT
ENCODING -1
SWIDTH 0 0
DWIDTH 0 0
BBX 6 5 -3 24
BITMAP
78
FC
FC
FC
78
ENDCHAR
STARTCHAR uni03060301
ENCODING -1
SWIDTH 0 0
DWIDTH 0 0
BBX 22 20 -11 41
BITMAP
000060
0000F0
0000E0
0001E0
0003C0
000380
000700
000F00
400E08
E01C1C
E0381C
603818
603038
700038
380070
3C00F0
1E01E0
0FFFC0
07FF80
00FC00
ENDCHAR
STARTCHAR uni03060300
ENCODING -1
SWIDTH 0 0
DWIDTH 0 0
BBX 22 20 -11 41
BITMAP
180000
3C0000
1C0000
1E0000
0F0000
070000
038000
03C000
41C008
E0E01C
E0701C
607018
603038
700038
380070
3C00F0
1E01E0
0FFFC0
07FF80
00FE00
ENDCHAR
STARTCHAR uni03060309
ENCODING -1
SWIDTH 0 0
DWIDTH 0 0
BBX 22 19 -11 41
BITMAP
03FE00
03FF80
030780
0001C0
0001C0
0001C0
000380
400788
E00F1C
E01E1C
603818
602038
700038
380070
3C00F0
1E01E0
0FFFC0
07FF80
00FE00
ENDCHAR
STARTCHAR uni03060303
ENCODING -1
SWIDTH 0 0
DWIDTH 0 0
BBX 22 19 -11 41
BITMAP
1F801C
3FE01C
7FF018
707838
603FF8
E00FF0
C007C0
000000
000000
000000
000000
E0001C
700038
700038
380070
1E01E0
0FFFC0
07FF80
01FE00
ENDCHAR
STARTCHAR uni03020301
ENCODING -1
SWIDTH 0 0
DWIDTH 0 0
BBX 25 20 -9 41
BITMAP
00000300
00000780
00000780
00000F00
00000E00
00001E00
00003C00
00C03800
01E07000
03F07000
07F8E000
0738C000
0E1CC000
1E1E0000
1C0E0000
38070000
70038000
60018000
E001C000
C000C000
ENDCHAR
STARTCHAR uni03020300
ENCODING -1
SWIDTH 0 0
DWIDTH 0 0
BBX 20 20 -9 41
BITMAP
000800
001C00
001E00
000F00
000700
000780
000380
00C1C0
01E1E0
03F0E0
07F870
073830
0E1C30
1E1E00
1C0E00
380700
700380
600180
E001C0
C000C0
ENDCHAR
STARTCHAR uni03020309
ENCODING -1
SWIDTH 0 0
DWIDTH 0 0
BBX 24 19 -9 41
BITMAP
0007FC
000FFE
000C1F
000007
000007
000007
00C00E
01E00E
03F01C
07F878
0738E0
0E1C80
1E1E00
1C0E00
380700
700380
600180
E001C0
C000C0
ENDCHAR
STARTCHAR uni03020303
ENCODING -1
SWIDTH 0 0
DWIDTH 0 0
BBX 22 19 -11 41
BITMAP
1F801C
3FE01C
7FF018
707838
603FF8
E00FF0
C007C0
000000
001000
007800
00FC00
01FE00
03CF00
078780
070380
0E01C0
1C00E0
380070
300030
ENDCHAR
STARTCHAR brevecombcy
ENCODING -1
SWIDTH 0 0
DWIDTH 0 0
BBX 24 10 -12 41
BITMAP
E00007
E00007
70000E
70000E
38001C
3C003C
1F00F8
07FFF0
03FFC0
007E00
ENDCHAR
STARTCHAR brevecombcy.case
ENCODING -1
SWIDTH 0 0
DWIDTH 0 0
BBX 26 10 -13 57
BITMAP
C00000C0
E00001C0
E00001C0
70000380
78000780
3C000F00
1F003E00
0FFFFC00
03FFF000
007F8000
ENDCHAR
STARTCHAR uni03080301
ENCODING -1
SWIDTH 0 0
DWIDTH 0 0
BBX 18 20 -9 41
BITMAP
000080
0001C0
0003C0
000780
000700
000F00
001E00
001C00
003800
007800
007000
00E000
00C000
000000
000000
780780
780780
F807C0
780780
780780
ENDCHAR
STARTCHAR uni03080304
ENCODING -1
SWIDTH 0 0
DWIDTH 0 0
BBX 22 12 -11 44
BITMAP
7FFFF8
FFFFFC
7FFFF8
000000
000000
000000
000000
0C00C0
1E01E0
3E01F0
3E01E0
1E01E0
ENDCHAR
STARTCHAR uni03070304
ENCODING -1
SWIDTH 0 0
DWIDTH 0 0
BBX 22 12 -11 44
BITMAP
7FFFF8
FFFFFC
7FFFF8
000000
000000
000000
000000
003000
007800
007C00
007800
007800
ENDCHAR
STARTCHAR uni03010307
ENCODING -1
SWIDTH 0 0
DWIDTH 0 0
BBX 15 21 -5 41
BITMAP
3000
F800
F800
F800
7800
000C
001E
001C
003C
0038
0078
00F0
00E0
01E0
01C0
03C0
0380
0700
0700
0E00
0E00
ENDCHAR
STARTCHAR uni030C.alt
ENCODING -1
SWIDTH 0 0
DWIDTH 0 0
BBX 4 14 0 39
BITMAP
E0
F0
E0
E0
E0
E0
E0
E0
E0
E0
C0
C0
C0
C0
ENDCHAR
STARTCHAR uni030C0307
ENCODING -1
SWIDTH 0 0
DWIDTH 0 0
BBX 20 21 -10 41
BITMAP
006000
00F000
00F800
00F000
00F000
000000
000000
800020
C00030
E00070
7000E0
3801C0
1C0380
1C0380
0E0700
070E00
079E00
03FC00
01F800
01F800
00F000
ENDCHAR
STARTCHAR uni030A0301
ENCODING -1
SWIDTH 0 0
DWIDTH 0 0
BBX 22 21 -8 41
BITMAP
000018
00003C
000078
0000F0
0101E0
0FF3C0
3FFF80
781E00
700E00
E00700
E00700
C00300
C00300
C00300
C00300
E00700
600600
780E00
3FFC00
1FF800
07E000
ENDCHAR
STARTCHAR uni03030308
ENCODING -1
SWIDTH 0 0
DWIDTH 0 0
BBX 22 15 -11 41
BITMAP
1E01E0
3E01F0
3E01F0
1E01E0
040040
000000
000000
000000
1F801C
3FE01C
7FF018
707838
603FF8
E00FF0
C007C0
ENDCHAR
STARTCHAR tildecomb_acutecomb
ENCODING -1
SWIDTH 0 0
DWIDTH 0 0
BBX 22 20 -11 41
BITMAP
000020
000070
0000F0
0001E0
0001C0
0003C0
000780
000700
000E00
001E00
001C00
003800
003000
1F801C
3FE01C
7FF018
707838
603FF8
E00FF0
C007C0
ENDCHAR
STARTCHAR uni03030304
ENCODING -1
SWIDTH 0 0
DWIDTH 0 0
BBX 22 15 -11 41
BITMAP
7FFFF8
FFFFFC
7FFFF8
000000
000000
000000
000000
000000
1F801C
3FE01C
7FF018
707838
603FF8
E00FF0
C007C0
ENDCHAR
STARTCHAR uni03040308
ENCODING -1
SWIDTH 0 0
DWIDTH 0 0
BBX 22 12 -11 44
BITMAP
1E01E0
1E01E0
3E01F0
1E01E0
1E00E0
000000
000000
000000
000000
7FFFF8
FFFFFC
7FFFF8
ENDCHAR
STARTCHAR uni03040300
ENCODING -1
SWIDTH 0 0
DWIDTH 0 0
BBX 22 18 -11 43
BITMAP
100000
380000
3C0000
1E0000
0E0000
0F0000
078000
038000
01C000
01E000
00E000
007000
003000
000000
000000
7FFFF8
FFFFFC
7FFFF8
ENDCHAR
STARTCHAR uni03040301
ENCODING -1
SWIDTH 0 0
DWIDTH 0 0
BBX 22 18 -11 43
BITMAP
000020
000070
0000F0
0001E0
0001C0
0003C0
000780
000700
000E00
001E00
001C00
003800
003000
000000
000000
7FFFF8
FFFFFC
7FFFF8
ENDCHAR
STARTCHAR uni0308.case
ENCODING -1
SWIDTH 0 0
DWIDTH 0 0
BBX 18 5 -9 61
BITMAP
780780
780780
F807C0
780780
300300
ENDCHAR
STARTCHAR uni03080301.case
ENCODING -1
SWIDTH 0 0
DWIDTH 0 0
BBX 18 19 -9 58
BITMAP
0001C0
0003C0
000380
000780
000F00
000E00
001C00
003C00
003800
007000
00E000
00E000
000000
000000
300300
780780
F807C0
F807C0
780780
ENDCHAR
STARTCHAR uni03080304.case
ENCODING -1
SWIDTH 0 0
DWIDTH 0 0
BBX 22 12 -11 60
BITMAP
FFFFFC
FFFFFC
000000
000000
000000
000000
000000
1E01E0
1E01E0
3E01F0
1E01E0
0C00C0
ENDCHAR
STARTCHAR uni0307.case
ENCODING -1
SWIDTH 0 0
DWIDTH 0 0
BBX 6 5 -3 61
BITMAP
78
F8
FC
78
30
ENDCHAR
STARTCHAR uni03070304.case
ENCODING -1
SWIDTH 0 0
DWIDTH 0 0
BBX 22 12 -11 60
BITMAP
FFFFFC
FFFFFC
000000
000000
000000
000000
000000
007800
007800
007C00
007800
003000
ENDCHAR
STARTCHAR gravecomb.case
ENCODING -1
SWIDTH 0 0
DWIDTH 0 0
BBX 11 14 -10 57
BITMAP
4000
E000
F000
F000
7800
3C00
1C00
0E00
0F00
0780
0380
01C0
00E0
0040
ENDCHAR
STARTCHAR acutecomb.case
ENCODING -1
SWIDTH 0 0
DWIDTH 0 0
BBX 11 14 -1 57
BITMAP
0040
00E0
01E0
01E0
03C0
0780
0700
0E00
1E00
3C00
3800
7000
E000
4000
ENDCHAR
STARTCHAR uni03010307.case
ENCODING -1
SWIDTH 0 0
DWIDTH 0 0
BBX 15 19 -5 57
BITMAP
3000
F800
F800
F800
7800
0006
000E
001E
001E
003C
0078
00F0
00E0
01E0
03C0
0380
0700
0E00
0E00
ENDCHAR
STARTCHAR uni030B.case
ENCODING -1
SWIDTH 0 0
DWIDTH 0 0
BBX 17 14 -5 57
BITMAP
010100
038380
038380
078780
0F0700
0E0E00
1E0E00
1C1C00
381800
383800
703000
606000
E06000
C0C000
ENDCHAR
STARTCHAR uni030C.alt.case
ENCODING -1
SWIDTH 0 0
DWIDTH 0 0
BBX 4 17 0 36
BITMAP
E0
F0
E0
E0
E0
E0
E0
E0
E0
E0
E0
E0
E0
E0
C0
C0
40
ENDCHAR
STARTCHAR uni0302.case
ENCODING -1
SWIDTH 0 0
DWIDTH 0 0
BBX 20 14 -10 57
BITMAP
004000
00F000
01F800
03FC00
039C00
079E00
0F0F00
1E0780
1C0380
3801C0
7000E0
7000E0
E00070
C00030
ENDCHAR
STARTCHAR uni03020300.case
ENCODING -1
SWIDTH 0 0
DWIDTH 0 0
BBX 20 20 -9 57
BITMAP
000C00
001E00
001E00
000F00
000700
000380
000380
00C1C0
01E0E0
03F0E0
07F870
073830
0E1C10
1E1E00
1C0E00
380700
700380
E001C0
E001C0
C000C0
ENDCHAR
STARTCHAR uni03020301.case
ENCODING -1
SWIDTH 0 0
DWIDTH 0 0
BBX 25 20 -9 57
BITMAP
00000300
00000780
00000700
00000F00
00000E00
00001C00
00003C00
00C03800
01E07000
03F07000
07F8E000
0738C000
0E1C8000
1E1E0000
1C0E0000
38070000
70038000
E001C000
E001C000
C000C000
ENDCHAR
STARTCHAR uni03020303.case
ENCODING -1
SWIDTH 0 0
DWIDTH 0 0
BBX 22 19 -11 57
BITMAP
1F801C
3FE01C
7FF018
707838
603FF8
E00FF0
C007C0
000000
003000
007800
00FC00
01FE00
03CF00
078780
0F03C0
0E01C0
1C00E0
380070
300030
ENDCHAR
STARTCHAR uni03020309.case
ENCODING -1
SWIDTH 0 0
DWIDTH 0 0
BBX 24 20 -9 57
BITMAP
000040
000FFC
000FFE
00080F
000007
000007
000007
00C00E
01E01E
03F03C
07F878
0738E0
0E1C00
1E1E00
1C0E00
380700
700380
E001C0
E001C0
C000C0
ENDCHAR
STARTCHAR uni030C.case
ENCODING -1
SWIDTH 0 0
DWIDTH 0 0
BBX 20 14 -10 57
BITMAP
800010
C00030
E00070
7000E0
3801C0
3C03C0
1C0380
0E0700
0F0F00
079E00
03FC00
01F800
01F800
00F000
ENDCHAR
STARTCHAR uni030C0307.case
ENCODING -1
SWIDTH 0 0
DWIDTH 0 0
BBX 20 21 -10 57
BITMAP
00F000
00F000
00F800
00F000
00F000
000000
000000
C00030
E00070
600060
7000E0
3801C0
1C0380
1E0780
0E0700
070E00
079E00
03FC00
01F800
01F800
00F000
ENDCHAR
STARTCHAR uni0306.case
ENCODING -1
SWIDTH 0 0
DWIDTH 0 0
BBX 24 13 -12 57
BITMAP
400002
E00007
E00007
600006
70000E
70000E
38001C
38001C
1C0038
0F00F0
07FFE0
03FFC0
007E00
ENDCHAR
STARTCHAR uni03060300.case
ENCODING -1
SWIDTH 0 0
DWIDTH 0 0
BBX 22 20 -11 57
BITMAP
180000
1C0000
3C0000
1E0000
0F0000
070000
038000
03C000
41C008
E0E01C
E0701C
607018
703038
700038
380070
3C00F0
1E01E0
0FFFC0
07FF80
00FC00
ENDCHAR
STARTCHAR uni03060301.case
ENCODING -1
SWIDTH 0 0
DWIDTH 0 0
BBX 22 20 -11 57
BITMAP
000060
0000F0
0000E0
0001E0
0003C0
000380
000700
000F00
400E08
E01C1C
E0381C
603818
703038
700038
380070
3C00F0
1E01E0
0FFFC0
07FF80
00FE00
ENDCHAR
STARTCHAR uni03060303.case
ENCODING -1
SWIDTH 0 0
DWIDTH 0 0
BBX 22 19 -11 57
BITMAP
1F801C
3FE01C
7FF018
707838
603FF8
E00FF0
C007C0
000000
000000
000000
000000
E0001C
600018
700038
380070
1E01E0
0FFFC0
07FF80
01FE00
ENDCHAR
STARTCHAR uni03060309.case
ENCODING -1
SWIDTH 0 0
DWIDTH 0 0
BBX 22 19 -11 57
BITMAP
01FE00
03FF80
030780
0001C0
0001C0
0001C0
000380
400788
E00F1C
E01E1C
603818
702038
700038
380070
3C00F0
1E01E0
0FFFC0
07FF80
00FC00
ENDCHAR
STARTCHAR uni030A.case
ENCODING -1
SWIDTH 0 0
DWIDTH 0 0
BBX 16 17 -8 57
BITMAP
0100
0FF0
1FFC
781E
700E
E007
E007
C003
C003
C003
C003
E007
6006
700E
3E7C
1FF8
07E0
ENDCHAR
STARTCHAR uni030A0301.case
ENCODING -1
SWIDTH 0 0
DWIDTH 0 0
BBX 22 21 -8 57
BITMAP
000018
00003C
000078
0000F0
0101E0
0FF3C0
1FFF80
781E00
700E00
E00700
E00700
C00300
C00300
C00300
C00300
E00700
600600
700E00
3E7C00
1FF800
07E000
ENDCHAR
STARTCHAR tildecomb.case
ENCODING -1
SWIDTH 0 0
DWIDTH 0 0
BBX 30 10 -15 59
BITMAP
01800018
0FF0001C
1FFC0018
3C3F0038
380F8038
7007C070
6001F1F0
6000FFE0
E0003F80
40000000
ENDCHAR
STARTCHAR uni03030308.case
ENCODING -1
SWIDTH 0 0
DWIDTH 0 0
BBX 22 16 -11 57
BITMAP
1E01E0
1E01E0
3E01F0
1E01E0
1E01E0
000000
000000
000000
0F0008
1FC01C
3FE01C
70F838
603E78
E01FF0
E00FE0
400000
ENDCHAR
STARTCHAR tildecomb_acutecomb.case
ENCODING -1
SWIDTH 0 0
DWIDTH 0 0
BBX 22 20 -11 57
BITMAP
000070
0000F0
0000E0
0001E0
0003C0
000380
000700
000F00
000E00
001C00
003800
003800
0F0008
1FC01C
3FE01C
70F838
603E78
E01FF0
E00FE0
400000
ENDCHAR
STARTCHAR uni03030304.case
ENCODING -1
SWIDTH 0 0
DWIDTH 0 0
BBX 22 15 -11 57
BITMAP
FFFFFC
FFFFFC
000000
000000
000000
000000
000000
0F0008
1FC01C
3FE01C
70F838
603E78
E01FF0
E00FE0
400000
ENDCHAR
STARTCHAR uni0304.case
ENCODING -1
SWIDTH 0 0
DWIDTH 0 0
BBX 24 3 -12 62
BITMAP
3FFFFC
FFFFFF
FFFFFF
ENDCHAR
STARTCHAR uni03040308.case
ENCODING -1
SWIDTH 0 0
DWIDTH 0 0
BBX 22 13 -11 60
BITMAP
0C00C0
1E01E0
3E01F0
3E01E0
1E01E0
000000
000000
000000
000000
000000
FFFFFC
FFFFFC
3FFFF0
ENDCHAR
STARTCHAR uni03040300.case
ENCODING -1
SWIDTH 0 0
DWIDTH 0 0
BBX 22 17 -11 60
BITMAP
380000
3C0000
1C0000
1E0000
0F0000
070000
038000
03C000
01C000
00E000
007000
007000
000000
000000
7FFFF0
FFFFFC
FFFFFC
ENDCHAR
STARTCHAR uni03040301.case
ENCODING -1
SWIDTH 0 0
DWIDTH 0 0
BBX 22 17 -11 60
BITMAP
000070
0000F0
0000E0
0001E0
0003C0
000380
000700
000F00
000E00
001C00
003800
003800
000000
000000
7FFFF0
FFFFFC
FFFFFC
ENDCHAR
STARTCHAR hookabovecomb.case
ENCODING -1
SWIDTH 0 0
DWIDTH 0 0
BBX 13 14 -6 57
BITMAP
0200
7FE0
FFF0
F0F8
0038
0038
0078
00F0
01E0
03C0
0700
0700
0600
0600
ENDCHAR
STARTCHAR uni030F.case
ENCODING -1
SWIDTH 0 0
DWIDTH 0 0
BBX 17 14 -12 57
BITMAP
404000
E0E000
E0E000
F0F000
707000
383800
383800
1C1C00
0C0E00
0E0E00
060700
030300
030380
018180
ENDCHAR
STARTCHAR uni0311.case
ENCODING -1
SWIDTH 0 0
DWIDTH 0 0
BBX 24 13 -12 57
BITMAP
007E00
01FF80
07FFE0
0F81F0
1E0078
3C003C
38001C
70000E
70000E
600006
E00006
E00007
E00007
ENDCHAR
STARTCHAR uni0312.case
ENCODING -1
SWIDTH 0 0
DWIDTH 0 0
BBX 6 13 -3 57
BITMAP
18
38
38
70
70
60
60
F0
F8
FC
FC
78
30
ENDCHAR
STARTCHAR uni031B.case
ENCODING -1
SWIDTH 0 0
DWIDTH 0 0
BBX 12 13 0 50
BITMAP
0070
0070
0070
0070
0070
00F0
00E0
01E0
03C0
07C0
FF00
FE00
7800
ENDCHAR
STARTCHAR uni0335.case
ENCODING -1
SWIDTH 0 0
DWIDTH 0 0
BBX 26 3 -13 25
BITMAP
FFFFFFC0
FFFFFFC0
7FFFFF00
ENDCHAR
STARTCHAR uni0337.case
ENCODING -1
SWIDTH 0 0
DWIDTH 0 0
BBX 26 16 -13 21
BITMAP
00000180
000007C0
00000F80
00003F00
0000FC00
0001F000
0007E000
001F8000
007E0000
00F80000
03F00000
0FC00000
3F000000
7C000000
F8000000
60000000
ENDCHAR
STARTCHAR uni0338.case
ENCODING -1
SWIDTH 0 0
DWIDTH 0 0
BBX 35 58 -18 -3
BITMAP
0000000060
00000000E0
00000000E0
00000001C0
00000003C0
0000000380
0000000780
0000000700
0000000E00
0000001E00
0000001C00
0000003C00
0000003800
0000007000
000000F000
000000E000
000001E000
000001C000
0000038000
0000038000
0000070000
00000F0000
00000E0000
00001E0000
00001C0000
0000380000
0000380000
0000700000
0000F00000
0000E00000
0001C00000
0001C00000
0003800000
0007800000
0007000000
000F000000
000E000000
001C000000
001C000000
0038000000
0078000000
0070000000
00F0000000
00E0000000
01C0000000
03C0000000
0380000000
0780000000
0700000000
0E00000000
1E00000000
1C00000000
3C00000000
3800000000
7000000000
7000000000
E000000000
4000000000
ENDCHAR
STARTCHAR uni0335.cy
ENCODING -1
SWIDTH 0 0
DWIDTH 0 0
BBX 28 2 -14 25
BITMAP
FFFFFFF0
FFFFFFF0
ENDCHAR
STARTCHAR tildecomb.o
ENCODING -1
SWIDTH 0 0
DWIDTH 0 0
BBX 24 10 -12 44
BITMAP
0F8003
1FC003
3FF003
787807
603C07
E01E0E
E00FBE
C007FC
C001F0
800000
ENDCHAR
STARTCHAR uni030C.alt.t
ENCODING -1
SWIDTH 0 0
DWIDTH 0 0
BBX 3 13 0 40
BITMAP
E0
E0
E0
E0
E0
E0
E0
E0
E0
C0
C0
C0
C0
ENDCHAR
STARTCHAR uni0335.t
ENCODING -1
SWIDTH 0 0
DWIDTH 0 0
BBX 20 3 -10 17
BITMAP
7FFFE0
FFFFF0
7FFFE0
ENDCHAR
STARTCHAR tildecomb.case.O
ENCODING -1
SWIDTH 0 0
DWIDTH 0 0
BBX 28 10 -14 59
BITMAP
01800030
0FF00070
1FF80070
3C3E0060
781F00E0
700781C0
6003E7C0
E001FF80
E0007F00
40000000
ENDCHAR
STARTCHAR uni031B.O.case
ENCODING -1
SWIDTH 0 0
DWIDTH 0 0
BBX 19 13 -1 50
BITMAP
0000C0
0000E0
0000E0
0000E0
0001C0
0001C0
0001C0
000380
000780
001F00
FFFE00
3FFC00
1FE000
ENDCHAR
STARTCHAR uni02BF.case
ENCODING -1
SWIDTH 500 0
DWIDTH 38 0
BBX 8 14 11 57
BITMAP
07
1F
3E
78
70
70
E0
E0
70
70
78
3E
1F
07
ENDCHAR
STARTCHAR uni02BE.case
ENCODING -1
SWIDTH 500 0
DWIDTH 38 0
BBX 8 14 18 57
BITMAP
70
F8
7C
0E
0F
07
07
07
07
0F
1E
7C
F8
70
ENDCHAR
ENDFONT
