STARTFONT 2.1
FONT -FontForge-Nunito Medium-Medium-R-Normal--80-770-75-75-P-426-ISO10646-1
SIZE 77 75 75
FONTBOUNDINGBOX 125 106 -20 -22
COMMENT "Generated by fontforge, http://fontforge.sourceforge.net"
COMMENT "Copyright 2014 The Nunito Project Authors (https://github.com/googlefonts/nunito)"
STARTPROPERTIES 41
FOUNDRY "FontForge"
FAMILY_NAME "Nunito Medium"
WEIGHT_NAME "Medium"
SLANT "R"
SETWIDTH_NAME "Normal"
ADD_STYLE_NAME ""
PIXEL_SIZE 80
POINT_SIZE 770
RESOLUTION_X 75
RESOLUTION_Y 75
SPACING "P"
AVERAGE_WIDTH 426
CHARSET_REGISTRY "ISO10646"
CHARSET_ENCODING "1"
FONTNAME_REGISTRY ""
CHARSET_COLLECTIONS "ISO8859-2 ISO8859-5 ISO8859-9 ISO8859-4 ISO10646-1"
FONT_NAME "Nunito-Medium"
FACE_NAME "Nunito Medium"
COPYRIGHT "Copyright 2014 The Nunito Project Authors (https://github.com/googlefonts/nunito)"
FONT_VERSION "3.602"
FONT_ASCENT 64
FONT_DESCENT 16
UNDERLINE_POSITION -8
UNDERLINE_THICKNESS 3
X_HEIGHT 39
CAP_HEIGHT 56
DEFAULT_CHAR 851
RAW_ASCENT 800
RAW_DESCENT 200
NORM_SPACE 21
RELATIVE_WEIGHT 50
RELATIVE_SETWIDTH 50
SUPERSCRIPT_X 0
SUPERSCRIPT_Y 28
SUPERSCRIPT_SIZE 48
SUBSCRIPT_X 0
SUBSCRIPT_Y 6
SUBSCRIPT_SIZE 48
FIGURE_WIDTH 48
AVG_LOWERCASE_WIDTH 430
AVG_UPPERCASE_WIDTH 556
ENDPROPERTIES
CHARS 1098
STARTCHAR NULL
ENCODING 0
SWIDTH 0 0
DWIDTH 0 0
BBX 1 1 0 0
BITMAP
00
ENDCHAR
STARTCHAR CR
ENCODING 13
SWIDTH 261 0
DWIDTH 21 0
BBX 1 1 0 0
BITMAP
00
ENDCHAR
STARTCHAR space
ENCODING 32
SWIDTH 261 0
DWIDTH 21 0
BBX 1 1 0 0
BITMAP
00
ENDCHAR
STARTCHAR exclam
ENCODING 33
SWIDTH 233 0
DWIDTH 19 0
BBX 9 57 5 0
BITMAP
3C00
7F00
FF00
FF00
FF80
FF00
FF00
FF00
FF00
FF00
FF00
FF00
7F00
7F00
7F00
7F00
7F00
7F00
7F00
7F00
7F00
7F00
7F00
7F00
7F00
7E00
7E00
7E00
7E00
7E00
7E00
7E00
3E00
3E00
3E00
3E00
3E00
3E00
3E00
3E00
3E00
1C00
0000
0000
0000
0000
0000
0000
3E00
7F00
FF80
FF80
FF80
FF80
FF80
7F00
3E00
ENDCHAR
STARTCHAR quotedbl
ENCODING 34
SWIDTH 405 0
DWIDTH 32 0
BBX 22 24 5 33
BITMAP
3C00F0
7E01F8
FF01FC
FF03FC
FF03FC
FF03FC
FF01FC
FF01FC
FF01FC
7F01FC
7F01FC
7E01FC
7E01FC
7E01FC
7E01F8
7E01F8
7E01F8
7E01F8
7E01F8
7E00F8
7E00F8
3E00F8
3C00F0
080020
ENDCHAR
STARTCHAR numbersign
ENCODING 35
SWIDTH 600 0
DWIDTH 48 0
BBX 42 58 3 -1
BITMAP
0000E0007800
0001F000F800
0003F000FC00
0003F000F800
0003F000F800
0003E001F800
0003E001F800
0007E001F800
0007E001F000
0007E001F000
0007C003F000
0007C003F000
0007C003F000
000FC003E000
1FFFFFFFFF00
3FFFFFFFFFC0
7FFFFFFFFFC0
7FFFFFFFFFC0
3FFFFFFFFFC0
001F8007C000
001F8007C000
001F000FC000
001F000FC000
003F000FC000
003F000F8000
003F000F8000
003E001F8000
003E001F8000
007E001F8000
007E001F0000
007E001F0000
007C003F0000
007C003F0000
00FC003F0000
00FC003E0000
00FC003E0000
00F8007E0000
00F8007E0000
FFFFFFFFFF00
FFFFFFFFFF80
FFFFFFFFFF80
FFFFFFFFFF00
3FFFFFFFFC00
01F000FC0000
03F000F80000
03F000F80000
03F000F80000
03E001F80000
03E001F80000
07E001F00000
07E001F00000
07E001F00000
07C003F00000
07C003F00000
0FC003E00000
0FC003E00000
078003E00000
030000800000
ENDCHAR
STARTCHAR dollar
ENCODING 36
SWIDTH 600 0
DWIDTH 48 0
BBX 40 76 4 -10
BITMAP
00001E0000
00003F0000
00003F0000
00003F0000
00003F0000
00003F0000
00003F0000
00003F0000
00003F0000
00007F8000
000FFFF800
003FFFFF00
00FFFFFFC0
03FFFFFFF0
07FFFFFFF8
0FFFFFFFFC
0FFE001FFE
1FF80003FE
3FE00000FE
3FC000003C
7F80000010
7F80000000
7F80000000
7F00000000
7F00000000
7F00000000
7F00000000
7F00000000
7F00000000
7F80000000
7FC0000000
3FC0000000
3FF0000000
1FFC000000
1FFFC00000
0FFFFE0000
07FFFFE000
01FFFFFC00
00FFFFFF80
001FFFFFE0
0003FFFFF0
00001FFFF8
000001FFFC
0000001FFE
00000007FE
00000001FF
00000000FF
00000000FF
000000007F
000000007F
000000007F
000000007F
000000007F
000000007F
00000000FF
70000000FF
FC000001FE
FF000003FE
FFC0000FFC
FFFC007FF8
7FFFFFFFF0
3FFFFFFFE0
1FFFFFFFC0
07FFFFFF80
00FFFFFE00
001FFFF000
00003F0000
00003F0000
00003F0000
00003F0000
00003F0000
00003F0000
00003F0000
00003F0000
00003E0000
00001C0000
ENDCHAR
STARTCHAR percent
ENCODING 37
SWIDTH 933 0
DWIDTH 75 0
BBX 66 60 4 -2
BITMAP
000000000001C00000
003FC0000003E00000
01FFF8000003F00000
03FFFC000007F00000
07FFFE000007E00000
0FFFFF00000FE00000
1FF0FF80001FC00000
3FC03F80001FC00000
3F801FC0003F800000
3F000FC0003F000000
7F000FE0007F000000
7E0007E0007E000000
7E0007E000FE000000
7E0007E001FC000000
FE0007F001FC000000
FE0007F003F8000000
FC0007F003F0000000
FC0007F007F0000000
FC0007F00FE0000000
FC0007F00FE0000000
FC0007F01FC0000000
FE0007F01F80000000
7E0007E03F80000000
7E0007E03F00000000
7E0007E07F003F0000
7F000FE0FE01FFE000
7F000FC0FE07FFF000
3F801FC1FC0FFFFC00
3FC03FC1F81FFFFE00
1FE07F83F83FF7FE00
0FFFFF03F07F80FF00
0FFFFF07F07F007F80
07FFFC0FE0FE003F80
01FFF80FE0FE001F80
007FE01FC0FC001FC0
0000001F80FC000FC0
0000003F81FC000FC0
0000003F01F8000FC0
0000007F01F8000FC0
000000FE01F8000FC0
000000FE01F8000FC0
000001FC01F8000FC0
000001F801F8000FC0
000003F801F8000FC0
000003F001F8000FC0
000007F001F8000FC0
00000FE001FC000FC0
00000FE000FC000FC0
00001FC000FC001FC0
00001F8000FE001F80
00003F8000FE003F80
00007F00007F003F80
00007F00007F80FF00
0000FE00003FFFFE00
0000FE00001FFFFE00
0001FC00000FFFFC00
0001F8000007FFF000
0001F8000001FFE000
0000F00000003E0000
000060000000000000
ENDCHAR
STARTCHAR ampersand
ENCODING 38
SWIDTH 701 0
DWIDTH 56 0
BBX 48 58 5 -1
BITMAP
0000FF800000
0007FFF00000
001FFFF80000
003FFFFC0000
007FFFFE0000
00FFE3FF0000
00FF007F8000
01FE003F8000
01FC003F8000
01FC001F8000
03F8001FC000
03F8001FC000
03F8001FC000
03F8001F8000
03F8001F8000
01FC003F8000
01FC003F8000
01FE007F0000
00FE00FF0000
00FF01FE0000
007F87FC0000
007FCFF80000
003FFFF00000
001FFFE00060
000FFFC001F8
0007FF0001F8
001FFE0001F8
003FFE0001F8
00FFFF0001F8
01FFFF8003F8
03FF7FC003F8
07FC3FE003F0
0FF81FF003F0
1FF00FF803F0
3FE007FC07F0
3FC003FE07E0
7F8001FE07E0
7F0000FF0FE0
7F00007F8FE0
FE00003FCFC0
FE00001FFFC0
FE00001FFF80
FE00000FFF80
FE000007FF00
FE000003FF00
FE000001FF00
FF000001FF80
FF000003FFC0
7F800007FFE0
7FC0001FFFF0
3FF0007FEFF0
3FFE07FFC7F8
1FFFFFFF83FC
0FFFFFFF01FE
03FFFFFC00FF
01FFFFF0007F
003FFFC0003E
0000F8000008
ENDCHAR
STARTCHAR quotesingle
ENCODING 39
SWIDTH 226 0
DWIDTH 18 0
BBX 8 24 5 33
BITMAP
3C
7E
FF
FF
FF
FF
FF
FF
FF
7F
7F
7E
7E
7E
7E
7E
7E
7E
7E
7E
7E
3E
3C
08
ENDCHAR
STARTCHAR parenleft
ENCODING 40
SWIDTH 326 0
DWIDTH 26 0
BBX 15 72 8 -15
BITMAP
0038
007C
00FC
00FC
01FC
01FC
03F8
03F8
07F8
07F0
07F0
0FF0
0FE0
0FE0
1FE0
1FE0
1FC0
3FC0
3FC0
3FC0
3F80
3F80
7F80
7F80
7F80
7F80
7F00
7F00
FF00
FF00
FF00
FF00
FF00
FF00
FF00
FF00
FF00
FF00
FF00
FF00
FF00
FF00
FF00
7F00
7F00
7F00
7F80
7F80
7F80
7F80
3F80
3F80
3FC0
3FC0
1FC0
1FC0
1FE0
1FE0
0FE0
0FE0
0FF0
07F0
07F0
03F8
03F8
03F8
01FC
01FC
00FE
00FC
007C
0038
ENDCHAR
STARTCHAR parenright
ENCODING 41
SWIDTH 326 0
DWIDTH 26 0
BBX 14 72 4 -15
BITMAP
7000
F800
FC00
FC00
FE00
FE00
7F00
7F00
7F80
3F80
3F80
3FC0
1FC0
1FC0
1FE0
1FE0
0FE0
0FF0
0FF0
0FF0
07F0
07F8
07F8
07F8
07F8
03F8
03F8
03FC
03FC
03FC
03FC
03FC
03FC
03FC
03FC
03FC
03FC
03FC
03FC
03FC
03FC
03FC
03FC
03FC
03F8
03F8
03F8
07F8
07F8
07F8
07F8
07F0
07F0
0FF0
0FF0
0FE0
0FE0
1FE0
1FC0
1FC0
3FC0
3F80
3F80
7F80
7F00
7F00
FE00
FE00
FC00
FC00
F800
7000
ENDCHAR
STARTCHAR asterisk
ENCODING 42
SWIDTH 451 0
DWIDTH 36 0
BBX 32 27 2 29
BITMAP
01E00780
01F00F80
01F81F80
01F81F80
00FC3F00
007C3F00
007E7E00
003E7C00
003FFC00
001FF800
000FF000
7FFFFFFE
7FFFFFFE
FFFFFFFF
7FFFFFFE
3FFFFFFC
001FF800
001FF800
003E7C00
003E7C00
007C3E00
00FC3F00
00F81F00
01F81F80
01F00F80
01F00F80
00E00700
ENDCHAR
STARTCHAR plus
ENCODING 43
SWIDTH 600 0
DWIDTH 48 0
BBX 40 40 4 3
BITMAP
00001C0000
00007C0000
00007E0000
00007E0000
00007E0000
00007E0000
00007E0000
00007E0000
00007E0000
00007E0000
00007E0000
00007E0000
00007E0000
00007E0000
00007E0000
00007E0000
00007E0000
3FFFFFFFFE
FFFFFFFFFF
FFFFFFFFFF
FFFFFFFFFF
FFFFFFFFFF
7FFFFFFFFE
00007E0000
00007E0000
00007E0000
00007E0000
00007E0000
00007E0000
00007E0000
00007E0000
00007E0000
00007E0000
00007E0000
00007E0000
00007E0000
00007E0000
00007E0000
00007E0000
00003C0000
ENDCHAR
STARTCHAR comma
ENCODING 44
SWIDTH 233 0
DWIDTH 19 0
BBX 9 18 5 -9
BITMAP
3E00
7F00
FF00
FF80
FF80
FF80
FF80
FF80
3F80
0F80
0F00
1F00
1F00
3E00
3E00
7C00
7800
3800
ENDCHAR
STARTCHAR hyphen
ENCODING 45
SWIDTH 427 0
DWIDTH 34 0
BBX 24 6 5 18
BITMAP
7FFFFE
FFFFFF
FFFFFF
FFFFFF
7FFFFE
3FFFFC
ENDCHAR
STARTCHAR period
ENCODING 46
SWIDTH 233 0
DWIDTH 19 0
BBX 9 9 5 0
BITMAP
3E00
7F00
FF80
FF80
FF80
FF80
FF80
7F00
3E00
ENDCHAR
STARTCHAR slash
ENCODING 47
SWIDTH 290 0
DWIDTH 23 0
BBX 25 65 -1 -5
BITMAP
00000700
00000F80
00001F80
00001F80
00003F80
00003F00
00003F00
00007F00
00007E00
00007E00
0000FE00
0000FE00
0000FC00
0000FC00
0001FC00
0001F800
0001F800
0003F800
0003F000
0003F000
0007F000
0007E000
0007E000
000FE000
000FC000
000FC000
001FC000
001F8000
001F8000
003F8000
003F0000
003F0000
007F0000
007E0000
007E0000
00FE0000
00FC0000
00FC0000
01FC0000
01F80000
01F80000
01F80000
03F00000
03F00000
03F00000
07F00000
07E00000
07E00000
0FE00000
0FC00000
0FC00000
1FC00000
1F800000
1F800000
3F800000
3F000000
3F000000
7F000000
7E000000
7E000000
FE000000
FC000000
FC000000
FC000000
38000000
ENDCHAR
STARTCHAR zero
ENCODING 48
SWIDTH 600 0
DWIDTH 48 0
BBX 40 58 4 -1
BITMAP
0001FF8000
000FFFF000
003FFFFC00
007FFFFE00
01FFFFFF80
01FFFFFFC0
03FF81FFC0
07FE007FE0
0FF8001FF0
0FF0000FF0
1FE00007F8
1FE00007F8
3FC00003FC
3FC00003FC
3F800001FC
3F800001FC
7F800001FE
7F000000FE
7F000000FE
7F000000FE
7F000000FE
FF000000FF
FF000000FF
FF000000FF
FE0000007F
FE0000007F
FE0000007F
FE0000007F
FE0000007F
FE0000007F
FE0000007F
FE0000007F
FE0000007F
FF000000FF
FF000000FF
FF000000FF
7F000000FE
7F000000FE
7F000000FE
7F000000FE
7F000001FE
7F800001FE
3F800001FC
3F800001FC
3FC00003FC
1FC00003F8
1FE00007F8
0FF0000FF0
0FF0000FF0
07FC003FE0
07FE007FE0
03FFFFFFC0
01FFFFFF80
00FFFFFF00
007FFFFE00
001FFFF800
0007FFE000
00003E0000
ENDCHAR
STARTCHAR one
ENCODING 49
SWIDTH 600 0
DWIDTH 48 0
BBX 33 57 9 0
BITMAP
0000F00000
0003F80000
000FF80000
001FF80000
007FF80000
00FFF80000
03FFF80000
07FFF80000
1FFFF80000
3FFFF80000
7FF7F80000
7FC7F80000
7F07F80000
7E07F80000
3807F80000
0007F80000
0007F80000
0007F80000
0007F80000
0007F80000
0007F80000
0007F80000
0007F80000
0007F80000
0007F80000
0007F80000
0007F80000
0007F80000
0007F80000
0007F80000
0007F80000
0007F80000
0007F80000
0007F80000
0007F80000
0007F80000
0007F80000
0007F80000
0007F80000
0007F80000
0007F80000
0007F80000
0007F80000
0007F80000
0007F80000
0007F80000
0007F80000
0007F80000
0007F80000
0007F80000
0007F80000
7FFFFFFF80
FFFFFFFF80
FFFFFFFF80
FFFFFFFF80
7FFFFFFF80
7FFFFFFF00
ENDCHAR
STARTCHAR two
ENCODING 50
SWIDTH 600 0
DWIDTH 48 0
BBX 39 57 5 0
BITMAP
000FFF0000
007FFFE000
03FFFFF800
0FFFFFFE00
1FFFFFFF00
7FFFFFFF80
7FFE0FFFC0
FFE000FFC0
FF00007FE0
FE00001FE0
7800001FE0
0000000FF0
0000000FF0
0000000FF0
00000007F0
00000007F0
00000007F0
0000000FF0
0000000FF0
0000000FF0
0000000FE0
0000001FE0
0000001FE0
0000001FC0
0000003FC0
0000007F80
0000007F80
000000FF00
000001FF00
000003FE00
000007FC00
000007F800
00000FF800
00001FF000
00003FE000
00007FC000
0000FF8000
0001FF0000
0003FE0000
0007FC0000
000FF80000
001FF00000
003FE00000
007FC00000
00FF800000
01FF000000
01FE000000
03FC000000
07F8000000
0FF8000000
1FF0000000
3FFFFFFFFC
3FFFFFFFFE
3FFFFFFFFE
3FFFFFFFFE
3FFFFFFFFC
1FFFFFFFFC
ENDCHAR
STARTCHAR three
ENCODING 51
SWIDTH 600 0
DWIDTH 48 0
BBX 39 58 4 -1
BITMAP
0007FF8000
003FFFF000
01FFFFFC00
07FFFFFF00
0FFFFFFF80
1FFFFFFFC0
3FFF03FFE0
7FF0007FE0
7F80001FF0
3F00000FF0
3C00000FF0
00000007F8
00000007F8
00000007F8
00000003F8
00000003F8
00000003F8
00000007F8
00000007F0
00000007F0
0000000FF0
0000000FE0
0000001FE0
0000007FC0
000001FF80
000FFFFF00
003FFFFE00
003FFFF800
003FFFFC00
003FFFFF00
001FFFFF80
0007FFFFE0
0000007FF0
0000001FF0
00000007F8
00000003F8
00000003FC
00000001FC
00000001FC
00000001FC
00000001FE
00000001FE
00000001FE
00000001FC
00000001FC
00000003FC
10000003FC
7C000007FC
FF00000FF8
FFC0001FF8
FFF8007FF0
7FFFFFFFE0
3FFFFFFFC0
1FFFFFFF80
07FFFFFF00
01FFFFFC00
003FFFF000
0000FC0000
ENDCHAR
STARTCHAR four
ENCODING 52
SWIDTH 600 0
DWIDTH 48 0
BBX 42 58 4 -1
BITMAP
0000000E0000
0000003F0000
0000007F8000
0000007F8000
000000FF8000
000001FF8000
000001FF8000
000003FF8000
000007FF8000
000007FF8000
00000FFF8000
00001FFF8000
00001FFF8000
00003FBF8000
00007F3F8000
00007E3F8000
0000FE3F8000
0001FC3F8000
0003F83F8000
0003F83F8000
0007F03F8000
000FE03F8000
000FE03F8000
001FC03F8000
003F803F8000
003F803F8000
007F003F8000
00FE003F8000
00FE003F8000
01FC003F8000
03F8003F8000
03F8003F8000
07F0003F8000
0FE0003F8000
1FC0003F8000
1FC0003F8000
3F80003F8000
7F00003F8000
7F00003F8000
FFFFFFFFFF80
FFFFFFFFFFC0
FFFFFFFFFFC0
FFFFFFFFFFC0
FFFFFFFFFFC0
7FFFFFFFFF80
0000003F8000
0000003F8000
0000003F8000
0000003F8000
0000003F8000
0000003F8000
0000003F8000
0000003F8000
0000003F8000
0000003F8000
0000003F8000
0000001F0000
000000040000
ENDCHAR
STARTCHAR five
ENCODING 53
SWIDTH 600 0
DWIDTH 48 0
BBX 38 57 6 -1
BITMAP
1FFFFFFFE0
3FFFFFFFE0
3FFFFFFFF0
3FFFFFFFF0
3FFFFFFFE0
3FFFFFFFC0
3F80000000
3F80000000
3F80000000
3F80000000
3F80000000
3F80000000
3F80000000
3F80000000
3F80000000
3F80000000
3F80000000
3F80000000
3F80000000
3F80000000
3F80000000
3F81FFE000
3F87FFFC00
3F9FFFFE00
3FBFFFFF80
3FFFFFFFC0
3FFFFFFFC0
3FFE00FFE0
3FF8003FF0
3FE0001FF0
3FC0000FF8
3F800007F8
1F000003FC
0C000003FC
00000003FC
00000001FC
00000001FC
00000001FC
00000001FC
00000001FC
00000001FC
00000001FC
00000001FC
00000003FC
00000003FC
30000007F8
7C00000FF8
FF00001FF0
FFC0003FF0
FFF800FFE0
7FFFFFFFC0
3FFFFFFF80
1FFFFFFF00
07FFFFFE00
01FFFFF800
003FFFE000
0000FC0000
ENDCHAR
STARTCHAR six
ENCODING 54
SWIDTH 600 0
DWIDTH 48 0
BBX 39 58 5 -1
BITMAP
00007FF000
0003FFFE00
000FFFFFC0
003FFFFFE0
007FFFFFF8
00FFFFFFFC
01FFF07FFC
03FF8007FE
07FE0001FE
07F800007C
0FF0000038
0FE0000000
1FE0000000
1FC0000000
3FC0000000
3F80000000
3F80000000
7F80000000
7F00000000
7F00000000
7F00000000
FF000F0000
FE00FFF000
FE03FFFC00
FE0FFFFF00
FE1FFFFF80
FE3FFFFFC0
FE7FFFFFE0
FE7F007FF0
FEFC001FF8
FEF8000FF8
FFF00007FC
FFE00003FC
FFC00001FC
FFC00001FE
FFC00001FE
FF800000FE
FF800000FE
7F800000FE
7F800000FE
7F800000FE
7F800000FE
7F800000FE
3FC00001FE
3FC00001FC
1FC00001FC
1FE00003FC
1FF00007F8
0FF8000FF8
07FC001FF0
07FE003FF0
03FFF7FFE0
01FFFFFFC0
00FFFFFF80
003FFFFF00
001FFFFC00
0007FFF000
00003F0000
ENDCHAR
STARTCHAR seven
ENCODING 55
SWIDTH 600 0
DWIDTH 48 0
BBX 38 57 5 -1
BITMAP
FFFFFFFFF8
FFFFFFFFFC
FFFFFFFFFC
FFFFFFFFFC
FFFFFFFFFC
7FFFFFFFFC
00000007F8
00000007F8
0000000FF0
0000000FF0
0000001FE0
0000001FE0
0000003FC0
0000003FC0
0000007F80
0000007F80
000000FF00
000001FF00
000001FE00
000003FC00
000003FC00
000007F800
000007F800
00000FF000
00000FF000
00001FE000
00001FE000
00003FC000
00003FC000
00007F8000
00007F8000
0000FF0000
0000FF0000
0001FE0000
0001FE0000
0003FC0000
0003FC0000
0007F80000
0007F80000
000FF00000
000FF00000
001FE00000
003FE00000
003FC00000
007FC00000
007F800000
00FF800000
00FF000000
01FF000000
01FE000000
03FE000000
03FC000000
07FC000000
07F8000000
07F0000000
03F0000000
00C0000000
ENDCHAR
STARTCHAR eight
ENCODING 56
SWIDTH 600 0
DWIDTH 48 0
BBX 40 58 4 -1
BITMAP
0003FFC000
003FFFFC00
00FFFFFF00
01FFFFFF80
07FFFFFFE0
0FFFFFFFF0
0FFE007FF0
1FF8001FF8
3FE00007FC
3FC00003FC
3F800001FC
7F800001FE
7F800001FE
7F000000FE
7F000000FE
7F000000FE
7F000000FE
7F000000FE
7F800000FE
3F800001FC
3F800001FC
1FC00003F8
1FE00007F8
0FF0000FF0
07FC003FE0
03FFFFFFC0
01FFFFFF80
007FFFFF00
007FFFFE00
01FFFFFF80
07FFFFFFE0
0FFFFFFFF0
1FF8001FF8
3FE00007FC
3F800001FC
7F800001FE
7F000000FE
FE0000007F
FE0000007F
FE0000007F
FE0000007F
FE0000007F
FE0000007F
FE0000007F
FE0000007F
FE0000007F
FF000000FF
7F000000FE
7F800001FE
7FE00007FE
3FF8001FFC
1FFF81FFF8
0FFFFFFFF0
07FFFFFFE0
03FFFFFFC0
00FFFFFF00
001FFFF800
00007E0000
ENDCHAR
STARTCHAR nine
ENCODING 57
SWIDTH 600 0
DWIDTH 48 0
BBX 39 58 4 -1
BITMAP
0007FE0000
003FFFE000
00FFFFF000
01FFFFFC00
03FFFFFE00
07FFFFFF00
0FFE03FF80
1FF8007FC0
3FE0003FE0
3FC0001FE0
7F80000FF0
7F80000FF0
7F000007F8
FF000007F8
FE000003F8
FE000003FC
FE000003FC
FE000003FC
FE000003FC
FE000003FE
FE000003FE
FE000003FE
FF000007FE
7F000007FE
7F80000FFE
7F80000FFE
3FC0001FFE
3FE0003EFE
1FF800FEFE
1FFE03FCFE
0FFFFFF8FE
07FFFFF0FE
03FFFFE0FE
01FFFFC0FE
007FFF00FE
000FFC01FE
00000001FC
00000001FC
00000001FC
00000001FC
00000003FC
00000003F8
00000003F8
00000007F8
00000007F0
0000000FF0
0000001FE0
7800003FE0
7E00007FC0
FF8000FF80
FFE007FF00
7FFFFFFF00
3FFFFFFE00
1FFFFFF800
0FFFFFF000
03FFFFC000
007FFF0000
0003F00000
ENDCHAR
STARTCHAR colon
ENCODING 58
SWIDTH 233 0
DWIDTH 19 0
BBX 9 39 5 0
BITMAP
3E00
FF00
FF80
FF80
FF80
FF80
FF80
7F00
3E00
0000
0000
0000
0000
0000
0000
0000
0000
0000
0000
0000
0000
0000
0000
0000
0000
0000
0000
0000
0000
0000
3E00
7F00
FF80
FF80
FF80
FF80
FF80
7F00
3E00
ENDCHAR
STARTCHAR semicolon
ENCODING 59
SWIDTH 233 0
DWIDTH 19 0
BBX 9 48 5 -9
BITMAP
3E00
FF00
FF80
FF80
FF80
FF80
FF80
7F00
3E00
0000
0000
0000
0000
0000
0000
0000
0000
0000
0000
0000
0000
0000
0000
0000
0000
0000
0000
0000
0000
0000
3E00
7F00
FF00
FF80
FF80
FF80
FF80
FF80
3F80
0F80
0F00
1F00
1F00
3E00
3E00
7C00
7800
3800
ENDCHAR
STARTCHAR less
ENCODING 60
SWIDTH 600 0
DWIDTH 48 0
BBX 41 38 4 4
BITMAP
000000000F00
000000003F00
00000001FF80
00000007FF00
0000001FFF00
0000007FFC00
000003FFF000
00000FFF8000
00003FFE0000
0000FFF80000
0007FFE00000
001FFF000000
007FFC000000
01FFF0000000
0FFFC0000000
3FFE00000000
7FF800000000
7FE000000000
FF8000000000
FF0000000000
7FE000000000
7FF800000000
3FFE00000000
0FFF80000000
03FFF0000000
007FFC000000
001FFF000000
0007FFE00000
0001FFF80000
00003FFE0000
00000FFF8000
000003FFF000
000000FFFC00
0000001FFF00
00000007FF00
00000001FF80
000000007F00
000000000F00
ENDCHAR
STARTCHAR equal
ENCODING 61
SWIDTH 600 0
DWIDTH 48 0
BBX 40 22 4 12
BITMAP
3FFFFFFFFE
FFFFFFFFFF
FFFFFFFFFF
FFFFFFFFFF
FFFFFFFFFF
7FFFFFFFFE
0000000000
0000000000
0000000000
0000000000
0000000000
0000000000
0000000000
0000000000
0000000000
0000000000
7FFFFFFFFE
FFFFFFFFFF
FFFFFFFFFF
FFFFFFFFFF
FFFFFFFFFF
7FFFFFFFFE
ENDCHAR
STARTCHAR greater
ENCODING 62
SWIDTH 600 0
DWIDTH 48 0
BBX 41 38 3 4
BITMAP
780000000000
7F0000000000
FFC000000000
7FF000000000
7FFC00000000
1FFF80000000
07FFE0000000
00FFF8000000
003FFE000000
000FFF800000
0003FFF00000
00007FFC0000
00001FFF0000
000007FFC000
000001FFF800
0000003FFE00
0000000FFF00
00000003FF80
00000000FF80
000000007F80
00000003FF80
0000000FFF00
0000003FFE00
000000FFF800
000007FFE000
00001FFF0000
00007FFC0000
0001FFF00000
000FFFC00000
003FFE000000
00FFF8000000
03FFE0000000
1FFF80000000
7FFC00000000
7FF000000000
FFC000000000
7F0000000000
780000000000
ENDCHAR
STARTCHAR question
ENCODING 63
SWIDTH 447 0
DWIDTH 36 0
BBX 34 57 0 0
BITMAP
0007FF0000
007FFFE000
01FFFFF000
07FFFFFC00
1FFFFFFE00
3FFFFFFF00
7FFE0FFF00
7FE001FF80
FF80007F80
7E00007FC0
7800003FC0
0000003FC0
0000001FC0
0000001FC0
0000003FC0
0000003FC0
0000003FC0
0000003F80
0000007F80
0000007F00
000000FF00
000001FE00
000001FE00
000003FC00
000007F800
00000FF000
00001FE000
00001FC000
00003F8000
00007F0000
00007F0000
0000FE0000
0000FC0000
0001F80000
0001F80000
0001F00000
0001F00000
0001F00000
0001F00000
0001F00000
0001E00000
0001E00000
0000000000
0000000000
0000000000
0000000000
0000000000
0000000000
0003E00000
0007F80000
000FF80000
000FF80000
000FFC0000
000FFC0000
000FF80000
0007F80000
0003F00000
ENDCHAR
STARTCHAR at
ENCODING 64
SWIDTH 947 0
DWIDTH 76 0
BBX 66 70 5 -13
BITMAP
0000000FFFC0000000
000001FFFFFC000000
00000FFFFFFF800000
00003FFFFFFFE00000
0000FFFFFFFFF80000
0001FFF0003FFC0000
0007FF000003FF0000
000FF8000000FF8000
001FE00000003FC000
003FC00000001FE000
007F0000000007F000
00FE0000000003F000
01FC0000000001F800
03F80000000000FC00
03F00000000000FC00
07E000000000007E00
0FE000000000003E00
0FC00001F000003F00
1F80001FFE07801F00
1F80007FFF8FC01F80
3F0000FFFFCFC00F80
3F0001FFFFEFC00F80
3E0003FF8FEFC00F80
7E0007F801FF800FC0
7E000FF000FF8007C0
7C001FE0007F8007C0
7C001FC0007F8007C0
FC003F80003F8007C0
FC003F00003F8007C0
FC003F00003F0007C0
F8007F00003F0007C0
F8007E00003F0007C0
F8007E00003F0007C0
F8007E00003F0007C0
F800FE00003F0007C0
F800FC00003E0007C0
F800FC00003E000F80
F800FC00007E000F80
F800FC00007E000F80
F800FC00007E000F80
FC00FE0000FC001F00
FC007E0000FC001F00
FC007E0001FC003F00
FC007F0003FC003E00
7C007F0007FE007E00
7C003F800FFE00FC00
7E003FE03F3F01FC00
7E001FFFFF3FEFF800
3E000FFFFE1FFFF000
3F0007FFF81FFFE000
3F0003FFF00FFF8000
1F8000FFC003FE0000
1F8000000000000000
0FC000000000000000
0FE000000000000000
07E000000000000000
03F000000000000000
03F800000000000000
01FC00000000000000
00FE000000000F0000
007F800000001F0000
003FC00000007F0000
001FF0000001FF0000
000FFE000007FE0000
0003FFE0007FFC0000
0001FFFFFFFFF00000
00007FFFFFFFC00000
00001FFFFFFF000000
000003FFFFF8000000
0000003FFF80000000
ENDCHAR
STARTCHAR A
ENCODING 65
SWIDTH 733 0
DWIDTH 59 0
BBX 53 58 3 -1
BITMAP
000000F0000000
000001FC000000
000003FC000000
000003FE000000
000007FE000000
000007FF000000
000007FF000000
00000FFF800000
00000FFF800000
00001FDF800000
00001FDFC00000
00003F9FC00000
00003F8FE00000
00007F0FE00000
00007F07F00000
00007E07F00000
0000FE03F80000
0000FE03F80000
0001FC03F80000
0001FC01FC0000
0003F801FC0000
0003F800FE0000
0003F800FE0000
0007F0007F0000
0007F0007F0000
000FE0007F8000
000FE0003F8000
001FC0003F8000
001FC0001FC000
003FC0001FC000
003F80000FE000
003F80000FE000
007F00000FF000
007F000007F000
00FE000007F000
00FE000003F800
01FE000003F800
01FFFFFFFFFC00
03FFFFFFFFFC00
03FFFFFFFFFE00
03FFFFFFFFFE00
07FFFFFFFFFF00
07FFFFFFFFFF00
0FF00000007F00
0FE00000007F80
1FE00000003F80
1FC00000003FC0
3FC00000001FC0
3F800000001FE0
3F800000000FE0
7F800000000FF0
7F000000000FF0
FF0000000007F0
FE0000000007F8
FE0000000003F8
FC0000000003F8
FC0000000001F8
20000000000040
ENDCHAR
STARTCHAR B
ENCODING 66
SWIDTH 679 0
DWIDTH 54 0
BBX 43 56 7 0
BITMAP
7FFFFFFC0000
FFFFFFFF8000
FFFFFFFFE000
FFFFFFFFF000
FFFFFFFFF800
FE0001FFFC00
FE00000FFE00
FE000003FF00
FE000001FF00
FE000000FF00
FE0000007F80
FE0000007F80
FE0000003F80
FE0000003F80
FE0000003F80
FE0000003F80
FE0000003F80
FE0000003F80
FE0000007F80
FE0000007F00
FE000000FF00
FE000001FE00
FE000003FE00
FE00000FFC00
FFFFFFFFF800
FFFFFFFFE000
FFFFFFFFC000
FFFFFFFFC000
FFFFFFFFF000
FFFFFFFFFC00
FE00007FFE00
FE000003FF00
FE000000FF00
FE0000007F80
FE0000003F80
FE0000003FC0
FE0000001FC0
FE0000001FC0
FE0000001FC0
FE0000001FC0
FE0000001FE0
FE0000001FC0
FE0000001FC0
FE0000001FC0
FE0000001FC0
FE0000003FC0
FE0000007FC0
FE000000FF80
FE000001FF80
FE00000FFF00
FFFFFFFFFE00
FFFFFFFFFC00
FFFFFFFFF800
FFFFFFFFE000
FFFFFFFF8000
3FFFFFFC0000
ENDCHAR
STARTCHAR C
ENCODING 67
SWIDTH 675 0
DWIDTH 54 0
BBX 45 58 5 -1
BITMAP
00000FFF8000
0000FFFFF800
0003FFFFFE00
000FFFFFFF80
003FFFFFFFE0
007FFFFFFFF0
00FFFFFFFFF8
01FFF0007FF8
03FFC0000FF8
07FF000003F8
07FE000000F8
0FF800000060
1FF000000000
1FF000000000
3FE000000000
3FC000000000
3FC000000000
7FC000000000
7F8000000000
7F8000000000
7F8000000000
FF0000000000
FF0000000000
FF0000000000
FF0000000000
FF0000000000
FF0000000000
FF0000000000
FF0000000000
FF0000000000
FF0000000000
FF0000000000
FF0000000000
FF0000000000
FF0000000000
FF0000000000
FF0000000000
7F8000000000
7F8000000000
7F8000000000
7FC000000000
3FC000000000
3FE000000000
1FE000000000
1FF000000000
0FF800000000
0FFC00000070
07FE000001F8
03FF000007F8
03FFC0001FF8
01FFFC00FFF8
00FFFFFFFFF8
003FFFFFFFE0
001FFFFFFFC0
0007FFFFFF00
0001FFFFFC00
00007FFFE000
000003FE0000
ENDCHAR
STARTCHAR D
ENCODING 68
SWIDTH 747 0
DWIDTH 60 0
BBX 48 56 7 0
BITMAP
7FFFFFF00000
FFFFFFFF0000
FFFFFFFFC000
FFFFFFFFF000
FFFFFFFFFC00
FFFFFFFFFE00
FE00007FFF00
FE000007FF80
FE000001FFC0
FE0000007FE0
FE0000003FF0
FE0000001FF0
FE0000000FF8
FE00000007F8
FE00000007FC
FE00000003FC
FE00000003FC
FE00000001FE
FE00000001FE
FE00000001FE
FE00000000FE
FE00000000FF
FE00000000FF
FE00000000FF
FE00000000FF
FE00000000FF
FE00000000FF
FE00000000FF
FE00000000FF
FE00000000FF
FE00000000FF
FE00000000FF
FE00000000FF
FE00000000FF
FE00000000FF
FE00000001FE
FE00000001FE
FE00000001FE
FE00000003FE
FE00000003FC
FE00000003FC
FE00000007F8
FE0000000FF8
FE0000000FF0
FE0000001FF0
FE0000007FE0
FE000000FFE0
FE000003FFC0
FE00000FFF80
FE0003FFFF00
FFFFFFFFFC00
FFFFFFFFF800
FFFFFFFFE000
FFFFFFFF8000
FFFFFFFC0000
3FFFFFC00000
ENDCHAR
STARTCHAR E
ENCODING 69
SWIDTH 586 0
DWIDTH 47 0
BBX 36 56 7 0
BITMAP
7FFFFFFFF0
FFFFFFFFF0
FFFFFFFFF0
FFFFFFFFF0
FFFFFFFFF0
FFFFFFFFC0
FE00000000
FE00000000
FE00000000
FE00000000
FE00000000
FE00000000
FE00000000
FE00000000
FE00000000
FE00000000
FE00000000
FE00000000
FE00000000
FE00000000
FE00000000
FE00000000
FE00000000
FE00000000
FFFFFFFF80
FFFFFFFFC0
FFFFFFFFE0
FFFFFFFFE0
FFFFFFFFE0
FFFFFFFFC0
FE00000000
FE00000000
FE00000000
FE00000000
FE00000000
FE00000000
FE00000000
FE00000000
FE00000000
FE00000000
FE00000000
FE00000000
FE00000000
FE00000000
FE00000000
FE00000000
FE00000000
FE00000000
FE00000000
FE00000000
FFFFFFFFE0
FFFFFFFFF0
FFFFFFFFF0
FFFFFFFFF0
FFFFFFFFF0
3FFFFFFFE0
ENDCHAR
STARTCHAR F
ENCODING 70
SWIDTH 551 0
DWIDTH 44 0
BBX 36 57 7 -1
BITMAP
7FFFFFFFE0
FFFFFFFFF0
FFFFFFFFF0
FFFFFFFFF0
FFFFFFFFE0
FFFFFFFFC0
FE00000000
FE00000000
FE00000000
FE00000000
FE00000000
FE00000000
FE00000000
FE00000000
FE00000000
FE00000000
FE00000000
FE00000000
FE00000000
FE00000000
FE00000000
FE00000000
FE00000000
FE00000000
FE00000000
FFFFFFFF80
FFFFFFFFC0
FFFFFFFFC0
FFFFFFFFC0
FFFFFFFFC0
FFFFFFFF00
FE00000000
FE00000000
FE00000000
FE00000000
FE00000000
FE00000000
FE00000000
FE00000000
FE00000000
FE00000000
FE00000000
FE00000000
FE00000000
FE00000000
FE00000000
FE00000000
FE00000000
FE00000000
FE00000000
FE00000000
FE00000000
FE00000000
FE00000000
FE00000000
7C00000000
1800000000
ENDCHAR
STARTCHAR G
ENCODING 71
SWIDTH 729 0
DWIDTH 58 0
BBX 47 58 5 -1
BITMAP
00000FFFC000
00007FFFFC00
0003FFFFFF00
000FFFFFFFC0
001FFFFFFFF0
007FFFFFFFF8
00FFFFFFFFFC
01FFF0001FFC
03FF800007FE
07FF000001FC
07FC0000007C
0FF800000010
1FF000000000
1FF000000000
3FE000000000
3FC000000000
3FC000000000
7F8000000000
7F8000000000
7F8000000000
7F0000000000
FF0000000000
FF0000000000
FF0000000000
FF0000000000
FF0000000000
FF0000000000
FF000007FFF8
FF00001FFFFC
FF00001FFFFE
FF00001FFFFE
FF00001FFFFE
FF00000FFFFE
FF000000007E
FF000000007E
FF000000007E
FF000000007E
7F800000007E
7F800000007E
7F800000007E
7FC00000007E
3FC00000007E
3FE00000007E
1FE00000007E
1FF00000007E
0FF80000007E
0FFC0000007E
07FE0000007E
03FF8000007E
03FFE00001FE
01FFFC001FFE
00FFFFFFFFFE
003FFFFFFFFE
001FFFFFFFFC
0007FFFFFFF8
0001FFFFFFC0
00003FFFFE00
000001FF0000
ENDCHAR
STARTCHAR H
ENCODING 72
SWIDTH 764 0
DWIDTH 61 0
BBX 47 58 7 -1
BITMAP
7C000000003C
FE00000000FE
FE00000000FE
FE00000000FE
FE00000000FE
FE00000000FE
FE00000000FE
FE00000000FE
FE00000000FE
FE00000000FE
FE00000000FE
FE00000000FE
FE00000000FE
FE00000000FE
FE00000000FE
FE00000000FE
FE00000000FE
FE00000000FE
FE00000000FE
FE00000000FE
FE00000000FE
FE00000000FE
FE00000000FE
FE00000000FE
FE00000000FE
FFFFFFFFFFFE
FFFFFFFFFFFE
FFFFFFFFFFFE
FFFFFFFFFFFE
FFFFFFFFFFFE
FFFFFFFFFFFE
FFFFFFFFFFFE
FE00000000FE
FE00000000FE
FE00000000FE
FE00000000FE
FE00000000FE
FE00000000FE
FE00000000FE
FE00000000FE
FE00000000FE
FE00000000FE
FE00000000FE
FE00000000FE
FE00000000FE
FE00000000FE
FE00000000FE
FE00000000FE
FE00000000FE
FE00000000FE
FE00000000FE
FE00000000FE
FE00000000FE
FE00000000FE
FE00000000FE
FE00000000FE
7C000000007C
100000000010
ENDCHAR
STARTCHAR I
ENCODING 73
SWIDTH 262 0
DWIDTH 21 0
BBX 7 58 7 -1
BITMAP
7C
FE
FE
FE
FE
FE
FE
FE
FE
FE
FE
FE
FE
FE
FE
FE
FE
FE
FE
FE
FE
FE
FE
FE
FE
FE
FE
FE
FE
FE
FE
FE
FE
FE
FE
FE
FE
FE
FE
FE
FE
FE
FE
FE
FE
FE
FE
FE
FE
FE
FE
FE
FE
FE
FE
FE
7C
10
ENDCHAR
STARTCHAR J
ENCODING 74
SWIDTH 331 0
DWIDTH 26 0
BBX 21 58 -1 -1
BITMAP
0001E0
0003F0
0007F8
0007F8
0007F8
0007F8
0007F8
0007F8
0007F8
0007F8
0007F8
0007F8
0007F8
0007F8
0007F8
0007F8
0007F8
0007F8
0007F8
0007F8
0007F8
0007F8
0007F8
0007F8
0007F8
0007F8
0007F8
0007F8
0007F8
0007F8
0007F8
0007F8
0007F8
0007F8
0007F8
0007F8
0007F8
0007F8
0007F8
0007F8
0007F8
0007F8
0007F8
0007F8
0007F8
0007F0
000FF0
000FF0
001FF0
003FE0
00FFE0
3FFFC0
FFFF80
FFFF00
FFFE00
FFF800
7FE000
100000
ENDCHAR
STARTCHAR K
ENCODING 75
SWIDTH 634 0
DWIDTH 51 0
BBX 41 58 7 -1
BITMAP
7C0000001E00
FE0000007F00
FE000000FF00
FE000001FF00
FE000003FE00
FE000007FC00
FE00000FF800
FE00001FF000
FE00003FE000
FE00007FC000
FE0000FF8000
FE0001FF0000
FE0003FE0000
FE0007FC0000
FE000FF80000
FE001FF00000
FE007FE00000
FE00FFC00000
FE01FF800000
FE03FE000000
FE07FC000000
FE0FF8000000
FE1FF0000000
FE3FE0000000
FE7FC0000000
FEFF80000000
FFFF00000000
FFFE00000000
FFFE00000000
FFFF00000000
FFFF80000000
FEFFC0000000
FE3FE0000000
FE1FF0000000
FE0FF8000000
FE07FE000000
FE03FF000000
FE01FF800000
FE00FFC00000
FE007FE00000
FE003FF00000
FE001FF80000
FE000FFC0000
FE0007FE0000
FE0003FF0000
FE0001FF8000
FE0000FFC000
FE00003FE000
FE00001FF000
FE00000FF800
FE000007FC00
FE000003FF00
FE000001FF80
FE000000FF80
FE0000007F80
FE0000003F80
7C0000001F80
100000000200
ENDCHAR
STARTCHAR L
ENCODING 76
SWIDTH 548 0
DWIDTH 44 0
BBX 36 57 7 0
BITMAP
3800000000
7C00000000
FE00000000
FE00000000
FE00000000
FE00000000
FE00000000
FE00000000
FE00000000
FE00000000
FE00000000
FE00000000
FE00000000
FE00000000
FE00000000
FE00000000
FE00000000
FE00000000
FE00000000
FE00000000
FE00000000
FE00000000
FE00000000
FE00000000
FE00000000
FE00000000
FE00000000
FE00000000
FE00000000
FE00000000
FE00000000
FE00000000
FE00000000
FE00000000
FE00000000
FE00000000
FE00000000
FE00000000
FE00000000
FE00000000
FE00000000
FE00000000
FE00000000
FE00000000
FE00000000
FE00000000
FE00000000
FE00000000
FE00000000
FE00000000
FE00000000
FFFFFFFFE0
FFFFFFFFF0
FFFFFFFFF0
FFFFFFFFF0
FFFFFFFFF0
7FFFFFFFE0
ENDCHAR
STARTCHAR M
ENCODING 77
SWIDTH 858 0
DWIDTH 69 0
BBX 55 58 7 -1
BITMAP
38000000000078
FE0000000000FC
FE0000000000FE
FF0000000001FE
FF0000000001FE
FF8000000003FE
FF8000000003FE
FFC000000007FE
FFC00000000FFE
FFE00000000FFE
FFE00000001FFE
FFF00000001FFE
FFF80000003FFE
FFF80000003FFE
FFFC0000007FFE
FFFC0000007EFE
FEFE000000FEFE
FEFE000000FCFE
FE7F000001FCFE
FE7F000001F8FE
FE3F800003F8FE
FE1F800003F0FE
FE1FC00007F0FE
FE0FC0000FE0FE
FE0FE0000FE0FE
FE07E0001FC0FE
FE07F0001F80FE
FE03F8003F80FE
FE03F8003F00FE
FE01FC007F00FE
FE01FC007E00FE
FE00FE00FE00FE
FE00FE00FC00FE
FE007F01FC00FE
FE003F01F800FE
FE003F83F800FE
FE001F83F000FE
FE001FC7F000FE
FE000FCFE000FE
FE000FEFE000FE
FE0007FFC000FE
FE0007FF8000FE
FE0003FF8000FE
FE0003FF0000FE
FE0001FF0000FE
FE0001FE0000FE
FE0000FE0000FE
FE00007C0000FE
FE0000380000FE
FE0000000000FE
FE0000000000FE
FE0000000000FE
FE0000000000FE
FE0000000000FE
FE0000000000FE
FC0000000000FE
7C00000000007C
10000000000030
ENDCHAR
STARTCHAR N
ENCODING 78
SWIDTH 741 0
DWIDTH 59 0
BBX 46 58 7 -1
BITMAP
7800000000F0
FC00000001F8
FE00000001F8
FF00000001FC
FF00000001FC
FF80000001FC
FFC0000001FC
FFE0000001FC
FFE0000001FC
FFF0000001FC
FFF8000001FC
FFFC000001FC
FFFC000001FC
FFFE000001FC
FEFF000001FC
FE7F800001FC
FE7F800001FC
FE3FC00001FC
FE1FE00001FC
FE0FF00001FC
FE0FF00001FC
FE07F80001FC
FE03FC0001FC
FE01FE0001FC
FE01FE0001FC
FE00FF0001FC
FE007F8001FC
FE003FC001FC
FE003FE001FC
FE001FE001FC
FE000FF001FC
FE0007F801FC
FE0003FC01FC
FE0003FC01FC
FE0001FE01FC
FE0000FF01FC
FE00007F81FC
FE00007F81FC
FE00003FC1FC
FE00001FE1FC
FE00000FF1FC
FE00000FF1FC
FE000007F9FC
FE000003FDFC
FE000001FFFC
FE000001FFFC
FE000000FFFC
FE0000007FFC
FE0000003FFC
FE0000003FFC
FE0000001FFC
FE0000000FFC
FE00000007FC
FE00000007FC
FE00000003FC
FC00000001F8
7C00000000F8
100000000020
ENDCHAR
STARTCHAR O
ENCODING 79
SWIDTH 771 0
DWIDTH 62 0
BBX 52 58 5 -1
BITMAP
00000FFF000000
0000FFFFF00000
0003FFFFFC0000
000FFFFFFF0000
003FFFFFFF8000
007FFFFFFFE000
00FFFF9FFFF000
01FFE0007FF800
03FF80001FFC00
07FE00000FFC00
07FC000003FE00
0FF8000001FF00
1FF0000000FF00
1FE0000000FF80
3FE00000007F80
3FC00000003FC0
3FC00000003FC0
7F800000003FC0
7F800000001FE0
7F800000001FE0
7F000000001FE0
FF000000000FE0
FF000000000FE0
FF000000000FF0
FF000000000FF0
FF000000000FF0
FF000000000FF0
FF000000000FF0
FF000000000FF0
FF000000000FF0
FF000000000FF0
FF000000000FF0
FF000000000FF0
FF000000000FF0
FF000000000FF0
FF000000000FE0
FF000000001FE0
7F800000001FE0
7F800000001FE0
7F800000001FC0
7FC00000003FC0
3FC00000003FC0
3FE00000007F80
1FE00000007F80
1FF0000000FF00
0FF8000001FF00
0FFC000003FE00
07FE000007FE00
03FF00000FFC00
01FFC0003FF800
01FFF801FFF000
00FFFFFFFFE000
003FFFFFFFC000
001FFFFFFF8000
0007FFFFFE0000
0001FFFFF80000
00007FFFE00000
000003FC000000
ENDCHAR
STARTCHAR P
ENCODING 80
SWIDTH 637 0
DWIDTH 51 0
BBX 42 57 7 -1
BITMAP
7FFFFFFC0000
FFFFFFFF8000
FFFFFFFFE000
FFFFFFFFF000
FFFFFFFFF800
FFFFFFFFFC00
FE00001FFE00
FE000003FE00
FE000001FF00
FE000000FF00
FE0000007F80
FE0000007F80
FE0000003F80
FE0000003F80
FE0000003F80
FE0000003FC0
FE0000003FC0
FE0000003FC0
FE0000003FC0
FE0000003F80
FE0000003F80
FE0000007F80
FE0000007F80
FE000000FF00
FE000001FF00
FE000003FF00
FE000007FE00
FE00007FFC00
FFFFFFFFF800
FFFFFFFFF000
FFFFFFFFE000
FFFFFFFF8000
FFFFFFFE0000
FFFFFFE00000
FE0000000000
FE0000000000
FE0000000000
FE0000000000
FE0000000000
FE0000000000
FE0000000000
FE0000000000
FE0000000000
FE0000000000
FE0000000000
FE0000000000
FE0000000000
FE0000000000
FE0000000000
FE0000000000
FE0000000000
FE0000000000
FE0000000000
FE0000000000
FE0000000000
7C0000000000
100000000000
ENDCHAR
STARTCHAR Q
ENCODING 81
SWIDTH 771 0
DWIDTH 62 0
BBX 52 73 5 -16
BITMAP
00000FFF000000
0000FFFFF00000
0003FFFFFC0000
000FFFFFFF0000
003FFFFFFF8000
007FFFFFFFE000
00FFFF9FFFF000
01FFE0007FF800
03FF80001FFC00
07FE00000FFC00
07FC000003FE00
0FF8000001FF00
1FF0000000FF00
1FE0000000FF80
3FE00000007F80
3FC00000003FC0
3FC00000003FC0
7F800000003FC0
7F800000001FE0
7F800000001FE0
7F000000001FE0
FF000000000FE0
FF000000000FE0
FF000000000FF0
FF000000000FF0
FF000000000FF0
FF000000000FF0
FF000000000FF0
FF000000000FF0
FF000000000FF0
FF000000000FF0
FF000000000FF0
FF000000000FF0
FF000000000FF0
FF000000000FF0
FF000000000FE0
FF000000001FE0
7F800000001FE0
7F800000001FE0
7F800000001FC0
7FC00000003FC0
3FC00000003FC0
3FE00000007F80
1FE00000007F80
1FF0000000FF00
0FF8000001FF00
0FFC000003FE00
07FE000007FE00
03FF00000FFC00
01FFC0003FF800
01FFF801FFF000
00FFFFFFFFE000
003FFFFFFFC000
001FFFFFFF8000
0007FFFFFE0000
0001FFFFF80000
00007FFFFC0000
000003FFFE0000
00000003FF0000
00000000FF8000
000000007FC000
000000003FC000
000000001FE000
000000001FE000
000000000FF000
0000000007F800
0000000007F800
0000000003FC00
0000000003FC00
0000000001FE00
0000000000FC00
0000000000FC00
00000000001000
ENDCHAR
STARTCHAR R
ENCODING 82
SWIDTH 673 0
DWIDTH 54 0
BBX 43 57 7 -1
BITMAP
7FFFFFFC0000
FFFFFFFF8000
FFFFFFFFE000
FFFFFFFFF000
FFFFFFFFF800
FFFFFFFFFC00
FE00001FFE00
FE000003FF00
FE000001FF00
FE000000FF00
FE0000007F80
FE0000007F80
FE0000003F80
FE0000003F80
FE0000003F80
FE0000003FC0
FE0000003FC0
FE0000003FC0
FE0000003F80
FE0000003F80
FE0000007F80
FE0000007F80
FE000000FF00
FE000000FF00
FE000003FE00
FE000007FE00
FE00007FFC00
FFFFFFFFF800
FFFFFFFFF000
FFFFFFFFC000
FFFFFFFF0000
FFFFFFF80000
FE007FFC0000
FE0001FF0000
FE0000FF8000
FE00007F8000
FE00003FC000
FE00001FE000
FE00001FE000
FE00000FF000
FE00000FF000
FE000007F800
FE000007F800
FE000003FC00
FE000003FE00
FE000001FE00
FE000001FF00
FE000000FF00
FE0000007F80
FE0000007F80
FE0000003FC0
FE0000003FC0
FE0000001FE0
FE0000001FE0
FE0000000FE0
7C00000007C0
100000000180
ENDCHAR
STARTCHAR S
ENCODING 83
SWIDTH 618 0
DWIDTH 49 0
BBX 42 58 4 -1
BITMAP
0000FFF00000
000FFFFF0000
003FFFFFE000
00FFFFFFF000
01FFFFFFFC00
03FFFFFFFE00
07FFE07FFF00
0FFE0003FF80
1FF80000FF80
1FF000003F00
3FE000000F00
3FC000000000
3F8000000000
7F8000000000
7F8000000000
7F8000000000
7F0000000000
7F8000000000
7F8000000000
7F8000000000
7F8000000000
3FC000000000
3FE000000000
1FF800000000
1FFE00000000
0FFFE0000000
07FFFF000000
03FFFFF00000
01FFFFFF0000
007FFFFFC000
001FFFFFF000
0001FFFFFC00
00001FFFFE00
000000FFFF00
0000000FFF00
00000001FF80
00000000FF80
000000007FC0
000000003FC0
000000001FC0
000000001FC0
000000001FC0
000000001FC0
000000001FC0
000000001FC0
000000003FC0
780000003FC0
FC0000007F80
FF000000FF80
FFC00001FF00
FFFC000FFE00
7FFFFFFFFE00
3FFFFFFFFC00
1FFFFFFFF000
07FFFFFFE000
00FFFFFF8000
001FFFFC0000
00007FC00000
ENDCHAR
STARTCHAR T
ENCODING 84
SWIDTH 607 0
DWIDTH 49 0
BBX 49 57 0 -1
BITMAP
7FFFFFFFFFFF00
FFFFFFFFFFFF80
FFFFFFFFFFFF80
FFFFFFFFFFFF80
FFFFFFFFFFFF00
7FFFFFFFFFFE00
000007F0000000
000007F0000000
000007F0000000
000007F0000000
000007F0000000
000007F0000000
000007F0000000
000007F0000000
000007F0000000
000007F0000000
000007F0000000
000007F0000000
000007F0000000
000007F0000000
000007F0000000
000007F0000000
000007F0000000
000007F0000000
000007F0000000
000007F0000000
000007F0000000
000007F0000000
000007F0000000
000007F0000000
000007F0000000
000007F0000000
000007F0000000
000007F0000000
000007F0000000
000007F0000000
000007F0000000
000007F0000000
000007F0000000
000007F0000000
000007F0000000
000007F0000000
000007F0000000
000007F0000000
000007F0000000
000007F0000000
000007F0000000
000007F0000000
000007F0000000
000007F0000000
000007F0000000
000007F0000000
000007F0000000
000007F0000000
000007F0000000
000007E0000000
00000080000000
ENDCHAR
STARTCHAR U
ENCODING 85
SWIDTH 731 0
DWIDTH 58 0
BBX 46 58 6 -1
BITMAP
3C00000000F0
7E00000001FC
7F00000001FC
FF00000001FC
FF00000001FC
FF00000001FC
FF00000001FC
FF00000001FC
FF00000001FC
FF00000001FC
FF00000001FC
FF00000001FC
FF00000001FC
FF00000001FC
FF00000001FC
FF00000001FC
FF00000001FC
FF00000001FC
FF00000001FC
FF00000001FC
FF00000001FC
FF00000001FC
FF00000001FC
FF00000001FC
FF00000001FC
FF00000001FC
FF00000001FC
FF00000001FC
FF00000001FC
FF00000001FC
FF00000001FC
FF00000001FC
FF00000001FC
FF00000001FC
FF00000001FC
FF00000001FC
FF00000001FC
FF00000001FC
7F00000003FC
7F00000003FC
7F80000003FC
7F80000003F8
7F80000007F8
3F80000007F8
3FC0000007F8
3FE000000FF0
1FE000001FF0
1FF000003FE0
0FFC00007FE0
0FFE0001FFC0
07FFC007FF80
03FFFFFFFF80
01FFFFFFFE00
00FFFFFFFC00
003FFFFFF800
001FFFFFE000
0003FFFF0000
00000FF00000
ENDCHAR
STARTCHAR V
ENCODING 86
SWIDTH 694 0
DWIDTH 56 0
BBX 53 58 1 -1
BITMAP
3C0000000000F0
7E0000000001F8
FF0000000003F8
FF0000000003F8
7F0000000007F8
7F8000000007F8
7F8000000007F0
3FC00000000FF0
3FC00000000FE0
1FE00000001FE0
1FE00000001FC0
0FE00000003FC0
0FF00000003FC0
0FF00000003F80
07F80000007F80
07F80000007F00
03FC000000FF00
03FC000000FE00
01FC000001FE00
01FE000001FE00
00FE000001FC00
00FF000003FC00
00FF000003F800
007F800007F800
007F800007F000
003F80000FF000
003FC0000FE000
001FC0000FE000
001FE0001FE000
001FE0001FC000
000FF0003FC000
000FF0003F8000
0007F0007F8000
0007F8007F0000
0003F8007F0000
0003FC00FF0000
0001FC00FE0000
0001FE01FE0000
0001FE01FC0000
0000FE03FC0000
0000FF03F80000
00007F03F80000
00007F87F00000
00003F87F00000
00003FCFF00000
00003FCFE00000
00001FDFE00000
00001FFFC00000
00000FFFC00000
00000FFF800000
000007FF800000
000007FF000000
000003FF000000
000003FF000000
000003FE000000
000001FE000000
000000FC000000
00000020000000
ENDCHAR
STARTCHAR W
ENCODING 87
SWIDTH 1104 0
DWIDTH 88 0
BBX 82 58 3 -1
BITMAP
3C00000001E00000000780
7E00000003F00000000FC0
FF00000003F80000001FC0
FF00000007F80000001FC0
7F00000007F80000003FC0
7F80000007FC0000003F80
7F8000000FFC0000003F80
3F8000000FFC0000007F80
3FC000000FFE0000007F00
3FC000001FFE0000007F00
1FC000001FFF000000FF00
1FE000001FFF000000FE00
0FE000003FFF000000FE00
0FE000003FBF800001FE00
0FF000003F3F800001FC00
07F000007F3F800001FC00
07F000007F1FC00003FC00
07F80000FE1FC00003F800
03F80000FE1FC00003F800
03F80000FE0FE00007F800
03FC0001FC0FE00007F000
01FC0001FC0FE00007F000
01FC0001F807F0000FE000
01FE0003F807F0000FE000
00FE0003F803F0000FE000
00FE0003F003F8001FC000
00FF0007F003F8001FC000
007F0007F001F8001FC000
007F0007E001FC003F8000
007F800FE001FC003F8000
003F800FE000FC003F8000
003F800FC000FE007F0000
001FC01FC000FE007F0000
001FC01FC0007E00FF0000
001FC01F80007F00FE0000
000FE03F80007F00FE0000
000FE03F80003F01FE0000
000FF07F00003F81FC0000
0007F07F00003F81FC0000
0007F07F00001F83F80000
0007F8FE00001FC3F80000
0003F8FE00001FC3F80000
0003F8FC00000FE7F00000
0003FDFC00000FE7F00000
0001FDFC00000FE7F00000
0001FDF8000007FFE00000
0001FFF8000007FFE00000
0000FFF8000003FFE00000
0000FFF0000003FFC00000
0000FFF0000003FFC00000
00007FF0000001FFC00000
00007FE0000001FF800000
00003FE0000001FF800000
00003FE0000000FF800000
00003FC0000000FF000000
00001FC0000000FF000000
00001F800000007E000000
0000020000000008000000
ENDCHAR
STARTCHAR X
ENCODING 88
SWIDTH 655 0
DWIDTH 52 0
BBX 46 58 3 -1
BITMAP
1C00000000F0
3F00000001F8
7F00000003F8
7F80000007F8
3FC000000FF8
3FE000000FF0
1FE000001FF0
0FF000003FE0
0FF800003FC0
07FC00007F80
03FC0000FF80
01FE0001FF00
01FF0001FE00
00FF8003FC00
007F8007FC00
003FC00FF800
003FE00FF000
001FE01FE000
000FF03FE000
0007F83FC000
0007FC7F8000
0003FCFF0000
0001FFFF0000
0000FFFE0000
0000FFFC0000
00007FF80000
00003FF80000
00001FF00000
00001FF00000
00003FF00000
00007FF80000
00007FFC0000
0000FFFE0000
0001FFFE0000
0003FEFF0000
0003FCFF8000
0007F87FC000
000FF83FC000
001FF01FE000
001FE01FF000
003FC00FF800
007FC007F800
00FF8003FC00
00FF0003FE00
01FE0001FF00
03FE0000FF00
07FC0000FF80
07F800007FC0
0FF800003FE0
1FF000001FE0
3FE000001FF0
3FC000000FF8
7FC0000007FC
FF80000003FC
FF00000003FC
FE00000001FC
7C00000000FC
100000000020
ENDCHAR
STARTCHAR Y
ENCODING 89
SWIDTH 601 0
DWIDTH 48 0
BBX 46 58 1 -1
BITMAP
3C0000000078
7E00000001FC
FF00000001FC
FF00000003FC
7F80000007F8
7FC0000007F8
3FE000000FF0
1FE000001FE0
1FF000003FE0
0FF800003FC0
07F800007F80
03FC0000FF80
03FE0001FF00
01FF0001FE00
00FF0003FC00
00FF8007FC00
007FC007F800
003FE00FF000
001FE01FE000
001FF03FE000
000FF83FC000
0007F87F8000
0003FCFF8000
0003FFFF0000
0001FFFE0000
0000FFFC0000
0000FFFC0000
00007FF80000
00003FF00000
00001FF00000
00001FE00000
00001FE00000
00001FE00000
00001FE00000
00001FE00000
00001FE00000
00001FE00000
00001FE00000
00001FE00000
00001FE00000
00001FE00000
00001FE00000
00001FE00000
00001FE00000
00001FE00000
00001FE00000
00001FE00000
00001FE00000
00001FE00000
00001FE00000
00001FE00000
00001FE00000
00001FE00000
00001FE00000
00001FE00000
00000FC00000
00000FC00000
000001000000
ENDCHAR
STARTCHAR Z
ENCODING 90
SWIDTH 593 0
DWIDTH 47 0
BBX 43 56 3 0
BITMAP
7FFFFFFFFF80
FFFFFFFFFFC0
FFFFFFFFFFC0
FFFFFFFFFFC0
7FFFFFFFFFC0
3FFFFFFFFF80
00000000FF80
00000000FF00
00000001FE00
00000003FC00
00000007FC00
00000007F800
0000000FF000
0000001FF000
0000001FE000
0000003FC000
0000007F8000
000000FF8000
000000FF0000
000001FE0000
000003FC0000
000003FC0000
000007F80000
00000FF00000
00001FF00000
00001FE00000
00003FC00000
00007F800000
00007F800000
0000FF000000
0001FE000000
0003FE000000
0003FC000000
0007F8000000
000FF0000000
000FF0000000
001FE0000000
003FC0000000
007FC0000000
007F80000000
00FF00000000
01FE00000000
01FE00000000
03FC00000000
07F800000000
0FF800000000
0FF000000000
1FE000000000
3FC000000000
3FC000000000
7FFFFFFFFFC0
7FFFFFFFFFE0
FFFFFFFFFFE0
7FFFFFFFFFE0
7FFFFFFFFFE0
3FFFFFFFFFC0
ENDCHAR
STARTCHAR bracketleft
ENCODING 91
SWIDTH 324 0
DWIDTH 26 0
BBX 17 70 9 -14
BITMAP
7FFF00
FFFF80
FFFF80
FFFF80
FFFF00
FE0000
FE0000
FE0000
FE0000
FE0000
FE0000
FE0000
FE0000
FE0000
FE0000
FE0000
FE0000
FE0000
FE0000
FE0000
FE0000
FE0000
FE0000
FE0000
FE0000
FE0000
FE0000
FE0000
FE0000
FE0000
FE0000
FE0000
FE0000
FE0000
FE0000
FE0000
FE0000
FE0000
FE0000
FE0000
FE0000
FE0000
FE0000
FE0000
FE0000
FE0000
FE0000
FE0000
FE0000
FE0000
FE0000
FE0000
FE0000
FE0000
FE0000
FE0000
FE0000
FE0000
FE0000
FE0000
FE0000
FE0000
FE0000
FE0000
FE0000
FFFF00
FFFF80
FFFF80
FFFF80
7FFF00
ENDCHAR
STARTCHAR backslash
ENCODING 92
SWIDTH 290 0
DWIDTH 23 0
BBX 25 65 -1 -5
BITMAP
78000000
FC000000
FC000000
FC000000
FE000000
7E000000
7E000000
7F000000
3F000000
3F000000
3F800000
1F800000
1F800000
1FC00000
0FC00000
0FC00000
0FE00000
07E00000
07E00000
07F00000
03F00000
03F00000
03F80000
01F80000
01F80000
01F80000
00FC0000
00FC0000
00FC0000
00FE0000
007E0000
007E0000
007F0000
003F0000
003F0000
003F8000
001F8000
001F8000
001FC000
000FC000
000FC000
000FE000
0007E000
0007E000
0007F000
0003F000
0003F000
0003F800
0001F800
0001F800
0001FC00
0000FC00
0000FC00
0000FE00
00007E00
00007E00
00007E00
00007F00
00003F00
00003F00
00003F80
00001F80
00001F80
00000F80
00000700
ENDCHAR
STARTCHAR bracketright
ENCODING 93
SWIDTH 324 0
DWIDTH 26 0
BBX 17 70 0 -14
BITMAP
7FFF00
FFFF80
FFFF80
FFFF80
7FFF80
003F80
003F80
003F80
003F80
003F80
003F80
003F80
003F80
003F80
003F80
003F80
003F80
003F80
003F80
003F80
003F80
003F80
003F80
003F80
003F80
003F80
003F80
003F80
003F80
003F80
003F80
003F80
003F80
003F80
003F80
003F80
003F80
003F80
003F80
003F80
003F80
003F80
003F80
003F80
003F80
003F80
003F80
003F80
003F80
003F80
003F80
003F80
003F80
003F80
003F80
003F80
003F80
003F80
003F80
003F80
003F80
003F80
003F80
003F80
003F80
7FFF80
FFFF80
FFFF80
FFFF80
7FFF00
ENDCHAR
STARTCHAR asciicircum
ENCODING 94
SWIDTH 600 0
DWIDTH 48 0
BBX 38 40 5 11
BITMAP
0000780000
0000FC0000
0001FE0000
0001FE0000
0001FE0000
0003FF0000
0003FF0000
0007FF8000
0007FF8000
000FCFC000
000FCFC000
001F87E000
001F87E000
001F03E000
003F03F000
003F01F000
007E01F800
007E01F800
00FC00FC00
00FC00FC00
01F8007E00
01F8007E00
01F0003E00
03F0003F00
03F0003F00
07E0001F80
07E0001F80
0FC0000FC0
0FC0000FC0
1F800007E0
1F800007E0
3F000003E0
3F000003F0
3F000003F0
7E000001F8
7E000001F8
FC000000FC
FC000000FC
F80000007C
F80000007C
ENDCHAR
STARTCHAR underscore
ENCODING 95
SWIDTH 500 0
DWIDTH 40 0
BBX 38 5 1 -5
BITMAP
7FFFFFFFF8
FFFFFFFFFC
FFFFFFFFFC
FFFFFFFFFC
3FFFFFFFF0
ENDCHAR
STARTCHAR grave
ENCODING 96
SWIDTH 361 0
DWIDTH 29 0
BBX 13 18 8 43
BITMAP
7800
FC00
FE00
FE00
7F00
7F00
3F80
1F80
1FC0
0FC0
07E0
07E0
03F0
01F0
01F8
00F8
0070
0020
ENDCHAR
STARTCHAR a
ENCODING 97
SWIDTH 533 0
DWIDTH 43 0
BBX 33 41 4 -1
BITMAP
0001F00000
003FFF8000
01FFFFE000
0FFFFFF800
1FFFFFFC00
3FFFFFFC00
3FF807FE00
3FC001FF00
1E0000FF00
0000007F00
0000007F80
0000003F80
0000003F80
0000003F80
0000003F80
0000003F80
0000003F80
00007FFF80
007FFFFF80
03FFFFFF80
0FFFFFFF80
1FFFFFFF80
3FFC003F80
7FC0003F80
7F80003F80
FF00003F80
FF00003F80
FE00003F80
FE00007F80
FE00007F80
FF0000FF80
FF0000FF80
7F8001FF80
7FC003FF80
3FE00FFF80
3FFFFFBF80
1FFFFF3F80
0FFFFE3F80
03FFFC3F80
00FFF01F00
000F800400
ENDCHAR
STARTCHAR b
ENCODING 98
SWIDTH 587 0
DWIDTH 47 0
BBX 37 58 6 -1
BITMAP
7C00000000
FE00000000
FE00000000
FE00000000
FE00000000
FE00000000
FE00000000
FE00000000
FE00000000
FE00000000
FE00000000
FE00000000
FE00000000
FE00000000
FE00000000
FE00000000
FE00000000
FE003E0000
FE03FFE000
FE0FFFF800
FE3FFFFC00
FE7FFFFF00
FEFFFFFF80
FEFE03FF80
FFF800FFC0
FFE0003FE0
FFC0001FE0
FFC0001FF0
FF80000FF0
FF000007F0
FF000007F8
FF000007F8
FF000003F8
FE000003F8
FE000003F8
FE000003F8
FE000003F8
FE000003F8
FE000003F8
FE000003F8
FE000003F8
FE000003F8
FF000003F8
FF000007F8
FF000007F8
FF000007F0
FF80000FF0
FFC0001FF0
FFC0001FE0
FFE0003FE0
FFF800FFC0
FEFE03FF80
FEFFFFFF80
FE7FFFFF00
FE3FFFFC00
FE0FFFF800
7C03FFE000
10007E0000
ENDCHAR
STARTCHAR c
ENCODING 99
SWIDTH 465 0
DWIDTH 37 0
BBX 32 41 4 -1
BITMAP
0000F800
001FFFC0
007FFFF0
01FFFFFC
03FFFFFE
07FFFFFE
0FFF03FF
1FF8007F
3FF0001E
3FC00000
7FC00000
7F800000
7F000000
FF000000
FF000000
FE000000
FE000000
FE000000
FE000000
FE000000
FE000000
FE000000
FE000000
FE000000
FE000000
FF000000
FF000000
FF000000
7F800000
7F800000
3FC00000
3FE00000
1FF0001E
1FF8007E
0FFF03FE
07FFFFFE
03FFFFFE
01FFFFFC
007FFFF0
001FFFC0
0001FC00
ENDCHAR
STARTCHAR d
ENCODING 100
SWIDTH 587 0
DWIDTH 47 0
BBX 37 58 4 -1
BITMAP
00000001F0
00000003F8
00000003F8
00000003F8
00000003F8
00000003F8
00000003F8
00000003F8
00000003F8
00000003F8
00000003F8
00000003F8
00000003F8
00000003F8
00000003F8
00000003F8
00000003F8
0003E003F8
003FFE03F8
00FFFF83F8
01FFFFC3F8
07FFFFF3F8
0FFFFFF3F8
0FFE03FBF8
1FF800FFF8
3FE0003FF8
3FC0001FF8
7FC0001FF8
7F80000FF8
7F00000FF8
FF000007F8
FF000007F8
FE000007F8
FE000003F8
FE000003F8
FE000003F8
FE000003F8
FE000003F8
FE000003F8
FE000003F8
FE000003F8
FE000003F8
FE000007F8
FF000007F8
FF000007F8
7F00000FF8
7F80000FF8
7F80001FF8
3FC0001FF8
3FE0003FF8
1FF800FFF8
0FFE03FBF8
0FFFFFFBF8
07FFFFF3F8
01FFFFC3F8
00FFFF83F8
003FFE01F0
0003E00040
ENDCHAR
STARTCHAR e
ENCODING 101
SWIDTH 534 0
DWIDTH 43 0
BBX 36 41 4 -1
BITMAP
0000F80000
000FFF8000
007FFFE000
00FFFFF800
03FFFFFC00
07FFFFFE00
0FFC01FF00
0FF0007F80
1FE0003F80
3FC0001FC0
3F80000FC0
7F00000FC0
7F00000FE0
FF000007E0
FE000007E0
FE000007E0
FE000007E0
FE000007E0
FFFFFFFFE0
FFFFFFFFF0
FFFFFFFFE0
FFFFFFFFE0
FE00000000
FE00000000
FE00000000
FE00000000
FE00000000
FF00000000
7F00000000
7F80000000
3F80000000
3FC0000180
1FE00007E0
1FF8000FE0
0FFF00FFE0
07FFFFFFC0
03FFFFFFC0
00FFFFFF00
007FFFFC00
000FFFF000
0000FE0000
ENDCHAR
STARTCHAR f
ENCODING 102
SWIDTH 340 0
DWIDTH 27 0
BBX 29 58 0 -1
BITMAP
000001E0
00003FF0
0000FFF0
0003FFF8
0007FFF0
000FFFE0
001FFC00
003FE000
003FC000
007F8000
007F0000
007F0000
00FF0000
00FF0000
00FE0000
00FE0000
00FE0000
00FE0000
7FFFFF80
FFFFFFC0
FFFFFFE0
FFFFFFE0
7FFFFFC0
3FFFFF80
00FE0000
00FE0000
00FE0000
00FE0000
00FE0000
00FE0000
00FE0000
00FE0000
00FE0000
00FE0000
00FE0000
00FE0000
00FE0000
00FE0000
00FE0000
00FE0000
00FE0000
00FE0000
00FE0000
00FE0000
00FE0000
00FE0000
00FE0000
00FE0000
00FE0000
00FE0000
00FE0000
00FE0000
00FE0000
00FE0000
00FE0000
00FE0000
007E0000
00100000
ENDCHAR
STARTCHAR g
ENCODING 103
SWIDTH 590 0
DWIDTH 47 0
BBX 37 55 4 -15
BITMAP
0001F00040
003FFE01F0
00FFFF83F8
01FFFFE3F8
07FFFFF3F8
0FFFFFFBF8
0FFE03FBF8
1FF800FFF8
3FE0003FF8
3FC0001FF8
7F80000FF8
7F80000FF8
FF000007F8
FF000007F8
FF000007F8
FE000003F8
FE000003F8
FE000003F8
FE000003F8
FE000003F8
FE000003F8
FE000003F8
FE000003F8
FE000003F8
FE000003F8
FF000007F8
FF000007F8
7F80000FF8
7F80000FF8
3FC0001FF8
3FE0003FF8
1FF0007FF8
1FFC01FFF8
0FFFFFFBF8
07FFFFF3F8
03FFFFE3F8
00FFFFC3F8
007FFF03F8
000FF803F8
00000003F8
00000003F8
00000003F8
00000003F8
00000007F8
00000007F0
0000000FF0
1E00001FF0
3F80003FE0
3FF000FFC0
3FFFFFFFC0
1FFFFFFF80
0FFFFFFF00
03FFFFFC00
007FFFF000
0007FF8000
ENDCHAR
STARTCHAR h
ENCODING 104
SWIDTH 572 0
DWIDTH 46 0
BBX 34 58 6 -1
BITMAP
7C00000000
FE00000000
FE00000000
FE00000000
FE00000000
FE00000000
FE00000000
FE00000000
FE00000000
FE00000000
FE00000000
FE00000000
FE00000000
FE00000000
FE00000000
FE00000000
FE00000000
FE003C0000
FE03FFE000
FE0FFFF800
FE3FFFFC00
FE7FFFFE00
FEFFFFFF00
FEFF07FF00
FFF801FF80
FFE0007F80
FFC0007F80
FF80003FC0
FF80003FC0
FF00003FC0
FF00001FC0
FE00001FC0
FE00001FC0
FE00001FC0
FE00001FC0
FE00001FC0
FE00001FC0
FE00001FC0
FE00001FC0
FE00001FC0
FE00001FC0
FE00001FC0
FE00001FC0
FE00001FC0
FE00001FC0
FE00001FC0
FE00001FC0
FE00001FC0
FE00001FC0
FE00001FC0
FE00001FC0
FE00001FC0
FE00001FC0
FE00001FC0
FE00001FC0
FE00001FC0
7C00000F80
1000000200
ENDCHAR
STARTCHAR i
ENCODING 105
SWIDTH 237 0
DWIDTH 19 0
BBX 9 56 5 0
BITMAP
7F00
FF80
FF80
FF80
FF80
FF80
7F00
3E00
0000
0000
0000
0000
0000
0000
0000
0000
0000
3E00
7F00
7F00
7F00
7F00
7F00
7F00
7F00
7F00
7F00
7F00
7F00
7F00
7F00
7F00
7F00
7F00
7F00
7F00
7F00
7F00
7F00
7F00
7F00
7F00
7F00
7F00
7F00
7F00
7F00
7F00
7F00
7F00
7F00
7F00
7F00
7F00
7F00
3E00
ENDCHAR
STARTCHAR j
ENCODING 106
SWIDTH 241 0
DWIDTH 19 0
BBX 19 71 -5 -15
BITMAP
001FC0
001FE0
003FE0
003FE0
003FE0
003FE0
001FE0
000F80
000000
000000
000000
000000
000000
000000
000000
000000
000200
000FC0
001FC0
001FC0
001FC0
001FC0
001FC0
001FC0
001FC0
001FC0
001FC0
001FC0
001FC0
001FC0
001FC0
001FC0
001FC0
001FC0
001FC0
001FC0
001FC0
001FC0
001FC0
001FC0
001FC0
001FC0
001FC0
001FC0
001FC0
001FC0
001FC0
001FC0
001FC0
001FC0
001FC0
001FC0
001FC0
001FC0
001FC0
001FC0
001FC0
001FC0
001FC0
001FC0
001FC0
003FC0
003FC0
007F80
00FF80
0FFF00
7FFF00
7FFE00
FFF800
7FF000
7F8000
ENDCHAR
STARTCHAR k
ENCODING 107
SWIDTH 508 0
DWIDTH 41 0
BBX 32 58 6 -1
BITMAP
7C000000
FE000000
FE000000
FE000000
FE000000
FE000000
FE000000
FE000000
FE000000
FE000000
FE000000
FE000000
FE000000
FE000000
FE000000
FE000000
FE000000
FE000010
FE00007C
FE0001FE
FE0003FE
FE0007FC
FE000FFC
FE001FF8
FE003FE0
FE007FC0
FE00FF80
FE01FF00
FE03FE00
FE07FC00
FE0FF800
FE1FF000
FE3FE000
FE7FC000
FEFF8000
FFFF0000
FFFE0000
FFFF0000
FFFF8000
FEFFC000
FE7FE000
FE3FF000
FE1FF800
FE0FFC00
FE07FE00
FE03FF00
FE01FF80
FE00FFC0
FE007FE0
FE003FF0
FE000FF8
FE0007FC
FE0003FE
FE0001FF
FE0000FF
FE00007F
7C00003F
10000004
ENDCHAR
STARTCHAR l
ENCODING 108
SWIDTH 301 0
DWIDTH 24 0
BBX 18 58 6 -1
BITMAP
7C0000
FE0000
FE0000
FE0000
FE0000
FE0000
FE0000
FE0000
FE0000
FE0000
FE0000
FE0000
FE0000
FE0000
FE0000
FE0000
FE0000
FE0000
FE0000
FE0000
FE0000
FE0000
FE0000
FE0000
FE0000
FE0000
FE0000
FE0000
FE0000
FE0000
FE0000
FE0000
FE0000
FE0000
FE0000
FE0000
FE0000
FE0000
FE0000
FE0000
FE0000
FE0000
FE0000
FE0000
FE0000
FE0000
FE0000
FF0000
FF0000
FF8000
7FC000
7FF980
3FFFC0
3FFFC0
1FFFC0
0FFFC0
03FF80
007E00
ENDCHAR
STARTCHAR m
ENCODING 109
SWIDTH 861 0
DWIDTH 69 0
BBX 57 41 6 -1
BITMAP
10007C00003C0000
7C07FF8003FFC000
FE1FFFE00FFFF000
FE3FFFF01FFFF800
FE7FFFF87FFFFC00
FEFFFFFC7FFFFE00
FEFE0FFCFF0FFE00
FFF003FFF801FF00
FFE001FFF000FF00
FFC000FFE0007F00
FF8000FFC0007F80
FF8000FFC0007F80
FF00007F80007F80
FF00007F80003F80
FF00007F00003F80
FE00007F00003F80
FE00007F00003F80
FE00007F00003F80
FE00007F00003F80
FE00007F00003F80
FE00007F00003F80
FE00007F00003F80
FE00007F00003F80
FE00007F00003F80
FE00007F00003F80
FE00007F00003F80
FE00007F00003F80
FE00007F00003F80
FE00007F00003F80
FE00007F00003F80
FE00007F00003F80
FE00007F00003F80
FE00007F00003F80
FE00007F00003F80
FE00007F00003F80
FE00007F00003F80
FE00007F00003F80
FE00007F00003F80
FE00007F00003F80
7C00003E00001F00
1800000800000C00
ENDCHAR
STARTCHAR n
ENCODING 110
SWIDTH 572 0
DWIDTH 46 0
BBX 34 41 6 -1
BITMAP
10003C0000
7C03FFE000
FE0FFFF800
FE3FFFFC00
FE7FFFFE00
FEFFFFFF00
FEFF07FF00
FFF801FF80
FFE0007F80
FFC0007F80
FF80003FC0
FF80003FC0
FF00003FC0
FF00001FC0
FE00001FC0
FE00001FC0
FE00001FC0
FE00001FC0
FE00001FC0
FE00001FC0
FE00001FC0
FE00001FC0
FE00001FC0
FE00001FC0
FE00001FC0
FE00001FC0
FE00001FC0
FE00001FC0
FE00001FC0
FE00001FC0
FE00001FC0
FE00001FC0
FE00001FC0
FE00001FC0
FE00001FC0
FE00001FC0
FE00001FC0
FE00001FC0
FE00001FC0
7C00000F80
1000000200
ENDCHAR
STARTCHAR o
ENCODING 111
SWIDTH 560 0
DWIDTH 45 0
BBX 37 41 4 -1
BITMAP
0000F80000
001FFFC000
007FFFF000
01FFFFFC00
03FFFFFE00
07FFFFFF00
0FFE03FF80
1FF800FFC0
1FE0003FC0
3FC0001FE0
7FC0001FE0
7F80000FF0
7F00000FF0
FF000007F0
FF000007F8
FE000007F8
FE000003F8
FE000003F8
FE000003F8
FE000003F8
FE000003F8
FE000003F8
FE000003F8
FE000003F8
FE000003F8
FE000007F8
FF000007F8
FF000007F0
7F00000FF0
7F80000FF0
7F80001FE0
3FC0001FE0
1FE0003FC0
1FF800FFC0
0FFE03FF80
07FFFFFF00
03FFFFFE00
01FFFFFC00
007FFFF000
001FFFC000
0001F80000
ENDCHAR
STARTCHAR p
ENCODING 112
SWIDTH 587 0
DWIDTH 47 0
BBX 37 55 6 -15
BITMAP
10003E0000
7C03FFE000
FE0FFFF800
FE3FFFFC00
FE7FFFFF00
FEFFFFFF80
FEFE03FF80
FFF800FFC0
FFE0003FE0
FFC0001FE0
FFC0001FF0
FF80000FF0
FF000007F0
FF000007F8
FF000007F8
FF000003F8
FE000003F8
FE000003F8
FE000003F8
FE000003F8
FE000003F8
FE000003F8
FE000003F8
FE000003F8
FE000003F8
FF000003F8
FF000007F8
FF000007F8
FF000007F0
FF80000FF0
FFC0001FF0
FFC0001FE0
FFE0003FE0
FFF800FFC0
FEFE03FF80
FEFFFFFF80
FE7FFFFF00
FE3FFFFC00
FE0FFFF800
FE03FFE000
FE007E0000
FE00000000
FE00000000
FE00000000
FE00000000
FE00000000
FE00000000
FE00000000
FE00000000
FE00000000
FE00000000
FE00000000
FE00000000
FE00000000
7C00000000
ENDCHAR
STARTCHAR q
ENCODING 113
SWIDTH 587 0
DWIDTH 47 0
BBX 37 55 4 -15
BITMAP
0003E00040
003FFE01F0
00FFFF83F8
01FFFFC3F8
07FFFFF3F8
0FFFFFF3F8
0FFE03FBF8
1FF800FFF8
3FE0003FF8
3FC0001FF8
7FC0001FF8
7F80000FF8
7F00000FF8
FF000007F8
FF000007F8
FE000007F8
FE000003F8
FE000003F8
FE000003F8
FE000003F8
FE000003F8
FE000003F8
FE000003F8
FE000003F8
FE000003F8
FE000007F8
FF000007F8
FF000007F8
7F00000FF8
7F80000FF8
7F80001FF8
3FC0001FF8
3FE0003FF8
1FF800FFF8
0FFE03FBF8
0FFFFFF3F8
07FFFFF3F8
03FFFFC3F8
00FFFF83F8
003FFE03F8
0003E003F8
00000003F8
00000003F8
00000003F8
00000003F8
00000003F8
00000003F8
00000003F8
00000003F8
00000003F8
00000003F8
00000003F8
00000003F8
00000003F8
00000001F0
ENDCHAR
STARTCHAR r
ENCODING 114
SWIDTH 365 0
DWIDTH 29 0
BBX 23 41 6 -1
BITMAP
100038
7C03FC
FE0FFE
FE3FFE
FE7FFE
FEFFFC
FEFFF0
FFFE00
FFF000
FFE000
FFC000
FF8000
FF0000
FF0000
FF0000
FE0000
FE0000
FE0000
FE0000
FE0000
FE0000
FE0000
FE0000
FE0000
FE0000
FE0000
FE0000
FE0000
FE0000
FE0000
FE0000
FE0000
FE0000
FE0000
FE0000
FE0000
FE0000
FE0000
FE0000
7C0000
180000
ENDCHAR
STARTCHAR s
ENCODING 115
SWIDTH 483 0
DWIDTH 39 0
BBX 31 41 4 -1
BITMAP
0003E000
007FFF00
01FFFFC0
07FFFFF0
0FFFFFF8
1FFFFFFC
3FF007FC
3FC000FC
7F800038
7F000000
7F000000
7F000000
7F000000
7F000000
7F000000
7F800000
3FE00000
3FFC0000
1FFFE000
0FFFFE00
07FFFFC0
01FFFFE0
003FFFF8
0001FFF8
00000FFC
000003FC
000001FE
000000FE
000000FE
000000FE
000000FE
000000FE
F00001FE
FC0003FC
FF8007FC
FFFFFFF8
7FFFFFF0
3FFFFFE0
0FFFFF80
01FFFE00
001FE000
ENDCHAR
STARTCHAR t
ENCODING 116
SWIDTH 358 0
DWIDTH 29 0
BBX 29 52 0 -1
BITMAP
007C0000
00FE0000
00FE0000
00FE0000
00FE0000
00FE0000
00FE0000
00FE0000
00FE0000
00FE0000
00FE0000
00FE0000
7FFFFFE0
FFFFFFF0
FFFFFFF0
FFFFFFF0
FFFFFFE0
3FFFFFC0
00FE0000
00FE0000
00FE0000
00FE0000
00FE0000
00FE0000
00FE0000
00FE0000
00FE0000
00FE0000
00FE0000
00FE0000
00FE0000
00FE0000
00FE0000
00FE0000
00FE0000
00FE0000
00FE0000
00FE0000
00FE0000
00FE0000
00FF0000
00FF0000
00FF0000
007F8000
007FC000
003FFCF8
003FFFF8
001FFFF8
000FFFF8
0007FFF8
0001FFF0
00000F00
ENDCHAR
STARTCHAR u
ENCODING 117
SWIDTH 565 0
DWIDTH 45 0
BBX 33 41 6 -1
BITMAP
1000000400
FC00001F00
FE00003F80
FE00003F80
FE00003F80
FE00003F80
FE00003F80
FE00003F80
FE00003F80
FE00003F80
FE00003F80
FE00003F80
FE00003F80
FE00003F80
FE00003F80
FE00003F80
FE00003F80
FE00003F80
FE00003F80
FE00003F80
FE00003F80
FE00003F80
FE00003F80
FE00003F80
FE00003F80
FE00003F80
FE00003F80
FE00007F80
FE00007F80
FE00007F80
FF0000FF80
FF0001FF80
7F8003FF80
7FC007FF80
3FF83FFF80
3FFFFFBF80
1FFFFF3F80
0FFFFE3F80
07FFFC3F80
01FFF01F80
002F000400
ENDCHAR
STARTCHAR v
ENCODING 118
SWIDTH 518 0
DWIDTH 41 0
BBX 37 41 2 -1
BITMAP
1000000020
7C000000F8
FE000001F8
FE000003F8
FF000003F8
FF000003F8
7F800007F8
7F800007F0
3F80000FF0
3FC0000FE0
1FC0000FE0
1FE0001FC0
1FE0001FC0
0FE0003F80
0FF0003F80
07F0003F80
07F8007F00
03F8007F00
03FC00FE00
03FC00FE00
01FC01FC00
01FE01FC00
00FE01FC00
00FF03F800
007F03F800
007F07F000
007F87F000
003F87E000
003FCFE000
001FCFE000
001FDFC000
000FFFC000
000FFF8000
000FFF8000
0007FF0000
0007FF0000
0003FF0000
0003FE0000
0001FE0000
0000FC0000
0000300000
ENDCHAR
STARTCHAR w
ENCODING 119
SWIDTH 844 0
DWIDTH 68 0
BBX 62 41 3 -1
BITMAP
1000000200000020
7C00000FC00000F8
FE00000FC00001F8
FE00001FE00001FC
FE00001FE00003F8
FF00003FE00003F8
7F00003FF00003F8
7F00003FF00007F0
7F80007FF80007F0
3F80007FF80007F0
3F80007FF8000FE0
1FC000FFFC000FE0
1FC000FDFC000FE0
1FE001FCFC001FC0
0FE001F8FE001FC0
0FE001F8FE001F80
0FF003F87E003F80
07F003F07F003F80
07F003F03F007F00
03F807F03F007F00
03F807E03F807F00
03F807E01F80FE00
01FC0FE01FC0FE00
01FC0FC01FC0FC00
01FC1FC00FC1FC00
00FE1F800FE1FC00
00FE1F800FE1F800
007F3F8007E3F800
007F3F0007F3F800
007F3F0003F3F000
003FFF0003F7F000
003FFE0003FFE000
003FFE0001FFE000
001FFE0001FFE000
001FFC0001FFC000
000FFC0000FFC000
000FF80000FFC000
000FF80000FF8000
0007F800007F8000
0003F000003F0000
0000C00000080000
ENDCHAR
STARTCHAR x
ENCODING 120
SWIDTH 530 0
DWIDTH 42 0
BBX 35 40 4 0
BITMAP
1000000200
7E00000F80
7F00001FC0
FF00003FC0
7F80007FC0
7FC0007F80
3FE000FF00
1FE001FE00
0FF003FE00
07F803FC00
07FC07F800
03FE0FF000
01FE1FE000
00FF3FE000
007FBFC000
007FFF8000
003FFF0000
001FFE0000
000FFE0000
0007FC0000
0007FC0000
000FFE0000
001FFE0000
003FFF0000
007FFF8000
00FFFFC000
00FF3FE000
01FE1FF000
03FC0FF000
07FC07F800
0FF807FC00
0FF003FE00
1FE001FF00
3FE000FF00
7FC0007F80
FF80007FC0
FF00003FE0
FE00001FE0
FE00000FE0
FC000007C0
ENDCHAR
STARTCHAR y
ENCODING 121
SWIDTH 517 0
DWIDTH 41 0
BBX 37 55 2 -15
BITMAP
1000000020
7C000000F8
FE000001F8
FE000003F8
FF000003F8
FF000003F8
7F800007F8
7F800007F0
3F80000FF0
3FC0000FE0
1FC0000FE0
1FE0001FC0
1FE0001FC0
0FE0003F80
0FF0003F80
07F0007F80
07F8007F00
03F8007F00
03FC00FE00
03FC00FE00
01FC01FC00
01FE01FC00
00FE01FC00
00FF03F800
007F03F800
007F07F000
007F87F000
003F8FE000
003FCFE000
001FCFE000
001FDFC000
000FFFC000
000FFF8000
000FFF8000
0007FF0000
0007FF0000
0003FF0000
0003FE0000
0001FE0000
0001FC0000
0003FC0000
0003F80000
0007F80000
0007F80000
0007F00000
000FF00000
000FE00000
001FE00000
001FC00000
003FC00000
003F800000
003F800000
003F800000
003F000000
001E000000
ENDCHAR
STARTCHAR z
ENCODING 122
SWIDTH 466 0
DWIDTH 37 0
BBX 32 39 4 0
BITMAP
7FFFFFF8
FFFFFFFC
FFFFFFFC
FFFFFFFC
FFFFFFFC
7FFFFFFC
000007F8
000007F0
00000FE0
00001FC0
00003FC0
00003F80
00007F00
0000FE00
0001FE00
0001FC00
0003F800
0007F000
000FF000
000FE000
001FC000
003F8000
007F8000
00FF0000
00FE0000
01FC0000
03FC0000
07F80000
07F00000
0FE00000
1FC00000
3FC00000
3F800000
7FFFFFF8
FFFFFFFE
FFFFFFFE
FFFFFFFF
FFFFFFFE
7FFFFFFC
ENDCHAR
STARTCHAR braceleft
ENCODING 123
SWIDTH 361 0
DWIDTH 29 0
BBX 26 70 3 -14
BITMAP
0007FF80
001FFFC0
003FFFC0
003FFFC0
007FFF80
007FC000
007F8000
007F0000
007F0000
007F0000
007F0000
007F0000
007F0000
007F0000
007F0000
007F0000
007F0000
007F0000
007F0000
007F0000
007F0000
007F0000
007F0000
007F0000
007F0000
007F0000
007F0000
00FF0000
00FF0000
00FE0000
01FE0000
03FE0000
7FFC0000
7FF80000
FFF00000
FFE00000
7FF80000
7FFC0000
03FE0000
01FE0000
00FE0000
00FF0000
00FF0000
007F0000
007F0000
007F0000
007F0000
007F0000
007F0000
007F0000
007F0000
007F0000
007F0000
007F0000
007F0000
007F0000
007F0000
007F0000
007F0000
007F0000
007F0000
007F0000
007F0000
007F0000
007FC000
007FFF80
003FFFC0
003FFFC0
001FFFC0
0007FF80
ENDCHAR
STARTCHAR bar
ENCODING 124
SWIDTH 270 0
DWIDTH 22 0
BBX 7 72 7 -15
BITMAP
3C
7E
FE
FE
FE
FE
FE
FE
FE
FE
FE
FE
FE
FE
FE
FE
FE
FE
FE
FE
FE
FE
FE
FE
FE
FE
FE
FE
FE
FE
FE
FE
FE
FE
FE
FE
FE
FE
FE
FE
FE
FE
FE
FE
FE
FE
FE
FE
FE
FE
FE
FE
FE
FE
FE
FE
FE
FE
FE
FE
FE
FE
FE
FE
FE
FE
FE
FE
FE
FE
7E
3C
ENDCHAR
STARTCHAR braceright
ENCODING 125
SWIDTH 361 0
DWIDTH 29 0
BBX 26 70 0 -14
BITMAP
7FF80000
FFFE0000
FFFF0000
FFFF0000
7FFF8000
00FF8000
007F8000
003F8000
003F8000
003F8000
003F8000
003F8000
003F8000
003F8000
003F8000
003F8000
003F8000
003F8000
003F8000
003F8000
003F8000
003F8000
003F8000
003F8000
003F8000
003F8000
003F8000
003F8000
003FC000
003FC000
001FE000
001FF000
000FFF80
0007FF80
0003FFC0
0003FFC0
0007FF80
000FFF00
001FF000
001FE000
003FC000
003FC000
003F8000
003F8000
003F8000
003F8000
003F8000
003F8000
003F8000
003F8000
003F8000
003F8000
003F8000
003F8000
003F8000
003F8000
003F8000
003F8000
003F8000
003F8000
003F8000
003F8000
003F8000
007F8000
00FF8000
7FFF8000
FFFF0000
FFFF0000
FFFE0000
7FF80000
ENDCHAR
STARTCHAR asciitilde
ENCODING 126
SWIDTH 600 0
DWIDTH 48 0
BBX 38 12 5 17
BITMAP
00F0000000
07FF000000
1FFFC00038
3FFFF0007C
3FFFFC00FC
7FFFFF01FC
FE03FFFFF8
FC00FFFFF8
F8003FFFF0
70000FFFE0
000003FF80
0000007C00
ENDCHAR
STARTCHAR uni00A0
ENCODING 160
SWIDTH 261 0
DWIDTH 21 0
BBX 1 1 0 0
BITMAP
00
ENDCHAR
STARTCHAR exclamdown
ENCODING 161
SWIDTH 233 0
DWIDTH 19 0
BBX 9 54 5 -15
BITMAP
3E00
FF00
FF80
FF80
FF80
FF80
FF80
7F00
3E00
0000
0000
0000
0000
0000
0000
1C00
3E00
3E00
3E00
3E00
3E00
3E00
3E00
3E00
7E00
7E00
7E00
7E00
7E00
7E00
7E00
7F00
7F00
7F00
7F00
7F00
7F00
7F00
7F00
7F00
7F00
7F00
FF00
FF00
FF00
FF00
FF00
FF00
FF00
FF00
FF00
FF00
7F00
3E00
ENDCHAR
STARTCHAR cent
ENCODING 162
SWIDTH 600 0
DWIDTH 48 0
BBX 33 59 7 -10
BITMAP
0000700000
0000F80000
0001FC0000
0001FC0000
0001FC0000
0001FC0000
0001FC0000
0001FC0000
0001FC0000
0001FC0000
0007FFC000
001FFFF800
007FFFFE00
01FFFFFF00
03FFFFFF80
07FFE7FF80
0FFE003F80
0FF8000F80
1FF0000200
3FE0000000
3FC0000000
3F80000000
7F80000000
7F80000000
7F00000000
FF00000000
FF00000000
FF00000000
FF00000000
FF00000000
FF00000000
FF00000000
FF00000000
FF00000000
7F00000000
7F00000000
7F80000000
7F80000000
3FC0000000
3FE0000000
1FF0000300
1FF8000F80
0FFE003F80
07FFE7FF80
03FFFFFF80
01FFFFFF00
00FFFFFE00
003FFFF800
000FFFC000
0001FC0000
0001FC0000
0001FC0000
0001FC0000
0001FC0000
0001FC0000
0001FC0000
0000F80000
0000F80000
0000700000
ENDCHAR
STARTCHAR sterling
ENCODING 163
SWIDTH 600 0
DWIDTH 48 0
BBX 42 57 3 0
BITMAP
00000FFF0000
00007FFFE000
0001FFFFF800
0003FFFFFE00
0007FFFFFF80
000FFFFFFFC0
001FFC03FFC0
003FF0003FC0
003FC0001FC0
007FC00007C0
007F80000100
007F80000000
007F00000000
007F00000000
00FF00000000
00FF00000000
00FF00000000
00FF00000000
00FF00000000
00FF00000000
00FF00000000
00FF00000000
00FF00000000
00FF00000000
00FF00000000
00FF00000000
7FFFFFF80000
FFFFFFFC0000
FFFFFFFE0000
FFFFFFFC0000
7FFFFFFC0000
00FF00000000
00FF00000000
00FF00000000
00FF00000000
00FF00000000
00FF00000000
00FF00000000
00FF00000000
00FF00000000
00FF00000000
00FF00000000
00FF00000000
00FF00000000
00FF00000000
00FF00000000
00FF00000000
00FF00000000
00FF00000000
00FF00000000
00FF00000000
7FFFFFFFFF80
FFFFFFFFFFC0
FFFFFFFFFFC0
FFFFFFFFFFC0
7FFFFFFFFF80
3FFFFFFFFF80
ENDCHAR
STARTCHAR currency
ENCODING 164
SWIDTH 600 0
DWIDTH 48 0
BBX 42 43 3 -2
BITMAP
700000000300
780000000780
FC01FFE00FC0
FE07FFF81FC0
7F1FFFFE3F80
3FFFFFFFFF00
1FFFFFFFFE00
0FFFFFFFFC00
07FF807FF800
07FE001FF000
07F80007F800
0FF00003FC00
0FE00001FC00
1FC00001FE00
1FC00000FE00
1F8000007E00
3F8000007F00
3F8000007F00
3F0000003F00
3F0000003F00
3F0000003F00
3F0000003F00
3F0000003F00
3F0000003F00
3F0000007F00
3F8000007F00
3F8000007F00
1F800000FE00
1FC00000FE00
1FE00001FE00
0FE00001FC00
0FF00003FC00
07F8000FF800
03FE001FF000
07FF807FF800
0FFFFFFFFC00
1FFFFFFFFE00
3FBFFFFF7F00
7F1FFFFE3F80
FE07FFF81FC0
FC00FFC00FC0
780000000780
300000000100
ENDCHAR
STARTCHAR yen
ENCODING 165
SWIDTH 600 0
DWIDTH 48 0
BBX 44 58 2 -1
BITMAP
7800000001E0
FC00000003F0
FE00000007F0
FF0000000FF0
FF0000000FF0
7F8000001FE0
3FC000003FC0
3FC000003FC0
1FE000007F80
0FF00000FF00
0FF80001FF00
07F80001FE00
03FC0003FC00
01FE0007FC00
01FE0007F800
00FF000FF000
007F801FE000
007F801FE000
003FC03FC000
001FE07F8000
000FF0FF8000
000FF0FF0000
0007F9FE0000
0003FFFC0000
0001FFFC0000
0001FFF80000
0FFFFFFFFF00
1FFFFFFFFF80
1FFFFFFFFF80
1FFFFFFFFF80
0FFFFFFFFF00
00003FC00000
00003FC00000
00003FC00000
00003FC00000
00003FC00000
00003FC00000
00003FC00000
0FFFFFFFFF00
1FFFFFFFFF80
1FFFFFFFFF80
1FFFFFFFFF80
0FFFFFFFFF00
00003FC00000
00003FC00000
00003FC00000
00003FC00000
00003FC00000
00003FC00000
00003FC00000
00003FC00000
00003FC00000
00003FC00000
00003FC00000
00003FC00000
00001F800000
00001F800000
000002000000
ENDCHAR
STARTCHAR brokenbar
ENCODING 166
SWIDTH 270 0
DWIDTH 22 0
BBX 7 72 7 -15
BITMAP
3C
7E
FE
FE
FE
FE
FE
FE
FE
FE
FE
FE
FE
FE
FE
FE
FE
FE
FE
FE
FE
FE
FE
FE
FE
FE
7E
3C
00
00
00
00
00
00
00
00
00
00
00
00
00
00
00
00
3C
7E
FE
FE
FE
FE
FE
FE
FE
FE
FE
FE
FE
FE
FE
FE
FE
FE
FE
FE
FE
FE
FE
FE
FE
FE
7E
3C
ENDCHAR
STARTCHAR section
ENCODING 167
SWIDTH 551 0
DWIDTH 44 0
BBX 38 72 3 -15
BITMAP
0001FFE000
000FFFFC00
003FFFFF80
007FFFFFC0
01FFFFFFF0
01FFE3FFF0
03FE001FF0
07F80003F0
07F00000E0
0FF0000000
0FE0000000
0FE0000000
0FE0000000
1FE0000000
1FE0000000
0FE0000000
0FE0000000
0FE0000000
0FF0000000
0FF8000000
07FC000000
0FFE000000
1FFF800000
1FFFE00000
3FFFF80000
7F3FFF0000
7F1FFFC000
7E07FFF000
FE01FFFC00
FE007FFE00
FE001FFF80
FE0007FFC0
FE0001FFE0
FF00007FF0
7F00001FF0
7F80000FF8
7FC00007F8
3FE00003F8
3FF80003FC
1FFE0001FC
0FFF8001FC
07FFE001FC
01FFF801FC
00FFFE01FC
003FFF81F8
000FFFE1F8
0003FFF3F8
00007FFFF0
00001FFFE0
000007FFE0
000001FFC0
000000FF80
0000007FC0
0000003FC0
0000001FC0
0000001FC0
0000001FE0
0000001FE0
0000001FE0
0000001FC0
0000001FC0
0000001FC0
0000003FC0
1800003F80
3E00007F80
7FC001FF00
7FFE1FFF00
3FFFFFFC00
1FFFFFF800
07FFFFF000
01FFFFC000
001FFE0000
ENDCHAR
STARTCHAR dieresis
ENCODING 168
SWIDTH 478 0
DWIDTH 38 0
BBX 22 8 8 48
BITMAP
3E00F8
7F01FC
FF03FC
FF03FC
FF03FC
FF01FC
7E01F8
3C00F0
ENDCHAR
STARTCHAR copyright
ENCODING 169
SWIDTH 815 0
DWIDTH 65 0
BBX 58 58 4 -1
BITMAP
000003FFE0000000
00001FFFFE000000
0000FFFFFF800000
0003FFFFFFE00000
0007F8000FF80000
001FE00001FC0000
003F8000007E0000
007E0000003F8000
00F80000000FC000
01F000000007C000
03E000000003E000
07C000000001F000
0F8001FFF000F800
0F0007FFFC007800
1F001FFFFF003C00
1E003FFFFF803C00
3C007FFFFF801E00
3C00FFC03F801E00
7C00FF0007800F00
7801FE0002000F00
7803FC0000000F00
F003F80000000780
F003F80000000780
F007F00000000780
F007F00000000780
F007F00000000780
F007E00000000380
F007E00000000380
F007E000000003C0
F007E000000003C0
F007E00000000380
F007F00000000380
F007F00000000780
F007F00000000780
F003F00000000780
F003F80000000780
7803F80000000780
7801FC0000000F00
7801FE0003000F00
3C00FF800F801F00
3C007FE07F801E00
3E003FFFFF803E00
1E001FFFFF003C00
1F000FFFFE007C00
0F8003FFF800F800
07C0007FC000F000
07C000000001F000
03E000000003E000
01F800000007C000
00FC0000001F8000
007E0000003F0000
003F800000FE0000
000FF00003FC0000
0007FE003FF00000
0001FFFFFFC00000
00007FFFFF000000
00000FFFF8000000
0000007F00000000
ENDCHAR
STARTCHAR ordfeminine
ENCODING 170
SWIDTH 330 0
DWIDTH 26 0
BBX 22 24 2 33
BITMAP
03FF00
1FFFC0
3FFFE0
7FFFF0
3C03F8
0000F8
0000F8
000078
000078
00007C
01FFFC
0FFFFC
3FFFFC
7F007C
FC007C
F800FC
F800FC
F800FC
FC01FC
7C03FC
7F9F7C
3FFE7C
1FFC78
07F878
ENDCHAR
STARTCHAR guillemotleft
ENCODING 171
SWIDTH 453 0
DWIDTH 36 0
BBX 28 29 4 7
BITMAP
006000C0
00F001E0
01F803F0
01F807F0
03F807F0
07F00FE0
07F00FE0
0FE01FC0
0FE03FC0
1FC03F80
3FC07F80
3F807F00
7F80FF00
7F00FE00
FF01FE00
7F01FE00
7F00FE00
7F80FF00
3F807F00
1FC03F80
1FC03F80
0FE01FC0
0FE01FC0
07F00FE0
03F007E0
03F807F0
01F803F0
00F803F0
00F001E0
ENDCHAR
STARTCHAR logicalnot
ENCODING 172
SWIDTH 600 0
DWIDTH 48 0
BBX 40 23 4 11
BITMAP
7FFFFFFFFC
FFFFFFFFFE
FFFFFFFFFE
FFFFFFFFFF
FFFFFFFFFF
3FFFFFFFFF
000000003F
000000003F
000000003F
000000003F
000000003F
000000003F
000000003F
000000003F
000000003F
000000003F
000000003F
000000003F
000000003F
000000003F
000000003E
000000003E
000000001C
ENDCHAR
STARTCHAR uni00AD
ENCODING 173
SWIDTH 427 0
DWIDTH 34 0
BBX 24 6 5 18
BITMAP
7FFFFE
FFFFFF
FFFFFF
FFFFFF
7FFFFE
3FFFFC
ENDCHAR
STARTCHAR registered
ENCODING 174
SWIDTH 815 0
DWIDTH 65 0
BBX 58 58 4 -1
BITMAP
000003FFE0000000
00001FFFFE000000
0000FFFFFF800000
0003FFFFFFE00000
0007F8000FF80000
001FE00001FC0000
003F8000007E0000
007E0000003F8000
00F80000000FC000
01F000000007C000
03E000000003E000
07C000000001F000
0F803FFFF000F800
0F007FFFFC007800
1F007FFFFE003C00
1E007FFFFF003C00
3C007E01FF801E00
3C007E001F801E00
7C007E000FC00F00
78007E000FC00F00
78007E000FC00F00
F0007E0007C00780
F0007E0007C00780
F0007E000FC00780
F0007E000FC00780
F0007E000FC00780
F0007E003F800380
F0007FFFFF000380
F0007FFFFF0003C0
F0007FFFFC0003C0
F0007FFFF0000380
F0007FFFF0000380
F0007E03F8000780
F0007E00FC000780
F0007E00FE000780
F0007E007E000780
78007E007E000780
78007E003F000F00
78007E003F000F00
3C007E003F001F00
3C007E001F801E00
3E007E001F803E00
1E007E001F803C00
1F007E000FC07C00
0F807E000FC0F800
07C03C000780F000
07C000000001F000
03E000000003E000
01F800000007C000
00FC0000001F8000
007E0000003F0000
003F800000FE0000
000FF00003FC0000
0007FE003FF00000
0001FFFFFFC00000
00007FFFFF000000
00000FFFF8000000
0000007F00000000
ENDCHAR
STARTCHAR macron
ENCODING 175
SWIDTH 507 0
DWIDTH 41 0
BBX 25 5 8 50
BITMAP
3FFFFC00
FFFFFF00
FFFFFF80
FFFFFF00
7FFFFF00
ENDCHAR
STARTCHAR degree
ENCODING 176
SWIDTH 373 0
DWIDTH 30 0
BBX 24 24 3 33
BITMAP
00FF00
03FFC0
0FFFF0
1FFFF8
3FFFFC
3F00FC
7E007E
7C003E
FC003E
F8001F
F8001F
F8001F
F8001F
F8001F
F8003F
FC003E
7C007E
7E00FE
3F81FC
1FFFF8
0FFFF0
07FFE0
03FFC0
007C00
ENDCHAR
STARTCHAR plusminus
ENCODING 177
SWIDTH 600 0
DWIDTH 48 0
BBX 40 43 4 0
BITMAP
00003C0000
00007E0000
00007E0000
00007E0000
00007E0000
00007E0000
00007E0000
00007E0000
00007E0000
00007E0000
00007E0000
00007E0000
00007E0000
00007E0000
7FFFFFFFFE
FFFFFFFFFF
FFFFFFFFFF
FFFFFFFFFF
7FFFFFFFFE
00007E0000
00007E0000
00007E0000
00007E0000
00007E0000
00007E0000
00007E0000
00007E0000
00007E0000
00007E0000
00007E0000
00007E0000
00007E0000
00003C0000
0000000000
0000000000
0000000000
0000000000
0000000000
FFFFFFFFFF
FFFFFFFFFF
FFFFFFFFFF
FFFFFFFFFF
7FFFFFFFFE
ENDCHAR
STARTCHAR uni00B2
ENCODING 178
SWIDTH 380 0
DWIDTH 30 0
BBX 24 34 3 23
BITMAP
01FF00
0FFFC0
3FFFF0
7FFFF8
FFFFF8
FE07FC
F801FC
2001FC
0000FC
0000FC
0000FC
0000FC
0000FC
0001FC
0001F8
0003F8
0007F0
000FE0
000FE0
001FC0
003F80
007F00
00FE00
01FC00
03F800
07F000
0FE000
1FC000
3F8000
7FFFFF
7FFFFF
7FFFFF
7FFFFF
3FFFFF
ENDCHAR
STARTCHAR uni00B3
ENCODING 179
SWIDTH 380 0
DWIDTH 30 0
BBX 24 34 3 23
BITMAP
01FF00
0FFFE0
3FFFF0
7FFFF8
FFFFFC
FF03FC
F800FE
2000FE
00007E
00007E
00007E
0000FC
0000FC
0003F8
03FFF0
07FFE0
07FF80
07FFF0
07FFF8
01FFFC
0000FE
00007E
00007E
00003F
00003F
00007F
20007E
F800FE
FE01FE
FFFFFC
FFFFFC
3FFFF8
1FFFE0
03FF80
ENDCHAR
STARTCHAR acute
ENCODING 180
SWIDTH 361 0
DWIDTH 29 0
BBX 13 18 8 43
BITMAP
01F0
01F8
03F8
03F8
07F0
07F0
0FE0
0FC0
1FC0
1F80
3F00
3F00
7E00
7C00
FC00
F800
F000
2000
ENDCHAR
STARTCHAR uni00B5
ENCODING 181
SWIDTH 600 0
DWIDTH 48 0
BBX 34 55 7 -15
BITMAP
1000000200
7E00001F80
FE00001FC0
FE00001FC0
FE00001FC0
FE00001FC0
FE00001FC0
FE00001FC0
FE00001FC0
FE00001FC0
FE00001FC0
FE00001FC0
FE00001FC0
FE00001FC0
FE00001FC0
FE00001FC0
FE00001FC0
FE00001FC0
FE00001FC0
FE00001FC0
FE00001FC0
FE00001FC0
FE00001FC0
FE00001FC0
FE00001FC0
FE00003FC0
FF00003FC0
FF00003FC0
FF00003FC0
FF00007FC0
FF0000FFC0
FF8000FFC0
FFC003FFC0
FFE007FFC0
FFFC3FDFC0
FFFFFFDFC0
FFFFFF9FC0
FFFFFF1FC0
FEFFFE1FC0
FE3FF80F80
FE07C00200
FE00000000
FE00000000
FE00000000
FE00000000
FE00000000
FE00000000
FE00000000
FE00000000
FE00000000
FE00000000
FE00000000
FE00000000
7E00000000
3C00000000
ENDCHAR
STARTCHAR paragraph
ENCODING 182
SWIDTH 596 0
DWIDTH 48 0
BBX 38 71 3 -15
BITMAP
001FFFFFF8
00FFFFFFFC
01FFFFFFFC
07FFFFFFFC
0FFFFFFFFC
0FFFFC00FC
1FFFFC00FC
3FFFFC00FC
3FFFFC00FC
7FFFFC00FC
7FFFFC00FC
7FFFFC00FC
7FFFFC00FC
7FFFFC00FC
FFFFFC00FC
FFFFFC00FC
FFFFFC00FC
7FFFFC00FC
7FFFFC00FC
7FFFFC00FC
7FFFFC00FC
7FFFFC00FC
3FFFFC00FC
3FFFFC00FC
1FFFFC00FC
1FFFFC00FC
0FFFFC00FC
07FFFC00FC
03FFFC00FC
00FFFC00FC
003FFC00FC
0003FC00FC
00007C00FC
00007C00FC
00007C00FC
00007C00FC
00007C00FC
00007C00FC
00007C00FC
00007C00FC
00007C00FC
00007C00FC
00007C00FC
00007C00FC
00007C00FC
00007C00FC
00007C00FC
00007C00FC
00007C00FC
00007C00FC
00007C00FC
00007C00FC
00007C00FC
00007C00FC
00007C00FC
00007C00FC
00007C00FC
00007C00FC
00007C00FC
00007C00FC
00007C00FC
00007C00FC
00007C00FC
00007C00FC
00007C00FC
00007C00FC
00007C00FC
00007C00FC
00007C00FC
00007C007C
0000380078
ENDCHAR
STARTCHAR periodcentered
ENCODING 183
SWIDTH 233 0
DWIDTH 19 0
BBX 9 9 5 17
BITMAP
3E00
7F00
FF80
FF80
FF80
FF80
FF80
FF00
7E00
ENDCHAR
STARTCHAR cedilla
ENCODING 184
SWIDTH 407 0
DWIDTH 33 0
BBX 16 17 8 -15
BITMAP
0780
0780
0F80
0F80
0F00
0FE0
0FFC
0FFE
0F7F
001F
000F
000F
001F
FFFF
FFFE
FFFC
3FF0
ENDCHAR
STARTCHAR uni00B9
ENCODING 185
SWIDTH 380 0
DWIDTH 30 0
BBX 21 34 6 23
BITMAP
007800
00FC00
03FC00
0FFC00
3FFC00
7FFC00
FFFC00
FFFC00
FCFC00
70FC00
00FC00
00FC00
00FC00
00FC00
00FC00
00FC00
00FC00
00FC00
00FC00
00FC00
00FC00
00FC00
00FC00
00FC00
00FC00
00FC00
00FC00
00FC00
00FC00
7FFFF0
FFFFF8
FFFFF8
FFFFF8
7FFFF0
ENDCHAR
STARTCHAR ordmasculine
ENCODING 186
SWIDTH 342 0
DWIDTH 27 0
BBX 24 24 2 33
BITMAP
00FF00
07FFC0
0FFFE0
1FFFF8
3F01F8
7E00FC
7C007E
FC003E
F8003E
F8003E
F8003F
F8003F
F8003F
F8003F
F8003E
F8003E
FC003E
7C007C
7E00FC
3F81F8
1FFFF0
0FFFE0
07FFC0
01FF00
ENDCHAR
STARTCHAR guillemotright
ENCODING 187
SWIDTH 453 0
DWIDTH 36 0
BBX 28 29 4 7
BITMAP
30006000
7C00F800
FC01F800
FE01FC00
7E00FC00
7F00FE00
3F807F00
3F807F00
1FC03F80
1FC03F80
0FE01FC0
0FF01FE0
07F00FE0
07F80FF0
03F807F0
07F80FF0
07F00FE0
0FF01FE0
0FE01FC0
1FE03FC0
1FC03F80
3FC07F00
3F807F00
7F00FE00
7F00FE00
7E01FC00
FC01F800
7C01F800
7800F000
ENDCHAR
STARTCHAR onequarter
ENCODING 188
SWIDTH 898 0
DWIDTH 72 0
BBX 64 59 6 -1
BITMAP
0000000000038000
007800000007C000
00FC0000000FC000
03FC0000000FC000
0FFC0000001FC000
3FFC0000001F8000
7FFC0000003F8000
FFFC0000003F0000
FFFC0000007E0000
FCFC000000FE0000
70FC000000FC0000
00FC000001FC0000
00FC000001F80000
00FC000003F80000
00FC000003F00000
00FC000007E00000
00FC00000FE00000
00FC00000FC00000
00FC00001FC00000
00FC00001F800000
00FC00003F800000
00FC00007F000000
00FC00007E000000
00FC0000FE000000
00FC0000FC0003C0
00FC0001FC0007E0
00FC0001F8000FE0
00FC0003F0000FE0
00FC0007F0001FE0
00FC0007E0003FE0
7FFFF00FE0003FE0
FFFFF80FC0007FE0
FFFFF81FC000FFE0
FFFFF81F8001FFE0
7FFFF03F0001F7E0
0000007F0003F7E0
0000007E0007E7E0
000000FE0007C7E0
000000FC000FC7E0
000001FC001F87E0
000003F8001F07E0
000003F0003E07E0
000007F0007E07E0
000007E0007C07E0
00000FE000F807E0
00000FC001F807E0
00001FC001FFFFFE
00003F8003FFFFFF
00003F0003FFFFFF
00007F0003FFFFFF
00007E0003FFFFFF
0000FE0000FFFFFC
0000FC00000007E0
0001F800000007E0
0003F800000007E0
0003F000000007E0
0003F000000007E0
0003E000000003E0
0003C00000000000
ENDCHAR
STARTCHAR onehalf
ENCODING 189
SWIDTH 942 0
DWIDTH 75 0
BBX 66 59 6 -1
BITMAP
000000000003800000
007800000007C00000
00FC0000000FC00000
03FC0000000FC00000
0FFC0000001FC00000
3FFC0000001F800000
7FFC0000003F800000
FFFC0000003F000000
FFFC0000007E000000
FCFC000000FE000000
70FC000000FC000000
00FC000001FC000000
00FC000001F8000000
00FC000003F8000000
00FC000003F0000000
00FC000007E0000000
00FC00000FE0000000
00FC00000FC0000000
00FC00001FC0000000
00FC00001F80000000
00FC00003F80000000
00FC00007F00000000
00FC00007E00000000
00FC0000FE00000000
00FC0000FC007FC000
00FC0001FC03FFF000
00FC0001F80FFFFC00
00FC0003F01FFFFE00
00FC0007F03FFFFE00
00FC0007E03F81FF00
7FFFF00FE03E007F00
FFFFF80FC008007F00
FFFFF81FC000003F00
FFFFF81F8000003F00
7FFFF03F0000003F00
0000007F0000003F00
0000007E0000007F00
000000FE0000007F00
000000FC0000007E00
000001FC000000FE00
000003F8000001FC00
000003F0000003F800
000007F0000007F800
000007E0000007F000
00000FE000000FE000
00000FC000001FC000
00001FC000003F8000
00003F8000007F0000
00003F000000FE0000
00007F000001FC0000
00007E000003F80000
0000FE000007F00000
0000FC00000FE00000
0001F800001FFFFFC0
0003F800001FFFFFC0
0003F000001FFFFFC0
0003F000001FFFFFC0
0003E000000FFFFFC0
0003C0000000000000
ENDCHAR
STARTCHAR threequarters
ENCODING 190
SWIDTH 898 0
DWIDTH 72 0
BBX 67 59 3 -1
BITMAP
000000000000700000
01FF00000000F80000
0FFFE0000001F80000
3FFFF0000001F80000
7FFFF8000003F80000
FFFFFC000003F00000
FF03FC000007F00000
F800FE000007E00000
2000FE00000FC00000
00007E00001FC00000
00007E00001F800000
00007E00003F800000
0000FC00003F000000
0000FC00007F000000
0003F800007E000000
03FFF00000FC000000
07FFE00001FC000000
07FF800001F8000000
07FFF00003F8000000
07FFF80003F0000000
01FFFC0007F0000000
0000FE000FE0000000
00007E000FC0000000
00007E001FC0000000
00003F001F80007800
00003F003F8000FC00
00007F003F0001FC00
20007E007E0001FC00
F800FE00FE0003FC00
FE01FE00FC0007FC00
FFFFFC01FC0007FC00
FFFFFC01F8000FFC00
3FFFF803F8001FFC00
1FFFE003F0003FFC00
03FF8007E0003EFC00
0000000FE0007EFC00
0000000FC000FCFC00
0000001FC000F8FC00
0000001F8001F8FC00
0000003F8003F0FC00
0000007F0003E0FC00
0000007E0007C0FC00
000000FE000FC0FC00
000000FC000F80FC00
000001FC001F00FC00
000001F8003F00FC00
000003F8003FFFFFC0
000007F0007FFFFFE0
000007E0007FFFFFE0
00000FE0007FFFFFE0
00000FC0007FFFFFE0
00001FC0001FFFFF80
00001F80000000FC00
00003F00000000FC00
00007F00000000FC00
00007E00000000FC00
00007E00000000FC00
00007C000000007C00
000078000000000000
ENDCHAR
STARTCHAR questiondown
ENCODING 191
SWIDTH 447 0
DWIDTH 36 0
BBX 34 54 2 -15
BITMAP
0003F00000
0007F80000
000FF80000
000FFC0000
000FFC0000
000FFC0000
0007F80000
0007F80000
0003F00000
0000000000
0000000000
0000000000
0000000000
0000000000
0000000000
0001E00000
0003E00000
0003E00000
0003E00000
0003E00000
0007E00000
0007E00000
000FC00000
000FC00000
001FC00000
003F800000
007F800000
00FF000000
01FE000000
03FC000000
07F8000000
0FF0000000
1FE0000000
1FE0000000
3FC0000000
7F80000000
7F00000000
7F00000000
FF00000000
FE00000000
FE00000000
FE00000000
FE00000000
FF00000700
FF00001F80
FF80007FC0
7FC001FFC0
7FFC1FFF80
3FFFFFFF00
1FFFFFFE00
0FFFFFF800
07FFFFE000
01FFFF8000
003FFC0000
ENDCHAR
STARTCHAR Agrave
ENCODING 192
SWIDTH 733 0
DWIDTH 59 0
BBX 53 77 3 -1
BITMAP
00006000000000
0001F000000000
0003F800000000
0003F800000000
0001FC00000000
0000FE00000000
0000FE00000000
00007F00000000
00003F80000000
00001FC0000000
00000FC0000000
000007E0000000
000003E0000000
000001E0000000
000001E0000000
00000000000000
00000000000000
00000000000000
00000000000000
000000F0000000
000001FC000000
000003FC000000
000003FE000000
000007FE000000
000007FF000000
000007FF000000
00000FFF800000
00000FFF800000
00001FDF800000
00001FDFC00000
00003F9FC00000
00003F8FE00000
00007F0FE00000
00007F07F00000
00007E07F00000
0000FE03F80000
0000FE03F80000
0001FC03F80000
0001FC01FC0000
0003F801FC0000
0003F800FE0000
0003F800FE0000
0007F0007F0000
0007F0007F0000
000FE0007F8000
000FE0003F8000
001FC0003F8000
001FC0001FC000
003FC0001FC000
003F80000FE000
003F80000FE000
007F00000FF000
007F000007F000
00FE000007F000
00FE000003F800
01FE000003F800
01FFFFFFFFFC00
03FFFFFFFFFC00
03FFFFFFFFFE00
03FFFFFFFFFE00
07FFFFFFFFFF00
07FFFFFFFFFF00
0FF00000007F00
0FE00000007F80
1FE00000003F80
1FC00000003FC0
3FC00000001FC0
3F800000001FE0
3F800000000FE0
7F800000000FF0
7F000000000FF0
FF0000000007F0
FE0000000007F8
FE0000000003F8
FC0000000003F8
FC0000000001F8
20000000000040
ENDCHAR
STARTCHAR Aacute
ENCODING 193
SWIDTH 733 0
DWIDTH 59 0
BBX 53 77 3 -1
BITMAP
00000000300000
000000007C0000
00000000FC0000
00000001FC0000
00000001FC0000
00000003F80000
00000007F00000
00000007E00000
0000000FE00000
0000001FC00000
0000001F800000
0000003F000000
0000007E000000
0000007C000000
00000038000000
00000000000000
00000000000000
00000000000000
00000000000000
000000F0000000
000001FC000000
000003FC000000
000003FE000000
000007FE000000
000007FF000000
000007FF000000
00000FFF800000
00000FFF800000
00001FDF800000
00001FDFC00000
00003F9FC00000
00003F8FE00000
00007F0FE00000
00007F07F00000
00007E07F00000
0000FE03F80000
0000FE03F80000
0001FC03F80000
0001FC01FC0000
0003F801FC0000
0003F800FE0000
0003F800FE0000
0007F0007F0000
0007F0007F0000
000FE0007F8000
000FE0003F8000
001FC0003F8000
001FC0001FC000
003FC0001FC000
003F80000FE000
003F80000FE000
007F00000FF000
007F000007F000
00FE000007F000
00FE000003F800
01FE000003F800
01FFFFFFFFFC00
03FFFFFFFFFC00
03FFFFFFFFFE00
03FFFFFFFFFE00
07FFFFFFFFFF00
07FFFFFFFFFF00
0FF00000007F00
0FE00000007F80
1FE00000003F80
1FC00000003FC0
3FC00000001FC0
3F800000001FE0
3F800000000FE0
7F800000000FF0
7F000000000FF0
FF0000000007F0
FE0000000007F8
FE0000000003F8
FC0000000003F8
FC0000000001F8
20000000000040
ENDCHAR
STARTCHAR Acircumflex
ENCODING 194
SWIDTH 733 0
DWIDTH 59 0
BBX 53 77 3 -1
BITMAP
00000070000000
000001FC000000
000003FE000000
000007FE000000
000007FF000000
00000FFF800000
00001FDFC00000
00003F8FC00000
00003F07E00000
00007E03F00000
0000FC03F80000
0001F801F80000
0001F800FC0000
0001F0007C0000
0001E0003C0000
00000000000000
00000000000000
00000000000000
00000000000000
000000F0000000
000001FC000000
000003FC000000
000003FE000000
000007FE000000
000007FF000000
000007FF000000
00000FFF800000
00000FFF800000
00001FDF800000
00001FDFC00000
00003F9FC00000
00003F8FE00000
00007F0FE00000
00007F07F00000
00007E07F00000
0000FE03F80000
0000FE03F80000
0001FC03F80000
0001FC01FC0000
0003F801FC0000
0003F800FE0000
0003F800FE0000
0007F0007F0000
0007F0007F0000
000FE0007F8000
000FE0003F8000
001FC0003F8000
001FC0001FC000
003FC0001FC000
003F80000FE000
003F80000FE000
007F00000FF000
007F000007F000
00FE000007F000
00FE000003F800
01FE000003F800
01FFFFFFFFFC00
03FFFFFFFFFC00
03FFFFFFFFFE00
03FFFFFFFFFE00
07FFFFFFFFFF00
07FFFFFFFFFF00
0FF00000007F00
0FE00000007F80
1FE00000003F80
1FC00000003FC0
3FC00000001FC0
3F800000001FE0
3F800000000FE0
7F800000000FF0
7F000000000FF0
FF0000000007F0
FE0000000007F8
FE0000000003F8
FC0000000003F8
FC0000000001F8
20000000000040
ENDCHAR
STARTCHAR Atilde
ENCODING 195
SWIDTH 733 0
DWIDTH 59 0
BBX 53 75 3 -1
BITMAP
0000300001E000
0001FF0001E000
0007FFC001E000
000FFFE003E000
000FFFF803C000
001FFFFE0FC000
003F01FFFFC000
003E00FFFF8000
003C003FFF0000
003C001FFE0000
003C0003F80000
00380000000000
00000000000000
00000000000000
00000000000000
00000000000000
00000000000000
000000F0000000
000001FC000000
000003FC000000
000003FE000000
000007FE000000
000007FF000000
000007FF000000
00000FFF800000
00000FFF800000
00001FDF800000
00001FDFC00000
00003F9FC00000
00003F8FE00000
00007F0FE00000
00007F07F00000
00007E07F00000
0000FE03F80000
0000FE03F80000
0001FC03F80000
0001FC01FC0000
0003F801FC0000
0003F800FE0000
0003F800FE0000
0007F0007F0000
0007F0007F0000
000FE0007F8000
000FE0003F8000
001FC0003F8000
001FC0001FC000
003FC0001FC000
003F80000FE000
003F80000FE000
007F00000FF000
007F000007F000
00FE000007F000
00FE000003F800
01FE000003F800
01FFFFFFFFFC00
03FFFFFFFFFC00
03FFFFFFFFFE00
03FFFFFFFFFE00
07FFFFFFFFFF00
07FFFFFFFFFF00
0FF00000007F00
0FE00000007F80
1FE00000003F80
1FC00000003FC0
3FC00000001FC0
3F800000001FE0
3F800000000FE0
7F800000000FF0
7F000000000FF0
FF0000000007F0
FE0000000007F8
FE0000000003F8
FC0000000003F8
FC0000000001F8
20000000000040
ENDCHAR
STARTCHAR Adieresis
ENCODING 196
SWIDTH 733 0
DWIDTH 59 0
BBX 53 73 3 -1
BITMAP
00007800E00000
0000FE03F80000
0001FE03F80000
0001FE03F80000
0001FE07F80000
0001FE03F80000
0000FE03F80000
00007C01F00000
00000000000000
00000000000000
00000000000000
00000000000000
00000000000000
00000000000000
00000000000000
000000F0000000
000001FC000000
000003FC000000
000003FE000000
000007FE000000
000007FF000000
000007FF000000
00000FFF800000
00000FFF800000
00001FDF800000
00001FDFC00000
00003F9FC00000
00003F8FE00000
00007F0FE00000
00007F07F00000
00007E07F00000
0000FE03F80000
0000FE03F80000
0001FC03F80000
0001FC01FC0000
0003F801FC0000
0003F800FE0000
0003F800FE0000
0007F0007F0000
0007F0007F0000
000FE0007F8000
000FE0003F8000
001FC0003F8000
001FC0001FC000
003FC0001FC000
003F80000FE000
003F80000FE000
007F00000FF000
007F000007F000
00FE000007F000
00FE000003F800
01FE000003F800
01FFFFFFFFFC00
03FFFFFFFFFC00
03FFFFFFFFFE00
03FFFFFFFFFE00
07FFFFFFFFFF00
07FFFFFFFFFF00
0FF00000007F00
0FE00000007F80
1FE00000003F80
1FC00000003FC0
3FC00000001FC0
3F800000001FE0
3F800000000FE0
7F800000000FF0
7F000000000FF0
FF0000000007F0
FE0000000007F8
FE0000000003F8
FC0000000003F8
FC0000000001F8
20000000000040
ENDCHAR
STARTCHAR Aring
ENCODING 197
SWIDTH 733 0
DWIDTH 59 0
BBX 53 80 3 -1
BITMAP
000003FC000000
000007FF000000
00001FFF800000
00001FDFC00000
00003E03E00000
00007C01E00000
00007801F00000
00007800F00000
00007800F00000
00007800F00000
00007800F00000
00007801F00000
00007C01E00000
00003E03E00000
00001F9FC00000
00001FFF800000
00000FFF000000
000003FE000000
00000000000000
00000000000000
00000000000000
00000000000000
000000F0000000
000001FC000000
000003FC000000
000003FE000000
000007FE000000
000007FF000000
000007FF000000
00000FFF800000
00000FFF800000
00001FDF800000
00001FDFC00000
00003F9FC00000
00003F8FE00000
00007F0FE00000
00007F07F00000
00007E07F00000
0000FE03F80000
0000FE03F80000
0001FC03F80000
0001FC01FC0000
0003F801FC0000
0003F800FE0000
0003F800FE0000
0007F0007F0000
0007F0007F0000
000FE0007F8000
000FE0003F8000
001FC0003F8000
001FC0001FC000
003FC0001FC000
003F80000FE000
003F80000FE000
007F00000FF000
007F000007F000
00FE000007F000
00FE000003F800
01FE000003F800
01FFFFFFFFFC00
03FFFFFFFFFC00
03FFFFFFFFFE00
03FFFFFFFFFE00
07FFFFFFFFFF00
07FFFFFFFFFF00
0FF00000007F00
0FE00000007F80
1FE00000003F80
1FC00000003FC0
3FC00000001FC0
3F800000001FE0
3F800000000FE0
7F800000000FF0
7F000000000FF0
FF0000000007F0
FE0000000007F8
FE0000000003F8
FC0000000003F8
FC0000000001F8
20000000000040
ENDCHAR
STARTCHAR AE
ENCODING 198
SWIDTH 984 0
DWIDTH 79 0
BBX 75 57 0 -1
BITMAP
000000007FFFFFFFFFC0
00000000FFFFFFFFFFE0
00000001FFFFFFFFFFE0
00000003FFFFFFFFFFE0
00000003FFFFFFFFFFE0
00000007FFFFFFFFFF80
00000007FF8000000000
0000000FFF8000000000
0000001FDFC000000000
0000001FDFC000000000
0000003F9FC000000000
0000003F9FC000000000
0000007F0FC000000000
000000FF0FE000000000
000000FE0FE000000000
000001FC0FE000000000
000003FC07E000000000
000003F807E000000000
000007F807F000000000
000007F007F000000000
00000FE007F000000000
00001FE003F000000000
00001FC003F800000000
00003FC003F800000000
00003F8003FFFFFFFF00
00007F0003FFFFFFFF80
0000FF0001FFFFFFFF80
0000FE0001FFFFFFFFC0
0001FE0001FFFFFFFF80
0001FC0001FFFFFFFF80
0003F80000FC00000000
0007F80000FC00000000
0007F00000FE00000000
000FF00000FE00000000
001FE00000FE00000000
001FC000007E00000000
003FFFFFFFFF00000000
003FFFFFFFFF00000000
007FFFFFFFFF00000000
00FFFFFFFFFF00000000
00FFFFFFFFFF00000000
01FFFFFFFFFF80000000
01FC0000003F80000000
03FC0000003F80000000
07F80000001F80000000
07F80000001FC0000000
0FF00000001FC0000000
0FE00000001FC0000000
1FE00000001FC0000000
3FC00000000FC0000000
3FC00000000FFFFFFFC0
7F800000000FFFFFFFE0
7F000000000FFFFFFFE0
FF000000000FFFFFFFE0
FE0000000007FFFFFFE0
7C0000000003FFFFFFC0
38000000000000000000
ENDCHAR
STARTCHAR Ccedilla
ENCODING 199
SWIDTH 675 0
DWIDTH 54 0
BBX 45 72 5 -15
BITMAP
00000FFF8000
0000FFFFF800
0003FFFFFE00
000FFFFFFF80
003FFFFFFFE0
007FFFFFFFF0
00FFFFFFFFF8
01FFF0007FF8
03FFC0000FF8
07FF000003F8
07FE000000F8
0FF800000060
1FF000000000
1FF000000000
3FE000000000
3FC000000000
3FC000000000
7FC000000000
7F8000000000
7F8000000000
7F8000000000
FF0000000000
FF0000000000
FF0000000000
FF0000000000
FF0000000000
FF0000000000
FF0000000000
FF0000000000
FF0000000000
FF0000000000
FF0000000000
FF0000000000
FF0000000000
FF0000000000
FF0000000000
FF0000000000
7F8000000000
7F8000000000
7F8000000000
7FC000000000
3FC000000000
3FE000000000
1FE000000000
1FF000000000
0FF800000000
0FFC00000070
07FE000001F8
03FF000007F8
03FFC0001FF8
01FFFC00FFF8
00FFFFFFFFF8
003FFFFFFFE0
001FFFFFFFC0
0007FFFFFF00
0001FFFFFC00
00007FFFE000
000003FE0000
000001E00000
000001E00000
000001FC0000
000003FF8000
000003FFC000
000001FFE000
00000003E000
00000003E000
00000003E000
00000007E000
00001FFFE000
00001FFFC000
00001FFF8000
00000FFE0000
ENDCHAR
STARTCHAR Egrave
ENCODING 200
SWIDTH 586 0
DWIDTH 47 0
BBX 36 76 7 0
BITMAP
0060000000
00F8000000
01F8000000
01FC000000
01FE000000
00FE000000
007F000000
003F800000
001F800000
000FC00000
0007E00000
0007E00000
0003F00000
0001F00000
0000F00000
0000000000
0000000000
0000000000
0000000000
0000000000
7FFFFFFFF0
FFFFFFFFF0
FFFFFFFFF0
FFFFFFFFF0
FFFFFFFFF0
FFFFFFFFC0
FE00000000
FE00000000
FE00000000
FE00000000
FE00000000
FE00000000
FE00000000
FE00000000
FE00000000
FE00000000
FE00000000
FE00000000
FE00000000
FE00000000
FE00000000
FE00000000
FE00000000
FE00000000
FFFFFFFF80
FFFFFFFFC0
FFFFFFFFE0
FFFFFFFFE0
FFFFFFFFE0
FFFFFFFFC0
FE00000000
FE00000000
FE00000000
FE00000000
FE00000000
FE00000000
FE00000000
FE00000000
FE00000000
FE00000000
FE00000000
FE00000000
FE00000000
FE00000000
FE00000000
FE00000000
FE00000000
FE00000000
FE00000000
FE00000000
FFFFFFFFE0
FFFFFFFFF0
FFFFFFFFF0
FFFFFFFFF0
FFFFFFFFF0
3FFFFFFFE0
ENDCHAR
STARTCHAR Eacute
ENCODING 201
SWIDTH 586 0
DWIDTH 47 0
BBX 36 76 7 0
BITMAP
0000001800
0000007C00
0000007E00
000000FE00
000001FE00
000001FC00
000003F800
000007F000
000007E000
00000FC000
00001FC000
00001F8000
00003F0000
00003E0000
00003C0000
0000000000
0000000000
0000000000
0000000000
0000000000
7FFFFFFFF0
FFFFFFFFF0
FFFFFFFFF0
FFFFFFFFF0
FFFFFFFFF0
FFFFFFFFC0
FE00000000
FE00000000
FE00000000
FE00000000
FE00000000
FE00000000
FE00000000
FE00000000
FE00000000
FE00000000
FE00000000
FE00000000
FE00000000
FE00000000
FE00000000
FE00000000
FE00000000
FE00000000
FFFFFFFF80
FFFFFFFFC0
FFFFFFFFE0
FFFFFFFFE0
FFFFFFFFE0
FFFFFFFFC0
FE00000000
FE00000000
FE00000000
FE00000000
FE00000000
FE00000000
FE00000000
FE00000000
FE00000000
FE00000000
FE00000000
FE00000000
FE00000000
FE00000000
FE00000000
FE00000000
FE00000000
FE00000000
FE00000000
FE00000000
FFFFFFFFE0
FFFFFFFFF0
FFFFFFFFF0
FFFFFFFFF0
FFFFFFFFF0
3FFFFFFFE0
ENDCHAR
STARTCHAR Ecircumflex
ENCODING 202
SWIDTH 586 0
DWIDTH 47 0
BBX 36 76 7 0
BITMAP
0000780000
0000FC0000
0001FE0000
0003FF0000
0007FF8000
000FFFC000
000FCFC000
001F87E000
003F87F000
003F03F000
007E01F800
00FC00FC00
01F8007E00
01F0003E00
00F0001C00
0000000000
0000000000
0000000000
0000000000
0000000000
7FFFFFFFF0
FFFFFFFFF0
FFFFFFFFF0
FFFFFFFFF0
FFFFFFFFF0
FFFFFFFFC0
FE00000000
FE00000000
FE00000000
FE00000000
FE00000000
FE00000000
FE00000000
FE00000000
FE00000000
FE00000000
FE00000000
FE00000000
FE00000000
FE00000000
FE00000000
FE00000000
FE00000000
FE00000000
FFFFFFFF80
FFFFFFFFC0
FFFFFFFFE0
FFFFFFFFE0
FFFFFFFFE0
FFFFFFFFC0
FE00000000
FE00000000
FE00000000
FE00000000
FE00000000
FE00000000
FE00000000
FE00000000
FE00000000
FE00000000
FE00000000
FE00000000
FE00000000
FE00000000
FE00000000
FE00000000
FE00000000
FE00000000
FE00000000
FE00000000
FFFFFFFFE0
FFFFFFFFF0
FFFFFFFFF0
FFFFFFFFF0
FFFFFFFFF0
3FFFFFFFE0
ENDCHAR
STARTCHAR Edieresis
ENCODING 203
SWIDTH 586 0
DWIDTH 47 0
BBX 36 72 7 0
BITMAP
003C00F000
007E01F800
00FF03FC00
00FF03FC00
00FF03FC00
00FF03FC00
00FE01FC00
003C00F800
0000000000
0000000000
0000000000
0000000000
0000000000
0000000000
0000000000
0000000000
7FFFFFFFF0
FFFFFFFFF0
FFFFFFFFF0
FFFFFFFFF0
FFFFFFFFF0
FFFFFFFFC0
FE00000000
FE00000000
FE00000000
FE00000000
FE00000000
FE00000000
FE00000000
FE00000000
FE00000000
FE00000000
FE00000000
FE00000000
FE00000000
FE00000000
FE00000000
FE00000000
FE00000000
FE00000000
FFFFFFFF80
FFFFFFFFC0
FFFFFFFFE0
FFFFFFFFE0
FFFFFFFFE0
FFFFFFFFC0
FE00000000
FE00000000
FE00000000
FE00000000
FE00000000
FE00000000
FE00000000
FE00000000
FE00000000
FE00000000
FE00000000
FE00000000
FE00000000
FE00000000
FE00000000
FE00000000
FE00000000
FE00000000
FE00000000
FE00000000
FFFFFFFFE0
FFFFFFFFF0
FFFFFFFFF0
FFFFFFFFF0
FFFFFFFFF0
3FFFFFFFE0
ENDCHAR
STARTCHAR Igrave
ENCODING 204
SWIDTH 262 0
DWIDTH 21 0
BBX 16 77 -2 -1
BITMAP
1800
7C00
7E00
FF00
7F00
3F80
1FC0
1FC0
0FE0
07F0
03F0
01F8
00FC
007C
0038
0000
0000
0000
0000
003E
007F
007F
007F
007F
007F
007F
007F
007F
007F
007F
007F
007F
007F
007F
007F
007F
007F
007F
007F
007F
007F
007F
007F
007F
007F
007F
007F
007F
007F
007F
007F
007F
007F
007F
007F
007F
007F
007F
007F
007F
007F
007F
007F
007F
007F
007F
007F
007F
007F
007F
007F
007F
007F
007F
007F
003E
0008
ENDCHAR
STARTCHAR Iacute
ENCODING 205
SWIDTH 262 0
DWIDTH 21 0
BBX 16 77 7 -1
BITMAP
0018
003E
007E
00FF
00FE
01FC
03F8
03F8
07F0
0FE0
0FC0
1F80
3F00
3E00
1E00
0000
0000
0000
0000
7C00
FE00
FE00
FE00
FE00
FE00
FE00
FE00
FE00
FE00
FE00
FE00
FE00
FE00
FE00
FE00
FE00
FE00
FE00
FE00
FE00
FE00
FE00
FE00
FE00
FE00
FE00
FE00
FE00
FE00
FE00
FE00
FE00
FE00
FE00
FE00
FE00
FE00
FE00
FE00
FE00
FE00
FE00
FE00
FE00
FE00
FE00
FE00
FE00
FE00
FE00
FE00
FE00
FE00
FE00
FE00
7C00
1000
ENDCHAR
STARTCHAR Icircumflex
ENCODING 206
SWIDTH 262 0
DWIDTH 21 0
BBX 23 77 -1 -1
BITMAP
003800
00FE00
01FF00
03FF80
03FF80
07FFC0
0FEFE0
0FC7E0
1F83F0
3F01F8
7E00FC
7E00FC
FC007E
F8003E
F0001E
000000
000000
000000
000000
007C00
00FE00
00FE00
00FE00
00FE00
00FE00
00FE00
00FE00
00FE00
00FE00
00FE00
00FE00
00FE00
00FE00
00FE00
00FE00
00FE00
00FE00
00FE00
00FE00
00FE00
00FE00
00FE00
00FE00
00FE00
00FE00
00FE00
00FE00
00FE00
00FE00
00FE00
00FE00
00FE00
00FE00
00FE00
00FE00
00FE00
00FE00
00FE00
00FE00
00FE00
00FE00
00FE00
00FE00
00FE00
00FE00
00FE00
00FE00
00FE00
00FE00
00FE00
00FE00
00FE00
00FE00
00FE00
00FE00
007C00
001000
ENDCHAR
STARTCHAR Idieresis
ENCODING 207
SWIDTH 262 0
DWIDTH 21 0
BBX 23 73 -1 -1
BITMAP
1C0078
7F01FC
7F01FC
FF01FE
FF01FE
7F01FC
7F01FC
3E00F8
000000
000000
000000
000000
000000
000000
000000
007C00
00FE00
00FE00
00FE00
00FE00
00FE00
00FE00
00FE00
00FE00
00FE00
00FE00
00FE00
00FE00
00FE00
00FE00
00FE00
00FE00
00FE00
00FE00
00FE00
00FE00
00FE00
00FE00
00FE00
00FE00
00FE00
00FE00
00FE00
00FE00
00FE00
00FE00
00FE00
00FE00
00FE00
00FE00
00FE00
00FE00
00FE00
00FE00
00FE00
00FE00
00FE00
00FE00
00FE00
00FE00
00FE00
00FE00
00FE00
00FE00
00FE00
00FE00
00FE00
00FE00
00FE00
00FE00
00FE00
007C00
001000
ENDCHAR
STARTCHAR Eth
ENCODING 208
SWIDTH 747 0
DWIDTH 60 0
BBX 56 56 -1 0
BITMAP
007FFFFFF00000
00FFFFFFFF0000
00FFFFFFFFC000
00FFFFFFFFF000
00FFFFFFFFFC00
00FFFFFFFFFE00
00FE00007FFF00
00FE000007FF80
00FE000001FFC0
00FE0000007FE0
00FE0000003FF0
00FE0000001FF0
00FE0000000FF8
00FE00000007F8
00FE00000007FC
00FE00000003FC
00FE00000003FC
00FE00000001FE
00FE00000001FE
00FE00000001FE
00FE00000000FE
00FE00000000FF
00FE00000000FF
00FE00000000FF
00FE00000000FF
7FFFFFFE0000FF
FFFFFFFE0000FF
FFFFFFFE0000FF
FFFFFFFE0000FF
7FFFFFFE0000FF
00FE00000000FF
00FE00000000FF
00FE00000000FF
00FE00000000FF
00FE00000000FF
00FE00000001FE
00FE00000001FE
00FE00000001FE
00FE00000003FE
00FE00000003FC
00FE00000003FC
00FE00000007F8
00FE0000000FF8
00FE0000000FF0
00FE0000001FF0
00FE0000007FE0
00FE000000FFE0
00FE000003FFC0
00FE00000FFF80
00FE0003FFFF00
00FFFFFFFFFC00
00FFFFFFFFF800
00FFFFFFFFE000
00FFFFFFFF8000
00FFFFFFFC0000
003FFFFFC00000
ENDCHAR
STARTCHAR Ntilde
ENCODING 209
SWIDTH 741 0
DWIDTH 59 0
BBX 46 75 7 -1
BITMAP
000100000E00
001FF0001E00
003FFC001E00
007FFF001E00
00FFFF803E00
01FEFFE07C00
01F01FFFFC00
03E007FFF800
03E003FFF000
03C000FFE000
03C0003FC000
018000000000
000000000000
000000000000
000000000000
000000000000
000000000000
7800000000F0
FC00000001F8
FE00000001F8
FF00000001FC
FF00000001FC
FF80000001FC
FFC0000001FC
FFE0000001FC
FFE0000001FC
FFF0000001FC
FFF8000001FC
FFFC000001FC
FFFC000001FC
FFFE000001FC
FEFF000001FC
FE7F800001FC
FE7F800001FC
FE3FC00001FC
FE1FE00001FC
FE0FF00001FC
FE0FF00001FC
FE07F80001FC
FE03FC0001FC
FE01FE0001FC
FE01FE0001FC
FE00FF0001FC
FE007F8001FC
FE003FC001FC
FE003FE001FC
FE001FE001FC
FE000FF001FC
FE0007F801FC
FE0003FC01FC
FE0003FC01FC
FE0001FE01FC
FE0000FF01FC
FE00007F81FC
FE00007F81FC
FE00003FC1FC
FE00001FE1FC
FE00000FF1FC
FE00000FF1FC
FE000007F9FC
FE000003FDFC
FE000001FFFC
FE000001FFFC
FE000000FFFC
FE0000007FFC
FE0000003FFC
FE0000003FFC
FE0000001FFC
FE0000000FFC
FE00000007FC
FE00000007FC
FE00000003FC
FC00000001F8
7C00000000F8
100000000020
ENDCHAR
STARTCHAR Ograve
ENCODING 210
SWIDTH 771 0
DWIDTH 62 0
BBX 52 77 5 -1
BITMAP
0000C000000000
0003E000000000
0003F000000000
0003F800000000
0003FC00000000
0001FC00000000
0000FE00000000
00007F00000000
00003F00000000
00001F80000000
00001FC0000000
00000FC0000000
000007E0000000
000003E0000000
000001C0000000
00000000000000
00000000000000
00000000000000
00000000000000
00000FFF000000
0000FFFFF00000
0003FFFFFC0000
000FFFFFFF0000
003FFFFFFF8000
007FFFFFFFE000
00FFFF9FFFF000
01FFE0007FF800
03FF80001FFC00
07FE00000FFC00
07FC000003FE00
0FF8000001FF00
1FF0000000FF00
1FE0000000FF80
3FE00000007F80
3FC00000003FC0
3FC00000003FC0
7F800000003FC0
7F800000001FE0
7F800000001FE0
7F000000001FE0
FF000000000FE0
FF000000000FE0
FF000000000FF0
FF000000000FF0
FF000000000FF0
FF000000000FF0
FF000000000FF0
FF000000000FF0
FF000000000FF0
FF000000000FF0
FF000000000FF0
FF000000000FF0
FF000000000FF0
FF000000000FF0
FF000000000FE0
FF000000001FE0
7F800000001FE0
7F800000001FE0
7F800000001FC0
7FC00000003FC0
3FC00000003FC0
3FE00000007F80
1FE00000007F80
1FF0000000FF00
0FF8000001FF00
0FFC000003FE00
07FE000007FE00
03FF00000FFC00
01FFC0003FF800
01FFF801FFF000
00FFFFFFFFE000
003FFFFFFFC000
001FFFFFFF8000
0007FFFFFE0000
0001FFFFF80000
00007FFFE00000
000003FC000000
ENDCHAR
STARTCHAR Oacute
ENCODING 211
SWIDTH 771 0
DWIDTH 62 0
BBX 52 77 5 -1
BITMAP
00000000700000
00000000F80000
00000001FC0000
00000001FC0000
00000003F80000
00000007F80000
00000007F00000
0000000FE00000
0000001FC00000
0000001F800000
0000003F000000
0000007E000000
0000007E000000
0000007C000000
00000078000000
00000000000000
00000000000000
00000000000000
00000000000000
00000FFF000000
0000FFFFF00000
0003FFFFFC0000
000FFFFFFF0000
003FFFFFFF8000
007FFFFFFFE000
00FFFF9FFFF000
01FFE0007FF800
03FF80001FFC00
07FE00000FFC00
07FC000003FE00
0FF8000001FF00
1FF0000000FF00
1FE0000000FF80
3FE00000007F80
3FC00000003FC0
3FC00000003FC0
7F800000003FC0
7F800000001FE0
7F800000001FE0
7F000000001FE0
FF000000000FE0
FF000000000FE0
FF000000000FF0
FF000000000FF0
FF000000000FF0
FF000000000FF0
FF000000000FF0
FF000000000FF0
FF000000000FF0
FF000000000FF0
FF000000000FF0
FF000000000FF0
FF000000000FF0
FF000000000FF0
FF000000000FE0
FF000000001FE0
7F800000001FE0
7F800000001FE0
7F800000001FC0
7FC00000003FC0
3FC00000003FC0
3FE00000007F80
1FE00000007F80
1FF0000000FF00
0FF8000001FF00
0FFC000003FE00
07FE000007FE00
03FF00000FFC00
01FFC0003FF800
01FFF801FFF000
00FFFFFFFFE000
003FFFFFFFC000
001FFFFFFF8000
0007FFFFFE0000
0001FFFFF80000
00007FFFE00000
000003FC000000
ENDCHAR
STARTCHAR Ocircumflex
ENCODING 212
SWIDTH 771 0
DWIDTH 62 0
BBX 52 77 5 -1
BITMAP
000000F0000000
000003F8000000
000007FC000000
000007FE000000
00000FFF000000
00001FFF000000
00001F9F800000
00003F1FC00000
00007E0FE00000
0000FE07E00000
0000FC03F00000
0001F801F80000
0003F000F80000
0003E000FC0000
0003C000780000
00000000000000
00000000000000
00000000000000
00000000000000
00000FFF000000
0000FFFFF00000
0003FFFFFC0000
000FFFFFFF0000
003FFFFFFF8000
007FFFFFFFE000
00FFFF9FFFF000
01FFE0007FF800
03FF80001FFC00
07FE00000FFC00
07FC000003FE00
0FF8000001FF00
1FF0000000FF00
1FE0000000FF80
3FE00000007F80
3FC00000003FC0
3FC00000003FC0
7F800000003FC0
7F800000001FE0
7F800000001FE0
7F000000001FE0
FF000000000FE0
FF000000000FE0
FF000000000FF0
FF000000000FF0
FF000000000FF0
FF000000000FF0
FF000000000FF0
FF000000000FF0
FF000000000FF0
FF000000000FF0
FF000000000FF0
FF000000000FF0
FF000000000FF0
FF000000000FF0
FF000000000FE0
FF000000001FE0
7F800000001FE0
7F800000001FE0
7F800000001FC0
7FC00000003FC0
3FC00000003FC0
3FE00000007F80
1FE00000007F80
1FF0000000FF00
0FF8000001FF00
0FFC000003FE00
07FE000007FE00
03FF00000FFC00
01FFC0003FF800
01FFF801FFF000
00FFFFFFFFE000
003FFFFFFFC000
001FFFFFFF8000
0007FFFFFE0000
0001FFFFF80000
00007FFFE00000
000003FC000000
ENDCHAR
STARTCHAR Otilde
ENCODING 213
SWIDTH 771 0
DWIDTH 62 0
BBX 52 75 5 -1
BITMAP
0000300001C000
0003FE0003E000
0007FF8003C000
000FFFE003C000
001FFFF007C000
003FDFFC0FC000
003E03FFFF8000
003C00FFFF0000
007C007FFF0000
0078001FFE0000
00780007F80000
00300000000000
00000000000000
00000000000000
00000000000000
00000000000000
00000000000000
00000FFF000000
0000FFFFF00000
0003FFFFFC0000
000FFFFFFF0000
003FFFFFFF8000
007FFFFFFFE000
00FFFF9FFFF000
01FFE0007FF800
03FF80001FFC00
07FE00000FFC00
07FC000003FE00
0FF8000001FF00
1FF0000000FF00
1FE0000000FF80
3FE00000007F80
3FC00000003FC0
3FC00000003FC0
7F800000003FC0
7F800000001FE0
7F800000001FE0
7F000000001FE0
FF000000000FE0
FF000000000FE0
FF000000000FF0
FF000000000FF0
FF000000000FF0
FF000000000FF0
FF000000000FF0
FF000000000FF0
FF000000000FF0
FF000000000FF0
FF000000000FF0
FF000000000FF0
FF000000000FF0
FF000000000FF0
FF000000000FE0
FF000000001FE0
7F800000001FE0
7F800000001FE0
7F800000001FC0
7FC00000003FC0
3FC00000003FC0
3FE00000007F80
1FE00000007F80
1FF0000000FF00
0FF8000001FF00
0FFC000003FE00
07FE000007FE00
03FF00000FFC00
01FFC0003FF800
01FFF801FFF000
00FFFFFFFFE000
003FFFFFFFC000
001FFFFFFF8000
0007FFFFFE0000
0001FFFFF80000
00007FFFE00000
000003FC000000
ENDCHAR
STARTCHAR Odieresis
ENCODING 214
SWIDTH 771 0
DWIDTH 62 0
BBX 52 73 5 -1
BITMAP
00007801E00000
0001FC03F00000
0001FE07F80000
0001FE07F80000
0001FE07F80000
0001FE07F80000
0001FC03F00000
0000F801E00000
00000000000000
00000000000000
00000000000000
00000000000000
00000000000000
00000000000000
00000000000000
00000FFF000000
0000FFFFF00000
0003FFFFFC0000
000FFFFFFF0000
003FFFFFFF8000
007FFFFFFFE000
00FFFF9FFFF000
01FFE0007FF800
03FF80001FFC00
07FE00000FFC00
07FC000003FE00
0FF8000001FF00
1FF0000000FF00
1FE0000000FF80
3FE00000007F80
3FC00000003FC0
3FC00000003FC0
7F800000003FC0
7F800000001FE0
7F800000001FE0
7F000000001FE0
FF000000000FE0
FF000000000FE0
FF000000000FF0
FF000000000FF0
FF000000000FF0
FF000000000FF0
FF000000000FF0
FF000000000FF0
FF000000000FF0
FF000000000FF0
FF000000000FF0
FF000000000FF0
FF000000000FF0
FF000000000FF0
FF000000000FE0
FF000000001FE0
7F800000001FE0
7F800000001FE0
7F800000001FC0
7FC00000003FC0
3FC00000003FC0
3FE00000007F80
1FE00000007F80
1FF0000000FF00
0FF8000001FF00
0FFC000003FE00
07FE000007FE00
03FF00000FFC00
01FFC0003FF800
01FFF801FFF000
00FFFFFFFFE000
003FFFFFFFC000
001FFFFFFF8000
0007FFFFFE0000
0001FFFFF80000
00007FFFE00000
000003FC000000
ENDCHAR
STARTCHAR multiply
ENCODING 215
SWIDTH 600 0
DWIDTH 48 0
BBX 36 36 6 5
BITMAP
70000000E0
F8000001F0
FC000003F0
FE000007F0
FF00000FF0
7F80001FE0
3FC0003FC0
1FE0007F80
0FF000FF00
07F801FE00
03FC03FC00
01FE07F800
00FF0FF000
007F9FE000
003FFFC000
001FFF8000
000FFF0000
0007FE0000
0003FC0000
0007FE0000
000FFF0000
001FFF8000
003FFFC000
007F9FE000
00FF0FF000
01FE07F800
03FC03FC00
07F801FE00
0FF000FF00
1FE0007F80
3FC0003FC0
7F80001FE0
FF00000FF0
FE000007F0
FC000003F0
78000001E0
ENDCHAR
STARTCHAR Oslash
ENCODING 216
SWIDTH 771 0
DWIDTH 62 0
BBX 52 64 5 -4
BITMAP
00000000007000
0000000000F800
0000000000FC00
00000FFF01FC00
0000FFFFF3F800
0003FFFFFFF800
000FFFFFFFF000
003FFFFFFFE000
007FFFFFFFE000
00FFFF9FFFF000
01FFE0007FF800
03FF80003FFC00
07FE00003FFC00
07FC00007FFE00
0FF800007FFF00
1FF00000FEFF00
1FE00001FCFF80
3FE00001FC7F80
3FC00003F83FC0
3FC00003F03FC0
7F800007F03FC0
7F80000FE01FE0
7F80000FE01FE0
7F00001FC01FE0
FF00001F800FE0
FF00003F800FE0
FF00003F000FF0
FF00007F000FF0
FF0000FE000FF0
FF0000FC000FF0
FF0001FC000FF0
FF0001F8000FF0
FF0003F8000FF0
FF0007F0000FF0
FF0007F0000FF0
FF000FE0000FF0
FF000FC0000FF0
FF001FC0000FF0
FF001F80000FE0
FF003F80001FE0
7F807F00001FE0
7F807E00001FE0
7F80FE00001FC0
7FC0FC00003FC0
3FC1FC00003FC0
3FE1F800007F80
1FE3F800007F80
1FF7F00000FF00
0FFFE00001FF00
0FFFE00003FE00
07FFC00007FE00
03FFC0000FFC00
01FFC0003FF800
01FFF801FFF000
00FFFFFFFFE000
007FFFFFFFC000
00FFFFFFFF8000
01FFFFFFFE0000
01FDFFFFF80000
03F87FFFE00000
03F803FC000000
03F00000000000
01E00000000000
00C00000000000
ENDCHAR
STARTCHAR Ugrave
ENCODING 217
SWIDTH 731 0
DWIDTH 58 0
BBX 46 77 6 -1
BITMAP
000700000000
000F80000000
001FC0000000
001FC0000000
000FE0000000
0007F0000000
0007F0000000
0003F8000000
0001FC000000
0000FC000000
00007E000000
00003F000000
00001F000000
00001F000000
00000F000000
000000000000
000000000000
000000000000
000000000000
3C00000000F0
7E00000001FC
7F00000001FC
FF00000001FC
FF00000001FC
FF00000001FC
FF00000001FC
FF00000001FC
FF00000001FC
FF00000001FC
FF00000001FC
FF00000001FC
FF00000001FC
FF00000001FC
FF00000001FC
FF00000001FC
FF00000001FC
FF00000001FC
FF00000001FC
FF00000001FC
FF00000001FC
FF00000001FC
FF00000001FC
FF00000001FC
FF00000001FC
FF00000001FC
FF00000001FC
FF00000001FC
FF00000001FC
FF00000001FC
FF00000001FC
FF00000001FC
FF00000001FC
FF00000001FC
FF00000001FC
FF00000001FC
FF00000001FC
FF00000001FC
7F00000003FC
7F00000003FC
7F80000003FC
7F80000003F8
7F80000007F8
3F80000007F8
3FC0000007F8
3FE000000FF0
1FE000001FF0
1FF000003FE0
0FFC00007FE0
0FFE0001FFC0
07FFC007FF80
03FFFFFFFF80
01FFFFFFFE00
00FFFFFFFC00
003FFFFFF800
001FFFFFE000
0003FFFF0000
00000FF00000
ENDCHAR
STARTCHAR Uacute
ENCODING 218
SWIDTH 731 0
DWIDTH 58 0
BBX 46 77 6 -1
BITMAP
000000018000
00000003E000
00000007E000
0000000FE000
0000000FE000
0000001FC000
0000003F8000
0000003F0000
0000007F0000
000000FE0000
000001FC0000
000001F80000
000003F00000
000003E00000
000001C00000
000000000000
000000000000
000000000000
000000000000
3C00000000F0
7E00000001FC
7F00000001FC
FF00000001FC
FF00000001FC
FF00000001FC
FF00000001FC
FF00000001FC
FF00000001FC
FF00000001FC
FF00000001FC
FF00000001FC
FF00000001FC
FF00000001FC
FF00000001FC
FF00000001FC
FF00000001FC
FF00000001FC
FF00000001FC
FF00000001FC
FF00000001FC
FF00000001FC
FF00000001FC
FF00000001FC
FF00000001FC
FF00000001FC
FF00000001FC
FF00000001FC
FF00000001FC
FF00000001FC
FF00000001FC
FF00000001FC
FF00000001FC
FF00000001FC
FF00000001FC
FF00000001FC
FF00000001FC
FF00000001FC
7F00000003FC
7F00000003FC
7F80000003FC
7F80000003F8
7F80000007F8
3F80000007F8
3FC0000007F8
3FE000000FF0
1FE000001FF0
1FF000003FE0
0FFC00007FE0
0FFE0001FFC0
07FFC007FF80
03FFFFFFFF80
01FFFFFFFE00
00FFFFFFFC00
003FFFFFF800
001FFFFFE000
0003FFFF0000
00000FF00000
ENDCHAR
STARTCHAR Ucircumflex
ENCODING 219
SWIDTH 731 0
DWIDTH 58 0
BBX 46 77 6 -1
BITMAP
000003800000
00000FE00000
00001FF00000
00003FF00000
00007FF80000
00007FFC0000
0000FEFE0000
0001FC7E0000
0001F83F0000
0003F01F8000
0007E01F8000
000FC00FC000
000FC007E000
001F8003E000
000F0001E000
000000000000
000000000000
000000000000
000000000000
3C00000000F0
7E00000001FC
7F00000001FC
FF00000001FC
FF00000001FC
FF00000001FC
FF00000001FC
FF00000001FC
FF00000001FC
FF00000001FC
FF00000001FC
FF00000001FC
FF00000001FC
FF00000001FC
FF00000001FC
FF00000001FC
FF00000001FC
FF00000001FC
FF00000001FC
FF00000001FC
FF00000001FC
FF00000001FC
FF00000001FC
FF00000001FC
FF00000001FC
FF00000001FC
FF00000001FC
FF00000001FC
FF00000001FC
FF00000001FC
FF00000001FC
FF00000001FC
FF00000001FC
FF00000001FC
FF00000001FC
FF00000001FC
FF00000001FC
FF00000001FC
7F00000003FC
7F00000003FC
7F80000003FC
7F80000003F8
7F80000007F8
3F80000007F8
3FC0000007F8
3FE000000FF0
1FE000001FF0
1FF000003FE0
0FFC00007FE0
0FFE0001FFC0
07FFC007FF80
03FFFFFFFF80
01FFFFFFFE00
00FFFFFFFC00
003FFFFFF800
001FFFFFE000
0003FFFF0000
00000FF00000
ENDCHAR
STARTCHAR Udieresis
ENCODING 220
SWIDTH 731 0
DWIDTH 58 0
BBX 46 73 6 -1
BITMAP
0003C0070000
0007E01FC000
000FF01FC000
000FF03FC000
000FF03FC000
000FF01FC000
0007F01FC000
0003E00F8000
000000000000
000000000000
000000000000
000000000000
000000000000
000000000000
000000000000
3C00000000F0
7E00000001FC
7F00000001FC
FF00000001FC
FF00000001FC
FF00000001FC
FF00000001FC
FF00000001FC
FF00000001FC
FF00000001FC
FF00000001FC
FF00000001FC
FF00000001FC
FF00000001FC
FF00000001FC
FF00000001FC
FF00000001FC
FF00000001FC
FF00000001FC
FF00000001FC
FF00000001FC
FF00000001FC
FF00000001FC
FF00000001FC
FF00000001FC
FF00000001FC
FF00000001FC
FF00000001FC
FF00000001FC
FF00000001FC
FF00000001FC
FF00000001FC
FF00000001FC
FF00000001FC
FF00000001FC
FF00000001FC
FF00000001FC
FF00000001FC
7F00000003FC
7F00000003FC
7F80000003FC
7F80000003F8
7F80000007F8
3F80000007F8
3FC0000007F8
3FE000000FF0
1FE000001FF0
1FF000003FE0
0FFC00007FE0
0FFE0001FFC0
07FFC007FF80
03FFFFFFFF80
01FFFFFFFE00
00FFFFFFFC00
003FFFFFF800
001FFFFFE000
0003FFFF0000
00000FF00000
ENDCHAR
STARTCHAR Yacute
ENCODING 221
SWIDTH 601 0
DWIDTH 48 0
BBX 46 77 1 -1
BITMAP
000000018000
00000007C000
00000007E000
0000000FE000
0000001FE000
0000001FC000
0000003F8000
0000007F0000
0000007E0000
000000FC0000
000001FC0000
000001F80000
000003F00000
000003E00000
000003C00000
000000000000
000000000000
000000000000
000000000000
3C0000000078
7E00000001FC
FF00000001FC
FF00000003FC
7F80000007F8
7FC0000007F8
3FE000000FF0
1FE000001FE0
1FF000003FE0
0FF800003FC0
07F800007F80
03FC0000FF80
03FE0001FF00
01FF0001FE00
00FF0003FC00
00FF8007FC00
007FC007F800
003FE00FF000
001FE01FE000
001FF03FE000
000FF83FC000
0007F87F8000
0003FCFF8000
0003FFFF0000
0001FFFE0000
0000FFFC0000
0000FFFC0000
00007FF80000
00003FF00000
00001FF00000
00001FE00000
00001FE00000
00001FE00000
00001FE00000
00001FE00000
00001FE00000
00001FE00000
00001FE00000
00001FE00000
00001FE00000
00001FE00000
00001FE00000
00001FE00000
00001FE00000
00001FE00000
00001FE00000
00001FE00000
00001FE00000
00001FE00000
00001FE00000
00001FE00000
00001FE00000
00001FE00000
00001FE00000
00001FE00000
00000FC00000
00000FC00000
000001000000
ENDCHAR
STARTCHAR Thorn
ENCODING 222
SWIDTH 639 0
DWIDTH 51 0
BBX 42 57 7 0
BITMAP
380000000000
7E0000000000
FE0000000000
FE0000000000
FE0000000000
FE0000000000
FE0000000000
FE0000000000
FE0000000000
FE0000000000
FE0000000000
FFFFFFFC0000
FFFFFFFF8000
FFFFFFFFE000
FFFFFFFFF000
FFFFFFFFF800
FFFFFFFFFC00
FE00001FFE00
FE000003FE00
FE000001FF00
FE000000FF00
FE0000007F80
FE0000007F80
FE0000003F80
FE0000003F80
FE0000003FC0
FE0000003FC0
FE0000003FC0
FE0000003FC0
FE0000003FC0
FE0000003F80
FE0000003F80
FE0000003F80
FE0000007F80
FE000000FF80
FE000000FF00
FE000003FF00
FE000007FE00
FE00007FFC00
FFFFFFFFFC00
FFFFFFFFF800
FFFFFFFFE000
FFFFFFFFC000
FFFFFFFE0000
FFFFFFF00000
FE0000000000
FE0000000000
FE0000000000
FE0000000000
FE0000000000
FE0000000000
FE0000000000
FE0000000000
FE0000000000
FE0000000000
FE0000000000
7C0000000000
ENDCHAR
STARTCHAR germandbls
ENCODING 223
SWIDTH 624 0
DWIDTH 50 0
BBX 42 58 6 -1
BITMAP
0007FF000000
003FFFE00000
00FFFFF00000
03FFFFFC0000
07FFFFFE0000
0FFFFFFE0000
1FF801FF0000
1FE000FF0000
3FC0007F0000
3F80007F0000
7F80007F0000
7F00007F0000
7F00007F0000
FF00007F0000
FE0000FF0000
FE0000FE0000
FE0001FE0000
FE0003FC0000
FE0007F80000
FE000FF00000
FE001FE00000
FE003FC00000
FE007F800000
FE00FF000000
FE00FE000000
FE01FC000000
FE01FC000000
FE01FC000000
FE01FC000000
FE01FC000000
FE01FE000000
FE01FF000000
FE00FFC00000
FE00FFF00000
FE007FFE0000
FE003FFFC000
FE001FFFF000
FE0007FFF800
FE0001FFFE00
FE00003FFF00
FE000007FF00
FE000000FF80
FE0000007F80
FE0000003F80
FE0000003FC0
FE0000001FC0
FE0000001FC0
FE0000001FC0
FE0200003F80
FE0780003F80
FE0FE0007F80
FE0FFC01FF00
FE0FFFFFFF00
FE07FFFFFE00
FE03FFFFFC00
FE00FFFFF000
7C001FFFC000
100001F80000
ENDCHAR
STARTCHAR agrave
ENCODING 224
SWIDTH 533 0
DWIDTH 43 0
BBX 33 62 4 -1
BITMAP
01F0000000
01F8000000
03F8000000
01FC000000
01FC000000
00FE000000
00FE000000
007F000000
003F000000
003F800000
001F800000
000FC00000
000FC00000
0007E00000
0003E00000
0003E00000
0001E00000
0000800000
0000000000
0000000000
0000000000
0001F00000
003FFF8000
01FFFFE000
0FFFFFF800
1FFFFFFC00
3FFFFFFC00
3FF807FE00
3FC001FF00
1E0000FF00
0000007F00
0000007F80
0000003F80
0000003F80
0000003F80
0000003F80
0000003F80
0000003F80
00007FFF80
007FFFFF80
03FFFFFF80
0FFFFFFF80
1FFFFFFF80
3FFC003F80
7FC0003F80
7F80003F80
FF00003F80
FF00003F80
FE00003F80
FE00007F80
FE00007F80
FF0000FF80
FF0000FF80
7F8001FF80
7FC003FF80
3FE00FFF80
3FFFFFBF80
1FFFFF3F80
0FFFFE3F80
03FFFC3F80
00FFF01F00
000F800400
ENDCHAR
STARTCHAR aacute
ENCODING 225
SWIDTH 533 0
DWIDTH 43 0
BBX 33 62 4 -1
BITMAP
000000F000
000001F800
000001F800
000003F800
000003F800
000007F000
000007E000
00000FE000
00000FC000
00001F8000
00001F8000
00003F0000
00007E0000
00007E0000
0000FC0000
0000F80000
0000780000
0000200000
0000000000
0000000000
0000000000
0001F00000
003FFF8000
01FFFFE000
0FFFFFF800
1FFFFFFC00
3FFFFFFC00
3FF807FE00
3FC001FF00
1E0000FF00
0000007F00
0000007F80
0000003F80
0000003F80
0000003F80
0000003F80
0000003F80
0000003F80
00007FFF80
007FFFFF80
03FFFFFF80
0FFFFFFF80
1FFFFFFF80
3FFC003F80
7FC0003F80
7F80003F80
FF00003F80
FF00003F80
FE00003F80
FE00007F80
FE00007F80
FF0000FF80
FF0000FF80
7F8001FF80
7FC003FF80
3FE00FFF80
3FFFFFBF80
1FFFFF3F80
0FFFFE3F80
03FFFC3F80
00FFF01F00
000F800400
ENDCHAR
STARTCHAR acircumflex
ENCODING 226
SWIDTH 533 0
DWIDTH 43 0
BBX 33 62 4 -1
BITMAP
0001F80000
0003FC0000
0007FC0000
0007FE0000
000FFE0000
000FFF0000
001F9F0000
001F1F8000
003F0F8000
003E0FC000
007E07E000
007C03E000
00F803F000
01F801F000
01F000F800
01E000F800
01E0007800
0080002000
0000000000
0000000000
0000000000
0001F00000
003FFF8000
01FFFFE000
0FFFFFF800
1FFFFFFC00
3FFFFFFC00
3FF807FE00
3FC001FF00
1E0000FF00
0000007F00
0000007F80
0000003F80
0000003F80
0000003F80
0000003F80
0000003F80
0000003F80
00007FFF80
007FFFFF80
03FFFFFF80
0FFFFFFF80
1FFFFFFF80
3FFC003F80
7FC0003F80
7F80003F80
FF00003F80
FF00003F80
FE00003F80
FE00007F80
FE00007F80
FF0000FF80
FF0000FF80
7F8001FF80
7FC003FF80
3FE00FFF80
3FFFFFBF80
1FFFFF3F80
0FFFFE3F80
03FFFC3F80
00FFF01F00
000F800400
ENDCHAR
STARTCHAR atilde
ENCODING 227
SWIDTH 533 0
DWIDTH 43 0
BBX 33 60 4 -1
BITMAP
0000000600
007E000F00
01FF800F00
03FFC00F00
07FFE01F00
07FFF03F00
0FC3FEFE00
0F80FFFE00
0F007FFC00
1F003FF800
1E000FF000
0E00018000
0000000000
0000000000
0000000000
0000000000
0000000000
0000000000
0000000000
0001F00000
003FFF8000
01FFFFE000
0FFFFFF800
1FFFFFFC00
3FFFFFFC00
3FF807FE00
3FC001FF00
1E0000FF00
0000007F00
0000007F80
0000003F80
0000003F80
0000003F80
0000003F80
0000003F80
0000003F80
00007FFF80
007FFFFF80
03FFFFFF80
0FFFFFFF80
1FFFFFFF80
3FFC003F80
7FC0003F80
7F80003F80
FF00003F80
FF00003F80
FE00003F80
FE00007F80
FE00007F80
FF0000FF80
FF0000FF80
7F8001FF80
7FC003FF80
3FE00FFF80
3FFFFFBF80
1FFFFF3F80
0FFFFE3F80
03FFFC3F80
00FFF01F00
000F800400
ENDCHAR
STARTCHAR adieresis
ENCODING 228
SWIDTH 533 0
DWIDTH 43 0
BBX 33 57 4 -1
BITMAP
00F803F000
01FC07F000
01FE07F800
01FE07F800
01FE07F800
01FE07F800
00FC03F000
007001E000
0000000000
0000000000
0000000000
0000000000
0000000000
0000000000
0000000000
0000000000
0001F00000
003FFF8000
01FFFFE000
0FFFFFF800
1FFFFFFC00
3FFFFFFC00
3FF807FE00
3FC001FF00
1E0000FF00
0000007F00
0000007F80
0000003F80
0000003F80
0000003F80
0000003F80
0000003F80
0000003F80
00007FFF80
007FFFFF80
03FFFFFF80
0FFFFFFF80
1FFFFFFF80
3FFC003F80
7FC0003F80
7F80003F80
FF00003F80
FF00003F80
FE00003F80
FE00007F80
FE00007F80
FF0000FF80
FF0000FF80
7F8001FF80
7FC003FF80
3FE00FFF80
3FFFFFBF80
1FFFFF3F80
0FFFFE3F80
03FFFC3F80
00FFF01F00
000F800400
ENDCHAR
STARTCHAR aring
ENCODING 229
SWIDTH 533 0
DWIDTH 43 0
BBX 33 63 4 -1
BITMAP
0003FC0000
000FFF0000
001FFF8000
003F9FC000
007C07C000
007803E000
007801E000
00F001E000
00F001E000
00F001E000
00F001E000
007801E000
007803E000
007E07C000
003FFFC000
001FFF8000
000FFF0000
0003FC0000
0000000000
0000000000
0000000000
0000000000
0001F00000
003FFF8000
01FFFFE000
0FFFFFF800
1FFFFFFC00
3FFFFFFC00
3FF807FE00
3FC001FF00
1E0000FF00
0000007F00
0000007F80
0000003F80
0000003F80
0000003F80
0000003F80
0000003F80
0000003F80
00007FFF80
007FFFFF80
03FFFFFF80
0FFFFFFF80
1FFFFFFF80
3FFC003F80
7FC0003F80
7F80003F80
FF00003F80
FF00003F80
FE00003F80
FE00007F80
FE00007F80
FF0000FF80
FF0000FF80
7F8001FF80
7FC003FF80
3FE00FFF80
3FFFFFBF80
1FFFFF3F80
0FFFFE3F80
03FFFC3F80
00FFF01F00
000F800400
ENDCHAR
STARTCHAR ae
ENCODING 230
SWIDTH 862 0
DWIDTH 69 0
BBX 62 41 4 -1
BITMAP
0001F800003F0000
003FFF8003FFF000
01FFFFE00FFFFC00
0FFFFFF01FFFFE00
1FFFFFF87FFFFF00
3FFFFFFCFFFFFF80
3FF807FEFF003FC0
3FC001FFFC001FE0
1E0000FFF8000FE0
0000007FF00007F0
0000007FF00003F0
0000003FE00003F8
0000003FE00001F8
0000003FC00001F8
0000003FC00001F8
0000003FC00001FC
0000003F800000FC
00001FFFFFFFFFFC
007FFFFFFFFFFFFC
03FFFFFFFFFFFFFC
0FFFFFFFFFFFFFFC
1FFFFFFFFFFFFFF8
3FFC003F80000000
7FC0003F80000000
7F80003FC0000000
7F00003FC0000000
FF00003FC0000000
FE00003FC0000000
FE00007FE0000000
FE00007FE0000000
FF0000FFF0000000
FF0000FFF8000030
7F8001FBFC0000F8
7FC003F3FE0003F8
3FE00FF1FFC03FF8
3FFFFFE0FFFFFFF8
1FFFFFC07FFFFFF0
0FFFFF803FFFFFC0
03FFFE000FFFFF80
00FFF80003FFFC00
0007C000001F8000
ENDCHAR
STARTCHAR ccedilla
ENCODING 231
SWIDTH 465 0
DWIDTH 37 0
BBX 32 55 4 -15
BITMAP
0000F800
001FFFC0
007FFFF0
01FFFFFC
03FFFFFE
07FFFFFE
0FFF03FF
1FF8007F
3FF0001E
3FC00000
7FC00000
7F800000
7F000000
FF000000
FF000000
FE000000
FE000000
FE000000
FE000000
FE000000
FE000000
FE000000
FE000000
FE000000
FE000000
FF000000
FF000000
FF000000
7F800000
7F800000
3FC00000
3FE00000
1FF0001E
1FF8007E
0FFF03FE
07FFFFFE
03FFFFFE
01FFFFFC
007FFFF0
001FFFC0
0001FC00
0001F000
0001F000
0001FC00
0001FF80
0001FFE0
0001EFE0
000003E0
000001F0
000001F0
000003E0
001FFFE0
001FFFC0
001FFF80
0007FE00
ENDCHAR
STARTCHAR egrave
ENCODING 232
SWIDTH 534 0
DWIDTH 43 0
BBX 36 62 4 -1
BITMAP
00F8000000
01F8000000
01FC000000
01FC000000
00FE000000
00FE000000
007F000000
003F000000
003F800000
001F800000
000FC00000
000FC00000
0007E00000
0003E00000
0003F00000
0001F00000
0000F00000
0000400000
0000000000
0000000000
0000000000
0000F80000
000FFF8000
007FFFE000
00FFFFF800
03FFFFFC00
07FFFFFE00
0FFC01FF00
0FF0007F80
1FE0003F80
3FC0001FC0
3F80000FC0
7F00000FC0
7F00000FE0
FF000007E0
FE000007E0
FE000007E0
FE000007E0
FE000007E0
FFFFFFFFE0
FFFFFFFFF0
FFFFFFFFE0
FFFFFFFFE0
FE00000000
FE00000000
FE00000000
FE00000000
FE00000000
FF00000000
7F00000000
7F80000000
3F80000000
3FC0000180
1FE00007E0
1FF8000FE0
0FFF00FFE0
07FFFFFFC0
03FFFFFFC0
00FFFFFF00
007FFFFC00
000FFFF000
0000FE0000
ENDCHAR
STARTCHAR eacute
ENCODING 233
SWIDTH 534 0
DWIDTH 43 0
BBX 36 62 4 -1
BITMAP
000000F800
000000FC00
000001FC00
000001FC00
000003F800
000003F800
000007F000
000007E000
00000FE000
00000FC000
00001F8000
00001F8000
00003F0000
00003E0000
00007E0000
00007C0000
0000780000
0000100000
0000000000
0000000000
0000000000
0000F80000
000FFF8000
007FFFE000
00FFFFF800
03FFFFFC00
07FFFFFE00
0FFC01FF00
0FF0007F80
1FE0003F80
3FC0001FC0
3F80000FC0
7F00000FC0
7F00000FE0
FF000007E0
FE000007E0
FE000007E0
FE000007E0
FE000007E0
FFFFFFFFE0
FFFFFFFFF0
FFFFFFFFE0
FFFFFFFFE0
FE00000000
FE00000000
FE00000000
FE00000000
FE00000000
FF00000000
7F00000000
7F80000000
3F80000000
3FC0000180
1FE00007E0
1FF8000FE0
0FFF00FFE0
07FFFFFFC0
03FFFFFFC0
00FFFFFF00
007FFFFC00
000FFFF000
0000FE0000
ENDCHAR
STARTCHAR ecircumflex
ENCODING 234
SWIDTH 534 0
DWIDTH 43 0
BBX 36 62 4 -1
BITMAP
0000F80000
0001FC0000
0003FE0000
0003FE0000
0007FF0000
000FDF8000
000FDF8000
001F8FC000
001F0FC000
003F07E000
003E03E000
007E03F000
007C01F000
00F800F800
00F800F800
01F0007C00
00E0007800
0040001000
0000000000
0000000000
0000000000
0000F80000
000FFF8000
007FFFE000
00FFFFF800
03FFFFFC00
07FFFFFE00
0FFC01FF00
0FF0007F80
1FE0003F80
3FC0001FC0
3F80000FC0
7F00000FC0
7F00000FE0
FF000007E0
FE000007E0
FE000007E0
FE000007E0
FE000007E0
FFFFFFFFE0
FFFFFFFFF0
FFFFFFFFE0
FFFFFFFFE0
FE00000000
FE00000000
FE00000000
FE00000000
FE00000000
FF00000000
7F00000000
7F80000000
3F80000000
3FC0000180
1FE00007E0
1FF8000FE0
0FFF00FFE0
07FFFFFFC0
03FFFFFFC0
00FFFFFF00
007FFFFC00
000FFFF000
0000FE0000
ENDCHAR
STARTCHAR edieresis
ENCODING 235
SWIDTH 534 0
DWIDTH 43 0
BBX 36 57 4 -1
BITMAP
007C01F000
00FE03F800
01FE03F800
01FE03FC00
01FE03FC00
00FE03F800
00FE03F800
003800E000
0000000000
0000000000
0000000000
0000000000
0000000000
0000000000
0000000000
0000000000
0000F80000
000FFF8000
007FFFE000
00FFFFF800
03FFFFFC00
07FFFFFE00
0FFC01FF00
0FF0007F80
1FE0003F80
3FC0001FC0
3F80000FC0
7F00000FC0
7F00000FE0
FF000007E0
FE000007E0
FE000007E0
FE000007E0
FE000007E0
FFFFFFFFE0
FFFFFFFFF0
FFFFFFFFE0
FFFFFFFFE0
FE00000000
FE00000000
FE00000000
FE00000000
FE00000000
FF00000000
7F00000000
7F80000000
3F80000000
3FC0000180
1FE00007E0
1FF8000FE0
0FFF00FFE0
07FFFFFFC0
03FFFFFFC0
00FFFFFF00
007FFFFC00
000FFFF000
0000FE0000
ENDCHAR
STARTCHAR igrave
ENCODING 236
SWIDTH 237 0
DWIDTH 19 0
BBX 15 61 -2 0
BITMAP
7C00
FC00
FE00
FE00
7F00
7F00
3F80
1F80
1FC0
0FC0
07E0
07E0
03F0
01F0
01F8
00F8
0078
0020
0000
0000
0000
0000
007C
00FE
00FE
00FE
00FE
00FE
00FE
00FE
00FE
00FE
00FE
00FE
00FE
00FE
00FE
00FE
00FE
00FE
00FE
00FE
00FE
00FE
00FE
00FE
00FE
00FE
00FE
00FE
00FE
00FE
00FE
00FE
00FE
00FE
00FE
00FE
00FE
00FE
007C
ENDCHAR
STARTCHAR iacute
ENCODING 237
SWIDTH 237 0
DWIDTH 19 0
BBX 15 61 6 0
BITMAP
007C
007E
00FE
00FE
01FC
01FC
03F8
03F0
07F0
07E0
0FC0
0FC0
1F80
1F00
3F00
3E00
3C00
0800
0000
0000
0000
0000
7C00
FE00
FE00
FE00
FE00
FE00
FE00
FE00
FE00
FE00
FE00
FE00
FE00
FE00
FE00
FE00
FE00
FE00
FE00
FE00
FE00
FE00
FE00
FE00
FE00
FE00
FE00
FE00
FE00
FE00
FE00
FE00
FE00
FE00
FE00
FE00
FE00
FE00
7C00
ENDCHAR
STARTCHAR icircumflex
ENCODING 238
SWIDTH 237 0
DWIDTH 19 0
BBX 23 61 -2 0
BITMAP
007C00
00FE00
01FF00
03FF00
03FF80
07EF80
07EFC0
0FC7E0
0F87E0
1F83F0
1F01F0
3F01F8
3E00F8
7C007C
7C007C
F8003E
70003C
200008
000000
000000
000000
000000
007C00
00FE00
00FE00
00FE00
00FE00
00FE00
00FE00
00FE00
00FE00
00FE00
00FE00
00FE00
00FE00
00FE00
00FE00
00FE00
00FE00
00FE00
00FE00
00FE00
00FE00
00FE00
00FE00
00FE00
00FE00
00FE00
00FE00
00FE00
00FE00
00FE00
00FE00
00FE00
00FE00
00FE00
00FE00
00FE00
00FE00
00FE00
007C00
ENDCHAR
STARTCHAR idieresis
ENCODING 239
SWIDTH 237 0
DWIDTH 19 0
BBX 23 56 -2 0
BITMAP
3E00F8
7F01FC
FF01FC
FF01FE
FF01FE
7F01FC
7F01FC
1C0070
000000
000000
000000
000000
000000
000000
000000
000000
000000
007C00
00FE00
00FE00
00FE00
00FE00
00FE00
00FE00
00FE00
00FE00
00FE00
00FE00
00FE00
00FE00
00FE00
00FE00
00FE00
00FE00
00FE00
00FE00
00FE00
00FE00
00FE00
00FE00
00FE00
00FE00
00FE00
00FE00
00FE00
00FE00
00FE00
00FE00
00FE00
00FE00
00FE00
00FE00
00FE00
00FE00
00FE00
007C00
ENDCHAR
STARTCHAR eth
ENCODING 240
SWIDTH 565 0
DWIDTH 45 0
BBX 38 58 4 -1
BITMAP
0060000100
01FC000F80
01FF803FC0
01FFE0FFC0
01FFFFFF80
007FFFFE00
000FFFF800
0001FFE000
000FFFC000
003FFFF000
00FFFFF800
03FFC7F800
07FF03FC00
07F801FE00
07E000FF00
0380007F00
0000003F80
0000001FC0
0000001FC0
0000000FE0
0000000FE0
0007FE07E0
003FFFC7F0
00FFFFE7F0
03FFFFF3F0
07FFFFFBF8
0FFFFFFFF8
1FFC01FFF8
3FF0007FF8
3FC0003FF8
7FC0001FF8
7F80000FFC
7F00000FFC
FF000007FC
FE000007FC
FE000003FC
FE000003FC
FE000003F8
FE000003F8
FE000003F8
FE000003F8
FE000003F8
FE000003F8
FE000007F8
FF000007F0
FF000007F0
7F00000FF0
7F80000FE0
3FC0001FE0
3FE0003FC0
1FF000FF80
0FFE03FF80
0FFFFFFF00
03FFFFFE00
01FFFFF800
007FFFF000
001FFFC000
0001F80000
ENDCHAR
STARTCHAR ntilde
ENCODING 241
SWIDTH 572 0
DWIDTH 46 0
BBX 34 60 6 -1
BITMAP
0000000E00
00FC001E00
03FF001E00
07FF801E00
0FFFC03E00
0FFFF07E00
1F83FDFC00
1F01FFFC00
1E00FFF800
1E007FF000
3E001FE000
1C00038000
0000000000
0000000000
0000000000
0000000000
0000000000
0000000000
0000000000
10003C0000
7C03FFE000
FE0FFFF800
FE3FFFFC00
FE7FFFFE00
FEFFFFFF00
FEFF07FF00
FFF801FF80
FFE0007F80
FFC0007F80
FF80003FC0
FF80003FC0
FF00003FC0
FF00001FC0
FE00001FC0
FE00001FC0
FE00001FC0
FE00001FC0
FE00001FC0
FE00001FC0
FE00001FC0
FE00001FC0
FE00001FC0
FE00001FC0
FE00001FC0
FE00001FC0
FE00001FC0
FE00001FC0
FE00001FC0
FE00001FC0
FE00001FC0
FE00001FC0
FE00001FC0
FE00001FC0
FE00001FC0
FE00001FC0
FE00001FC0
FE00001FC0
FE00001FC0
7C00000F80
1000000200
ENDCHAR
STARTCHAR ograve
ENCODING 242
SWIDTH 560 0
DWIDTH 45 0
BBX 37 62 4 -1
BITMAP
00F8000000
01F8000000
01FC000000
01FC000000
00FE000000
00FE000000
007F000000
003F000000
003F800000
001F800000
000FC00000
000FC00000
0007E00000
0003E00000
0003F00000
0001F00000
0000F00000
0000400000
0000000000
0000000000
0000000000
0000F80000
001FFFC000
007FFFF000
01FFFFFC00
03FFFFFE00
07FFFFFF00
0FFE03FF80
1FF800FFC0
1FE0003FC0
3FC0001FE0
7FC0001FE0
7F80000FF0
7F00000FF0
FF000007F0
FF000007F8
FE000007F8
FE000003F8
FE000003F8
FE000003F8
FE000003F8
FE000003F8
FE000003F8
FE000003F8
FE000003F8
FE000003F8
FE000007F8
FF000007F8
FF000007F0
7F00000FF0
7F80000FF0
7F80001FE0
3FC0001FE0
1FE0003FC0
1FF800FFC0
0FFE03FF80
07FFFFFF00
03FFFFFE00
01FFFFFC00
007FFFF000
001FFFC000
0001F80000
ENDCHAR
STARTCHAR oacute
ENCODING 243
SWIDTH 560 0
DWIDTH 45 0
BBX 37 62 4 -1
BITMAP
000000F800
000000FC00
000001FC00
000001FC00
000003F800
000003F000
000007F000
000007E000
00000FE000
00000FC000
00001F8000
00001F8000
00003F0000
00003E0000
00007E0000
00007C0000
0000780000
0000100000
0000000000
0000000000
0000000000
0000F80000
001FFFC000
007FFFF000
01FFFFFC00
03FFFFFE00
07FFFFFF00
0FFE03FF80
1FF800FFC0
1FE0003FC0
3FC0001FE0
7FC0001FE0
7F80000FF0
7F00000FF0
FF000007F0
FF000007F8
FE000007F8
FE000003F8
FE000003F8
FE000003F8
FE000003F8
FE000003F8
FE000003F8
FE000003F8
FE000003F8
FE000003F8
FE000007F8
FF000007F8
FF000007F0
7F00000FF0
7F80000FF0
7F80001FE0
3FC0001FE0
1FE0003FC0
1FF800FFC0
0FFE03FF80
07FFFFFF00
03FFFFFE00
01FFFFFC00
007FFFF000
001FFFC000
0001F80000
ENDCHAR
STARTCHAR ocircumflex
ENCODING 244
SWIDTH 560 0
DWIDTH 45 0
BBX 37 62 4 -1
BITMAP
0000F80000
0001FC0000
0003FE0000
0007FE0000
0007FF0000
000FDF0000
000FDF8000
001F8FC000
001F0FC000
003F07E000
003E03E000
007E03F000
007C01F000
00F800F800
00F800F800
01F0007800
00E0007800
0040001000
0000000000
0000000000
0000000000
0000F80000
001FFFC000
007FFFF000
01FFFFFC00
03FFFFFE00
07FFFFFF00
0FFE03FF80
1FF800FFC0
1FE0003FC0
3FC0001FE0
7FC0001FE0
7F80000FF0
7F00000FF0
FF000007F0
FF000007F8
FE000007F8
FE000003F8
FE000003F8
FE000003F8
FE000003F8
FE000003F8
FE000003F8
FE000003F8
FE000003F8
FE000003F8
FE000007F8
FF000007F8
FF000007F0
7F00000FF0
7F80000FF0
7F80001FE0
3FC0001FE0
1FE0003FC0
1FF800FFC0
0FFE03FF80
07FFFFFF00
03FFFFFE00
01FFFFFC00
007FFFF000
001FFFC000
0001F80000
ENDCHAR
STARTCHAR otilde
ENCODING 245
SWIDTH 560 0
DWIDTH 45 0
BBX 37 60 4 -1
BITMAP
0000000300
007F000780
00FF800780
01FFE00F80
03FFF00F00
07FFF81F00
07C1FF7F00
0780FFFE00
0F803FFC00
0F001FFC00
0F000FF000
0F00018000
0000000000
0000000000
0000000000
0000000000
0000000000
0000000000
0000000000
0000F80000
001FFFC000
007FFFF000
01FFFFFC00
03FFFFFE00
07FFFFFF00
0FFE03FF80
1FF800FFC0
1FE0003FC0
3FC0001FE0
7FC0001FE0
7F80000FF0
7F00000FF0
FF000007F0
FF000007F8
FE000007F8
FE000003F8
FE000003F8
FE000003F8
FE000003F8
FE000003F8
FE000003F8
FE000003F8
FE000003F8
FE000003F8
FE000007F8
FF000007F8
FF000007F0
7F00000FF0
7F80000FF0
7F80001FE0
3FC0001FE0
1FE0003FC0
1FF800FFC0
0FFE03FF80
07FFFFFF00
03FFFFFE00
01FFFFFC00
007FFFF000
001FFFC000
0001F80000
ENDCHAR
STARTCHAR odieresis
ENCODING 246
SWIDTH 560 0
DWIDTH 45 0
BBX 37 57 4 -1
BITMAP
007C01F000
00FE03F800
01FE03F800
01FE03FC00
01FE03FC00
00FE03F800
00FE03F800
003800E000
0000000000
0000000000
0000000000
0000000000
0000000000
0000000000
0000000000
0000000000
0000F80000
001FFFC000
007FFFF000
01FFFFFC00
03FFFFFE00
07FFFFFF00
0FFE03FF80
1FF800FFC0
1FE0003FC0
3FC0001FE0
7FC0001FE0
7F80000FF0
7F00000FF0
FF000007F0
FF000007F8
FE000007F8
FE000003F8
FE000003F8
FE000003F8
FE000003F8
FE000003F8
FE000003F8
FE000003F8
FE000003F8
FE000003F8
FE000007F8
FF000007F8
FF000007F0
7F00000FF0
7F80000FF0
7F80001FE0
3FC0001FE0
1FE0003FC0
1FF800FFC0
0FFE03FF80
07FFFFFF00
03FFFFFE00
01FFFFFC00
007FFFF000
001FFFC000
0001F80000
ENDCHAR
STARTCHAR divide
ENCODING 247
SWIDTH 600 0
DWIDTH 48 0
BBX 40 40 4 3
BITMAP
0000100000
00007C0000
0000FE0000
0000FE0000
0000FE0000
0000FE0000
0000FE0000
00007C0000
0000000000
0000000000
0000000000
0000000000
0000000000
0000000000
0000000000
0000000000
0000000000
3FFFFFFFFE
FFFFFFFFFF
FFFFFFFFFF
FFFFFFFFFF
FFFFFFFFFF
7FFFFFFFFE
0000000000
0000000000
0000000000
0000000000
0000000000
0000000000
0000000000
0000000000
0000000000
0000380000
0000FE0000
0000FE0000
0000FE0000
0000FE0000
0000FE0000
00007C0000
0000100000
ENDCHAR
STARTCHAR oslash
ENCODING 248
SWIDTH 560 0
DWIDTH 45 0
BBX 37 47 4 -4
BITMAP
0000000200
0000000F80
0000000F80
0000F81F80
001FFFDF00
007FFFFF00
01FFFFFE00
03FFFFFE00
07FFFFFF00
0FFE03FF80
1FF801FFC0
1FE001FFC0
3FC003FFE0
7FC007FFE0
7F8007EFF0
7F000FCFF0
FF000F87F0
FF001F87F8
FE001F07F8
FE003F03F8
FE007E03F8
FE007C03F8
FE00FC03F8
FE00F803F8
FE01F803F8
FE03F003F8
FE03F003F8
FE07E003F8
FE07C007F8
FF0FC007F8
FF0F8007F0
7F1F800FF0
7FBF000FF0
7FBE001FE0
3FFE001FE0
1FFC003FC0
1FFC00FFC0
0FFE03FF80
07FFFFFF00
03FFFFFE00
03FFFFFC00
07FFFFF000
07DFFFC000
0FC1F80000
0F80000000
0F00000000
0600000000
ENDCHAR
STARTCHAR ugrave
ENCODING 249
SWIDTH 565 0
DWIDTH 45 0
BBX 33 62 6 -1
BITMAP
03E0000000
07E0000000
07F0000000
07F0000000
03F8000000
01F8000000
01FC000000
00FC000000
007E000000
007E000000
003F000000
001F000000
001F800000
000F800000
000FC00000
0007C00000
0003C00000
0001000000
0000000000
0000000000
0000000000
1000000400
FC00001F00
FE00003F80
FE00003F80
FE00003F80
FE00003F80
FE00003F80
FE00003F80
FE00003F80
FE00003F80
FE00003F80
FE00003F80
FE00003F80
FE00003F80
FE00003F80
FE00003F80
FE00003F80
FE00003F80
FE00003F80
FE00003F80
FE00003F80
FE00003F80
FE00003F80
FE00003F80
FE00003F80
FE00003F80
FE00003F80
FE00007F80
FE00007F80
FE00007F80
FF0000FF80
FF0001FF80
7F8003FF80
7FC007FF80
3FF83FFF80
3FFFFFBF80
1FFFFF3F80
0FFFFE3F80
07FFFC3F80
01FFF01F80
002F000400
ENDCHAR
STARTCHAR uacute
ENCODING 250
SWIDTH 565 0
DWIDTH 45 0
BBX 33 62 6 -1
BITMAP
000003E000
000003F000
000007F000
000007F000
00000FE000
00000FE000
00001FC000
00001F8000
00003F8000
00003F0000
00007E0000
00007E0000
0000FC0000
0000F80000
0001F80000
0001F00000
0001E00000
0000400000
0000000000
0000000000
0000000000
1000000400
FC00001F00
FE00003F80
FE00003F80
FE00003F80
FE00003F80
FE00003F80
FE00003F80
FE00003F80
FE00003F80
FE00003F80
FE00003F80
FE00003F80
FE00003F80
FE00003F80
FE00003F80
FE00003F80
FE00003F80
FE00003F80
FE00003F80
FE00003F80
FE00003F80
FE00003F80
FE00003F80
FE00003F80
FE00003F80
FE00003F80
FE00007F80
FE00007F80
FE00007F80
FF0000FF80
FF0001FF80
7F8003FF80
7FC007FF80
3FF83FFF80
3FFFFFBF80
1FFFFF3F80
0FFFFE3F80
07FFFC3F80
01FFF01F80
002F000400
ENDCHAR
STARTCHAR ucircumflex
ENCODING 251
SWIDTH 565 0
DWIDTH 45 0
BBX 33 62 6 -1
BITMAP
0003E00000
0007F00000
000FF80000
000FF80000
001FFC0000
001F7E0000
003F7E0000
007E3F0000
007E1F0000
00FC1F8000
00F80F8000
01F80FC000
01F007C000
03E003E000
03E003E000
07C001F000
03C000E000
0100004000
0000000000
0000000000
0000000000
1000000400
FC00001F00
FE00003F80
FE00003F80
FE00003F80
FE00003F80
FE00003F80
FE00003F80
FE00003F80
FE00003F80
FE00003F80
FE00003F80
FE00003F80
FE00003F80
FE00003F80
FE00003F80
FE00003F80
FE00003F80
FE00003F80
FE00003F80
FE00003F80
FE00003F80
FE00003F80
FE00003F80
FE00003F80
FE00003F80
FE00003F80
FE00007F80
FE00007F80
FE00007F80
FF0000FF80
FF0001FF80
7F8003FF80
7FC007FF80
3FF83FFF80
3FFFFFBF80
1FFFFF3F80
0FFFFE3F80
07FFFC3F80
01FFF01F80
002F000400
ENDCHAR
STARTCHAR udieresis
ENCODING 252
SWIDTH 565 0
DWIDTH 45 0
BBX 33 57 6 -1
BITMAP
01F007C000
03F80FE000
03F80FF000
07FC0FF000
07F80FF000
03F80FE000
03F80FE000
00E0038000
0000000000
0000000000
0000000000
0000000000
0000000000
0000000000
0000000000
0000000000
1000000400
FC00001F00
FE00003F80
FE00003F80
FE00003F80
FE00003F80
FE00003F80
FE00003F80
FE00003F80
FE00003F80
FE00003F80
FE00003F80
FE00003F80
FE00003F80
FE00003F80
FE00003F80
FE00003F80
FE00003F80
FE00003F80
FE00003F80
FE00003F80
FE00003F80
FE00003F80
FE00003F80
FE00003F80
FE00003F80
FE00003F80
FE00007F80
FE00007F80
FE00007F80
FF0000FF80
FF0001FF80
7F8003FF80
7FC007FF80
3FF83FFF80
3FFFFFBF80
1FFFFF3F80
0FFFFE3F80
07FFFC3F80
01FFF01F80
002F000400
ENDCHAR
STARTCHAR yacute
ENCODING 253
SWIDTH 517 0
DWIDTH 41 0
BBX 37 76 2 -15
BITMAP
0000007800
000000FC00
000000FC00
000001FC00
000003F800
000003F800
000007F000
000007E000
00000FE000
00000FC000
00001FC000
00001F8000
00003F0000
00003F0000
00007E0000
00007C0000
00003C0000
0000100000
0000000000
0000000000
0000000000
1000000020
7C000000F8
FE000001F8
FE000003F8
FF000003F8
FF000003F8
7F800007F8
7F800007F0
3F80000FF0
3FC0000FE0
1FC0000FE0
1FE0001FC0
1FE0001FC0
0FE0003F80
0FF0003F80
07F0007F80
07F8007F00
03F8007F00
03FC00FE00
03FC00FE00
01FC01FC00
01FE01FC00
00FE01FC00
00FF03F800
007F03F800
007F07F000
007F87F000
003F8FE000
003FCFE000
001FCFE000
001FDFC000
000FFFC000
000FFF8000
000FFF8000
0007FF0000
0007FF0000
0003FF0000
0003FE0000
0001FE0000
0001FC0000
0003FC0000
0003F80000
0007F80000
0007F80000
0007F00000
000FF00000
000FE00000
001FE00000
001FC00000
003FC00000
003F800000
003F800000
003F800000
003F000000
001E000000
ENDCHAR
STARTCHAR thorn
ENCODING 254
SWIDTH 587 0
DWIDTH 47 0
BBX 37 72 6 -15
BITMAP
7C00000000
FE00000000
FE00000000
FE00000000
FE00000000
FE00000000
FE00000000
FE00000000
FE00000000
FE00000000
FE00000000
FE00000000
FE00000000
FE00000000
FE00000000
FE00000000
FE00000000
FE003E0000
FE03FFE000
FE0FFFF800
FE3FFFFC00
FE7FFFFF00
FEFFFFFF80
FEFE03FF80
FFF800FFC0
FFE0003FE0
FFC0001FE0
FFC0001FF0
FF80000FF0
FF000007F0
FF000007F8
FF000007F8
FF000003F8
FE000003F8
FE000003F8
FE000003F8
FE000003F8
FE000003F8
FE000003F8
FE000003F8
FE000003F8
FE000003F8
FF000003F8
FF000007F8
FF000007F8
FF000007F0
FF80000FF0
FFC0001FF0
FFC0001FE0
FFE0003FE0
FFF800FFC0
FEFE03FF80
FEFFFFFF80
FE7FFFFF00
FE3FFFFC00
FE0FFFF800
FE03FFE000
FE007E0000
FE00000000
FE00000000
FE00000000
FE00000000
FE00000000
FE00000000
FE00000000
FE00000000
FE00000000
FE00000000
FE00000000
FE00000000
FE00000000
7C00000000
ENDCHAR
STARTCHAR ydieresis
ENCODING 255
SWIDTH 517 0
DWIDTH 41 0
BBX 37 71 2 -15
BITMAP
007C01F000
00FE03F800
00FF03FC00
00FF03FC00
00FF03FC00
00FE03FC00
00FE01F800
003800F000
0000000000
0000000000
0000000000
0000000000
0000000000
0000000000
0000000000
0000000000
1000000020
7C000000F8
FE000001F8
FE000003F8
FF000003F8
FF000003F8
7F800007F8
7F800007F0
3F80000FF0
3FC0000FE0
1FC0000FE0
1FE0001FC0
1FE0001FC0
0FE0003F80
0FF0003F80
07F0007F80
07F8007F00
03F8007F00
03FC00FE00
03FC00FE00
01FC01FC00
01FE01FC00
00FE01FC00
00FF03F800
007F03F800
007F07F000
007F87F000
003F8FE000
003FCFE000
001FCFE000
001FDFC000
000FFFC000
000FFF8000
000FFF8000
0007FF0000
0007FF0000
0003FF0000
0003FE0000
0001FE0000
0001FC0000
0003FC0000
0003F80000
0007F80000
0007F80000
0007F00000
000FF00000
000FE00000
001FE00000
001FC00000
003FC00000
003F800000
003F800000
003F800000
003F000000
001E000000
ENDCHAR
STARTCHAR Amacron
ENCODING 256
SWIDTH 733 0
DWIDTH 59 0
BBX 53 71 3 -1
BITMAP
0003FFFFFE0000
0007FFFFFF0000
0007FFFFFF0000
0007FFFFFF0000
0003FFFFFE0000
00000000000000
00000000000000
00000000000000
00000000000000
00000000000000
00000000000000
00000000000000
00000000000000
000000F0000000
000001FC000000
000003FC000000
000003FE000000
000007FE000000
000007FF000000
000007FF000000
00000FFF800000
00000FFF800000
00001FDF800000
00001FDFC00000
00003F9FC00000
00003F8FE00000
00007F0FE00000
00007F07F00000
00007E07F00000
0000FE03F80000
0000FE03F80000
0001FC03F80000
0001FC01FC0000
0003F801FC0000
0003F800FE0000
0003F800FE0000
0007F0007F0000
0007F0007F0000
000FE0007F8000
000FE0003F8000
001FC0003F8000
001FC0001FC000
003FC0001FC000
003F80000FE000
003F80000FE000
007F00000FF000
007F000007F000
00FE000007F000
00FE000003F800
01FE000003F800
01FFFFFFFFFC00
03FFFFFFFFFC00
03FFFFFFFFFE00
03FFFFFFFFFE00
07FFFFFFFFFF00
07FFFFFFFFFF00
0FF00000007F00
0FE00000007F80
1FE00000003F80
1FC00000003FC0
3FC00000001FC0
3F800000001FE0
3F800000000FE0
7F800000000FF0
7F000000000FF0
FF0000000007F0
FE0000000007F8
FE0000000003F8
FC0000000003F8
FC0000000001F8
20000000000040
ENDCHAR
STARTCHAR amacron
ENCODING 257
SWIDTH 533 0
DWIDTH 43 0
BBX 33 56 4 -1
BITMAP
01FFFFF000
03FFFFFC00
03FFFFFC00
03FFFFFC00
03FFFFF800
0000000000
0000000000
0000000000
0000000000
0000000000
0000000000
0000000000
0000000000
0000000000
0000000000
0001F00000
003FFF8000
01FFFFE000
0FFFFFF800
1FFFFFFC00
3FFFFFFC00
3FF807FE00
3FC001FF00
1E0000FF00
0000007F00
0000007F80
0000003F80
0000003F80
0000003F80
0000003F80
0000003F80
0000003F80
00007FFF80
007FFFFF80
03FFFFFF80
0FFFFFFF80
1FFFFFFF80
3FFC003F80
7FC0003F80
7F80003F80
FF00003F80
FF00003F80
FE00003F80
FE00007F80
FE00007F80
FF0000FF80
FF0000FF80
7F8001FF80
7FC003FF80
3FE00FFF80
3FFFFFBF80
1FFFFF3F80
0FFFFE3F80
03FFFC3F80
00FFF01F00
000F800400
ENDCHAR
STARTCHAR Abreve
ENCODING 258
SWIDTH 733 0
DWIDTH 59 0
BBX 53 76 3 -1
BITMAP
000300000E0000
000780001F0000
0007C0001F0000
0007C0001F0000
0007C0001E0000
0003E0003E0000
0003E0007E0000
0001F000FC0000
0001FC01FC0000
0000FFFFF80000
00007FFFF00000
00003FFFE00000
00001FFF800000
000003FE000000
00000000000000
00000000000000
00000000000000
00000000000000
000000F0000000
000001FC000000
000003FC000000
000003FE000000
000007FE000000
000007FF000000
000007FF000000
00000FFF800000
00000FFF800000
00001FDF800000
00001FDFC00000
00003F9FC00000
00003F8FE00000
00007F0FE00000
00007F07F00000
00007E07F00000
0000FE03F80000
0000FE03F80000
0001FC03F80000
0001FC01FC0000
0003F801FC0000
0003F800FE0000
0003F800FE0000
0007F0007F0000
0007F0007F0000
000FE0007F8000
000FE0003F8000
001FC0003F8000
001FC0001FC000
003FC0001FC000
003F80000FE000
003F80000FE000
007F00000FF000
007F000007F000
00FE000007F000
00FE000003F800
01FE000003F800
01FFFFFFFFFC00
03FFFFFFFFFC00
03FFFFFFFFFE00
03FFFFFFFFFE00
07FFFFFFFFFF00
07FFFFFFFFFF00
0FF00000007F00
0FE00000007F80
1FE00000003F80
1FC00000003FC0
3FC00000001FC0
3F800000001FE0
3F800000000FE0
7F800000000FF0
7F000000000FF0
FF0000000007F0
FE0000000007F8
FE0000000003F8
FC0000000003F8
FC0000000001F8
20000000000040
ENDCHAR
STARTCHAR abreve
ENCODING 259
SWIDTH 533 0
DWIDTH 43 0
BBX 33 61 4 -1
BITMAP
0380001800
03C0003C00
07C0003C00
07C0003C00
03C0007C00
03E0007C00
03E0007C00
01F000F800
01F000F800
01F801F000
00FE07F000
007FFFE000
007FFFC000
003FFF8000
000FFF0000
0003FC0000
0000000000
0000000000
0000000000
0000000000
0001F00000
003FFF8000
01FFFFE000
0FFFFFF800
1FFFFFFC00
3FFFFFFC00
3FF807FE00
3FC001FF00
1E0000FF00
0000007F00
0000007F80
0000003F80
0000003F80
0000003F80
0000003F80
0000003F80
0000003F80
00007FFF80
007FFFFF80
03FFFFFF80
0FFFFFFF80
1FFFFFFF80
3FFC003F80
7FC0003F80
7F80003F80
FF00003F80
FF00003F80
FE00003F80
FE00007F80
FE00007F80
FF0000FF80
FF0000FF80
7F8001FF80
7FC003FF80
3FE00FFF80
3FFFFFBF80
1FFFFF3F80
0FFFFE3F80
03FFFC3F80
00FFF01F00
000F800400
ENDCHAR
STARTCHAR Aogonek
ENCODING 260
SWIDTH 733 0
DWIDTH 59 0
BBX 57 72 3 -15
BITMAP
000000F000000000
000001FC00000000
000003FC00000000
000003FE00000000
000007FE00000000
000007FF00000000
000007FF00000000
00000FFF80000000
00000FFF80000000
00001FDF80000000
00001FDFC0000000
00003F9FC0000000
00003F8FE0000000
00007F0FE0000000
00007F07F0000000
00007E07F0000000
0000FE03F8000000
0000FE03F8000000
0001FC03F8000000
0001FC01FC000000
0003F801FC000000
0003F800FE000000
0007F800FE000000
0007F0007F000000
0007F0007F000000
000FE0007F800000
000FE0003F800000
001FC0003F800000
001FC0001FC00000
003FC0001FC00000
003F80000FE00000
007F80000FE00000
007F00000FF00000
007F000007F00000
00FE000007F00000
00FE000003F80000
01FE000003F80000
01FFFFFFFFFC0000
03FFFFFFFFFC0000
03FFFFFFFFFE0000
03FFFFFFFFFE0000
07FFFFFFFFFF0000
07FFFFFFFFFF0000
0FF00000007F0000
0FE00000007F8000
1FE00000003F8000
1FC00000003FC000
3FC00000001FC000
3F800000001FE000
3F800000000FE000
7F800000000FF000
7F000000000FF000
FF0000000007F000
FE0000000007F800
FE0000000003F800
FC0000000003F800
FC0000000003F800
200000000007E000
00000000000FC000
00000000000F8000
00000000001F0000
00000000001F0000
00000000001F0000
00000000003E0000
00000000003E0000
00000000003F0000
00000000001F0000
00000000001F8000
00000000001FFF80
00000000000FFF80
000000000007FF80
000000000003FF00
ENDCHAR
STARTCHAR aogonek
ENCODING 261
SWIDTH 533 0
DWIDTH 43 0
BBX 36 55 4 -15
BITMAP
0001F00000
003FFF8000
01FFFFE000
0FFFFFF800
1FFFFFFC00
3FFFFFFC00
3FF807FE00
3FC001FF00
1E0000FF00
0000007F00
0000007F80
0000003F80
0000003F80
0000003F80
0000003F80
0000003F80
0000003F80
00007FFF80
007FFFFF80
03FFFFFF80
0FFFFFFF80
1FFFFFFF80
3FFC003F80
7FC0003F80
7F80003F80
FF00003F80
FF00003F80
FE00003F80
FE00007F80
FE00007F80
FF0000FF80
FF0000FF80
7F8001FF80
7FC003FF80
3FE00FFF80
3FFFFFBF80
1FFFFF3F80
0FFFFE3F80
03FFFC3F80
00FFF07F00
000F80FE00
000001F800
000001F000
000003E000
000003E000
000007C000
000007C000
000007C000
000007C000
000007E000
000003F000
000003FFF0
000001FFF0
000000FFF0
0000007FE0
ENDCHAR
STARTCHAR Cacute
ENCODING 262
SWIDTH 675 0
DWIDTH 54 0
BBX 45 77 5 -1
BITMAP
000000003000
00000000F800
00000000FC00
00000001FC00
00000003FC00
00000003F800
00000007F000
0000000FE000
0000000FC000
0000001F8000
0000003F8000
0000003F0000
0000007E0000
0000007C0000
000000380000
000000000000
000000000000
000000000000
000000000000
00000FFF8000
0000FFFFF800
0003FFFFFE00
000FFFFFFF80
003FFFFFFFE0
007FFFFFFFF0
00FFFFFFFFF8
01FFF0007FF8
03FFC0000FF8
07FF000003F8
07FE000000F8
0FF800000060
1FF000000000
1FF000000000
3FE000000000
3FC000000000
3FC000000000
7FC000000000
7F8000000000
7F8000000000
7F8000000000
FF0000000000
FF0000000000
FF0000000000
FF0000000000
FF0000000000
FF0000000000
FF0000000000
FF0000000000
FF0000000000
FF0000000000
FF0000000000
FF0000000000
FF0000000000
FF0000000000
FF0000000000
FF0000000000
7F8000000000
7F8000000000
7F8000000000
7FC000000000
3FC000000000
3FE000000000
1FE000000000
1FF000000000
0FF800000000
0FFC00000070
07FE000001F8
03FF000007F8
03FFC0001FF8
01FFFC00FFF8
00FFFFFFFFF8
003FFFFFFFE0
001FFFFFFFC0
0007FFFFFF00
0001FFFFFC00
00007FFFE000
000003FE0000
ENDCHAR
STARTCHAR cacute
ENCODING 263
SWIDTH 465 0
DWIDTH 37 0
BBX 32 62 4 -1
BITMAP
000000F8
000000FC
000001FC
000001FC
000003F8
000003F0
000007F0
000007E0
00000FC0
00001FC0
00001F80
00003F00
00003F00
00007E00
00007C00
00007C00
00007800
00001000
00000000
00000000
00000000
0000F800
001FFFC0
007FFFF0
01FFFFFC
03FFFFFE
07FFFFFE
0FFF03FF
1FF8007F
3FF0001E
3FC00000
7FC00000
7F800000
7F000000
FF000000
FF000000
FE000000
FE000000
FE000000
FE000000
FE000000
FE000000
FE000000
FE000000
FE000000
FE000000
FF000000
FF000000
FF000000
7F800000
7F800000
3FC00000
3FE00000
1FF0001E
1FF8007E
0FFF03FE
07FFFFFE
03FFFFFE
01FFFFFC
007FFFF0
001FFFC0
0001FC00
ENDCHAR
STARTCHAR Ccircumflex
ENCODING 264
SWIDTH 675 0
DWIDTH 54 0
BBX 45 77 5 -1
BITMAP
000000F00000
000001FC0000
000003FC0000
000007FE0000
00000FFF0000
00000FFF8000
00001F9F8000
00003F0FC000
00007F0FE000
00007E07E000
0000FC03F000
0001F801F800
0001F000FC00
0003E0007C00
0001E0003800
000000000000
000000000000
000000000000
000000000000
00000FFF8000
0000FFFFF800
0003FFFFFE00
000FFFFFFF80
003FFFFFFFE0
007FFFFFFFF0
00FFFFFFFFF8
01FFF0007FF8
03FFC0000FF8
07FF000003F8
07FE000000F8
0FF800000060
1FF000000000
1FF000000000
3FE000000000
3FC000000000
3FC000000000
7FC000000000
7F8000000000
7F8000000000
7F8000000000
FF0000000000
FF0000000000
FF0000000000
FF0000000000
FF0000000000
FF0000000000
FF0000000000
FF0000000000
FF0000000000
FF0000000000
FF0000000000
FF0000000000
FF0000000000
FF0000000000
FF0000000000
FF0000000000
7F8000000000
7F8000000000
7F8000000000
7FC000000000
3FC000000000
3FE000000000
1FE000000000
1FF000000000
0FF800000000
0FFC00000070
07FE000001F8
03FF000007F8
03FFC0001FF8
01FFFC00FFF8
00FFFFFFFFF8
003FFFFFFFE0
001FFFFFFFC0
0007FFFFFF00
0001FFFFFC00
00007FFFE000
000003FE0000
ENDCHAR
STARTCHAR ccircumflex
ENCODING 265
SWIDTH 465 0
DWIDTH 37 0
BBX 32 62 4 -1
BITMAP
0000F800
0001FC00
0003FE00
0007FE00
0007FF00
000FFF00
000FDF80
001F8F80
001F0FC0
003F07C0
003E03E0
007C03F0
00FC01F0
00F801F8
01F800F8
01F00078
00E00078
00400010
00000000
00000000
00000000
0000F800
001FFFC0
007FFFF0
01FFFFFC
03FFFFFE
07FFFFFE
0FFF03FF
1FF8007F
3FF0001E
3FC00000
7FC00000
7F800000
7F000000
FF000000
FF000000
FE000000
FE000000
FE000000
FE000000
FE000000
FE000000
FE000000
FE000000
FE000000
FE000000
FF000000
FF000000
FF000000
7F800000
7F800000
3FC00000
3FE00000
1FF0001E
1FF8007E
0FFF03FE
07FFFFFE
03FFFFFE
01FFFFFC
007FFFF0
001FFFC0
0001FC00
ENDCHAR
STARTCHAR Cdotaccent
ENCODING 266
SWIDTH 675 0
DWIDTH 54 0
BBX 45 73 5 -1
BITMAP
000001F80000
000003FC0000
000003FC0000
000003FC0000
000003FC0000
000003FC0000
000001F80000
000000F00000
000000000000
000000000000
000000000000
000000000000
000000000000
000000000000
000000000000
00000FFF8000
0000FFFFF800
0003FFFFFE00
000FFFFFFF80
003FFFFFFFE0
007FFFFFFFF0
00FFFFFFFFF8
01FFF0007FF8
03FFC0000FF8
07FF000003F8
07FE000000F8
0FF800000060
1FF000000000
1FF000000000
3FE000000000
3FC000000000
3FC000000000
7FC000000000
7F8000000000
7F8000000000
7F8000000000
FF0000000000
FF0000000000
FF0000000000
FF0000000000
FF0000000000
FF0000000000
FF0000000000
FF0000000000
FF0000000000
FF0000000000
FF0000000000
FF0000000000
FF0000000000
FF0000000000
FF0000000000
FF0000000000
7F8000000000
7F8000000000
7F8000000000
7FC000000000
3FC000000000
3FE000000000
1FE000000000
1FF000000000
0FF800000000
0FFC00000070
07FE000001F8
03FF000007F8
03FFC0001FF8
01FFFC00FFF8
00FFFFFFFFF8
003FFFFFFFE0
001FFFFFFFC0
0007FFFFFF00
0001FFFFFC00
00007FFFE000
000003FE0000
ENDCHAR
STARTCHAR cdotaccent
ENCODING 267
SWIDTH 465 0
DWIDTH 37 0
BBX 32 57 4 -1
BITMAP
0001F800
0001FC00
0003FC00
0003FE00
0003FC00
0003FC00
0001FC00
0000F000
00000000
00000000
00000000
00000000
00000000
00000000
00000000
00000000
0000F800
001FFFC0
007FFFF0
01FFFFFC
03FFFFFE
07FFFFFE
0FFF03FF
1FF8007F
3FF0001E
3FC00000
7FC00000
7F800000
7F000000
FF000000
FF000000
FE000000
FE000000
FE000000
FE000000
FE000000
FE000000
FE000000
FE000000
FE000000
FE000000
FF000000
FF000000
FF000000
7F800000
7F800000
3FC00000
3FE00000
1FF0001E
1FF8007E
0FFF03FE
07FFFFFE
03FFFFFE
01FFFFFC
007FFFF0
001FFFC0
0001FC00
ENDCHAR
STARTCHAR Ccaron
ENCODING 268
SWIDTH 675 0
DWIDTH 54 0
BBX 45 77 5 -1
BITMAP
000080001000
0001E0007C00
0003F0007C00
0001F000F800
0001F801F800
0000FC03F000
00007E07E000
00003F0FE000
00003F8FC000
00001F9F8000
00000FFF0000
00000FFF0000
000007FE0000
000003FC0000
000001F80000
000000600000
000000000000
000000000000
000000000000
00000FFF8000
0000FFFFF800
0003FFFFFE00
000FFFFFFF80
003FFFFFFFE0
007FFFFFFFF0
00FFFFFFFFF8
01FFF0007FF8
03FFC0000FF8
07FF000003F8
07FE000000F8
0FF800000060
1FF000000000
1FF000000000
3FE000000000
3FC000000000
3FC000000000
7FC000000000
7F8000000000
7F8000000000
7F8000000000
FF0000000000
FF0000000000
FF0000000000
FF0000000000
FF0000000000
FF0000000000
FF0000000000
FF0000000000
FF0000000000
FF0000000000
FF0000000000
FF0000000000
FF0000000000
FF0000000000
FF0000000000
FF0000000000
7F8000000000
7F8000000000
7F8000000000
7FC000000000
3FC000000000
3FE000000000
1FE000000000
1FF000000000
0FF800000000
0FFC00000070
07FE000001F8
03FF000007F8
03FFC0001FF8
01FFFC00FFF8
00FFFFFFFFF8
003FFFFFFFE0
001FFFFFFFC0
0007FFFFFF00
0001FFFFFC00
00007FFFE000
000003FE0000
ENDCHAR
STARTCHAR ccaron
ENCODING 269
SWIDTH 465 0
DWIDTH 37 0
BBX 32 62 4 -1
BITMAP
00E00038
01F00078
01F000F8
00F800F8
00FC01F0
007C03F0
007E03E0
003E07E0
003F07C0
001F8FC0
000F9F80
000FDF80
0007FF00
0007FE00
0003FE00
0003FC00
0001FC00
0000F000
00000000
00000000
00000000
0000F800
001FFFC0
007FFFF0
01FFFFFC
03FFFFFE
07FFFFFE
0FFF03FF
1FF8007F
3FF0001E
3FC00000
7FC00000
7F800000
7F000000
FF000000
FF000000
FE000000
FE000000
FE000000
FE000000
FE000000
FE000000
FE000000
FE000000
FE000000
FE000000
FF000000
FF000000
FF000000
7F800000
7F800000
3FC00000
3FE00000
1FF0001E
1FF8007E
0FFF03FE
07FFFFFE
03FFFFFE
01FFFFFC
007FFFF0
001FFFC0
0001FC00
ENDCHAR
STARTCHAR Dcaron
ENCODING 270
SWIDTH 747 0
DWIDTH 60 0
BBX 48 76 7 0
BITMAP
000C00008000
001E0003C000
001F0007E000
001F800FC000
000FC00F8000
0007E01F8000
0007F03F0000
0003F07E0000
0001F8FE0000
0000FDFC0000
0000FFF80000
00007FF80000
00003FF00000
00001FE00000
00000FC00000
000002000000
000000000000
000000000000
000000000000
000000000000
7FFFFFF00000
FFFFFFFF0000
FFFFFFFFC000
FFFFFFFFF000
FFFFFFFFFC00
FFFFFFFFFE00
FE00007FFF00
FE000007FF80
FE000001FFC0
FE0000007FE0
FE0000003FF0
FE0000001FF0
FE0000000FF8
FE00000007F8
FE00000007FC
FE00000003FC
FE00000003FC
FE00000001FE
FE00000001FE
FE00000001FE
FE00000000FE
FE00000000FF
FE00000000FF
FE00000000FF
FE00000000FF
FE00000000FF
FE00000000FF
FE00000000FF
FE00000000FF
FE00000000FF
FE00000000FF
FE00000000FF
FE00000000FF
FE00000000FF
FE00000000FF
FE00000001FE
FE00000001FE
FE00000001FE
FE00000003FE
FE00000003FC
FE00000003FC
FE00000007F8
FE0000000FF8
FE0000000FF0
FE0000001FF0
FE0000007FE0
FE000000FFE0
FE000003FFC0
FE00000FFF80
FE0003FFFF00
FFFFFFFFFC00
FFFFFFFFF800
FFFFFFFFE000
FFFFFFFF8000
FFFFFFFC0000
3FFFFFC00000
ENDCHAR
STARTCHAR dcaron
ENCODING 271
SWIDTH 587 0
DWIDTH 47 0
BBX 46 58 4 -1
BITMAP
00000001F038
00000003F87C
00000003F87C
00000003F87C
00000003F87C
00000003F87C
00000003F878
00000003F878
00000003F878
00000003F878
00000003F878
00000003F878
00000003F878
00000003F878
00000003F870
00000003F870
00000003F800
0003E003F800
003FFE03F800
00FFFF83F800
01FFFFC3F800
07FFFFF3F800
0FFFFFF3F800
0FFE03FBF800
1FF800FFF800
3FE0003FF800
3FC0001FF800
7FC0001FF800
7F80000FF800
7F00000FF800
FF000007F800
FF000007F800
FE000007F800
FE000003F800
FE000003F800
FE000003F800
FE000003F800
FE000003F800
FE000003F800
FE000003F800
FE000003F800
FE000003F800
FE000007F800
FF000007F800
FF000007F800
7F00000FF800
7F80000FF800
7F80001FF800
3FC0001FF800
3FE0003FF800
1FF800FFF800
0FFE03FBF800
0FFFFFFBF800
07FFFFF3F800
01FFFFC3F800
00FFFF83F800
003FFE01F000
0003E0004000
ENDCHAR
STARTCHAR Dcroat
ENCODING 272
SWIDTH 747 0
DWIDTH 60 0
BBX 56 56 -1 0
BITMAP
007FFFFFF00000
00FFFFFFFF0000
00FFFFFFFFC000
00FFFFFFFFF000
00FFFFFFFFFC00
00FFFFFFFFFE00
00FE00007FFF00
00FE000007FF80
00FE000001FFC0
00FE0000007FE0
00FE0000003FF0
00FE0000001FF0
00FE0000000FF8
00FE00000007F8
00FE00000007FC
00FE00000003FC
00FE00000003FC
00FE00000001FE
00FE00000001FE
00FE00000001FE
00FE00000000FE
00FE00000000FF
00FE00000000FF
00FE00000000FF
00FE00000000FF
7FFFFFFE0000FF
FFFFFFFE0000FF
FFFFFFFE0000FF
FFFFFFFE0000FF
7FFFFFFE0000FF
00FE00000000FF
00FE00000000FF
00FE00000000FF
00FE00000000FF
00FE00000000FF
00FE00000001FE
00FE00000001FE
00FE00000001FE
00FE00000003FE
00FE00000003FC
00FE00000003FC
00FE00000007F8
00FE0000000FF8
00FE0000000FF0
00FE0000001FF0
00FE0000007FE0
00FE000000FFE0
00FE000003FFC0
00FE00000FFF80
00FE0003FFFF00
00FFFFFFFFFC00
00FFFFFFFFF800
00FFFFFFFFE000
00FFFFFFFF8000
00FFFFFFFC0000
003FFFFFC00000
ENDCHAR
STARTCHAR dcroat
ENCODING 273
SWIDTH 587 0
DWIDTH 47 0
BBX 45 58 4 -1
BITMAP
00000001F000
00000003F800
00000003F800
00000003F800
00000003F800
00000003F800
00000003F800
00000003F800
0001FFFFFFF0
0003FFFFFFF8
0003FFFFFFF8
0003FFFFFFF0
0001FFFFFFF0
00000003F800
00000003F800
00000003F800
00000003F800
0003E003F800
003FFE03F800
00FFFF83F800
01FFFFC3F800
07FFFFF3F800
0FFFFFF3F800
0FFE03FBF800
1FF800FFF800
3FE0003FF800
3FC0001FF800
7F80001FF800
7F80000FF800
7F000007F800
FF000007F800
FF000007F800
FE000003F800
FE000003F800
FE000003F800
FE000003F800
FE000003F800
FE000003F800
FE000003F800
FE000003F800
FE000003F800
FE000003F800
FE000007F800
FF000007F800
FF000007F800
7F000007F800
7F80000FF800
7FC0001FF800
3FC0001FF800
3FE0003FF800
1FF800FFF800
0FFE03FBF800
0FFFFFF3F800
07FFFFF3F800
01FFFFC3F800
00FFFF83F800
003FFE01F000
0003F0004000
ENDCHAR
STARTCHAR Emacron
ENCODING 274
SWIDTH 586 0
DWIDTH 47 0
BBX 36 70 7 0
BITMAP
01FFFFFE00
03FFFFFF00
03FFFFFF80
03FFFFFF00
03FFFFFF00
0000000000
0000000000
0000000000
0000000000
0000000000
0000000000
0000000000
0000000000
0000000000
7FFFFFFFF0
FFFFFFFFF0
FFFFFFFFF0
FFFFFFFFF0
FFFFFFFFF0
FFFFFFFFC0
FE00000000
FE00000000
FE00000000
FE00000000
FE00000000
FE00000000
FE00000000
FE00000000
FE00000000
FE00000000
FE00000000
FE00000000
FE00000000
FE00000000
FE00000000
FE00000000
FE00000000
FE00000000
FFFFFFFF80
FFFFFFFFC0
FFFFFFFFE0
FFFFFFFFE0
FFFFFFFFE0
FFFFFFFFC0
FE00000000
FE00000000
FE00000000
FE00000000
FE00000000
FE00000000
FE00000000
FE00000000
FE00000000
FE00000000
FE00000000
FE00000000
FE00000000
FE00000000
FE00000000
FE00000000
FE00000000
FE00000000
FE00000000
FE00000000
FFFFFFFFE0
FFFFFFFFF0
FFFFFFFFF0
FFFFFFFFF0
FFFFFFFFF0
3FFFFFFFE0
ENDCHAR
STARTCHAR emacron
ENCODING 275
SWIDTH 534 0
DWIDTH 43 0
BBX 36 56 4 -1
BITMAP
00FFFFF800
01FFFFFE00
03FFFFFE00
03FFFFFE00
01FFFFFC00
0000000000
0000000000
0000000000
0000000000
0000000000
0000000000
0000000000
0000000000
0000000000
0000000000
0000F80000
000FFF8000
007FFFE000
00FFFFF800
03FFFFFC00
07FFFFFE00
0FFC01FF00
0FF0007F80
1FE0003F80
3FC0001FC0
3F80000FC0
7F00000FC0
7F00000FE0
FF000007E0
FE000007E0
FE000007E0
FE000007E0
FE000007E0
FFFFFFFFE0
FFFFFFFFF0
FFFFFFFFE0
FFFFFFFFE0
FE00000000
FE00000000
FE00000000
FE00000000
FE00000000
FF00000000
7F00000000
7F80000000
3F80000000
3FC0000180
1FE00007E0
1FF8000FE0
0FFF00FFE0
07FFFFFFC0
03FFFFFFC0
00FFFFFF00
007FFFFC00
000FFFF000
0000FE0000
ENDCHAR
STARTCHAR Ebreve
ENCODING 276
SWIDTH 586 0
DWIDTH 47 0
BBX 36 75 7 0
BITMAP
0380000700
03C0000F00
07C0000F80
03C0000F00
03E0001F00
03E0001F00
01F0003E00
01F8007E00
00FE01FC00
00FFFFFC00
007FFFF800
001FFFE000
000FFFC000
0003FF0000
0000000000
0000000000
0000000000
0000000000
0000000000
7FFFFFFFF0
FFFFFFFFF0
FFFFFFFFF0
FFFFFFFFF0
FFFFFFFFF0
FFFFFFFFC0
FE00000000
FE00000000
FE00000000
FE00000000
FE00000000
FE00000000
FE00000000
FE00000000
FE00000000
FE00000000
FE00000000
FE00000000
FE00000000
FE00000000
FE00000000
FE00000000
FE00000000
FE00000000
FFFFFFFF80
FFFFFFFFC0
FFFFFFFFE0
FFFFFFFFE0
FFFFFFFFE0
FFFFFFFFC0
FE00000000
FE00000000
FE00000000
FE00000000
FE00000000
FE00000000
FE00000000
FE00000000
FE00000000
FE00000000
FE00000000
FE00000000
FE00000000
FE00000000
FE00000000
FE00000000
FE00000000
FE00000000
FE00000000
FE00000000
FFFFFFFFE0
FFFFFFFFF0
FFFFFFFFF0
FFFFFFFFF0
FFFFFFFFF0
3FFFFFFFE0
ENDCHAR
STARTCHAR ebreve
ENCODING 277
SWIDTH 534 0
DWIDTH 43 0
BBX 36 61 4 -1
BITMAP
0180001C00
03C0001E00
03E0003E00
03E0003E00
03E0003E00
01E0003C00
01F0007C00
01F0007C00
00F800F800
00FC01F800
007E03F000
007FFFF000
003FFFE000
001FFFC000
000FFF8000
0001FC0000
0000000000
0000000000
0000000000
0000000000
0000F80000
000FFF8000
007FFFE000
00FFFFF800
03FFFFFC00
07FFFFFE00
0FFC01FF00
0FF0007F80
1FE0003F80
3FC0001FC0
3F80000FC0
7F00000FC0
7F00000FE0
FF000007E0
FE000007E0
FE000007E0
FE000007E0
FE000007E0
FFFFFFFFE0
FFFFFFFFF0
FFFFFFFFE0
FFFFFFFFE0
FE00000000
FE00000000
FE00000000
FE00000000
FE00000000
FF00000000
7F00000000
7F80000000
3F80000000
3FC0000180
1FE00007E0
1FF8000FE0
0FFF00FFE0
07FFFFFFC0
03FFFFFFC0
00FFFFFF00
007FFFFC00
000FFFF000
0000FE0000
ENDCHAR
STARTCHAR Edotaccent
ENCODING 278
SWIDTH 586 0
DWIDTH 47 0
BBX 36 72 7 0
BITMAP
0000FC0000
0001FE0000
0001FE0000
0001FE0000
0001FE0000
0001FE0000
0000FC0000
0000780000
0000000000
0000000000
0000000000
0000000000
0000000000
0000000000
0000000000
0000000000
7FFFFFFFF0
FFFFFFFFF0
FFFFFFFFF0
FFFFFFFFF0
FFFFFFFFF0
FFFFFFFFC0
FE00000000
FE00000000
FE00000000
FE00000000
FE00000000
FE00000000
FE00000000
FE00000000
FE00000000
FE00000000
FE00000000
FE00000000
FE00000000
FE00000000
FE00000000
FE00000000
FE00000000
FE00000000
FFFFFFFF80
FFFFFFFFC0
FFFFFFFFE0
FFFFFFFFE0
FFFFFFFFE0
FFFFFFFFC0
FE00000000
FE00000000
FE00000000
FE00000000
FE00000000
FE00000000
FE00000000
FE00000000
FE00000000
FE00000000
FE00000000
FE00000000
FE00000000
FE00000000
FE00000000
FE00000000
FE00000000
FE00000000
FE00000000
FE00000000
FFFFFFFFE0
FFFFFFFFF0
FFFFFFFFF0
FFFFFFFFF0
FFFFFFFFF0
3FFFFFFFE0
ENDCHAR
STARTCHAR edotaccent
ENCODING 279
SWIDTH 534 0
DWIDTH 43 0
BBX 36 57 4 -1
BITMAP
0000F80000
0001FC0000
0003FE0000
0003FE0000
0003FE0000
0001FC0000
0001FC0000
0000780000
0000000000
0000000000
0000000000
0000000000
0000000000
0000000000
0000000000
0000000000
0000F80000
000FFF8000
007FFFE000
00FFFFF800
03FFFFFC00
07FFFFFE00
0FFC01FF00
0FF0007F80
1FE0003F80
3FC0001FC0
3F80000FC0
7F00000FC0
7F00000FE0
FF000007E0
FE000007E0
FE000007E0
FE000007E0
FE000007E0
FFFFFFFFE0
FFFFFFFFF0
FFFFFFFFE0
FFFFFFFFE0
FE00000000
FE00000000
FE00000000
FE00000000
FE00000000
FF00000000
7F00000000
7F80000000
3F80000000
3FC0000180
1FE00007E0
1FF8000FE0
0FFF00FFE0
07FFFFFFC0
03FFFFFFC0
00FFFFFF00
007FFFFC00
000FFFF000
0000FE0000
ENDCHAR
STARTCHAR Eogonek
ENCODING 280
SWIDTH 586 0
DWIDTH 47 0
BBX 37 71 7 -15
BITMAP
7FFFFFFFF0
FFFFFFFFF0
FFFFFFFFF0
FFFFFFFFF0
FFFFFFFFF0
FFFFFFFFC0
FE00000000
FE00000000
FE00000000
FE00000000
FE00000000
FE00000000
FE00000000
FE00000000
FE00000000
FE00000000
FE00000000
FE00000000
FE00000000
FE00000000
FE00000000
FE00000000
FE00000000
FE00000000
FFFFFFFF80
FFFFFFFFC0
FFFFFFFFE0
FFFFFFFFE0
FFFFFFFFE0
FFFFFFFFC0
FE00000000
FE00000000
FE00000000
FE00000000
FE00000000
FE00000000
FE00000000
FE00000000
FE00000000
FE00000000
FE00000000
FE00000000
FE00000000
FE00000000
FE00000000
FE00000000
FE00000000
FE00000000
FE00000000
FE00000000
FFFFFFFFE0
FFFFFFFFF0
FFFFFFFFF0
FFFFFFFFF0
FFFFFFFFF0
3FFFFFFFE0
0000007F00
000000FC00
000000F800
000001F000
000001F000
000001F000
000003E000
000003E000
000003F000
000001F000
000001F800
000001FFF8
000000FFF8
0000007FF8
0000003FF0
ENDCHAR
STARTCHAR eogonek
ENCODING 281
SWIDTH 534 0
DWIDTH 43 0
BBX 36 55 4 -15
BITMAP
0000F80000
000FFF8000
007FFFE000
00FFFFF800
03FFFFFC00
07FFFFFE00
0FFC01FF00
0FF0007F80
1FE0003F80
3FC0001FC0
3F80000FC0
7F00000FC0
7F00000FE0
FF000007E0
FE000007E0
FE000007E0
FE000007E0
FE000007E0
FFFFFFFFE0
FFFFFFFFF0
FFFFFFFFE0
FFFFFFFFE0
FE00000000
FE00000000
FE00000000
FE00000000
FE00000000
FF00000000
7F00000000
7F80000000
3F80000000
3FC0000180
1FE00007E0
1FF8000FE0
0FFF00FFE0
07FFFFFFC0
03FFFFFFC0
00FFFFFF00
007FFFFC00
000FFFF000
0000FF0000
00007C0000
0000F80000
0001F00000
0001F00000
0001F00000
0001F00000
0003F00000
0001F00000
0001F00000
0001FC0000
0001FFF800
0000FFFC00
00007FF800
00001FF000
ENDCHAR
STARTCHAR Ecaron
ENCODING 282
SWIDTH 586 0
DWIDTH 47 0
BBX 36 76 7 0
BITMAP
0040000800
01F0003E00
01F8003E00
00F8007C00
00FC00FC00
007E01F800
003F03F000
003F87F000
001FC7E000
000FCFC000
0007FF8000
0007FF8000
0003FF0000
0001FE0000
0000FC0000
0000300000
0000000000
0000000000
0000000000
0000000000
7FFFFFFFF0
FFFFFFFFF0
FFFFFFFFF0
FFFFFFFFF0
FFFFFFFFF0
FFFFFFFFC0
FE00000000
FE00000000
FE00000000
FE00000000
FE00000000
FE00000000
FE00000000
FE00000000
FE00000000
FE00000000
FE00000000
FE00000000
FE00000000
FE00000000
FE00000000
FE00000000
FE00000000
FE00000000
FFFFFFFF80
FFFFFFFFC0
FFFFFFFFE0
FFFFFFFFE0
FFFFFFFFE0
FFFFFFFFC0
FE00000000
FE00000000
FE00000000
FE00000000
FE00000000
FE00000000
FE00000000
FE00000000
FE00000000
FE00000000
FE00000000
FE00000000
FE00000000
FE00000000
FE00000000
FE00000000
FE00000000
FE00000000
FE00000000
FE00000000
FFFFFFFFE0
FFFFFFFFF0
FFFFFFFFF0
FFFFFFFFF0
FFFFFFFFF0
3FFFFFFFE0
ENDCHAR
STARTCHAR ecaron
ENCODING 283
SWIDTH 534 0
DWIDTH 43 0
BBX 36 62 4 -1
BITMAP
00E0003800
01F0007800
01F0007C00
00F800F800
00FC01F800
007C01F000
007E03E000
003F07E000
001F07C000
001F8FC000
000F8F8000
000FDF8000
0007FF0000
0007FF0000
0003FE0000
0003FE0000
0001FC0000
0000F80000
0000000000
0000000000
0000000000
0000F80000
000FFF8000
007FFFE000
00FFFFF800
03FFFFFC00
07FFFFFE00
0FFC01FF00
0FF0007F80
1FE0003F80
3FC0001FC0
3F80000FC0
7F00000FC0
7F00000FE0
FF000007E0
FE000007E0
FE000007E0
FE000007E0
FE000007E0
FFFFFFFFE0
FFFFFFFFF0
FFFFFFFFE0
FFFFFFFFE0
FE00000000
FE00000000
FE00000000
FE00000000
FE00000000
FF00000000
7F00000000
7F80000000
3F80000000
3FC0000180
1FE00007E0
1FF8000FE0
0FFF00FFE0
07FFFFFFC0
03FFFFFFC0
00FFFFFF00
007FFFFC00
000FFFF000
0000FE0000
ENDCHAR
STARTCHAR Gcircumflex
ENCODING 284
SWIDTH 729 0
DWIDTH 58 0
BBX 47 77 5 -1
BITMAP
000000700000
000001FC0000
000003FE0000
000007FF0000
000007FF0000
00000FFF8000
00001FDFC000
00001F8FE000
00003F07E000
00007E03F000
0000FC01F800
0000FC01F800
0001F800FC00
0001F0007C00
0001E0003C00
000000000000
000000000000
000000000000
000000000000
00000FFFC000
00007FFFFC00
0003FFFFFF00
000FFFFFFFC0
001FFFFFFFF0
007FFFFFFFF8
00FFFFFFFFFC
01FFF0001FFC
03FF800007FE
07FF000001FC
07FC0000007C
0FF800000010
1FF000000000
1FF000000000
3FE000000000
3FC000000000
3FC000000000
7F8000000000
7F8000000000
7F8000000000
7F0000000000
FF0000000000
FF0000000000
FF0000000000
FF0000000000
FF0000000000
FF0000000000
FF000007FFF8
FF00001FFFFC
FF00001FFFFE
FF00001FFFFE
FF00001FFFFE
FF00000FFFFE
FF000000007E
FF000000007E
FF000000007E
FF000000007E
7F800000007E
7F800000007E
7F800000007E
7FC00000007E
3FC00000007E
3FE00000007E
1FE00000007E
1FF00000007E
0FF80000007E
0FFC0000007E
07FE0000007E
03FF8000007E
03FFE00001FE
01FFFC001FFE
00FFFFFFFFFE
003FFFFFFFFE
001FFFFFFFFC
0007FFFFFFF8
0001FFFFFFC0
00003FFFFE00
000001FF0000
ENDCHAR
STARTCHAR gcircumflex
ENCODING 285
SWIDTH 590 0
DWIDTH 47 0
BBX 37 76 4 -15
BITMAP
00007E0000
0000FF0000
0001FF0000
0001FF8000
0003FF8000
0003FFC000
0007EFC000
0007C7E000
000FC3E000
000F83F000
001F81F000
003F00F800
003E00FC00
007E007C00
007C007E00
0078003E00
0078001E00
0020000800
0000000000
0000000000
0000000000
0001F00040
003FFE01F0
00FFFF83F8
01FFFFE3F8
07FFFFF3F8
0FFFFFFBF8
0FFE03FBF8
1FF800FFF8
3FE0003FF8
3FC0001FF8
7F80000FF8
7F80000FF8
FF000007F8
FF000007F8
FF000007F8
FE000003F8
FE000003F8
FE000003F8
FE000003F8
FE000003F8
FE000003F8
FE000003F8
FE000003F8
FE000003F8
FE000003F8
FF000007F8
FF000007F8
7F80000FF8
7F80000FF8
3FC0001FF8
3FE0003FF8
1FF0007FF8
1FFC01FFF8
0FFFFFFBF8
07FFFFF3F8
03FFFFE3F8
00FFFFC3F8
007FFF03F8
000FF803F8
00000003F8
00000003F8
00000003F8
00000003F8
00000007F8
00000007F0
0000000FF0
1E00001FF0
3F80003FE0
3FF000FFC0
3FFFFFFFC0
1FFFFFFF80
0FFFFFFF00
03FFFFFC00
007FFFF000
0007FF8000
ENDCHAR
STARTCHAR Gbreve
ENCODING 286
SWIDTH 729 0
DWIDTH 58 0
BBX 47 76 5 -1
BITMAP
000380000E00
000780000F00
0007C0001F00
0007C0001F00
0007C0001F00
0003E0003E00
0003E0003E00
0001F8007C00
0001FC01FC00
0000FFFFF800
00007FFFF000
00003FFFE000
00000FFF8000
000003FE0000
000000000000
000000000000
000000000000
000000000000
00000FFFC000
00007FFFFC00
0003FFFFFF00
000FFFFFFFC0
001FFFFFFFF0
007FFFFFFFF8
00FFFFFFFFFC
01FFF0001FFC
03FF800007FE
07FF000001FC
07FC0000007C
0FF800000010
1FF000000000
1FF000000000
3FE000000000
3FC000000000
3FC000000000
7F8000000000
7F8000000000
7F8000000000
7F0000000000
FF0000000000
FF0000000000
FF0000000000
FF0000000000
FF0000000000
FF0000000000
FF000007FFF8
FF00001FFFFC
FF00001FFFFE
FF00001FFFFE
FF00001FFFFE
FF00000FFFFE
FF000000007E
FF000000007E
FF000000007E
FF000000007E
7F800000007E
7F800000007E
7F800000007E
7FC00000007E
3FC00000007E
3FE00000007E
1FE00000007E
1FF00000007E
0FF80000007E
0FFC0000007E
07FE0000007E
03FF8000007E
03FFE00001FE
01FFFC001FFE
00FFFFFFFFFE
003FFFFFFFFE
001FFFFFFFFC
0007FFFFFFF8
0001FFFFFFC0
00003FFFFE00
000001FF0000
ENDCHAR
STARTCHAR gbreve
ENCODING 287
SWIDTH 590 0
DWIDTH 47 0
BBX 37 75 4 -15
BITMAP
00E0000600
00F0000F00
01F0000F00
01F0001F00
00F0001F00
00F8001F00
00F8001E00
00F8003E00
007C007E00
007E007C00
003F01FC00
001FFFF800
001FFFF000
000FFFE000
0003FFC000
0000FF0000
0000000000
0000000000
0000000000
0000000000
0001F00040
003FFE01F0
00FFFF83F8
01FFFFE3F8
07FFFFF3F8
0FFFFFFBF8
0FFE03FBF8
1FF800FFF8
3FE0003FF8
3FC0001FF8
7F80000FF8
7F80000FF8
FF000007F8
FF000007F8
FF000007F8
FE000003F8
FE000003F8
FE000003F8
FE000003F8
FE000003F8
FE000003F8
FE000003F8
FE000003F8
FE000003F8
FE000003F8
FF000007F8
FF000007F8
7F80000FF8
7F80000FF8
3FC0001FF8
3FE0003FF8
1FF0007FF8
1FFC01FFF8
0FFFFFFBF8
07FFFFF3F8
03FFFFE3F8
00FFFFC3F8
007FFF03F8
000FF803F8
00000003F8
00000003F8
00000003F8
00000003F8
00000007F8
00000007F0
0000000FF0
1E00001FF0
3F80003FE0
3FF000FFC0
3FFFFFFFC0
1FFFFFFF80
0FFFFFFF00
03FFFFFC00
007FFFF000
0007FF8000
ENDCHAR
STARTCHAR Gdotaccent
ENCODING 288
SWIDTH 729 0
DWIDTH 58 0
BBX 47 73 5 -1
BITMAP
000000F80000
000001FC0000
000001FE0000
000003FE0000
000003FE0000
000001FC0000
000001FC0000
000000F80000
000000000000
000000000000
000000000000
000000000000
000000000000
000000000000
000000000000
00000FFFC000
00007FFFFC00
0003FFFFFF00
000FFFFFFFC0
001FFFFFFFF0
007FFFFFFFF8
00FFFFFFFFFC
01FFF0001FFC
03FF800007FE
07FF000001FC
07FC0000007C
0FF800000010
1FF000000000
1FF000000000
3FE000000000
3FC000000000
3FC000000000
7F8000000000
7F8000000000
7F8000000000
7F0000000000
FF0000000000
FF0000000000
FF0000000000
FF0000000000
FF0000000000
FF0000000000
FF000007FFF8
FF00001FFFFC
FF00001FFFFE
FF00001FFFFE
FF00001FFFFE
FF00000FFFFE
FF000000007E
FF000000007E
FF000000007E
FF000000007E
7F800000007E
7F800000007E
7F800000007E
7FC00000007E
3FC00000007E
3FE00000007E
1FE00000007E
1FF00000007E
0FF80000007E
0FFC0000007E
07FE0000007E
03FF8000007E
03FFE00001FE
01FFFC001FFE
00FFFFFFFFFE
003FFFFFFFFE
001FFFFFFFFC
0007FFFFFFF8
0001FFFFFFC0
00003FFFFE00
000001FF0000
ENDCHAR
STARTCHAR gdotaccent
ENCODING 289
SWIDTH 590 0
DWIDTH 47 0
BBX 37 71 4 -15
BITMAP
00007E0000
0000FF0000
0000FF0000
0000FF0000
0000FF0000
0000FF0000
0000FE0000
00003C0000
0000000000
0000000000
0000000000
0000000000
0000000000
0000000000
0000000000
0000000000
0001F00040
003FFE01F0
00FFFF83F8
01FFFFE3F8
07FFFFF3F8
0FFFFFFBF8
0FFE03FBF8
1FF800FFF8
3FE0003FF8
3FC0001FF8
7F80000FF8
7F80000FF8
FF000007F8
FF000007F8
FF000007F8
FE000003F8
FE000003F8
FE000003F8
FE000003F8
FE000003F8
FE000003F8
FE000003F8
FE000003F8
FE000003F8
FE000003F8
FF000007F8
FF000007F8
7F80000FF8
7F80000FF8
3FC0001FF8
3FE0003FF8
1FF0007FF8
1FFC01FFF8
0FFFFFFBF8
07FFFFF3F8
03FFFFE3F8
00FFFFC3F8
007FFF03F8
000FF803F8
00000003F8
00000003F8
00000003F8
00000003F8
00000007F8
00000007F0
0000000FF0
1E00001FF0
3F80003FE0
3FF000FFC0
3FFFFFFFC0
1FFFFFFF80
0FFFFFFF00
03FFFFFC00
007FFFF000
0007FF8000
ENDCHAR
STARTCHAR uni0122
ENCODING 290
SWIDTH 729 0
DWIDTH 58 0
BBX 47 78 5 -21
BITMAP
00000FFFC000
00007FFFFC00
0003FFFFFF00
000FFFFFFFC0
001FFFFFFFF0
007FFFFFFFF8
00FFFFFFFFFC
01FFF0001FFC
03FF800007FE
07FF000001FC
07FC0000007C
0FF800000010
1FF000000000
1FF000000000
3FE000000000
3FC000000000
3FC000000000
7F8000000000
7F8000000000
7F8000000000
7F0000000000
FF0000000000
FF0000000000
FF0000000000
FF0000000000
FF0000000000
FF0000000000
FF000007FFF8
FF00001FFFFC
FF00001FFFFE
FF00001FFFFE
FF00001FFFFE
FF00000FFFFE
FF000000007E
FF000000007E
FF000000007E
FF000000007E
7F800000007E
7F800000007E
7F800000007E
7FC00000007E
3FC00000007E
3FE00000007E
1FE00000007E
1FF00000007E
0FF80000007E
0FFC0000007E
07FE0000007E
03FF8000007E
03FFE00001FE
01FFFC001FFE
00FFFFFFFFFE
003FFFFFFFFE
001FFFFFFFFC
0007FFFFFFF8
0001FFFFFFC0
00003FFFFE00
000001FF0000
000000000000
000000000000
000000000000
000000000000
000000000000
000000F80000
000001FE0000
000001FE0000
000001FE0000
000001FE0000
000001FE0000
000000FE0000
0000007E0000
0000001E0000
0000003E0000
0000003C0000
0000003C0000
0000007C0000
000000780000
000000700000
ENDCHAR
STARTCHAR uni0123
ENCODING 291
SWIDTH 590 0
DWIDTH 47 0
BBX 37 75 4 -15
BITMAP
00001C0000
00003C0000
00007C0000
0000780000
0000F80000
0000F00000
0000F00000
0000FC0000
0001FE0000
0001FF0000
0001FF0000
0001FF0000
0000FF0000
0000FE0000
00007C0000
0000000000
0000000000
0000000000
0000000000
0000000000
0001F00040
003FFE01F0
00FFFF83F8
01FFFFE3F8
07FFFFF3F8
0FFFFFFBF8
0FFE03FBF8
1FF800FFF8
3FE0003FF8
3FC0001FF8
7F80000FF8
7F80000FF8
FF000007F8
FF000007F8
FF000007F8
FE000003F8
FE000003F8
FE000003F8
FE000003F8
FE000003F8
FE000003F8
FE000003F8
FE000003F8
FE000003F8
FE000003F8
FF000007F8
FF000007F8
7F80000FF8
7F80000FF8
3FC0001FF8
3FE0003FF8
1FF0007FF8
1FFC01FFF8
0FFFFFFBF8
07FFFFF3F8
03FFFFE3F8
00FFFFC3F8
007FFF03F8
000FF803F8
00000003F8
00000003F8
00000003F8
00000003F8
00000007F8
00000007F0
0000000FF0
1E00001FF0
3F80003FE0
3FF000FFC0
3FFFFFFFC0
1FFFFFFF80
0FFFFFFF00
03FFFFFC00
007FFFF000
0007FF8000
ENDCHAR
STARTCHAR Hcircumflex
ENCODING 292
SWIDTH 764 0
DWIDTH 61 0
BBX 47 77 7 -1
BITMAP
000003800000
00000FE00000
00001FF00000
00003FF80000
00003FF80000
00007FFC0000
0000FEFE0000
0000FC7E0000
0001F83F0000
0003F01F8000
0007E00FC000
0007E00FC000
000FC007E000
000F8003E000
000F0001E000
000000000000
000000000000
000000000000
000000000000
7C000000003C
FE00000000FE
FE00000000FE
FE00000000FE
FE00000000FE
FE00000000FE
FE00000000FE
FE00000000FE
FE00000000FE
FE00000000FE
FE00000000FE
FE00000000FE
FE00000000FE
FE00000000FE
FE00000000FE
FE00000000FE
FE00000000FE
FE00000000FE
FE00000000FE
FE00000000FE
FE00000000FE
FE00000000FE
FE00000000FE
FE00000000FE
FE00000000FE
FFFFFFFFFFFE
FFFFFFFFFFFE
FFFFFFFFFFFE
FFFFFFFFFFFE
FFFFFFFFFFFE
FFFFFFFFFFFE
FFFFFFFFFFFE
FE00000000FE
FE00000000FE
FE00000000FE
FE00000000FE
FE00000000FE
FE00000000FE
FE00000000FE
FE00000000FE
FE00000000FE
FE00000000FE
FE00000000FE
FE00000000FE
FE00000000FE
FE00000000FE
FE00000000FE
FE00000000FE
FE00000000FE
FE00000000FE
FE00000000FE
FE00000000FE
FE00000000FE
FE00000000FE
FE00000000FE
FE00000000FE
7C000000007C
100000000010
ENDCHAR
STARTCHAR hcircumflex
ENCODING 293
SWIDTH 572 0
DWIDTH 46 0
BBX 34 77 6 -1
BITMAP
0001E00000
0007F00000
0007F80000
000FFC0000
001FFE0000
003FFF0000
003F3F0000
007E1F8000
00FE1FC000
00FC0FC000
01F807E000
03F003F000
07E001F000
07C000F800
03C000F000
0000000000
0000000000
0000000000
0000000000
7C00000000
FE00000000
FE00000000
FE00000000
FE00000000
FE00000000
FE00000000
FE00000000
FE00000000
FE00000000
FE00000000
FE00000000
FE00000000
FE00000000
FE00000000
FE00000000
FE00000000
FE003C0000
FE03FFE000
FE0FFFF800
FE3FFFFC00
FE7FFFFE00
FEFFFFFF00
FEFF07FF00
FFF801FF80
FFE0007F80
FFC0007F80
FF80003FC0
FF80003FC0
FF00003FC0
FF00001FC0
FE00001FC0
FE00001FC0
FE00001FC0
FE00001FC0
FE00001FC0
FE00001FC0
FE00001FC0
FE00001FC0
FE00001FC0
FE00001FC0
FE00001FC0
FE00001FC0
FE00001FC0
FE00001FC0
FE00001FC0
FE00001FC0
FE00001FC0
FE00001FC0
FE00001FC0
FE00001FC0
FE00001FC0
FE00001FC0
FE00001FC0
FE00001FC0
FE00001FC0
7C00000F80
1000000200
ENDCHAR
STARTCHAR Hbar
ENCODING 294
SWIDTH 802 0
DWIDTH 64 0
BBX 63 58 1 -1
BITMAP
0078000000007800
00FC00000000FC00
01FE00000000FE00
01FE00000001FE00
01FE00000001FE00
01FE00000001FE00
01FE00000001FE00
01FE00000001FE00
01FE00000001FE00
01FE00000001FE00
7FFFFFFFFFFFFFFC
FFFFFFFFFFFFFFFC
FFFFFFFFFFFFFFFE
FFFFFFFFFFFFFFFE
FFFFFFFFFFFFFFFC
3FFFFFFFFFFFFFF8
01FE00000001FE00
01FE00000001FE00
01FE00000001FE00
01FE00000001FE00
01FE00000001FE00
01FE00000001FE00
01FE00000001FE00
01FE00000001FE00
01FE00000001FE00
01FE00000001FE00
01FFFFFFFFFFFE00
01FFFFFFFFFFFE00
01FFFFFFFFFFFE00
01FFFFFFFFFFFE00
01FFFFFFFFFFFE00
01FFFFFFFFFFFE00
01FE00000001FE00
01FE00000001FE00
01FE00000001FE00
01FE00000001FE00
01FE00000001FE00
01FE00000001FE00
01FE00000001FE00
01FE00000001FE00
01FE00000001FE00
01FE00000001FE00
01FE00000001FE00
01FE00000001FE00
01FE00000001FE00
01FE00000001FE00
01FE00000001FE00
01FE00000001FE00
01FE00000001FE00
01FE00000001FE00
01FE00000001FE00
01FE00000001FE00
01FE00000001FE00
01FE00000001FE00
01FE00000000FE00
00FC00000000FE00
00FC00000000FC00
0010000000001000
ENDCHAR
STARTCHAR hbar
ENCODING 295
SWIDTH 572 0
DWIDTH 46 0
BBX 42 58 -2 -1
BITMAP
007C00000000
00FE00000000
00FE00000000
00FE00000000
00FE00000000
00FE00000000
00FE00000000
00FE00000000
7FFFFFFC0000
7FFFFFFE0000
FFFFFFFE0000
7FFFFFFC0000
3FFFFFFC0000
00FE00000000
00FE00000000
00FE00000000
00FE00000000
00FE003C0000
00FE03FFE000
00FE0FFFF800
00FE3FFFFC00
00FE7FFFFE00
00FEFFFFFF00
00FEFF07FF00
00FFF801FF80
00FFE0007F80
00FFC0007F80
00FF80003FC0
00FF80003FC0
00FF00003FC0
00FF00001FC0
00FE00001FC0
00FE00001FC0
00FE00001FC0
00FE00001FC0
00FE00001FC0
00FE00001FC0
00FE00001FC0
00FE00001FC0
00FE00001FC0
00FE00001FC0
00FE00001FC0
00FE00001FC0
00FE00001FC0
00FE00001FC0
00FE00001FC0
00FE00001FC0
00FE00001FC0
00FE00001FC0
00FE00001FC0
00FE00001FC0
00FE00001FC0
00FE00001FC0
00FE00001FC0
00FE00001FC0
00FE00001FC0
007C00000F80
001000000200
ENDCHAR
STARTCHAR Itilde
ENCODING 296
SWIDTH 262 0
DWIDTH 21 0
BBX 33 75 -6 -1
BITMAP
00C0000380
07FC000780
0FFF000780
3FFF800F80
3FFFE00F80
7FBFF81F00
7C07FFFF00
F803FFFE00
F000FFFC00
F0003FF800
F0000FF000
6000000000
0000000000
0000000000
0000000000
0000000000
0000000000
0003E00000
0007F00000
0007F00000
0007F00000
0007F00000
0007F00000
0007F00000
0007F00000
0007F00000
0007F00000
0007F00000
0007F00000
0007F00000
0007F00000
0007F00000
0007F00000
0007F00000
0007F00000
0007F00000
0007F00000
0007F00000
0007F00000
0007F00000
0007F00000
0007F00000
0007F00000
0007F00000
0007F00000
0007F00000
0007F00000
0007F00000
0007F00000
0007F00000
0007F00000
0007F00000
0007F00000
0007F00000
0007F00000
0007F00000
0007F00000
0007F00000
0007F00000
0007F00000
0007F00000
0007F00000
0007F00000
0007F00000
0007F00000
0007F00000
0007F00000
0007F00000
0007F00000
0007F00000
0007F00000
0007F00000
0007F00000
0003E00000
0000800000
ENDCHAR
STARTCHAR itilde
ENCODING 297
SWIDTH 237 0
DWIDTH 19 0
BBX 29 59 -5 0
BITMAP
00000030
07F00078
0FF80078
1FFE00F8
3FFF00F0
7FFF81F0
7C1FF7F0
780FFFE0
F803FFC0
F001FFC0
F000FF00
F0001800
00000000
00000000
00000000
00000000
00000000
00000000
00000000
00000000
000F8000
001FC000
001FC000
001FC000
001FC000
001FC000
001FC000
001FC000
001FC000
001FC000
001FC000
001FC000
001FC000
001FC000
001FC000
001FC000
001FC000
001FC000
001FC000
001FC000
001FC000
001FC000
001FC000
001FC000
001FC000
001FC000
001FC000
001FC000
001FC000
001FC000
001FC000
001FC000
001FC000
001FC000
001FC000
001FC000
001FC000
001FC000
000F8000
ENDCHAR
STARTCHAR Imacron
ENCODING 298
SWIDTH 262 0
DWIDTH 21 0
BBX 27 71 -3 -1
BITMAP
7FFFFFC0
FFFFFFE0
FFFFFFE0
FFFFFFE0
7FFFFFC0
00000000
00000000
00000000
00000000
00000000
00000000
00000000
00000000
001F0000
003F8000
003F8000
003F8000
003F8000
003F8000
003F8000
003F8000
003F8000
003F8000
003F8000
003F8000
003F8000
003F8000
003F8000
003F8000
003F8000
003F8000
003F8000
003F8000
003F8000
003F8000
003F8000
003F8000
003F8000
003F8000
003F8000
003F8000
003F8000
003F8000
003F8000
003F8000
003F8000
003F8000
003F8000
003F8000
003F8000
003F8000
003F8000
003F8000
003F8000
003F8000
003F8000
003F8000
003F8000
003F8000
003F8000
003F8000
003F8000
003F8000
003F8000
003F8000
003F8000
003F8000
003F8000
003F8000
001F0000
00040000
ENDCHAR
STARTCHAR imacron
ENCODING 299
SWIDTH 237 0
DWIDTH 19 0
BBX 25 55 -3 0
BITMAP
3FFFFE00
FFFFFF00
FFFFFF80
FFFFFF80
7FFFFF00
00000000
00000000
00000000
00000000
00000000
00000000
00000000
00000000
00000000
00000000
00000000
003E0000
007F0000
007F0000
007F0000
007F0000
007F0000
007F0000
007F0000
007F0000
007F0000
007F0000
007F0000
007F0000
007F0000
007F0000
007F0000
007F0000
007F0000
007F0000
007F0000
007F0000
007F0000
007F0000
007F0000
007F0000
007F0000
007F0000
007F0000
007F0000
007F0000
007F0000
007F0000
007F0000
007F0000
007F0000
007F0000
007F0000
007F0000
003E0000
ENDCHAR
STARTCHAR Ibreve
ENCODING 300
SWIDTH 262 0
DWIDTH 21 0
BBX 27 76 -3 -1
BITMAP
700001C0
F00001E0
F80003E0
F80003E0
F80003E0
7C0007C0
7C0007C0
3F001F80
3F803F80
1FFFFF00
0FFFFE00
07FFFC00
01FFF000
007FC000
00000000
00000000
00000000
00000000
001F0000
003F8000
003F8000
003F8000
003F8000
003F8000
003F8000
003F8000
003F8000
003F8000
003F8000
003F8000
003F8000
003F8000
003F8000
003F8000
003F8000
003F8000
003F8000
003F8000
003F8000
003F8000
003F8000
003F8000
003F8000
003F8000
003F8000
003F8000
003F8000
003F8000
003F8000
003F8000
003F8000
003F8000
003F8000
003F8000
003F8000
003F8000
003F8000
003F8000
003F8000
003F8000
003F8000
003F8000
003F8000
003F8000
003F8000
003F8000
003F8000
003F8000
003F8000
003F8000
003F8000
003F8000
003F8000
003F8000
001F0000
00040000
ENDCHAR
STARTCHAR ibreve
ENCODING 301
SWIDTH 237 0
DWIDTH 19 0
BBX 25 60 -3 0
BITMAP
60000700
F0000780
F8000F80
F8000F80
F8000F80
F8000F00
7C001F00
7C001F00
3E003E00
3F007E00
1F80FC00
1FFFFC00
0FFFF800
07FFF000
03FFC000
007F0000
00000000
00000000
00000000
00000000
00000000
003E0000
007F0000
007F0000
007F0000
007F0000
007F0000
007F0000
007F0000
007F0000
007F0000
007F0000
007F0000
007F0000
007F0000
007F0000
007F0000
007F0000
007F0000
007F0000
007F0000
007F0000
007F0000
007F0000
007F0000
007F0000
007F0000
007F0000
007F0000
007F0000
007F0000
007F0000
007F0000
007F0000
007F0000
007F0000
007F0000
007F0000
007F0000
003E0000
ENDCHAR
STARTCHAR Iogonek
ENCODING 302
SWIDTH 262 0
DWIDTH 21 0
BBX 15 72 3 -15
BITMAP
07C0
0FE0
0FE0
0FE0
0FE0
0FE0
0FE0
0FE0
0FE0
0FE0
0FE0
0FE0
0FE0
0FE0
0FE0
0FE0
0FE0
0FE0
0FE0
0FE0
0FE0
0FE0
0FE0
0FE0
0FE0
0FE0
0FE0
0FE0
0FE0
0FE0
0FE0
0FE0
0FE0
0FE0
0FE0
0FE0
0FE0
0FE0
0FE0
0FE0
0FE0
0FE0
0FE0
0FE0
0FE0
0FE0
0FE0
0FE0
0FE0
0FE0
0FE0
0FE0
0FE0
0FE0
0FE0
0FE0
0FC0
1F80
3F00
7C00
7C00
F800
F800
F800
F800
F800
FC00
FE00
7FFE
7FFE
3FFE
0FFC
ENDCHAR
STARTCHAR iogonek
ENCODING 303
SWIDTH 237 0
DWIDTH 19 0
BBX 15 71 2 -15
BITMAP
0FE0
1FF0
1FF0
1FF0
1FF0
1FF0
0FE0
07C0
0000
0000
0000
0000
0000
0000
0000
0000
0000
07C0
0FE0
0FE0
0FE0
0FE0
0FE0
0FE0
0FE0
0FE0
0FE0
0FE0
0FE0
0FE0
0FE0
0FE0
0FE0
0FE0
0FE0
0FE0
0FE0
0FE0
0FE0
0FE0
0FE0
0FE0
0FE0
0FE0
0FE0
0FE0
0FE0
0FE0
0FE0
0FE0
0FE0
0FE0
0FE0
0FE0
0FE0
0FC0
1F80
3F00
7E00
7C00
F800
F800
F800
F800
F800
FC00
FE00
7FFC
7FFE
3FFC
0FFC
ENDCHAR
STARTCHAR Idotaccent
ENCODING 304
SWIDTH 262 0
DWIDTH 21 0
BBX 9 73 6 -1
BITMAP
3E00
7F00
FF00
FF80
FF80
7F00
7F00
3E00
0000
0000
0000
0000
0000
0000
0000
3E00
7F00
7F00
7F00
7F00
7F00
7F00
7F00
7F00
7F00
7F00
7F00
7F00
7F00
7F00
7F00
7F00
7F00
7F00
7F00
7F00
7F00
7F00
7F00
7F00
7F00
7F00
7F00
7F00
7F00
7F00
7F00
7F00
7F00
7F00
7F00
7F00
7F00
7F00
7F00
7F00
7F00
7F00
7F00
7F00
7F00
7F00
7F00
7F00
7F00
7F00
7F00
7F00
7F00
7F00
7F00
3E00
0800
ENDCHAR
STARTCHAR dotlessi
ENCODING 305
SWIDTH 237 0
DWIDTH 19 0
BBX 7 39 6 0
BITMAP
7C
FE
FE
FE
FE
FE
FE
FE
FE
FE
FE
FE
FE
FE
FE
FE
FE
FE
FE
FE
FE
FE
FE
FE
FE
FE
FE
FE
FE
FE
FE
FE
FE
FE
FE
FE
FE
FE
7C
ENDCHAR
STARTCHAR IJ
ENCODING 306
SWIDTH 593 0
DWIDTH 47 0
BBX 34 58 7 -1
BITMAP
7C00000F00
FE00001F80
FE00003F80
FE00003FC0
FE00003FC0
FE00003FC0
FE00003FC0
FE00003FC0
FE00003FC0
FE00003FC0
FE00003FC0
FE00003FC0
FE00003FC0
FE00003FC0
FE00003FC0
FE00003FC0
FE00003FC0
FE00003FC0
FE00003FC0
FE00003FC0
FE00003FC0
FE00003FC0
FE00003FC0
FE00003FC0
FE00003FC0
FE00003FC0
FE00003FC0
FE00003FC0
FE00003FC0
FE00003FC0
FE00003FC0
FE00003FC0
FE00003FC0
FE00003FC0
FE00003FC0
FE00003FC0
FE00003FC0
FE00003FC0
FE00003FC0
FE00003FC0
FE00003FC0
FE00003FC0
FE00003FC0
FE00003FC0
FE00003F80
FE00003F80
FE00007F80
FE00007F80
FE0000FF80
FE0001FF00
FE0007FF00
FE01FFFE00
FE07FFFC00
FE07FFF800
FE07FFF000
FE07FFC000
7C03FF0000
1000800000
ENDCHAR
STARTCHAR Jcircumflex
ENCODING 308
SWIDTH 331 0
DWIDTH 26 0
BBX 29 77 -1 -1
BITMAP
0001E000
0007F000
0007F800
000FFC00
001FFE00
003FFE00
003F3F00
007E1F80
00FC1FC0
01FC0FC0
01F807E0
03F003F0
07E001F0
07C000F8
038000F0
00000000
00000000
00000000
00000000
0001E000
0003F000
0007F800
0007F800
0007F800
0007F800
0007F800
0007F800
0007F800
0007F800
0007F800
0007F800
0007F800
0007F800
0007F800
0007F800
0007F800
0007F800
0007F800
0007F800
0007F800
0007F800
0007F800
0007F800
0007F800
0007F800
0007F800
0007F800
0007F800
0007F800
0007F800
0007F800
0007F800
0007F800
0007F800
0007F800
0007F800
0007F800
0007F800
0007F800
0007F800
0007F800
0007F800
0007F800
0007F800
0007F000
000FF000
000FF000
001FF000
003FE000
00FFE000
3FFFC000
FFFF8000
FFFF0000
FFFE0000
FFF80000
7FE00000
10000000
ENDCHAR
STARTCHAR jcircumflex
ENCODING 309
SWIDTH 241 0
DWIDTH 19 0
BBX 26 76 -5 -15
BITMAP
000FC000
001FE000
003FE000
003FF000
007FF000
007FF800
00FDF800
00F8FC00
01F87C00
01F07E00
03F03E00
07E01F00
07C01F80
0FC00F80
0F800FC0
0F0007C0
0F0003C0
04000100
00000000
00000000
00000000
00020000
000FC000
001FC000
001FC000
001FC000
001FC000
001FC000
001FC000
001FC000
001FC000
001FC000
001FC000
001FC000
001FC000
001FC000
001FC000
001FC000
001FC000
001FC000
001FC000
001FC000
001FC000
001FC000
001FC000
001FC000
001FC000
001FC000
001FC000
001FC000
001FC000
001FC000
001FC000
001FC000
001FC000
001FC000
001FC000
001FC000
001FC000
001FC000
001FC000
001FC000
001FC000
001FC000
001FC000
001FC000
003FC000
003FC000
007F8000
00FF8000
0FFF0000
7FFF0000
7FFE0000
FFF80000
7FF00000
7F800000
ENDCHAR
STARTCHAR uni0136
ENCODING 310
SWIDTH 634 0
DWIDTH 51 0
BBX 41 78 7 -21
BITMAP
7C0000001E00
FE0000007F00
FE000000FF00
FE000001FF00
FE000003FE00
FE000007FC00
FE00000FF800
FE00001FF000
FE00003FE000
FE00007FC000
FE0000FF8000
FE0001FF0000
FE0003FE0000
FE0007FC0000
FE000FF80000
FE001FF00000
FE007FE00000
FE00FFC00000
FE01FF800000
FE03FE000000
FE07FC000000
FE0FF8000000
FE1FF0000000
FE3FE0000000
FE7FC0000000
FEFF80000000
FFFF00000000
FFFE00000000
FFFE00000000
FFFF00000000
FFFF80000000
FEFFC0000000
FE3FE0000000
FE1FF0000000
FE0FF8000000
FE07FE000000
FE03FF000000
FE01FF800000
FE00FFC00000
FE007FE00000
FE003FF00000
FE001FF80000
FE000FFC0000
FE0007FE0000
FE0003FF0000
FE0001FF8000
FE0000FFC000
FE00003FE000
FE00001FF000
FE00000FF800
FE000007FC00
FE000003FF00
FE000001FF80
FE000000FF80
FE0000007F80
FE0000003F80
7C0000001F80
100000000200
000000000000
000000000000
000000000000
000000000000
000000000000
0000F8000000
0001FC000000
0003FE000000
0003FE000000
0003FE000000
0003FE000000
0001FE000000
0000FE000000
00003E000000
00003C000000
00003C000000
00007C000000
0000F8000000
0000F0000000
000070000000
ENDCHAR
STARTCHAR uni0137
ENCODING 311
SWIDTH 508 0
DWIDTH 41 0
BBX 32 78 6 -21
BITMAP
7C000000
FE000000
FE000000
FE000000
FE000000
FE000000
FE000000
FE000000
FE000000
FE000000
FE000000
FE000000
FE000000
FE000000
FE000000
FE000000
FE000000
FE000010
FE00007C
FE0001FE
FE0003FE
FE0007FC
FE000FFC
FE001FF8
FE003FE0
FE007FC0
FE00FF80
FE01FF00
FE03FE00
FE07FC00
FE0FF800
FE1FF000
FE3FE000
FE7FC000
FEFF8000
FFFF0000
FFFE0000
FFFF0000
FFFF8000
FEFFC000
FE7FE000
FE3FF000
FE1FF800
FE0FFC00
FE07FE00
FE03FF00
FE01FF80
FE00FFC0
FE007FE0
FE003FF0
FE000FF8
FE0007FC
FE0003FE
FE0001FF
FE0000FF
FE00007F
7C00003F
10000004
00000000
00000000
00000000
00000000
00000000
000F8000
001FC000
003FC000
003FE000
003FE000
003FE000
001FE000
000FC000
0003C000
0003C000
0007C000
00078000
000F8000
000F0000
000E0000
ENDCHAR
STARTCHAR kgreenlandic
ENCODING 312
SWIDTH 508 0
DWIDTH 41 0
BBX 32 41 6 -1
BITMAP
10000010
7C00007C
FE0001FE
FE0003FE
FE0007FC
FE000FFC
FE001FF8
FE003FE0
FE007FC0
FE00FF80
FE01FF00
FE03FE00
FE07FC00
FE0FF800
FE1FF000
FE3FE000
FE7FC000
FEFF8000
FFFF0000
FFFE0000
FFFF0000
FFFF8000
FEFFC000
FE7FE000
FE3FF000
FE1FF800
FE0FFC00
FE07FE00
FE03FF00
FE01FF80
FE00FFC0
FE007FE0
FE003FF0
FE000FF8
FE0007FC
FE0003FE
FE0001FF
FE0000FF
FE00007F
7C00003F
10000004
ENDCHAR
STARTCHAR Lacute
ENCODING 313
SWIDTH 548 0
DWIDTH 44 0
BBX 36 76 7 0
BITMAP
0018000000
003E000000
007E000000
00FF000000
00FE000000
01FC000000
03F8000000
03F8000000
07F0000000
0FE0000000
0FC0000000
1F80000000
3F00000000
3E00000000
1E00000000
0000000000
0000000000
0000000000
0000000000
3800000000
7C00000000
FE00000000
FE00000000
FE00000000
FE00000000
FE00000000
FE00000000
FE00000000
FE00000000
FE00000000
FE00000000
FE00000000
FE00000000
FE00000000
FE00000000
FE00000000
FE00000000
FE00000000
FE00000000
FE00000000
FE00000000
FE00000000
FE00000000
FE00000000
FE00000000
FE00000000
FE00000000
FE00000000
FE00000000
FE00000000
FE00000000
FE00000000
FE00000000
FE00000000
FE00000000
FE00000000
FE00000000
FE00000000
FE00000000
FE00000000
FE00000000
FE00000000
FE00000000
FE00000000
FE00000000
FE00000000
FE00000000
FE00000000
FE00000000
FE00000000
FFFFFFFFE0
FFFFFFFFF0
FFFFFFFFF0
FFFFFFFFF0
FFFFFFFFF0
7FFFFFFFE0
ENDCHAR
STARTCHAR lacute
ENCODING 314
SWIDTH 301 0
DWIDTH 24 0
BBX 18 77 6 -1
BITMAP
001800
003E00
007E00
00FE00
00FE00
01FC00
03F800
03F800
07F000
0FE000
0FC000
1F8000
3F0000
3E0000
1C0000
000000
000000
000000
000000
7C0000
FE0000
FE0000
FE0000
FE0000
FE0000
FE0000
FE0000
FE0000
FE0000
FE0000
FE0000
FE0000
FE0000
FE0000
FE0000
FE0000
FE0000
FE0000
FE0000
FE0000
FE0000
FE0000
FE0000
FE0000
FE0000
FE0000
FE0000
FE0000
FE0000
FE0000
FE0000
FE0000
FE0000
FE0000
FE0000
FE0000
FE0000
FE0000
FE0000
FE0000
FE0000
FE0000
FE0000
FE0000
FE0000
FE0000
FF0000
FF0000
FF8000
7FC000
7FF980
3FFFC0
3FFFC0
1FFFC0
0FFFC0
03FF80
007E00
ENDCHAR
STARTCHAR uni013B
ENCODING 315
SWIDTH 548 0
DWIDTH 44 0
BBX 36 78 7 -21
BITMAP
3800000000
7C00000000
FE00000000
FE00000000
FE00000000
FE00000000
FE00000000
FE00000000
FE00000000
FE00000000
FE00000000
FE00000000
FE00000000
FE00000000
FE00000000
FE00000000
FE00000000
FE00000000
FE00000000
FE00000000
FE00000000
FE00000000
FE00000000
FE00000000
FE00000000
FE00000000
FE00000000
FE00000000
FE00000000
FE00000000
FE00000000
FE00000000
FE00000000
FE00000000
FE00000000
FE00000000
FE00000000
FE00000000
FE00000000
FE00000000
FE00000000
FE00000000
FE00000000
FE00000000
FE00000000
FE00000000
FE00000000
FE00000000
FE00000000
FE00000000
FE00000000
FFFFFFFFE0
FFFFFFFFF0
FFFFFFFFF0
FFFFFFFFF0
FFFFFFFFF0
7FFFFFFFE0
0000000000
0000000000
0000000000
0000000000
0000000000
0000000000
0001F00000
0003F80000
0007FC0000
0007FC0000
0007FC0000
0003FC0000
0003FC0000
0000FC0000
00007C0000
0000780000
0000780000
0000F80000
0001F00000
0001E00000
0000E00000
ENDCHAR
STARTCHAR uni013C
ENCODING 316
SWIDTH 301 0
DWIDTH 24 0
BBX 18 78 6 -21
BITMAP
7C0000
FE0000
FE0000
FE0000
FE0000
FE0000
FE0000
FE0000
FE0000
FE0000
FE0000
FE0000
FE0000
FE0000
FE0000
FE0000
FE0000
FE0000
FE0000
FE0000
FE0000
FE0000
FE0000
FE0000
FE0000
FE0000
FE0000
FE0000
FE0000
FE0000
FE0000
FE0000
FE0000
FE0000
FE0000
FE0000
FE0000
FE0000
FE0000
FE0000
FE0000
FE0000
FE0000
FE0000
FE0000
FE0000
FE0000
FF0000
FF0000
FF8000
7FC000
7FF980
3FFFC0
3FFFC0
1FFFC0
0FFFC0
03FF80
007E00
000000
000000
000000
000000
000000
03E000
07F800
07F800
07F800
07F800
07F800
07F800
01F800
007800
00F800
00F000
01F000
01E000
01E000
01C000
ENDCHAR
STARTCHAR Lcaron
ENCODING 317
SWIDTH 548 0
DWIDTH 44 0
BBX 36 57 7 0
BITMAP
3800780000
7C007C0000
FE00FC0000
FE00FC0000
FE00FC0000
FE00FC0000
FE00FC0000
FE00FC0000
FE00FC0000
FE00FC0000
FE00F80000
FE00F80000
FE00F80000
FE00F80000
FE00F80000
FE00F80000
FE00F80000
FE00F80000
FE00700000
FE00000000
FE00000000
FE00000000
FE00000000
FE00000000
FE00000000
FE00000000
FE00000000
FE00000000
FE00000000
FE00000000
FE00000000
FE00000000
FE00000000
FE00000000
FE00000000
FE00000000
FE00000000
FE00000000
FE00000000
FE00000000
FE00000000
FE00000000
FE00000000
FE00000000
FE00000000
FE00000000
FE00000000
FE00000000
FE00000000
FE00000000
FE00000000
FFFFFFFFE0
FFFFFFFFF0
FFFFFFFFF0
FFFFFFFFF0
FFFFFFFFF0
7FFFFFFFE0
ENDCHAR
STARTCHAR lcaron
ENCODING 318
SWIDTH 301 0
DWIDTH 24 0
BBX 18 58 6 -1
BITMAP
7C0E00
FE1F00
FE1F00
FE1F00
FE1F00
FE1F00
FE1E00
FE1E00
FE1E00
FE1E00
FE1E00
FE1E00
FE1E00
FE1E00
FE1C00
FE1C00
FE0000
FE0000
FE0000
FE0000
FE0000
FE0000
FE0000
FE0000
FE0000
FE0000
FE0000
FE0000
FE0000
FE0000
FE0000
FE0000
FE0000
FE0000
FE0000
FE0000
FE0000
FE0000
FE0000
FE0000
FE0000
FE0000
FE0000
FE0000
FE0000
FE0000
FE0000
FF0000
FF0000
FF8000
7FC000
7FF980
3FFFC0
3FFFC0
1FFFC0
0FFFC0
03FF80
007E00
ENDCHAR
STARTCHAR Ldot
ENCODING 319
SWIDTH 548 0
DWIDTH 44 0
BBX 36 57 7 0
BITMAP
3800000000
7C00000000
FE00000000
FE00000000
FE00000000
FE00000000
FE00000000
FE00000000
FE00000000
FE00000000
FE00000000
FE00000000
FE00000000
FE00000000
FE00000000
FE00000000
FE00000000
FE00000000
FE00000000
FE00000000
FE00000000
FE0000F000
FE0003F800
FE0007FC00
FE0007FC00
FE0007FC00
FE0007FC00
FE0007FC00
FE0003FC00
FE0001F800
FE00004000
FE00000000
FE00000000
FE00000000
FE00000000
FE00000000
FE00000000
FE00000000
FE00000000
FE00000000
FE00000000
FE00000000
FE00000000
FE00000000
FE00000000
FE00000000
FE00000000
FE00000000
FE00000000
FE00000000
FE00000000
FFFFFFFFE0
FFFFFFFFF0
FFFFFFFFF0
FFFFFFFFF0
FFFFFFFFF0
7FFFFFFFE0
ENDCHAR
STARTCHAR ldot
ENCODING 320
SWIDTH 341 0
DWIDTH 24 0
BBX 22 58 6 -1
BITMAP
7C0000
FE0000
FE0000
FE0000
FE0000
FE0000
FE0000
FE0000
FE0000
FE0000
FE0000
FE0000
FE0000
FE0000
FE0000
FE0000
FE0000
FE0000
FE0000
FE0000
FE0000
FE0000
FE0000
FE0000
FE01E0
FE03F8
FE07F8
FE07FC
FE0FFC
FE07FC
FE07FC
FE07F8
FE03F0
FE0040
FE0000
FE0000
FE0000
FE0000
FE0000
FE0000
FE0000
FE0000
FE0000
FE0000
FE0000
FE0000
FE0000
FF0000
FF0000
FF8000
7FC000
7FF980
3FFFC0
3FFFC0
1FFFC0
0FFFC0
03FF80
007E00
ENDCHAR
STARTCHAR Lslash
ENCODING 321
SWIDTH 548 0
DWIDTH 44 0
BBX 45 57 -2 0
BITMAP
001C00000000
003E00000000
007F00000000
007F00000000
007F00000000
007F00000000
007F00000000
007F00000000
007F00000000
007F00000000
007F00000000
007F00000000
007F00000000
007F00000000
007F00000000
007F00000000
007F001E0000
007F007F0000
007F00FF0000
007F03FF0000
007F0FFE0000
007F3FFC0000
007F7FF80000
007FFFE00000
007FFF800000
007FFE000000
007FFC000000
00FFF0000000
03FFC0000000
0FFF00000000
1FFF00000000
7FFF00000000
FFFF00000000
FFFF00000000
FF7F00000000
7C7F00000000
307F00000000
007F00000000
007F00000000
007F00000000
007F00000000
007F00000000
007F00000000
007F00000000
007F00000000
007F00000000
007F00000000
007F00000000
007F00000000
007F00000000
007F00000000
007FFFFFFFF0
007FFFFFFFF8
007FFFFFFFF8
007FFFFFFFF8
007FFFFFFFF8
003FFFFFFFF0
ENDCHAR
STARTCHAR lslash
ENCODING 322
SWIDTH 301 0
DWIDTH 24 0
BBX 26 58 -2 -1
BITMAP
007C0000
00FE0000
00FE0000
00FE0000
00FE0000
00FE0000
00FE0000
00FE0000
00FE0000
00FE0000
00FE0000
00FE0000
00FE0000
00FE0000
00FE0000
00FE0000
00FE0000
00FE0000
00FE0000
00FE0000
00FE0E00
00FE3F00
00FE7F00
00FFFF00
00FFFF00
00FFFE00
00FFF800
00FFF000
03FFC000
07FF0000
1FFE0000
7FFE0000
7FFE0000
FFFE0000
FFFE0000
7CFE0000
30FE0000
00FE0000
00FE0000
00FE0000
00FE0000
00FE0000
00FE0000
00FE0000
00FE0000
00FE0000
00FE0000
00FF0000
00FF0000
00FF8000
007FC000
007FF980
003FFFC0
003FFFC0
001FFFC0
000FFFC0
0003FF80
00007E00
ENDCHAR
STARTCHAR Nacute
ENCODING 323
SWIDTH 741 0
DWIDTH 59 0
BBX 46 77 7 -1
BITMAP
000000038000
00000007C000
0000000FE000
0000000FE000
0000001FC000
0000003FC000
0000003F8000
0000007F0000
000000FE0000
000000FC0000
000001F80000
000003F00000
000003E00000
000003E00000
000003C00000
000000000000
000000000000
000000000000
000000000000
7800000000F0
FC00000001F8
FE00000001F8
FF00000001FC
FF00000001FC
FF80000001FC
FFC0000001FC
FFE0000001FC
FFE0000001FC
FFF0000001FC
FFF8000001FC
FFFC000001FC
FFFC000001FC
FFFE000001FC
FEFF000001FC
FE7F800001FC
FE7F800001FC
FE3FC00001FC
FE1FE00001FC
FE0FF00001FC
FE0FF00001FC
FE07F80001FC
FE03FC0001FC
FE01FE0001FC
FE01FE0001FC
FE00FF0001FC
FE007F8001FC
FE003FC001FC
FE003FE001FC
FE001FE001FC
FE000FF001FC
FE0007F801FC
FE0003FC01FC
FE0003FC01FC
FE0001FE01FC
FE0000FF01FC
FE00007F81FC
FE00007F81FC
FE00003FC1FC
FE00001FE1FC
FE00000FF1FC
FE00000FF1FC
FE000007F9FC
FE000003FDFC
FE000001FFFC
FE000001FFFC
FE000000FFFC
FE0000007FFC
FE0000003FFC
FE0000003FFC
FE0000001FFC
FE0000000FFC
FE00000007FC
FE00000007FC
FE00000003FC
FC00000001F8
7C00000000F8
100000000020
ENDCHAR
STARTCHAR nacute
ENCODING 324
SWIDTH 572 0
DWIDTH 46 0
BBX 34 62 6 -1
BITMAP
000001E000
000003F000
000003F000
000007F000
000007F000
00000FE000
00000FC000
00001FC000
00001F8000
00003F0000
00003F0000
00007E0000
00007C0000
0000FC0000
0000F80000
0001F00000
0000F00000
0000400000
0000000000
0000000000
0000000000
10003C0000
7C03FFE000
FE0FFFF800
FE3FFFFC00
FE7FFFFE00
FEFFFFFF00
FEFF07FF00
FFF801FF80
FFE0007F80
FFC0007F80
FF80003FC0
FF80003FC0
FF00003FC0
FF00001FC0
FE00001FC0
FE00001FC0
FE00001FC0
FE00001FC0
FE00001FC0
FE00001FC0
FE00001FC0
FE00001FC0
FE00001FC0
FE00001FC0
FE00001FC0
FE00001FC0
FE00001FC0
FE00001FC0
FE00001FC0
FE00001FC0
FE00001FC0
FE00001FC0
FE00001FC0
FE00001FC0
FE00001FC0
FE00001FC0
FE00001FC0
FE00001FC0
FE00001FC0
7C00000F80
1000000200
ENDCHAR
STARTCHAR uni0145
ENCODING 325
SWIDTH 741 0
DWIDTH 59 0
BBX 46 78 7 -21
BITMAP
7800000000F0
FC00000001F8
FE00000001F8
FF00000001FC
FF00000001FC
FF80000001FC
FFC0000001FC
FFE0000001FC
FFE0000001FC
FFF0000001FC
FFF8000001FC
FFFC000001FC
FFFC000001FC
FFFE000001FC
FEFF000001FC
FE7F800001FC
FE7F800001FC
FE3FC00001FC
FE1FE00001FC
FE0FF00001FC
FE0FF00001FC
FE07F80001FC
FE03FC0001FC
FE01FE0001FC
FE01FE0001FC
FE00FF0001FC
FE007F8001FC
FE003FC001FC
FE003FE001FC
FE001FE001FC
FE000FF001FC
FE0007F801FC
FE0003FC01FC
FE0003FC01FC
FE0001FE01FC
FE0000FF01FC
FE00007F81FC
FE00007F81FC
FE00003FC1FC
FE00001FE1FC
FE00000FF1FC
FE00000FF1FC
FE000007F9FC
FE000003FDFC
FE000001FFFC
FE000001FFFC
FE000000FFFC
FE0000007FFC
FE0000003FFC
FE0000003FFC
FE0000001FFC
FE0000000FFC
FE00000007FC
FE00000007FC
FE00000003FC
FC00000001F8
7C00000000F8
100000000020
000000000000
000000000000
000000000000
000000000000
000000000000
00000F800000
00001FC00000
00003FE00000
00003FE00000
00003FE00000
00001FE00000
00001FE00000
000007E00000
000003E00000
000003C00000
000003C00000
000007C00000
000007800000
00000F800000
000007000000
ENDCHAR
STARTCHAR uni0146
ENCODING 326
SWIDTH 572 0
DWIDTH 46 0
BBX 34 61 6 -21
BITMAP
10003C0000
7C03FFE000
FE0FFFF800
FE3FFFFC00
FE7FFFFE00
FEFFFFFF00
FEFF07FF00
FFF801FF80
FFE0007F80
FFC0007F80
FF80003FC0
FF80003FC0
FF00003FC0
FF00001FC0
FE00001FC0
FE00001FC0
FE00001FC0
FE00001FC0
FE00001FC0
FE00001FC0
FE00001FC0
FE00001FC0
FE00001FC0
FE00001FC0
FE00001FC0
FE00001FC0
FE00001FC0
FE00001FC0
FE00001FC0
FE00001FC0
FE00001FC0
FE00001FC0
FE00001FC0
FE00001FC0
FE00001FC0
FE00001FC0
FE00001FC0
FE00001FC0
FE00001FC0
7C00000F80
1000000200
0000000000
0000000000
0000000000
0000000000
0000000000
0003E00000
0007F80000
0007F80000
0007F80000
0007F80000
0007F80000
0007F80000
0001F80000
0000780000
0000F80000
0000F00000
0001F00000
0001E00000
0001E00000
0001C00000
ENDCHAR
STARTCHAR Ncaron
ENCODING 327
SWIDTH 741 0
DWIDTH 59 0
BBX 46 77 7 -1
BITMAP
000C00018000
001E0003C000
001F0007C000
001F800FC000
000FC00F8000
0007E01F8000
0007F03F0000
0003F07E0000
0001F8FE0000
0000FDFC0000
0000FFF80000
00007FF00000
00003FF00000
00003FE00000
00001FC00000
000002000000
000000000000
000000000000
000000000000
7800000000F0
FC00000001F8
FE00000001F8
FF00000001FC
FF00000001FC
FF80000001FC
FFC0000001FC
FFE0000001FC
FFE0000001FC
FFF0000001FC
FFF8000001FC
FFFC000001FC
FFFC000001FC
FFFE000001FC
FEFF000001FC
FE7F800001FC
FE7F800001FC
FE3FC00001FC
FE1FE00001FC
FE0FF00001FC
FE0FF00001FC
FE07F80001FC
FE03FC0001FC
FE01FE0001FC
FE01FE0001FC
FE00FF0001FC
FE007F8001FC
FE003FC001FC
FE003FE001FC
FE001FE001FC
FE000FF001FC
FE0007F801FC
FE0003FC01FC
FE0003FC01FC
FE0001FE01FC
FE0000FF01FC
FE00007F81FC
FE00007F81FC
FE00003FC1FC
FE00001FE1FC
FE00000FF1FC
FE00000FF1FC
FE000007F9FC
FE000003FDFC
FE000001FFFC
FE000001FFFC
FE000000FFFC
FE0000007FFC
FE0000003FFC
FE0000003FFC
FE0000001FFC
FE0000000FFC
FE00000007FC
FE00000007FC
FE00000003FC
FC00000001F8
7C00000000F8
100000000020
ENDCHAR
STARTCHAR ncaron
ENCODING 328
SWIDTH 572 0
DWIDTH 46 0
BBX 34 62 6 -1
BITMAP
018000E000
03C000F000
03E001F000
03F003F000
01F003E000
01F807C000
00F807C000
007C0F8000
007E1F8000
003E1F0000
003F3F0000
001FFE0000
001FFE0000
000FFC0000
000FFC0000
0007F80000
0003F00000
0001E00000
0000000000
0000000000
0000000000
10003C0000
7C03FFE000
FE0FFFF800
FE3FFFFC00
FE7FFFFE00
FEFFFFFF00
FEFF07FF00
FFF801FF80
FFE0007F80
FFC0007F80
FF80003FC0
FF80003FC0
FF00003FC0
FF00001FC0
FE00001FC0
FE00001FC0
FE00001FC0
FE00001FC0
FE00001FC0
FE00001FC0
FE00001FC0
FE00001FC0
FE00001FC0
FE00001FC0
FE00001FC0
FE00001FC0
FE00001FC0
FE00001FC0
FE00001FC0
FE00001FC0
FE00001FC0
FE00001FC0
FE00001FC0
FE00001FC0
FE00001FC0
FE00001FC0
FE00001FC0
FE00001FC0
FE00001FC0
7C00000F80
1000000200
ENDCHAR
STARTCHAR napostrophe
ENCODING 329
SWIDTH 572 0
DWIDTH 46 0
BBX 42 62 -2 -1
BITMAP
3E0000000000
7F0000000000
7F8000000000
FF8000000000
FF8000000000
7F8000000000
7F8000000000
1F8000000000
078000000000
0F8000000000
0F0000000000
1F0000000000
1E0000000000
3E0000000000
1C0000000000
000000000000
000000000000
000000000000
000000000000
000000000000
000000000000
0010003C0000
007C03FFE000
00FE0FFFF800
00FE3FFFFC00
00FE7FFFFE00
00FEFFFFFF00
00FEFF07FF00
00FFF801FF80
00FFE0007F80
00FFC0007F80
00FF80003FC0
00FF80003FC0
00FF00003FC0
00FF00001FC0
00FE00001FC0
00FE00001FC0
00FE00001FC0
00FE00001FC0
00FE00001FC0
00FE00001FC0
00FE00001FC0
00FE00001FC0
00FE00001FC0
00FE00001FC0
00FE00001FC0
00FE00001FC0
00FE00001FC0
00FE00001FC0
00FE00001FC0
00FE00001FC0
00FE00001FC0
00FE00001FC0
00FE00001FC0
00FE00001FC0
00FE00001FC0
00FE00001FC0
00FE00001FC0
00FE00001FC0
00FE00001FC0
007C00000F80
001000000200
ENDCHAR
STARTCHAR Eng
ENCODING 330
SWIDTH 741 0
DWIDTH 59 0
BBX 46 72 7 -15
BITMAP
7800000000F0
FC00000001F8
FE00000001F8
FF00000001FC
FF00000001FC
FF80000001FC
FFC0000001FC
FFE0000001FC
FFE0000001FC
FFF0000001FC
FFF8000001FC
FFFC000001FC
FFFC000001FC
FFFE000001FC
FEFF000001FC
FE7F800001FC
FE7F800001FC
FE3FC00001FC
FE1FE00001FC
FE0FF00001FC
FE0FF00001FC
FE07F80001FC
FE03FC0001FC
FE01FE0001FC
FE01FE0001FC
FE00FF0001FC
FE007F8001FC
FE003FC001FC
FE003FE001FC
FE001FE001FC
FE000FF001FC
FE0007F801FC
FE0003FC01FC
FE0003FC01FC
FE0001FE01FC
FE0000FF01FC
FE00007F81FC
FE00007F81FC
FE00003FC1FC
FE00001FE1FC
FE00000FF1FC
FE00000FF1FC
FE000007F9FC
FE000003FDFC
FE000001FFFC
FE000001FFFC
FE000000FFFC
FE0000007FFC
FE0000003FFC
FE0000003FFC
FE0000001FFC
FE0000000FFC
FE00000007FC
FE00000007FC
FE00000003FC
FC00000001FC
7C00000001FC
1000000001FC
0000000001FC
0000000003F8
0000000003F8
0000000003F8
0000000003F8
0000000007F8
000000000FF0
000000001FF0
00000000FFE0
0000000FFFE0
0000000FFFC0
0000000FFF00
0000000FFE00
0000000FF000
ENDCHAR
STARTCHAR eng
ENCODING 331
SWIDTH 572 0
DWIDTH 46 0
BBX 34 55 6 -15
BITMAP
10003C0000
7C03FFE000
FE0FFFF800
FE3FFFFC00
FE7FFFFE00
FEFFFFFF00
FEFF07FF00
FFF801FF80
FFE0007F80
FFC0007F80
FF80003FC0
FF80003FC0
FF00003FC0
FF00001FC0
FE00001FC0
FE00001FC0
FE00001FC0
FE00001FC0
FE00001FC0
FE00001FC0
FE00001FC0
FE00001FC0
FE00001FC0
FE00001FC0
FE00001FC0
FE00001FC0
FE00001FC0
FE00001FC0
FE00001FC0
FE00001FC0
FE00001FC0
FE00001FC0
FE00001FC0
FE00001FC0
FE00001FC0
FE00001FC0
FE00001FC0
FE00001FC0
FE00001FC0
7C00001FC0
1000001FC0
0000001FC0
0000001FC0
0000001FC0
0000003FC0
0000003FC0
0000003F80
0000007F80
000001FF80
00000FFF00
00007FFE00
0000FFFC00
0000FFF800
0000FFE000
00007F8000
ENDCHAR
STARTCHAR Omacron
ENCODING 332
SWIDTH 771 0
DWIDTH 62 0
BBX 52 71 5 -1
BITMAP
0003FFFFFC0000
0007FFFFFE0000
000FFFFFFE0000
000FFFFFFE0000
0007FFFFFC0000
00000000000000
00000000000000
00000000000000
00000000000000
00000000000000
00000000000000
00000000000000
00000000000000
00000FFF000000
0000FFFFF00000
0003FFFFFC0000
000FFFFFFF0000
003FFFFFFF8000
007FFFFFFFE000
00FFFF9FFFF000
01FFE0007FF800
03FF80001FFC00
07FE00000FFC00
07FC000003FE00
0FF8000001FF00
1FF0000000FF00
1FE0000000FF80
3FE00000007F80
3FC00000003FC0
3FC00000003FC0
7F800000003FC0
7F800000001FE0
7F800000001FE0
7F000000001FE0
FF000000000FE0
FF000000000FE0
FF000000000FF0
FF000000000FF0
FF000000000FF0
FF000000000FF0
FF000000000FF0
FF000000000FF0
FF000000000FF0
FF000000000FF0
FF000000000FF0
FF000000000FF0
FF000000000FF0
FF000000000FF0
FF000000000FE0
FF000000001FE0
7F800000001FE0
7F800000001FE0
7F800000001FC0
7FC00000003FC0
3FC00000003FC0
3FE00000007F80
1FE00000007F80
1FF0000000FF00
0FF8000001FF00
0FFC000003FE00
07FE000007FE00
03FF00000FFC00
01FFC0003FF800
01FFF801FFF000
00FFFFFFFFE000
003FFFFFFFC000
001FFFFFFF8000
0007FFFFFE0000
0001FFFFF80000
00007FFFE00000
000003FC000000
ENDCHAR
STARTCHAR omacron
ENCODING 333
SWIDTH 560 0
DWIDTH 45 0
BBX 37 56 4 -1
BITMAP
00FFFFF800
03FFFFFC00
03FFFFFE00
03FFFFFE00
01FFFFFC00
0000000000
0000000000
0000000000
0000000000
0000000000
0000000000
0000000000
0000000000
0000000000
0000000000
0000F80000
001FFFC000
007FFFF000
01FFFFFC00
03FFFFFE00
07FFFFFF00
0FFE03FF80
1FF800FFC0
1FE0003FC0
3FC0001FE0
7FC0001FE0
7F80000FF0
7F00000FF0
FF000007F0
FF000007F8
FE000007F8
FE000003F8
FE000003F8
FE000003F8
FE000003F8
FE000003F8
FE000003F8
FE000003F8
FE000003F8
FE000003F8
FE000007F8
FF000007F8
FF000007F0
7F00000FF0
7F80000FF0
7F80001FE0
3FC0001FE0
1FE0003FC0
1FF800FFC0
0FFE03FF80
07FFFFFF00
03FFFFFE00
01FFFFFC00
007FFFF000
001FFFC000
0001F80000
ENDCHAR
STARTCHAR Obreve
ENCODING 334
SWIDTH 771 0
DWIDTH 62 0
BBX 52 76 5 -1
BITMAP
000700000E0000
000F80001E0000
000F80001E0000
000F80003E0000
0007C0003E0000
0007C0007E0000
0007E0007C0000
0003F000FC0000
0001F803F80000
0001FFFFF00000
0000FFFFE00000
00007FFFC00000
00001FFF800000
000007FC000000
00000000000000
00000000000000
00000000000000
00000000000000
00000FFF000000
0000FFFFF00000
0003FFFFFC0000
000FFFFFFF0000
003FFFFFFF8000
007FFFFFFFE000
00FFFF9FFFF000
01FFE0007FF800
03FF80001FFC00
07FE00000FFC00
07FC000003FE00
0FF8000001FF00
1FF0000000FF00
1FE0000000FF80
3FE00000007F80
3FC00000003FC0
3FC00000003FC0
7F800000003FC0
7F800000001FE0
7F800000001FE0
7F000000001FE0
FF000000000FE0
FF000000000FE0
FF000000000FF0
FF000000000FF0
FF000000000FF0
FF000000000FF0
FF000000000FF0
FF000000000FF0
FF000000000FF0
FF000000000FF0
FF000000000FF0
FF000000000FF0
FF000000000FF0
FF000000000FF0
FF000000000FE0
FF000000001FE0
7F800000001FE0
7F800000001FE0
7F800000001FC0
7FC00000003FC0
3FC00000003FC0
3FE00000007F80
1FE00000007F80
1FF0000000FF00
0FF8000001FF00
0FFC000003FE00
07FE000007FE00
03FF00000FFC00
01FFC0003FF800
01FFF801FFF000
00FFFFFFFFE000
003FFFFFFFC000
001FFFFFFF8000
0007FFFFFE0000
0001FFFFF80000
00007FFFE00000
000003FC000000
ENDCHAR
STARTCHAR obreve
ENCODING 335
SWIDTH 560 0
DWIDTH 45 0
BBX 37 61 4 -1
BITMAP
0180001C00
03C0003E00
03E0003E00
03E0003E00
03E0003E00
03E0003C00
01F0007C00
01F0007C00
01F800F800
00FC01F800
007E03F000
007FFFF000
003FFFE000
001FFFC000
000FFF0000
0003FC0000
0000000000
0000000000
0000000000
0000000000
0000F80000
001FFFC000
007FFFF000
01FFFFFC00
03FFFFFE00
07FFFFFF00
0FFE03FF80
1FF800FFC0
1FE0003FC0
3FC0001FE0
7FC0001FE0
7F80000FF0
7F00000FF0
FF000007F0
FF000007F8
FE000007F8
FE000003F8
FE000003F8
FE000003F8
FE000003F8
FE000003F8
FE000003F8
FE000003F8
FE000003F8
FE000003F8
FE000007F8
FF000007F8
FF000007F0
7F00000FF0
7F80000FF0
7F80001FE0
3FC0001FE0
1FE0003FC0
1FF800FFC0
0FFE03FF80
07FFFFFF00
03FFFFFE00
01FFFFFC00
007FFFF000
001FFFC000
0001F80000
ENDCHAR
STARTCHAR Ohungarumlaut
ENCODING 336
SWIDTH 771 0
DWIDTH 62 0
BBX 52 77 5 -1
BITMAP
00000038060000
0000007C0F8000
0000007C1F8000
000000FC1F8000
000000FC3F8000
000001F83F0000
000001F07E0000
000003F07C0000
000003E0FC0000
000007C0F80000
000007C1F00000
00000F81F00000
00000F03E00000
00001F03C00000
00001E03800000
00000000000000
00000000000000
00000000000000
00000000000000
00000FFF000000
0000FFFFF00000
0003FFFFFC0000
000FFFFFFF0000
003FFFFFFF8000
007FFFFFFFE000
00FFFF9FFFF000
01FFE0007FF800
03FF80001FFC00
07FE00000FFC00
07FC000003FE00
0FF8000001FF00
1FF0000000FF00
1FE0000000FF80
3FE00000007F80
3FC00000003FC0
3FC00000003FC0
7F800000003FC0
7F800000001FE0
7F800000001FE0
7F000000001FE0
FF000000000FE0
FF000000000FE0
FF000000000FF0
FF000000000FF0
FF000000000FF0
FF000000000FF0
FF000000000FF0
FF000000000FF0
FF000000000FF0
FF000000000FF0
FF000000000FF0
FF000000000FF0
FF000000000FF0
FF000000000FF0
FF000000000FE0
FF000000001FE0
7F800000001FE0
7F800000001FE0
7F800000001FC0
7FC00000003FC0
3FC00000003FC0
3FE00000007F80
1FE00000007F80
1FF0000000FF00
0FF8000001FF00
0FFC000003FE00
07FE000007FE00
03FF00000FFC00
01FFC0003FF800
01FFF801FFF000
00FFFFFFFFE000
003FFFFFFFC000
001FFFFFFF8000
0007FFFFFE0000
0001FFFFF80000
00007FFFE00000
000003FC000000
ENDCHAR
STARTCHAR ohungarumlaut
ENCODING 337
SWIDTH 560 0
DWIDTH 45 0
BBX 37 62 4 -1
BITMAP
0000F03E00
0001F83E00
0001F87F00
0001F87E00
0003F07E00
0003F07C00
0003E0FC00
0007E0FC00
0007E0F800
0007C0F800
0007C1F000
000F81F000
000F81F000
000F03E000
000F03E000
001F03C000
000E03C000
0004010000
0000000000
0000000000
0000000000
0000F80000
001FFFC000
007FFFF000
01FFFFFC00
03FFFFFE00
07FFFFFF00
0FFE03FF80
1FF800FFC0
1FE0003FC0
3FC0001FE0
7FC0001FE0
7F80000FF0
7F00000FF0
FF000007F0
FF000007F8
FE000007F8
FE000003F8
FE000003F8
FE000003F8
FE000003F8
FE000003F8
FE000003F8
FE000003F8
FE000003F8
FE000003F8
FE000007F8
FF000007F8
FF000007F0
7F00000FF0
7F80000FF0
7F80001FE0
3FC0001FE0
1FE0003FC0
1FF800FFC0
0FFE03FF80
07FFFFFF00
03FFFFFE00
01FFFFFC00
007FFFF000
001FFFC000
0001F80000
ENDCHAR
STARTCHAR OE
ENCODING 338
SWIDTH 1049 0
DWIDTH 84 0
BBX 75 56 5 0
BITMAP
00000FFFFFFFFFFFFFE0
0000FFFFFFFFFFFFFFE0
0003FFFFFFFFFFFFFFE0
000FFFFFFFFFFFFFFFE0
003FFFFFFFFFFFFFFFE0
007FFFFFFFFFFFFFFFC0
00FFFE0001FC00000000
01FFE00001FC00000000
03FF800001FC00000000
07FE000001FC00000000
0FFC000001FC00000000
0FF8000001FC00000000
1FF0000001FC00000000
1FE0000001FC00000000
3FE0000001FC00000000
3FC0000001FC00000000
7F80000001FC00000000
7F80000001FC00000000
7F80000001FC00000000
7F00000001FC00000000
FF00000001FC00000000
FF00000001FC00000000
FF00000001FC00000000
FF00000001FC00000000
FF00000001FFFFFFFF00
FF00000001FFFFFFFF80
FF00000001FFFFFFFFC0
FF00000001FFFFFFFFC0
FF00000001FFFFFFFFC0
FF00000001FFFFFFFF80
FF00000001FC00000000
FF00000001FC00000000
FF00000001FC00000000
FF00000001FC00000000
FF00000001FC00000000
FF00000001FC00000000
7F80000001FC00000000
7F80000001FC00000000
7F80000001FC00000000
7FC0000001FC00000000
3FC0000001FC00000000
3FE0000001FC00000000
1FE0000001FC00000000
1FF0000001FC00000000
0FF8000001FC00000000
0FFC000001FC00000000
07FF000001FC00000000
03FFC00001FC00000000
01FFF00001FC00000000
00FFFFC001FC00000000
007FFFFFFFFFFFFFFFC0
001FFFFFFFFFFFFFFFE0
000FFFFFFFFFFFFFFFE0
0001FFFFFFFFFFFFFFE0
00007FFFFFFFFFFFFFE0
000003FFFFFFFFFFFFC0
ENDCHAR
STARTCHAR oe
ENCODING 339
SWIDTH 911 0
DWIDTH 73 0
BBX 66 41 4 -1
BITMAP
0001F8000003F00000
001FFF80003FFF0000
007FFFE000FFFFC000
01FFFFF801FFFFE000
03FFFFFC07FFFFF000
07FFFFFE0FFFFFF800
0FFE03FF1FF007FC00
1FF800FF9FC001FE00
1FE0003FBF8000FE00
3FC0001FFF00007F00
7FC0001FFE00003F00
7F80000FFE00003F80
7F00000FFE00001F80
FF000007FC00001F80
FF000007FC00001F80
FE000007FC00001F80
FE000003F800001FC0
FE000003F800001FC0
FE000003FFFFFFFFC0
FE000003FFFFFFFFC0
FE000003FFFFFFFFC0
FE000003FFFFFFFF80
FE000003F800000000
FE000003F800000000
FE000003FC00000000
FE000007FC00000000
FF000007FC00000000
FF000007FC00000000
7F00000FFE00000000
7F80000FFE00000000
7F80001FFF00000000
3FC0001FFF80000700
1FE0003FBFC0000F80
1FF800FF3FE0003F80
0FFE03FF1FFC03FF80
07FFFFFE0FFFFFFF80
03FFFFFC07FFFFFF00
01FFFFF803FFFFFC00
007FFFE000FFFFF000
001FFF80003FFFC000
0001F8000003F80000
ENDCHAR
STARTCHAR Racute
ENCODING 340
SWIDTH 673 0
DWIDTH 54 0
BBX 43 77 7 -1
BITMAP
0000000C0000
0000001F0000
0000003F0000
0000007F0000
0000007F0000
000000FE0000
000001FC0000
000001F80000
000003F80000
000007F00000
000007E00000
00000FC00000
00001F800000
00001F000000
00000E000000
000000000000
000000000000
000000000000
000000000000
000000000000
7FFFFFFC0000
FFFFFFFF8000
FFFFFFFFE000
FFFFFFFFF000
FFFFFFFFF800
FFFFFFFFFC00
FE00001FFE00
FE000003FF00
FE000001FF00
FE000000FF00
FE0000007F80
FE0000007F80
FE0000003F80
FE0000003F80
FE0000003F80
FE0000003FC0
FE0000003FC0
FE0000003FC0
FE0000003F80
FE0000003F80
FE0000007F80
FE0000007F80
FE000000FF00
FE000000FF00
FE000003FE00
FE000007FE00
FE00007FFC00
FFFFFFFFF800
FFFFFFFFF000
FFFFFFFFC000
FFFFFFFF0000
FFFFFFF80000
FE007FFC0000
FE0001FF0000
FE0000FF8000
FE00007F8000
FE00003FC000
FE00001FE000
FE00001FE000
FE00000FF000
FE00000FF000
FE000007F800
FE000007F800
FE000003FC00
FE000003FE00
FE000001FE00
FE000001FF00
FE000000FF00
FE0000007F80
FE0000007F80
FE0000003FC0
FE0000003FC0
FE0000001FE0
FE0000001FE0
FE0000000FE0
7C00000007C0
100000000180
ENDCHAR
STARTCHAR racute
ENCODING 341
SWIDTH 365 0
DWIDTH 29 0
BBX 23 62 6 -1
BITMAP
00007C
00007E
0000FE
0000FE
0001FC
0001FC
0003F8
0003F0
0007F0
0007E0
000FC0
000FC0
001F80
001F00
003F00
003E00
003C00
000800
000000
000000
000000
100038
7C03FC
FE0FFE
FE3FFE
FE7FFE
FEFFFC
FEFFF0
FFFE00
FFF000
FFE000
FFC000
FF8000
FF0000
FF0000
FF0000
FE0000
FE0000
FE0000
FE0000
FE0000
FE0000
FE0000
FE0000
FE0000
FE0000
FE0000
FE0000
FE0000
FE0000
FE0000
FE0000
FE0000
FE0000
FE0000
FE0000
FE0000
FE0000
FE0000
FE0000
7C0000
180000
ENDCHAR
STARTCHAR uni0156
ENCODING 342
SWIDTH 673 0
DWIDTH 54 0
BBX 43 77 7 -21
BITMAP
7FFFFFFC0000
FFFFFFFF8000
FFFFFFFFE000
FFFFFFFFF000
FFFFFFFFF800
FFFFFFFFFC00
FE00001FFE00
FE000003FF00
FE000001FF00
FE000000FF00
FE0000007F80
FE0000007F80
FE0000003F80
FE0000003F80
FE0000003F80
FE0000003FC0
FE0000003FC0
FE0000003FC0
FE0000003F80
FE0000003F80
FE0000007F80
FE0000007F80
FE000000FF00
FE000000FF00
FE000003FE00
FE000007FE00
FE00007FFC00
FFFFFFFFF800
FFFFFFFFF000
FFFFFFFFC000
FFFFFFFF0000
FFFFFFF80000
FE007FFC0000
FE0001FF0000
FE0000FF8000
FE00007F8000
FE00003FC000
FE00001FE000
FE00001FE000
FE00000FF000
FE00000FF000
FE000007F800
FE000007F800
FE000003FC00
FE000003FE00
FE000001FE00
FE000001FF00
FE000000FF00
FE0000007F80
FE0000007F80
FE0000003FC0
FE0000003FC0
FE0000001FE0
FE0000001FE0
FE0000000FE0
7C00000007C0
100000000180
000000000000
000000000000
000000000000
000000000000
000000000000
00003E000000
00007F000000
0000FF800000
0000FF800000
0000FF800000
0000FF800000
00007F800000
00003F800000
00000F000000
00000F000000
00001F000000
00001E000000
00003E000000
00003C000000
000038000000
ENDCHAR
STARTCHAR uni0157
ENCODING 343
SWIDTH 365 0
DWIDTH 29 0
BBX 24 61 5 -21
BITMAP
08001C
3E01FE
7F07FF
7F1FFF
7F3FFF
7F7FFE
7F7FF8
7FFF00
7FF800
7FF000
7FE000
7FC000
7F8000
7F8000
7F8000
7F0000
7F0000
7F0000
7F0000
7F0000
7F0000
7F0000
7F0000
7F0000
7F0000
7F0000
7F0000
7F0000
7F0000
7F0000
7F0000
7F0000
7F0000
7F0000
7F0000
7F0000
7F0000
7F0000
7F0000
3E0000
0C0000
000000
000000
000000
000000
000000
3E0000
7F0000
FF8000
FF8000
FF8000
FF8000
7F8000
3F8000
0F0000
0F0000
0F0000
1E0000
3E0000
3C0000
3C0000
ENDCHAR
STARTCHAR Rcaron
ENCODING 344
SWIDTH 673 0
DWIDTH 54 0
BBX 43 77 7 -1
BITMAP
003000060000
0078000F0000
007C001F0000
007E003F0000
003F007E0000
003F00FC0000
001F80FC0000
000FC1F80000
0007E3F00000
0007F7F00000
0003FFE00000
0001FFC00000
0001FF800000
0000FF800000
00007F000000
000008000000
000000000000
000000000000
000000000000
000000000000
7FFFFFFC0000
FFFFFFFF8000
FFFFFFFFE000
FFFFFFFFF000
FFFFFFFFF800
FFFFFFFFFC00
FE00001FFE00
FE000003FF00
FE000001FF00
FE000000FF00
FE0000007F80
FE0000007F80
FE0000003F80
FE0000003F80
FE0000003F80
FE0000003FC0
FE0000003FC0
FE0000003FC0
FE0000003F80
FE0000003F80
FE0000007F80
FE0000007F80
FE000000FF00
FE000000FF00
FE000003FE00
FE000007FE00
FE00007FFC00
FFFFFFFFF800
FFFFFFFFF000
FFFFFFFFC000
FFFFFFFF0000
FFFFFFF80000
FE007FFC0000
FE0001FF0000
FE0000FF8000
FE00007F8000
FE00003FC000
FE00001FE000
FE00001FE000
FE00000FF000
FE00000FF000
FE000007F800
FE000007F800
FE000003FC00
FE000003FE00
FE000001FE00
FE000001FF00
FE000000FF00
FE0000007F80
FE0000007F80
FE0000003FC0
FE0000003FC0
FE0000001FE0
FE0000001FE0
FE0000000FE0
7C00000007C0
100000000180
ENDCHAR
STARTCHAR rcaron
ENCODING 345
SWIDTH 365 0
DWIDTH 29 0
BBX 23 62 6 -1
BITMAP
70001C
F8003C
F8007E
7C007C
7E00FC
3E00F8
3F01F0
1F83F0
0F83E0
0FC7E0
07CFC0
07EFC0
03FF80
03FF80
01FF00
01FF00
00FE00
007800
000000
000000
000000
100038
7C03FC
FE0FFE
FE3FFE
FE7FFE
FEFFFC
FEFFF0
FFFE00
FFF000
FFE000
FFC000
FF8000
FF0000
FF0000
FF0000
FE0000
FE0000
FE0000
FE0000
FE0000
FE0000
FE0000
FE0000
FE0000
FE0000
FE0000
FE0000
FE0000
FE0000
FE0000
FE0000
FE0000
FE0000
FE0000
FE0000
FE0000
FE0000
FE0000
FE0000
7C0000
180000
ENDCHAR
STARTCHAR Sacute
ENCODING 346
SWIDTH 618 0
DWIDTH 49 0
BBX 42 77 4 -1
BITMAP
000000060000
0000000F8000
0000001F8000
0000003F8000
0000003F8000
0000007F0000
000000FE0000
000000FC0000
000001FC0000
000003F80000
000007F00000
000007E00000
00000FC00000
00000F800000
000007000000
000000000000
000000000000
000000000000
000000000000
0000FFF00000
000FFFFF0000
003FFFFFE000
00FFFFFFF000
01FFFFFFFC00
03FFFFFFFE00
07FFE07FFF00
0FFE0003FF80
1FF80000FF80
1FF000003F00
3FE000000F00
3FC000000000
3F8000000000
7F8000000000
7F8000000000
7F8000000000
7F0000000000
7F8000000000
7F8000000000
7F8000000000
7F8000000000
3FC000000000
3FE000000000
1FF800000000
1FFE00000000
0FFFE0000000
07FFFF000000
03FFFFF00000
01FFFFFF0000
007FFFFFC000
001FFFFFF000
0001FFFFFC00
00001FFFFE00
000000FFFF00
0000000FFF00
00000001FF80
00000000FF80
000000007FC0
000000003FC0
000000001FC0
000000001FC0
000000001FC0
000000001FC0
000000001FC0
000000001FC0
000000003FC0
780000003FC0
FC0000007F80
FF000000FF80
FFC00001FF00
FFFC000FFE00
7FFFFFFFFE00
3FFFFFFFFC00
1FFFFFFFF000
07FFFFFFE000
00FFFFFF8000
001FFFFC0000
00007FC00000
ENDCHAR
STARTCHAR sacute
ENCODING 347
SWIDTH 483 0
DWIDTH 39 0
BBX 31 62 4 -1
BITMAP
000003E0
000007E0
000007E0
00000FE0
00000FE0
00001FC0
00001F80
00003F80
00003F00
00007E00
00007E00
0000FC00
0000F800
0001F800
0001F000
0003F000
0001E000
00008000
00000000
00000000
00000000
0003E000
007FFF00
01FFFFC0
07FFFFF0
0FFFFFF8
1FFFFFFC
3FF007FC
3FC000FC
7F800038
7F000000
7F000000
7F000000
7F000000
7F000000
7F000000
7F800000
3FE00000
3FFC0000
1FFFE000
0FFFFE00
07FFFFC0
01FFFFE0
003FFFF8
0001FFF8
00000FFC
000003FC
000001FE
000000FE
000000FE
000000FE
000000FE
000000FE
F00001FE
FC0003FC
FF8007FC
FFFFFFF8
7FFFFFF0
3FFFFFE0
0FFFFF80
01FFFE00
001FE000
ENDCHAR
STARTCHAR Scircumflex
ENCODING 348
SWIDTH 618 0
DWIDTH 49 0
BBX 42 77 4 -1
BITMAP
00000E000000
00003F800000
00007FC00000
0000FFC00000
0001FFE00000
0001FFF00000
0003FBF80000
0007F1F80000
0007E0FC0000
000FC07E0000
001F807E0000
003F003F0000
003F001F8000
007E000F8000
003C00078000
000000000000
000000000000
000000000000
000000000000
0000FFF00000
000FFFFF0000
003FFFFFE000
00FFFFFFF000
01FFFFFFFC00
03FFFFFFFE00
07FFE07FFF00
0FFE0003FF80
1FF80000FF80
1FF000003F00
3FE000000F00
3FC000000000
3F8000000000
7F8000000000
7F8000000000
7F8000000000
7F0000000000
7F8000000000
7F8000000000
7F8000000000
7F8000000000
3FC000000000
3FE000000000
1FF800000000
1FFE00000000
0FFFE0000000
07FFFF000000
03FFFFF00000
01FFFFFF0000
007FFFFFC000
001FFFFFF000
0001FFFFFC00
00001FFFFE00
000000FFFF00
0000000FFF00
00000001FF80
00000000FF80
000000007FC0
000000003FC0
000000001FC0
000000001FC0
000000001FC0
000000001FC0
000000001FC0
000000001FC0
000000003FC0
780000003FC0
FC0000007F80
FF000000FF80
FFC00001FF00
FFFC000FFE00
7FFFFFFFFE00
3FFFFFFFFC00
1FFFFFFFF000
07FFFFFFE000
00FFFFFF8000
001FFFFC0000
00007FC00000
ENDCHAR
STARTCHAR scircumflex
ENCODING 349
SWIDTH 483 0
DWIDTH 39 0
BBX 31 62 4 -1
BITMAP
0007E000
000FF000
000FF000
001FF800
001FF800
003FFC00
007E7E00
007E7E00
00FC3F00
00F81F00
01F81F80
01F00F80
03F00FC0
03E007C0
07C003E0
07C003E0
078001E0
01000080
00000000
00000000
00000000
0003E000
007FFF00
01FFFFC0
07FFFFF0
0FFFFFF8
1FFFFFFC
3FF007FC
3FC000FC
7F800038
7F000000
7F000000
7F000000
7F000000
7F000000
7F000000
7F800000
3FE00000
3FFC0000
1FFFE000
0FFFFE00
07FFFFC0
01FFFFE0
003FFFF8
0001FFF8
00000FFC
000003FC
000001FE
000000FE
000000FE
000000FE
000000FE
000000FE
F00001FE
FC0003FC
FF8007FC
FFFFFFF8
7FFFFFF0
3FFFFFE0
0FFFFF80
01FFFE00
001FE000
ENDCHAR
STARTCHAR Scedilla
ENCODING 350
SWIDTH 618 0
DWIDTH 49 0
BBX 42 72 4 -15
BITMAP
0000FFF00000
000FFFFF0000
003FFFFFE000
00FFFFFFF000
01FFFFFFFC00
03FFFFFFFE00
07FFE07FFF00
0FFE0003FF80
1FF80000FF80
1FF000003F00
3FE000000F00
3FC000000000
3F8000000000
7F8000000000
7F8000000000
7F8000000000
7F0000000000
7F8000000000
7F8000000000
7F8000000000
7F8000000000
3FC000000000
3FE000000000
1FF800000000
1FFE00000000
0FFFE0000000
07FFFF000000
03FFFFF00000
01FFFFFF0000
007FFFFFC000
001FFFFFF000
0001FFFFFC00
00001FFFFE00
000000FFFF00
0000000FFF00
00000001FF80
00000000FF80
000000007FC0
000000003FC0
000000001FC0
000000001FC0
000000001FC0
000000001FC0
000000001FC0
000000001FC0
000000003FC0
780000003FC0
FC0000007F80
FF000000FF80
FFC00001FF00
FFFC000FFE00
7FFFFFFFFE00
3FFFFFFFFC00
1FFFFFFFF000
07FFFFFFE000
00FFFFFF8000
001FFFFC0000
00007FC00000
00003E000000
00003E000000
00003FC00000
00003FF00000
00003FFC0000
00003FFC0000
0000003E0000
0000003E0000
0000003E0000
0000007C0000
0003FFFC0000
0003FFF80000
0001FFF00000
0000FFE00000
ENDCHAR
STARTCHAR scedilla
ENCODING 351
SWIDTH 483 0
DWIDTH 39 0
BBX 31 55 4 -15
BITMAP
0003E000
007FFF00
01FFFFC0
07FFFFF0
0FFFFFF8
1FFFFFFC
3FF007FC
3FC000FC
7F800038
7F000000
7F000000
7F000000
7F000000
7F000000
7F000000
7F800000
3FE00000
3FFC0000
1FFFE000
0FFFFE00
07FFFFC0
01FFFFE0
003FFFF8
0001FFF8
00000FFC
000003FC
000001FE
000000FE
000000FE
000000FE
000000FE
000000FE
F00001FE
FC0003FC
FF8007FC
FFFFFFF8
7FFFFFF0
3FFFFFE0
0FFFFF80
01FFFE00
001FE000
000F8000
000F8000
000FE000
000FFC00
000FFE00
000F7F00
00001F00
00000F80
00000F80
00001F00
00FFFF00
00FFFE00
00FFFC00
003FF800
ENDCHAR
STARTCHAR Scaron
ENCODING 352
SWIDTH 618 0
DWIDTH 49 0
BBX 42 77 4 -1
BITMAP
001800030000
003C00078000
007E000F8000
003F001F8000
001F003F0000
001F807E0000
000FC0FE0000
0007E0FC0000
0007F1F80000
0003FBF00000
0001FFF00000
0000FFE00000
0000FFC00000
00007FC00000
00003F800000
000004000000
000000000000
000000000000
000000000000
0000FFF00000
000FFFFF0000
003FFFFFE000
00FFFFFFF000
01FFFFFFFC00
03FFFFFFFE00
07FFE07FFF00
0FFE0003FF80
1FF80000FF80
1FF000003F00
3FE000000F00
3FC000000000
3F8000000000
7F8000000000
7F8000000000
7F8000000000
7F0000000000
7F8000000000
7F8000000000
7F8000000000
7F8000000000
3FC000000000
3FE000000000
1FF800000000
1FFE00000000
0FFFE0000000
07FFFF000000
03FFFFF00000
01FFFFFF0000
007FFFFFC000
001FFFFFF000
0001FFFFFC00
00001FFFFE00
000000FFFF00
0000000FFF00
00000001FF80
00000000FF80
000000007FC0
000000003FC0
000000001FC0
000000001FC0
000000001FC0
000000001FC0
000000001FC0
000000001FC0
000000003FC0
780000003FC0
FC0000007F80
FF000000FF80
FFC00001FF00
FFFC000FFE00
7FFFFFFFFE00
3FFFFFFFFC00
1FFFFFFFF000
07FFFFFFE000
00FFFFFF8000
001FFFFC0000
00007FC00000
ENDCHAR
STARTCHAR scaron
ENCODING 353
SWIDTH 483 0
DWIDTH 39 0
BBX 31 62 4 -1
BITMAP
038001C0
078001E0
07C003E0
07E007E0
03E007C0
03F00FC0
01F00F80
00F81F00
00FC3F00
007C3E00
007E7E00
003FFC00
003FFC00
001FF800
001FF800
000FF000
0007E000
0003C000
00000000
00000000
00000000
0003E000
007FFF00
01FFFFC0
07FFFFF0
0FFFFFF8
1FFFFFFC
3FF007FC
3FC000FC
7F800038
7F000000
7F000000
7F000000
7F000000
7F000000
7F000000
7F800000
3FE00000
3FFC0000
1FFFE000
0FFFFE00
07FFFFC0
01FFFFE0
003FFFF8
0001FFF8
00000FFC
000003FC
000001FE
000000FE
000000FE
000000FE
000000FE
000000FE
F00001FE
FC0003FC
FF8007FC
FFFFFFF8
7FFFFFF0
3FFFFFE0
0FFFFF80
01FFFE00
001FE000
ENDCHAR
STARTCHAR uni0162
ENCODING 354
SWIDTH 607 0
DWIDTH 49 0
BBX 49 71 0 -15
BITMAP
7FFFFFFFFFFF00
FFFFFFFFFFFF80
FFFFFFFFFFFF80
FFFFFFFFFFFF80
FFFFFFFFFFFF00
7FFFFFFFFFFE00
000007F0000000
000007F0000000
000007F0000000
000007F0000000
000007F0000000
000007F0000000
000007F0000000
000007F0000000
000007F0000000
000007F0000000
000007F0000000
000007F0000000
000007F0000000
000007F0000000
000007F0000000
000007F0000000
000007F0000000
000007F0000000
000007F0000000
000007F0000000
000007F0000000
000007F0000000
000007F0000000
000007F0000000
000007F0000000
000007F0000000
000007F0000000
000007F0000000
000007F0000000
000007F0000000
000007F0000000
000007F0000000
000007F0000000
000007F0000000
000007F0000000
000007F0000000
000007F0000000
000007F0000000
000007F0000000
000007F0000000
000007F0000000
000007F0000000
000007F0000000
000007F0000000
000007F0000000
000007F0000000
000007F0000000
000007F0000000
000007F0000000
000007E0000000
000007C0000000
000007C0000000
000007C0000000
000007F0000000
000007FE000000
000007FF800000
000007BF800000
0000000F800000
00000007C00000
00000007C00000
0000000F800000
00007FFF800000
00007FFF000000
00007FFE000000
00001FF8000000
ENDCHAR
STARTCHAR uni0163
ENCODING 355
SWIDTH 358 0
DWIDTH 29 0
BBX 29 66 0 -15
BITMAP
007C0000
00FE0000
00FE0000
00FE0000
00FE0000
00FE0000
00FE0000
00FE0000
00FE0000
00FE0000
00FE0000
00FE0000
7FFFFFE0
FFFFFFF0
FFFFFFF0
FFFFFFF0
FFFFFFE0
3FFFFFC0
00FE0000
00FE0000
00FE0000
00FE0000
00FE0000
00FE0000
00FE0000
00FE0000
00FE0000
00FE0000
00FE0000
00FE0000
00FE0000
00FE0000
00FE0000
00FE0000
00FE0000
00FE0000
00FE0000
00FE0000
00FE0000
00FE0000
00FF0000
00FF0000
00FF0000
007F8000
007FC000
003FFCF8
003FFFF8
001FFFF8
000FFFF8
0007FFF8
0001FFF0
0001EF00
0001E000
0003E000
0003FC00
0003FF80
0003FFC0
0003FFC0
000003E0
000003E0
000003E0
000007E0
001FFFC0
003FFF80
001FFF00
000FFE00
ENDCHAR
STARTCHAR Tcaron
ENCODING 356
SWIDTH 607 0
DWIDTH 49 0
BBX 49 77 0 -1
BITMAP
00030000600000
00078000F00000
0007C001F00000
0007E003F00000
0003E007E00000
0003F00FC00000
0001F80FC00000
0000FC1F800000
0000FE3F000000
00007F7E000000
00003FFE000000
00001FFC000000
00001FF8000000
00000FF8000000
000007F0000000
00000080000000
00000000000000
00000000000000
00000000000000
00000000000000
7FFFFFFFFFFF00
FFFFFFFFFFFF80
FFFFFFFFFFFF80
FFFFFFFFFFFF80
FFFFFFFFFFFF00
7FFFFFFFFFFE00
000007F0000000
000007F0000000
000007F0000000
000007F0000000
000007F0000000
000007F0000000
000007F0000000
000007F0000000
000007F0000000
000007F0000000
000007F0000000
000007F0000000
000007F0000000
000007F0000000
000007F0000000
000007F0000000
000007F0000000
000007F0000000
000007F0000000
000007F0000000
000007F0000000
000007F0000000
000007F0000000
000007F0000000
000007F0000000
000007F0000000
000007F0000000
000007F0000000
000007F0000000
000007F0000000
000007F0000000
000007F0000000
000007F0000000
000007F0000000
000007F0000000
000007F0000000
000007F0000000
000007F0000000
000007F0000000
000007F0000000
000007F0000000
000007F0000000
000007F0000000
000007F0000000
000007F0000000
000007F0000000
000007F0000000
000007F0000000
000007F0000000
000007E0000000
00000080000000
ENDCHAR
STARTCHAR tcaron
ENCODING 357
SWIDTH 358 0
DWIDTH 29 0
BBX 29 58 0 -1
BITMAP
00000780
000007C0
00000FC0
00000FC0
00000F80
00000F80
007C0F80
00FE0F80
00FE0F80
00FE0F80
00FE0F80
00FE0F00
00FE0F00
00FE0F00
00FE0700
00FE0000
00FE0000
00FE0000
7FFFFFE0
FFFFFFF0
FFFFFFF0
FFFFFFF0
FFFFFFE0
3FFFFFC0
00FE0000
00FE0000
00FE0000
00FE0000
00FE0000
00FE0000
00FE0000
00FE0000
00FE0000
00FE0000
00FE0000
00FE0000
00FE0000
00FE0000
00FE0000
00FE0000
00FE0000
00FE0000
00FE0000
00FE0000
00FE0000
00FE0000
00FF0000
00FF0000
00FF0000
007F8000
007FC000
003FFCF8
003FFFF8
001FFFF8
000FFFF8
0007FFF8
0001FFF0
00000F00
ENDCHAR
STARTCHAR Tbar
ENCODING 358
SWIDTH 607 0
DWIDTH 49 0
BBX 49 57 0 -1
BITMAP
7FFFFFFFFFFF00
FFFFFFFFFFFF80
FFFFFFFFFFFF80
FFFFFFFFFFFF80
FFFFFFFFFFFF00
7FFFFFFFFFFE00
000007F0000000
000007F0000000
000007F0000000
000007F0000000
000007F0000000
000007F0000000
000007F0000000
000007F0000000
000007F0000000
000007F0000000
000007F0000000
000007F0000000
000007F0000000
000007F0000000
000007F0000000
000007F0000000
000007F0000000
000007F0000000
000007F0000000
007FFFFFFE0000
007FFFFFFF0000
007FFFFFFF0000
007FFFFFFF0000
007FFFFFFE0000
000007F0000000
000007F0000000
000007F0000000
000007F0000000
000007F0000000
000007F0000000
000007F0000000
000007F0000000
000007F0000000
000007F0000000
000007F0000000
000007F0000000
000007F0000000
000007F0000000
000007F0000000
000007F0000000
000007F0000000
000007F0000000
000007F0000000
000007F0000000
000007F0000000
000007F0000000
000007F0000000
000007F0000000
000007F0000000
000007E0000000
00000080000000
ENDCHAR
STARTCHAR tbar
ENCODING 359
SWIDTH 358 0
DWIDTH 29 0
BBX 29 52 0 -1
BITMAP
007C0000
00FE0000
00FE0000
00FE0000
00FE0000
00FE0000
00FE0000
00FE0000
00FE0000
00FE0000
00FE0000
00FE0000
7FFFFFE0
FFFFFFF0
FFFFFFF0
FFFFFFF0
FFFFFFE0
3FFFFFC0
00FE0000
00FE0000
00FE0000
00FE0000
00FE0000
00FE0000
00FE0000
00FE0000
00FE0000
00FE0000
3FFFFF80
3FFFFF80
3FFFFF80
3FFFFF80
0FFFFF00
00FE0000
00FE0000
00FE0000
00FE0000
00FE0000
00FE0000
00FE0000
00FF0000
00FF0000
00FF0000
007F8000
007FC000
003FFCF8
003FFFF8
001FFFF8
000FFFF8
0007FFF8
0001FFF0
00000F00
ENDCHAR
STARTCHAR Utilde
ENCODING 360
SWIDTH 731 0
DWIDTH 58 0
BBX 46 75 6 -1
BITMAP
000180000F00
000FF8000F00
003FFE000F00
007FFF001F00
00FFFFC03E00
00FFFFF07E00
01F81FFFFC00
01F007FFFC00
01E001FFF800
03E000FFF000
01E0003FE000
01C000000000
000000000000
000000000000
000000000000
000000000000
000000000000
3C00000000F0
7E00000001FC
7F00000001FC
FF00000001FC
FF00000001FC
FF00000001FC
FF00000001FC
FF00000001FC
FF00000001FC
FF00000001FC
FF00000001FC
FF00000001FC
FF00000001FC
FF00000001FC
FF00000001FC
FF00000001FC
FF00000001FC
FF00000001FC
FF00000001FC
FF00000001FC
FF00000001FC
FF00000001FC
FF00000001FC
FF00000001FC
FF00000001FC
FF00000001FC
FF00000001FC
FF00000001FC
FF00000001FC
FF00000001FC
FF00000001FC
FF00000001FC
FF00000001FC
FF00000001FC
FF00000001FC
FF00000001FC
FF00000001FC
FF00000001FC
7F00000003FC
7F00000003FC
7F80000003FC
7F80000003F8
7F80000007F8
3F80000007F8
3FC0000007F8
3FE000000FF0
1FE000001FF0
1FF000003FE0
0FFC00007FE0
0FFE0001FFC0
07FFC007FF80
03FFFFFFFF80
01FFFFFFFE00
00FFFFFFFC00
003FFFFFF800
001FFFFFE000
0003FFFF0000
00000FF00000
ENDCHAR
STARTCHAR utilde
ENCODING 361
SWIDTH 565 0
DWIDTH 45 0
BBX 33 60 6 -1
BITMAP
0000000C00
01FC001E00
03FF001E00
07FF803E00
0FFFC03E00
1FFFE07C00
1F87FDFC00
1E01FFF800
3E00FFF800
3C007FF000
3C003FE000
3C00060000
0000000000
0000000000
0000000000
0000000000
0000000000
0000000000
0000000000
1000000400
FC00001F00
FE00003F80
FE00003F80
FE00003F80
FE00003F80
FE00003F80
FE00003F80
FE00003F80
FE00003F80
FE00003F80
FE00003F80
FE00003F80
FE00003F80
FE00003F80
FE00003F80
FE00003F80
FE00003F80
FE00003F80
FE00003F80
FE00003F80
FE00003F80
FE00003F80
FE00003F80
FE00003F80
FE00003F80
FE00003F80
FE00007F80
FE00007F80
FE00007F80
FF0000FF80
FF0001FF80
7F8003FF80
7FC007FF80
3FF83FFF80
3FFFFFBF80
1FFFFF3F80
0FFFFE3F80
07FFFC3F80
01FFF01F80
002F000400
ENDCHAR
STARTCHAR Umacron
ENCODING 362
SWIDTH 731 0
DWIDTH 58 0
BBX 46 71 6 -1
BITMAP
001FFFFFF000
003FFFFFF800
003FFFFFF800
003FFFFFF800
001FFFFFF000
000000000000
000000000000
000000000000
000000000000
000000000000
000000000000
000000000000
000000000000
3C00000000F0
7E00000001FC
7F00000001FC
FF00000001FC
FF00000001FC
FF00000001FC
FF00000001FC
FF00000001FC
FF00000001FC
FF00000001FC
FF00000001FC
FF00000001FC
FF00000001FC
FF00000001FC
FF00000001FC
FF00000001FC
FF00000001FC
FF00000001FC
FF00000001FC
FF00000001FC
FF00000001FC
FF00000001FC
FF00000001FC
FF00000001FC
FF00000001FC
FF00000001FC
FF00000001FC
FF00000001FC
FF00000001FC
FF00000001FC
FF00000001FC
FF00000001FC
FF00000001FC
FF00000001FC
FF00000001FC
FF00000001FC
FF00000001FC
FF00000001FC
7F00000003FC
7F00000003FC
7F80000003FC
7F80000003F8
7F80000007F8
3F80000007F8
3FC0000007F8
3FE000000FF0
1FE000001FF0
1FF000003FE0
0FFC00007FE0
0FFE0001FFC0
07FFC007FF80
03FFFFFFFF80
01FFFFFFFE00
00FFFFFFFC00
003FFFFFF800
001FFFFFE000
0003FFFF0000
00000FF00000
ENDCHAR
STARTCHAR umacron
ENCODING 363
SWIDTH 565 0
DWIDTH 45 0
BBX 33 56 6 -1
BITMAP
03FFFFE000
07FFFFF800
0FFFFFF800
0FFFFFF800
07FFFFF000
0000000000
0000000000
0000000000
0000000000
0000000000
0000000000
0000000000
0000000000
0000000000
0000000000
1000000400
FC00001F00
FE00003F80
FE00003F80
FE00003F80
FE00003F80
FE00003F80
FE00003F80
FE00003F80
FE00003F80
FE00003F80
FE00003F80
FE00003F80
FE00003F80
FE00003F80
FE00003F80
FE00003F80
FE00003F80
FE00003F80
FE00003F80
FE00003F80
FE00003F80
FE00003F80
FE00003F80
FE00003F80
FE00003F80
FE00003F80
FE00007F80
FE00007F80
FE00007F80
FF0000FF80
FF0001FF80
7F8003FF80
7FC007FF80
3FF83FFF80
3FFFFFBF80
1FFFFF3F80
0FFFFE3F80
07FFFC3F80
01FFF01F80
002F000400
ENDCHAR
STARTCHAR Ubreve
ENCODING 364
SWIDTH 731 0
DWIDTH 58 0
BBX 46 76 6 -1
BITMAP
003800007000
003C0000F800
003C0000F800
003E0000F800
003E0001F000
001F0001F000
001F0003F000
001F8007E000
000FE00FC000
0007FFFFC000
0003FFFF8000
0001FFFF0000
0000FFFC0000
00001FF00000
000000000000
000000000000
000000000000
000000000000
3C00000000F0
7E00000001FC
7F00000001FC
FF00000001FC
FF00000001FC
FF00000001FC
FF00000001FC
FF00000001FC
FF00000001FC
FF00000001FC
FF00000001FC
FF00000001FC
FF00000001FC
FF00000001FC
FF00000001FC
FF00000001FC
FF00000001FC
FF00000001FC
FF00000001FC
FF00000001FC
FF00000001FC
FF00000001FC
FF00000001FC
FF00000001FC
FF00000001FC
FF00000001FC
FF00000001FC
FF00000001FC
FF00000001FC
FF00000001FC
FF00000001FC
FF00000001FC
FF00000001FC
FF00000001FC
FF00000001FC
FF00000001FC
FF00000001FC
FF00000001FC
7F00000003FC
7F00000003FC
7F80000003FC
7F80000003F8
7F80000007F8
3F80000007F8
3FC0000007F8
3FE000000FF0
1FE000001FF0
1FF000003FE0
0FFC00007FE0
0FFE0001FFC0
07FFC007FF80
03FFFFFFFF80
01FFFFFFFE00
00FFFFFFFC00
003FFFFFF800
001FFFFFE000
0003FFFF0000
00000FF00000
ENDCHAR
STARTCHAR ubreve
ENCODING 365
SWIDTH 565 0
DWIDTH 45 0
BBX 33 61 6 -1
BITMAP
0700003000
0F00007800
0F8000F800
0F8000F800
0F8000F800
078000F800
07C001F000
07C001F000
03E003F000
03F007E000
01F80FE000
01FFFFC000
00FFFF8000
007FFF0000
001FFE0000
0007F00000
0000000000
0000000000
0000000000
0000000000
1000000400
FC00001F00
FE00003F80
FE00003F80
FE00003F80
FE00003F80
FE00003F80
FE00003F80
FE00003F80
FE00003F80
FE00003F80
FE00003F80
FE00003F80
FE00003F80
FE00003F80
FE00003F80
FE00003F80
FE00003F80
FE00003F80
FE00003F80
FE00003F80
FE00003F80
FE00003F80
FE00003F80
FE00003F80
FE00003F80
FE00003F80
FE00007F80
FE00007F80
FE00007F80
FF0000FF80
FF0001FF80
7F8003FF80
7FC007FF80
3FF83FFF80
3FFFFFBF80
1FFFFF3F80
0FFFFE3F80
07FFFC3F80
01FFF01F80
002F000400
ENDCHAR
STARTCHAR Uring
ENCODING 366
SWIDTH 731 0
DWIDTH 58 0
BBX 46 80 6 -1
BITMAP
00001FE00000
00007FF80000
0000FFFC0000
0001FEFE0000
0001F01F0000
0003E00F0000
0003C00F8000
0003C0078000
0003C0078000
0003C0078000
0003C0078000
0003C00F8000
0003E00F0000
0001F01F0000
0001FCFE0000
0000FFFC0000
00007FF80000
00001FE00000
000000000000
000000000000
000000000000
000000000000
3C00000000F0
7E00000001FC
7F00000001FC
FF00000001FC
FF00000001FC
FF00000001FC
FF00000001FC
FF00000001FC
FF00000001FC
FF00000001FC
FF00000001FC
FF00000001FC
FF00000001FC
FF00000001FC
FF00000001FC
FF00000001FC
FF00000001FC
FF00000001FC
FF00000001FC
FF00000001FC
FF00000001FC
FF00000001FC
FF00000001FC
FF00000001FC
FF00000001FC
FF00000001FC
FF00000001FC
FF00000001FC
FF00000001FC
FF00000001FC
FF00000001FC
FF00000001FC
FF00000001FC
FF00000001FC
FF00000001FC
FF00000001FC
FF00000001FC
FF00000001FC
7F00000003FC
7F00000003FC
7F80000003FC
7F80000003F8
7F80000007F8
3F80000007F8
3FC0000007F8
3FE000000FF0
1FE000001FF0
1FF000003FE0
0FFC00007FE0
0FFE0001FFC0
07FFC007FF80
03FFFFFFFF80
01FFFFFFFE00
00FFFFFFFC00
003FFFFFF800
001FFFFFE000
0003FFFF0000
00000FF00000
ENDCHAR
STARTCHAR uring
ENCODING 367
SWIDTH 565 0
DWIDTH 45 0
BBX 33 63 6 -1
BITMAP
000FF80000
001FFE0000
007FFF0000
007E3F0000
00F80F8000
00F007C000
01E003C000
01E003C000
01E003C000
01E003C000
01E003C000
01F003C000
00F0078000
00F80F8000
007F7F0000
003FFE0000
001FFC0000
0007F80000
0000000000
0000000000
0000000000
0000000000
1000000400
FC00001F00
FE00003F80
FE00003F80
FE00003F80
FE00003F80
FE00003F80
FE00003F80
FE00003F80
FE00003F80
FE00003F80
FE00003F80
FE00003F80
FE00003F80
FE00003F80
FE00003F80
FE00003F80
FE00003F80
FE00003F80
FE00003F80
FE00003F80
FE00003F80
FE00003F80
FE00003F80
FE00003F80
FE00003F80
FE00003F80
FE00007F80
FE00007F80
FE00007F80
FF0000FF80
FF0001FF80
7F8003FF80
7FC007FF80
3FF83FFF80
3FFFFFBF80
1FFFFF3F80
0FFFFE3F80
07FFFC3F80
01FFF01F80
002F000400
ENDCHAR
STARTCHAR Uhungarumlaut
ENCODING 368
SWIDTH 731 0
DWIDTH 58 0
BBX 46 77 6 -1
BITMAP
000000C01800
000001E07C00
000003F07E00
000003F0FE00
000007E0FC00
000007E1F800
00000FC1F800
00000F83F000
00001F83E000
00001F07C000
00003E07C000
00003C0F8000
00007C0F0000
0000781F0000
0000701E0000
000000000000
000000000000
000000000000
000000000000
3C00000000F0
7E00000001FC
7F00000001FC
FF00000001FC
FF00000001FC
FF00000001FC
FF00000001FC
FF00000001FC
FF00000001FC
FF00000001FC
FF00000001FC
FF00000001FC
FF00000001FC
FF00000001FC
FF00000001FC
FF00000001FC
FF00000001FC
FF00000001FC
FF00000001FC
FF00000001FC
FF00000001FC
FF00000001FC
FF00000001FC
FF00000001FC
FF00000001FC
FF00000001FC
FF00000001FC
FF00000001FC
FF00000001FC
FF00000001FC
FF00000001FC
FF00000001FC
FF00000001FC
FF00000001FC
FF00000001FC
FF00000001FC
FF00000001FC
FF00000001FC
7F00000003FC
7F00000003FC
7F80000003FC
7F80000003F8
7F80000007F8
3F80000007F8
3FC0000007F8
3FE000000FF0
1FE000001FF0
1FF000003FE0
0FFC00007FE0
0FFE0001FFC0
07FFC007FF80
03FFFFFFFF80
01FFFFFFFE00
00FFFFFFFC00
003FFFFFF800
001FFFFFE000
0003FFFF0000
00000FF00000
ENDCHAR
STARTCHAR uhungarumlaut
ENCODING 369
SWIDTH 565 0
DWIDTH 45 0
BBX 33 62 6 -1
BITMAP
0003C07800
0007E0FC00
0007E0FC00
0007E1F800
000FC1F800
000FC1F800
000FC1F000
000F83F000
001F83E000
001F03E000
001F07C000
001E07C000
003E07C000
003E078000
003C0F8000
007C0F0000
00380F0000
0010020000
0000000000
0000000000
0000000000
1000000400
FC00001F00
FE00003F80
FE00003F80
FE00003F80
FE00003F80
FE00003F80
FE00003F80
FE00003F80
FE00003F80
FE00003F80
FE00003F80
FE00003F80
FE00003F80
FE00003F80
FE00003F80
FE00003F80
FE00003F80
FE00003F80
FE00003F80
FE00003F80
FE00003F80
FE00003F80
FE00003F80
FE00003F80
FE00003F80
FE00003F80
FE00007F80
FE00007F80
FE00007F80
FF0000FF80
FF0001FF80
7F8003FF80
7FC007FF80
3FF83FFF80
3FFFFFBF80
1FFFFF3F80
0FFFFE3F80
07FFFC3F80
01FFF01F80
002F000400
ENDCHAR
STARTCHAR Uogonek
ENCODING 370
SWIDTH 731 0
DWIDTH 58 0
BBX 46 72 6 -15
BITMAP
3C00000000F0
7E00000001FC
7F00000001FC
FF00000001FC
FF00000001FC
FF00000001FC
FF00000001FC
FF00000001FC
FF00000001FC
FF00000001FC
FF00000001FC
FF00000001FC
FF00000001FC
FF00000001FC
FF00000001FC
FF00000001FC
FF00000001FC
FF00000001FC
FF00000001FC
FF00000001FC
FF00000001FC
FF00000001FC
FF00000001FC
FF00000001FC
FF00000001FC
FF00000001FC
FF00000001FC
FF00000001FC
FF00000001FC
FF00000001FC
FF00000001FC
FF00000001FC
FF00000001FC
FF00000001FC
FF00000001FC
FF00000001FC
FF00000001FC
FF00000001FC
7F00000003FC
7F00000003FC
7F80000003FC
7F80000003F8
7F80000007F8
3F80000007F8
3FC0000007F8
3FE000000FF0
1FE000001FF0
1FF000003FE0
0FFC00007FE0
0FFE0001FFC0
07FFC007FF80
03FFFFFFFF80
01FFFFFFFE00
00FFFFFFFC00
003FFFFFF800
001FFFFFE000
0003FFFF0000
00000FF00000
00000F800000
00001F000000
00003F000000
00003E000000
00003E000000
00003E000000
00003E000000
00003E000000
00003E000000
00003F800000
00001FFF0000
00001FFF8000
00000FFF0000
000003FF0000
ENDCHAR
STARTCHAR uogonek
ENCODING 371
SWIDTH 565 0
DWIDTH 45 0
BBX 37 55 6 -15
BITMAP
1000000400
FC00001F00
FE00003F80
FE00003F80
FE00003F80
FE00003F80
FE00003F80
FE00003F80
FE00003F80
FE00003F80
FE00003F80
FE00003F80
FE00003F80
FE00003F80
FE00003F80
FE00003F80
FE00003F80
FE00003F80
FE00003F80
FE00003F80
FE00003F80
FE00003F80
FE00003F80
FE00003F80
FE00003F80
FE00003F80
FE00003F80
FE00007F80
FE00007F80
FE00007F80
FF0000FF80
FF0001FF80
7F8003FF80
7FC007FF80
3FF83FFF80
3FFFFFBF80
1FFFFF3F80
0FFFFE3F80
07FFFC1F80
01FFF07F80
002F00FE00
000000F800
000001F000
000003E000
000003E000
000003E000
000003C000
000003E000
000003E000
000003E000
000003F800
000003FFF0
000001FFF8
000000FFF0
0000003FE0
ENDCHAR
STARTCHAR Wcircumflex
ENCODING 372
SWIDTH 1104 0
DWIDTH 88 0
BBX 82 77 3 -1
BITMAP
0000000001E00000000000
0000000003F80000000000
0000000007FC0000000000
000000000FFC0000000000
000000001FFE0000000000
000000001FFF0000000000
000000003F3F0000000000
000000007F1F8000000000
00000000FE0FC000000000
00000000FC0FE000000000
00000001F807E000000000
00000003F003F000000000
00000003E001F800000000
00000007E000F800000000
00000003C0007800000000
0000000000000000000000
0000000000000000000000
0000000000000000000000
0000000000000000000000
3C00000001E00000000780
7E00000003F00000000FC0
FF00000003F80000001FC0
FF00000007F80000001FC0
7F00000007F80000003FC0
7F80000007FC0000003F80
7F8000000FFC0000003F80
3F8000000FFC0000007F80
3FC000000FFE0000007F00
3FC000001FFE0000007F00
1FC000001FFF000000FF00
1FE000001FFF000000FE00
0FE000003FFF000000FE00
0FE000003FBF800001FE00
0FF000003F3F800001FC00
07F000007F3F800001FC00
07F000007F1FC00003FC00
07F80000FE1FC00003F800
03F80000FE1FC00003F800
03F80000FE0FE00007F800
03FC0001FC0FE00007F000
01FC0001FC0FE00007F000
01FC0001F807F0000FE000
01FE0003F807F0000FE000
00FE0003F803F0000FE000
00FE0003F003F8001FC000
00FF0007F003F8001FC000
007F0007F001F8001FC000
007F0007E001FC003F8000
007F800FE001FC003F8000
003F800FE000FC003F8000
003F800FC000FE007F0000
001FC01FC000FE007F0000
001FC01FC0007E00FF0000
001FC01F80007F00FE0000
000FE03F80007F00FE0000
000FE03F80003F01FE0000
000FF07F00003F81FC0000
0007F07F00003F81FC0000
0007F07F00001F83F80000
0007F8FE00001FC3F80000
0003F8FE00001FC3F80000
0003F8FC00000FE7F00000
0003FDFC00000FE7F00000
0001FDFC00000FE7F00000
0001FDF8000007FFE00000
0001FFF8000007FFE00000
0000FFF8000003FFE00000
0000FFF0000003FFC00000
0000FFF0000003FFC00000
00007FF0000001FFC00000
00007FE0000001FF800000
00003FE0000001FF800000
00003FE0000000FF800000
00003FC0000000FF000000
00001FC0000000FF000000
00001F800000007E000000
0000020000000008000000
ENDCHAR
STARTCHAR wcircumflex
ENCODING 373
SWIDTH 844 0
DWIDTH 68 0
BBX 62 62 3 -1
BITMAP
0000000FC0000000
0000001FE0000000
0000003FE0000000
0000003FF0000000
0000007FF0000000
0000007FF8000000
000000FDF8000000
000000F8FC000000
000001F87C000000
000001F07E000000
000003F03E000000
000007E01F000000
000007C01F800000
00000FC00F800000
00000F800FC00000
00000F0007C00000
00000F0003C00000
0000040001000000
0000000000000000
0000000000000000
0000000000000000
1000000200000020
7C00000FC00000F8
FE00000FC00001F8
FE00001FE00001FC
FE00001FE00003F8
FF00003FE00003F8
7F00003FF00003F8
7F00003FF00007F0
7F80007FF80007F0
3F80007FF80007F0
3F80007FF8000FE0
1FC000FFFC000FE0
1FC000FDFC000FE0
1FE001FCFC001FC0
0FE001F8FE001FC0
0FE001F8FE001F80
0FF003F87E003F80
07F003F07F003F80
07F003F03F007F00
03F807F03F007F00
03F807E03F807F00
03F807E01F80FE00
01FC0FE01FC0FE00
01FC0FC01FC0FC00
01FC1FC00FC1FC00
00FE1F800FE1FC00
00FE1F800FE1F800
007F3F8007E3F800
007F3F0007F3F800
007F3F0003F3F000
003FFF0003F7F000
003FFE0003FFE000
003FFE0001FFE000
001FFE0001FFE000
001FFC0001FFC000
000FFC0000FFC000
000FF80000FFC000
000FF80000FF8000
0007F800007F8000
0003F000003F0000
0000C00000080000
ENDCHAR
STARTCHAR Ycircumflex
ENCODING 374
SWIDTH 601 0
DWIDTH 48 0
BBX 46 77 1 -1
BITMAP
000007800000
00000FC00000
00001FE00000
00003FF00000
00007FF80000
0000FFFC0000
0000FCFC0000
0001F87E0000
0003F87F0000
0003F03F0000
0007E01F8000
000FC00FC000
001F8007E000
001F0003E000
000F0001C000
000000000000
000000000000
000000000000
000000000000
3C0000000078
7E00000001FC
FF00000001FC
FF00000003FC
7F80000007F8
7FC0000007F8
3FE000000FF0
1FE000001FE0
1FF000003FE0
0FF800003FC0
07F800007F80
03FC0000FF80
03FE0001FF00
01FF0001FE00
00FF0003FC00
00FF8007FC00
007FC007F800
003FE00FF000
001FE01FE000
001FF03FE000
000FF83FC000
0007F87F8000
0003FCFF8000
0003FFFF0000
0001FFFE0000
0000FFFC0000
0000FFFC0000
00007FF80000
00003FF00000
00001FF00000
00001FE00000
00001FE00000
00001FE00000
00001FE00000
00001FE00000
00001FE00000
00001FE00000
00001FE00000
00001FE00000
00001FE00000
00001FE00000
00001FE00000
00001FE00000
00001FE00000
00001FE00000
00001FE00000
00001FE00000
00001FE00000
00001FE00000
00001FE00000
00001FE00000
00001FE00000
00001FE00000
00001FE00000
00001FE00000
00000FC00000
00000FC00000
000001000000
ENDCHAR
STARTCHAR ycircumflex
ENCODING 375
SWIDTH 517 0
DWIDTH 41 0
BBX 37 76 2 -15
BITMAP
0000FC0000
0001FE0000
0003FE0000
0003FF0000
0007FF0000
0007FF8000
000FDF8000
000F8FC000
001F87C000
001F07E000
003E03E000
007E01F000
007C01F800
00FC00F800
00F800FC00
00F0007C00
00F0003800
0040001000
0000000000
0000000000
0000000000
1000000020
7C000000F8
FE000001F8
FE000003F8
FF000003F8
FF000003F8
7F800007F8
7F800007F0
3F80000FF0
3FC0000FE0
1FC0000FE0
1FE0001FC0
1FE0001FC0
0FE0003F80
0FF0003F80
07F0007F80
07F8007F00
03F8007F00
03FC00FE00
03FC00FE00
01FC01FC00
01FE01FC00
00FE01FC00
00FF03F800
007F03F800
007F07F000
007F87F000
003F8FE000
003FCFE000
001FCFE000
001FDFC000
000FFFC000
000FFF8000
000FFF8000
0007FF0000
0007FF0000
0003FF0000
0003FE0000
0001FE0000
0001FC0000
0003FC0000
0003F80000
0007F80000
0007F80000
0007F00000
000FF00000
000FE00000
001FE00000
001FC00000
003FC00000
003F800000
003F800000
003F800000
003F000000
001E000000
ENDCHAR
STARTCHAR Ydieresis
ENCODING 376
SWIDTH 601 0
DWIDTH 48 0
BBX 46 73 1 -1
BITMAP
0003C00F0000
0007E01F8000
000FF03FC000
000FF03FC000
000FF03FC000
000FF03FC000
000FE01FC000
0003C00F8000
000000000000
000000000000
000000000000
000000000000
000000000000
000000000000
000000000000
3C0000000078
7E00000001FC
FF00000001FC
FF00000003FC
7F80000007F8
7FC0000007F8
3FE000000FF0
1FE000001FE0
1FF000003FE0
0FF800003FC0
07F800007F80
03FC0000FF80
03FE0001FF00
01FF0001FE00
00FF0003FC00
00FF8007FC00
007FC007F800
003FE00FF000
001FE01FE000
001FF03FE000
000FF83FC000
0007F87F8000
0003FCFF8000
0003FFFF0000
0001FFFE0000
0000FFFC0000
0000FFFC0000
00007FF80000
00003FF00000
00001FF00000
00001FE00000
00001FE00000
00001FE00000
00001FE00000
00001FE00000
00001FE00000
00001FE00000
00001FE00000
00001FE00000
00001FE00000
00001FE00000
00001FE00000
00001FE00000
00001FE00000
00001FE00000
00001FE00000
00001FE00000
00001FE00000
00001FE00000
00001FE00000
00001FE00000
00001FE00000
00001FE00000
00001FE00000
00001FE00000
00000FC00000
00000FC00000
000001000000
ENDCHAR
STARTCHAR Zacute
ENCODING 377
SWIDTH 593 0
DWIDTH 47 0
BBX 43 76 3 0
BITMAP
000000070000
0000000F8000
0000001FC000
0000001FC000
0000003F8000
0000007F0000
0000007F0000
000000FE0000
000001FC0000
000001F80000
000003F00000
000007E00000
000007C00000
00000FC00000
000007800000
000000000000
000000000000
000000000000
000000000000
000000000000
7FFFFFFFFF80
FFFFFFFFFFC0
FFFFFFFFFFC0
FFFFFFFFFFC0
7FFFFFFFFFC0
3FFFFFFFFF80
00000000FF80
00000000FF00
00000001FE00
00000003FC00
00000007FC00
00000007F800
0000000FF000
0000001FF000
0000001FE000
0000003FC000
0000007F8000
000000FF8000
000000FF0000
000001FE0000
000003FC0000
000003FC0000
000007F80000
00000FF00000
00001FF00000
00001FE00000
00003FC00000
00007F800000
00007F800000
0000FF000000
0001FE000000
0003FE000000
0003FC000000
0007F8000000
000FF0000000
000FF0000000
001FE0000000
003FC0000000
007FC0000000
007F80000000
00FF00000000
01FE00000000
01FE00000000
03FC00000000
07F800000000
0FF800000000
0FF000000000
1FE000000000
3FC000000000
3FC000000000
7FFFFFFFFFC0
7FFFFFFFFFE0
FFFFFFFFFFE0
7FFFFFFFFFE0
7FFFFFFFFFE0
3FFFFFFFFFC0
ENDCHAR
STARTCHAR zacute
ENCODING 378
SWIDTH 466 0
DWIDTH 37 0
BBX 32 61 4 0
BITMAP
000007C0
000007C0
00000FE0
00001FC0
00001FC0
00003F80
00003F80
00007F00
00007E00
0000FE00
0000FC00
0001F800
0001F800
0003F000
0003E000
0003E000
0003C000
00008000
00000000
00000000
00000000
00000000
7FFFFFF8
FFFFFFFC
FFFFFFFC
FFFFFFFC
FFFFFFFC
7FFFFFFC
000007F8
000007F0
00000FE0
00001FC0
00003FC0
00003F80
00007F00
0000FE00
0001FE00
0001FC00
0003F800
0007F000
000FF000
000FE000
001FC000
003F8000
007F8000
00FF0000
00FE0000
01FC0000
03FC0000
07F80000
07F00000
0FE00000
1FC00000
3FC00000
3F800000
7FFFFFF8
FFFFFFFE
FFFFFFFE
FFFFFFFF
FFFFFFFE
7FFFFFFC
ENDCHAR
STARTCHAR Zdotaccent
ENCODING 379
SWIDTH 593 0
DWIDTH 47 0
BBX 43 72 3 0
BITMAP
00001F000000
00003F800000
00003FC00000
00007FC00000
00003FC00000
00003FC00000
00003F800000
00001F000000
000000000000
000000000000
000000000000
000000000000
000000000000
000000000000
000000000000
000000000000
7FFFFFFFFF80
FFFFFFFFFFC0
FFFFFFFFFFC0
FFFFFFFFFFC0
7FFFFFFFFFC0
3FFFFFFFFF80
00000000FF80
00000000FF00
00000001FE00
00000003FC00
00000007FC00
00000007F800
0000000FF000
0000001FF000
0000001FE000
0000003FC000
0000007F8000
000000FF8000
000000FF0000
000001FE0000
000003FC0000
000003FC0000
000007F80000
00000FF00000
00001FF00000
00001FE00000
00003FC00000
00007F800000
00007F800000
0000FF000000
0001FE000000
0003FE000000
0003FC000000
0007F8000000
000FF0000000
000FF0000000
001FE0000000
003FC0000000
007FC0000000
007F80000000
00FF00000000
01FE00000000
01FE00000000
03FC00000000
07F800000000
0FF800000000
0FF000000000
1FE000000000
3FC000000000
3FC000000000
7FFFFFFFFFC0
7FFFFFFFFFE0
FFFFFFFFFFE0
7FFFFFFFFFE0
7FFFFFFFFFE0
3FFFFFFFFFC0
ENDCHAR
STARTCHAR zdotaccent
ENCODING 380
SWIDTH 466 0
DWIDTH 37 0
BBX 32 56 4 0
BITMAP
000FC000
001FE000
001FE000
001FE000
001FE000
001FE000
000FE000
00078000
00000000
00000000
00000000
00000000
00000000
00000000
00000000
00000000
00000000
7FFFFFF8
FFFFFFFC
FFFFFFFC
FFFFFFFC
FFFFFFFC
7FFFFFFC
000007F8
000007F0
00000FE0
00001FC0
00003FC0
00003F80
00007F00
0000FE00
0001FE00
0001FC00
0003F800
0007F000
000FF000
000FE000
001FC000
003F8000
007F8000
00FF0000
00FE0000
01FC0000
03FC0000
07F80000
07F00000
0FE00000
1FC00000
3FC00000
3F800000
7FFFFFF8
FFFFFFFE
FFFFFFFE
FFFFFFFF
FFFFFFFE
7FFFFFFC
ENDCHAR
STARTCHAR Zcaron
ENCODING 381
SWIDTH 593 0
DWIDTH 47 0
BBX 43 76 3 0
BITMAP
001800030000
003C00078000
003E000F8000
003F001F8000
001F801F0000
000FC03F0000
000FC07E0000
0007E0FC0000
0003F1FC0000
0001FBF80000
0001FFF00000
0000FFE00000
00007FE00000
00007FC00000
00003F800000
000004000000
000000000000
000000000000
000000000000
000000000000
7FFFFFFFFF80
FFFFFFFFFFC0
FFFFFFFFFFC0
FFFFFFFFFFC0
7FFFFFFFFFC0
3FFFFFFFFF80
00000000FF80
00000000FF00
00000001FE00
00000003FC00
00000007FC00
00000007F800
0000000FF000
0000001FF000
0000001FE000
0000003FC000
0000007F8000
000000FF8000
000000FF0000
000001FE0000
000003FC0000
000003FC0000
000007F80000
00000FF00000
00001FF00000
00001FE00000
00003FC00000
00007F800000
00007F800000
0000FF000000
0001FE000000
0003FE000000
0003FC000000
0007F8000000
000FF0000000
000FF0000000
001FE0000000
003FC0000000
007FC0000000
007F80000000
00FF00000000
01FE00000000
01FE00000000
03FC00000000
07F800000000
0FF800000000
0FF000000000
1FE000000000
3FC000000000
3FC000000000
7FFFFFFFFFC0
7FFFFFFFFFE0
FFFFFFFFFFE0
7FFFFFFFFFE0
7FFFFFFFFFE0
3FFFFFFFFFC0
ENDCHAR
STARTCHAR zcaron
ENCODING 382
SWIDTH 466 0
DWIDTH 37 0
BBX 32 61 4 0
BITMAP
07000180
0F8003C0
0F8007C0
07C007C0
07C00F80
03E01F80
03F01F00
01F03F00
01F83E00
00FC7E00
00FCFC00
007EF800
007FF800
003FF000
001FF000
001FE000
000FE000
00078000
00000000
00000000
00000000
00000000
7FFFFFF8
FFFFFFFC
FFFFFFFC
FFFFFFFC
FFFFFFFC
7FFFFFFC
000007F8
000007F0
00000FE0
00001FC0
00003FC0
00003F80
00007F00
0000FE00
0001FE00
0001FC00
0003F800
0007F000
000FF000
000FE000
001FC000
003F8000
007F8000
00FF0000
00FE0000
01FC0000
03FC0000
07F80000
07F00000
0FE00000
1FC00000
3FC00000
3F800000
7FFFFFF8
FFFFFFFE
FFFFFFFE
FFFFFFFF
FFFFFFFE
7FFFFFFC
ENDCHAR
STARTCHAR uni0181
ENCODING 385
SWIDTH 809 0
DWIDTH 65 0
BBX 60 56 0 0
BITMAP
007FFFFFFFFF0000
03FFFFFFFFFFC000
07FFFFFFFFFFF000
1FFFFFFFFFFFFC00
3FFFFFFFFFFFFE00
3FF07F0000FFFF00
7F807F000003FF00
7F007F000000FF80
7E007F0000007F80
FE007F0000003FC0
FE007F0000003FC0
FC007F0000001FC0
FC007F0000001FC0
FC007F0000001FE0
FC007F0000001FE0
FC007F0000001FE0
FC007F0000001FC0
38007F0000001FC0
00007F0000001FC0
00007F0000003FC0
00007F0000003F80
00007F0000007F80
00007F000000FF00
00007F000003FE00
00007FFFFFFFFC00
00007FFFFFFFF800
00007FFFFFFFE000
00007FFFFFFFE000
00007FFFFFFFF800
00007FFFFFFFFE00
00007F00003FFF00
00007F000001FF80
00007F0000007FC0
00007F0000003FC0
00007F0000001FE0
00007F0000000FE0
00007F0000000FE0
00007F0000000FF0
00007F00000007F0
00007F00000007F0
00007F00000007F0
00007F00000007F0
00007F0000000FF0
00007F0000000FF0
00007F0000000FE0
00007F0000001FE0
00007F0000001FE0
00007F0000003FC0
00007F000000FFC0
00007F000003FF80
00007FFFFFFFFF00
00007FFFFFFFFF00
00007FFFFFFFFC00
00007FFFFFFFF800
00003FFFFFFFC000
00001FFFFFFE0000
ENDCHAR
STARTCHAR uni018A
ENCODING 394
SWIDTH 877 0
DWIDTH 70 0
BBX 65 56 0 0
BITMAP
00FFFFFFFFFC000000
03FFFFFFFFFF800000
0FFFFFFFFFFFF00000
1FFFFFFFFFFFFC0000
3FFFFFFFFFFFFE0000
3FF07FFFFFFFFF0000
7F807F80003FFFC000
7F007F800003FFE000
7E007F800000FFE000
FE007F8000003FF000
FE007F8000001FF800
FC007F8000000FFC00
FC007F80000007FC00
FC007F80000003FE00
FC007F80000001FE00
FC007F80000001FE00
FC007F80000000FF00
38007F80000000FF00
00007F80000000FF00
00007F800000007F80
00007F800000007F80
00007F800000007F80
00007F800000007F80
00007F800000007F80
00007F800000007F80
00007F800000003F80
00007F800000003F80
00007F800000003F80
00007F800000003F80
00007F800000003F80
00007F800000007F80
00007F800000007F80
00007F800000007F80
00007F800000007F80
00007F800000007F80
00007F800000007F80
00007F800000007F00
00007F80000000FF00
00007F80000000FF00
00007F80000001FF00
00007F80000001FE00
00007F80000003FE00
00007F80000003FC00
00007F80000007FC00
00007F8000000FF800
00007F8000001FF800
00007F8000007FF000
00007F800000FFE000
00007F800007FFC000
00007F8001FFFF8000
00007FFFFFFFFF0000
00007FFFFFFFFC0000
00007FFFFFFFF80000
00007FFFFFFFC00000
00003FFFFFFF000000
00001FFFFFE0000000
ENDCHAR
STARTCHAR uni018F
ENCODING 399
SWIDTH 771 0
DWIDTH 62 0
BBX 52 58 5 -1
BITMAP
00007FFE000000
000FFFFFE00000
007FFFFFF80000
01FFFFFFFE0000
07FFFFFFFF8000
0FFFFFFFFFC000
1FFFFC7FFFE000
3FFE0001FFF000
3FF000003FF800
3FC000001FFC00
1F00000007FE00
0C00000003FE00
0000000001FF00
0000000000FF80
00000000007F80
00000000007FC0
00000000003FC0
00000000003FC0
00000000001FE0
00000000001FE0
00000000001FE0
00000000001FE0
00000000000FE0
00000000000FF0
00000000000FF0
3FFFFFFFFFFFF0
FFFFFFFFFFFFF0
FFFFFFFFFFFFF0
FFFFFFFFFFFFF0
FFFFFFFFFFFFF0
FFFFFFFFFFFFF0
FFFFFFFFFFFFF0
FF000000000FF0
FF000000000FF0
FF000000000FF0
FF000000000FE0
FF000000001FE0
7F000000001FE0
7F800000001FE0
7F800000001FE0
7F800000003FC0
3FC00000003FC0
3FC00000007FC0
1FE00000007F80
1FE0000000FF80
0FF0000001FF00
0FF8000001FE00
07FC000007FE00
07FE00000FFC00
03FF80001FF800
01FFE000FFF000
00FFFFFFFFE000
007FFFFFFFC000
001FFFFFFF8000
000FFFFFFE0000
0003FFFFF80000
00007FFFE00000
000003FC000000
ENDCHAR
STARTCHAR florin
ENCODING 402
SWIDTH 600 0
DWIDTH 48 0
BBX 42 72 3 -15
BITMAP
000000007F80
00000003FFC0
00000007FFC0
0000001FFFC0
0000003FFFC0
0000003FFF80
0000007FC000
000000FF8000
000000FF0000
000001FE0000
000001FC0000
000001FC0000
000003FC0000
000003F80000
000003F80000
000003F80000
000007F80000
000007F80000
001FFFFFF800
003FFFFFFC00
003FFFFFFE00
003FFFFFFE00
001FFFFFFC00
000FFFFFF800
00000FE00000
00000FE00000
00001FE00000
00001FC00000
00001FC00000
00001FC00000
00001FC00000
00003FC00000
00003F800000
00003F800000
00003F800000
00007F800000
00007F800000
00007F000000
00007F000000
00007F000000
0000FF000000
0000FE000000
0000FE000000
0000FE000000
0000FE000000
0001FE000000
0001FC000000
0001FC000000
0001FC000000
0001FC000000
0003FC000000
0003F8000000
0003F8000000
0003F8000000
0007F8000000
0007F0000000
0007F0000000
0007F0000000
0007F0000000
000FF0000000
000FE0000000
000FE0000000
001FE0000000
003FC0000000
003FC0000000
00FF80000000
7FFF00000000
FFFF00000000
FFFE00000000
FFF800000000
FFF000000000
7F8000000000
ENDCHAR
STARTCHAR Ohorn
ENCODING 416
SWIDTH 771 0
DWIDTH 62 0
BBX 52 68 5 -1
BITMAP
000000000003E0
000000000007F0
000000000007F0
000000000007F0
000000000007F0
000000000007F0
000000000007E0
00000000000FE0
00000000000FE0
00000000003FC0
00000FFFC3FF80
0000FFFFFFFF80
0003FFFFFFFF00
000FFFFFFFFC00
003FFFFFFFE000
007FFFFFFFE000
00FFFF9FFFF000
01FFE0007FF800
03FF80001FFC00
07FE00000FFC00
07FC000003FE00
0FF8000001FF00
1FF0000000FF00
1FE0000000FF80
3FE00000007F80
3FC00000003FC0
3FC00000003FC0
7F800000003FC0
7F800000001FE0
7F800000001FE0
7F000000001FE0
FF000000000FE0
FF000000000FE0
FF000000000FF0
FF000000000FF0
FF000000000FF0
FF000000000FF0
FF000000000FF0
FF000000000FF0
FF000000000FF0
FF000000000FF0
FF000000000FF0
FF000000000FF0
FF000000000FF0
FF000000000FF0
FF000000000FE0
FF000000001FE0
7F800000001FE0
7F800000001FE0
7F800000001FC0
7FC00000003FC0
3FC00000003FC0
3FE00000007F80
1FE00000007F80
1FF0000000FF00
0FF8000001FF00
0FFC000003FE00
07FE000007FE00
03FF00000FFC00
01FFC0003FF800
01FFF801FFF000
00FFFFFFFFE000
003FFFFFFFC000
001FFFFFFF8000
0007FFFFFE0000
0001FFFFF80000
00007FFFE00000
000003FC000000
ENDCHAR
STARTCHAR ohorn
ENCODING 417
SWIDTH 560 0
DWIDTH 45 0
BBX 38 51 4 -1
BITMAP
0000000070
00000000F8
00000001FC
00000001FC
00000001FC
00000001FC
00000001F8
00000003F8
00000003F8
00000007F0
0000F81FF0
001FFFFFE0
007FFFFFC0
01FFFFFF80
03FFFFFE00
07FFFFFF00
0FFE03FF80
1FF800FFC0
1FE0003FC0
3FC0001FE0
7FC0001FE0
7F80000FF0
7F00000FF0
FF000007F0
FF000007F8
FE000007F8
FE000003F8
FE000003F8
FE000003F8
FE000003F8
FE000003F8
FE000003F8
FE000003F8
FE000003F8
FE000003F8
FE000007F8
FF000007F8
FF000007F0
7F00000FF0
7F80000FF0
7F80001FE0
3FC0001FE0
1FE0003FC0
1FF800FFC0
0FFE03FF80
07FFFFFF00
03FFFFFE00
01FFFFFC00
007FFFF000
001FFFC000
0001F80000
ENDCHAR
STARTCHAR Uhorn
ENCODING 431
SWIDTH 731 0
DWIDTH 58 0
BBX 55 68 6 -1
BITMAP
0000000000003E
0000000000007E
0000000000007E
0000000000007E
0000000000007E
000000000000FE
000000000000FE
000000000000FE
000000000001FC
000000000003FC
3C00000000FFF8
7E00000001FFF0
7F00000001FFE0
FF00000001FF80
FF00000001FC00
FF00000001FC00
FF00000001FC00
FF00000001FC00
FF00000001FC00
FF00000001FC00
FF00000001FC00
FF00000001FC00
FF00000001FC00
FF00000001FC00
FF00000001FC00
FF00000001FC00
FF00000001FC00
FF00000001FC00
FF00000001FC00
FF00000001FC00
FF00000001FC00
FF00000001FC00
FF00000001FC00
FF00000001FC00
FF00000001FC00
FF00000001FC00
FF00000001FC00
FF00000001FC00
FF00000001FC00
FF00000001FC00
FF00000001FC00
FF00000001FC00
FF00000001FC00
FF00000001FC00
FF00000001FC00
FF00000001FC00
FF00000001FC00
FF00000001FC00
7F00000003FC00
7F00000003FC00
7F80000003FC00
7F80000003F800
7F80000007F800
3F80000007F800
3FC0000007F800
3FE000000FF000
1FE000001FF000
1FF000003FE000
0FFC00007FE000
0FFE0001FFC000
07FFC007FF8000
03FFFFFFFF8000
01FFFFFFFE0000
00FFFFFFFC0000
003FFFFFF80000
001FFFFFE00000
0003FFFF000000
00000FF0000000
ENDCHAR
STARTCHAR uhorn
ENCODING 432
SWIDTH 565 0
DWIDTH 45 0
BBX 43 51 6 -1
BITMAP
000000000100
0000000007C0
000000000FE0
000000000FE0
000000000FE0
000000000FC0
000000000FC0
000000001FC0
000000001FC0
000000003F80
10000000FF80
FC00000FFF00
FE00001FFE00
FE00003FFC00
FE00003FF000
FE00003F8000
FE00003F8000
FE00003F8000
FE00003F8000
FE00003F8000
FE00003F8000
FE00003F8000
FE00003F8000
FE00003F8000
FE00003F8000
FE00003F8000
FE00003F8000
FE00003F8000
FE00003F8000
FE00003F8000
FE00003F8000
FE00003F8000
FE00003F8000
FE00003F8000
FE00003F8000
FE00003F8000
FE00003F8000
FE00007F8000
FE00007F8000
FE00007F8000
FF0000FF8000
FF0001FF8000
7F8003FF8000
7FC007FF8000
3FF83FFF8000
3FFFFFBF8000
1FFFFF3F8000
0FFFFE3F8000
07FFFC3F8000
01FFF01F8000
002F00040000
ENDCHAR
STARTCHAR uni01B3
ENCODING 435
SWIDTH 614 0
DWIDTH 49 0
BBX 53 58 1 -1
BITMAP
3C000000001FF0
7E000000007FF8
FF00000001FFF8
FF00000003FFF8
7F80000007FFF8
7FC000000FFFF0
3FE000001FF800
1FE000001FE000
1FF000003FC000
0FF800007FC000
07FC00007F8000
03FC0000FF0000
03FE0001FE0000
01FF0003FE0000
00FF0003FC0000
00FF8007F80000
007FC00FF80000
003FE00FF00000
001FE01FE00000
001FF03FE00000
000FF83FC00000
0007F87F800000
0003FCFF000000
0003FFFF000000
0001FFFE000000
0000FFFC000000
0000FFFC000000
00007FF8000000
00003FF0000000
00001FE0000000
00001FE0000000
00001FE0000000
00001FE0000000
00001FE0000000
00001FE0000000
00001FE0000000
00001FE0000000
00001FE0000000
00001FE0000000
00001FE0000000
00001FE0000000
00001FE0000000
00001FE0000000
00001FE0000000
00001FE0000000
00001FE0000000
00001FE0000000
00001FE0000000
00001FE0000000
00001FE0000000
00001FE0000000
00001FE0000000
00001FE0000000
00001FE0000000
00001FE0000000
00000FC0000000
00000FC0000000
00000100000000
ENDCHAR
STARTCHAR uni01B4
ENCODING 436
SWIDTH 556 0
DWIDTH 44 0
BBX 46 55 2 -15
BITMAP
1000000003E0
7C0000003FF8
FE0000007FFC
FE000000FFFC
FF000001FFFC
FF000003FFF8
7F800007FE00
7F800007F800
3F80000FF000
3FC0000FE000
1FC0000FE000
1FE0001FC000
1FE0001FC000
0FE0003FC000
0FF0003F8000
07F0007F8000
07F8007F0000
03F8007F0000
03FC00FE0000
03FC00FE0000
01FC01FC0000
01FE01FC0000
00FE01FC0000
00FF03F80000
007F03F80000
007F07F00000
007F87F00000
003F87E00000
003FCFE00000
001FCFE00000
001FDFC00000
000FFFC00000
000FFF800000
000FFF800000
0007FF000000
0007FF000000
0003FF000000
0003FE000000
0001FE000000
0001FC000000
0003FC000000
0003F8000000
0007F8000000
0007F8000000
0007F0000000
000FF0000000
000FE0000000
001FE0000000
001FC0000000
003FC0000000
003F80000000
003F80000000
003F80000000
003F00000000
001E00000000
ENDCHAR
STARTCHAR uni01C4
ENCODING 452
SWIDTH 1325 0
DWIDTH 106 0
BBX 98 76 7 0
BITMAP
00000000000000002000040000
000000000000000078000F0000
0000000000000000FC001F0000
00000000000000007E003F0000
00000000000000007E007E0000
00000000000000003F00FC0000
00000000000000001F81F80000
00000000000000000FC1F80000
00000000000000000FE3F00000
000000000000000007F7E00000
000000000000000003FFE00000
000000000000000001FFC00000
000000000000000001FF800000
000000000000000000FF000000
0000000000000000007E000000
00000000000000000008000000
00000000000000000000000000
00000000000000000000000000
00000000000000000000000000
00000000000000000000000000
7FFFFFF0000000FFFFFFFFFE00
FFFFFFFF000001FFFFFFFFFF00
FFFFFFFFC00001FFFFFFFFFF00
FFFFFFFFF00001FFFFFFFFFF00
FFFFFFFFFC0001FFFFFFFFFF00
FFFFFFFFFE0000FFFFFFFFFF00
FE00007FFF000000000001FE00
FE000007FF800000000003FC00
FE000001FFC00000000007FC00
FE0000007FE00000000007F800
FE0000003FF0000000000FF000
FE0000001FF0000000001FF000
FE0000000FF8000000001FE000
FE00000007F8000000003FC000
FE00000007FC000000007F8000
FE00000003FC00000000FF8000
FE00000003FC00000000FF0000
FE00000001FE00000001FE0000
FE00000001FE00000003FC0000
FE00000001FE00000003FC0000
FE00000000FE00000007F80000
FE00000000FF0000000FF00000
FE00000000FF0000001FF00000
FE00000000FF0000001FE00000
FE00000000FF0000003FC00000
FE00000000FF0000007F800000
FE00000000FF0000007F800000
FE00000000FF000000FF000000
FE00000000FF000001FE000000
FE00000000FF000003FE000000
FE00000000FF000003FC000000
FE00000000FF000007F8000000
FE00000000FF00000FF0000000
FE00000000FF00000FF0000000
FE00000000FF00001FE0000000
FE00000001FE00003FC0000000
FE00000001FE00007FC0000000
FE00000001FE00007F80000000
FE00000003FE0000FF00000000
FE00000003FC0001FE00000000
FE00000003FC0001FE00000000
FE00000007F80003FC00000000
FE0000000FF80007F800000000
FE0000000FF0000FF800000000
FE0000001FF0000FF000000000
FE0000007FE0001FE000000000
FE000000FFE0003FC000000000
FE000003FFC0007FC000000000
FE00000FFF80007F8000000000
FE0003FFFF0000FF0000000000
FFFFFFFFFC0000FFFFFFFFFF80
FFFFFFFFF80001FFFFFFFFFFC0
FFFFFFFFE00001FFFFFFFFFFC0
FFFFFFFF800001FFFFFFFFFFC0
FFFFFFFC000000FFFFFFFFFF80
3FFFFFC00000007FFFFFFFFF00
ENDCHAR
STARTCHAR uni01C5
ENCODING 453
SWIDTH 1213 0
DWIDTH 97 0
BBX 88 61 7 0
BITMAP
00000000000000030001C0
00000000000000078001E0
0000000000000007C003E0
0000000000000007E007E0
0000000000000003E007C0
7FFFFFF000000003F00F80
FFFFFFFF00000001F00F80
FFFFFFFFC0000000F81F00
FFFFFFFFF0000000FC3F00
FFFFFFFFFC0000007C3E00
FFFFFFFFFE0000007E7E00
FE00007FFF0000003FFC00
FE000007FF8000003FFC00
FE000001FFC000001FF800
FE0000007FE000001FF800
FE0000003FF000000FF000
FE0000001FF0000007E000
FE0000000FF8000003C000
FE00000007F80000000000
FE00000007FC0000000000
FE00000003FC0000000000
FE00000003FC0000000000
FE00000001FE003FFFFFFC
FE00000001FE007FFFFFFE
FE00000001FE00FFFFFFFE
FE00000000FE007FFFFFFE
FE00000000FF007FFFFFFE
FE00000000FF003FFFFFFC
FE00000000FF00000003FC
FE00000000FF00000007F8
FE00000000FF00000007F0
FE00000000FF0000000FE0
FE00000000FF0000001FC0
FE00000000FF0000003FC0
FE00000000FF0000003F80
FE00000000FF0000007F00
FE00000000FF000000FE00
FE00000000FF000001FE00
FE00000000FF000001FC00
FE00000000FF000003F800
FE00000001FE000007F000
FE00000001FE00000FF000
FE00000001FE00000FE000
FE00000003FE00001FC000
FE00000003FC00003F8000
FE00000003FC00007F8000
FE00000007F80000FF0000
FE0000000FF80000FE0000
FE0000000FF00001FC0000
FE0000001FF00003FC0000
FE0000007FE00007F80000
FE000000FFE00007F00000
FE000003FFC0000FE00000
FE00000FFF80001FC00000
FE0003FFFF00003FC00000
FFFFFFFFFC00003FFFFFFC
FFFFFFFFF800007FFFFFFF
FFFFFFFFE000007FFFFFFF
FFFFFFFF8000007FFFFFFF
FFFFFFFC0000007FFFFFFF
3FFFFFC00000003FFFFFFE
ENDCHAR
STARTCHAR uni01C6
ENCODING 454
SWIDTH 1053 0
DWIDTH 84 0
BBX 78 62 4 -1
BITMAP
0000000000000E000300
0000000000001E000780
0000000000001F000F80
0000000000000F800F80
00000001F0000F801F00
00000003F80007C03F00
00000003F80007E03E00
00000003F80003E07E00
00000003F80003F0FC00
00000003F80001F0FC00
00000003F80001F9F800
00000003F80000FDF000
00000003F80000FFF000
00000003F800007FE000
00000003F800003FE000
00000003F800003FC000
00000003F800001FC000
00000003F800000F0000
00000003F80000000000
00000003F80000000000
00000003F80000000000
0003E003F80000000000
003FFE03F800FFFFFFF0
00FFFF83F801FFFFFFF8
01FFFFC3F801FFFFFFF8
07FFFFF3F801FFFFFFF8
0FFFFFF3F801FFFFFFF8
0FFE03FBF8007FFFFFF0
1FF800FFF80000000FF0
3FE0003FF80000000FE0
3FC0001FF80000001FC0
7FC0001FF80000003F80
7F80000FF80000007F80
7F00000FF80000007F00
FF000007F8000000FE00
FF000007F8000001FC00
FE000007F8000003FC00
FE000003F8000007F800
FE000003F8000007F000
FE000003F800000FE000
FE000003F800001FE000
FE000003F800003FC000
FE000003F800003F8000
FE000003F800007F0000
FE000003F80000FF0000
FE000003F80001FE0000
FE000007F80001FC0000
FF000007F80003F80000
FF000007F80007F00000
7F00000FF8000FF00000
7F80000FF8000FE00000
7F80001FF8001FC00000
3FC0001FF8003F800000
3FE0003FF8007F800000
1FF800FFF8007F000000
0FFE03FBF800FFFFFFF8
0FFFFFFBF801FFFFFFFC
07FFFFF3F801FFFFFFFC
01FFFFC3F801FFFFFFFC
00FFFF83F801FFFFFFFC
003FFE01F000FFFFFFF8
0003E000400000000000
ENDCHAR
STARTCHAR uni01C7
ENCODING 455
SWIDTH 918 0
DWIDTH 73 0
BBX 60 58 7 -1
BITMAP
38000000000003C0
7C000000000007E0
FE00000000000FF0
FE00000000000FF0
FE00000000000FF0
FE00000000000FF0
FE00000000000FF0
FE00000000000FF0
FE00000000000FF0
FE00000000000FF0
FE00000000000FF0
FE00000000000FF0
FE00000000000FF0
FE00000000000FF0
FE00000000000FF0
FE00000000000FF0
FE00000000000FF0
FE00000000000FF0
FE00000000000FF0
FE00000000000FF0
FE00000000000FF0
FE00000000000FF0
FE00000000000FF0
FE00000000000FF0
FE00000000000FF0
FE00000000000FF0
FE00000000000FF0
FE00000000000FF0
FE00000000000FF0
FE00000000000FF0
FE00000000000FF0
FE00000000000FF0
FE00000000000FF0
FE00000000000FF0
FE00000000000FF0
FE00000000000FF0
FE00000000000FF0
FE00000000000FF0
FE00000000000FF0
FE00000000000FF0
FE00000000000FF0
FE00000000000FF0
FE00000000000FF0
FE00000000000FF0
FE00000000000FF0
FE00000000000FE0
FE00000000001FE0
FE00000000001FE0
FE00000000003FE0
FE00000000007FC0
FE0000000001FFC0
FFFFFFFFE07FFF80
FFFFFFFFF1FFFF00
FFFFFFFFF1FFFE00
FFFFFFFFF1FFFC00
FFFFFFFFF1FFF000
7FFFFFFFE0FFC000
0000000000200000
ENDCHAR
STARTCHAR uni01C8
ENCODING 456
SWIDTH 789 0
DWIDTH 63 0
BBX 51 72 7 -15
BITMAP
38000000000000
7C000000001FC0
FE000000003FE0
FE000000003FE0
FE000000003FE0
FE000000003FE0
FE000000003FE0
FE000000001FC0
FE000000000F80
FE000000000000
FE000000000000
FE000000000000
FE000000000000
FE000000000000
FE000000000000
FE000000000000
FE000000000000
FE000000000200
FE000000000F80
FE000000001FC0
FE000000001FC0
FE000000001FC0
FE000000001FC0
FE000000001FC0
FE000000001FC0
FE000000001FC0
FE000000001FC0
FE000000001FC0
FE000000001FC0
FE000000001FC0
FE000000001FC0
FE000000001FC0
FE000000001FC0
FE000000001FC0
FE000000001FC0
FE000000001FC0
FE000000001FC0
FE000000001FC0
FE000000001FC0
FE000000001FC0
FE000000001FC0
FE000000001FC0
FE000000001FC0
FE000000001FC0
FE000000001FC0
FE000000001FC0
FE000000001FC0
FE000000001FC0
FE000000001FC0
FE000000001FC0
FE000000001FC0
FFFFFFFFE01FC0
FFFFFFFFF01FC0
FFFFFFFFF01FC0
FFFFFFFFF01FC0
FFFFFFFFF01FC0
7FFFFFFFE01FC0
00000000001FC0
00000000001FC0
00000000001FC0
00000000001FC0
00000000001FC0
00000000003FC0
00000000003FC0
00000000007F80
0000000000FF80
000000000FFF00
000000007FFE00
00000000FFFC00
00000000FFF800
000000007FF000
000000007F8000
ENDCHAR
STARTCHAR uni01C9
ENCODING 457
SWIDTH 542 0
DWIDTH 43 0
BBX 32 72 6 -15
BITMAP
7C000000
FE00007E
FE0000FF
FE0001FF
FE0001FF
FE0001FF
FE0001FF
FE0000FF
FE00007C
FE000000
FE000000
FE000000
FE000000
FE000000
FE000000
FE000000
FE000000
FE000010
FE00007E
FE0000FE
FE0000FE
FE0000FF
FE0000FF
FE0000FF
FE0000FF
FE0000FF
FE0000FF
FE0000FF
FE0000FF
FE0000FF
FE0000FF
FE0000FF
FE0000FF
FE0000FF
FE0000FF
FE0000FF
FE0000FF
FE0000FF
FE0000FF
FE0000FF
FE0000FF
FE0000FF
FE0000FF
FE0000FF
FE0000FF
FE0000FF
FE0000FF
FF0000FF
FF0000FF
FF8000FF
7FC000FF
7FF980FF
3FFFC0FF
3FFFC0FF
1FFFC0FF
0FFFC0FF
03FF80FF
007E00FF
000000FE
000000FE
000000FE
000000FE
000001FE
000001FE
000003FC
000007FC
00003FF8
0003FFF8
0003FFF0
0003FFE0
0003FF80
0003FC00
ENDCHAR
STARTCHAR uni01CA
ENCODING 458
SWIDTH 1072 0
DWIDTH 86 0
BBX 72 58 7 -1
BITMAP
7800000000F000003C
FC00000001F800007E
FE00000001F800007F
FF00000001FC00007F
FF00000001FC00007F
FF80000001FC00007F
FFC0000001FC00007F
FFE0000001FC00007F
FFE0000001FC00007F
FFF0000001FC00007F
FFF8000001FC00007F
FFFC000001FC00007F
FFFC000001FC00007F
FFFE000001FC00007F
FEFF000001FC00007F
FE7F800001FC00007F
FE7F800001FC00007F
FE3FC00001FC00007F
FE1FE00001FC00007F
FE0FF00001FC00007F
FE0FF00001FC00007F
FE07F80001FC00007F
FE03FC0001FC00007F
FE01FE0001FC00007F
FE01FE0001FC00007F
FE00FF0001FC00007F
FE007F8001FC00007F
FE003FC001FC00007F
FE003FE001FC00007F
FE001FE001FC00007F
FE000FF001FC00007F
FE0007F801FC00007F
FE0003FC01FC00007F
FE0003FC01FC00007F
FE0001FE01FC00007F
FE0000FF01FC00007F
FE00007F81FC00007F
FE00007F81FC00007F
FE00003FC1FC00007F
FE00001FE1FC00007F
FE00000FF1FC00007F
FE00000FF1FC00007F
FE000007F9FC00007F
FE000003FDFC0000FF
FE000001FFFC0000FF
FE000001FFFC0000FF
FE000000FFFC0000FE
FE0000007FFC0001FE
FE0000003FFC0003FE
FE0000003FFC0007FC
FE0000001FFC001FFC
FE0000000FFC07FFF8
FE00000007FC0FFFF8
FE00000007FC1FFFF0
FE00000003FC1FFFC0
FC00000001F81FFF80
7C00000000F80FFC00
100000000020020000
ENDCHAR
STARTCHAR uni01CB
ENCODING 459
SWIDTH 982 0
DWIDTH 79 0
BBX 67 72 7 -15
BITMAP
7800000000F0000000
FC00000001F8001F80
FE00000001F8003FC0
FF00000001FC003FE0
FF00000001FC007FE0
FF80000001FC007FE0
FFC0000001FC003FC0
FFE0000001FC003FC0
FFE0000001FC000F00
FFF0000001FC000000
FFF8000001FC000000
FFFC000001FC000000
FFFC000001FC000000
FFFE000001FC000000
FEFF000001FC000000
FE7F800001FC000000
FE7F800001FC000000
FE3FC00001FC000200
FE1FE00001FC001F80
FE0FF00001FC001F80
FE0FF00001FC003FC0
FE07F80001FC003FC0
FE03FC0001FC003FC0
FE01FE0001FC003FC0
FE01FE0001FC003FC0
FE00FF0001FC003FC0
FE007F8001FC003FC0
FE003FC001FC003FC0
FE003FE001FC003FC0
FE001FE001FC003FC0
FE000FF001FC003FC0
FE0007F801FC003FC0
FE0003FC01FC003FC0
FE0003FC01FC003FC0
FE0001FE01FC003FC0
FE0000FF01FC003FC0
FE00007F81FC003FC0
FE00007F81FC003FC0
FE00003FC1FC003FC0
FE00001FE1FC003FC0
FE00000FF1FC003FC0
FE00000FF1FC003FC0
FE000007F9FC003FC0
FE000003FDFC003FC0
FE000001FFFC003FC0
FE000001FFFC003FC0
FE000000FFFC003FC0
FE0000007FFC003FC0
FE0000003FFC003FC0
FE0000003FFC003FC0
FE0000001FFC003FC0
FE0000000FFC003FC0
FE00000007FC003FC0
FE00000007FC003FC0
FE00000003FC003FC0
FC00000001F8003FC0
7C00000000F8003FC0
100000000020003FC0
000000000000003FC0
000000000000003FC0
000000000000003FC0
000000000000003F80
000000000000003F80
000000000000007F80
00000000000000FF80
00000000000001FF00
0000000000000FFF00
000000000000FFFE00
000000000000FFFC00
000000000000FFF800
000000000000FFE000
0000000000007F0000
ENDCHAR
STARTCHAR uni01CC
ENCODING 460
SWIDTH 813 0
DWIDTH 65 0
BBX 54 71 6 -15
BITMAP
000000000003F8
000000000007FC
000000000007FC
000000000007FC
000000000007FC
000000000007FC
000000000003F8
000000000001F0
00000000000000
00000000000000
00000000000000
00000000000000
00000000000000
00000000000000
00000000000000
00000000000000
10003C00000040
7C03FFE00001F0
FE0FFFF80003F8
FE3FFFFC0003F8
FE7FFFFE0003F8
FEFFFFFF0003F8
FEFF07FF0003F8
FFF801FF8003F8
FFE0007F8003F8
FFC0007F8003F8
FF80003FC003F8
FF80003FC003F8
FF00003FC003F8
FF00001FC003F8
FE00001FC003F8
FE00001FC003F8
FE00001FC003F8
FE00001FC003F8
FE00001FC003F8
FE00001FC003F8
FE00001FC003F8
FE00001FC003F8
FE00001FC003F8
FE00001FC003F8
FE00001FC003F8
FE00001FC003F8
FE00001FC003F8
FE00001FC003F8
FE00001FC003F8
FE00001FC003F8
FE00001FC003F8
FE00001FC003F8
FE00001FC003F8
FE00001FC003F8
FE00001FC003F8
FE00001FC003F8
FE00001FC003F8
FE00001FC003F8
FE00001FC003F8
7C00000F8003F8
100000020003F8
000000000003F8
000000000003F8
000000000003F8
000000000007F8
000000000007F8
000000000007F0
00000000000FF0
00000000003FF0
0000000001FFE0
000000000FFFC0
000000001FFF80
000000001FFF00
000000001FFC00
000000000FF000
ENDCHAR
STARTCHAR uni01CD
ENCODING 461
SWIDTH 733 0
DWIDTH 59 0
BBX 53 77 3 -1
BITMAP
0000C000180000
0001E0003C0000
0001F0007C0000
0001F800FC0000
0000FC01F80000
0000FC03F00000
00007E03F00000
00003F07E00000
00001F8FC00000
00001FDFC00000
00000FFF800000
000007FF000000
000007FE000000
000003FE000000
000001FC000000
00000020000000
00000000000000
00000000000000
00000000000000
000000F0000000
000001FC000000
000003FC000000
000003FE000000
000007FE000000
000007FF000000
000007FF000000
00000FFF800000
00000FFF800000
00001FDF800000
00001FDFC00000
00003F9FC00000
00003F8FE00000
00007F0FE00000
00007F07F00000
00007E07F00000
0000FE03F80000
0000FE03F80000
0001FC03F80000
0001FC01FC0000
0003F801FC0000
0003F800FE0000
0003F800FE0000
0007F0007F0000
0007F0007F0000
000FE0007F8000
000FE0003F8000
001FC0003F8000
001FC0001FC000
003FC0001FC000
003F80000FE000
003F80000FE000
007F00000FF000
007F000007F000
00FE000007F000
00FE000003F800
01FE000003F800
01FFFFFFFFFC00
03FFFFFFFFFC00
03FFFFFFFFFE00
03FFFFFFFFFE00
07FFFFFFFFFF00
07FFFFFFFFFF00
0FF00000007F00
0FE00000007F80
1FE00000003F80
1FC00000003FC0
3FC00000001FC0
3F800000001FE0
3F800000000FE0
7F800000000FF0
7F000000000FF0
FF0000000007F0
FE0000000007F8
FE0000000003F8
FC0000000003F8
FC0000000001F8
20000000000040
ENDCHAR
STARTCHAR uni01CE
ENCODING 462
SWIDTH 533 0
DWIDTH 43 0
BBX 33 62 4 -1
BITMAP
00C0007000
01E0007800
01F000F800
01F001F000
00F801F000
00FC03E000
007C07E000
007E07C000
003F0FC000
003F0F8000
001F9F8000
000FBF0000
000FFF0000
0007FE0000
0007FC0000
0003FC0000
0001F80000
0000F00000
0000000000
0000000000
0000000000
0001F00000
003FFF8000
01FFFFE000
0FFFFFF800
1FFFFFFC00
3FFFFFFC00
3FF807FE00
3FC001FF00
1E0000FF00
0000007F00
0000007F80
0000003F80
0000003F80
0000003F80
0000003F80
0000003F80
0000003F80
00007FFF80
007FFFFF80
03FFFFFF80
0FFFFFFF80
1FFFFFFF80
3FFC003F80
7FC0003F80
7F80003F80
FF00003F80
FF00003F80
FE00003F80
FE00007F80
FE00007F80
FF0000FF80
FF0000FF80
7F8001FF80
7FC003FF80
3FE00FFF80
3FFFFFBF80
1FFFFF3F80
0FFFFE3F80
03FFFC3F80
00FFF01F00
000F800400
ENDCHAR
STARTCHAR uni01D4
ENCODING 468
SWIDTH 565 0
DWIDTH 45 0
BBX 33 62 6 -1
BITMAP
038000E000
03C001F000
07E001F000
03E003E000
03F007E000
01F007C000
00F80FC000
00FC1F8000
007C1F0000
007E3F0000
003F3E0000
003F7E0000
001FFC0000
001FFC0000
000FF80000
000FF80000
0007F00000
0001E00000
0000000000
0000000000
0000000000
1000000400
FC00001F00
FE00003F80
FE00003F80
FE00003F80
FE00003F80
FE00003F80
FE00003F80
FE00003F80
FE00003F80
FE00003F80
FE00003F80
FE00003F80
FE00003F80
FE00003F80
FE00003F80
FE00003F80
FE00003F80
FE00003F80
FE00003F80
FE00003F80
FE00003F80
FE00003F80
FE00003F80
FE00003F80
FE00003F80
FE00003F80
FE00007F80
FE00007F80
FE00007F80
FF0000FF80
FF0001FF80
7F8003FF80
7FC007FF80
3FF83FFF80
3FFFFFBF80
1FFFFF3F80
0FFFFE3F80
07FFFC3F80
01FFF01F80
002F000400
ENDCHAR
STARTCHAR uni01E5
ENCODING 485
SWIDTH 590 0
DWIDTH 47 0
BBX 43 55 4 -15
BITMAP
0001F0004000
003FFE01F000
00FFFF83F800
03FFFFE3F800
07FFFFF3F800
0FFFFFFBF800
1FFE03FFF800
1FF800FFF800
3FE0003FF800
3FC0001FF800
7F80000FF800
7F80000FF800
FF000007F800
FF000007F800
FE000003F800
FE000003F800
FE000003F800
FE000003F800
FE000003F800
FE000003F800
FE000003F800
FE000003F800
FE000003F800
FF000007F800
FF000007F800
7F000007F800
7F80000FF800
7FC0001FF800
3FE0003FF800
1FF0007FF800
1FFC01FFF800
0FFFFFFBF800
07FFFFF3F800
03FFFFE3F800
00FFFFC3F800
003FFF03F800
0007F803F800
00000003F800
00000003F800
00000003F800
00000FFFFFC0
00000FFFFFE0
00000FFFFFE0
00000FFFFFE0
000007FFFFC0
0000000FF000
1E00001FF000
3F80003FE000
3FF000FFC000
3FFFFFFFC000
1FFFFFFF8000
0FFFFFFF0000
03FFFFFC0000
00FFFFF00000
000FFF800000
ENDCHAR
STARTCHAR Gcaron
ENCODING 486
SWIDTH 729 0
DWIDTH 58 0
BBX 47 77 5 -1
BITMAP
0000C0001800
0001E0003C00
0001F0007C00
0001F800FC00
0000FC01F800
00007E01F800
00007E03F000
00003F07E000
00001F8FC000
00001FDFC000
00000FFF8000
000007FF0000
000003FF0000
000003FE0000
000001FC0000
000000200000
000000000000
000000000000
000000000000
00000FFFC000
00007FFFFC00
0003FFFFFF00
000FFFFFFFC0
001FFFFFFFF0
007FFFFFFFF8
00FFFFFFFFFC
01FFF0001FFC
03FF800007FE
07FF000001FC
07FC0000007C
0FF800000010
1FF000000000
1FF000000000
3FE000000000
3FC000000000
3FC000000000
7F8000000000
7F8000000000
7F8000000000
7F0000000000
FF0000000000
FF0000000000
FF0000000000
FF0000000000
FF0000000000
FF0000000000
FF000007FFF8
FF00001FFFFC
FF00001FFFFE
FF00001FFFFE
FF00001FFFFE
FF00000FFFFE
FF000000007E
FF000000007E
FF000000007E
FF000000007E
7F800000007E
7F800000007E
7F800000007E
7FC00000007E
3FC00000007E
3FE00000007E
1FE00000007E
1FF00000007E
0FF80000007E
0FFC0000007E
07FE0000007E
03FF8000007E
03FFE00001FE
01FFFC001FFE
00FFFFFFFFFE
003FFFFFFFFE
001FFFFFFFFC
0007FFFFFFF8
0001FFFFFFC0
00003FFFFE00
000001FF0000
ENDCHAR
STARTCHAR gcaron
ENCODING 487
SWIDTH 590 0
DWIDTH 47 0
BBX 37 76 4 -15
BITMAP
0030001C00
0078003E00
007C003E00
007C007C00
003E007C00
003F00F800
001F01F800
001F81F000
000F83F000
000FC7E000
0007E7E000
0007EFC000
0003FF8000
0001FF8000
0001FF0000
0000FF0000
0000FE0000
00003C0000
0000000000
0000000000
0000000000
0001F00040
003FFE01F0
00FFFF83F8
01FFFFE3F8
07FFFFF3F8
0FFFFFFBF8
0FFE03FBF8
1FF800FFF8
3FE0003FF8
3FC0001FF8
7F80000FF8
7F80000FF8
FF000007F8
FF000007F8
FF000007F8
FE000003F8
FE000003F8
FE000003F8
FE000003F8
FE000003F8
FE000003F8
FE000003F8
FE000003F8
FE000003F8
FE000003F8
FF000007F8
FF000007F8
7F80000FF8
7F80000FF8
3FC0001FF8
3FE0003FF8
1FF0007FF8
1FFC01FFF8
0FFFFFFBF8
07FFFFF3F8
03FFFFE3F8
00FFFFC3F8
007FFF03F8
000FF803F8
00000003F8
00000003F8
00000003F8
00000003F8
00000007F8
00000007F0
0000000FF0
1E00001FF0
3F80003FE0
3FF000FFC0
3FFFFFFFC0
1FFFFFFF80
0FFFFFFF00
03FFFFFC00
007FFFF000
0007FF8000
ENDCHAR
STARTCHAR uni01E9
ENCODING 489
SWIDTH 508 0
DWIDTH 41 0
BBX 32 77 6 -1
BITMAP
01000020
07C000F0
07C000F8
03E001F0
03F003F0
01F807E0
00FC0FC0
00FE1FC0
007E3F80
003F3F00
001FFE00
001FFE00
000FFC00
0007F800
0003F000
00008000
00000000
00000000
00000000
7C000000
FE000000
FE000000
FE000000
FE000000
FE000000
FE000000
FE000000
FE000000
FE000000
FE000000
FE000000
FE000000
FE000000
FE000000
FE000000
FE000000
FE000010
FE00007C
FE0001FE
FE0003FE
FE0007FC
FE000FFC
FE001FF8
FE003FE0
FE007FC0
FE00FF80
FE01FF00
FE03FE00
FE07FC00
FE0FF800
FE1FF000
FE3FE000
FE7FC000
FEFF8000
FFFF0000
FFFE0000
FFFF0000
FFFF8000
FEFFC000
FE7FE000
FE3FF000
FE1FF800
FE0FFC00
FE07FE00
FE03FF00
FE01FF80
FE00FFC0
FE007FE0
FE003FF0
FE000FF8
FE0007FC
FE0003FE
FE0001FF
FE0000FF
FE00007F
7C00003F
10000004
ENDCHAR
STARTCHAR uni01EA
ENCODING 490
SWIDTH 771 0
DWIDTH 62 0
BBX 52 72 5 -15
BITMAP
00000FFF000000
0000FFFFF00000
0003FFFFFC0000
000FFFFFFF0000
003FFFFFFF8000
007FFFFFFFE000
00FFFF9FFFF000
01FFE0007FF800
03FF80001FFC00
07FE00000FFC00
07FC000003FE00
0FF8000001FF00
1FF0000000FF00
1FE0000000FF80
3FE00000007F80
3FC00000003FC0
3FC00000003FC0
7F800000003FC0
7F800000001FE0
7F800000001FE0
7F000000001FE0
FF000000000FE0
FF000000000FE0
FF000000000FF0
FF000000000FF0
FF000000000FF0
FF000000000FF0
FF000000000FF0
FF000000000FF0
FF000000000FF0
FF000000000FF0
FF000000000FF0
FF000000000FF0
FF000000000FF0
FF000000000FF0
FF000000000FE0
FF000000001FE0
7F800000001FE0
7F800000001FE0
7F800000001FC0
7FC00000003FC0
3FC00000003FC0
3FE00000007F80
1FE00000007F80
1FF0000000FF00
0FF8000001FF00
0FFC000003FE00
07FE000007FE00
03FF00000FFC00
01FFC0003FF800
01FFF801FFF000
00FFFFFFFFE000
003FFFFFFFC000
001FFFFFFF8000
0007FFFFFE0000
0001FFFFF80000
00007FFFE00000
000003FC000000
000003F0000000
000003E0000000
000007C0000000
000007C0000000
00000F80000000
00000F80000000
00000F80000000
00000FC0000000
00000FC0000000
000007E0000000
000007FFE00000
000003FFE00000
000001FFE00000
000000FFC00000
ENDCHAR
STARTCHAR uni01EB
ENCODING 491
SWIDTH 560 0
DWIDTH 45 0
BBX 37 55 4 -15
BITMAP
0000F80000
001FFFC000
007FFFF000
01FFFFFC00
03FFFFFE00
07FFFFFF00
0FFE03FF80
1FF800FFC0
1FE0003FC0
3FC0001FE0
7FC0001FE0
7F80000FF0
7F00000FF0
FF000007F0
FF000007F8
FE000007F8
FE000003F8
FE000003F8
FE000003F8
FE000003F8
FE000003F8
FE000003F8
FE000003F8
FE000003F8
FE000003F8
FE000007F8
FF000007F8
FF000007F0
7F00000FF0
7F80000FF0
7F80001FE0
3FC0001FE0
1FE0003FC0
1FF800FFC0
0FFE03FF80
07FFFFFF00
03FFFFFE00
01FFFFFC00
007FFFF000
001FFFC000
0001FC0000
0001F80000
0003F00000
0003E00000
0007C00000
0007C00000
0007C00000
0007C00000
0007C00000
0007E00000
0007F00000
0003FFF000
0003FFF000
0001FFF000
00007FE000
ENDCHAR
STARTCHAR uni01EF
ENCODING 495
SWIDTH 500 0
DWIDTH 40 0
BBX 36 76 1 -15
BITMAP
00C0007000
01E0007800
01F000F800
01F001F000
00F801F000
00FC03E000
007C07E000
007E07C000
003F0FC000
001F0F8000
001F9F8000
000FBF0000
000FFF0000
0007FE0000
0007FE0000
0003FC0000
0001F80000
0000F00000
0000000000
0000000000
0000000000
0000000000
3FFFFFFF80
7FFFFFFFC0
7FFFFFFFC0
7FFFFFFFC0
7FFFFFFFC0
1FFFFFFFC0
0000007F80
000000FF00
000001FE00
000003FC00
000007F800
00000FF000
00001FE000
00003FC000
00003F8000
00007F0000
0000FE0000
0001FC0000
0003FC0000
0007F80000
000FF00000
001FE00000
003FFF8000
007FFFF000
007FFFFC00
007FFFFE00
007FFFFF80
00000FFF80
000000FFC0
0000003FE0
0000001FE0
0000000FF0
0000000FF0
00000007F0
00000007F0
00000007F0
00000007F0
00000007F0
00000007F0
00000007F0
00000007F0
00000007F0
0000000FF0
0000000FE0
0000001FE0
7800003FC0
FE00007FC0
FFC001FF80
FFFFFFFF00
7FFFFFFE00
3FFFFFFC00
0FFFFFF800
03FFFFE000
003FFE0000
ENDCHAR
STARTCHAR Aringacute
ENCODING 506
SWIDTH 733 0
DWIDTH 59 0
BBX 53 84 3 -1
BITMAP
00000000078000
000000000F8000
000000001F8000
000000003F0000
000000F87E0000
000007FEFC0000
00000FFFF80000
00001FFFF00000
00003E07E00000
00003C01E00000
00007801E00000
00007800F00000
00007800F00000
00007800F00000
00007800F00000
00007800E00000
00003C01E00000
00003E03E00000
00001F07C00000
00001FFF800000
000007FF000000
000003FE000000
00000000000000
00000000000000
00000000000000
00000000000000
000000F0000000
000001FC000000
000003FC000000
000003FE000000
000007FE000000
000007FF000000
000007FF000000
00000FFF800000
00000FFF800000
00001FDF800000
00001FDFC00000
00003F9FC00000
00003F8FE00000
00007F0FE00000
00007F07F00000
00007E07F00000
0000FE03F80000
0000FE03F80000
0001FC03F80000
0001FC01FC0000
0003F801FC0000
0003F800FE0000
0003F800FE0000
0007F0007F0000
0007F0007F0000
000FE0007F8000
000FE0003F8000
001FC0003F8000
001FC0001FC000
003FC0001FC000
003F80000FE000
003F80000FE000
007F00000FF000
007F000007F000
00FE000007F000
00FE000003F800
01FE000003F800
01FFFFFFFFFC00
03FFFFFFFFFC00
03FFFFFFFFFE00
03FFFFFFFFFE00
07FFFFFFFFFF00
07FFFFFFFFFF00
0FF00000007F00
0FE00000007F80
1FE00000003F80
1FC00000003FC0
3FC00000001FC0
3F800000001FE0
3F800000000FE0
7F800000000FF0
7F000000000FF0
FF0000000007F0
FE0000000007F8
FE0000000003F8
FC0000000003F8
FC0000000001F8
20000000000040
ENDCHAR
STARTCHAR aringacute
ENCODING 507
SWIDTH 533 0
DWIDTH 43 0
BBX 33 67 4 -1
BITMAP
0000000700
0000000F80
0000001F80
0000003F00
0000F0FE00
0007FFFC00
000FFFF000
001FFFE000
003E07C000
007C03C000
007801E000
007801E000
00F001E000
00F001E000
007001E000
007801E000
007801E000
007C03C000
003F0FC000
001FFF8000
000FFF0000
0007FC0000
0000C00000
0000000000
0000000000
0000000000
0001F00000
003FFF8000
01FFFFE000
0FFFFFF800
1FFFFFFC00
3FFFFFFC00
3FF807FE00
3FC001FF00
1E0000FF00
0000007F00
0000007F80
0000003F80
0000003F80
0000003F80
0000003F80
0000003F80
0000003F80
00007FFF80
007FFFFF80
03FFFFFF80
0FFFFFFF80
1FFFFFFF80
3FFC003F80
7FC0003F80
7F80003F80
FF00003F80
FF00003F80
FE00003F80
FE00007F80
FE00007F80
FF0000FF80
FF0000FF80
7F8001FF80
7FC003FF80
3FE00FFF80
3FFFFFBF80
1FFFFF3F80
0FFFFE3F80
03FFFC3F80
00FFF01F00
000F800400
ENDCHAR
STARTCHAR AEacute
ENCODING 508
SWIDTH 984 0
DWIDTH 79 0
BBX 75 77 0 -1
BITMAP
00000000000180000000
000000000007C0000000
000000000007E0000000
00000000000FE0000000
00000000001FE0000000
00000000001FC0000000
00000000003F80000000
00000000007F00000000
00000000007E00000000
0000000000FC00000000
0000000001F800000000
0000000003F800000000
0000000003F000000000
0000000003E000000000
0000000003C000000000
00000000000000000000
00000000000000000000
00000000000000000000
00000000000000000000
00000000000000000000
000000007FFFFFFFFFC0
00000000FFFFFFFFFFE0
00000001FFFFFFFFFFE0
00000003FFFFFFFFFFE0
00000003FFFFFFFFFFE0
00000007FFFFFFFFFF80
00000007FF8000000000
0000000FFF8000000000
0000001FDFC000000000
0000001FDFC000000000
0000003F9FC000000000
0000003F9FC000000000
0000007F0FC000000000
000000FF0FE000000000
000000FE0FE000000000
000001FC0FE000000000
000003FC07E000000000
000003F807E000000000
000007F807F000000000
000007F007F000000000
00000FE007F000000000
00001FE003F000000000
00001FC003F800000000
00003FC003F800000000
00003F8003FFFFFFFF00
00007F0003FFFFFFFF80
0000FF0001FFFFFFFF80
0000FE0001FFFFFFFFC0
0001FE0001FFFFFFFF80
0001FC0001FFFFFFFF80
0003F80000FC00000000
0007F80000FC00000000
0007F00000FE00000000
000FF00000FE00000000
001FE00000FE00000000
001FC000007E00000000
003FFFFFFFFF00000000
003FFFFFFFFF00000000
007FFFFFFFFF00000000
00FFFFFFFFFF00000000
00FFFFFFFFFF00000000
01FFFFFFFFFF80000000
01FC0000003F80000000
03FC0000003F80000000
07F80000001F80000000
07F80000001FC0000000
0FF00000001FC0000000
0FE00000001FC0000000
1FE00000001FC0000000
3FC00000000FC0000000
3FC00000000FFFFFFFC0
7F800000000FFFFFFFE0
7F000000000FFFFFFFE0
FF000000000FFFFFFFE0
FE0000000007FFFFFFE0
7C0000000003FFFFFFC0
38000000000000000000
ENDCHAR
STARTCHAR aeacute
ENCODING 509
SWIDTH 862 0
DWIDTH 69 0
BBX 62 62 4 -1
BITMAP
000000001F000000
000000001F000000
000000003F800000
000000003F800000
000000007F000000
000000007E000000
00000000FE000000
00000001FC000000
00000001F8000000
00000003F8000000
00000003F0000000
00000007E0000000
00000007E0000000
0000000FC0000000
0000000F80000000
0000000F80000000
0000000F00000000
0000000200000000
0000000000000000
0000000000000000
0000000000000000
0001F800003F0000
003FFF8003FFF000
01FFFFE00FFFFC00
0FFFFFF01FFFFE00
1FFFFFF87FFFFF00
3FFFFFFCFFFFFF80
3FF807FEFF003FC0
3FC001FFFC001FE0
1E0000FFF8000FE0
0000007FF00007F0
0000007FF00003F0
0000003FE00003F8
0000003FE00001F8
0000003FC00001F8
0000003FC00001F8
0000003FC00001FC
0000003F800000FC
00001FFFFFFFFFFC
007FFFFFFFFFFFFC
03FFFFFFFFFFFFFC
0FFFFFFFFFFFFFFC
1FFFFFFFFFFFFFF8
3FFC003F80000000
7FC0003F80000000
7F80003FC0000000
7F00003FC0000000
FF00003FC0000000
FE00003FC0000000
FE00007FE0000000
FE00007FE0000000
FF0000FFF0000000
FF0000FFF8000030
7F8001FBFC0000F8
7FC003F3FE0003F8
3FE00FF1FFC03FF8
3FFFFFE0FFFFFFF8
1FFFFFC07FFFFFF0
0FFFFF803FFFFFC0
03FFFE000FFFFF80
00FFF80003FFFC00
0007C000001F8000
ENDCHAR
STARTCHAR Oslashacute
ENCODING 510
SWIDTH 771 0
DWIDTH 62 0
BBX 52 80 5 -4
BITMAP
00000000700000
00000000F80000
00000001FC0000
00000001FC0000
00000003F80000
00000007F80000
00000007F00000
0000000FE00000
0000001FC00000
0000001F800000
0000003F000000
0000007E000000
0000007E000000
0000007C000000
00000078000000
00000000000000
00000000007000
0000000000F800
0000000000FC00
00000FFF01FC00
0000FFFFF3F800
0003FFFFFFF800
000FFFFFFFF000
003FFFFFFFE000
007FFFFFFFE000
00FFFF9FFFF000
01FFE0007FF800
03FF80003FFC00
07FE00003FFC00
07FC00007FFE00
0FF800007FFF00
1FF00000FEFF00
1FE00001FCFF80
3FE00001FC7F80
3FC00003F83FC0
3FC00003F03FC0
7F800007F03FC0
7F80000FE01FE0
7F80000FE01FE0
7F00001FC01FE0
FF00001F800FE0
FF00003F800FE0
FF00003F000FF0
FF00007F000FF0
FF0000FE000FF0
FF0000FC000FF0
FF0001FC000FF0
FF0001F8000FF0
FF0003F8000FF0
FF0007F0000FF0
FF0007F0000FF0
FF000FE0000FF0
FF000FC0000FF0
FF001FC0000FF0
FF001F80000FE0
FF003F80001FE0
7F807F00001FE0
7F807E00001FE0
7F80FE00001FC0
7FC0FC00003FC0
3FC1FC00003FC0
3FE1F800007F80
1FE3F800007F80
1FF7F00000FF00
0FFFE00001FF00
0FFFE00003FE00
07FFC00007FE00
03FFC0000FFC00
01FFC0003FF800
01FFF801FFF000
00FFFFFFFFE000
007FFFFFFFC000
00FFFFFFFF8000
01FFFFFFFE0000
01FDFFFFF80000
03F87FFFE00000
03F803FC000000
03F00000000000
01E00000000000
00C00000000000
ENDCHAR
STARTCHAR oslashacute
ENCODING 511
SWIDTH 560 0
DWIDTH 45 0
BBX 37 65 4 -4
BITMAP
000000F800
000000FC00
000001FC00
000001FC00
000003F800
000003F000
000007F000
000007E000
00000FE000
00000FC000
00001F8000
00001F8000
00003F0000
00003E0000
00007E0000
00007C0000
0000780000
0000100000
0000000200
0000000F80
0000000F80
0000F81F80
001FFFDF00
007FFFFF00
01FFFFFE00
03FFFFFE00
07FFFFFF00
0FFE03FF80
1FF801FFC0
1FE001FFC0
3FC003FFE0
7FC007FFE0
7F8007EFF0
7F000FCFF0
FF000F87F0
FF001F87F8
FE001F07F8
FE003F03F8
FE007E03F8
FE007C03F8
FE00FC03F8
FE00F803F8
FE01F803F8
FE03F003F8
FE03F003F8
FE07E003F8
FE07C007F8
FF0FC007F8
FF0F8007F0
7F1F800FF0
7FBF000FF0
7FBE001FE0
3FFE001FE0
1FFC003FC0
1FFC00FFC0
0FFE03FF80
07FFFFFF00
03FFFFFE00
03FFFFFC00
07FFFFF000
07DFFFC000
0FC1F80000
0F80000000
0F00000000
0600000000
ENDCHAR
STARTCHAR uni0200
ENCODING 512
SWIDTH 733 0
DWIDTH 59 0
BBX 53 77 3 -1
BITMAP
000600C0000000
001F03E0000000
001F83F0000000
001F83F0000000
000FC3F8000000
000FC1F8000000
0007E0FC000000
0003E0FC000000
0003F07E000000
0001F03E000000
0000F83F000000
00007C1F000000
00007C0F800000
00003C07800000
00001C07800000
00000000000000
00000000000000
00000000000000
00000000000000
000000F0000000
000001FC000000
000003FC000000
000003FE000000
000007FE000000
000007FF000000
000007FF000000
00000FFF800000
00000FFF800000
00001FDF800000
00001FDFC00000
00003F9FC00000
00003F8FE00000
00007F0FE00000
00007F07F00000
00007E07F00000
0000FE03F80000
0000FE03F80000
0001FC03F80000
0001FC01FC0000
0003F801FC0000
0003F800FE0000
0003F800FE0000
0007F0007F0000
0007F0007F0000
000FE0007F8000
000FE0003F8000
001FC0003F8000
001FC0001FC000
003FC0001FC000
003F80000FE000
003F80000FE000
007F00000FF000
007F000007F000
00FE000007F000
00FE000003F800
01FE000003F800
01FFFFFFFFFC00
03FFFFFFFFFC00
03FFFFFFFFFE00
03FFFFFFFFFE00
07FFFFFFFFFF00
07FFFFFFFFFF00
0FF00000007F00
0FE00000007F80
1FE00000003F80
1FC00000003FC0
3FC00000001FC0
3F800000001FE0
3F800000000FE0
7F800000000FF0
7F000000000FF0
FF0000000007F0
FE0000000007F8
FE0000000003F8
FC0000000003F8
FC0000000001F8
20000000000040
ENDCHAR
STARTCHAR uni0201
ENCODING 513
SWIDTH 533 0
DWIDTH 43 0
BBX 33 62 4 -1
BITMAP
07C0F00000
07E1F80000
07E1F80000
07E0FC0000
07E0FC0000
03F0FC0000
03F07E0000
01F07E0000
01F03E0000
00F83E0000
00F81F0000
00F81F0000
007C1F0000
007C0F0000
003C0F8000
003C078000
001C078000
0008020000
0000000000
0000000000
0000000000
0001F00000
003FFF8000
01FFFFE000
0FFFFFF800
1FFFFFFC00
3FFFFFFC00
3FF807FE00
3FC001FF00
1E0000FF00
0000007F00
0000007F80
0000003F80
0000003F80
0000003F80
0000003F80
0000003F80
0000003F80
00007FFF80
007FFFFF80
03FFFFFF80
0FFFFFFF80
1FFFFFFF80
3FFC003F80
7FC0003F80
7F80003F80
FF00003F80
FF00003F80
FE00003F80
FE00007F80
FE00007F80
FF0000FF80
FF0000FF80
7F8001FF80
7FC003FF80
3FE00FFF80
3FFFFFBF80
1FFFFF3F80
0FFFFE3F80
03FFFC3F80
00FFF01F00
000F800400
ENDCHAR
STARTCHAR uni0202
ENCODING 514
SWIDTH 733 0
DWIDTH 59 0
BBX 53 76 3 -1
BITMAP
000001FC000000
00000FFF800000
00003FFFC00000
00007FFFF00000
0000FFFFF80000
0001FE03F80000
0001F800FC0000
0003F0007E0000
0003E0003E0000
0007C0003E0000
0007C0001F0000
0007C0001F0000
000780001F0000
000780000E0000
00000000000000
00000000000000
00000000000000
00000000000000
000000F0000000
000001FC000000
000003FC000000
000003FE000000
000007FE000000
000007FF000000
000007FF000000
00000FFF800000
00000FFF800000
00001FDF800000
00001FDFC00000
00003F9FC00000
00003F8FE00000
00007F0FE00000
00007F07F00000
00007E07F00000
0000FE03F80000
0000FE03F80000
0001FC03F80000
0001FC01FC0000
0003F801FC0000
0003F800FE0000
0003F800FE0000
0007F0007F0000
0007F0007F0000
000FE0007F8000
000FE0003F8000
001FC0003F8000
001FC0001FC000
003FC0001FC000
003F80000FE000
003F80000FE000
007F00000FF000
007F000007F000
00FE000007F000
00FE000003F800
01FE000003F800
01FFFFFFFFFC00
03FFFFFFFFFC00
03FFFFFFFFFE00
03FFFFFFFFFE00
07FFFFFFFFFF00
07FFFFFFFFFF00
0FF00000007F00
0FE00000007F80
1FE00000003F80
1FC00000003FC0
3FC00000001FC0
3F800000001FE0
3F800000000FE0
7F800000000FF0
7F000000000FF0
FF0000000007F0
FE0000000007F8
FE0000000003F8
FC0000000003F8
FC0000000001F8
20000000000040
ENDCHAR
STARTCHAR uni0203
ENCODING 515
SWIDTH 533 0
DWIDTH 43 0
BBX 33 61 4 -1
BITMAP
0000E00000
0007FE0000
001FFF8000
003FFFC000
007FFFE000
00FF0FF000
00FC03F000
01F801F800
01F000F800
03E0007800
03E0007C00
03C0007C00
03C0007C00
07C0003C00
07C0003C00
0380003C00
0000000000
0000000000
0000000000
0000000000
0001F00000
003FFF8000
01FFFFE000
0FFFFFF800
1FFFFFFC00
3FFFFFFC00
3FF807FE00
3FC001FF00
1E0000FF00
0000007F00
0000007F80
0000003F80
0000003F80
0000003F80
0000003F80
0000003F80
0000003F80
00007FFF80
007FFFFF80
03FFFFFF80
0FFFFFFF80
1FFFFFFF80
3FFC003F80
7FC0003F80
7F80003F80
FF00003F80
FF00003F80
FE00003F80
FE00007F80
FE00007F80
FF0000FF80
FF0000FF80
7F8001FF80
7FC003FF80
3FE00FFF80
3FFFFFBF80
1FFFFF3F80
0FFFFE3F80
03FFFC3F80
00FFF01F00
000F800400
ENDCHAR
STARTCHAR uni0204
ENCODING 516
SWIDTH 586 0
DWIDTH 47 0
BBX 36 76 7 0
BITMAP
0700C00000
0F81F00000
0F83F00000
0FC1F80000
0FE1F80000
07E0FC0000
03F0FC0000
03F07E0000
01F83E0000
00F83F0000
007C1F0000
007C0F8000
003E0F8000
001E07C000
001E038000
0000000000
0000000000
0000000000
0000000000
0000000000
7FFFFFFFF0
FFFFFFFFF0
FFFFFFFFF0
FFFFFFFFF0
FFFFFFFFF0
FFFFFFFFC0
FE00000000
FE00000000
FE00000000
FE00000000
FE00000000
FE00000000
FE00000000
FE00000000
FE00000000
FE00000000
FE00000000
FE00000000
FE00000000
FE00000000
FE00000000
FE00000000
FE00000000
FE00000000
FFFFFFFF80
FFFFFFFFC0
FFFFFFFFE0
FFFFFFFFE0
FFFFFFFFE0
FFFFFFFFC0
FE00000000
FE00000000
FE00000000
FE00000000
FE00000000
FE00000000
FE00000000
FE00000000
FE00000000
FE00000000
FE00000000
FE00000000
FE00000000
FE00000000
FE00000000
FE00000000
FE00000000
FE00000000
FE00000000
FE00000000
FFFFFFFFE0
FFFFFFFFF0
FFFFFFFFF0
FFFFFFFFF0
FFFFFFFFF0
3FFFFFFFE0
ENDCHAR
STARTCHAR uni0205
ENCODING 517
SWIDTH 534 0
DWIDTH 43 0
BBX 36 62 4 -1
BITMAP
03E0780000
07E0FC0000
07E0FC0000
03F0FC0000
03F07E0000
01F07E0000
01F83E0000
01F83E0000
00F83F0000
00F81F0000
007C1F0000
007C0F0000
007C0F8000
003C0F8000
003E078000
001E07C000
001E038000
0008010000
0000000000
0000000000
0000000000
0000F80000
000FFF8000
007FFFE000
00FFFFF800
03FFFFFC00
07FFFFFE00
0FFC01FF00
0FF0007F80
1FE0003F80
3FC0001FC0
3F80000FC0
7F00000FC0
7F00000FE0
FF000007E0
FE000007E0
FE000007E0
FE000007E0
FE000007E0
FFFFFFFFE0
FFFFFFFFF0
FFFFFFFFE0
FFFFFFFFE0
FE00000000
FE00000000
FE00000000
FE00000000
FE00000000
FF00000000
7F00000000
7F80000000
3F80000000
3FC0000180
1FE00007E0
1FF8000FE0
0FFF00FFE0
07FFFFFFC0
03FFFFFFC0
00FFFFFF00
007FFFFC00
000FFFF000
0000FE0000
ENDCHAR
STARTCHAR uni0206
ENCODING 518
SWIDTH 586 0
DWIDTH 47 0
BBX 36 75 7 0
BITMAP
0000FC0000
0007FF8000
001FFFE000
003FFFF000
007FFFF800
00FF01FC00
01FC007E00
01F0003E00
03F0003F00
03E0001F00
03E0001F00
03C0000F00
07C0000F80
0380000700
0000000000
0000000000
0000000000
0000000000
0000000000
7FFFFFFFF0
FFFFFFFFF0
FFFFFFFFF0
FFFFFFFFF0
FFFFFFFFF0
FFFFFFFFC0
FE00000000
FE00000000
FE00000000
FE00000000
FE00000000
FE00000000
FE00000000
FE00000000
FE00000000
FE00000000
FE00000000
FE00000000
FE00000000
FE00000000
FE00000000
FE00000000
FE00000000
FE00000000
FFFFFFFF80
FFFFFFFFC0
FFFFFFFFE0
FFFFFFFFE0
FFFFFFFFE0
FFFFFFFFC0
FE00000000
FE00000000
FE00000000
FE00000000
FE00000000
FE00000000
FE00000000
FE00000000
FE00000000
FE00000000
FE00000000
FE00000000
FE00000000
FE00000000
FE00000000
FE00000000
FE00000000
FE00000000
FE00000000
FE00000000
FFFFFFFFE0
FFFFFFFFF0
FFFFFFFFF0
FFFFFFFFF0
FFFFFFFFF0
3FFFFFFFE0
ENDCHAR
STARTCHAR uni0207
ENCODING 519
SWIDTH 534 0
DWIDTH 43 0
BBX 36 61 4 -1
BITMAP
0000700000
0007FF0000
000FFF8000
003FFFE000
007FFFE000
007F07F000
00FC01F800
00F800F800
01F0007C00
01F0007C00
01E0003C00
03E0003E00
03E0003E00
03E0003E00
03E0003E00
01C0001C00
0000000000
0000000000
0000000000
0000000000
0000F80000
000FFF8000
007FFFE000
00FFFFF800
03FFFFFC00
07FFFFFE00
0FFC01FF00
0FF0007F80
1FE0003F80
3FC0001FC0
3F80000FC0
7F00000FC0
7F00000FE0
FF000007E0
FE000007E0
FE000007E0
FE000007E0
FE000007E0
FFFFFFFFE0
FFFFFFFFF0
FFFFFFFFE0
FFFFFFFFE0
FE00000000
FE00000000
FE00000000
FE00000000
FE00000000
FF00000000
7F00000000
7F80000000
3F80000000
3FC0000180
1FE00007E0
1FF8000FE0
0FFF00FFE0
07FFFFFFC0
03FFFFFFC0
00FFFFFF00
007FFFFC00
000FFFF000
0000FE0000
ENDCHAR
STARTCHAR uni0208
ENCODING 520
SWIDTH 262 0
DWIDTH 21 0
BBX 22 77 -5 -1
BITMAP
300600
781F00
FC1F80
FC1F80
7E1FC0
7F0FC0
3F07E0
1F83E0
0F83F0
0FC1F0
07C0F8
03E0F8
03E07C
01E03C
00E03C
000000
000000
000000
000000
0007C0
000FE0
000FE0
000FE0
000FE0
000FE0
000FE0
000FE0
000FE0
000FE0
000FE0
000FE0
000FE0
000FE0
000FE0
000FE0
000FE0
000FE0
000FE0
000FE0
000FE0
000FE0
000FE0
000FE0
000FE0
000FE0
000FE0
000FE0
000FE0
000FE0
000FE0
000FE0
000FE0
000FE0
000FE0
000FE0
000FE0
000FE0
000FE0
000FE0
000FE0
000FE0
000FE0
000FE0
000FE0
000FE0
000FE0
000FE0
000FE0
000FE0
000FE0
000FE0
000FE0
000FE0
000FE0
000FE0
0007C0
000100
ENDCHAR
STARTCHAR uni0209
ENCODING 521
SWIDTH 237 0
DWIDTH 19 0
BBX 20 61 -4 0
BITMAP
780F00
FC1F80
FC1F80
7E1F80
7E0FC0
7E0FC0
3F0FC0
3F07C0
1F07E0
1F03E0
0F83E0
0F81E0
0F81F0
0781F0
07C0F0
03C0F0
03C070
010020
000000
000000
000000
000000
001F00
003F80
003F80
003F80
003F80
003F80
003F80
003F80
003F80
003F80
003F80
003F80
003F80
003F80
003F80
003F80
003F80
003F80
003F80
003F80
003F80
003F80
003F80
003F80
003F80
003F80
003F80
003F80
003F80
003F80
003F80
003F80
003F80
003F80
003F80
003F80
003F80
003F80
001F00
ENDCHAR
STARTCHAR uni020A
ENCODING 522
SWIDTH 262 0
DWIDTH 21 0
BBX 27 76 -3 -1
BITMAP
003F8000
01FFF000
03FFF800
0FFFFE00
1FFFFF00
3FC07F80
3F001F80
7E000FC0
7C0007C0
780003C0
F80003E0
F80003E0
F00003E0
F00001E0
00000000
00000000
00000000
00000000
001F0000
003F8000
003F8000
003F8000
003F8000
003F8000
003F8000
003F8000
003F8000
003F8000
003F8000
003F8000
003F8000
003F8000
003F8000
003F8000
003F8000
003F8000
003F8000
003F8000
003F8000
003F8000
003F8000
003F8000
003F8000
003F8000
003F8000
003F8000
003F8000
003F8000
003F8000
003F8000
003F8000
003F8000
003F8000
003F8000
003F8000
003F8000
003F8000
003F8000
003F8000
003F8000
003F8000
003F8000
003F8000
003F8000
003F8000
003F8000
003F8000
003F8000
003F8000
003F8000
003F8000
003F8000
003F8000
003F8000
001F0000
00040000
ENDCHAR
STARTCHAR uni020B
ENCODING 523
SWIDTH 237 0
DWIDTH 19 0
BBX 25 60 -3 0
BITMAP
001C0000
01FFC000
03FFE000
0FFFF800
1FFFF800
1FC1FC00
3F007E00
3E003E00
7C001F00
7C001F00
78000F00
F8000F80
F8000F80
F8000F80
F0000F80
70000700
00000000
00000000
00000000
00000000
00000000
003E0000
007F0000
007F0000
007F0000
007F0000
007F0000
007F0000
007F0000
007F0000
007F0000
007F0000
007F0000
007F0000
007F0000
007F0000
007F0000
007F0000
007F0000
007F0000
007F0000
007F0000
007F0000
007F0000
007F0000
007F0000
007F0000
007F0000
007F0000
007F0000
007F0000
007F0000
007F0000
007F0000
007F0000
007F0000
007F0000
007F0000
007F0000
003E0000
ENDCHAR
STARTCHAR uni020C
ENCODING 524
SWIDTH 771 0
DWIDTH 62 0
BBX 52 77 5 -1
BITMAP
000C0180000000
001F03C0000000
003F07E0000000
001F87F0000000
001F83F0000000
000FC3F8000000
000FC1F8000000
0007E0FC000000
0003E07C000000
0001F07E000000
0001F03E000000
0000F81F000000
0000781F000000
00003C0F000000
00003C07000000
00000000000000
00000000000000
00000000000000
00000000000000
00000FFF000000
0000FFFFF00000
0003FFFFFC0000
000FFFFFFF0000
003FFFFFFF8000
007FFFFFFFE000
00FFFF9FFFF000
01FFE0007FF800
03FF80001FFC00
07FE00000FFC00
07FC000003FE00
0FF8000001FF00
1FF0000000FF00
1FE0000000FF80
3FE00000007F80
3FC00000003FC0
3FC00000003FC0
7F800000003FC0
7F800000001FE0
7F800000001FE0
7F000000001FE0
FF000000000FE0
FF000000000FE0
FF000000000FF0
FF000000000FF0
FF000000000FF0
FF000000000FF0
FF000000000FF0
FF000000000FF0
FF000000000FF0
FF000000000FF0
FF000000000FF0
FF000000000FF0
FF000000000FF0
FF000000000FF0
FF000000000FE0
FF000000001FE0
7F800000001FE0
7F800000001FE0
7F800000001FC0
7FC00000003FC0
3FC00000003FC0
3FE00000007F80
1FE00000007F80
1FF0000000FF00
0FF8000001FF00
0FFC000003FE00
07FE000007FE00
03FF00000FFC00
01FFC0003FF800
01FFF801FFF000
00FFFFFFFFE000
003FFFFFFFC000
001FFFFFFF8000
0007FFFFFE0000
0001FFFFF80000
00007FFFE00000
000003FC000000
ENDCHAR
STARTCHAR uni020D
ENCODING 525
SWIDTH 560 0
DWIDTH 45 0
BBX 37 62 4 -1
BITMAP
03C0780000
07E0FC0000
07E0FC0000
03F0FC0000
03F07E0000
03F07E0000
01F07E0000
01F83E0000
00F83F0000
00F81F0000
007C1F0000
007C0F0000
007C0F8000
003C0F8000
003E078000
001E078000
001E038000
0008010000
0000000000
0000000000
0000000000
0000F80000
001FFFC000
007FFFF000
01FFFFFC00
03FFFFFE00
07FFFFFF00
0FFE03FF80
1FF800FFC0
1FE0003FC0
3FC0001FE0
7FC0001FE0
7F80000FF0
7F00000FF0
FF000007F0
FF000007F8
FE000007F8
FE000003F8
FE000003F8
FE000003F8
FE000003F8
FE000003F8
FE000003F8
FE000003F8
FE000003F8
FE000003F8
FE000007F8
FF000007F8
FF000007F0
7F00000FF0
7F80000FF0
7F80001FE0
3FC0001FE0
1FE0003FC0
1FF800FFC0
0FFE03FF80
07FFFFFF00
03FFFFFE00
01FFFFFC00
007FFFF000
001FFFC000
0001F80000
ENDCHAR
STARTCHAR uni020E
ENCODING 526
SWIDTH 771 0
DWIDTH 62 0
BBX 52 76 5 -1
BITMAP
000003F8000000
00000FFF000000
00003FFFC00000
00007FFFE00000
0000FFFFF00000
0001FC07F80000
0003F001F80000
0003E0007C0000
0007C0007C0000
0007C0003E0000
000780003E0000
000F80001E0000
000F80001E0000
000700001E0000
00000000000000
00000000000000
00000000000000
00000000000000
00000FFF000000
0000FFFFF00000
0003FFFFFC0000
000FFFFFFF0000
003FFFFFFF8000
007FFFFFFFE000
00FFFF9FFFF000
01FFE0007FF800
03FF80001FFC00
07FE00000FFC00
07FC000003FE00
0FF8000001FF00
1FF0000000FF00
1FE0000000FF80
3FE00000007F80
3FC00000003FC0
3FC00000003FC0
7F800000003FC0
7F800000001FE0
7F800000001FE0
7F000000001FE0
FF000000000FE0
FF000000000FE0
FF000000000FF0
FF000000000FF0
FF000000000FF0
FF000000000FF0
FF000000000FF0
FF000000000FF0
FF000000000FF0
FF000000000FF0
FF000000000FF0
FF000000000FF0
FF000000000FF0
FF000000000FF0
FF000000000FE0
FF000000001FE0
7F800000001FE0
7F800000001FE0
7F800000001FC0
7FC00000003FC0
3FC00000003FC0
3FE00000007F80
1FE00000007F80
1FF0000000FF00
0FF8000001FF00
0FFC000003FE00
07FE000007FE00
03FF00000FFC00
01FFC0003FF800
01FFF801FFF000
00FFFFFFFFE000
003FFFFFFFC000
001FFFFFFF8000
0007FFFFFE0000
0001FFFFF80000
00007FFFE00000
000003FC000000
ENDCHAR
STARTCHAR uni020F
ENCODING 527
SWIDTH 560 0
DWIDTH 45 0
BBX 37 61 4 -1
BITMAP
0000780000
0007FF0000
001FFF8000
003FFFC000
007FFFE000
007F07F000
00FC01F800
00F800F800
01F0007C00
01F0007C00
01E0007C00
03E0003E00
03E0003E00
03E0003E00
03C0003E00
01C0001C00
0000000000
0000000000
0000000000
0000000000
0000F80000
001FFFC000
007FFFF000
01FFFFFC00
03FFFFFE00
07FFFFFF00
0FFE03FF80
1FF800FFC0
1FE0003FC0
3FC0001FE0
7FC0001FE0
7F80000FF0
7F00000FF0
FF000007F0
FF000007F8
FE000007F8
FE000003F8
FE000003F8
FE000003F8
FE000003F8
FE000003F8
FE000003F8
FE000003F8
FE000003F8
FE000003F8
FE000007F8
FF000007F8
FF000007F0
7F00000FF0
7F80000FF0
7F80001FE0
3FC0001FE0
1FE0003FC0
1FF800FFC0
0FFE03FF80
07FFFFFF00
03FFFFFE00
01FFFFFC00
007FFFF000
001FFFC000
0001F80000
ENDCHAR
STARTCHAR uni0210
ENCODING 528
SWIDTH 673 0
DWIDTH 54 0
BBX 43 77 7 -1
BITMAP
018030000000
07C0F8000000
07E0FC000000
07E0FC000000
03F0FE000000
03F07E000000
01F83F000000
00F83F000000
00FC1F800000
007C0F800000
003E0FC00000
001F07C00000
001F03E00000
000F01E00000
000701E00000
000000000000
000000000000
000000000000
000000000000
000000000000
7FFFFFFC0000
FFFFFFFF8000
FFFFFFFFE000
FFFFFFFFF000
FFFFFFFFF800
FFFFFFFFFC00
FE00001FFE00
FE000003FF00
FE000001FF00
FE000000FF00
FE0000007F80
FE0000007F80
FE0000003F80
FE0000003F80
FE0000003F80
FE0000003FC0
FE0000003FC0
FE0000003FC0
FE0000003F80
FE0000003F80
FE0000007F80
FE0000007F80
FE000000FF00
FE000000FF00
FE000003FE00
FE000007FE00
FE00007FFC00
FFFFFFFFF800
FFFFFFFFF000
FFFFFFFFC000
FFFFFFFF0000
FFFFFFF80000
FE007FFC0000
FE0001FF0000
FE0000FF8000
FE00007F8000
FE00003FC000
FE00001FE000
FE00001FE000
FE00000FF000
FE00000FF000
FE000007F800
FE000007F800
FE000003FC00
FE000003FE00
FE000001FE00
FE000001FF00
FE000000FF00
FE0000007F80
FE0000007F80
FE0000003FC0
FE0000003FC0
FE0000001FE0
FE0000001FE0
FE0000000FE0
7C00000007C0
100000000180
ENDCHAR
STARTCHAR uni0211
ENCODING 529
SWIDTH 365 0
DWIDTH 29 0
BBX 25 62 4 -1
BITMAP
780F0000
FC1F8000
FC1F8000
7E1F8000
7E0FC000
7E0FC000
3F0FC000
3F07C000
1F07E000
1F03E000
0F83E000
0F81E000
0F81F000
0781F000
07C0F000
03C0F000
03C07000
01002000
00000000
00000000
00000000
04000E00
1F00FF00
3F83FF80
3F8FFF80
3F9FFF80
3FBFFF00
3FBFFC00
3FFF8000
3FFC0000
3FF80000
3FF00000
3FE00000
3FC00000
3FC00000
3FC00000
3F800000
3F800000
3F800000
3F800000
3F800000
3F800000
3F800000
3F800000
3F800000
3F800000
3F800000
3F800000
3F800000
3F800000
3F800000
3F800000
3F800000
3F800000
3F800000
3F800000
3F800000
3F800000
3F800000
3F800000
1F000000
06000000
ENDCHAR
STARTCHAR uni0212
ENCODING 530
SWIDTH 673 0
DWIDTH 54 0
BBX 43 76 7 -1
BITMAP
00007F000000
0003FFE00000
000FFFF00000
001FFFFC0000
003FFFFE0000
007F80FE0000
007E003F0000
00FC001F8000
00F8000F8000
01F0000F8000
01F00007C000
01F00007C000
01E00007C000
01E000038000
000000000000
000000000000
000000000000
000000000000
000000000000
7FFFFFFC0000
FFFFFFFF8000
FFFFFFFFE000
FFFFFFFFF000
FFFFFFFFF800
FFFFFFFFFC00
FE00001FFE00
FE000003FF00
FE000001FF00
FE000000FF00
FE0000007F80
FE0000007F80
FE0000003F80
FE0000003F80
FE0000003F80
FE0000003FC0
FE0000003FC0
FE0000003FC0
FE0000003F80
FE0000003F80
FE0000007F80
FE0000007F80
FE000000FF00
FE000000FF00
FE000003FE00
FE000007FE00
FE00007FFC00
FFFFFFFFF800
FFFFFFFFF000
FFFFFFFFC000
FFFFFFFF0000
FFFFFFF80000
FE007FFC0000
FE0001FF0000
FE0000FF8000
FE00007F8000
FE00003FC000
FE00001FE000
FE00001FE000
FE00000FF000
FE00000FF000
FE000007F800
FE000007F800
FE000003FC00
FE000003FE00
FE000001FE00
FE000001FF00
FE000000FF00
FE0000007F80
FE0000007F80
FE0000003FC0
FE0000003FC0
FE0000001FE0
FE0000001FE0
FE0000000FE0
7C00000007C0
100000000180
ENDCHAR
STARTCHAR uni0213
ENCODING 531
SWIDTH 365 0
DWIDTH 29 0
BBX 25 61 5 -1
BITMAP
001C0000
01FFC000
03FFE000
0FFFF800
1FFFF800
1FC1FC00
3F007E00
3E003E00
7C001F00
7C001F00
78000F00
F8000F80
F8000F80
F8000F80
F0000F80
70000700
00000000
00000000
00000000
00000000
08001C00
3E01FE00
7F07FF00
7F1FFF00
7F3FFF00
7F7FFE00
7F7FF800
7FFF0000
7FF80000
7FF00000
7FE00000
7FC00000
7F800000
7F800000
7F800000
7F000000
7F000000
7F000000
7F000000
7F000000
7F000000
7F000000
7F000000
7F000000
7F000000
7F000000
7F000000
7F000000
7F000000
7F000000
7F000000
7F000000
7F000000
7F000000
7F000000
7F000000
7F000000
7F000000
7F000000
3E000000
0C000000
ENDCHAR
STARTCHAR uni0214
ENCODING 532
SWIDTH 731 0
DWIDTH 58 0
BBX 46 77 6 -1
BITMAP
003006000000
00F81F000000
00FC1F000000
00FC1F800000
007E1F800000
007E0FC00000
003F07E00000
001F07E00000
001F83F00000
000F81F00000
0007C1F80000
0003C0F80000
0003E07C0000
0001E07C0000
0000E03C0000
000000000000
000000000000
000000000000
000000000000
3C00000000F0
7E00000001FC
7F00000001FC
FF00000001FC
FF00000001FC
FF00000001FC
FF00000001FC
FF00000001FC
FF00000001FC
FF00000001FC
FF00000001FC
FF00000001FC
FF00000001FC
FF00000001FC
FF00000001FC
FF00000001FC
FF00000001FC
FF00000001FC
FF00000001FC
FF00000001FC
FF00000001FC
FF00000001FC
FF00000001FC
FF00000001FC
FF00000001FC
FF00000001FC
FF00000001FC
FF00000001FC
FF00000001FC
FF00000001FC
FF00000001FC
FF00000001FC
FF00000001FC
FF00000001FC
FF00000001FC
FF00000001FC
FF00000001FC
FF00000001FC
7F00000003FC
7F00000003FC
7F80000003FC
7F80000003F8
7F80000007F8
3F80000007F8
3FC0000007F8
3FE000000FF0
1FE000001FF0
1FF000003FE0
0FFC00007FE0
0FFE0001FFC0
07FFC007FF80
03FFFFFFFF80
01FFFFFFFE00
00FFFFFFFC00
003FFFFFF800
001FFFFFE000
0003FFFF0000
00000FF00000
ENDCHAR
STARTCHAR uni0215
ENCODING 533
SWIDTH 565 0
DWIDTH 45 0
BBX 33 62 6 -1
BITMAP
0F81E00000
0F83F00000
1FC3F00000
0FC3F00000
0FC1F80000
07C1F80000
07E0F80000
07E0F80000
03E0FC0000
03E07C0000
01F07C0000
01F03E0000
00F03E0000
00F81E0000
00F81E0000
00781F0000
00780E0000
0010040000
0000000000
0000000000
0000000000
1000000400
FC00001F00
FE00003F80
FE00003F80
FE00003F80
FE00003F80
FE00003F80
FE00003F80
FE00003F80
FE00003F80
FE00003F80
FE00003F80
FE00003F80
FE00003F80
FE00003F80
FE00003F80
FE00003F80
FE00003F80
FE00003F80
FE00003F80
FE00003F80
FE00003F80
FE00003F80
FE00003F80
FE00003F80
FE00003F80
FE00003F80
FE00007F80
FE00007F80
FE00007F80
FF0000FF80
FF0001FF80
7F8003FF80
7FC007FF80
3FF83FFF80
3FFFFFBF80
1FFFFF3F80
0FFFFE3F80
07FFFC3F80
01FFF01F80
002F000400
ENDCHAR
STARTCHAR uni0216
ENCODING 534
SWIDTH 731 0
DWIDTH 58 0
BBX 46 76 6 -1
BITMAP
00000FE00000
00007FFC0000
0001FFFE0000
0003FFFF8000
0007FFFFC000
000FF01FC000
000FC007E000
001F8003E000
001F0001F000
003E0001F000
003E0000F800
003E0000F800
003C0000F800
003C00007000
000000000000
000000000000
000000000000
000000000000
3C00000000F0
7E00000001FC
7F00000001FC
FF00000001FC
FF00000001FC
FF00000001FC
FF00000001FC
FF00000001FC
FF00000001FC
FF00000001FC
FF00000001FC
FF00000001FC
FF00000001FC
FF00000001FC
FF00000001FC
FF00000001FC
FF00000001FC
FF00000001FC
FF00000001FC
FF00000001FC
FF00000001FC
FF00000001FC
FF00000001FC
FF00000001FC
FF00000001FC
FF00000001FC
FF00000001FC
FF00000001FC
FF00000001FC
FF00000001FC
FF00000001FC
FF00000001FC
FF00000001FC
FF00000001FC
FF00000001FC
FF00000001FC
FF00000001FC
FF00000001FC
7F00000003FC
7F00000003FC
7F80000003FC
7F80000003F8
7F80000007F8
3F80000007F8
3FC0000007F8
3FE000000FF0
1FE000001FF0
1FF000003FE0
0FFC00007FE0
0FFE0001FFC0
07FFC007FF80
03FFFFFFFF80
01FFFFFFFE00
00FFFFFFFC00
003FFFFFF800
001FFFFFE000
0003FFFF0000
00000FF00000
ENDCHAR
STARTCHAR uni0217
ENCODING 535
SWIDTH 565 0
DWIDTH 45 0
BBX 33 61 6 -1
BITMAP
0003C00000
001FFC0000
003FFE0000
00FFFF8000
00FFFFC000
01FC1FC000
03F007E000
03E003E000
07C001F000
07C001F000
078000F000
0F8000F800
0F8000F800
0F8000F800
0F80007800
0700007000
0000000000
0000000000
0000000000
0000000000
1000000400
FC00001F00
FE00003F80
FE00003F80
FE00003F80
FE00003F80
FE00003F80
FE00003F80
FE00003F80
FE00003F80
FE00003F80
FE00003F80
FE00003F80
FE00003F80
FE00003F80
FE00003F80
FE00003F80
FE00003F80
FE00003F80
FE00003F80
FE00003F80
FE00003F80
FE00003F80
FE00003F80
FE00003F80
FE00003F80
FE00003F80
FE00007F80
FE00007F80
FE00007F80
FF0000FF80
FF0001FF80
7F8003FF80
7FC007FF80
3FF83FFF80
3FFFFFBF80
1FFFFF3F80
0FFFFE3F80
07FFFC3F80
01FFF01F80
002F000400
ENDCHAR
STARTCHAR uni0218
ENCODING 536
SWIDTH 618 0
DWIDTH 49 0
BBX 42 78 4 -21
BITMAP
0000FFF00000
000FFFFF0000
003FFFFFE000
00FFFFFFF000
01FFFFFFFC00
03FFFFFFFE00
07FFE07FFF00
0FFE0003FF80
1FF80000FF80
1FF000003F00
3FE000000F00
3FC000000000
3F8000000000
7F8000000000
7F8000000000
7F8000000000
7F0000000000
7F8000000000
7F8000000000
7F8000000000
7F8000000000
3FC000000000
3FE000000000
1FF800000000
1FFE00000000
0FFFE0000000
07FFFF000000
03FFFFF00000
01FFFFFF0000
007FFFFFC000
001FFFFFF000
0001FFFFFC00
00001FFFFE00
000000FFFF00
0000000FFF00
00000001FF80
00000000FF80
000000007FC0
000000003FC0
000000001FC0
000000001FC0
000000001FC0
000000001FC0
000000001FC0
000000001FC0
000000003FC0
780000003FC0
FC0000007F80
FF000000FF80
FFC00001FF00
FFFC000FFE00
7FFFFFFFFE00
3FFFFFFFFC00
1FFFFFFFF000
07FFFFFFE000
00FFFFFF8000
001FFFFC0000
00007FC00000
000000000000
000000000000
000000000000
000000000000
000000000000
00001F000000
00003F800000
00007FC00000
00007FC00000
00007FC00000
00007FC00000
00003FC00000
00001FC00000
000007800000
000007800000
00000F800000
00000F000000
00001F000000
00001E000000
00001C000000
ENDCHAR
STARTCHAR uni0219
ENCODING 537
SWIDTH 483 0
DWIDTH 39 0
BBX 31 61 4 -21
BITMAP
0003E000
007FFF00
01FFFFC0
07FFFFF0
0FFFFFF8
1FFFFFFC
3FF007FC
3FC000FC
7F800038
7F000000
7F000000
7F000000
7F000000
7F000000
7F000000
7F800000
3FE00000
3FFC0000
1FFFE000
0FFFFE00
07FFFFC0
01FFFFE0
003FFFF8
0001FFF8
00000FFC
000003FC
000001FE
000000FE
000000FE
000000FE
000000FE
000000FE
F00001FE
FC0003FC
FF8007FC
FFFFFFF8
7FFFFFF0
3FFFFFE0
0FFFFF80
01FFFE00
001FE000
00000000
00000000
00000000
00000000
00000000
0007C000
000FE000
001FE000
001FF000
001FF000
001FF000
000FF000
0007E000
0001E000
0001E000
0003E000
0003C000
0007C000
00078000
00070000
ENDCHAR
STARTCHAR uni021A
ENCODING 538
SWIDTH 607 0
DWIDTH 49 0
BBX 49 77 0 -21
BITMAP
7FFFFFFFFFFF00
FFFFFFFFFFFF80
FFFFFFFFFFFF80
FFFFFFFFFFFF80
FFFFFFFFFFFF00
7FFFFFFFFFFE00
000007F0000000
000007F0000000
000007F0000000
000007F0000000
000007F0000000
000007F0000000
000007F0000000
000007F0000000
000007F0000000
000007F0000000
000007F0000000
000007F0000000
000007F0000000
000007F0000000
000007F0000000
000007F0000000
000007F0000000
000007F0000000
000007F0000000
000007F0000000
000007F0000000
000007F0000000
000007F0000000
000007F0000000
000007F0000000
000007F0000000
000007F0000000
000007F0000000
000007F0000000
000007F0000000
000007F0000000
000007F0000000
000007F0000000
000007F0000000
000007F0000000
000007F0000000
000007F0000000
000007F0000000
000007F0000000
000007F0000000
000007F0000000
000007F0000000
000007F0000000
000007F0000000
000007F0000000
000007F0000000
000007F0000000
000007F0000000
000007F0000000
000007E0000000
00000080000000
00000000000000
00000000000000
00000000000000
00000000000000
00000000000000
000003E0000000
000007F0000000
00000FF0000000
00000FF8000000
00000FF8000000
00000FF8000000
000007F8000000
000003F0000000
000000F0000000
000000F0000000
000001F0000000
000001E0000000
000003E0000000
000003C0000000
00000380000000
ENDCHAR
STARTCHAR uni021B
ENCODING 539
SWIDTH 358 0
DWIDTH 29 0
BBX 29 72 0 -21
BITMAP
007C0000
00FE0000
00FE0000
00FE0000
00FE0000
00FE0000
00FE0000
00FE0000
00FE0000
00FE0000
00FE0000
00FE0000
7FFFFFE0
FFFFFFF0
FFFFFFF0
FFFFFFF0
FFFFFFE0
3FFFFFC0
00FE0000
00FE0000
00FE0000
00FE0000
00FE0000
00FE0000
00FE0000
00FE0000
00FE0000
00FE0000
00FE0000
00FE0000
00FE0000
00FE0000
00FE0000
00FE0000
00FE0000
00FE0000
00FE0000
00FE0000
00FE0000
00FE0000
00FF0000
00FF0000
00FF0000
007F8000
007FC000
003FFCF8
003FFFF8
001FFFF8
000FFFF8
0007FFF8
0001FFF0
00000F00
00000000
00000000
00000000
00000000
00000000
0001F000
0003F800
0007FC00
0007FC00
0007FC00
0007FC00
0003FC00
0001FC00
00007800
00007800
00007800
0000F000
0001F000
0001E000
0001E000
ENDCHAR
STARTCHAR uni021F
ENCODING 543
SWIDTH 572 0
DWIDTH 46 0
BBX 34 77 6 -1
BITMAP
0100002000
07C000F000
07C000F800
03E001F000
03F003F000
01F807E000
00FC0FC000
00FE1FC000
007E3F8000
003F3F0000
001FFE0000
001FFE0000
000FFC0000
0007F80000
0003F00000
0000800000
0000000000
0000000000
0000000000
7C00000000
FE00000000
FE00000000
FE00000000
FE00000000
FE00000000
FE00000000
FE00000000
FE00000000
FE00000000
FE00000000
FE00000000
FE00000000
FE00000000
FE00000000
FE00000000
FE00000000
FE003C0000
FE03FFE000
FE0FFFF800
FE3FFFFC00
FE7FFFFE00
FEFFFFFF00
FEFF07FF00
FFF801FF80
FFE0007F80
FFC0007F80
FF80003FC0
FF80003FC0
FF00003FC0
FF00001FC0
FE00001FC0
FE00001FC0
FE00001FC0
FE00001FC0
FE00001FC0
FE00001FC0
FE00001FC0
FE00001FC0
FE00001FC0
FE00001FC0
FE00001FC0
FE00001FC0
FE00001FC0
FE00001FC0
FE00001FC0
FE00001FC0
FE00001FC0
FE00001FC0
FE00001FC0
FE00001FC0
FE00001FC0
FE00001FC0
FE00001FC0
FE00001FC0
FE00001FC0
7C00000F80
1000000200
ENDCHAR
STARTCHAR uni0226
ENCODING 550
SWIDTH 733 0
DWIDTH 59 0
BBX 53 73 3 -1
BITMAP
000000F8000000
000001FC000000
000003FC000000
000003FE000000
000003FC000000
000003FC000000
000001FC000000
000000F8000000
00000000000000
00000000000000
00000000000000
00000000000000
00000000000000
00000000000000
00000000000000
000000F0000000
000001FC000000
000003FC000000
000003FE000000
000007FE000000
000007FF000000
000007FF000000
00000FFF800000
00000FFF800000
00001FDF800000
00001FDFC00000
00003F9FC00000
00003F8FE00000
00007F0FE00000
00007F07F00000
00007E07F00000
0000FE03F80000
0000FE03F80000
0001FC03F80000
0001FC01FC0000
0003F801FC0000
0003F800FE0000
0003F800FE0000
0007F0007F0000
0007F0007F0000
000FE0007F8000
000FE0003F8000
001FC0003F8000
001FC0001FC000
003FC0001FC000
003F80000FE000
003F80000FE000
007F00000FF000
007F000007F000
00FE000007F000
00FE000003F800
01FE000003F800
01FFFFFFFFFC00
03FFFFFFFFFC00
03FFFFFFFFFE00
03FFFFFFFFFE00
07FFFFFFFFFF00
07FFFFFFFFFF00
0FF00000007F00
0FE00000007F80
1FE00000003F80
1FC00000003FC0
3FC00000001FC0
3F800000001FE0
3F800000000FE0
7F800000000FF0
7F000000000FF0
FF0000000007F0
FE0000000007F8
FE0000000003F8
FC0000000003F8
FC0000000001F8
20000000000040
ENDCHAR
STARTCHAR uni0227
ENCODING 551
SWIDTH 533 0
DWIDTH 43 0
BBX 33 57 4 -1
BITMAP
0001F80000
0003FC0000
0003FC0000
0003FC0000
0003FC0000
0003FC0000
0001F80000
0000F00000
0000000000
0000000000
0000000000
0000000000
0000000000
0000000000
0000000000
0000000000
0001F00000
003FFF8000
01FFFFE000
0FFFFFF800
1FFFFFFC00
3FFFFFFC00
3FF807FE00
3FC001FF00
1E0000FF00
0000007F00
0000007F80
0000003F80
0000003F80
0000003F80
0000003F80
0000003F80
0000003F80
00007FFF80
007FFFFF80
03FFFFFF80
0FFFFFFF80
1FFFFFFF80
3FFC003F80
7FC0003F80
7F80003F80
FF00003F80
FF00003F80
FE00003F80
FE00007F80
FE00007F80
FF0000FF80
FF0000FF80
7F8001FF80
7FC003FF80
3FE00FFF80
3FFFFFBF80
1FFFFF3F80
0FFFFE3F80
03FFFC3F80
00FFF01F00
000F800400
ENDCHAR
STARTCHAR uni0228
ENCODING 552
SWIDTH 586 0
DWIDTH 47 0
BBX 36 71 7 -15
BITMAP
7FFFFFFFF0
FFFFFFFFF0
FFFFFFFFF0
FFFFFFFFF0
FFFFFFFFF0
FFFFFFFFC0
FE00000000
FE00000000
FE00000000
FE00000000
FE00000000
FE00000000
FE00000000
FE00000000
FE00000000
FE00000000
FE00000000
FE00000000
FE00000000
FE00000000
FE00000000
FE00000000
FE00000000
FE00000000
FFFFFFFF80
FFFFFFFFC0
FFFFFFFFE0
FFFFFFFFE0
FFFFFFFFE0
FFFFFFFFC0
FE00000000
FE00000000
FE00000000
FE00000000
FE00000000
FE00000000
FE00000000
FE00000000
FE00000000
FE00000000
FE00000000
FE00000000
FE00000000
FE00000000
FE00000000
FE00000000
FE00000000
FE00000000
FE00000000
FE00000000
FFFFFFFFE0
FFFFFFFFF0
FFFFFFFFF0
FFFFFFFFF0
FFFFFFFFF0
3FFFFFFFE0
0000F80000
0000F00000
0000F00000
0000FE0000
0000FFC000
0000FFE000
0000FFF000
000001F000
000001F000
000001F000
000001F000
000FFFF000
000FFFE000
000FFFC000
0007FF0000
ENDCHAR
STARTCHAR uni022A
ENCODING 554
SWIDTH 771 0
DWIDTH 62 0
BBX 52 80 5 -1
BITMAP
0001FFFFF80000
0003FFFFFC0000
0007FFFFFC0000
0003FFFFFC0000
0003FFFFF80000
00000000000000
00000000000000
00000000000000
00000000000000
0000F803E00000
0001FC07F00000
0001FE07F80000
0001FE07F80000
0001FE07F80000
0001FC03F00000
00007001E00000
00000000000000
00000000000000
00000000000000
00000000000000
00000000000000
00000000000000
00000FFF000000
0000FFFFF00000
0003FFFFFC0000
000FFFFFFF0000
003FFFFFFF8000
007FFFFFFFE000
00FFFF9FFFF000
01FFE0007FF800
03FF80001FFC00
07FE00000FFC00
07FC000003FE00
0FF8000001FF00
1FF0000000FF00
1FE0000000FF80
3FE00000007F80
3FC00000003FC0
3FC00000003FC0
7F800000003FC0
7F800000001FE0
7F800000001FE0
7F000000001FE0
FF000000000FE0
FF000000000FE0
FF000000000FF0
FF000000000FF0
FF000000000FF0
FF000000000FF0
FF000000000FF0
FF000000000FF0
FF000000000FF0
FF000000000FF0
FF000000000FF0
FF000000000FF0
FF000000000FF0
FF000000000FF0
FF000000000FE0
FF000000001FE0
7F800000001FE0
7F800000001FE0
7F800000001FC0
7FC00000003FC0
3FC00000003FC0
3FE00000007F80
1FE00000007F80
1FF0000000FF00
0FF8000001FF00
0FFC000003FE00
07FE000007FE00
03FF00000FFC00
01FFC0003FF800
01FFF801FFF000
00FFFFFFFFE000
003FFFFFFFC000
001FFFFFFF8000
0007FFFFFE0000
0001FFFFF80000
00007FFFE00000
000003FC000000
ENDCHAR
STARTCHAR uni022B
ENCODING 555
SWIDTH 560 0
DWIDTH 45 0
BBX 37 62 4 -1
BITMAP
01FFFFFC00
03FFFFFE00
03FFFFFE00
01FFFFFC00
0000000000
0000000000
0000000000
0000000000
0030006000
00FE03F800
01FE03F800
01FE03FC00
01FE03F800
00FE03F800
007C01F000
0000000000
0000000000
0000000000
0000000000
0000000000
0000000000
0000F80000
001FFFC000
007FFFF000
01FFFFFC00
03FFFFFE00
07FFFFFF00
0FFE03FF80
1FF800FFC0
1FE0003FC0
3FC0001FE0
7FC0001FE0
7F80000FF0
7F00000FF0
FF000007F0
FF000007F8
FE000007F8
FE000003F8
FE000003F8
FE000003F8
FE000003F8
FE000003F8
FE000003F8
FE000003F8
FE000003F8
FE000003F8
FE000007F8
FF000007F8
FF000007F0
7F00000FF0
7F80000FF0
7F80001FE0
3FC0001FE0
1FE0003FC0
1FF800FFC0
0FFE03FF80
07FFFFFF00
03FFFFFE00
01FFFFFC00
007FFFF000
001FFFC000
0001F80000
ENDCHAR
STARTCHAR uni022C
ENCODING 556
SWIDTH 771 0
DWIDTH 62 0
BBX 52 80 5 -1
BITMAP
0001FFFFF80000
0003FFFFFC0000
0007FFFFFC0000
0003FFFFFC0000
0003FFFFF80000
00000000000000
00000000000000
00000000000000
00000000000000
00001E001C0000
0000FF801C0000
0001FFC03C0000
0003FFF07C0000
0003FFFFFC0000
0007C0FFF80000
0007807FF00000
0007801FE00000
00030003000000
00000000000000
00000000000000
00000000000000
00000000000000
00000FFF000000
0000FFFFF00000
0003FFFFFC0000
000FFFFFFF0000
003FFFFFFF8000
007FFFFFFFE000
00FFFF9FFFF000
01FFE0007FF800
03FF80001FFC00
07FE00000FFC00
07FC000003FE00
0FF8000001FF00
1FF0000000FF00
1FE0000000FF80
3FE00000007F80
3FC00000003FC0
3FC00000003FC0
7F800000003FC0
7F800000001FE0
7F800000001FE0
7F000000001FE0
FF000000000FE0
FF000000000FE0
FF000000000FF0
FF000000000FF0
FF000000000FF0
FF000000000FF0
FF000000000FF0
FF000000000FF0
FF000000000FF0
FF000000000FF0
FF000000000FF0
FF000000000FF0
FF000000000FF0
FF000000000FF0
FF000000000FE0
FF000000001FE0
7F800000001FE0
7F800000001FE0
7F800000001FC0
7FC00000003FC0
3FC00000003FC0
3FE00000007F80
1FE00000007F80
1FF0000000FF00
0FF8000001FF00
0FFC000003FE00
07FE000007FE00
03FF00000FFC00
01FFC0003FF800
01FFF801FFF000
00FFFFFFFFE000
003FFFFFFFC000
001FFFFFFF8000
0007FFFFFE0000
0001FFFFF80000
00007FFFE00000
000003FC000000
ENDCHAR
STARTCHAR uni022D
ENCODING 557
SWIDTH 560 0
DWIDTH 45 0
BBX 37 62 4 -1
BITMAP
01FFFFFC00
03FFFFFE00
03FFFFFE00
01FFFFFC00
0000000000
0000000000
0000000000
0000000000
0000000000
003F801E00
00FFC01E00
01FFF03E00
01FFFC7E00
03E0FFFC00
03C07FF800
03C01FF000
038007E000
0000000000
0000000000
0000000000
0000000000
0000F80000
001FFFC000
007FFFF000
01FFFFFC00
03FFFFFE00
07FFFFFF00
0FFE03FF80
1FF800FFC0
1FE0003FC0
3FC0001FE0
7FC0001FE0
7F80000FF0
7F00000FF0
FF000007F0
FF000007F8
FE000007F8
FE000003F8
FE000003F8
FE000003F8
FE000003F8
FE000003F8
FE000003F8
FE000003F8
FE000003F8
FE000003F8
FE000007F8
FF000007F8
FF000007F0
7F00000FF0
7F80000FF0
7F80001FE0
3FC0001FE0
1FE0003FC0
1FF800FFC0
0FFE03FF80
07FFFFFF00
03FFFFFE00
01FFFFFC00
007FFFF000
001FFFC000
0001F80000
ENDCHAR
STARTCHAR uni0230
ENCODING 560
SWIDTH 771 0
DWIDTH 62 0
BBX 52 80 5 -1
BITMAP
0001FFFFF80000
0003FFFFFC0000
0007FFFFFC0000
0003FFFFFC0000
0003FFFFF80000
00000000000000
00000000000000
00000000000000
00000000000000
000001F0000000
000003F8000000
000003FC000000
000003FC000000
000003FC000000
000001F8000000
000000E0000000
00000000000000
00000000000000
00000000000000
00000000000000
00000000000000
00000000000000
00000FFF000000
0000FFFFF00000
0003FFFFFC0000
000FFFFFFF0000
003FFFFFFF8000
007FFFFFFFE000
00FFFF9FFFF000
01FFE0007FF800
03FF80001FFC00
07FE00000FFC00
07FC000003FE00
0FF8000001FF00
1FF0000000FF00
1FE0000000FF80
3FE00000007F80
3FC00000003FC0
3FC00000003FC0
7F800000003FC0
7F800000001FE0
7F800000001FE0
7F000000001FE0
FF000000000FE0
FF000000000FE0
FF000000000FF0
FF000000000FF0
FF000000000FF0
FF000000000FF0
FF000000000FF0
FF000000000FF0
FF000000000FF0
FF000000000FF0
FF000000000FF0
FF000000000FF0
FF000000000FF0
FF000000000FF0
FF000000000FE0
FF000000001FE0
7F800000001FE0
7F800000001FE0
7F800000001FC0
7FC00000003FC0
3FC00000003FC0
3FE00000007F80
1FE00000007F80
1FF0000000FF00
0FF8000001FF00
0FFC000003FE00
07FE000007FE00
03FF00000FFC00
01FFC0003FF800
01FFF801FFF000
00FFFFFFFFE000
003FFFFFFFC000
001FFFFFFF8000
0007FFFFFE0000
0001FFFFF80000
00007FFFE00000
000003FC000000
ENDCHAR
STARTCHAR uni0231
ENCODING 561
SWIDTH 560 0
DWIDTH 45 0
BBX 37 62 4 -1
BITMAP
01FFFFFC00
03FFFFFE00
03FFFFFE00
01FFFFFC00
0000000000
0000000000
0000000000
0000000000
0000200000
0001FC0000
0001FC0000
0003FC0000
0003FC0000
0001FC0000
0000F80000
0000000000
0000000000
0000000000
0000000000
0000000000
0000000000
0000F80000
001FFFC000
007FFFF000
01FFFFFC00
03FFFFFE00
07FFFFFF00
0FFE03FF80
1FF800FFC0
1FE0003FC0
3FC0001FE0
7FC0001FE0
7F80000FF0
7F00000FF0
FF000007F0
FF000007F8
FE000007F8
FE000003F8
FE000003F8
FE000003F8
FE000003F8
FE000003F8
FE000003F8
FE000003F8
FE000003F8
FE000003F8
FE000007F8
FF000007F8
FF000007F0
7F00000FF0
7F80000FF0
7F80001FE0
3FC0001FE0
1FE0003FC0
1FF800FFC0
0FFE03FF80
07FFFFFF00
03FFFFFE00
01FFFFFC00
007FFFF000
001FFFC000
0001F80000
ENDCHAR
STARTCHAR uni0232
ENCODING 562
SWIDTH 601 0
DWIDTH 48 0
BBX 46 71 1 -1
BITMAP
001FFFFFE000
003FFFFFF000
003FFFFFF800
003FFFFFF000
003FFFFFF000
000000000000
000000000000
000000000000
000000000000
000000000000
000000000000
000000000000
000000000000
3C0000000078
7E00000001FC
FF00000001FC
FF00000003FC
7F80000007F8
7FC0000007F8
3FE000000FF0
1FE000001FE0
1FF000003FE0
0FF800003FC0
07F800007F80
03FC0000FF80
03FE0001FF00
01FF0001FE00
00FF0003FC00
00FF8007FC00
007FC007F800
003FE00FF000
001FE01FE000
001FF03FE000
000FF83FC000
0007F87F8000
0003FCFF8000
0003FFFF0000
0001FFFE0000
0000FFFC0000
0000FFFC0000
00007FF80000
00003FF00000
00001FF00000
00001FE00000
00001FE00000
00001FE00000
00001FE00000
00001FE00000
00001FE00000
00001FE00000
00001FE00000
00001FE00000
00001FE00000
00001FE00000
00001FE00000
00001FE00000
00001FE00000
00001FE00000
00001FE00000
00001FE00000
00001FE00000
00001FE00000
00001FE00000
00001FE00000
00001FE00000
00001FE00000
00001FE00000
00001FE00000
00000FC00000
00000FC00000
000001000000
ENDCHAR
STARTCHAR uni0233
ENCODING 563
SWIDTH 517 0
DWIDTH 41 0
BBX 37 70 2 -15
BITMAP
007FFFF800
01FFFFFE00
03FFFFFE00
01FFFFFE00
01FFFFFC00
0000000000
0000000000
0000000000
0000000000
0000000000
0000000000
0000000000
0000000000
0000000000
0000000000
1000000020
7C000000F8
FE000001F8
FE000003F8
FF000003F8
FF000003F8
7F800007F8
7F800007F0
3F80000FF0
3FC0000FE0
1FC0000FE0
1FE0001FC0
1FE0001FC0
0FE0003F80
0FF0003F80
07F0007F80
07F8007F00
03F8007F00
03FC00FE00
03FC00FE00
01FC01FC00
01FE01FC00
00FE01FC00
00FF03F800
007F03F800
007F07F000
007F87F000
003F8FE000
003FCFE000
001FCFE000
001FDFC000
000FFFC000
000FFF8000
000FFF8000
0007FF0000
0007FF0000
0003FF0000
0003FE0000
0001FE0000
0001FC0000
0003FC0000
0003F80000
0007F80000
0007F80000
0007F00000
000FF00000
000FE00000
001FE00000
001FC00000
003FC00000
003F800000
003F800000
003F800000
003F000000
001E000000
ENDCHAR
STARTCHAR uni0237
ENCODING 567
SWIDTH 241 0
DWIDTH 19 0
BBX 18 55 -5 -15
BITMAP
000200
000FC0
001FC0
001FC0
001FC0
001FC0
001FC0
001FC0
001FC0
001FC0
001FC0
001FC0
001FC0
001FC0
001FC0
001FC0
001FC0
001FC0
001FC0
001FC0
001FC0
001FC0
001FC0
001FC0
001FC0
001FC0
001FC0
001FC0
001FC0
001FC0
001FC0
001FC0
001FC0
001FC0
001FC0
001FC0
001FC0
001FC0
001FC0
001FC0
001FC0
001FC0
001FC0
001FC0
001FC0
003FC0
003FC0
007F80
00FF80
0FFF00
7FFF00
7FFE00
FFF800
7FF000
7F8000
ENDCHAR
STARTCHAR uni0253
ENCODING 595
SWIDTH 587 0
DWIDTH 47 0
BBX 37 58 6 -1
BITMAP
007F800000
03FFC00000
07FFE00000
1FFFE00000
1FFFE00000
3FFFC00000
7FE0000000
7F80000000
7F00000000
FF00000000
FF00000000
FE00000000
FE00000000
FE00000000
FE00000000
FE00000000
FE00000000
FE003E0000
FE03FFE000
FE0FFFF800
FE3FFFFC00
FE7FFFFF00
FEFFFFFF80
FEFE03FF80
FFF800FFC0
FFE0003FE0
FFC0001FE0
FFC0001FF0
FF80000FF0
FF000007F0
FF000007F8
FF000007F8
FF000003F8
FE000003F8
FE000003F8
FE000003F8
FE000003F8
FE000003F8
FE000003F8
FE000003F8
FE000003F8
FE000003F8
FF000003F8
FF000007F8
FF000007F8
FF000007F0
FF80000FF0
FFC0001FF0
FFC0001FE0
FFE0003FE0
FFF800FFC0
FEFE03FF80
FEFFFFFF80
FE7FFFFF00
FE3FFFFC00
FE0FFFF800
7C03FFE000
10007E0000
ENDCHAR
STARTCHAR uni0257
ENCODING 599
SWIDTH 587 0
DWIDTH 47 0
BBX 49 58 4 -1
BITMAP
0000000001FE00
000000000FFF00
000000001FFF80
000000007FFF80
000000007FFF80
00000000FFFF00
00000001FF8000
00000001FE0000
00000001FC0000
00000003FC0000
00000003FC0000
00000003F80000
00000003F80000
00000003F80000
00000003F80000
00000003F80000
00000003F80000
0003E003F80000
003FFE03F80000
00FFFF83F80000
01FFFFC3F80000
07FFFFF3F80000
0FFFFFF3F80000
0FFE03FBF80000
1FF800FFF80000
3FE0003FF80000
3FC0001FF80000
7FC0001FF80000
7F80000FF80000
7F00000FF80000
FF000007F80000
FF000007F80000
FE000007F80000
FE000003F80000
FE000003F80000
FE000003F80000
FE000003F80000
FE000003F80000
FE000003F80000
FE000003F80000
FE000003F80000
FE000003F80000
FE000007F80000
FF000007F80000
FF000007F80000
7F00000FF80000
7F80000FF80000
7F80001FF80000
3FC0001FF80000
3FE0003FF80000
1FF800FFF80000
0FFE03FBF80000
0FFFFFFBF80000
07FFFFF3F80000
01FFFFC3F80000
00FFFF83F80000
003FFE01F00000
0003E000400000
ENDCHAR
STARTCHAR uni0259
ENCODING 601
SWIDTH 535 0
DWIDTH 43 0
BBX 36 41 3 -1
BITMAP
0007E00000
00FFFF0000
03FFFFC000
0FFFFFF000
3FFFFFF800
7FFFFFFE00
7FF00FFF00
7F8001FF00
7E0000FF80
3800007FC0
0000003FC0
0000001FE0
0000000FE0
0000000FE0
0000000FF0
00000007F0
00000007F0
00000007F0
00000007F0
7FFFFFFFF0
FFFFFFFFF0
FFFFFFFFF0
FFFFFFFFF0
FFFFFFFFF0
FE000007F0
FE000007F0
7E000007F0
7E00000FE0
7F00000FE0
7F00000FE0
3F00001FC0
3F80003FC0
1FC0007F80
1FE000FF00
0FF803FF00
07FFFFFE00
03FFFFFC00
01FFFFF000
00FFFFE000
003FFF8000
0001F80000
ENDCHAR
STARTCHAR uni0292
ENCODING 658
SWIDTH 500 0
DWIDTH 40 0
BBX 36 54 1 -15
BITMAP
3FFFFFFF80
7FFFFFFFC0
7FFFFFFFC0
7FFFFFFFC0
7FFFFFFFC0
1FFFFFFFC0
0000007F80
000000FF00
000001FE00
000003FC00
000007F800
00000FF000
00001FE000
00003FC000
00003F8000
00007F0000
0000FE0000
0001FC0000
0003FC0000
0007F80000
000FF00000
001FE00000
003FFF8000
007FFFF000
007FFFFC00
007FFFFE00
007FFFFF80
00000FFF80
000000FFC0
0000003FE0
0000001FE0
0000000FF0
0000000FF0
00000007F0
00000007F0
00000007F0
00000007F0
00000007F0
00000007F0
00000007F0
00000007F0
00000007F0
0000000FF0
0000000FE0
0000001FE0
7800003FC0
FE00007FC0
FFC001FF80
FFFFFFFF00
7FFFFFFE00
3FFFFFFC00
0FFFFFF800
03FFFFE000
003FFE0000
ENDCHAR
STARTCHAR uni02B9
ENCODING 697
SWIDTH 226 0
DWIDTH 18 0
BBX 8 24 5 33
BITMAP
3C
7E
FF
FF
FF
FF
FF
FF
FF
7F
7F
7E
7E
7E
7E
7E
7E
7E
7E
7E
7E
3E
3C
18
ENDCHAR
STARTCHAR uni02BA
ENCODING 698
SWIDTH 405 0
DWIDTH 32 0
BBX 22 24 5 33
BITMAP
3C00F0
7E01F8
FF01FC
FF03FC
FF03FC
FF03FC
FF01FC
FF01FC
FF01FC
7F01FC
7F01FC
7E01FC
7E01FC
7E01FC
7E01F8
7E01F8
7E01F8
7E01F8
7E01F8
7E00F8
7E00F8
3E00F8
3C00F0
080020
ENDCHAR
STARTCHAR uni02BB
ENCODING 699
SWIDTH 500 0
DWIDTH 40 0
BBX 8 15 16 45
BITMAP
1C
3C
7C
78
78
F8
F0
FC
FF
FF
FF
FF
FF
FF
3E
ENDCHAR
STARTCHAR uni02BC
ENCODING 700
SWIDTH 330 0
DWIDTH 26 0
BBX 9 15 9 46
BITMAP
7E00
FF00
FF00
FF00
FF80
FF80
7F00
3F00
0F00
0F00
1F00
1E00
3E00
3C00
3800
ENDCHAR
STARTCHAR uni02BE
ENCODING 702
SWIDTH 500 0
DWIDTH 40 0
BBX 9 16 19 44
BITMAP
7800
FC00
7E00
3F00
0F80
0780
0780
0780
0780
0780
0F80
1F00
7F00
FE00
7C00
2000
ENDCHAR
STARTCHAR uni02BF
ENCODING 703
SWIDTH 500 0
DWIDTH 40 0
BBX 9 16 12 44
BITMAP
0F00
1F80
3F00
7E00
F800
F000
F000
F000
F000
F000
F800
7C00
7F00
3F80
1F00
0200
ENDCHAR
STARTCHAR circumflex
ENCODING 710
SWIDTH 477 0
DWIDTH 38 0
BBX 22 18 8 43
BITMAP
00FC00
01FE00
01FE00
03FF00
03FF80
07FF80
0FCFC0
0FCFC0
1F87E0
1F03E0
3F03F0
3E01F0
7E00F8
7C00F8
F8007C
F8007C
F0003C
200010
ENDCHAR
STARTCHAR caron
ENCODING 711
SWIDTH 477 0
DWIDTH 38 0
BBX 22 18 8 43
BITMAP
700038
F0003C
F8007C
FC00FC
7C00F8
3E01F8
3E01F0
1F03E0
1F87E0
0F87C0
0FCFC0
07FF80
07FF80
03FF00
03FF00
01FE00
00FC00
007800
ENDCHAR
STARTCHAR uni02C8
ENCODING 712
SWIDTH 500 0
DWIDTH 40 0
BBX 6 17 17 47
BITMAP
78
78
FC
FC
FC
FC
FC
FC
FC
FC
FC
FC
FC
FC
FC
78
78
ENDCHAR
STARTCHAR uni02C9
ENCODING 713
SWIDTH 500 0
DWIDTH 40 0
BBX 26 5 7 50
BITMAP
3FFFFF00
7FFFFF80
FFFFFFC0
7FFFFFC0
7FFFFF80
ENDCHAR
STARTCHAR uni02CA
ENCODING 714
SWIDTH 500 0
DWIDTH 40 0
BBX 13 18 18 43
BITMAP
00F8
01F8
01F8
03F8
03F8
07F0
07E0
0FE0
0FC0
1F80
1F80
3F00
3E00
7E00
7C00
FC00
7800
2000
ENDCHAR
STARTCHAR uni02CB
ENCODING 715
SWIDTH 500 0
DWIDTH 40 0
BBX 13 18 9 43
BITMAP
7800
FC00
FC00
FE00
FE00
7F00
3F00
3F80
1F80
0FC0
0FC0
07E0
03E0
03F0
01F0
00F8
00F0
0020
ENDCHAR
STARTCHAR uni02CC
ENCODING 716
SWIDTH 500 0
DWIDTH 40 0
BBX 6 17 17 -22
BITMAP
78
78
FC
FC
FC
FC
FC
FC
FC
FC
FC
FC
FC
FC
FC
78
78
ENDCHAR
STARTCHAR breve
ENCODING 728
SWIDTH 511 0
DWIDTH 41 0
BBX 25 16 8 44
BITMAP
60000700
F0000F80
F8000F80
F8000F80
F8000F80
F8000F00
7C001F00
7C001F00
7E003E00
3F007E00
1F80FC00
1FFFFC00
0FFFF800
07FFF000
03FFC000
00FF0000
ENDCHAR
STARTCHAR dotaccent
ENCODING 729
SWIDTH 306 0
DWIDTH 24 0
BBX 8 8 8 48
BITMAP
7E
FF
FF
FF
FF
FF
7F
3C
ENDCHAR
STARTCHAR ring
ENCODING 730
SWIDTH 441 0
DWIDTH 35 0
BBX 19 18 8 44
BITMAP
07FC00
0FFF00
3FFF80
3F1F80
7C07C0
7803E0
F001E0
F001E0
F001E0
F001E0
F001E0
F801E0
7803C0
7C07C0
3FBF80
1FFF00
0FFE00
03FC00
ENDCHAR
STARTCHAR ogonek
ENCODING 731
SWIDTH 388 0
DWIDTH 31 0
BBX 15 18 8 -15
BITMAP
0100
0780
0FC0
1F80
3F00
7E00
7C00
F800
F800
F800
F800
F800
FC00
FE00
7FFE
3FFE
1FFE
0FFC
ENDCHAR
STARTCHAR tilde
ENCODING 732
SWIDTH 562 0
DWIDTH 45 0
BBX 29 12 8 47
BITMAP
00000030
07F00078
0FF80078
1FFE00F8
3FFF00F0
7FFF81F0
7C1FF7F0
7807FFE0
F803FFE0
F001FFC0
F000FF00
F0001800
ENDCHAR
STARTCHAR hungarumlaut
ENCODING 733
SWIDTH 452 0
DWIDTH 36 0
BBX 20 18 8 43
BITMAP
0F81E0
0F83F0
1FC3F0
1F83F0
1F83E0
1F07E0
3F07E0
3F07C0
3E0FC0
3E0F80
7C0F80
7C0F80
7C1F00
F81F00
F81E00
F01E00
F01C00
200800
ENDCHAR
STARTCHAR gravecomb
ENCODING 768
SWIDTH 0 0
DWIDTH 0 0
BBX 13 18 -11 43
BITMAP
7800
FC00
FC00
FE00
FE00
7F00
3F00
3F80
1F80
0FC0
0FC0
07E0
03E0
03F0
01F0
00F8
00F0
0020
ENDCHAR
STARTCHAR acutecomb
ENCODING 769
SWIDTH 0 0
DWIDTH 0 0
BBX 13 18 -2 43
BITMAP
00F8
01F8
01F8
03F8
03F8
07F0
07E0
0FE0
0FC0
1F80
1F80
3F00
3E00
7E00
7C00
FC00
7800
2000
ENDCHAR
STARTCHAR uni0302
ENCODING 770
SWIDTH 0 0
DWIDTH 0 0
BBX 22 18 -11 43
BITMAP
00FC00
01FE00
01FE00
03FF00
03FF00
07FF80
0FCFC0
0FCFC0
1F87E0
1F03E0
3F03F0
3E01F0
7E01F8
7C00F8
F8007C
F8007C
F0003C
200010
ENDCHAR
STARTCHAR tildecomb
ENCODING 771
SWIDTH 0 0
DWIDTH 0 0
BBX 29 12 -15 47
BITMAP
00000018
03F00078
0FFC0078
1FFE0078
3FFF00F8
3FFFC0F8
7E0FF7F0
7C07FFF0
7803FFE0
7801FFC0
F8007F80
70000C00
ENDCHAR
STARTCHAR uni0304
ENCODING 772
SWIDTH 0 0
DWIDTH 0 0
BBX 24 5 -12 50
BITMAP
3FFFFE
FFFFFF
FFFFFF
FFFFFF
FFFFFF
ENDCHAR
STARTCHAR uni0306
ENCODING 774
SWIDTH 0 0
DWIDTH 0 0
BBX 24 16 -12 44
BITMAP
600006
F0000F
F0000F
F0000F
F8001F
F8001F
F8001F
7C003E
7C003E
3E007E
3F81FC
1FFFF8
0FFFF0
07FFE0
03FFC0
00FF00
ENDCHAR
STARTCHAR uni0307
ENCODING 775
SWIDTH 0 0
DWIDTH 0 0
BBX 8 8 -4 48
BITMAP
7E
FF
FF
FF
FF
FF
7E
3C
ENDCHAR
STARTCHAR uni0308
ENCODING 776
SWIDTH 0 0
DWIDTH 0 0
BBX 22 8 -11 48
BITMAP
7C00F8
FE01FC
FF03FC
FF03FC
FF03FC
FF03FC
7E01F8
3C00F0
ENDCHAR
STARTCHAR hookabovecomb
ENCODING 777
SWIDTH 0 0
DWIDTH 0 0
BBX 15 17 -7 44
BITMAP
0FC0
7FF8
FFFC
FFFE
F0FE
007E
007E
007E
007E
00FC
01F8
03F0
07E0
07C0
07C0
0780
0780
ENDCHAR
STARTCHAR uni030A
ENCODING 778
SWIDTH 0 0
DWIDTH 0 0
BBX 20 18 -10 44
BITMAP
03FC00
0FFF00
1FFF80
3F9FC0
7C03E0
7C01E0
7801E0
F801E0
F000F0
F000F0
7801E0
7801E0
7C03E0
3E07C0
3FFFC0
1FFF80
0FFF00
03FC00
ENDCHAR
STARTCHAR uni030B
ENCODING 779
SWIDTH 0 0
DWIDTH 0 0
BBX 20 18 -7 43
BITMAP
0F81E0
0F83F0
1FC3F0
1F83F0
1F87E0
1F07E0
3F07E0
3F07C0
3E0FC0
3E0F80
7C0F80
7C0F80
781F00
F81F00
F81E00
F01E00
F01C00
400800
ENDCHAR
STARTCHAR uni030C
ENCODING 780
SWIDTH 0 0
DWIDTH 0 0
BBX 22 18 -11 43
BITMAP
700038
F0003C
F8007C
FC00FC
7C00F8
7E01F8
3E01F0
1F03E0
1F87E0
0F87C0
0FCFC0
07FF80
07FF80
03FF00
03FF00
01FE00
00FC00
007800
ENDCHAR
STARTCHAR uni030F
ENCODING 783
SWIDTH 0 0
DWIDTH 0 0
BBX 20 18 -13 43
BITMAP
781F00
FC1F00
FC3F80
FC1F80
7E1F80
7E0F80
7E0FC0
3E0FC0
3F07C0
1F07C0
1F03E0
0F03E0
0F81E0
0F81F0
0781F0
0780F0
0380F0
010020
ENDCHAR
STARTCHAR uni0311
ENCODING 785
SWIDTH 0 0
DWIDTH 0 0
BBX 24 16 -12 44
BITMAP
001C00
01FF80
07FFE0
0FFFF0
1FFFF8
3FC3FC
3F00FC
7E007E
7C003E
F8001F
F8001F
F8001F
F0000F
F0000F
F0000F
F0000F
ENDCHAR
STARTCHAR uni0312
ENCODING 786
SWIDTH 0 0
DWIDTH 0 0
BBX 8 15 -4 45
BITMAP
1C
3C
7C
78
78
F8
F0
FC
FF
FF
FF
FF
FF
FF
3E
ENDCHAR
STARTCHAR uni031B
ENCODING 795
SWIDTH 0 0
DWIDTH 0 0
BBX 15 15 0 35
BITMAP
0018
007E
007E
00FE
00FE
00FE
00FE
00FC
01FC
03FC
0FF8
FFF0
FFE0
7FC0
1F00
ENDCHAR
STARTCHAR dotbelowcomb
ENCODING 803
SWIDTH 0 0
DWIDTH 0 0
BBX 8 9 -4 -16
BITMAP
08
7E
FF
FF
FF
FF
FF
7E
18
ENDCHAR
STARTCHAR uni0324
ENCODING 804
SWIDTH 0 0
DWIDTH 0 0
BBX 22 8 -11 -15
BITMAP
3C00F0
7E01F8
FF03FC
FF03FC
FF03FC
FF03FC
7E01FC
3C00F8
ENDCHAR
STARTCHAR uni0326
ENCODING 806
SWIDTH 0 0
DWIDTH 0 0
BBX 8 15 -4 -21
BITMAP
7C
FF
FF
FF
FF
FF
FF
3F
0F
1F
1E
3E
3C
3C
38
ENDCHAR
STARTCHAR uni0327
ENCODING 807
SWIDTH 0 0
DWIDTH 0 0
BBX 16 17 -7 -15
BITMAP
0F80
0F80
0F80
0F00
0F00
0FE0
0FFC
0FFE
0FFF
001F
001F
001F
001F
FFFF
FFFE
FFFC
7FF0
ENDCHAR
STARTCHAR uni0328
ENCODING 808
SWIDTH 0 0
DWIDTH 0 0
BBX 15 18 -10 -15
BITMAP
0100
0780
0FC0
1F80
3F00
7E00
7C00
F800
F800
F800
F800
F800
FC00
FE00
7FFE
7FFE
3FFE
0FFC
ENDCHAR
STARTCHAR uni032E
ENCODING 814
SWIDTH 0 0
DWIDTH 0 0
BBX 24 13 -12 -17
BITMAP
600006
F0000F
F0000F
F0000F
F8001F
F8001F
7C003E
7F00FE
3FFFFC
1FFFF8
0FFFF0
07FFE0
01FF80
ENDCHAR
STARTCHAR uni0331
ENCODING 817
SWIDTH 0 0
DWIDTH 0 0
BBX 24 5 -12 -13
BITMAP
FFFFFF
FFFFFF
FFFFFF
FFFFFF
7FFFFE
ENDCHAR
STARTCHAR uni0335
ENCODING 821
SWIDTH 0 0
DWIDTH 0 0
BBX 32 6 -16 42
BITMAP
1FFFFFF8
7FFFFFFE
7FFFFFFE
FFFFFFFF
7FFFFFFE
3FFFFFFC
ENDCHAR
STARTCHAR uni0337
ENCODING 823
SWIDTH 0 0
DWIDTH 0 0
BBX 24 17 -12 20
BITMAP
00000C
00003F
0000FF
0001FF
0007FF
001FFE
007FF8
00FFE0
03FFC0
0FFF00
1FFC00
7FF800
FFE000
FF8000
FE0000
7C0000
300000
ENDCHAR
STARTCHAR uni0338
ENCODING 824
SWIDTH 0 0
DWIDTH 0 0
BBX 30 47 -15 -4
BITMAP
00000030
00000078
000000FC
000000F8
000001F8
000001F0
000003F0
000007E0
000007C0
00000FC0
00000F80
00001F80
00003F00
00003F00
00007E00
00007C00
0000FC00
0000F800
0001F800
0003F000
0003E000
0007E000
0007C000
000FC000
001F8000
001F8000
003F0000
003E0000
007E0000
007C0000
00FC0000
01F80000
01F00000
03F00000
03E00000
07E00000
07C00000
0FC00000
1F800000
1F000000
3F000000
3E000000
7E000000
7C000000
F8000000
78000000
20000000
ENDCHAR
STARTCHAR uni0394
ENCODING 916
SWIDTH 733 0
DWIDTH 59 0
BBX 51 56 4 0
BITMAP
000003F0000000
000007F8000000
000007FC000000
00000FFC000000
00000FFE000000
00000FFE000000
00001FFE000000
00001FFF000000
00003FBF000000
00003FBF800000
00007F3F800000
00007F1FC00000
00007E1FC00000
0000FE0FE00000
0000FC0FE00000
0001FC07E00000
0001FC07F00000
0003F807F00000
0003F803F80000
0007F003F80000
0007F001FC0000
0007E001FC0000
000FE000FC0000
000FE000FE0000
001FC000FE0000
001FC0007F0000
003F80007F0000
003F80003F8000
003F00003F8000
007F00001FC000
007F00001FC000
00FE00001FC000
00FE00000FE000
01FC00000FE000
01FC000007F000
03FC000007F000
03F8000003F800
03F8000003F800
07F0000003F800
07F0000001FC00
0FE0000001FC00
0FE0000000FE00
1FE0000000FE00
1FC00000007F00
1FC00000007F00
3F800000007F80
3F800000003F80
7F000000003F80
7F000000001FC0
FF000000001FC0
FFFFFFFFFFFFE0
FFFFFFFFFFFFE0
FFFFFFFFFFFFE0
FFFFFFFFFFFFE0
FFFFFFFFFFFFC0
7FFFFFFFFFFF80
ENDCHAR
STARTCHAR Sigma
ENCODING 931
SWIDTH 600 0
DWIDTH 48 0
BBX 42 70 3 -14
BITMAP
7FFFFFFFFF80
7FFFFFFFFFC0
FFFFFFFFFFC0
FFFFFFFFFFC0
7FFFFFFFFFC0
7FFFFFFFFF00
3FC000000000
3FE000000000
1FF000000000
0FF000000000
0FF800000000
07FC00000000
03FC00000000
01FE00000000
01FF00000000
00FF80000000
007F80000000
003FC0000000
003FE0000000
001FE0000000
000FF0000000
000FF8000000
0007FC000000
0003FC000000
0001FE000000
0001FF000000
0000FF000000
00007F800000
00007FC00000
00003FE00000
00001FE00000
00000FF00000
00000FF80000
000007F80000
000003F80000
000003F80000
000007F80000
00000FF80000
00000FF00000
00001FE00000
00003FE00000
00007FC00000
00007F800000
0000FF000000
0001FF000000
0001FE000000
0003FC000000
0007FC000000
000FF8000000
000FF0000000
001FE0000000
003FE0000000
007FC0000000
007F80000000
00FF80000000
01FF00000000
01FE00000000
03FC00000000
07FC00000000
0FF800000000
0FF000000000
1FF000000000
3FE000000000
3FC000000000
7FFFFFFFFF00
7FFFFFFFFFC0
7FFFFFFFFFC0
7FFFFFFFFFC0
7FFFFFFFFFC0
3FFFFFFFFF80
ENDCHAR
STARTCHAR uni03A9
ENCODING 937
SWIDTH 783 0
DWIDTH 63 0
BBX 57 57 3 0
BITMAP
000003FFE0000000
00003FFFFE000000
0001FFFFFFC00000
0007FFFFFFF00000
000FFFFFFFF80000
003FFFFFFFFC0000
007FFFE3FFFF0000
00FFF8000FFF8000
01FFE00003FFC000
03FF800000FFC000
07FE0000007FE000
07FC0000003FF000
0FF80000001FF000
0FF80000000FF800
1FF000000007F800
1FE000000007FC00
1FE000000003FC00
3FE000000003FC00
3FC000000003FE00
3FC000000001FE00
3FC000000001FE00
3F8000000001FE00
7F8000000001FE00
7F8000000001FE00
7F8000000001FE00
7F8000000001FE00
7F8000000001FE00
7F8000000001FE00
3F8000000001FE00
3F8000000001FE00
3FC000000001FE00
3FC000000001FE00
3FC000000001FC00
1FC000000003FC00
1FE000000003FC00
1FE000000003FC00
0FE000000007F800
0FF000000007F800
0FF00000000FF000
07F80000000FF000
03F80000001FE000
03FC0000001FE000
01FE0000003FC000
00FF0000007F8000
00FF000000FF0000
007F800001FE0000
003FC00003FC0000
001FE00007F80000
0007F8000FF00000
0003FC001FE00000
0001FE003F800000
7FFFFF007FFFFF00
FFFFFF007FFFFF80
FFFFFF007FFFFF80
FFFFFF007FFFFF80
FFFFFF007FFFFF80
7FFFFE003FFFFF00
ENDCHAR
STARTCHAR uni03BC
ENCODING 956
SWIDTH 565 0
DWIDTH 45 0
BBX 33 55 6 -15
BITMAP
1000000400
7C00001F00
FE00003F80
FE00003F80
FE00003F80
FE00003F80
FE00003F80
FE00003F80
FE00003F80
FE00003F80
FE00003F80
FE00003F80
FE00003F80
FE00003F80
FE00003F80
FE00003F80
FE00003F80
FE00003F80
FE00003F80
FE00003F80
FE00003F80
FE00003F80
FE00003F80
FE00003F80
FE00003F80
FE00003F80
FE00003F80
FE00007F80
FE00007F80
FE00007F80
FF0000FF80
FF0001FF80
FF8003FF80
FFC007FF80
FFF83FFF80
FFFFFFBF80
FFFFFF3F80
FDFFFE3F80
FEFFFC3F80
FE7FF01F80
FE07800400
FE00000000
FE00000000
FE00000000
FE00000000
FE00000000
FE00000000
FE00000000
FE00000000
FE00000000
FE00000000
FE00000000
FE00000000
FC00000000
7800000000
ENDCHAR
STARTCHAR pi
ENCODING 960
SWIDTH 595 0
DWIDTH 48 0
BBX 47 40 0 -1
BITMAP
7FFFFFFFFFF0
FFFFFFFFFFF8
FFFFFFFFFFF8
FFFFFFFFFFF8
FFFFFFFFFFF0
3FFFFFFFFFE0
00FE000FE000
00FE000FE000
00FE000FE000
00FE000FE000
00FE000FE000
00FE000FE000
00FE000FE000
00FE000FE000
00FE000FE000
00FE000FE000
00FE000FE000
01FE000FE000
01FE000FE000
01FE000FE000
01FC000FE000
01FC000FE000
01FC000FE000
01FC000FE000
03FC000FE000
03FC000FE000
03FC000FE000
03F8000FE000
03F8000FF000
07F8000FF000
07F8000FF000
07F00007F800
07F00007FE00
0FF00003FFFE
0FF00003FFFE
0FE00001FFFE
1FE00000FFFE
0FE000007FFE
0FC000001FFC
020000000000
ENDCHAR
STARTCHAR uni0400
ENCODING 1024
SWIDTH 586 0
DWIDTH 47 0
BBX 36 76 7 0
BITMAP
0060000000
00F8000000
01F8000000
01FC000000
01FE000000
00FE000000
007F000000
003F800000
001F800000
000FC00000
0007E00000
0007E00000
0003F00000
0001F00000
0000F00000
0000000000
0000000000
0000000000
0000000000
0000000000
7FFFFFFFF0
FFFFFFFFF0
FFFFFFFFF0
FFFFFFFFF0
FFFFFFFFF0
FFFFFFFFC0
FE00000000
FE00000000
FE00000000
FE00000000
FE00000000
FE00000000
FE00000000
FE00000000
FE00000000
FE00000000
FE00000000
FE00000000
FE00000000
FE00000000
FE00000000
FE00000000
FE00000000
FE00000000
FFFFFFFF80
FFFFFFFFC0
FFFFFFFFE0
FFFFFFFFE0
FFFFFFFFE0
FFFFFFFFC0
FE00000000
FE00000000
FE00000000
FE00000000
FE00000000
FE00000000
FE00000000
FE00000000
FE00000000
FE00000000
FE00000000
FE00000000
FE00000000
FE00000000
FE00000000
FE00000000
FE00000000
FE00000000
FE00000000
FE00000000
FFFFFFFFE0
FFFFFFFFF0
FFFFFFFFF0
FFFFFFFFF0
FFFFFFFFF0
3FFFFFFFE0
ENDCHAR
STARTCHAR uni0401
ENCODING 1025
SWIDTH 586 0
DWIDTH 47 0
BBX 36 72 7 0
BITMAP
003C00F000
007E01F800
00FF03FC00
00FF03FC00
00FF03FC00
00FF03FC00
00FE01FC00
003C00F800
0000000000
0000000000
0000000000
0000000000
0000000000
0000000000
0000000000
0000000000
7FFFFFFFF0
FFFFFFFFF0
FFFFFFFFF0
FFFFFFFFF0
FFFFFFFFF0
FFFFFFFFC0
FE00000000
FE00000000
FE00000000
FE00000000
FE00000000
FE00000000
FE00000000
FE00000000
FE00000000
FE00000000
FE00000000
FE00000000
FE00000000
FE00000000
FE00000000
FE00000000
FE00000000
FE00000000
FFFFFFFF80
FFFFFFFFC0
FFFFFFFFE0
FFFFFFFFE0
FFFFFFFFE0
FFFFFFFFC0
FE00000000
FE00000000
FE00000000
FE00000000
FE00000000
FE00000000
FE00000000
FE00000000
FE00000000
FE00000000
FE00000000
FE00000000
FE00000000
FE00000000
FE00000000
FE00000000
FE00000000
FE00000000
FE00000000
FE00000000
FFFFFFFFE0
FFFFFFFFF0
FFFFFFFFF0
FFFFFFFFF0
FFFFFFFFF0
3FFFFFFFE0
ENDCHAR
STARTCHAR uni0402
ENCODING 1026
SWIDTH 848 0
DWIDTH 68 0
BBX 63 71 0 -15
BITMAP
7FFFFFFFFFFF0000
FFFFFFFFFFFF8000
FFFFFFFFFFFF8000
FFFFFFFFFFFF8000
FFFFFFFFFFFF0000
7FFFFFFFFFFE0000
000007F000000000
000007F000000000
000007F000000000
000007F000000000
000007F000000000
000007F000000000
000007F000000000
000007F000000000
000007F000000000
000007F000000000
000007F000000000
000007F000000000
000007F000000000
000007F000000000
000007F000000000
000007F01FFC0000
000007F1FFFFC000
000007F7FFFFF800
000007FFFFFFFE00
000007FFFFFFFF00
000007FFFFFFFF80
000007FFFFFFFFC0
000007FF8001FFE0
000007FC00007FF0
000007F000003FF0
000007F000000FF8
000007F0000007F8
000007F0000007FC
000007F0000003FC
000007F0000003FC
000007F0000001FE
000007F0000001FE
000007F0000001FE
000007F0000001FE
000007F0000000FE
000007F0000000FE
000007F0000000FE
000007F0000000FE
000007F0000000FE
000007F0000000FE
000007F0000000FE
000007F0000000FE
000007F0000000FE
000007F0000000FE
000007F0000000FE
000007F0000000FE
000007F0000000FE
000007F0000000FE
000007F0000000FE
000007E0000000FE
00000080000001FE
00000000000001FE
00000000000001FE
00000000000001FC
00000000000003FC
00000000000007FC
00000000000007F8
0000000000001FF8
0000000003807FF0
0000000007FFFFE0
0000000007FFFFE0
0000000007FFFFC0
0000000007FFFF00
0000000003FFFC00
0000000000FFF000
ENDCHAR
STARTCHAR uni0403
ENCODING 1027
SWIDTH 546 0
DWIDTH 44 0
BBX 36 77 7 -1
BITMAP
0000018000
000003E000
000007E000
00000FE000
00000FE000
00001FC000
00003F8000
00007F0000
00007E0000
0000FE0000
0001FC0000
0001F80000
0003F00000
0003E00000
0001C00000
0000000000
0000000000
0000000000
0000000000
0000000000
7FFFFFFFE0
FFFFFFFFF0
FFFFFFFFF0
FFFFFFFFF0
FFFFFFFFF0
FFFFFFFFE0
FE00000000
FE00000000
FE00000000
FE00000000
FE00000000
FE00000000
FE00000000
FE00000000
FE00000000
FE00000000
FE00000000
FE00000000
FE00000000
FE00000000
FE00000000
FE00000000
FE00000000
FE00000000
FE00000000
FE00000000
FE00000000
FE00000000
FE00000000
FE00000000
FE00000000
FE00000000
FE00000000
FE00000000
FE00000000
FE00000000
FE00000000
FE00000000
FE00000000
FE00000000
FE00000000
FE00000000
FE00000000
FE00000000
FE00000000
FE00000000
FE00000000
FE00000000
FE00000000
FE00000000
FE00000000
FE00000000
FE00000000
FE00000000
FE00000000
7C00000000
1000000000
ENDCHAR
STARTCHAR uni0404
ENCODING 1028
SWIDTH 675 0
DWIDTH 54 0
BBX 46 58 5 -1
BITMAP
00000FFF8000
0000FFFFF800
0003FFFFFE00
000FFFFFFF80
003FFFFFFFE0
007FFFFFFFF0
00FFFFFFFFF8
01FFF0003FFC
03FFC0000FFC
07FF000003F8
07FE000000F8
0FF800000070
1FF000000000
1FF000000000
3FE000000000
3FC000000000
3FC000000000
7FC000000000
7F8000000000
7F8000000000
7F8000000000
FF0000000000
FF0000000000
FF0000000000
FF0000000000
FFFFFFFFC000
FFFFFFFFE000
FFFFFFFFF000
FFFFFFFFF000
FFFFFFFFF000
FFFFFFFFE000
FF0000000000
FF0000000000
FF0000000000
FF0000000000
FF0000000000
FF0000000000
7F8000000000
7F8000000000
7F8000000000
7FC000000000
3FC000000000
3FE000000000
1FE000000000
1FF000000000
0FF800000000
0FFC00000078
07FE000001F8
03FF800007F8
03FFE0001FF8
01FFFC00FFF8
00FFFFFFFFF8
003FFFFFFFE0
001FFFFFFFC0
0007FFFFFF00
0001FFFFFC00
00007FFFE000
000003FC0000
ENDCHAR
STARTCHAR uni0405
ENCODING 1029
SWIDTH 618 0
DWIDTH 49 0
BBX 42 58 4 -1
BITMAP
0000FFF00000
000FFFFF0000
003FFFFFE000
00FFFFFFF000
01FFFFFFFC00
03FFFFFFFE00
07FFE07FFF00
0FFE0003FF80
1FF80000FF80
1FF000003F00
3FE000000F00
3FC000000000
3F8000000000
7F8000000000
7F8000000000
7F8000000000
7F0000000000
7F8000000000
7F8000000000
7F8000000000
7F8000000000
3FC000000000
3FE000000000
1FF800000000
1FFE00000000
0FFFE0000000
07FFFF000000
03FFFFF00000
01FFFFFF0000
007FFFFFC000
001FFFFFF000
0001FFFFFC00
00001FFFFE00
000000FFFF00
0000000FFF00
00000001FF80
00000000FF80
000000007FC0
000000003FC0
000000001FC0
000000001FC0
000000001FC0
000000001FC0
000000001FC0
000000001FC0
000000003FC0
780000003FC0
FC0000007F80
FF000000FF80
FFC00001FF00
FFFC000FFE00
7FFFFFFFFE00
3FFFFFFFFC00
1FFFFFFFF000
07FFFFFFE000
00FFFFFF8000
001FFFFC0000
00007FC00000
ENDCHAR
STARTCHAR uni0406
ENCODING 1030
SWIDTH 262 0
DWIDTH 21 0
BBX 7 58 7 -1
BITMAP
7C
FE
FE
FE
FE
FE
FE
FE
FE
FE
FE
FE
FE
FE
FE
FE
FE
FE
FE
FE
FE
FE
FE
FE
FE
FE
FE
FE
FE
FE
FE
FE
FE
FE
FE
FE
FE
FE
FE
FE
FE
FE
FE
FE
FE
FE
FE
FE
FE
FE
FE
FE
FE
FE
FE
FE
7C
10
ENDCHAR
STARTCHAR uni0407
ENCODING 1031
SWIDTH 262 0
DWIDTH 21 0
BBX 23 73 -1 -1
BITMAP
1C0078
7F01FC
7F01FC
FF01FE
FF01FE
7F01FC
7F01FC
3E00F8
000000
000000
000000
000000
000000
000000
000000
007C00
00FE00
00FE00
00FE00
00FE00
00FE00
00FE00
00FE00
00FE00
00FE00
00FE00
00FE00
00FE00
00FE00
00FE00
00FE00
00FE00
00FE00
00FE00
00FE00
00FE00
00FE00
00FE00
00FE00
00FE00
00FE00
00FE00
00FE00
00FE00
00FE00
00FE00
00FE00
00FE00
00FE00
00FE00
00FE00
00FE00
00FE00
00FE00
00FE00
00FE00
00FE00
00FE00
00FE00
00FE00
00FE00
00FE00
00FE00
00FE00
00FE00
00FE00
00FE00
00FE00
00FE00
00FE00
00FE00
007C00
001000
ENDCHAR
STARTCHAR uni0408
ENCODING 1032
SWIDTH 331 0
DWIDTH 26 0
BBX 21 58 -1 -1
BITMAP
0001E0
0003F0
0007F8
0007F8
0007F8
0007F8
0007F8
0007F8
0007F8
0007F8
0007F8
0007F8
0007F8
0007F8
0007F8
0007F8
0007F8
0007F8
0007F8
0007F8
0007F8
0007F8
0007F8
0007F8
0007F8
0007F8
0007F8
0007F8
0007F8
0007F8
0007F8
0007F8
0007F8
0007F8
0007F8
0007F8
0007F8
0007F8
0007F8
0007F8
0007F8
0007F8
0007F8
0007F8
0007F8
0007F0
000FF0
000FF0
001FF0
003FE0
00FFE0
3FFFC0
FFFF80
FFFF00
FFFE00
FFF800
7FE000
100000
ENDCHAR
STARTCHAR uni0409
ENCODING 1033
SWIDTH 1130 0
DWIDTH 90 0
BBX 85 57 2 -1
BITMAP
0003FFFFFFFF0000000000
0007FFFFFFFF8000000000
0007FFFFFFFF8000000000
0007FFFFFFFFC000000000
0007FFFFFFFFC000000000
0007FFFFFFFFC000000000
0007F000003FC000000000
0007F000003FC000000000
0007F000003FC000000000
0007F000003FC000000000
0007F000003FC000000000
0007F000003FC000000000
0007F000003FC000000000
0007F000003FC000000000
0007F000003FC000000000
0007F000003FC000000000
0007F000003FC000000000
0007F000003FC000000000
0007F000003FC000000000
0007F000003FC000000000
0007F000003FC000000000
0007F000003FC000000000
0007F000003FC000000000
0007E000003FC000000000
000FE000003FFFFFFC0000
000FE000003FFFFFFFE000
000FE000003FFFFFFFF800
000FE000003FFFFFFFFE00
000FE000003FFFFFFFFF00
000FE000003FFFFFFFFF80
000FE000003FC00007FFC0
000FE000003FC000007FE0
000FE000003FC000003FE0
001FE000003FC000001FF0
001FC000003FC000000FF0
001FC000003FC0000007F0
001FC000003FC0000007F8
001FC000003FC0000007F8
003F8000003FC0000007F8
003F8000003FC0000003F8
007F8000003FC0000003F8
007F8000003FC0000007F8
007F0000003FC0000007F8
00FF0000003FC0000007F8
01FE0000003FC0000007F0
01FE0000003FC000000FF0
03FC0000003FC000000FF0
07FC0000003FC000001FE0
0FF80000003FC000007FE0
3FF00000003FC00003FFC0
7FF00000003FFFFFFFFF80
FFE00000003FFFFFFFFF00
FFC00000003FFFFFFFFE00
FF800000003FFFFFFFFC00
FE000000001FFFFFFFF000
7C000000000FFFFFFF0000
3000000000000000000000
ENDCHAR
STARTCHAR uni040A
ENCODING 1034
SWIDTH 1165 0
DWIDTH 93 0
BBX 83 58 7 -1
BITMAP
7C000000003C0000000000
FE00000000FE0000000000
FE00000000FE0000000000
FE00000000FE0000000000
FE00000000FE0000000000
FE00000000FE0000000000
FE00000000FE0000000000
FE00000000FE0000000000
FE00000000FE0000000000
FE00000000FE0000000000
FE00000000FE0000000000
FE00000000FE0000000000
FE00000000FE0000000000
FE00000000FE0000000000
FE00000000FE0000000000
FE00000000FE0000000000
FE00000000FE0000000000
FE00000000FE0000000000
FE00000000FE0000000000
FE00000000FE0000000000
FE00000000FE0000000000
FE00000000FE0000000000
FE00000000FE0000000000
FE00000000FE0000000000
FE00000000FE0000000000
FFFFFFFFFFFFFFFFF00000
FFFFFFFFFFFFFFFFFF8000
FFFFFFFFFFFFFFFFFFE000
FFFFFFFFFFFFFFFFFFF800
FFFFFFFFFFFFFFFFFFFC00
FFFFFFFFFFFFFFFFFFFE00
FFFFFFFFFFFE00001FFF00
FE00000000FE000003FF80
FE00000000FE000000FF80
FE00000000FE0000007FC0
FE00000000FE0000003FC0
FE00000000FE0000001FC0
FE00000000FE0000001FC0
FE00000000FE0000001FE0
FE00000000FE0000001FE0
FE00000000FE0000001FE0
FE00000000FE0000001FE0
FE00000000FE0000001FE0
FE00000000FE0000001FE0
FE00000000FE0000001FC0
FE00000000FE0000001FC0
FE00000000FE0000003FC0
FE00000000FE0000007FC0
FE00000000FE000000FF80
FE00000000FE000001FF80
FE00000000FE00001FFF00
FE00000000FFFFFFFFFE00
FE00000000FFFFFFFFFC00
FE00000000FFFFFFFFF800
FE00000000FFFFFFFFE000
FE000000007FFFFFFF8000
7C000000003FFFFFF80000
1000000000000000000000
ENDCHAR
STARTCHAR uni040B
ENCODING 1035
SWIDTH 852 0
DWIDTH 68 0
BBX 64 57 0 -1
BITMAP
7FFFFFFFFFFF0000
FFFFFFFFFFFF8000
FFFFFFFFFFFF8000
FFFFFFFFFFFF8000
FFFFFFFFFFFF0000
7FFFFFFFFFFE0000
000007F000000000
000007F000000000
000007F000000000
000007F000000000
000007F000000000
000007F000000000
000007F000000000
000007F000000000
000007F000000000
000007F000000000
000007F000000000
000007F000000000
000007F000000000
000007F000000000
000007F000000000
000007F00FFE0000
000007F1FFFFE000
000007F7FFFFF800
000007FFFFFFFE00
000007FFFFFFFF00
000007FFFFFFFFC0
000007FFFFFFFFE0
000007FF8001FFE0
000007FC00007FF0
000007F000001FF8
000007F000000FF8
000007F0000007FC
000007F0000003FC
000007F0000003FC
000007F0000001FE
000007F0000001FE
000007F0000001FE
000007F0000000FE
000007F0000000FE
000007F0000000FF
000007F0000000FF
000007F0000000FF
000007F0000000FF
000007F0000000FF
000007F0000000FF
000007F0000000FF
000007F0000000FF
000007F0000000FF
000007F0000000FF
000007F0000000FF
000007F0000000FF
000007F0000000FF
000007F0000000FF
000007F00000007E
000007E00000007E
0000008000000010
ENDCHAR
STARTCHAR uni040C
ENCODING 1036
SWIDTH 649 0
DWIDTH 52 0
BBX 42 77 7 -1
BITMAP
000000180000
0000003E0000
0000007E0000
000000FE0000
000000FE0000
000001FC0000
000003F80000
000003F80000
000007F00000
00000FE00000
00000FC00000
00001F800000
00003F000000
00003E000000
00001C000000
000000000000
000000000000
000000000000
000000000000
7C0000003800
FE000000FC00
FE000000FE00
FE000001FE00
FE000003FE00
FE000003FC00
FE000007F800
FE00000FF800
FE00000FF000
FE00001FE000
FE00003FE000
FE00003FC000
FE00007F8000
FE0000FF8000
FE0000FF0000
FE0001FE0000
FE0001FE0000
FE0003FC0000
FE0007F80000
FE0007F80000
FE000FF00000
FE001FE00000
FE001FE00000
FE003FC00000
FE007F800000
FFFFFF800000
FFFFFF000000
FFFFFFC00000
FFFFFFE00000
FFFFFFF80000
FFFFFFFC0000
FFFFFFFE0000
FE000FFF0000
FE0001FF0000
FE0000FF8000
FE00007FC000
FE00003FC000
FE00001FE000
FE00001FE000
FE00000FF000
FE00000FF000
FE000007F800
FE000007F800
FE000003FC00
FE000003FC00
FE000001FE00
FE000001FE00
FE000000FF00
FE000000FF00
FE0000007F80
FE0000007F80
FE0000003FC0
FE0000003FC0
FE0000003FC0
FE0000001FC0
FE0000001FC0
7C0000000FC0
100000000200
ENDCHAR
STARTCHAR uni040D
ENCODING 1037
SWIDTH 741 0
DWIDTH 59 0
BBX 46 77 7 -1
BITMAP
000600000000
001F00000000
001F80000000
001FC0000000
001FC0000000
000FE0000000
0007F0000000
0003F0000000
0001F8000000
0001FC000000
0000FE000000
00007E000000
00003F000000
00001F000000
00000E000000
000000000000
000000000000
000000000000
000000000000
780000000070
FC00000001F8
FE00000003F8
FE00000003FC
FE00000007FC
FE0000000FFC
FE0000001FFC
FE0000001FFC
FE0000003FFC
FE0000007FFC
FE000000FFFC
FE000000FFFC
FE000001FFFC
FE000003FDFC
FE000007F9FC
FE000007F9FC
FE00000FF1FC
FE00001FE1FC
FE00003FC1FC
FE00003FC1FC
FE00007F81FC
FE0000FF01FC
FE0001FE01FC
FE0001FE01FC
FE0003FC01FC
FE0007F801FC
FE000FF001FC
FE000FF001FC
FE001FE001FC
FE003FC001FC
FE007F8001FC
FE007F8001FC
FE00FF0001FC
FE01FE0001FC
FE03FC0001FC
FE03FC0001FC
FE07F80001FC
FE0FF00001FC
FE1FE00001FC
FE1FE00001FC
FE3FC00001FC
FE7F800001FC
FEFF000001FC
FEFF000001FC
FFFE000001FC
FFFC000001FC
FFF8000001FC
FFF8000001FC
FFF0000001FC
FFE0000001FC
FFC0000001FC
FFC0000001FC
FF80000001FC
FF00000001FC
FE00000001FC
FE00000001F8
7C00000001F8
100000000020
ENDCHAR
STARTCHAR uni040E
ENCODING 1038
SWIDTH 647 0
DWIDTH 52 0
BBX 49 74 2 -1
BITMAP
003800001C0000
007C00001E0000
007C00003E0000
007E00007E0000
003F00007C0000
001F8001F80000
001FC003F80000
000FFC3FF00000
0007FFFFE00000
0003FFFF800000
0000FFFF000000
00001FF8000000
00000000000000
00000000000000
00000000000000
00000000000000
78000000001E00
FC000000003F00
FE000000003F80
FE000000007F00
FF000000007F00
7F80000000FF00
7F80000001FE00
3FC0000001FE00
1FE0000003FC00
1FE0000003FC00
0FF0000007F800
0FF0000007F800
07F800000FF000
03FC00000FF000
03FC00001FE000
01FE00001FE000
00FF00003FC000
00FF00003FC000
007F80007F8000
007F80007F8000
003FC000FF0000
001FE000FF0000
001FE001FE0000
000FF001FE0000
000FF003FC0000
0007F803FC0000
0003FC07F80000
0003FC07F00000
0001FE0FF00000
0000FF0FE00000
0000FF1FE00000
00007F9FC00000
00007FBFC00000
00003FFF800000
00001FFF800000
00001FFF000000
00000FFF000000
000007FE000000
000007FE000000
000003FC000000
000003FC000000
000007F8000000
000007F8000000
00000FF0000000
00000FF0000000
00001FE0000000
00001FE0000000
00003FC0000000
00003FC0000000
00007F80000000
00007F80000000
0000FF00000000
0000FF00000000
0001FE00000000
0001FE00000000
0001FC00000000
0000F800000000
00002000000000
ENDCHAR
STARTCHAR uni040F
ENCODING 1039
SWIDTH 758 0
DWIDTH 61 0
BBX 47 70 7 -13
BITMAP
7C0000000078
FE00000000FC
FE00000000FE
FE00000001FE
FE00000001FE
FE00000001FE
FE00000001FE
FE00000001FE
FE00000001FE
FE00000001FE
FE00000001FE
FE00000001FE
FE00000001FE
FE00000001FE
FE00000001FE
FE00000001FE
FE00000001FE
FE00000001FE
FE00000001FE
FE00000001FE
FE00000001FE
FE00000001FE
FE00000001FE
FE00000001FE
FE00000001FE
FE00000001FE
FE00000001FE
FE00000001FE
FE00000001FE
FE00000001FE
FE00000001FE
FE00000001FE
FE00000001FE
FE00000001FE
FE00000001FE
FE00000001FE
FE00000001FE
FE00000001FE
FE00000001FE
FE00000001FE
FE00000001FE
FE00000001FE
FE00000001FE
FE00000001FE
FE00000001FE
FE00000001FE
FE00000001FE
FE00000001FE
FE00000001FE
FE00000001FE
FE00000001FE
FFFFFFFFFFFE
FFFFFFFFFFFE
FFFFFFFFFFFE
FFFFFFFFFFFE
FFFFFFFFFFFC
3FFFFFFFFFF8
00000FE00000
00000FE00000
00000FE00000
00000FE00000
00000FE00000
00000FE00000
00000FE00000
00000FE00000
00000FE00000
00000FE00000
00000FE00000
00000FC00000
000007C00000
ENDCHAR
STARTCHAR uni0410
ENCODING 1040
SWIDTH 733 0
DWIDTH 59 0
BBX 53 58 3 -1
BITMAP
000000F0000000
000001FC000000
000003FC000000
000003FE000000
000007FE000000
000007FF000000
000007FF000000
00000FFF800000
00000FFF800000
00001FDF800000
00001FDFC00000
00003F9FC00000
00003F8FE00000
00007F0FE00000
00007F07F00000
00007E07F00000
0000FE03F80000
0000FE03F80000
0001FC03F80000
0001FC01FC0000
0003F801FC0000
0003F800FE0000
0003F800FE0000
0007F0007F0000
0007F0007F0000
000FE0007F8000
000FE0003F8000
001FC0003F8000
001FC0001FC000
003FC0001FC000
003F80000FE000
003F80000FE000
007F00000FF000
007F000007F000
00FE000007F000
00FE000003F800
01FE000003F800
01FFFFFFFFFC00
03FFFFFFFFFC00
03FFFFFFFFFE00
03FFFFFFFFFE00
07FFFFFFFFFF00
07FFFFFFFFFF00
0FF00000007F00
0FE00000007F80
1FE00000003F80
1FC00000003FC0
3FC00000001FC0
3F800000001FE0
3F800000000FE0
7F800000000FF0
7F000000000FF0
FF0000000007F0
FE0000000007F8
FE0000000003F8
FC0000000003F8
FC0000000001F8
20000000000040
ENDCHAR
STARTCHAR uni0411
ENCODING 1041
SWIDTH 663 0
DWIDTH 53 0
BBX 43 56 7 0
BITMAP
7FFFFFFFF800
FFFFFFFFFC00
FFFFFFFFFC00
FFFFFFFFFC00
FFFFFFFFF800
FFFFFFFFF000
FE0000000000
FE0000000000
FE0000000000
FE0000000000
FE0000000000
FE0000000000
FE0000000000
FE0000000000
FE0000000000
FE0000000000
FE0000000000
FE0000000000
FE0000000000
FE0000000000
FE0000000000
FE0000000000
FE0000000000
FE0000000000
FFFFFFF80000
FFFFFFFF8000
FFFFFFFFE000
FFFFFFFFF800
FFFFFFFFFC00
FFFFFFFFFE00
FE00003FFF00
FE000003FF00
FE000000FF80
FE0000007F80
FE0000003FC0
FE0000003FC0
FE0000001FC0
FE0000001FC0
FE0000001FC0
FE0000001FE0
FE0000001FE0
FE0000001FC0
FE0000001FC0
FE0000001FC0
FE0000003FC0
FE0000003FC0
FE0000007F80
FE000000FF80
FE000001FF00
FE00001FFF00
FFFFFFFFFE00
FFFFFFFFFC00
FFFFFFFFF800
FFFFFFFFE000
FFFFFFFF8000
3FFFFFFC0000
ENDCHAR
STARTCHAR uni0412
ENCODING 1042
SWIDTH 679 0
DWIDTH 54 0
BBX 43 56 7 0
BITMAP
7FFFFFFC0000
FFFFFFFF8000
FFFFFFFFE000
FFFFFFFFF000
FFFFFFFFF800
FE0001FFFC00
FE00000FFE00
FE000003FF00
FE000001FF00
FE000000FF00
FE0000007F80
FE0000007F80
FE0000003F80
FE0000003F80
FE0000003F80
FE0000003F80
FE0000003F80
FE0000003F80
FE0000007F80
FE0000007F00
FE000000FF00
FE000001FE00
FE000003FE00
FE00000FFC00
FFFFFFFFF800
FFFFFFFFE000
FFFFFFFFC000
FFFFFFFFC000
FFFFFFFFF000
FFFFFFFFFC00
FE00007FFE00
FE000003FF00
FE000000FF00
FE0000007F80
FE0000003F80
FE0000003FC0
FE0000001FC0
FE0000001FC0
FE0000001FC0
FE0000001FC0
FE0000001FE0
FE0000001FC0
FE0000001FC0
FE0000001FC0
FE0000001FC0
FE0000003FC0
FE0000007FC0
FE000000FF80
FE000001FF80
FE00000FFF00
FFFFFFFFFE00
FFFFFFFFFC00
FFFFFFFFF800
FFFFFFFFE000
FFFFFFFF8000
3FFFFFFC0000
ENDCHAR
STARTCHAR uni0413
ENCODING 1043
SWIDTH 546 0
DWIDTH 44 0
BBX 36 57 7 -1
BITMAP
7FFFFFFFE0
FFFFFFFFF0
FFFFFFFFF0
FFFFFFFFF0
FFFFFFFFF0
FFFFFFFFE0
FE00000000
FE00000000
FE00000000
FE00000000
FE00000000
FE00000000
FE00000000
FE00000000
FE00000000
FE00000000
FE00000000
FE00000000
FE00000000
FE00000000
FE00000000
FE00000000
FE00000000
FE00000000
FE00000000
FE00000000
FE00000000
FE00000000
FE00000000
FE00000000
FE00000000
FE00000000
FE00000000
FE00000000
FE00000000
FE00000000
FE00000000
FE00000000
FE00000000
FE00000000
FE00000000
FE00000000
FE00000000
FE00000000
FE00000000
FE00000000
FE00000000
FE00000000
FE00000000
FE00000000
FE00000000
FE00000000
FE00000000
FE00000000
FE00000000
7C00000000
1000000000
ENDCHAR
STARTCHAR uni0414
ENCODING 1044
SWIDTH 783 0
DWIDTH 63 0
BBX 60 69 1 -13
BITMAP
0001FFFFFFFFE000
0003FFFFFFFFE000
0003FFFFFFFFF000
0003FFFFFFFFF000
0003FFFFFFFFF000
0003FFFFFFFFF000
0003F800000FF000
0003F800000FF000
0003F800000FF000
0003F800000FF000
0003F800000FF000
0003F800000FF000
0003F800000FF000
0003F800000FF000
0003F800000FF000
0003F800000FF000
0003F800000FF000
0003F800000FF000
0003F800000FF000
0003F800000FF000
0003F800000FF000
0003F800000FF000
0003F800000FF000
0003F800000FF000
0007F000000FF000
0007F000000FF000
0007F000000FF000
0007F000000FF000
0007F000000FF000
0007F000000FF000
0007F000000FF000
0007F000000FF000
0007F000000FF000
000FE000000FF000
000FE000000FF000
000FE000000FF000
000FE000000FF000
000FE000000FF000
001FC000000FF000
001FC000000FF000
001FC000000FF000
003F8000000FF000
003F8000000FF000
007F8000000FF000
007F0000000FF000
007F0000000FF000
00FE0000000FF000
01FE0000000FF000
01FC0000000FF000
03FC0000000FF000
3FFFFFFFFFFFFFC0
7FFFFFFFFFFFFFE0
FFFFFFFFFFFFFFF0
FFFFFFFFFFFFFFF0
FFFFFFFFFFFFFFF0
FFFFFFFFFFFFFFF0
FE000000000007F0
FE000000000007F0
FE000000000007F0
FE000000000007F0
FE000000000007F0
FE000000000007F0
FE000000000007F0
FE000000000007F0
FE000000000007F0
FE000000000007F0
FE000000000007F0
7E000000000007F0
7C000000000003E0
ENDCHAR
STARTCHAR uni0415
ENCODING 1045
SWIDTH 586 0
DWIDTH 47 0
BBX 36 56 7 0
BITMAP
7FFFFFFFF0
FFFFFFFFF0
FFFFFFFFF0
FFFFFFFFF0
FFFFFFFFF0
FFFFFFFFC0
FE00000000
FE00000000
FE00000000
FE00000000
FE00000000
FE00000000
FE00000000
FE00000000
FE00000000
FE00000000
FE00000000
FE00000000
FE00000000
FE00000000
FE00000000
FE00000000
FE00000000
FE00000000
FFFFFFFF80
FFFFFFFFC0
FFFFFFFFE0
FFFFFFFFE0
FFFFFFFFE0
FFFFFFFFC0
FE00000000
FE00000000
FE00000000
FE00000000
FE00000000
FE00000000
FE00000000
FE00000000
FE00000000
FE00000000
FE00000000
FE00000000
FE00000000
FE00000000
FE00000000
FE00000000
FE00000000
FE00000000
FE00000000
FE00000000
FFFFFFFFE0
FFFFFFFFF0
FFFFFFFFF0
FFFFFFFFF0
FFFFFFFFF0
3FFFFFFFE0
ENDCHAR
STARTCHAR uni0416
ENCODING 1046
SWIDTH 979 0
DWIDTH 78 0
BBX 74 58 2 -1
BITMAP
038000001E0000007000
07E000003F000000FC00
0FE000003F800001FC00
0FF000003F800003FC00
0FF800003F800003FC00
07F800003F800007F800
03FC00003F80000FF800
03FE00003F80000FF000
01FE00003F80001FE000
00FF00003F80003FE000
00FF80003F80003FC000
007F80003F80007F8000
003FC0003F80007F8000
003FC0003F8000FF0000
001FE0003F8001FE0000
000FF0003F8001FE0000
000FF0003F8003FC0000
0007F8003F8007F80000
0003FC003F8007F80000
0003FC003F800FF00000
0001FE003F801FE00000
0000FF003F801FE00000
0000FF003F803FC00000
00007F803F807F800000
00003FC03F807F800000
00003FFFFFFFFF000000
00001FFFFFFFFE000000
00007FFFFFFFFF800000
0001FFFFFFFFFFE00000
0003FFFFFFFFFFF00000
0007FFFFFFFFFFF80000
000FFFFFFFFFFFFC0000
001FFC003F800FFE0000
003FF0003F8003FF0000
003FE0003F8001FF0000
007FC0003F8000FF8000
007F80003F80007FC000
00FF00003F80003FC000
00FF00003F80001FE000
01FE00003F80001FE000
01FE00003F80000FF000
03FC00003F80000FF000
03FC00003F800007F000
07F800003F800007F800
07F800003F800003F800
0FF000003F800003FC00
0FF000003F800001FC00
1FE000003F800001FE00
1FE000003F800000FE00
3FC000003F800000FF00
3FC000003F800000FF00
7F8000003F8000007F80
7F8000003F8000007F80
FF0000003F8000003FC0
FF0000003F8000003FC0
7E0000003F0000001FC0
7E0000003F0000000F80
10000000040000000200
ENDCHAR
STARTCHAR uni0417
ENCODING 1047
SWIDTH 639 0
DWIDTH 51 0
BBX 43 58 3 -1
BITMAP
0001FFF80000
001FFFFF0000
00FFFFFFE000
03FFFFFFF000
0FFFFFFFF800
1FFFFFFFFC00
3FFFC0FFFE00
3FF80007FF00
3FC00001FF00
3F000000FF80
3E0000007F80
000000007FC0
000000003FC0
000000003FC0
000000003FC0
000000003FC0
000000003FC0
000000003FC0
000000003FC0
000000003F80
000000003F80
000000007F80
00000000FF00
00000001FE00
00000007FE00
000FFFFFF800
003FFFFFF000
007FFFFFC000
007FFFFFE000
007FFFFFF800
003FFFFFFC00
000000FFFE00
00000003FF00
00000000FF80
000000003FC0
000000003FC0
000000001FE0
000000001FE0
000000000FE0
000000000FE0
000000000FE0
000000000FE0
000000000FE0
000000000FE0
000000001FE0
000000001FE0
780000003FE0
FC0000003FC0
FF0000007FC0
FFE00001FF80
FFFC000FFF80
7FFFFFFFFF00
3FFFFFFFFE00
0FFFFFFFFC00
03FFFFFFF800
00FFFFFFE000
001FFFFF0000
00003FE00000
ENDCHAR
STARTCHAR uni0418
ENCODING 1048
SWIDTH 741 0
DWIDTH 59 0
BBX 46 58 7 -1
BITMAP
780000000070
FC00000001F8
FE00000003F8
FE00000003FC
FE00000007FC
FE0000000FFC
FE0000001FFC
FE0000001FFC
FE0000003FFC
FE0000007FFC
FE000000FFFC
FE000000FFFC
FE000001FFFC
FE000003FDFC
FE000007F9FC
FE000007F9FC
FE00000FF1FC
FE00001FE1FC
FE00003FC1FC
FE00003FC1FC
FE00007F81FC
FE0000FF01FC
FE0001FE01FC
FE0001FE01FC
FE0003FC01FC
FE0007F801FC
FE000FF001FC
FE000FF001FC
FE001FE001FC
FE003FC001FC
FE007F8001FC
FE007F8001FC
FE00FF0001FC
FE01FE0001FC
FE03FC0001FC
FE03FC0001FC
FE07F80001FC
FE0FF00001FC
FE1FE00001FC
FE1FE00001FC
FE3FC00001FC
FE7F800001FC
FEFF000001FC
FEFF000001FC
FFFE000001FC
FFFC000001FC
FFF8000001FC
FFF8000001FC
FFF0000001FC
FFE0000001FC
FFC0000001FC
FFC0000001FC
FF80000001FC
FF00000001FC
FE00000001FC
FE00000001F8
7C00000001F8
100000000020
ENDCHAR
STARTCHAR uni0419
ENCODING 1049
SWIDTH 741 0
DWIDTH 59 0
BBX 46 74 7 -1
BITMAP
006000003800
00F000007C00
00F800007C00
00F80000F800
007C0001F800
007E0003F000
003F8007E000
001FF87FC000
000FFFFF8000
0007FFFF0000
0001FFFC0000
00007FF00000
000000000000
000000000000
000000000000
000000000000
780000000070
FC00000001F8
FE00000003F8
FE00000003FC
FE00000007FC
FE0000000FFC
FE0000001FFC
FE0000001FFC
FE0000003FFC
FE0000007FFC
FE000000FFFC
FE000000FFFC
FE000001FFFC
FE000003FDFC
FE000007F9FC
FE000007F9FC
FE00000FF1FC
FE00001FE1FC
FE00003FC1FC
FE00003FC1FC
FE00007F81FC
FE0000FF01FC
FE0001FE01FC
FE0001FE01FC
FE0003FC01FC
FE0007F801FC
FE000FF001FC
FE000FF001FC
FE001FE001FC
FE003FC001FC
FE007F8001FC
FE007F8001FC
FE00FF0001FC
FE01FE0001FC
FE03FC0001FC
FE03FC0001FC
FE07F80001FC
FE0FF00001FC
FE1FE00001FC
FE1FE00001FC
FE3FC00001FC
FE7F800001FC
FEFF000001FC
FEFF000001FC
FFFE000001FC
FFFC000001FC
FFF8000001FC
FFF8000001FC
FFF0000001FC
FFE0000001FC
FFC0000001FC
FFC0000001FC
FF80000001FC
FF00000001FC
FE00000001FC
FE00000001F8
7C00000001F8
100000000020
ENDCHAR
STARTCHAR uni041A
ENCODING 1050
SWIDTH 649 0
DWIDTH 52 0
BBX 42 58 7 -1
BITMAP
7C0000003800
FE000000FC00
FE000000FE00
FE000001FE00
FE000003FE00
FE000003FC00
FE000007F800
FE00000FF800
FE00000FF000
FE00001FE000
FE00003FE000
FE00003FC000
FE00007F8000
FE0000FF8000
FE0000FF0000
FE0001FE0000
FE0001FE0000
FE0003FC0000
FE0007F80000
FE0007F80000
FE000FF00000
FE001FE00000
FE001FE00000
FE003FC00000
FE007F800000
FFFFFF800000
FFFFFF000000
FFFFFFC00000
FFFFFFE00000
FFFFFFF80000
FFFFFFFC0000
FFFFFFFE0000
FE000FFF0000
FE0001FF0000
FE0000FF8000
FE00007FC000
FE00003FC000
FE00001FE000
FE00001FE000
FE00000FF000
FE00000FF000
FE000007F800
FE000007F800
FE000003FC00
FE000003FC00
FE000001FE00
FE000001FE00
FE000000FF00
FE000000FF00
FE0000007F80
FE0000007F80
FE0000003FC0
FE0000003FC0
FE0000003FC0
FE0000001FC0
FE0000001FC0
7C0000000FC0
100000000200
ENDCHAR
STARTCHAR uni041B
ENCODING 1051
SWIDTH 743 0
DWIDTH 59 0
BBX 51 57 2 -1
BITMAP
0003FFFFFFFF80
0007FFFFFFFFC0
0007FFFFFFFFE0
0007FFFFFFFFE0
0007FFFFFFFFE0
0007FFFFFFFFE0
0007F000001FE0
0007F000001FE0
0007F000001FE0
0007F000001FE0
0007F000001FE0
0007F000001FE0
0007F000001FE0
0007F000001FE0
0007F000001FE0
0007F000001FE0
0007F000001FE0
0007F000001FE0
0007F000001FE0
0007F000001FE0
0007F000001FE0
0007F000001FE0
0007F000001FE0
0007E000001FE0
000FE000001FE0
000FE000001FE0
000FE000001FE0
000FE000001FE0
000FE000001FE0
000FE000001FE0
000FE000001FE0
000FE000001FE0
000FE000001FE0
001FE000001FE0
001FC000001FE0
001FC000001FE0
001FC000001FE0
001FC000001FE0
003F8000001FE0
003F8000001FE0
007F8000001FE0
007F0000001FE0
007F0000001FE0
00FF0000001FE0
01FE0000001FE0
01FE0000001FE0
03FC0000001FE0
07FC0000001FE0
0FF80000001FE0
3FF00000001FE0
7FF00000001FE0
FFE00000001FE0
FFC00000001FE0
FF800000001FE0
FE000000000FC0
7C000000000FC0
30000000000200
ENDCHAR
STARTCHAR uni041C
ENCODING 1052
SWIDTH 858 0
DWIDTH 69 0
BBX 55 58 7 -1
BITMAP
38000000000078
FE0000000000FC
FE0000000000FE
FF0000000001FE
FF0000000001FE
FF8000000003FE
FF8000000003FE
FFC000000007FE
FFC00000000FFE
FFE00000000FFE
FFE00000001FFE
FFF00000001FFE
FFF80000003FFE
FFF80000003FFE
FFFC0000007FFE
FFFC0000007EFE
FEFE000000FEFE
FEFE000000FCFE
FE7F000001FCFE
FE7F000001F8FE
FE3F800003F8FE
FE1F800003F0FE
FE1FC00007F0FE
FE0FC0000FE0FE
FE0FE0000FE0FE
FE07E0001FC0FE
FE07F0001F80FE
FE03F8003F80FE
FE03F8003F00FE
FE01FC007F00FE
FE01FC007E00FE
FE00FE00FE00FE
FE00FE00FC00FE
FE007F01FC00FE
FE003F01F800FE
FE003F83F800FE
FE001F83F000FE
FE001FC7F000FE
FE000FCFE000FE
FE000FEFE000FE
FE0007FFC000FE
FE0007FF8000FE
FE0003FF8000FE
FE0003FF0000FE
FE0001FF0000FE
FE0001FE0000FE
FE0000FE0000FE
FE00007C0000FE
FE0000380000FE
FE0000000000FE
FE0000000000FE
FE0000000000FE
FE0000000000FE
FE0000000000FE
FE0000000000FE
FC0000000000FE
7C00000000007C
10000000000030
ENDCHAR
STARTCHAR uni041D
ENCODING 1053
SWIDTH 764 0
DWIDTH 61 0
BBX 47 58 7 -1
BITMAP
7C000000003C
FE00000000FE
FE00000000FE
FE00000000FE
FE00000000FE
FE00000000FE
FE00000000FE
FE00000000FE
FE00000000FE
FE00000000FE
FE00000000FE
FE00000000FE
FE00000000FE
FE00000000FE
FE00000000FE
FE00000000FE
FE00000000FE
FE00000000FE
FE00000000FE
FE00000000FE
FE00000000FE
FE00000000FE
FE00000000FE
FE00000000FE
FE00000000FE
FFFFFFFFFFFE
FFFFFFFFFFFE
FFFFFFFFFFFE
FFFFFFFFFFFE
FFFFFFFFFFFE
FFFFFFFFFFFE
FFFFFFFFFFFE
FE00000000FE
FE00000000FE
FE00000000FE
FE00000000FE
FE00000000FE
FE00000000FE
FE00000000FE
FE00000000FE
FE00000000FE
FE00000000FE
FE00000000FE
FE00000000FE
FE00000000FE
FE00000000FE
FE00000000FE
FE00000000FE
FE00000000FE
FE00000000FE
FE00000000FE
FE00000000FE
FE00000000FE
FE00000000FE
FE00000000FE
FE00000000FE
7C000000007C
100000000010
ENDCHAR
STARTCHAR uni041E
ENCODING 1054
SWIDTH 771 0
DWIDTH 62 0
BBX 52 58 5 -1
BITMAP
00000FFF000000
0000FFFFF00000
0003FFFFFC0000
000FFFFFFF0000
003FFFFFFF8000
007FFFFFFFE000
00FFFF9FFFF000
01FFE0007FF800
03FF80001FFC00
07FE00000FFC00
07FC000003FE00
0FF8000001FF00
1FF0000000FF00
1FE0000000FF80
3FE00000007F80
3FC00000003FC0
3FC00000003FC0
7F800000003FC0
7F800000001FE0
7F800000001FE0
7F000000001FE0
FF000000000FE0
FF000000000FE0
FF000000000FF0
FF000000000FF0
FF000000000FF0
FF000000000FF0
FF000000000FF0
FF000000000FF0
FF000000000FF0
FF000000000FF0
FF000000000FF0
FF000000000FF0
FF000000000FF0
FF000000000FF0
FF000000000FE0
FF000000001FE0
7F800000001FE0
7F800000001FE0
7F800000001FC0
7FC00000003FC0
3FC00000003FC0
3FE00000007F80
1FE00000007F80
1FF0000000FF00
0FF8000001FF00
0FFC000003FE00
07FE000007FE00
03FF00000FFC00
01FFC0003FF800
01FFF801FFF000
00FFFFFFFFE000
003FFFFFFFC000
001FFFFFFF8000
0007FFFFFE0000
0001FFFFF80000
00007FFFE00000
000003FC000000
ENDCHAR
STARTCHAR uni041F
ENCODING 1055
SWIDTH 758 0
DWIDTH 61 0
BBX 47 57 7 -1
BITMAP
7FFFFFFFFFFC
FFFFFFFFFFFC
FFFFFFFFFFFE
FFFFFFFFFFFE
FFFFFFFFFFFE
FFFFFFFFFFFE
FE00000001FE
FE00000001FE
FE00000001FE
FE00000001FE
FE00000001FE
FE00000001FE
FE00000001FE
FE00000001FE
FE00000001FE
FE00000001FE
FE00000001FE
FE00000001FE
FE00000001FE
FE00000001FE
FE00000001FE
FE00000001FE
FE00000001FE
FE00000001FE
FE00000001FE
FE00000001FE
FE00000001FE
FE00000001FE
FE00000001FE
FE00000001FE
FE00000001FE
FE00000001FE
FE00000001FE
FE00000001FE
FE00000001FE
FE00000001FE
FE00000001FE
FE00000001FE
FE00000001FE
FE00000001FE
FE00000001FE
FE00000001FE
FE00000001FE
FE00000001FE
FE00000001FE
FE00000001FE
FE00000001FE
FE00000001FE
FE00000001FE
FE00000001FE
FE00000001FE
FE00000001FE
FE00000001FE
FE00000000FE
FE00000000FE
7C00000000FC
100000000010
ENDCHAR
STARTCHAR uni0420
ENCODING 1056
SWIDTH 637 0
DWIDTH 51 0
BBX 42 57 7 -1
BITMAP
7FFFFFFC0000
FFFFFFFF8000
FFFFFFFFE000
FFFFFFFFF000
FFFFFFFFF800
FFFFFFFFFC00
FE00001FFE00
FE000003FE00
FE000001FF00
FE000000FF00
FE0000007F80
FE0000007F80
FE0000003F80
FE0000003F80
FE0000003F80
FE0000003FC0
FE0000003FC0
FE0000003FC0
FE0000003FC0
FE0000003F80
FE0000003F80
FE0000007F80
FE0000007F80
FE000000FF00
FE000001FF00
FE000003FF00
FE000007FE00
FE00007FFC00
FFFFFFFFF800
FFFFFFFFF000
FFFFFFFFE000
FFFFFFFF8000
FFFFFFFE0000
FFFFFFE00000
FE0000000000
FE0000000000
FE0000000000
FE0000000000
FE0000000000
FE0000000000
FE0000000000
FE0000000000
FE0000000000
FE0000000000
FE0000000000
FE0000000000
FE0000000000
FE0000000000
FE0000000000
FE0000000000
FE0000000000
FE0000000000
FE0000000000
FE0000000000
FE0000000000
7C0000000000
100000000000
ENDCHAR
STARTCHAR uni0421
ENCODING 1057
SWIDTH 675 0
DWIDTH 54 0
BBX 45 58 5 -1
BITMAP
00000FFF8000
0000FFFFF800
0003FFFFFE00
000FFFFFFF80
003FFFFFFFE0
007FFFFFFFF0
00FFFFFFFFF8
01FFF0007FF8
03FFC0000FF8
07FF000003F8
07FE000000F8
0FF800000060
1FF000000000
1FF000000000
3FE000000000
3FC000000000
3FC000000000
7FC000000000
7F8000000000
7F8000000000
7F8000000000
FF0000000000
FF0000000000
FF0000000000
FF0000000000
FF0000000000
FF0000000000
FF0000000000
FF0000000000
FF0000000000
FF0000000000
FF0000000000
FF0000000000
FF0000000000
FF0000000000
FF0000000000
FF0000000000
7F8000000000
7F8000000000
7F8000000000
7FC000000000
3FC000000000
3FE000000000
1FE000000000
1FF000000000
0FF800000000
0FFC00000070
07FE000001F8
03FF000007F8
03FFC0001FF8
01FFFC00FFF8
00FFFFFFFFF8
003FFFFFFFE0
001FFFFFFFC0
0007FFFFFF00
0001FFFFFC00
00007FFFE000
000003FE0000
ENDCHAR
STARTCHAR uni0422
ENCODING 1058
SWIDTH 607 0
DWIDTH 49 0
BBX 49 57 0 -1
BITMAP
7FFFFFFFFFFF00
FFFFFFFFFFFF80
FFFFFFFFFFFF80
FFFFFFFFFFFF80
FFFFFFFFFFFF00
7FFFFFFFFFFE00
000007F0000000
000007F0000000
000007F0000000
000007F0000000
000007F0000000
000007F0000000
000007F0000000
000007F0000000
000007F0000000
000007F0000000
000007F0000000
000007F0000000
000007F0000000
000007F0000000
000007F0000000
000007F0000000
000007F0000000
000007F0000000
000007F0000000
000007F0000000
000007F0000000
000007F0000000
000007F0000000
000007F0000000
000007F0000000
000007F0000000
000007F0000000
000007F0000000
000007F0000000
000007F0000000
000007F0000000
000007F0000000
000007F0000000
000007F0000000
000007F0000000
000007F0000000
000007F0000000
000007F0000000
000007F0000000
000007F0000000
000007F0000000
000007F0000000
000007F0000000
000007F0000000
000007F0000000
000007F0000000
000007F0000000
000007F0000000
000007F0000000
000007E0000000
00000080000000
ENDCHAR
STARTCHAR uni0423
ENCODING 1059
SWIDTH 647 0
DWIDTH 52 0
BBX 49 58 2 -1
BITMAP
78000000001E00
FC000000003F00
FE000000003F80
FE000000007F00
FF000000007F00
7F80000000FF00
7F80000001FE00
3FC0000001FE00
1FE0000003FC00
1FE0000003FC00
0FF0000007F800
0FF0000007F800
07F800000FF000
03FC00000FF000
03FC00001FE000
01FE00001FE000
00FF00003FC000
00FF00003FC000
007F80007F8000
007F80007F8000
003FC000FF0000
001FE000FF0000
001FE001FE0000
000FF001FE0000
000FF003FC0000
0007F803FC0000
0003FC07F80000
0003FC07F00000
0001FE0FF00000
0000FF0FE00000
0000FF1FE00000
00007F9FC00000
00007FBFC00000
00003FFF800000
00001FFF800000
00001FFF000000
00000FFF000000
000007FE000000
000007FE000000
000003FC000000
000003FC000000
000007F8000000
000007F8000000
00000FF0000000
00000FF0000000
00001FE0000000
00001FE0000000
00003FC0000000
00003FC0000000
00007F80000000
00007F80000000
0000FF00000000
0000FF00000000
0001FE00000000
0001FE00000000
0001FC00000000
0000F800000000
00002000000000
ENDCHAR
STARTCHAR uni0424
ENCODING 1060
SWIDTH 854 0
DWIDTH 68 0
BBX 59 61 5 -2
BITMAP
0000001F00000000
0000003F00000000
0000007F80000000
0000007F80000000
0000007F80000000
0000007F80000000
000007FFFC000000
0000FFFFFFE00000
0007FFFFFFFC0000
001FFFFFFFFF0000
007FFFFFFFFF8000
00FFFFFFFFFFE000
03FFF87F83FFF000
07FF807F807FF800
07FE007F801FFC00
0FFC007F8007FC00
1FF0007F8003FE00
1FE0007F8001FF00
3FE0007F8000FF00
3FC0007F8000FF80
7F80007F80007F80
7F80007F80007F80
7F80007F80003FC0
FF00007F80003FC0
FF00007F80003FC0
FF00007F80003FC0
FF00007F80001FC0
FF00007F80001FC0
FE00007F80001FE0
FE00007F80001FE0
FE00007F80001FE0
FE00007F80001FE0
FE00007F80001FE0
FF00007F80001FC0
FF00007F80001FC0
FF00007F80003FC0
FF00007F80003FC0
7F00007F80003FC0
7F80007F80007F80
7F80007F80007F80
7FC0007F80007F80
3FC0007F8000FF00
3FE0007F8001FF00
1FF0007F8003FE00
0FF8007F8003FE00
0FFC007F800FFC00
07FF007F801FF800
03FFC07F807FF000
01FFFE7F9FFFE000
00FFFFFFFFFFC000
003FFFFFFFFF8000
001FFFFFFFFE0000
0003FFFFFFF80000
00007FFFFF800000
0000017F80000000
0000007F80000000
0000007F80000000
0000007F80000000
0000007F80000000
0000003F80000000
0000003F00000000
ENDCHAR
STARTCHAR uni0425
ENCODING 1061
SWIDTH 655 0
DWIDTH 52 0
BBX 46 58 3 -1
BITMAP
1C00000000F0
3F00000001F8
7F00000003F8
7F80000007F8
3FC000000FF8
3FE000000FF0
1FE000001FF0
0FF000003FE0
0FF800003FC0
07FC00007F80
03FC0000FF80
01FE0001FF00
01FF0001FE00
00FF8003FC00
007F8007FC00
003FC00FF800
003FE00FF000
001FE01FE000
000FF03FE000
0007F83FC000
0007FC7F8000
0003FCFF0000
0001FFFF0000
0000FFFE0000
0000FFFC0000
00007FF80000
00003FF80000
00001FF00000
00001FF00000
00003FF00000
00007FF80000
00007FFC0000
0000FFFE0000
0001FFFE0000
0003FEFF0000
0003FCFF8000
0007F87FC000
000FF83FC000
001FF01FE000
001FE01FF000
003FC00FF800
007FC007F800
00FF8003FC00
00FF0003FE00
01FE0001FF00
03FE0000FF00
07FC0000FF80
07F800007FC0
0FF800003FE0
1FF000001FE0
3FE000001FF0
3FC000000FF8
7FC0000007FC
FF80000003FC
FF00000003FC
FE00000001FC
7C00000000FC
100000000020
ENDCHAR
STARTCHAR uni0426
ENCODING 1062
SWIDTH 796 0
DWIDTH 64 0
BBX 55 70 7 -13
BITMAP
7C000000007800
FE00000000FC00
FE00000000FE00
FE00000001FE00
FE00000001FE00
FE00000001FE00
FE00000001FE00
FE00000001FE00
FE00000001FE00
FE00000001FE00
FE00000001FE00
FE00000001FE00
FE00000001FE00
FE00000001FE00
FE00000001FE00
FE00000001FE00
FE00000001FE00
FE00000001FE00
FE00000001FE00
FE00000001FE00
FE00000001FE00
FE00000001FE00
FE00000001FE00
FE00000001FE00
FE00000001FE00
FE00000001FE00
FE00000001FE00
FE00000001FE00
FE00000001FE00
FE00000001FE00
FE00000001FE00
FE00000001FE00
FE00000001FE00
FE00000001FE00
FE00000001FE00
FE00000001FE00
FE00000001FE00
FE00000001FE00
FE00000001FE00
FE00000001FE00
FE00000001FE00
FE00000001FE00
FE00000001FE00
FE00000001FE00
FE00000001FE00
FE00000001FE00
FE00000001FE00
FE00000001FE00
FE00000001FE00
FE00000001FE00
FE00000001FE00
FFFFFFFFFFFFFC
FFFFFFFFFFFFFE
FFFFFFFFFFFFFE
FFFFFFFFFFFFFE
FFFFFFFFFFFFFE
3FFFFFFFFFFFFE
000000000000FE
000000000000FE
000000000000FE
000000000000FE
000000000000FE
000000000000FE
000000000000FE
000000000000FE
000000000000FE
000000000000FE
000000000000FE
000000000000FE
0000000000007C
ENDCHAR
STARTCHAR uni0427
ENCODING 1063
SWIDTH 680 0
DWIDTH 54 0
BBX 43 58 5 -1
BITMAP
780000000780
FC0000000FC0
FE0000001FE0
FE0000001FE0
FE0000001FE0
FE0000001FE0
FE0000001FE0
FE0000001FE0
FE0000001FE0
FE0000001FE0
FE0000001FE0
FE0000001FE0
FE0000001FE0
FE0000001FE0
FE0000001FE0
FE0000001FE0
FE0000001FE0
FE0000001FE0
FE0000001FE0
FF0000001FE0
FF0000001FE0
FF0000001FE0
7F8000001FE0
7F8000001FE0
7FC000001FE0
3FE000001FE0
3FF000001FE0
1FF800003FE0
0FFE0001FFE0
0FFFE01FFFE0
07FFFFFFFFE0
03FFFFFFFFE0
00FFFFFFFFE0
007FFFFFFFE0
001FFFFF9FE0
0003FFFC1FE0
000000001FE0
000000001FE0
000000001FE0
000000001FE0
000000001FE0
000000001FE0
000000001FE0
000000001FE0
000000001FE0
000000001FE0
000000001FE0
000000001FE0
000000001FE0
000000001FE0
000000001FE0
000000001FE0
000000001FE0
000000001FE0
000000001FE0
000000000FC0
000000000FC0
000000000200
ENDCHAR
STARTCHAR uni0428
ENCODING 1064
SWIDTH 1057 0
DWIDTH 85 0
BBX 71 57 7 0
BITMAP
780000007800000078
FE000000FC000000FC
FE000000FE000000FE
FE000000FE000001FE
FE000000FE000001FE
FE000000FE000001FE
FE000000FE000001FE
FE000000FE000001FE
FE000000FE000001FE
FE000000FE000001FE
FE000000FE000001FE
FE000000FE000001FE
FE000000FE000001FE
FE000000FE000001FE
FE000000FE000001FE
FE000000FE000001FE
FE000000FE000001FE
FE000000FE000001FE
FE000000FE000001FE
FE000000FE000001FE
FE000000FE000001FE
FE000000FE000001FE
FE000000FE000001FE
FE000000FE000001FE
FE000000FE000001FE
FE000000FE000001FE
FE000000FE000001FE
FE000000FE000001FE
FE000000FE000001FE
FE000000FE000001FE
FE000000FE000001FE
FE000000FE000001FE
FE000000FE000001FE
FE000000FE000001FE
FE000000FE000001FE
FE000000FE000001FE
FE000000FE000001FE
FE000000FE000001FE
FE000000FE000001FE
FE000000FE000001FE
FE000000FE000001FE
FE000000FE000001FE
FE000000FE000001FE
FE000000FE000001FE
FE000000FE000001FE
FE000000FE000001FE
FE000000FE000001FE
FE000000FE000001FE
FE000000FE000001FE
FE000000FE000001FE
FE000000FE000001FE
FFFFFFFFFFFFFFFFFE
FFFFFFFFFFFFFFFFFE
FFFFFFFFFFFFFFFFFE
FFFFFFFFFFFFFFFFFE
FFFFFFFFFFFFFFFFFC
3FFFFFFFFFFFFFFFF8
ENDCHAR
STARTCHAR uni0429
ENCODING 1065
SWIDTH 1094 0
DWIDTH 88 0
BBX 79 70 7 -13
BITMAP
78000000780000007800
FE000000FC000000FC00
FE000000FE000000FE00
FE000000FE000001FE00
FE000000FE000001FE00
FE000000FE000001FE00
FE000000FE000001FE00
FE000000FE000001FE00
FE000000FE000001FE00
FE000000FE000001FE00
FE000000FE000001FE00
FE000000FE000001FE00
FE000000FE000001FE00
FE000000FE000001FE00
FE000000FE000001FE00
FE000000FE000001FE00
FE000000FE000001FE00
FE000000FE000001FE00
FE000000FE000001FE00
FE000000FE000001FE00
FE000000FE000001FE00
FE000000FE000001FE00
FE000000FE000001FE00
FE000000FE000001FE00
FE000000FE000001FE00
FE000000FE000001FE00
FE000000FE000001FE00
FE000000FE000001FE00
FE000000FE000001FE00
FE000000FE000001FE00
FE000000FE000001FE00
FE000000FE000001FE00
FE000000FE000001FE00
FE000000FE000001FE00
FE000000FE000001FE00
FE000000FE000001FE00
FE000000FE000001FE00
FE000000FE000001FE00
FE000000FE000001FE00
FE000000FE000001FE00
FE000000FE000001FE00
FE000000FE000001FE00
FE000000FE000001FE00
FE000000FE000001FE00
FE000000FE000001FE00
FE000000FE000001FE00
FE000000FE000001FE00
FE000000FE000001FE00
FE000000FE000001FE00
FE000000FE000001FE00
FE000000FE000001FE00
FFFFFFFFFFFFFFFFFFFC
FFFFFFFFFFFFFFFFFFFC
FFFFFFFFFFFFFFFFFFFE
FFFFFFFFFFFFFFFFFFFE
FFFFFFFFFFFFFFFFFFFE
3FFFFFFFFFFFFFFFFFFE
000000000000000000FE
000000000000000000FE
000000000000000000FE
000000000000000000FE
000000000000000000FE
000000000000000000FE
000000000000000000FE
000000000000000000FE
000000000000000000FE
000000000000000000FE
000000000000000000FE
000000000000000000FC
0000000000000000007C
ENDCHAR
STARTCHAR uni042A
ENCODING 1066
SWIDTH 794 0
DWIDTH 64 0
BBX 60 56 0 0
BITMAP
7FFFFE0000000000
FFFFFF0000000000
FFFFFF8000000000
FFFFFF8000000000
FFFFFF8000000000
7FFFFF8000000000
00007F8000000000
00007F8000000000
00007F8000000000
00007F8000000000
00007F8000000000
00007F8000000000
00007F8000000000
00007F8000000000
00007F8000000000
00007F8000000000
00007F8000000000
00007F8000000000
00007F8000000000
00007F8000000000
00007F8000000000
00007F8000000000
00007F8000000000
00007F8000000000
00007FFFFFF80000
00007FFFFFFFC000
00007FFFFFFFF000
00007FFFFFFFFC00
00007FFFFFFFFE00
00007FFFFFFFFF00
00007F80000FFF80
00007F800000FFC0
00007F8000007FC0
00007F8000001FE0
00007F8000001FE0
00007F8000000FF0
00007F8000000FF0
00007F8000000FF0
00007F80000007F0
00007F80000007F0
00007F80000007F0
00007F80000007F0
00007F8000000FF0
00007F8000000FF0
00007F8000000FF0
00007F8000001FE0
00007F8000001FE0
00007F8000003FE0
00007F800000FFC0
00007F800007FF80
00007FFFFFFFFF00
00007FFFFFFFFF00
00007FFFFFFFFC00
00007FFFFFFFF800
00003FFFFFFFC000
00001FFFFFFE0000
ENDCHAR
STARTCHAR uni042B
ENCODING 1067
SWIDTH 865 0
DWIDTH 69 0
BBX 55 58 7 -1
BITMAP
7C00000000003C
FE00000000007E
FE0000000000FE
FE0000000000FE
FE0000000000FE
FE0000000000FE
FE0000000000FE
FE0000000000FE
FE0000000000FE
FE0000000000FE
FE0000000000FE
FE0000000000FE
FE0000000000FE
FE0000000000FE
FE0000000000FE
FE0000000000FE
FE0000000000FE
FE0000000000FE
FE0000000000FE
FE0000000000FE
FE0000000000FE
FE0000000000FE
FE0000000000FE
FE0000000000FE
FE0000000000FE
FFFFFF800000FE
FFFFFFFC0000FE
FFFFFFFF8000FE
FFFFFFFFC000FE
FFFFFFFFF000FE
FFFFFFFFF800FE
FE0000FFF800FE
FE00000FFC00FE
FE000003FE00FE
FE000001FE00FE
FE000001FE00FE
FE000000FF00FE
FE000000FF00FE
FE0000007F00FE
FE0000007F00FE
FE0000007F00FE
FE0000007F00FE
FE0000007F00FE
FE0000007F00FE
FE000000FF00FE
FE000000FF00FE
FE000000FE00FE
FE000001FE00FE
FE000003FE00FE
FE00000FFC00FE
FE00007FF800FE
FFFFFFFFF800FE
FFFFFFFFF000FE
FFFFFFFFC000FE
FFFFFFFF8000FE
FFFFFFFE0000FE
3FFFFFE000007E
00000000000018
ENDCHAR
STARTCHAR uni042C
ENCODING 1068
SWIDTH 663 0
DWIDTH 53 0
BBX 43 57 7 0
BITMAP
7C0000000000
FE0000000000
FE0000000000
FE0000000000
FE0000000000
FE0000000000
FE0000000000
FE0000000000
FE0000000000
FE0000000000
FE0000000000
FE0000000000
FE0000000000
FE0000000000
FE0000000000
FE0000000000
FE0000000000
FE0000000000
FE0000000000
FE0000000000
FE0000000000
FE0000000000
FE0000000000
FE0000000000
FE0000000000
FFFFFFF80000
FFFFFFFF8000
FFFFFFFFE000
FFFFFFFFF800
FFFFFFFFFC00
FFFFFFFFFE00
FE00003FFF00
FE000003FF00
FE000000FF80
FE0000007F80
FE0000003FC0
FE0000003FC0
FE0000001FC0
FE0000001FC0
FE0000001FC0
FE0000001FE0
FE0000001FE0
FE0000001FC0
FE0000001FC0
FE0000001FC0
FE0000003FC0
FE0000003FC0
FE0000007F80
FE000000FF80
FE000001FF00
FE00001FFF00
FFFFFFFFFE00
FFFFFFFFFC00
FFFFFFFFF800
FFFFFFFFE000
FFFFFFFF8000
3FFFFFFC0000
ENDCHAR
STARTCHAR uni042D
ENCODING 1069
SWIDTH 675 0
DWIDTH 54 0
BBX 46 58 3 -1
BITMAP
0003FFC00000
003FFFFC0000
01FFFFFF0000
07FFFFFFC000
0FFFFFFFF000
3FFFFFFFF800
7FFFFFFFFC00
7FF8003FFE00
FFC00007FF00
7F000003FF80
7E000000FF80
380000007FC0
000000003FE0
000000003FE0
000000001FF0
000000000FF0
000000000FF0
000000000FF8
0000000007F8
0000000007F8
0000000007F8
0000000003FC
0000000003FC
0000000003FC
0000000003FC
000FFFFFFFFC
001FFFFFFFFC
003FFFFFFFFC
003FFFFFFFFC
003FFFFFFFFC
001FFFFFFFFC
0000000003FC
0000000003FC
0000000003FC
0000000003FC
0000000003FC
0000000003FC
0000000007F8
0000000007F8
0000000007F8
000000000FF0
000000000FF0
000000001FF0
000000001FE0
000000003FE0
000000007FC0
78000000FFC0
7E000001FF80
FF000007FF00
FFE0001FFF00
7FFC00FFFE00
7FFFFFFFFC00
1FFFFFFFF000
0FFFFFFFE000
03FFFFFF8000
00FFFFFE0000
003FFFF00000
0000FE000000
ENDCHAR
STARTCHAR uni042E
ENCODING 1070
SWIDTH 1021 0
DWIDTH 82 0
BBX 70 58 7 -1
BITMAP
7C00000003FFE00000
FE0000001FFFFC0000
FE0000007FFFFF0000
FE000001FFFFFFC000
FE000007FFFFFFF000
FE00000FFFFFFFF800
FE00001FFFE7FFFC00
FE00003FFC001FFE00
FE00007FF00007FF00
FE00007FC00001FF80
FE0000FF800000FF80
FE0001FF0000007FC0
FE0001FE0000003FC0
FE0003FE0000003FE0
FE0003FC0000001FE0
FE0007F80000000FF0
FE0007F80000000FF0
FE0007F80000000FF0
FE000FF000000007F8
FE000FF000000007F8
FE000FF000000007F8
FE000FE000000007F8
FE000FE000000003FC
FE001FE000000003FC
FE001FE000000003FC
FFFFFFE000000003FC
FFFFFFE000000003FC
FFFFFFE000000003FC
FFFFFFE000000003FC
FFFFFFE000000003FC
FFFFFFE000000003FC
FFFFFFE000000003FC
FE001FE000000003FC
FE001FE000000003FC
FE000FE000000003FC
FE000FE000000003F8
FE000FF000000007F8
FE000FF000000007F8
FE000FF000000007F8
FE0007F000000007F8
FE0007F80000000FF0
FE0007F80000000FF0
FE0003FC0000001FE0
FE0003FC0000001FE0
FE0003FE0000003FE0
FE0001FF0000007FC0
FE0000FF800000FFC0
FE0000FFC00001FF80
FE00007FE00003FF00
FE00003FF8000FFE00
FE00001FFE003FFC00
FE00000FFFFFFFF800
FE000007FFFFFFF000
FE000003FFFFFFE000
FE000000FFFFFFC000
FE0000003FFFFF0000
7C0000000FFFF80000
10000000007F000000
ENDCHAR
STARTCHAR uni042F
ENCODING 1071
SWIDTH 674 0
DWIDTH 54 0
BBX 42 57 5 -1
BITMAP
000FFFFFFF80
007FFFFFFFC0
01FFFFFFFFC0
03FFFFFFFFC0
07FFFFFFFFC0
0FFFFFFFFFC0
1FFE00001FC0
3FF000001FC0
3FE000001FC0
7FC000001FC0
7F8000001FC0
7F8000001FC0
7F0000001FC0
7F0000001FC0
FF0000001FC0
FF0000001FC0
FF0000001FC0
FF0000001FC0
7F0000001FC0
7F0000001FC0
7F0000001FC0
7F8000001FC0
3FC000001FC0
3FC000001FC0
3FF000001FC0
1FF800001FC0
0FFF80001FC0
07FFFFFFFFC0
03FFFFFFFFC0
01FFFFFFFFC0
007FFFFFFFC0
000FFFFFFFC0
000FFFC01FC0
001FF0001FC0
003FE0001FC0
007FC0001FC0
007F80001FC0
00FF00001FC0
01FF00001FC0
01FE00001FC0
03FE00001FC0
03FC00001FC0
07F800001FC0
07F800001FC0
0FF000001FC0
0FF000001FC0
1FE000001FC0
3FE000001FC0
3FC000001FC0
7FC000001FC0
7F8000001FC0
FF8000001FC0
FF0000001FC0
FE0000001FC0
FE0000001FC0
7C0000000F80
100000000200
ENDCHAR
STARTCHAR uni0430
ENCODING 1072
SWIDTH 544 0
DWIDTH 44 0
BBX 32 41 5 -1
BITMAP
0003E000
007FFF80
03FFFFE0
0FFFFFF0
3FFFFFF8
3FFFFFFC
3FF807FC
3F8001FE
3E0000FE
000000FF
0000007F
0000007F
0000007F
0000007F
0000007F
0000007F
0000007F
00007FFF
00FFFFFF
07FFFFFF
1FFFFFFF
3FFFFFFF
7FF8007F
7FC0007F
FF00007F
FE00007F
FE00007F
FE00007F
FE00007F
FE0000FF
FE0000FF
FE0001FF
FF0003FF
7F8007FF
7FE01FBF
3FFFFF3F
1FFFFF3F
0FFFFE3F
07FFF83F
01FFF03F
000F0008
ENDCHAR
STARTCHAR uni0431
ENCODING 1073
SWIDTH 571 0
DWIDTH 46 0
BBX 38 58 4 -1
BITMAP
00000007C0
0000007FC0
000007FFE0
00003FFFE0
0001FFFFC0
0007FFFF80
001FFFFC00
007FFFE000
00FFFE0000
01FFE00000
03FF000000
07FC000000
0FF8000000
0FF0000000
1FE0000000
1FC0000000
3F80000000
3F80000000
7F007F8000
7F03FFF000
7F0FFFFC00
7E1FFFFE00
FE3FFFFF00
FE7FFFFF80
FEFE01FFC0
FFF8007FE0
FFE0003FE0
FFC0001FF0
FFC0000FF0
FF800007F8
FF800007F8
FF000007F8
FF000003F8
FF000003F8
FF000003FC
FE000003FC
FE000003FC
FE000003FC
FE000003FC
FE000003FC
FF000003FC
FF000003FC
7F000003F8
7F000003F8
7F000007F8
7F800007F8
3F800007F0
3FC0000FF0
1FE0001FE0
1FF0003FE0
0FF8007FC0
07FE03FF80
07FFFFFF00
03FFFFFE00
00FFFFFC00
007FFFF000
000FFFC000
0000FE0000
ENDCHAR
STARTCHAR uni0432
ENCODING 1074
SWIDTH 552 0
DWIDTH 44 0
BBX 35 39 6 0
BITMAP
3FFFFF8000
7FFFFFF000
FFFFFFFC00
FFFFFFFE00
FFFFFFFF00
FE0001FF00
FE00007F80
FE00003F80
FE00003F80
FE00003F80
FE00003F80
FE00003F80
FE00003F80
FE00003F80
FE00007F00
FE0000FF00
FE0007FE00
FFFFFFFC00
FFFFFFF000
FFFFFFF800
FFFFFFFE00
FFFFFFFF00
FE00007F80
FE00003F80
FE00001FC0
FE00001FC0
FE00000FC0
FE00000FE0
FE00000FE0
FE00000FC0
FE00001FC0
FE00001FC0
FE00003FC0
FE0000FF80
FFFFFFFF80
FFFFFFFF00
FFFFFFFC00
7FFFFFF000
3FFFFF8000
ENDCHAR
STARTCHAR uni0433
ENCODING 1075
SWIDTH 440 0
DWIDTH 35 0
BBX 29 40 6 -1
BITMAP
3FFFFFE0
7FFFFFF0
FFFFFFF8
FFFFFFF8
FFFFFFF0
FFFFFFE0
FF000000
FF000000
FF000000
FF000000
FF000000
FF000000
FF000000
FF000000
FF000000
FF000000
FF000000
FF000000
FF000000
FF000000
FF000000
FF000000
FF000000
FF000000
FF000000
FF000000
FF000000
FF000000
FF000000
FF000000
FF000000
FF000000
FF000000
FF000000
FF000000
FF000000
FE000000
7E000000
7E000000
10000000
ENDCHAR
STARTCHAR uni0434
ENCODING 1076
SWIDTH 598 0
DWIDTH 48 0
BBX 44 50 2 -11
BITMAP
001FFFFFF000
003FFFFFF800
003FFFFFF800
007FFFFFF800
007FFFFFFC00
007FFFFFFC00
007F0001FC00
007F0001FC00
007F0001FC00
007F0001FC00
007F0001FC00
007F0001FC00
007F0001FC00
007F0001FC00
007F0001FC00
007F0001FC00
007F0001FC00
007E0001FC00
007E0001FC00
007E0001FC00
007E0001FC00
007E0001FC00
00FE0001FC00
00FE0001FC00
00FC0001FC00
00FC0001FC00
01FC0001FC00
01FC0001FC00
01F80001FC00
03F80001FC00
03F80001FC00
07F00001FC00
07F00001FC00
3FFFFFFFFFC0
7FFFFFFFFFE0
FFFFFFFFFFF0
FFFFFFFFFFF0
FFFFFFFFFFF0
FFFFFFFFFFF0
FC00000007F0
FC00000007F0
FC00000007F0
FC00000007F0
FC00000007F0
FC00000007F0
FC00000007F0
FC00000007F0
FC00000003F0
FC00000003E0
7800000001C0
ENDCHAR
STARTCHAR uni0435
ENCODING 1077
SWIDTH 545 0
DWIDTH 44 0
BBX 36 41 4 -1
BITMAP
0000F80000
000FFFC000
003FFFF000
00FFFFF800
01FFFFFC00
03FFFFFE00
07FC00FF00
0FF0007F80
1FE0001F80
1FC0001FC0
3F80000FC0
3F80000FE0
7F000007E0
7F000007E0
7F000007E0
FE000003F0
FE000003F0
FE000003F0
FFFFFFFFF0
FFFFFFFFF0
FFFFFFFFF0
FFFFFFFFE0
FE00000000
FE00000000
FE00000000
FE00000000
7F00000000
7F00000000
7F00000000
3F80000000
3FC0000000
3FE00000C0
1FF00003E0
0FF8000FE0
07FF00FFE0
03FFFFFFE0
01FFFFFFC0
00FFFFFF80
003FFFFE00
000FFFF000
00007E0000
ENDCHAR
STARTCHAR uni0436
ENCODING 1078
SWIDTH 794 0
DWIDTH 64 0
BBX 60 40 2 -1
BITMAP
0F00001F00001F00
1F80003F80001F80
1FC0003F80003F80
1FC0003F80007F80
1FE0003F8000FF00
0FF0003F8001FE00
07F8003F8001FE00
03FC003F8003FC00
03FC003F8007F800
01FE003F800FF000
00FF003F800FF000
007F803F801FE000
003F803F803FC000
003FC03F807F8000
001FE03F80FF8000
000FF03F80FF0000
0007FFFFFFFE0000
0007FFFFFFFC0000
000FFFFFFFFF0000
003FFFFFFFFF8000
007FFFFFFFFFC000
007FFFFFFFFFE000
00FF803F803FF000
01FF003F800FF000
03FE003F8007F800
03FC003F8003FC00
07F8003F8003FC00
07F8003F8001FE00
0FF0003F8000FE00
0FE0003F8000FF00
1FE0003F80007F80
3FC0003F80007F80
3FC0003F80003FC0
7F80003F80001FC0
7F00003F80001FE0
FF00003F80000FE0
FE00003F80000FF0
FE00003F800007E0
7C00001F800003E0
1000000400000080
ENDCHAR
STARTCHAR uni0437
ENCODING 1079
SWIDTH 502 0
DWIDTH 40 0
BBX 34 41 3 -1
BITMAP
0007F80000
00FFFF8000
07FFFFE000
1FFFFFF800
7FFFFFFC00
7FFFFFFE00
FFC007FE00
7E0001FF00
780000FF00
0000007F00
0000007F00
0000007F00
0000007F00
0000007F00
0000007F00
000000FE00
000001FE00
00003FFC00
003FFFF800
007FFFE000
007FFFF000
007FFFFC00
003FFFFE00
000001FF00
0000007F80
0000003F80
0000003F80
0000001FC0
0000001FC0
0000001FC0
0000001FC0
0000003F80
F800003F80
FE0000FF80
FFC003FF00
FFFFFFFF00
7FFFFFFE00
3FFFFFF800
0FFFFFF000
01FFFF8000
000FF80000
ENDCHAR
STARTCHAR uni0438
ENCODING 1080
SWIDTH 588 0
DWIDTH 47 0
BBX 35 41 6 -1
BITMAP
1000000100
7C000007C0
FE00000FE0
FE00001FE0
FE00003FE0
FE00007FE0
FE00007FE0
FE0000FFE0
FE0001FFE0
FE0003FFE0
FE0003FFE0
FE0007FFE0
FE000FEFE0
FE001FCFE0
FE001FCFE0
FE003F8FE0
FE007F0FE0
FE00FE0FE0
FE00FE0FE0
FE01FC0FE0
FE03F80FE0
FE07F00FE0
FE07F00FE0
FE0FE00FE0
FE1FC00FE0
FE3F800FE0
FE3F800FE0
FE7F000FE0
FEFE000FE0
FFFC000FE0
FFFC000FE0
FFF8000FE0
FFF0000FE0
FFE0000FE0
FFE0000FE0
FFC0000FE0
FF80000FE0
FF00000FE0
FF00000FE0
7E000007C0
1800000100
ENDCHAR
STARTCHAR uni0439
ENCODING 1081
SWIDTH 588 0
DWIDTH 47 0
BBX 35 57 6 -1
BITMAP
0700001C00
0F00001E00
0F80003E00
0F80003E00
07C0007C00
07E000FC00
03F803F800
01FFBFF000
00FFFFE000
007FFFC000
001FFF0000
0007FC0000
0000000000
0000000000
0000000000
0000000000
1000000100
7C000007C0
FE00000FE0
FE00001FE0
FE00003FE0
FE00007FE0
FE00007FE0
FE0000FFE0
FE0001FFE0
FE0003FFE0
FE0003FFE0
FE0007FFE0
FE000FEFE0
FE001FCFE0
FE001FCFE0
FE003F8FE0
FE007F0FE0
FE00FE0FE0
FE00FE0FE0
FE01FC0FE0
FE03F80FE0
FE07F00FE0
FE07F00FE0
FE0FE00FE0
FE1FC00FE0
FE3F800FE0
FE3F800FE0
FE7F000FE0
FEFE000FE0
FFFC000FE0
FFFC000FE0
FFF8000FE0
FFF0000FE0
FFE0000FE0
FFE0000FE0
FFC0000FE0
FF80000FE0
FF00000FE0
FF00000FE0
7E000007C0
1800000100
ENDCHAR
STARTCHAR uni043A
ENCODING 1082
SWIDTH 534 0
DWIDTH 43 0
BBX 35 40 6 -1
BITMAP
7C00001E00
7E00003F00
FE00007F00
FF0000FF00
FF0001FE00
FF0001FE00
FF0003FC00
FF0007F800
FF000FF000
FF001FF000
FF001FE000
FF003FC000
FF007F8000
FF00FF8000
FF00FF0000
FF01FE0000
FFFFFC0000
FFFFF80000
FFFFFE0000
FFFFFF0000
FFFFFF8000
FFFFFFC000
FF007FE000
FF001FF000
FF000FF000
FF0007F800
FF0007F800
FF0003FC00
FF0001FE00
FF0001FE00
FF0000FF00
FF0000FF00
FF00007F80
FF00003FC0
FF00003FC0
FF00001FE0
FE00001FE0
FE00000FC0
7E000007C0
1000000100
ENDCHAR
STARTCHAR uni043B
ENCODING 1083
SWIDTH 579 0
DWIDTH 46 0
BBX 38 40 2 -1
BITMAP
001FFFFFF0
003FFFFFF8
007FFFFFFC
007FFFFFFC
007FFFFFFC
007FFFFFFC
007F0001FC
007F0001FC
007F0001FC
007F0001FC
007F0001FC
007F0001FC
007F0001FC
007F0001FC
007F0001FC
007F0001FC
007F0001FC
007F0001FC
007F0001FC
007F0001FC
007E0001FC
00FE0001FC
00FE0001FC
00FE0001FC
00FE0001FC
00FE0001FC
01FC0001FC
01FC0001FC
03FC0001FC
03F80001FC
07F80001FC
0FF00001FC
1FF00001FC
7FE00001FC
FFE00001FC
FFC00001FC
FF800001FC
FE000001FC
7C000000F8
2000000020
ENDCHAR
STARTCHAR uni043C
ENCODING 1084
SWIDTH 665 0
DWIDTH 53 0
BBX 41 41 6 -1
BITMAP
100000000400
7C0000001F00
FE0000003F80
FF0000003F80
FF0000007F80
FF800000FF80
FF800000FF80
FFC00001FF80
FFC00001FF80
FFE00003FF80
FFF00003FF80
FFF00007FF80
FFF8000FFF80
FFF8000FFF80
FEFC001FBF80
FEFC001FBF80
FE7E003F3F80
FE7F003F3F80
FE3F007E3F80
FE1F807E3F80
FE1F80FC3F80
FE0FC1F83F80
FE0FC1F83F80
FE07E3F03F80
FE03F3F03F80
FE03F7E03F80
FE01FFE03F80
FE01FFC03F80
FE00FF803F80
FE00FF803F80
FE007F003F80
FE003F003F80
FE003E003F80
FE001C003F80
FE0000003F80
FE0000003F80
FE0000003F80
FE0000003F80
FC0000001F80
7C0000001F00
100000000600
ENDCHAR
STARTCHAR uni043D
ENCODING 1085
SWIDTH 592 0
DWIDTH 47 0
BBX 35 41 6 -1
BITMAP
1000000100
7E000007C0
FE00000FE0
FE00000FE0
FF00000FE0
FF00000FE0
FF00000FE0
FF00000FE0
FF00000FE0
FF00000FE0
FF00000FE0
FF00000FE0
FF00000FE0
FF00000FE0
FF00000FE0
FF00000FE0
FF00000FE0
FFFFFFFFE0
FFFFFFFFE0
FFFFFFFFE0
FFFFFFFFE0
FFFFFFFFE0
FFFFFFFFE0
FF00000FE0
FF00000FE0
FF00000FE0
FF00000FE0
FF00000FE0
FF00000FE0
FF00000FE0
FF00000FE0
FF00000FE0
FF00000FE0
FF00000FE0
FF00000FE0
FF00000FE0
FF00000FE0
FE00000FE0
FE00000FE0
7E000007C0
1000000300
ENDCHAR
STARTCHAR uni043E
ENCODING 1086
SWIDTH 571 0
DWIDTH 46 0
BBX 38 41 4 -1
BITMAP
00007C0000
000FFFC000
007FFFF000
00FFFFFC00
03FFFFFE00
07FFFFFF00
0FFF03FF80
0FF800FFC0
1FF0003FE0
3FE0001FE0
3FC0000FF0
7F80000FF0
7F800007F0
7F000007F8
7F000003F8
FF000003F8
FF000003F8
FE000003FC
FE000003FC
FE000003FC
FE000003FC
FE000003FC
FE000003FC
FE000003FC
FF000003F8
FF000003F8
7F000003F8
7F000007F8
7F800007F0
7F80000FF0
3FC0000FF0
3FE0001FE0
1FF0003FE0
0FF8007FC0
0FFE03FF80
07FFFFFF00
03FFFFFE00
00FFFFFC00
007FFFF000
001FFFC000
0000F80000
ENDCHAR
STARTCHAR uni043F
ENCODING 1087
SWIDTH 589 0
DWIDTH 47 0
BBX 35 40 6 -1
BITMAP
3FFFFFFF80
7FFFFFFFC0
FFFFFFFFE0
FFFFFFFFE0
FFFFFFFFE0
FFFFFFFFE0
FF00000FE0
FF00000FE0
FF00000FE0
FF00000FE0
FF00000FE0
FF00000FE0
FF00000FE0
FF00000FE0
FF00000FE0
FF00000FE0
FF00000FE0
FF00000FE0
FF00000FE0
FF00000FE0
FF00000FE0
FF00000FE0
FF00000FE0
FF00000FE0
FF00000FE0
FF00000FE0
FF00000FE0
FF00000FE0
FF00000FE0
FF00000FE0
FF00000FE0
FF00000FE0
FF00000FE0
FF00000FE0
FF00000FE0
FF00000FE0
FE00000FE0
FE00000FE0
7E00000FC0
1000000100
ENDCHAR
STARTCHAR uni0440
ENCODING 1088
SWIDTH 598 0
DWIDTH 48 0
BBX 38 55 6 -15
BITMAP
10003E0000
7E03FFE000
FE0FFFF800
FE1FFFFE00
FE3FFFFF00
FE7FFFFF80
FEFF03FFC0
FEF8007FC0
FFF0003FE0
FFE0001FF0
FFC0000FF0
FF800007F0
FF800007F8
FF800007F8
FF000003F8
FF000003F8
FF000003FC
FF000003FC
FF000003FC
FE000003FC
FE000003FC
FE000003FC
FF000003FC
FF000003FC
FF000003FC
FF000003F8
FF000003F8
FF000007F8
FF800007F8
FF80000FF0
FFC0000FF0
FFE0001FF0
FFF0003FE0
FFF8007FC0
FFFF03FFC0
FF7FFFFF80
FF3FFFFF00
FF1FFFFE00
FF0FFFF800
FF03FFE000
FF003E0000
FF00000000
FF00000000
FF00000000
FF00000000
FF00000000
FF00000000
FF00000000
FF00000000
FF00000000
FF00000000
FF00000000
FE00000000
7E00000000
3C00000000
ENDCHAR
STARTCHAR uni0441
ENCODING 1089
SWIDTH 476 0
DWIDTH 38 0
BBX 32 41 4 -1
BITMAP
00007C00
000FFFC0
007FFFF0
00FFFFFC
03FFFFFE
07FFFFFF
0FFF03FF
1FFC007F
1FF0001E
3FE00000
3FC00000
7F800000
7F800000
7F000000
FF000000
FF000000
FF000000
FF000000
FE000000
FE000000
FE000000
FE000000
FE000000
FF000000
FF000000
FF000000
7F000000
7F800000
7F800000
3F800000
3FC00000
3FE00000
1FF0001E
0FFC003F
0FFF01FF
07FFFFFF
03FFFFFE
00FFFFFC
007FFFF0
000FFFC0
0000FC00
ENDCHAR
STARTCHAR uni0442
ENCODING 1090
SWIDTH 450 0
DWIDTH 36 0
BBX 36 40 0 -1
BITMAP
7FFFFFFFE0
FFFFFFFFF0
FFFFFFFFF0
FFFFFFFFF0
FFFFFFFFF0
7FFFFFFFE0
0003FC0000
0003FC0000
0003FC0000
0003FC0000
0003FC0000
0003FC0000
0003FC0000
0003FC0000
0003FC0000
0003FC0000
0003FC0000
0003FC0000
0003FC0000
0003FC0000
0003FC0000
0003FC0000
0003FC0000
0003FC0000
0003FC0000
0003FC0000
0003FC0000
0003FC0000
0003FC0000
0003FC0000
0003FC0000
0003FC0000
0003FC0000
0003FC0000
0003FC0000
0003FC0000
0003FC0000
0001F80000
0001F80000
0000200000
ENDCHAR
STARTCHAR uni0443
ENCODING 1091
SWIDTH 528 0
DWIDTH 42 0
BBX 38 55 2 -15
BITMAP
0800000020
7E000000F8
7E000001FC
FF000001FC
7F000003FC
7F800003F8
7F800003F8
3F800007F0
3FC00007F0
1FC0000FF0
1FE0000FE0
1FE0000FE0
0FE0001FC0
0FF0001FC0
07F0003F80
07F8003F80
03F8007F80
03FC007F00
03FC007F00
01FC00FE00
01FE00FE00
00FE01FC00
00FF01FC00
007F01FC00
007F03F800
007F83F800
003F87F000
003FC7F000
001FCFE000
001FCFE000
000FEFE000
000FFFC000
000FFFC000
0007FF8000
0007FF8000
0003FF0000
0003FF0000
0001FF0000
0001FE0000
0001FE0000
0001FC0000
0003FC0000
0003F80000
0007F80000
0007F00000
0007F00000
000FF00000
000FE00000
001FE00000
001FC00000
003FC00000
003F800000
003F800000
003F000000
001E000000
ENDCHAR
STARTCHAR uni0444
ENCODING 1092
SWIDTH 804 0
DWIDTH 64 0
BBX 56 72 4 -15
BITMAP
0000003C000000
0000007E000000
0000007F000000
0000007F000000
0000007F000000
0000007F000000
0000007F000000
0000007F000000
0000007F000000
0000007F000000
0000007F000000
0000007F000000
0000007F000000
0000007F000000
0000007F000000
0000007F000000
0000007F000000
000F007F00F000
007FE07F07FF00
01FFF87F1FFF80
03FFFC7F3FFFE0
07FFFE7F7FFFF0
0FFFFF7F7FFFF0
1FF81F7FFC1FF8
1FF00FFFF007FC
3FE007FFE003FC
3FC003FFC001FE
7F8001FFC001FE
7F8001FF8000FE
7F0000FF8000FE
7F0000FF0000FF
FF0000FF00007F
FF0000FF00007F
FE0000FF00007F
FE00007F00007F
FE00007F00007F
FE00007F00007F
FE00007F00007F
FE00007F00007F
FE00007F00007F
FE00007F00007F
FE0000FF00007F
FF0000FF00007F
FF0000FF00007F
7F0000FF0000FF
7F0000FF8000FE
7F8001FF8000FE
7F8001FF8001FE
3FC003FFC001FE
3FC003FFE003FC
1FE007FFF007FC
1FF81F7FF81FF8
0FFFFF7F7FFFF0
07FFFE7F7FFFF0
03FFFC7F3FFFE0
01FFF87F1FFF80
007FE07F07FF00
000F007F00F800
0000007F000000
0000007F000000
0000007F000000
0000007F000000
0000007F000000
0000007F000000
0000007F000000
0000007F000000
0000007F000000
0000007F000000
0000007F000000
0000007F000000
0000007E000000
0000003C000000
ENDCHAR
STARTCHAR uni0445
ENCODING 1093
SWIDTH 540 0
DWIDTH 43 0
BBX 35 40 4 0
BITMAP
1800000100
7E00000FC0
7F00001FC0
7F80001FC0
7FC0003FC0
3FC0007FC0
1FE000FF80
1FF001FF00
0FF801FE00
07F803FC00
03FC07F800
01FE0FF800
01FF0FF000
00FF9FE000
007FBFC000
003FFF8000
001FFF8000
001FFF0000
000FFE0000
0007FC0000
0007FC0000
000FFE0000
001FFF0000
001FFF8000
003FFFC000
007FBFC000
00FF1FE000
01FF0FF000
03FE0FF800
03FC07FC00
07F803FC00
0FF801FE00
1FF001FF00
3FE000FF80
3FC0007FC0
7F80003FC0
FF80001FE0
FF00001FE0
FE00000FE0
7C000007E0
ENDCHAR
STARTCHAR uni0446
ENCODING 1094
SWIDTH 603 0
DWIDTH 48 0
BBX 40 51 6 -11
BITMAP
1000000200
7E00001F80
FE00001FC0
FE00001FC0
FF00001FC0
FF00001FC0
FF00001FC0
FF00001FC0
FF00001FC0
FF00001FC0
FF00001FC0
FF00001FC0
FF00001FC0
FF00001FC0
FF00001FC0
FF00001FC0
FF00001FC0
FF00001FC0
FF00001FC0
FF00001FC0
FF00001FC0
FF00001FC0
FF00001FC0
FF00001FC0
FF00001FC0
FF00001FC0
FF00001FC0
FF00001FC0
FF00001FC0
FF00001FC0
FF00001FC0
FF00001FC0
FF00001FC0
FF00001FC0
FFFFFFFFFC
FFFFFFFFFF
FFFFFFFFFF
FFFFFFFFFF
7FFFFFFFFF
3FFFFFFFFF
000000003F
000000003F
000000003F
000000003F
000000003F
000000003F
000000003F
000000003F
000000003F
000000003F
000000001E
ENDCHAR
STARTCHAR uni0447
ENCODING 1095
SWIDTH 557 0
DWIDTH 45 0
BBX 33 41 5 -1
BITMAP
1000000400
FC00001F00
FE00003F80
FE00003F80
FE00003F80
FE00003F80
FE00003F80
FE00003F80
FE00003F80
FE00003F80
FE00003F80
FE00003F80
FE00003F80
FE00003F80
FE00003F80
FF00003F80
FF00003F80
FF00003F80
7F80003F80
7FC0007F80
3FF803FF80
3FFFFFFF80
1FFFFFFF80
0FFFFFFF80
07FFFFFF80
01FFFF3F80
003FFC3F80
0000003F80
0000003F80
0000003F80
0000003F80
0000003F80
0000003F80
0000003F80
0000003F80
0000003F80
0000003F80
0000003F80
0000003F80
0000001F80
0000000600
ENDCHAR
STARTCHAR uni0448
ENCODING 1096
SWIDTH 807 0
DWIDTH 65 0
BBX 52 40 6 0
BITMAP
10000020000080
7C0000F80003E0
FE0001FC0003F0
FE0001FC0007F0
FE0001FC0007F0
FE0001FC0007F0
FE0001FC0007F0
FE0001FC0007F0
FE0001FC0007F0
FE0001FC0007F0
FE0001FC0007F0
FE0001FC0007F0
FE0001FC0007F0
FE0001FC0007F0
FE0001FC0007F0
FE0001FC0007F0
FE0001FC0007F0
FE0001FC0007F0
FE0001FC0007F0
FE0001FC0007F0
FE0001FC0007F0
FE0001FC0007F0
FE0001FC0007F0
FE0001FC0007F0
FE0001FC0007F0
FE0001FC0007F0
FE0001FC0007F0
FE0001FC0007F0
FE0001FC0007F0
FE0001FC0007F0
FE0001FC0007F0
FE0001FC0007F0
FE0001FC0007F0
FE0001FC0007F0
FFFFFFFFFFFFF0
FFFFFFFFFFFFF0
FFFFFFFFFFFFF0
FFFFFFFFFFFFF0
7FFFFFFFFFFFF0
3FFFFFFFFFFFE0
ENDCHAR
STARTCHAR uni0449
ENCODING 1097
SWIDTH 833 0
DWIDTH 67 0
BBX 58 51 6 -11
BITMAP
1000002000008000
7C0000F80003E000
FE0001FC0003F000
FE0001FC0007F000
FE0001FC0007F000
FE0001FC0007F000
FE0001FC0007F000
FE0001FC0007F000
FE0001FC0007F000
FE0001FC0007F000
FE0001FC0007F000
FE0001FC0007F000
FE0001FC0007F000
FE0001FC0007F000
FE0001FC0007F000
FE0001FC0007F000
FE0001FC0007F000
FE0001FC0007F000
FE0001FC0007F000
FE0001FC0007F000
FE0001FC0007F000
FE0001FC0007F000
FE0001FC0007F000
FE0001FC0007F000
FE0001FC0007F000
FE0001FC0007F000
FE0001FC0007F000
FE0001FC0007F000
FE0001FC0007F000
FE0001FC0007F000
FE0001FC0007F000
FE0001FC0007F000
FE0001FC0007F000
FE0001FC0007F000
FFFFFFFFFFFFFF80
FFFFFFFFFFFFFFC0
FFFFFFFFFFFFFFC0
FFFFFFFFFFFFFFC0
7FFFFFFFFFFFFFC0
3FFFFFFFFFFFFFC0
0000000000000FC0
0000000000000FC0
0000000000000FC0
0000000000000FC0
0000000000000FC0
0000000000000FC0
0000000000000FC0
0000000000000FC0
0000000000000FC0
00000000000007C0
0000000000000380
ENDCHAR
STARTCHAR uni044A
ENCODING 1098
SWIDTH 619 0
DWIDTH 50 0
BBX 46 39 0 0
BITMAP
7FFFC0000000
FFFFE0000000
FFFFF0000000
FFFFF0000000
FFFFF0000000
7FFFF0000000
0007F0000000
0007F0000000
0007F0000000
0007F0000000
0007F0000000
0007F0000000
0007F0000000
0007F0000000
0007FFFFFC00
0007FFFFFF00
0007FFFFFFC0
0007FFFFFFE0
0007FFFFFFF0
0007F0001FF8
0007F00007F8
0007F00003FC
0007F00001FC
0007F00001FC
0007F00001FC
0007F00001FC
0007F00001FC
0007F00001FC
0007F00001FC
0007F00001FC
0007F00003FC
0007F00003F8
0007F0000FF8
0007F0003FF0
0007FFFFFFE0
0007FFFFFFC0
0007FFFFFF80
0007FFFFFE00
0003FFFFF000
ENDCHAR
STARTCHAR uni044B
ENCODING 1099
SWIDTH 740 0
DWIDTH 59 0
BBX 47 41 6 -1
BITMAP
100000000010
7E000000007C
FE00000000FE
FE00000000FE
FF00000000FE
FF00000000FE
FF00000000FE
FF00000000FE
FF00000000FE
FF00000000FE
FF00000000FE
FF00000000FE
FF00000000FE
FF00000000FE
FF00000000FE
FFFFFF8000FE
FFFFFFF000FE
FFFFFFFC00FE
FFFFFFFE00FE
FFFFFFFF00FE
FF0001FF00FE
FF00007F80FE
FF00003F80FE
FF00003FC0FE
FF00001FC0FE
FF00001FC0FE
FF00001FC0FE
FF00001FC0FE
FF00001FC0FE
FF00001FC0FE
FF00001FC0FE
FF00003FC0FE
FF00007F80FE
FF0000FF80FE
FF0003FF00FE
FFFFFFFE00FE
FFFFFFFC00FE
FFFFFFF800FE
7FFFFFE000FE
3FFFFF00007C
000000000010
ENDCHAR
STARTCHAR uni044C
ENCODING 1100
SWIDTH 541 0
DWIDTH 43 0
BBX 34 40 6 0
BITMAP
1000000000
7E00000000
FE00000000
FE00000000
FF00000000
FF00000000
FF00000000
FF00000000
FF00000000
FF00000000
FF00000000
FF00000000
FF00000000
FF00000000
FF00000000
FFFFFF8000
FFFFFFF000
FFFFFFFC00
FFFFFFFE00
FFFFFFFF00
FF0001FF00
FF00007F80
FF00003F80
FF00003FC0
FF00001FC0
FF00001FC0
FF00001FC0
FF00001FC0
FF00001FC0
FF00001FC0
FF00001FC0
FF00003FC0
FF00007F80
FF0000FF80
FF0003FF00
FFFFFFFE00
FFFFFFFC00
FFFFFFF800
7FFFFFE000
3FFFFF0000
ENDCHAR
STARTCHAR uni044D
ENCODING 1101
SWIDTH 495 0
DWIDTH 40 0
BBX 34 41 2 -1
BITMAP
001F800000
01FFFC0000
0FFFFF0000
3FFFFFC000
7FFFFFE000
FFFFFFF000
FF801FF800
FC0007FC00
780003FE00
000001FE00
000000FF00
0000007F00
0000007F80
0000003F80
0000003F80
0000003F80
0000003F80
0000001FC0
01FFFFFFC0
01FFFFFFC0
01FFFFFFC0
01FFFFFFC0
00FFFFFFC0
0000001FC0
0000003F80
0000003F80
0000003F80
0000003F80
0000007F00
0000007F00
000000FF00
000001FE00
780003FC00
FC0007FC00
FF801FF800
FFFFFFF000
7FFFFFE000
3FFFFFC000
0FFFFF0000
03FFFC0000
001F800000
ENDCHAR
STARTCHAR uni044E
ENCODING 1102
SWIDTH 780 0
DWIDTH 62 0
BBX 52 41 6 -1
BITMAP
10000001F80000
7E00003FFF8000
FE0000FFFFE000
FE0003FFFFF800
FE0007FFFFFC00
FE000FFFFFFE00
FE001FFC07FF00
FE003FF001FF80
FE003FC0007F80
FE007F80003FC0
FE007F80003FC0
FE00FF00001FE0
FE00FE00000FE0
FE00FE00000FE0
FE01FE00000FF0
FE01FC000007F0
FE01FC000007F0
FFFFFC000007F0
FFFFFC000007F0
FFFFFC000007F0
FFFFFC000007F0
FFFFFC000007F0
FFFFFC000007F0
FE01FC000007F0
FE01FC000007F0
FE01FC000007F0
FE01FE00000FF0
FE00FE00000FE0
FE00FE00000FE0
FE00FF00001FE0
FE007F80003FC0
FE007F80003FC0
FE003FC0007F80
FE003FF001FF80
FE001FFC07FF00
FE000FFFFFFE00
FE0007FFFFFC00
FE0003FFFFF800
FE0000FFFFE000
7E00003FFF8000
10000003F00000
ENDCHAR
STARTCHAR uni044F
ENCODING 1103
SWIDTH 544 0
DWIDTH 44 0
BBX 32 40 5 -1
BITMAP
007FFFFE
03FFFFFF
0FFFFFFF
1FFFFFFF
3FFFFFFF
7FF0007F
7FC0007F
FF00007F
FF00007F
FE00007F
FE00007F
FE00007F
FE00007F
FE00007F
FE00007F
FE00007F
7F00007F
7F80007F
3FE0007F
3FFFFFFF
0FFFFFFF
07FFFFFF
01FFFFFF
007FFFFF
00FFF07F
03FF007F
07FC007F
07F8007F
0FF0007F
1FF0007F
1FE0007F
3FE0007F
3FC0007F
7F80007F
7F80007F
FF00007F
FF00007F
7E00003F
7C00003E
10000008
ENDCHAR
STARTCHAR uni0450
ENCODING 1104
SWIDTH 545 0
DWIDTH 44 0
BBX 36 62 4 -1
BITMAP
00F8000000
00FC000000
01FC000000
00FE000000
00FE000000
007F000000
003F000000
003F800000
001F800000
000FC00000
000FC00000
0007E00000
0007E00000
0003F00000
0001F00000
0001F00000
0000F00000
0000200000
0000000000
0000000000
0000000000
0000F80000
000FFFC000
003FFFF000
00FFFFF800
01FFFFFC00
03FFFFFE00
07FC00FF00
0FF0007F80
1FE0001F80
1FC0001FC0
3F80000FC0
3F80000FE0
7F000007E0
7F000007E0
7F000007E0
FE000003F0
FE000003F0
FE000003F0
FFFFFFFFF0
FFFFFFFFF0
FFFFFFFFF0
FFFFFFFFE0
FE00000000
FE00000000
FE00000000
FE00000000
7F00000000
7F00000000
7F00000000
3F80000000
3FC0000000
3FE00000C0
1FF00003E0
0FF8000FE0
07FF00FFE0
03FFFFFFE0
01FFFFFFC0
00FFFFFF80
003FFFFE00
000FFFF000
00007E0000
ENDCHAR
STARTCHAR uni0451
ENCODING 1105
SWIDTH 545 0
DWIDTH 44 0
BBX 36 57 4 -1
BITMAP
007C01F000
00FE01F800
00FF03FC00
00FF03FC00
00FF03FC00
00FF03FC00
007E01F800
003C00F000
0000000000
0000000000
0000000000
0000000000
0000000000
0000000000
0000000000
0000000000
0000F80000
000FFFC000
003FFFF000
00FFFFF800
01FFFFFC00
03FFFFFE00
07FC00FF00
0FF0007F80
1FE0001F80
1FC0001FC0
3F80000FC0
3F80000FE0
7F000007E0
7F000007E0
7F000007E0
FE000003F0
FE000003F0
FE000003F0
FFFFFFFFF0
FFFFFFFFF0
FFFFFFFFF0
FFFFFFFFE0
FE00000000
FE00000000
FE00000000
FE00000000
7F00000000
7F00000000
7F00000000
3F80000000
3FC0000000
3FE00000C0
1FF00003E0
0FF8000FE0
07FF00FFE0
03FFFFFFE0
01FFFFFFC0
00FFFFFF80
003FFFFE00
000FFFF000
00007E0000
ENDCHAR
STARTCHAR uni0452
ENCODING 1106
SWIDTH 583 0
DWIDTH 47 0
BBX 42 71 -1 -14
BITMAP
007800000000
00FC00000000
01FC00000000
01FE00000000
01FE00000000
01FE00000000
01FE00000000
01FE00000000
FFFFFFFC0000
FFFFFFFE0000
FFFFFFFE0000
FFFFFFFC0000
7FFFFFFC0000
01FE00000000
01FE00000000
01FE00000000
01FE00000000
01FE007C0000
01FE07FFC000
01FE1FFFF000
01FE3FFFF800
01FE7FFFFC00
01FEFFFFFE00
01FFFE0FFF00
01FFF001FF00
01FFE000FF80
01FFC0007F80
01FF80007F80
01FF00003F80
01FF00003F80
01FE00003F80
01FE00003FC0
01FE00003FC0
01FE00003FC0
01FE00003FC0
01FE00003FC0
01FE00003FC0
01FE00003FC0
01FE00003FC0
01FE00003FC0
01FE00003FC0
01FE00003FC0
01FE00003FC0
01FE00003FC0
01FE00003FC0
01FE00003FC0
01FE00003FC0
01FE00003FC0
01FE00003FC0
01FE00003FC0
01FE00003FC0
01FE00003FC0
01FE00003FC0
01FE00003FC0
01FE00003F80
00FC00003F80
00FC00003F80
002000003F80
000000003F80
000000007F80
000000007F80
00000000FF00
00000000FF00
00000001FE00
00000007FE00
0000001FFC00
0000007FF800
0000007FF000
000000FFE000
0000007F8000
0000007E0000
ENDCHAR
STARTCHAR uni0453
ENCODING 1107
SWIDTH 440 0
DWIDTH 35 0
BBX 29 62 6 -1
BITMAP
00001E00
00003F00
00003F00
00007F00
00007F00
0000FE00
0000FC00
0001FC00
0001F800
0003F000
0003F000
0007E000
0007C000
000FC000
000F8000
001F0000
000F0000
00040000
00000000
00000000
00000000
00000000
3FFFFFE0
7FFFFFF0
FFFFFFF8
FFFFFFF8
FFFFFFF0
FFFFFFE0
FF000000
FF000000
FF000000
FF000000
FF000000
FF000000
FF000000
FF000000
FF000000
FF000000
FF000000
FF000000
FF000000
FF000000
FF000000
FF000000
FF000000
FF000000
FF000000
FF000000
FF000000
FF000000
FF000000
FF000000
FF000000
FF000000
FF000000
FF000000
FF000000
FF000000
FE000000
7E000000
7E000000
10000000
ENDCHAR
STARTCHAR uni0454
ENCODING 1108
SWIDTH 496 0
DWIDTH 40 0
BBX 34 41 4 -1
BITMAP
00007C0000
000FFFE000
003FFFFC00
00FFFFFF00
01FFFFFF80
07FFFFFFC0
0FFE007FC0
0FF8001FC0
1FE0000780
3FC0000100
3FC0000000
7F80000000
7F00000000
7F00000000
7F00000000
FE00000000
FE00000000
FE00000000
FFFFFFC000
FFFFFFE000
FFFFFFE000
FFFFFFE000
FFFFFFC000
FE00000000
FE00000000
FE00000000
7F00000000
7F00000000
7F00000000
3F80000000
3FC0000000
1FC0000000
1FE0000780
0FF8001F80
07FE007FC0
03FFFFFF80
01FFFFFF80
00FFFFFE00
003FFFFC00
000FFFE000
0000FC0000
ENDCHAR
STARTCHAR uni0455
ENCODING 1109
SWIDTH 493 0
DWIDTH 39 0
BBX 31 41 4 -1
BITMAP
0001F000
007FFF00
01FFFFE0
03FFFFF0
0FFFFFFC
1FFFFFFC
1FF003FE
3FC000FC
3F80003C
7F000000
7F000000
7F000000
7F000000
7F000000
7F800000
3FC00000
3FE00000
1FFE0000
1FFFF000
0FFFFF00
03FFFFC0
00FFFFF0
001FFFF8
0000FFFC
00000FFC
000001FE
000000FE
000000FE
0000007E
0000007E
0000007E
000000FE
780000FE
FE0001FE
FFC007FC
FFFFFFF8
7FFFFFF0
3FFFFFE0
0FFFFFC0
01FFFE00
000FE000
ENDCHAR
STARTCHAR uni0456
ENCODING 1110
SWIDTH 248 0
DWIDTH 20 0
BBX 9 56 5 0
BITMAP
3F00
7F80
FF80
FF80
FF80
FF80
7F80
3E00
0000
0000
0000
0000
0000
0000
0000
0000
0000
3E00
3F00
7F00
7F80
7F80
7F80
7F80
7F80
7F80
7F80
7F80
7F80
7F80
7F80
7F80
7F80
7F80
7F80
7F80
7F80
7F80
7F80
7F80
7F80
7F80
7F80
7F80
7F80
7F80
7F80
7F80
7F80
7F80
7F80
7F80
7F80
7F00
3F00
3E00
ENDCHAR
STARTCHAR uni0457
ENCODING 1111
SWIDTH 248 0
DWIDTH 20 0
BBX 22 56 -1 0
BITMAP
7C00F8
FE01FC
FF03FC
FF03FC
FF03FC
FF03FC
7E01F8
3C00F0
000000
000000
000000
000000
000000
000000
000000
000000
000000
00F800
00FC00
01FC00
01FE00
01FE00
01FE00
01FE00
01FE00
01FE00
01FE00
01FE00
01FE00
01FE00
01FE00
01FE00
01FE00
01FE00
01FE00
01FE00
01FE00
01FE00
01FE00
01FE00
01FE00
01FE00
01FE00
01FE00
01FE00
01FE00
01FE00
01FE00
01FE00
01FE00
01FE00
01FE00
01FE00
01FC00
00FC00
00F800
ENDCHAR
STARTCHAR uni0458
ENCODING 1112
SWIDTH 252 0
DWIDTH 20 0
BBX 19 71 -4 -15
BITMAP
001F80
003FC0
003FE0
003FE0
003FE0
003FE0
003FC0
000F80
000000
000000
000000
000000
000000
000000
000000
000000
000200
001F80
001FC0
001FC0
001FC0
001FC0
001FC0
001FC0
001FC0
001FC0
001FC0
001FC0
001FC0
001FC0
001FC0
001FC0
001FC0
001FC0
001FC0
001FC0
001FC0
001FC0
001FC0
001FC0
001FC0
001FC0
001FC0
001FC0
001FC0
001FC0
001FC0
001FC0
001FC0
001FC0
001FC0
001FC0
001FC0
001FC0
001FC0
001FC0
001FC0
001FC0
003FC0
003FC0
003FC0
003F80
007F80
00FF80
01FF00
0FFF00
7FFE00
FFFC00
FFF800
FFE000
7F0000
ENDCHAR
STARTCHAR uni0459
ENCODING 1113
SWIDTH 871 0
DWIDTH 70 0
BBX 65 40 2 -1
BITMAP
001FFFFFF000000000
003FFFFFF800000000
007FFFFFFC00000000
007FFFFFFC00000000
007FFFFFFC00000000
007FFFFFFC00000000
007F0001FC00000000
007F0001FC00000000
007F0001FC00000000
007F0001FC00000000
007F0001FC00000000
007F0001FC00000000
007F0001FC00000000
007F0001FC00000000
007F0001FFFFFF0000
007F0001FFFFFFE000
007F0001FFFFFFF000
007F0001FFFFFFF800
007F0001FFFFFFFC00
007F0001FC0007FE00
007E0001FC0001FE00
00FE0001FC0000FF00
00FE0001FC00007F00
00FE0001FC00007F00
00FE0001FC00003F80
00FE0001FC00003F80
01FC0001FC00003F80
01FC0001FC00003F80
03FC0001FC00007F00
03F80001FC00007F00
07F80001FC00007F00
0FF00001FC0000FF00
1FF00001FC0001FE00
7FE00001FC000FFE00
FFE00001FFFFFFFC00
FFC00001FFFFFFF800
FF800001FFFFFFE000
FE000001FFFFFFC000
7C000000FFFFFC0000
200000000000000000
ENDCHAR
STARTCHAR uni045A
ENCODING 1114
SWIDTH 885 0
DWIDTH 71 0
BBX 62 41 6 -1
BITMAP
1000000100000000
7E000007C0000000
FE00000FE0000000
FE00000FE0000000
FF00000FE0000000
FF00000FE0000000
FF00000FE0000000
FF00000FE0000000
FF00000FE0000000
FF00000FE0000000
FF00000FE0000000
FF00000FE0000000
FF00000FE0000000
FF00000FE0000000
FF00000FE0000000
FF00000FFFFFF800
FF00000FFFFFFF00
FFFFFFFFFFFFFF80
FFFFFFFFFFFFFFC0
FFFFFFFFFFFFFFE0
FFFFFFFFE0003FF0
FFFFFFFFE0000FF8
FFFFFFFFE00007F8
FF00000FE00003F8
FF00000FE00003F8
FF00000FE00001FC
FF00000FE00001FC
FF00000FE00001FC
FF00000FE00001FC
FF00000FE00001FC
FF00000FE00003F8
FF00000FE00003F8
FF00000FE00007F8
FF00000FE0000FF0
FF00000FE0007FF0
FF00000FFFFFFFE0
FF00000FFFFFFFC0
FE00000FFFFFFF00
FE00000FFFFFFE00
7E000007FFFFE000
1000000000000000
ENDCHAR
STARTCHAR uni045B
ENCODING 1115
SWIDTH 583 0
DWIDTH 47 0
BBX 41 58 -1 -1
BITMAP
007800000000
00FC00000000
01FC00000000
01FE00000000
01FE00000000
01FE00000000
01FE00000000
01FE00000000
FFFFFFFC0000
FFFFFFFC0000
FFFFFFFC0000
FFFFFFFC0000
7FFFFFF80000
01FE00000000
01FE00000000
01FE00000000
01FE00000000
01FE007E0000
01FE07FFC000
01FE1FFFF000
01FE3FFFF800
01FE7FFFFC00
01FEFFFFFE00
01FFFE0FFF00
01FFF001FF00
01FFE000FF00
01FFC0007F80
01FF80007F80
01FF00003F80
01FF00003F80
01FE00003F80
01FE00003F80
01FE00003F80
01FE00003F80
01FE00003F80
01FE00003F80
01FE00003F80
01FE00003F80
01FE00003F80
01FE00003F80
01FE00003F80
01FE00003F80
01FE00003F80
01FE00003F80
01FE00003F80
01FE00003F80
01FE00003F80
01FE00003F80
01FE00003F80
01FE00003F80
01FE00003F80
01FE00003F80
01FE00003F80
01FE00003F80
01FE00003F80
00FC00003F80
00FC00001F80
002000000400
ENDCHAR
STARTCHAR uni045C
ENCODING 1116
SWIDTH 534 0
DWIDTH 43 0
BBX 35 62 6 -1
BITMAP
000001F000
000001F800
000003F800
000003F800
000007F000
000007F000
00000FE000
00000FC000
00001FC000
00001F8000
00003F0000
00003F0000
00007E0000
00007C0000
0000FC0000
0000F80000
0000F00000
0000200000
0000000000
0000000000
0000000000
0000000000
7C00001E00
7E00003F00
FE00007F00
FF0000FF00
FF0001FE00
FF0001FE00
FF0003FC00
FF0007F800
FF000FF000
FF001FF000
FF001FE000
FF003FC000
FF007F8000
FF00FF8000
FF00FF0000
FF01FE0000
FFFFFC0000
FFFFF80000
FFFFFE0000
FFFFFF0000
FFFFFF8000
FFFFFFC000
FF007FE000
FF001FF000
FF000FF000
FF0007F800
FF0007F800
FF0003FC00
FF0001FE00
FF0001FE00
FF0000FF00
FF0000FF00
FF00007F80
FF00003FC0
FF00003FC0
FF00001FE0
FE00001FE0
FE00000FC0
7E000007C0
1000000100
ENDCHAR
STARTCHAR uni045D
ENCODING 1117
SWIDTH 588 0
DWIDTH 47 0
BBX 35 62 6 -1
BITMAP
01F0000000
03F0000000
03F8000000
03F8000000
01FC000000
00FC000000
00FE000000
007E000000
003F000000
003F000000
001F800000
001F800000
000FC00000
0007C00000
0007E00000
0003E00000
0001E00000
0000800000
0000000000
0000000000
0000000000
1000000100
7C000007C0
FE00000FE0
FE00001FE0
FE00003FE0
FE00007FE0
FE00007FE0
FE0000FFE0
FE0001FFE0
FE0003FFE0
FE0003FFE0
FE0007FFE0
FE000FEFE0
FE001FCFE0
FE001FCFE0
FE003F8FE0
FE007F0FE0
FE00FE0FE0
FE00FE0FE0
FE01FC0FE0
FE03F80FE0
FE07F00FE0
FE07F00FE0
FE0FE00FE0
FE1FC00FE0
FE3F800FE0
FE3F800FE0
FE7F000FE0
FEFE000FE0
FFFC000FE0
FFFC000FE0
FFF8000FE0
FFF0000FE0
FFE0000FE0
FFE0000FE0
FFC0000FE0
FF80000FE0
FF00000FE0
FF00000FE0
7E000007C0
1800000100
ENDCHAR
STARTCHAR uni045E
ENCODING 1118
SWIDTH 528 0
DWIDTH 42 0
BBX 38 71 2 -15
BITMAP
0380000700
03C0000F80
03C0000F80
03E0001F00
03F0003F00
01F8007E00
00FC00FC00
00FFCFFC00
007FFFF800
001FFFF000
000FFFC000
0001FE0000
0000000000
0000000000
0000000000
0000000000
0800000020
7E000000F8
7E000001FC
FF000001FC
7F000003FC
7F800003F8
7F800003F8
3F800007F0
3FC00007F0
1FC0000FF0
1FE0000FE0
1FE0000FE0
0FE0001FC0
0FF0001FC0
07F0003F80
07F8003F80
03F8007F80
03FC007F00
03FC007F00
01FC00FE00
01FE00FE00
00FE01FC00
00FF01FC00
007F01FC00
007F03F800
007F83F800
003F87F000
003FC7F000
001FCFE000
001FCFE000
000FEFE000
000FFFC000
000FFFC000
0007FF8000
0007FF8000
0003FF0000
0003FF0000
0001FF0000
0001FE0000
0001FE0000
0001FC0000
0003FC0000
0003F80000
0007F80000
0007F00000
0007F00000
000FF00000
000FE00000
001FE00000
001FC00000
003FC00000
003F800000
003F800000
003F000000
001E000000
ENDCHAR
STARTCHAR uni045F
ENCODING 1119
SWIDTH 589 0
DWIDTH 47 0
BBX 35 51 6 -11
BITMAP
1000000100
7E00000FC0
FE00000FE0
FE00000FE0
FF00000FE0
FF00000FE0
FF00000FE0
FF00000FE0
FF00000FE0
FF00000FE0
FF00000FE0
FF00000FE0
FF00000FE0
FF00000FE0
FF00000FE0
FF00000FE0
FF00000FE0
FF00000FE0
FF00000FE0
FF00000FE0
FF00000FE0
FF00000FE0
FF00000FE0
FF00000FE0
FF00000FE0
FF00000FE0
FF00000FE0
FF00000FE0
FF00000FE0
FF00000FE0
FF00000FE0
FF00000FE0
FF00000FE0
FF00000FE0
FFFFFFFFE0
FFFFFFFFE0
FFFFFFFFE0
FFFFFFFFE0
7FFFFFFFC0
3FFFFFFF80
0003F80000
0003F80000
0003F80000
0003F80000
0003F80000
0003F80000
0003F80000
0003F80000
0003F80000
0001F00000
0000E00000
ENDCHAR
STARTCHAR uni0462
ENCODING 1122
SWIDTH 729 0
DWIDTH 58 0
BBX 57 57 -2 0
BITMAP
0000F00000000000
0001F80000000000
0003F80000000000
0003F80000000000
0003F80000000000
0003F80000000000
0003F80000000000
0003F80000000000
0003F80000000000
FFFFFFFFFF000000
FFFFFFFFFF800000
FFFFFFFFFF800000
FFFFFFFFFF800000
7FFFFFFFFF000000
0003F80000000000
0003F80000000000
0003F80000000000
0003F80000000000
0003F80000000000
0003F80000000000
0003F80000000000
0003F80000000000
0003F80000000000
0003F80000000000
0003F80000000000
0003FFFFFFE00000
0003FFFFFFFE0000
0003FFFFFFFF8000
0003FFFFFFFFE000
0003FFFFFFFFF000
0003FFFFFFFFF800
0003F800007FFC00
0003F800000FFE00
0003F8000003FE00
0003F8000001FF00
0003F8000000FF00
0003F80000007F00
0003F80000007F00
0003F80000007F80
0003F80000007F80
0003F80000007F80
0003F80000007F80
0003F80000007F80
0003F80000007F80
0003F80000007F00
0003F80000007F00
0003F8000000FF00
0003F8000001FF00
0003F8000003FE00
0003F8000007FE00
0003F800003FFC00
0003FFFFFFFFF800
0003FFFFFFFFF000
0003FFFFFFFFE000
0003FFFFFFFFC000
0001FFFFFFFE0000
0000FFFFFFF00000
ENDCHAR
STARTCHAR uni0463
ENCODING 1123
SWIDTH 619 0
DWIDTH 50 0
BBX 46 57 0 0
BITMAP
0003C0000000
0007E0000000
0007F0000000
0007F0000000
0007F0000000
0007F0000000
0007F0000000
0007F0000000
0007F0000000
0007F0000000
0007F0000000
0007F0000000
0007F0000000
0007F0000000
0007F0000000
0007F0000000
0007F0000000
0007F0000000
7FFFFFFF0000
FFFFFFFF8000
FFFFFFFF8000
FFFFFFFF8000
FFFFFFFF8000
0007F0000000
0007F0000000
0007F0000000
0007F0000000
0007F0000000
0007F0000000
0007F0000000
0007F0000000
0007F0000000
0007FFFFFC00
0007FFFFFF00
0007FFFFFFC0
0007FFFFFFE0
0007FFFFFFF0
0007F0001FF8
0007F00007F8
0007F00003FC
0007F00001FC
0007F00001FC
0007F00001FC
0007F00001FC
0007F00001FC
0007F00001FC
0007F00001FC
0007F00001FC
0007F00003FC
0007F00003F8
0007F0000FF8
0007F0003FF0
0007FFFFFFF0
0007FFFFFFE0
0007FFFFFF80
0007FFFFFE00
0003FFFFF000
ENDCHAR
STARTCHAR uni046A
ENCODING 1130
SWIDTH 968 0
DWIDTH 77 0
BBX 73 57 2 -1
BITMAP
001FFFFFFFFFFFFC0000
001FFFFFFFFFFFFC0000
001FFFFFFFFFFFFE0000
001FFFFFFFFFFFFC0000
000FFFFFFFFFFFF80000
0007F800000007F80000
0003F80000000FF00000
0001FC0000001FE00000
0001FE0000003FC00000
0000FF0000007F800000
00007F8000007F000000
00003FC00000FE000000
00001FE00001FC000000
00000FE00003FC000000
000007F00007F8000000
000007F8000FF0000000
000003FC001FE0000000
000001FE001FC0000000
000000FF003F80000000
0000007F007F00000000
0000003F80FF00000000
0000001FC1FE00000000
0000000FE3FC00000000
0000000FF3F800000000
00000007FFF000000000
00000FFFFFFFF8000000
00007FFFFFFFFF000000
0000FFFFFFFFFFC00000
0003FFFFFFFFFFE00000
0007FFFFFFFFFFF00000
000FFFFFFFFFFFF80000
001FFC007F001FFC0000
001FF0007F0007FE0000
003FE0007F0001FE0000
007FC0007F0000FF0000
007F80007F0000FF8000
00FF00007F00007F8000
00FF00007F00003FC000
01FE00007F00003FC000
01FE00007F00001FE000
03FC00007F00001FE000
03FC00007F00000FF000
07F800007F00000FF000
07F800007F000007F800
0FF000007F000007F800
0FF000007F000003FC00
1FE000007F000003FC00
1FE000007F000001FE00
3FC000007F000001FE00
3FC000007F000000FF00
7F8000007F000000FF00
7F8000007F000000FF00
7F0000007F0000007F80
FF0000007F0000007F80
7E0000007F0000003F80
7E0000003F0000001F00
080000000C0000000400
ENDCHAR
STARTCHAR uni046B
ENCODING 1131
SWIDTH 794 0
DWIDTH 64 0
BBX 59 40 2 -1
BITMAP
000FFFFFFFFF0000
001FFFFFFFFF8000
001FFFFFFFFF8000
001FFFFFFFFF0000
000FFFFFFFFF0000
0007F00000FE0000
0003F80001FC0000
0001FC0003F80000
0001FE0007F00000
0000FE000FE00000
00007F001FC00000
00003F803F800000
00001FC03F800000
00000FE07F000000
000007F0FE000000
000003F9FC000000
000003FBF8000000
0003FFFFFFFC0000
000FFFFFFFFF0000
001FFFFFFFFF8000
003FFFFFFFFFC000
007FFFFFFFFFE000
00FFF03F81FFE000
01FF003F801FF000
01FE003F800FF800
03FC003F8007F800
03FC003F8003FC00
07F8003F8001FE00
0FF0003F8001FE00
0FF0003F8000FF00
1FE0003F80007F00
1FC0003F80007F80
3FC0003F80003FC0
7F80003F80003FC0
7F80003F80001FE0
FF00003F80000FE0
FE00003F80000FE0
FE00003F800007E0
7C00001F800003E0
1000000400000080
ENDCHAR
STARTCHAR uni0472
ENCODING 1138
SWIDTH 772 0
DWIDTH 62 0
BBX 52 58 5 -1
BITMAP
00000FFF000000
0000FFFFF00000
0003FFFFFC0000
000FFFFFFF0000
003FFFFFFF8000
007FFFFFFFE000
00FFFF9FFFF000
01FFE0007FF800
03FF80001FFC00
07FE00000FFC00
07FC000003FE00
0FF8000001FF00
1FF0000000FF00
1FE0000000FF80
3FE00000007F80
3FC00000003FC0
3FC00000003FC0
7F800000003FC0
7F800000001FE0
7F800000001FE0
7F000000001FE0
FF000000000FE0
FF000000000FE0
FF000000000FF0
FF000000000FF0
FFFFFFFFFFFFF0
FFFFFFFFFFFFF0
FFFFFFFFFFFFF0
FFFFFFFFFFFFF0
FFFFFFFFFFFFF0
FFFFFFFFFFFFF0
FF000000000FF0
FF000000000FF0
FF000000000FF0
FF000000000FF0
FF000000000FE0
FF000000001FE0
7F800000001FE0
7F800000001FE0
7F800000001FC0
7FC00000003FC0
3FC00000003FC0
3FE00000007F80
1FE00000007F80
1FF0000000FF00
0FF8000001FF00
0FFC000003FE00
07FE000007FE00
03FF00000FFC00
01FFC0003FF800
01FFF801FFF000
00FFFFFFFFE000
003FFFFFFFC000
001FFFFFFF8000
0007FFFFFE0000
0001FFFFF80000
00007FFFE00000
000003FC000000
ENDCHAR
STARTCHAR uni0473
ENCODING 1139
SWIDTH 571 0
DWIDTH 46 0
BBX 38 41 4 -1
BITMAP
00007C0000
000FFFC000
007FFFF000
00FFFFFC00
03FFFFFE00
07FFFFFF00
0FFF03FF80
0FF8007FC0
1FF0003FE0
3FE0001FE0
3FC0000FF0
7F80000FF0
7F800007F8
7F000007F8
7F000003F8
FF000003F8
FF000003F8
FF000003FC
FFFFFFFFFC
FFFFFFFFFC
FFFFFFFFFC
FFFFFFFFFC
FFFFFFFFFC
FF000003FC
FF000003F8
FF000003F8
7F000003F8
7F000007F8
7F800007F8
3F80000FF0
3FC0000FF0
3FE0001FE0
1FF0003FE0
0FF8007FC0
0FFF03FF80
07FFFFFF00
03FFFFFE00
00FFFFFC00
007FFFF000
000FFFC000
0000F80000
ENDCHAR
STARTCHAR uni0474
ENCODING 1140
SWIDTH 749 0
DWIDTH 60 0
BBX 61 58 1 -1
BITMAP
3C000000000003F0
7E00000000001FF8
FF00000000007FF8
FF0000000000FFF8
7F0000000003FFF8
7F8000000003FFF0
7F8000000007FF80
3FC00000000FFC00
3FC00000001FF000
1FE00000001FE000
1FE00000003FE000
0FE00000003FC000
0FF00000007F8000
0FF00000007F8000
07F8000000FF0000
07F8000000FF0000
03FC000000FE0000
03FC000001FE0000
01FC000001FC0000
01FE000003FC0000
00FE000003F80000
00FF000007F80000
00FF000007F80000
007F800007F00000
007F80000FF00000
003F80000FE00000
003FC0001FE00000
001FC0001FC00000
001FE0001FC00000
001FE0003FC00000
000FF0003F800000
000FF0007F800000
0007F0007F000000
0007F8007F000000
0003F800FF000000
0003FC00FE000000
0001FC01FE000000
0001FE01FC000000
0001FE01FC000000
0000FE03F8000000
0000FF03F8000000
00007F07F8000000
00007F87F0000000
00003F8FF0000000
00003FCFE0000000
00003FCFE0000000
00001FDFC0000000
00001FFFC0000000
00000FFFC0000000
00000FFF80000000
000007FF80000000
000007FF00000000
000003FF00000000
000003FE00000000
000003FE00000000
000001FE00000000
000000FC00000000
0000002000000000
ENDCHAR
STARTCHAR uni0475
ENCODING 1141
SWIDTH 555 0
DWIDTH 44 0
BBX 44 41 2 -1
BITMAP
0800000001C0
7E0000001FE0
7E0000007FF0
FF000000FFF0
7F000001FFF0
7F800001FFE0
7F800003FF80
3F800007FC00
3FC00007F800
1FC0000FF000
1FE0000FE000
1FE0000FE000
0FE0001FC000
0FF0001FC000
07F0003F8000
07F8003F8000
03F8007F8000
03FC007F0000
03FC007F0000
01FC00FE0000
01FE00FE0000
00FE01FC0000
00FF01FC0000
007F01FC0000
007F03F80000
007F83F80000
003F87F00000
003FC7F00000
001FC7E00000
001FCFE00000
000FEFE00000
000FFFC00000
0007FFC00000
0007FF800000
0007FF800000
0003FF000000
0003FF000000
0001FF000000
0001FE000000
0000FC000000
000010000000
ENDCHAR
STARTCHAR uni048A
ENCODING 1162
SWIDTH 761 0
DWIDTH 61 0
BBX 53 86 7 -13
BITMAP
00600000380000
00F000007C0000
00F800007C0000
00F80000F80000
007C0001F80000
007E0003F00000
003F800FE00000
001FF87FE00000
000FFFFFC00000
0007FFFF000000
0001FFFE000000
00007FF0000000
00000000000000
00000000000000
00000000000000
00000000000000
78000000007000
FC00000001F800
FE00000003F800
FE00000003FC00
FE00000007FC00
FE0000000FFC00
FE0000001FFC00
FE0000001FFC00
FE0000003FFC00
FE0000007FFC00
FE000000FFFC00
FE000000FFFC00
FE000001FFFC00
FE000003FDFC00
FE000007F9FC00
FE000007F9FC00
FE00000FF1FC00
FE00001FE1FC00
FE00003FC1FC00
FE00003FC1FC00
FE00007F81FC00
FE0000FF01FC00
FE0001FE01FC00
FE0001FE01FC00
FE0003FC01FC00
FE0007F801FC00
FE000FF001FC00
FE000FF001FC00
FE001FE001FC00
FE003FC001FC00
FE007F8001FC00
FE007F8001FC00
FE00FF0001FC00
FE01FE0001FC00
FE03FC0001FC00
FE03FC0001FC00
FE07F80001FC00
FE0FF00001FC00
FE1FE00001FC00
FE1FE00001FC00
FE3FC00001FC00
FE7F800001FC00
FEFF000001FC00
FEFF000001FC00
FFFE000001FC00
FFFC000001FC00
FFF8000001FC00
FFF8000001FC00
FFF0000001FC00
FFE0000001FC00
FFC0000001FC00
FFC0000001FFF0
FF80000001FFF8
FF00000001FFF8
FE00000001FFF8
FE00000001FFF8
7C00000000FFF8
100000000003F0
000000000003F0
000000000007F0
000000000007E0
000000000007E0
00000000000FE0
00000000000FC0
00000000000FC0
00000000001FC0
00000000001F80
00000000001F80
00000000001F80
00000000000F00
ENDCHAR
STARTCHAR uni048B
ENCODING 1163
SWIDTH 614 0
DWIDTH 49 0
BBX 41 67 6 -11
BITMAP
0700000E0000
0F00001E0000
0F80003E0000
0F80003E0000
07C0007C0000
07E000FC0000
03F803F80000
01FFBFF80000
00FFFFE00000
007FFFC00000
001FFF000000
0007FC000000
000000000000
000000000000
000000000000
000000000000
100000010000
7C000007C000
FE00000FE000
FE00001FE000
FE00003FE000
FE00007FE000
FE00007FE000
FE0000FFE000
FE0001FFE000
FE0003FFE000
FE0003FFE000
FE0007FFE000
FE000FEFE000
FE001FCFE000
FE001FCFE000
FE003F8FE000
FE007F0FE000
FE00FE0FE000
FE00FE0FE000
FE01FC0FE000
FE03F80FE000
FE07F00FE000
FE07F00FE000
FE0FE00FE000
FE1FC00FE000
FE3F800FE000
FE3F800FE000
FE7F000FE000
FEFE000FE000
FFFC000FE000
FFFC000FE000
FFF8000FE000
FFF0000FE000
FFE0000FE000
FFE0000FFC00
FFC0000FFF00
FF80000FFF80
FF00000FFF80
FF000007FF00
7E000003FF00
180000007F00
000000007E00
000000007E00
00000000FE00
00000000FC00
00000000FC00
00000001FC00
00000001F800
00000001F800
00000001F000
00000000E000
ENDCHAR
STARTCHAR uni048C
ENCODING 1164
SWIDTH 719 0
DWIDTH 58 0
BBX 55 57 -1 0
BITMAP
0003C000000000
0007E000000000
0007E000000000
000FF000000000
000FF000000000
000FF000000000
000FF000000000
000FF000000000
000FF000000000
7FFFFFFE000000
7FFFFFFF000000
FFFFFFFF000000
7FFFFFFF000000
7FFFFFFE000000
000FF000000000
000FF000000000
000FF000000000
000FF000000000
000FF000000000
000FF000000000
000FF000000000
000FF000000000
000FF000000000
000FF000000000
000FF000000000
000FFFFFFF8000
000FFFFFFFF800
000FFFFFFFFE00
000FFFFFFFFF80
000FFFFFFFFFC0
000FFFFFFFFFE0
000FF00001FFF0
000FF000001FF8
000FF000000FF8
000FF0000003FC
000FF0000003FC
000FF0000001FC
000FF0000001FE
000FF0000001FE
000FF0000000FE
000FF0000000FE
000FF0000000FE
000FF0000000FE
000FF0000001FE
000FF0000001FE
000FF0000001FC
000FF0000003FC
000FF0000003FC
000FF0000007F8
000FF000001FF8
000FF00000FFF0
000FFFFFFFFFF0
000FFFFFFFFFE0
000FFFFFFFFF80
0007FFFFFFFF00
0007FFFFFFF800
0003FFFFFFC000
ENDCHAR
STARTCHAR uni048D
ENCODING 1165
SWIDTH 619 0
DWIDTH 50 0
BBX 46 57 0 0
BITMAP
0003C0000000
0007E0000000
0007F0000000
0007F0000000
0007F0000000
0007F0000000
0007F0000000
0007F0000000
0007F0000000
0007F0000000
0007F0000000
0007F0000000
0007F0000000
0007F0000000
0007F0000000
0007F0000000
0007F0000000
0007F0000000
7FFFFFFF0000
FFFFFFFF8000
FFFFFFFF8000
FFFFFFFF8000
FFFFFFFF8000
0007F0000000
0007F0000000
0007F0000000
0007F0000000
0007F0000000
0007F0000000
0007F0000000
0007F0000000
0007F0000000
0007FFFFFC00
0007FFFFFF00
0007FFFFFFC0
0007FFFFFFE0
0007FFFFFFF0
0007F0001FF8
0007F00007F8
0007F00003FC
0007F00001FC
0007F00001FC
0007F00001FC
0007F00001FC
0007F00001FC
0007F00001FC
0007F00001FC
0007F00001FC
0007F00003FC
0007F00003F8
0007F0000FF8
0007F0003FF0
0007FFFFFFF0
0007FFFFFFE0
0007FFFFFF80
0007FFFFFE00
0003FFFFF000
ENDCHAR
STARTCHAR uni048E
ENCODING 1166
SWIDTH 638 0
DWIDTH 51 0
BBX 42 57 7 -1
BITMAP
7FFFFFFC0000
FFFFFFFF8000
FFFFFFFFE000
FFFFFFFFF000
FFFFFFFFF800
FFFFFFFFFC00
FE00001FFE00
FE000003FE00
FE000001FF00
FE000000FF00
FE0000007F80
FE0000007F80
FE0000003F80
FE0000003F80
FE0000003F80
FE0000003FC0
FE0000003FC0
FE0000003FC0
FE0000003F80
FE0003003F80
FE0007803F80
FE000FC07F80
FE000FE07F80
FE0007E0FF00
FE0007F1FF00
FE0003F3FF00
FE0001FFFE00
FE0001FFFC00
FFFFFFFFF800
FFFFFFFFF000
FFFFFFFFE000
FFFFFFFF8000
FFFFFFFF8000
FFFFFFFFC000
FE00000FC000
FE000007E000
FE000007F000
FE000003F000
FE000001F000
FE000001E000
FE0000000000
FE0000000000
FE0000000000
FE0000000000
FE0000000000
FE0000000000
FE0000000000
FE0000000000
FE0000000000
FE0000000000
FE0000000000
FE0000000000
FE0000000000
FE0000000000
FE0000000000
7C0000000000
100000000000
ENDCHAR
STARTCHAR uni048F
ENCODING 1167
SWIDTH 597 0
DWIDTH 48 0
BBX 38 55 6 -15
BITMAP
10003E0000
7E03FFE000
FE0FFFF800
FE1FFFFE00
FE3FFFFF00
FE7FFFFF80
FEFF03FFC0
FEF8007FC0
FFF0003FE0
FFE0001FF0
FFC0000FF0
FF80000FF0
FF800007F8
FF000007F8
FF000003F8
FF000003F8
FF000003FC
FF000003FC
FE000003FC
FE000003FC
FE000003FC
FE000003FC
FE000003FC
FF000003FC
FF000003FC
FF000003F8
FF000203F8
FF000F87F8
FF800F87F8
FF800FCFF0
FFC007EFF0
FFE003FFF0
FFF001FFE0
FFF801FFC0
FFFF03FFC0
FF7FFFFF80
FF3FFFFF00
FF1FFFFF00
FF0FFFFF80
FF03FFEFC0
FF003E07E0
FF000003E0
FF000003C0
FF00000080
FF00000000
FF00000000
FF00000000
FF00000000
FF00000000
FF00000000
FF00000000
FF00000000
FE00000000
7E00000000
3C00000000
ENDCHAR
STARTCHAR uni0490
ENCODING 1168
SWIDTH 546 0
DWIDTH 44 0
BBX 35 70 7 -1
BITMAP
00000003E0
00000007E0
00000007E0
00000007E0
00000007E0
00000007E0
00000007E0
00000007E0
00000007E0
00000007E0
00000007E0
00000007E0
00000007E0
7FFFFFFFE0
FFFFFFFFE0
FFFFFFFFE0
FFFFFFFFE0
FFFFFFFFE0
FFFFFFFFC0
FE00000000
FE00000000
FE00000000
FE00000000
FE00000000
FE00000000
FE00000000
FE00000000
FE00000000
FE00000000
FE00000000
FE00000000
FE00000000
FE00000000
FE00000000
FE00000000
FE00000000
FE00000000
FE00000000
FE00000000
FE00000000
FE00000000
FE00000000
FE00000000
FE00000000
FE00000000
FE00000000
FE00000000
FE00000000
FE00000000
FE00000000
FE00000000
FE00000000
FE00000000
FE00000000
FE00000000
FE00000000
FE00000000
FE00000000
FE00000000
FE00000000
FE00000000
FE00000000
FE00000000
FE00000000
FE00000000
FE00000000
FE00000000
FE00000000
7C00000000
1000000000
ENDCHAR
STARTCHAR uni0491
ENCODING 1169
SWIDTH 440 0
DWIDTH 35 0
BBX 28 50 6 -1
BITMAP
000000C0
000003E0
000003F0
000003F0
000003F0
000003F0
000003F0
000003F0
000003F0
000003F0
3FFFFFF0
7FFFFFF0
FFFFFFF0
FFFFFFF0
FFFFFFE0
FFFFFFC0
FF000000
FF000000
FF000000
FF000000
FF000000
FF000000
FF000000
FF000000
FF000000
FF000000
FF000000
FF000000
FF000000
FF000000
FF000000
FF000000
FF000000
FF000000
FF000000
FF000000
FF000000
FF000000
FF000000
FF000000
FF000000
FF000000
FF000000
FF000000
FF000000
FF000000
FE000000
7E000000
7E000000
10000000
ENDCHAR
STARTCHAR uni0492
ENCODING 1170
SWIDTH 583 0
DWIDTH 47 0
BBX 44 57 2 -1
BITMAP
007FFFFFFFE0
00FFFFFFFFF0
00FFFFFFFFF0
00FFFFFFFFF0
00FFFFFFFFF0
00FFFFFFFFE0
00FE00000000
00FE00000000
00FE00000000
00FE00000000
00FE00000000
00FE00000000
00FE00000000
00FE00000000
00FE00000000
00FE00000000
00FE00000000
00FE00000000
00FE00000000
00FE00000000
00FE00000000
00FE00000000
00FE00000000
00FE00000000
00FE00000000
7FFFFFF80000
FFFFFFFC0000
FFFFFFFC0000
FFFFFFFC0000
FFFFFFFC0000
3FFFFFF00000
00FE00000000
00FE00000000
00FE00000000
00FE00000000
00FE00000000
00FE00000000
00FE00000000
00FE00000000
00FE00000000
00FE00000000
00FE00000000
00FE00000000
00FE00000000
00FE00000000
00FE00000000
00FE00000000
00FE00000000
00FE00000000
00FE00000000
00FE00000000
00FE00000000
00FE00000000
00FE00000000
00FE00000000
007C00000000
001000000000
ENDCHAR
STARTCHAR uni0493
ENCODING 1171
SWIDTH 461 0
DWIDTH 37 0
BBX 36 40 0 -1
BITMAP
003FFFFFE0
007FFFFFF0
00FFFFFFF0
00FFFFFFF0
00FFFFFFF0
00FFFFFFE0
00FE000000
00FE000000
00FE000000
00FE000000
00FE000000
00FE000000
00FE000000
00FE000000
00FE000000
00FE000000
00FE000000
00FE000000
FFFFFFE000
FFFFFFE000
FFFFFFE000
FFFFFFE000
7FFFFFC000
00FE000000
00FE000000
00FE000000
00FE000000
00FE000000
00FE000000
00FE000000
00FE000000
00FE000000
00FE000000
00FE000000
00FE000000
00FE000000
00FE000000
00FE000000
007C000000
0010000000
ENDCHAR
STARTCHAR uni0494
ENCODING 1172
SWIDTH 676 0
DWIDTH 54 0
BBX 43 71 7 -15
BITMAP
7FFFFFFFF800
FFFFFFFFF800
FFFFFFFFFC00
FFFFFFFFFC00
FFFFFFFFF800
FFFFFFFFF000
FE0000000000
FE0000000000
FE0000000000
FE0000000000
FE0000000000
FE0000000000
FE0000000000
FE0000000000
FE0000000000
FE0000000000
FE0000000000
FE0000000000
FE0000000000
FE0000000000
FE0000000000
FE03FFC00000
FE3FFFFC0000
FEFFFFFF0000
FFFFFFFFC000
FFFFFFFFE000
FFFFFFFFF000
FFFFFFFFF800
FFF0003FFC00
FF80000FFE00
FE000003FF00
FE000001FF00
FE000000FF00
FE0000007F80
FE0000007F80
FE0000003FC0
FE0000003FC0
FE0000003FC0
FE0000001FC0
FE0000001FC0
FE0000001FC0
FE0000001FE0
FE0000001FE0
FE0000001FE0
FE0000001FE0
FE0000001FE0
FE0000001FE0
FE0000001FE0
FE0000001FE0
FE0000001FE0
FE0000001FE0
FE0000001FE0
FE0000001FE0
FE0000001FE0
FE0000001FC0
7C0000001FC0
100000001FC0
000000001FC0
000000003FC0
000000003FC0
000000007F80
000000007F80
00000000FF00
00000001FF00
00003007FE00
0000FFFFFE00
0000FFFFFC00
0000FFFFF800
0000FFFFE000
00007FFFC000
00001FFE0000
ENDCHAR
STARTCHAR uni0495
ENCODING 1173
SWIDTH 557 0
DWIDTH 45 0
BBX 35 53 6 -14
BITMAP
3FFFFFE000
7FFFFFF000
FFFFFFF800
FFFFFFF800
FFFFFFF000
FFFFFFE000
FF00000000
FF00000000
FF00000000
FF00000000
FF00000000
FF00000000
FF00000000
FF003E0000
FF03FFF000
FF0FFFF800
FF1FFFFE00
FF3FFFFF00
FF7FFFFF00
FFFF03FF80
FFF800FF80
FFF0007FC0
FFE0003FC0
FFC0001FC0
FF80001FE0
FF80001FE0
FF00001FE0
FF00000FE0
FF00000FE0
FF00000FE0
FF00000FE0
FF00000FE0
FF00000FE0
FF00000FE0
FF00000FE0
FF00000FE0
FF00000FE0
7E00000FE0
7E00001FE0
1000001FE0
0000001FC0
0000001FC0
0000003FC0
0000003FC0
0000007F80
000000FF80
000001FF00
00000FFE00
00001FFE00
00003FF800
00003FF000
00003FC000
00001F0000
ENDCHAR
STARTCHAR uni0496
ENCODING 1174
SWIDTH 988 0
DWIDTH 79 0
BBX 80 70 2 -13
BITMAP
038000001E0000007000
07E000003F000000FC00
0FE000003F800001FC00
0FF000003F800003FC00
0FF800003F800003FC00
07F800003F800007F800
03FC00003F80000FF800
03FE00003F80000FF000
01FE00003F80001FE000
00FF00003F80003FE000
00FF80003F80003FC000
007F80003F80007F8000
003FC0003F80007F8000
003FC0003F8000FF0000
001FE0003F8001FE0000
000FF0003F8001FE0000
000FF0003F8003FC0000
0007F8003F8007F80000
0003FC003F8007F80000
0003FC003F800FF00000
0001FE003F801FE00000
0000FF003F801FE00000
0000FF003F803FC00000
00007F803F807F800000
00003FC03F807F800000
00003FFFFFFFFF000000
00001FFFFFFFFE000000
00007FFFFFFFFF800000
0001FFFFFFFFFFE00000
0003FFFFFFFFFFF00000
0007FFFFFFFFFFF80000
000FFFFFFFFFFFFC0000
001FFC003F800FFE0000
003FF0003F8003FF0000
003FE0003F8001FF0000
007FC0003F8000FF8000
007F80003F80007FC000
00FF00003F80003FC000
00FF00003F80001FE000
01FE00003F80001FE000
01FE00003F80000FF000
03FC00003F80000FF000
03FC00003F800007F000
07F800003F800007F800
07F800003F800003F800
0FF000003F800003FC00
0FF000003F800001FC00
1FE000003F800001FE00
1FE000003F800000FE00
3FC000003F800000FF00
3FC000003F800000FF00
7F8000003F8000007FFC
7F8000003F8000007FFE
FF0000003F8000003FFF
FF0000003F8000003FFF
7E0000003F0000001FFF
7E0000003F0000000FFF
1000000004000000007F
0000000000000000007F
0000000000000000007F
0000000000000000007F
0000000000000000007F
0000000000000000007F
0000000000000000007F
0000000000000000007F
0000000000000000007F
0000000000000000007F
0000000000000000007F
0000000000000000007E
0000000000000000003E
ENDCHAR
STARTCHAR uni0497
ENCODING 1175
SWIDTH 838 0
DWIDTH 67 0
BBX 64 50 2 -11
BITMAP
0F00001F00001F00
1F80003F80001F80
1FC0003F80003F80
1FC0003F80007F80
1FE0003F8000FF00
0FF0003F8001FE00
07F8003F8001FE00
03FC003F8003FC00
03FC003F8007F800
01FE003F800FF000
00FF003F800FF000
007F803F801FE000
003F803F803FC000
003FC03F807F8000
001FE03F80FF8000
000FF03F80FF0000
0007FFFFFFFE0000
0007FFFFFFFC0000
000FFFFFFFFF0000
003FFFFFFFFF8000
007FFFFFFFFFC000
007FFFFFFFFFE000
00FF803F803FF000
01FF003F800FF000
03FE003F8007F800
03FC003F8003FC00
07F8003F8003FC00
07F8003F8001FE00
0FF0003F8000FE00
0FE0003F8000FF00
1FE0003F80007F80
3FC0003F80007F80
3FC0003F80003FC0
7F80003F80001FF8
7F00003F80001FFE
FF00003F80000FFE
FE00003F80000FFF
FE00003F800007FF
7C00001F800003FF
100000040000007F
000000000000007F
000000000000007F
000000000000007F
000000000000007F
000000000000007F
000000000000007F
000000000000007F
000000000000007E
000000000000003E
000000000000001C
ENDCHAR
STARTCHAR uni0498
ENCODING 1176
SWIDTH 639 0
DWIDTH 51 0
BBX 43 70 3 -13
BITMAP
0001FFF80000
001FFFFF0000
00FFFFFFE000
03FFFFFFF000
0FFFFFFFF800
1FFFFFFFFC00
3FFFC0FFFE00
3FF80007FF00
3FC00001FF00
3F000000FF80
3E0000007F80
000000007FC0
000000003FC0
000000003FC0
000000003FC0
000000003FC0
000000003FC0
000000003FC0
000000003FC0
000000003F80
000000003F80
000000007F80
00000000FF00
00000001FE00
00000007FE00
000FFFFFF800
003FFFFFF000
007FFFFFC000
007FFFFFE000
007FFFFFF800
003FFFFFFC00
000000FFFE00
00000003FF00
00000000FF80
000000003FC0
000000003FC0
000000001FE0
000000001FE0
000000000FE0
000000000FE0
000000000FE0
000000000FE0
000000000FE0
000000000FE0
000000001FE0
000000001FE0
780000003FE0
FC0000003FC0
FF0000007FC0
FFE00001FF80
FFFC000FFF80
7FFFFFFFFF00
3FFFFFFFFE00
0FFFFFFFFC00
03FFFFFFF800
00FFFFFFE000
001FFFFF0000
00003FE00000
00001FC00000
00001FC00000
00001FC00000
00001FC00000
00001FC00000
00001FC00000
00001FC00000
00001FC00000
00001FC00000
00001FC00000
00001F800000
00000F800000
ENDCHAR
STARTCHAR uni0499
ENCODING 1177
SWIDTH 502 0
DWIDTH 40 0
BBX 34 51 3 -11
BITMAP
0007F80000
00FFFF8000
07FFFFE000
1FFFFFF800
7FFFFFFC00
7FFFFFFE00
FFC007FE00
7E0001FF00
780000FF00
0000007F00
0000007F00
0000007F00
0000007F00
0000007F00
0000007F00
000000FE00
000001FE00
00003FFC00
003FFFF800
007FFFE000
007FFFF000
007FFFFC00
003FFFFE00
000001FF00
0000007F80
0000003F80
0000003F80
0000001FC0
0000001FC0
0000001FC0
0000001FC0
0000003F80
F800003F80
FE0000FF80
FFC003FF00
FFFFFFFF00
7FFFFFFE00
3FFFFFF800
0FFFFFF000
01FFFF8000
000FF80000
0003F00000
0003F00000
0003F00000
0003F00000
0003F00000
0003F00000
0003F00000
0003F00000
0003E00000
0001E00000
ENDCHAR
STARTCHAR uni049A
ENCODING 1178
SWIDTH 658 0
DWIDTH 53 0
BBX 48 70 7 -13
BITMAP
7C0000003800
FE000000FC00
FE000000FE00
FE000001FE00
FE000003FE00
FE000003FC00
FE000007F800
FE00000FF800
FE00000FF000
FE00001FE000
FE00003FE000
FE00003FC000
FE00007F8000
FE0000FF8000
FE0000FF0000
FE0001FE0000
FE0001FE0000
FE0003FC0000
FE0007F80000
FE0007F80000
FE000FF00000
FE001FE00000
FE001FE00000
FE003FC00000
FE007F800000
FFFFFF800000
FFFFFF000000
FFFFFFC00000
FFFFFFE00000
FFFFFFF80000
FFFFFFFC0000
FFFFFFFE0000
FE000FFF0000
FE0001FF0000
FE0000FF8000
FE00007FC000
FE00003FC000
FE00001FE000
FE00001FE000
FE00000FF000
FE00000FF000
FE000007F800
FE000007F800
FE000003FC00
FE000003FC00
FE000001FE00
FE000001FE00
FE000000FF00
FE000000FF00
FE0000007F80
FE0000007F80
FE0000003FFE
FE0000003FFF
FE0000001FFF
FE0000001FFF
FE0000000FFF
7C00000007FF
10000000003F
00000000003F
00000000003F
00000000003F
00000000003F
00000000003F
00000000003F
00000000003F
00000000003F
00000000003F
00000000003F
00000000003F
00000000001E
ENDCHAR
STARTCHAR uni049B
ENCODING 1179
SWIDTH 574 0
DWIDTH 46 0
BBX 39 50 6 -11
BITMAP
7C00001E00
7E00003F00
FE00007F00
FF0000FF00
FF0001FE00
FF0001FE00
FF0003FC00
FF0007F800
FF000FF000
FF001FF000
FF001FE000
FF003FC000
FF007F8000
FF00FF8000
FF00FF0000
FF01FE0000
FFFFFC0000
FFFFF80000
FFFFFE0000
FFFFFF0000
FFFFFF8000
FFFFFFC000
FF007FE000
FF001FF000
FF000FF000
FF0007F800
FF0003F800
FF0003FC00
FF0001FE00
FF0001FE00
FF0000FF00
FF0000FF00
FF00007F80
FF00003FF8
FF00003FFC
FF00001FFE
FE00001FFE
FE00000FFE
7E000007FE
10000000FE
00000000FE
00000000FE
00000000FE
00000000FE
00000000FE
00000000FE
00000000FE
00000000FE
000000007C
0000000038
ENDCHAR
STARTCHAR uni049C
ENCODING 1180
SWIDTH 684 0
DWIDTH 55 0
BBX 45 58 7 -1
BITMAP
7C0000000F00
FE0000001F80
FE0000003F80
FE0000003FC0
FE0000007F80
FE0000007F80
FE000000FF00
FE000001FE00
FE000001FE00
FE000003FC00
FE000007F800
FE000007F800
FE07C00FF000
FE07C01FE000
FE07C01FE000
FE07C03FC000
FE07C07F8000
FE07C07F8000
FE07C0FF0000
FE07C1FE0000
FE07C1FE0000
FE07C3FC0000
FE07C7F80000
FE07C7F80000
FE07CFF00000
FFFFFFE00000
FFFFFFE00000
FFFFFFF80000
FFFFFFFC0000
FFFFFFFF0000
FFFFFFFF8000
FFFFFFFFC000
FE07C0FFE000
FE07C03FE000
FE07C01FF000
FE07C00FF000
FE07C007F800
FE07C007FC00
FE07C003FC00
FE07C001FC00
FE07C001FE00
FE07C000FE00
FE07C000FF00
FE07C0007F00
FE07C0007F80
FE0000007F80
FE0000003FC0
FE0000003FC0
FE0000001FE0
FE0000001FE0
FE0000000FF0
FE0000000FF0
FE00000007F8
FE00000007F8
FE00000003F8
FE00000003F8
7C00000001F0
100000000040
ENDCHAR
STARTCHAR uni049D
ENCODING 1181
SWIDTH 572 0
DWIDTH 46 0
BBX 38 40 6 -1
BITMAP
7C000003C0
7E000007E0
FE00000FE0
FF00001FE0
FF00003FC0
FF00003FC0
FF00007F80
FF0F80FF00
FF0F81FE00
FF0F81FE00
FF0F83FC00
FF0F87F800
FF0F8FF000
FF0F9FF000
FF0F9FE000
FF0FBFC000
FFFFFF8000
FFFFFF0000
FFFFFFC000
FFFFFFE000
FFFFFFF000
FFFFFFF800
FF0F8FFC00
FF0F83FE00
FF0F81FE00
FF0F80FF00
FF0F807F80
FF0F807F80
FF0F803FC0
FF0F803FC0
FF0F801FE0
FF07000FE0
FF00000FF0
FF000007F8
FF000007F8
FF000003FC
FE000001FC
FE000001FC
7E000000F8
1000000020
ENDCHAR
STARTCHAR uni049E
ENCODING 1182
SWIDTH 690 0
DWIDTH 55 0
BBX 54 58 -2 -1
BITMAP
0003C0000001C0
0007E0000007E0
000FF0000007F0
000FF000000FF0
000FF000001FF0
000FF000001FE0
000FF000003FC0
000FF000007FC0
000FF000007F80
7FFFFFFE00FF00
FFFFFFFE01FF00
FFFFFFFE01FE00
7FFFFFFE03FC00
7FFFFFFE07FC00
000FF00007F800
000FF0000FF000
000FF0001FF000
000FF0001FE000
000FF0003FC000
000FF0007FC000
000FF0007F8000
000FF000FF0000
000FF001FF0000
000FF001FE0000
000FF003FC0000
000FFFFFFC0000
000FFFFFF80000
000FFFFFFC0000
000FFFFFFF0000
000FFFFFFF8000
000FFFFFFFC000
000FFFFFFFE000
000FF000FFF000
000FF0001FF000
000FF0000FF800
000FF00007FC00
000FF00003FC00
000FF00001FE00
000FF00001FE00
000FF00000FF00
000FF00000FF00
000FF000007F80
000FF000007F80
000FF000003FC0
000FF000003FC0
000FF000001FC0
000FF000001FE0
000FF000000FE0
000FF000000FF0
000FF0000007F0
000FF0000007F8
000FF0000007F8
000FF0000003FC
000FF0000003FC
000FF0000001FC
0007E0000001FC
0007E0000000F8
00010000000020
ENDCHAR
STARTCHAR uni049F
ENCODING 1183
SWIDTH 535 0
DWIDTH 43 0
BBX 43 58 -2 -1
BITMAP
003C00000000
007E00000000
00FE00000000
00FF00000000
00FF00000000
00FF00000000
00FF00000000
00FF00000000
7FFFFFFE0000
7FFFFFFF0000
FFFFFFFF0000
7FFFFFFE0000
3FFFFFFC0000
00FF00000000
00FF00000000
00FF00000000
00FF00000000
00FF00000000
00FF00001E00
00FF00003F00
00FF00007F00
00FF0000FF00
00FF0001FE00
00FF0001FE00
00FF0003FC00
00FF0007F800
00FF000FF000
00FF000FF000
00FF001FE000
00FF003FC000
00FF007F8000
00FF00FF8000
00FF00FF0000
00FF01FE0000
00FFFFFC0000
00FFFFF80000
00FFFFFE0000
00FFFFFF0000
00FFFFFF8000
00FFFFFFC000
00FF007FE000
00FF001FF000
00FF000FF000
00FF0007F800
00FF0003F800
00FF0003FC00
00FF0001FE00
00FF0001FE00
00FF0000FF00
00FF00007F00
00FF00007F80
00FF00003FC0
00FF00003FC0
00FF00001FE0
00FF00000FE0
007E00000FE0
007E000007C0
001000000100
ENDCHAR
STARTCHAR uni04A0
ENCODING 1184
SWIDTH 780 0
DWIDTH 62 0
BBX 60 58 0 -1
BITMAP
0000000000001C00
7FFFFF0000003F00
FFFFFF0000007F00
FFFFFF800000FF00
FFFFFF800000FF00
FFFFFF800001FE00
7FFFFF800001FE00
00007F800003FC00
00007F800007F800
00007F800007F800
00007F80000FF000
00007F80001FE000
00007F80001FE000
00007F80003FC000
00007F80007F8000
00007F80007F8000
00007F8000FF0000
00007F8001FE0000
00007F8001FE0000
00007F8003FC0000
00007F8007F80000
00007F8007F80000
00007F800FF00000
00007F801FE00000
00007F801FE00000
00007FFFFFC00000
00007FFFFF800000
00007FFFFFE00000
00007FFFFFF80000
00007FFFFFFC0000
00007FFFFFFE0000
00007FFFFFFF0000
00007F8003FF8000
00007F8000FFC000
00007F80003FC000
00007F80001FE000
00007F80001FF000
00007F80000FF000
00007F800007F800
00007F800007F800
00007F800003FC00
00007F800003FC00
00007F800001FE00
00007F800001FE00
00007F800000FF00
00007F800000FF00
00007F8000007F80
00007F8000007F80
00007F8000003FC0
00007F8000003FC0
00007F8000001FE0
00007F8000001FE0
00007F8000000FF0
00007F8000000FF0
00007F8000000FF0
00003F00000007F0
00003F00000003E0
0000080000000080
ENDCHAR
STARTCHAR uni04A1
ENCODING 1185
SWIDTH 612 0
DWIDTH 49 0
BBX 47 40 0 -1
BITMAP
7FFFC00001E0
FFFFE00003F0
FFFFF00007F0
FFFFF0000FF0
FFFFF0000FF0
7FFFF0001FE0
0007F0003FC0
0007F0007F80
0007F0007F80
0007F000FF00
0007F001FE00
0007F003FC00
0007F007F800
0007F007F800
0007F00FF000
0007F01FE000
0007FFFFC000
0007FFFFC000
0007FFFFE000
0007FFFFF800
0007FFFFFC00
0007FFFFFC00
0007F003FE00
0007F001FF00
0007F000FF00
0007F0007F80
0007F0003FC0
0007F0003FC0
0007F0001FE0
0007F0000FE0
0007F0000FF0
0007F00007F8
0007F00007F8
0007F00003FC
0007F00001FC
0007F00001FE
0007F00000FE
0007F00000FE
0007E000007C
000080000010
ENDCHAR
STARTCHAR uni04A2
ENCODING 1186
SWIDTH 804 0
DWIDTH 64 0
BBX 55 70 7 -13
BITMAP
7C000000003C00
FE00000000FE00
FE00000000FE00
FE00000000FE00
FE00000000FE00
FE00000000FE00
FE00000000FE00
FE00000000FE00
FE00000000FE00
FE00000000FE00
FE00000000FE00
FE00000000FE00
FE00000000FE00
FE00000000FE00
FE00000000FE00
FE00000000FE00
FE00000000FE00
FE00000000FE00
FE00000000FE00
FE00000000FE00
FE00000000FE00
FE00000000FE00
FE00000000FE00
FE00000000FE00
FE00000000FE00
FFFFFFFFFFFE00
FFFFFFFFFFFE00
FFFFFFFFFFFE00
FFFFFFFFFFFE00
FFFFFFFFFFFE00
FFFFFFFFFFFE00
FFFFFFFFFFFE00
FE00000000FE00
FE00000000FE00
FE00000000FE00
FE00000000FE00
FE00000000FE00
FE00000000FE00
FE00000000FE00
FE00000000FE00
FE00000000FE00
FE00000000FE00
FE00000000FE00
FE00000000FE00
FE00000000FE00
FE00000000FE00
FE00000000FE00
FE00000000FE00
FE00000000FE00
FE00000000FE00
FE00000000FE00
FE00000000FFFC
FE00000000FFFE
FE00000000FFFE
FE00000000FFFE
FE00000000FFFE
7C000000007FFE
1000000000007E
0000000000007E
0000000000007E
0000000000007E
0000000000007E
0000000000007E
0000000000007E
0000000000007E
0000000000007E
0000000000007E
0000000000007E
0000000000007E
0000000000003C
ENDCHAR
STARTCHAR uni04A3
ENCODING 1187
SWIDTH 618 0
DWIDTH 49 0
BBX 41 51 6 -11
BITMAP
100000010000
7E000007C000
FE00000FE000
FE00000FE000
FF00000FE000
FF00000FE000
FF00000FE000
FF00000FE000
FF00000FE000
FF00000FE000
FF00000FE000
FF00000FE000
FF00000FE000
FF00000FE000
FF00000FE000
FF00000FE000
FF00000FE000
FFFFFFFFE000
FFFFFFFFE000
FFFFFFFFE000
FFFFFFFFE000
FFFFFFFFE000
FFFFFFFFE000
FF00000FE000
FF00000FE000
FF00000FE000
FF00000FE000
FF00000FE000
FF00000FE000
FF00000FE000
FF00000FE000
FF00000FE000
FF00000FE000
FF00000FE000
FF00000FFE00
FF00000FFF80
FF00000FFF80
FE00000FFF80
FE00000FFF80
7E000007FF80
100000001F80
000000001F80
000000001F80
000000001F80
000000001F80
000000001F80
000000001F80
000000001F80
000000001F80
000000001F80
000000000F00
ENDCHAR
STARTCHAR uni04A4
ENCODING 1188
SWIDTH 936 0
DWIDTH 75 0
BBX 68 58 7 -1
BITMAP
7C0000000000000000
FE000000007FFFFFE0
FE00000000FFFFFFF0
FE00000000FFFFFFF0
FE00000000FFFFFFF0
FE00000000FFFFFFF0
FE00000000FFFFFFE0
FE00000000FE000000
FE00000000FE000000
FE00000000FE000000
FE00000000FE000000
FE00000000FE000000
FE00000000FE000000
FE00000000FE000000
FE00000000FE000000
FE00000000FE000000
FE00000000FE000000
FE00000000FE000000
FE00000000FE000000
FE00000000FE000000
FE00000000FE000000
FE00000000FE000000
FE00000000FE000000
FE00000000FE000000
FE00000000FE000000
FFFFFFFFFFFE000000
FFFFFFFFFFFE000000
FFFFFFFFFFFE000000
FFFFFFFFFFFE000000
FFFFFFFFFFFE000000
FFFFFFFFFFFE000000
FFFFFFFFFFFE000000
FE00000000FE000000
FE00000000FE000000
FE00000000FE000000
FE00000000FE000000
FE00000000FE000000
FE00000000FE000000
FE00000000FE000000
FE00000000FE000000
FE00000000FE000000
FE00000000FE000000
FE00000000FE000000
FE00000000FE000000
FE00000000FE000000
FE00000000FE000000
FE00000000FE000000
FE00000000FE000000
FE00000000FE000000
FE00000000FE000000
FE00000000FE000000
FE00000000FE000000
FE00000000FE000000
FE00000000FE000000
FE00000000FE000000
FE00000000FE000000
7C000000007C000000
100000000010000000
ENDCHAR
STARTCHAR uni04A5
ENCODING 1189
SWIDTH 747 0
DWIDTH 60 0
BBX 53 41 6 -1
BITMAP
10000000000000
7E000003FFFFF0
FE000007FFFFF8
FE00000FFFFFF8
FF00000FFFFFF8
FF00000FFFFFF8
FF00000FFFFFF0
FF00000FE00000
FF00000FE00000
FF00000FE00000
FF00000FE00000
FF00000FE00000
FF00000FE00000
FF00000FE00000
FF00000FE00000
FF00000FE00000
FF00000FE00000
FFFFFFFFE00000
FFFFFFFFE00000
FFFFFFFFE00000
FFFFFFFFE00000
FFFFFFFFE00000
FFFFFFFFE00000
FF00000FE00000
FF00000FE00000
FF00000FE00000
FF00000FE00000
FF00000FE00000
FF00000FE00000
FF00000FE00000
FF00000FE00000
FF00000FE00000
FF00000FE00000
FF00000FE00000
FF00000FE00000
FF00000FE00000
FF00000FE00000
FE00000FE00000
FE00000FE00000
7E000007C00000
10000003000000
ENDCHAR
STARTCHAR uni04A8
ENCODING 1192
SWIDTH 817 0
DWIDTH 65 0
BBX 62 58 5 -1
BITMAP
00001FFC00000000
0000FFFE00000000
0003FFFF00000000
000FFFFF00000000
003FFFFE00000000
007FFFFE00000000
00FFFE0000000000
01FFE00000000000
03FF800000000000
07FE000000000000
07FC000000000000
0FF8000000000000
1FF0000000000000
1FE00000FFF00000
3FE00003FFFC0000
3FC0000FFFFE0000
3FC0001FFFFF0000
7F80003FFFFF8000
7F80003FFFFFC000
7F80007FC07FE000
7F0000FF801FE000
FF0000FF000FF000
FF0001FE0007F000
FF0001FE0007F800
FF0001FC0007F800
FF0001FC0003F800
FF0003FC0003F800
FF0003F80003F800
FE0003F80003FC00
FE0003F80003FC00
FF0003F80003FC00
FF0003F80003FC00
FF0003F80003FC00
FF0003F80003FC00
FF0003F80003F800
FF0003FC0003F800
FF0001FC0003F800
7F0001FC0003F800
7F8001FC0007F800
7F8001FC0007F000
7F8000FE0007F000
3FC000FE000FF000
3FC000FF000FE000
1FE0007F001FE000
1FE0007F801FC000
1FF0003FC03FC000
0FF8001FE07F8000
07FC001FF0FF0000
07FE000FFBFF0000
03FF8007FFFE0000
01FFE003FFFC0078
00FFFF0FFFFE1FF8
007FFFFFFFFFFFFC
001FFFFFFFFFFFFC
000FFFFFFFFFFFF8
0003FFFFFFFFFFF0
00007FFFE0FFFFC0
000003F00001F400
ENDCHAR
STARTCHAR uni04A9
ENCODING 1193
SWIDTH 654 0
DWIDTH 52 0
BBX 49 41 4 -1
BITMAP
00007C00000000
000FFFC0000000
003FFFE0000000
00FFFFE0000000
01FFFFE0000000
07FFFFE0000000
07FF01C0000000
0FF80000000000
1FF00000000000
3FE00000000000
3FC0003FC00000
3F8000FFF00000
7F8003FFFC0000
7F0007FFFE0000
7F0007FFFF0000
FF000FF9FF0000
FE001FE07F8000
FE001FC03F8000
FE001F801F8000
FE003F801FC000
FE003F000FC000
FE003F000FC000
FE003F000FC000
FE003F000FC000
FE003F000FC000
FF003F000FC000
7F003F000FC000
7F001F801F8000
7F801F801F8000
3F801FC03F8000
3FC00FC03F0000
1FE00FE07F0000
1FF007F0FE0000
0FF803FFFC0000
07FF01FFF80780
03FFFFFFFFFF80
01FFFFFFFFFF80
00FFFFFFFFFF80
003FFFFFFFFF00
0007FFF9FFFE00
00007F000FC000
ENDCHAR
STARTCHAR uni04AA
ENCODING 1194
SWIDTH 675 0
DWIDTH 54 0
BBX 45 70 5 -13
BITMAP
00000FFF8000
0000FFFFF800
0003FFFFFE00
000FFFFFFF80
003FFFFFFFE0
007FFFFFFFF0
00FFFFFFFFF8
01FFF0007FF8
03FFC0000FF8
07FF000003F8
07FE000000F8
0FF800000060
1FF000000000
1FF000000000
3FE000000000
3FC000000000
3FC000000000
7FC000000000
7F8000000000
7F8000000000
7F8000000000
FF0000000000
FF0000000000
FF0000000000
FF0000000000
FF0000000000
FF0000000000
FF0000000000
FF0000000000
FF0000000000
FF0000000000
FF0000000000
FF0000000000
FF0000000000
FF0000000000
FF0000000000
FF0000000000
7F8000000000
7F8000000000
7F8000000000
7FC000000000
3FC000000000
3FE000000000
1FE000000000
1FF000000000
0FF800000000
0FFC00000070
07FE000001F8
03FF000007F8
03FFC0001FF8
01FFFC00FFF8
00FFFFFFFFF8
003FFFFFFFE0
001FFFFFFFC0
0007FFFFFF00
0001FFFFFC00
00007FFFE000
000003FE0000
000003F80000
000003F80000
000003F80000
000003F80000
000003F80000
000003F80000
000003F80000
000003F80000
000003F80000
000003F80000
000001F80000
000001F00000
ENDCHAR
STARTCHAR uni04AB
ENCODING 1195
SWIDTH 472 0
DWIDTH 38 0
BBX 32 51 4 -11
BITMAP
00007C00
000FFFC0
007FFFF0
00FFFFFC
03FFFFFE
07FFFFFF
0FFF03FF
0FFC007F
1FF0001E
3FE00000
3FC00000
7F800000
7F800000
7F800000
7F000000
FF000000
FF000000
FF000000
FF000000
FE000000
FE000000
FE000000
FF000000
FF000000
FF000000
FF000000
7F000000
7F800000
7F800000
3FC00000
3FC00000
1FE00000
1FF0001E
0FFC003F
07FF01FF
07FFFFFF
03FFFFFE
00FFFFFC
007FFFF0
000FFFC0
0000FC00
0000FC00
0000FC00
0000FC00
0000FC00
0000FC00
0000FC00
0000FC00
0000FC00
0000F800
00007800
ENDCHAR
STARTCHAR uni04AC
ENCODING 1196
SWIDTH 585 0
DWIDTH 47 0
BBX 49 69 -1 -13
BITMAP
7FFFFFFFFFFF00
7FFFFFFFFFFF80
FFFFFFFFFFFF80
FFFFFFFFFFFF80
7FFFFFFFFFFF80
3FFFFFFFFFFE00
000007F0000000
000007F0000000
000007F0000000
000007F0000000
000007F0000000
000007F0000000
000007F0000000
000007F0000000
000007F0000000
000007F0000000
000007F0000000
000007F0000000
000007F0000000
000007F0000000
000007F0000000
000007F0000000
000007F0000000
000007F0000000
000007F0000000
000007F0000000
000007F0000000
000007F0000000
000007F0000000
000007F0000000
000007F0000000
000007F0000000
000007F0000000
000007F0000000
000007F0000000
000007F0000000
000007F0000000
000007F0000000
000007F0000000
000007F0000000
000007F0000000
000007F0000000
000007F0000000
000007F0000000
000007F0000000
000007F0000000
000007F0000000
000007F0000000
000007F0000000
000007F0000000
000007FFE00000
000007FFF00000
000007FFF00000
000007FFF00000
000007FFF00000
000003FFF00000
00000007F00000
00000007F00000
00000007F00000
00000007F00000
00000007F00000
00000007F00000
00000007F00000
00000007F00000
00000007F00000
00000007F00000
00000007F00000
00000003F00000
00000003E00000
ENDCHAR
STARTCHAR uni04AD
ENCODING 1197
SWIDTH 450 0
DWIDTH 36 0
BBX 36 50 0 -11
BITMAP
7FFFFFFFE0
FFFFFFFFF0
FFFFFFFFF0
FFFFFFFFF0
FFFFFFFFF0
7FFFFFFFE0
0003FC0000
0003FC0000
0003FC0000
0003FC0000
0003FC0000
0003FC0000
0003FC0000
0003FC0000
0003FC0000
0003FC0000
0003FC0000
0003FC0000
0003FC0000
0003FC0000
0003FC0000
0003FC0000
0003FC0000
0003FC0000
0003FC0000
0003FC0000
0003FC0000
0003FC0000
0003FC0000
0003FC0000
0003FC0000
0003FC0000
0003FC0000
0003FFC000
0003FFE000
0003FFF000
0001FFF000
0001FFF000
0000FFF000
000003F000
000003F000
000003F000
000003F000
000003F000
000003F000
000003F000
000003F000
000003F000
000003E000
000001E000
ENDCHAR
STARTCHAR uni04AE
ENCODING 1198
SWIDTH 601 0
DWIDTH 48 0
BBX 46 58 1 -1
BITMAP
3C0000000078
7E00000001FC
FF00000001FC
FF00000003FC
7F80000007F8
7FC0000007F8
3FE000000FF0
1FE000001FE0
1FF000003FE0
0FF800003FC0
07F800007F80
03FC0000FF80
03FE0001FF00
01FF0001FE00
00FF0003FC00
00FF8007FC00
007FC007F800
003FE00FF000
001FE01FE000
001FF03FE000
000FF83FC000
0007F87F8000
0003FCFF8000
0003FFFF0000
0001FFFE0000
0000FFFC0000
0000FFFC0000
00007FF80000
00003FF00000
00001FF00000
00001FE00000
00001FE00000
00001FE00000
00001FE00000
00001FE00000
00001FE00000
00001FE00000
00001FE00000
00001FE00000
00001FE00000
00001FE00000
00001FE00000
00001FE00000
00001FE00000
00001FE00000
00001FE00000
00001FE00000
00001FE00000
00001FE00000
00001FE00000
00001FE00000
00001FE00000
00001FE00000
00001FE00000
00001FE00000
00000FC00000
00000FC00000
000001000000
ENDCHAR
STARTCHAR uni04AF
ENCODING 1199
SWIDTH 519 0
DWIDTH 42 0
BBX 38 55 2 -15
BITMAP
1000000020
7C000000F8
FE000001F8
FF000003FC
FF000003F8
7F000003F8
7F800007F8
7F800007F0
3FC0000FF0
3FC0000FE0
1FC0000FE0
1FE0001FC0
0FE0001FC0
0FF0003FC0
0FF0003F80
07F0003F80
07F8007F00
03F8007F00
03FC00FE00
01FC00FE00
01FC01FE00
01FE01FC00
00FE01FC00
00FF03F800
007F03F800
007F07F000
003F87F000
003F87F000
003FCFE000
001FCFE000
001FDFC000
000FFFC000
000FFF8000
0007FF8000
0007FF8000
0007FF0000
0003FF0000
0003FE0000
0001FE0000
0001FC0000
0001FC0000
0001FC0000
0001FC0000
0001FC0000
0001FC0000
0001FC0000
0001FC0000
0001FC0000
0001FC0000
0001FC0000
0001FC0000
0001FC0000
0001FC0000
0000FC0000
0000780000
ENDCHAR
STARTCHAR uni04B0
ENCODING 1200
SWIDTH 601 0
DWIDTH 48 0
BBX 46 58 1 -1
BITMAP
3C0000000078
7E00000001FC
FF00000001FC
FF00000003FC
7F80000007F8
7FC0000007F8
3FE000000FF0
1FE000001FE0
1FF000003FE0
0FF800003FC0
07F800007F80
03FC0000FF80
03FE0001FF00
01FF0001FE00
00FF0003FC00
00FF8007FC00
007FC007F800
003FE00FF000
001FE01FE000
001FF03FE000
000FF83FC000
0007F87F8000
0003FCFF8000
0003FFFF0000
0001FFFE0000
0000FFFC0000
0000FFFC0000
00007FF80000
00003FF00000
01FFFFFFFF00
03FFFFFFFF00
03FFFFFFFF80
03FFFFFFFF80
03FFFFFFFF00
00FFFFFFFC00
00001FE00000
00001FE00000
00001FE00000
00001FE00000
00001FE00000
00001FE00000
00001FE00000
00001FE00000
00001FE00000
00001FE00000
00001FE00000
00001FE00000
00001FE00000
00001FE00000
00001FE00000
00001FE00000
00001FE00000
00001FE00000
00001FE00000
00001FE00000
00000FC00000
00000FC00000
000001000000
ENDCHAR
STARTCHAR uni04B1
ENCODING 1201
SWIDTH 519 0
DWIDTH 42 0
BBX 37 55 2 -15
BITMAP
1000000020
7C000000F8
FE000001F8
FF000003F8
FF000003F8
7F000003F8
7F800007F8
7F800007F0
3FC0000FF0
3FC0000FE0
1FC0000FE0
1FE0001FC0
0FE0001FC0
0FF0003FC0
0FF0003F80
07F0003F80
07F8007F00
03F8007F00
03FC00FE00
01FC00FE00
01FC01FE00
01FE01FC00
00FE01FC00
00FF03F800
007F03F800
007F07F000
003F87F000
003F87F000
003FCFE000
001FCFE000
001FDFC000
000FFFC000
000FFF8000
0007FF8000
0007FF8000
0007FF0000
0003FF0000
0003FE0000
03FFFFFF00
07FFFFFF00
07FFFFFF80
07FFFFFF80
07FFFFFF00
03FFFFFE00
0001FC0000
0001FC0000
0001FC0000
0001FC0000
0001FC0000
0001FC0000
0001FC0000
0001FC0000
0001FC0000
0000FC0000
0000780000
ENDCHAR
STARTCHAR uni04B2
ENCODING 1202
SWIDTH 665 0
DWIDTH 53 0
BBX 51 70 3 -13
BITMAP
1C00000000F000
3F00000001F800
7F80000003F800
7F80000007F800
3FC000000FF800
3FE000000FF000
1FE000001FF000
0FF000003FE000
0FF800003FC000
07FC00007F8000
03FC0000FF8000
01FE0001FF0000
01FF0001FE0000
00FF8003FC0000
007F8007FC0000
003FC00FF80000
003FE00FF00000
001FF01FE00000
000FF03FE00000
0007F83FC00000
0007FC7F800000
0003FCFF000000
0001FFFF000000
0000FFFE000000
0000FFFC000000
00007FF8000000
00003FF8000000
00001FF0000000
00001FF0000000
00003FF0000000
00007FF8000000
00007FFC000000
0000FFFE000000
0001FFFE000000
0003FEFF000000
0003FCFF800000
0007F87FC00000
000FF83FC00000
001FF01FE00000
001FE01FF00000
003FC00FF80000
007FC007F80000
00FF8003FC0000
00FF0003FE0000
01FE0001FF0000
03FE0000FF0000
07FC00007F8000
07F800007FC000
0FF800003FE000
1FF000001FE000
3FE000001FF000
3FC000000FFFC0
7FC0000007FFE0
FF80000003FFE0
FF00000003FFE0
FE00000001FFE0
7C00000000FFE0
100000000007E0
000000000007E0
000000000007E0
000000000007E0
000000000007E0
000000000007E0
000000000007E0
000000000007E0
000000000007E0
000000000007E0
000000000007E0
000000000007E0
000000000003C0
ENDCHAR
STARTCHAR uni04B3
ENCODING 1203
SWIDTH 560 0
DWIDTH 45 0
BBX 39 51 4 -11
BITMAP
1800000100
3E00000FC0
7F00001FC0
7F80001FC0
7FC0003FC0
3FC0007FC0
1FE000FF80
1FF001FF00
0FF801FE00
07F803FC00
03FC07F800
01FE0FF800
01FF0FF000
00FF9FE000
007FBFC000
003FFF8000
001FFF8000
001FFF0000
000FFE0000
0007FC0000
0007FC0000
000FFE0000
001FFF0000
001FFF8000
003FFFC000
007FBFC000
00FF9FE000
01FF1FF000
01FE0FF800
03FC07FC00
07F803FC00
0FF801FE00
1FF000FF00
1FE000FF80
3FC0007FF8
7F80003FFE
FF80001FFE
FF00000FFE
FE00000FFE
7C000003FE
000000007E
000000007E
000000007E
000000007E
000000007E
000000007E
000000007E
000000007E
000000007E
000000007E
000000001C
ENDCHAR
STARTCHAR uni04B4
ENCODING 1204
SWIDTH 927 0
DWIDTH 74 0
BBX 72 70 0 -13
BITMAP
000000000000001C00
FFFFFFFFFF80003F00
FFFFFFFFFFC0007F00
FFFFFFFFFFC0007F00
FFFFFFFFFFC0007F00
FFFFFFFFFFC0007F00
7FFFFFFFFF80007F00
00007F800000007F00
00007F800000007F00
00007F800000007F00
00007F800000007F00
00007F800000007F00
00007F800000007F00
00007F800000007F00
00007F800000007F00
00007F800000007F00
00007F800000007F00
00007F800000007F00
00007F800000007F00
00007F800000007F00
00007F800000007F00
00007F800000007F00
00007F800000007F00
00007F800000007F00
00007F800000007F00
00007F800000007F00
00007F800000007F00
00007F800000007F00
00007F800000007F00
00007F800000007F00
00007F800000007F00
00007F800000007F00
00007F800000007F00
00007F800000007F00
00007F800000007F00
00007F800000007F00
00007F800000007F00
00007F800000007F00
00007F800000007F00
00007F800000007F00
00007F800000007F00
00007F800000007F00
00007F800000007F00
00007F800000007F00
00007F800000007F00
00007F800000007F00
00007F800000007F00
00007F800000007F00
00007F800000007F00
00007F800000007F00
00007F800000007F00
00007FFFFFFFFFFFFE
00007FFFFFFFFFFFFF
00007FFFFFFFFFFFFF
00007FFFFFFFFFFFFF
00003FFFFFFFFFFFFF
00001FFFFFFFFFFFFF
00000000000000003F
00000000000000003F
00000000000000003F
00000000000000003F
00000000000000003F
00000000000000003F
00000000000000003F
00000000000000003F
00000000000000003F
00000000000000003F
00000000000000003F
00000000000000003F
00000000000000001E
ENDCHAR
STARTCHAR uni04B5
ENCODING 1205
SWIDTH 700 0
DWIDTH 56 0
BBX 54 51 0 -11
BITMAP
00000000000800
7FFFFFFE007E00
FFFFFFFF007E00
FFFFFFFF00FF00
FFFFFFFF00FF00
FFFFFFFF00FF00
7FFFFFFE00FF00
0007F00000FF00
0007F00000FF00
0007F00000FF00
0007F00000FF00
0007F00000FF00
0007F00000FF00
0007F00000FF00
0007F00000FF00
0007F00000FF00
0007F00000FF00
0007F00000FF00
0007F00000FF00
0007F00000FF00
0007F00000FF00
0007F00000FF00
0007F00000FF00
0007F00000FF00
0007F00000FF00
0007F00000FF00
0007F00000FF00
0007F00000FF00
0007F00000FF00
0007F00000FF00
0007F00000FF00
0007F00000FF00
0007F00000FF00
0007F00000FF00
0007FFFFFFFFF0
0007FFFFFFFFF8
0007FFFFFFFFFC
0007FFFFFFFFFC
0007FFFFFFFFFC
0003FFFFFFFFFC
000000000000FC
000000000000FC
000000000000FC
000000000000FC
000000000000FC
000000000000FC
000000000000FC
000000000000FC
000000000000FC
000000000000FC
00000000000078
ENDCHAR
STARTCHAR uni04B6
ENCODING 1206
SWIDTH 721 0
DWIDTH 58 0
BBX 51 70 5 -13
BITMAP
78000000078000
FC0000000FC000
FE0000001FE000
FE0000001FE000
FE0000001FE000
FE0000001FE000
FE0000001FE000
FE0000001FE000
FE0000001FE000
FE0000001FE000
FE0000001FE000
FE0000001FE000
FE0000001FE000
FE0000001FE000
FE0000001FE000
FE0000001FE000
FE0000001FE000
FE0000001FE000
FE0000001FE000
FF0000001FE000
FF0000001FE000
FF0000001FE000
7F8000001FE000
7F8000001FE000
7FC000001FE000
3FE000001FE000
3FF000001FE000
1FF800003FE000
0FFE0001FFE000
0FFFE01FFFE000
07FFFFFFFFE000
03FFFFFFFFE000
00FFFFFFFFE000
007FFFFFFFE000
001FFFFF9FE000
0003FFFC1FE000
000000001FE000
000000001FE000
000000001FE000
000000001FE000
000000001FE000
000000001FE000
000000001FE000
000000001FE000
000000001FE000
000000001FE000
000000001FE000
000000001FE000
000000001FE000
000000001FE000
000000001FE000
000000001FFF80
000000001FFFC0
000000001FFFE0
000000001FFFE0
000000000FFFE0
0000000007FFE0
00000000000FE0
00000000000FE0
00000000000FE0
00000000000FE0
00000000000FE0
00000000000FE0
00000000000FE0
00000000000FE0
00000000000FE0
00000000000FE0
00000000000FE0
00000000000FC0
000000000007C0
ENDCHAR
STARTCHAR uni04B7
ENCODING 1207
SWIDTH 583 0
DWIDTH 47 0
BBX 39 51 5 -11
BITMAP
1000000400
FC00001F00
FE00003F80
FE00003F80
FE00003F80
FE00003F80
FE00003F80
FE00003F80
FE00003F80
FE00003F80
FE00003F80
FE00003F80
FE00003F80
FE00003F80
FE00003F80
FF00003F80
FF00003F80
FF00003F80
7F80003F80
7FC0007F80
3FF803FF80
3FFFFFFF80
1FFFFFFF80
0FFFFFFF80
07FFFFFF80
01FFFF3F80
003FFC3F80
0000003F80
0000003F80
0000003F80
0000003F80
0000003F80
0000003F80
0000003F80
0000003FF8
0000003FFE
0000003FFE
0000003FFE
0000001FFE
0000000FFE
000000007E
000000007E
000000007E
000000007E
000000007E
000000007E
000000007E
000000007E
000000007E
000000003E
000000003C
ENDCHAR
STARTCHAR uni04B8
ENCODING 1208
SWIDTH 680 0
DWIDTH 54 0
BBX 43 58 5 -1
BITMAP
780000000780
FC0000000FC0
FE0000001FE0
FE0000001FE0
FE0000001FE0
FE0000001FE0
FE0000001FE0
FE0000001FE0
FE0000001FE0
FE0000001FE0
FE0000001FE0
FE0000001FE0
FE0000001FE0
FE0000001FE0
FE0000001FE0
FE0004001FE0
FE001F001FE0
FE001F001FE0
FE001F001FE0
FF001F001FE0
FF001F001FE0
FF001F001FE0
7F801F001FE0
7F801F001FE0
7FC01F001FE0
3FE01F001FE0
3FF01F001FE0
1FF81F003FE0
0FFE1F01FFE0
0FFFFF1FFFE0
07FFFFFFFFE0
03FFFFFFFFE0
00FFFFFFFFE0
007FFFFFFFE0
001FFFFF9FE0
0003FFFC1FE0
00001F001FE0
00001F001FE0
00001F001FE0
00001F001FE0
00001F001FE0
00001F001FE0
00001F001FE0
00001F001FE0
00001F001FE0
00001F001FE0
00001F001FE0
00001F001FE0
00000E001FE0
000000001FE0
000000001FE0
000000001FE0
000000001FE0
000000001FE0
000000001FE0
000000000FC0
000000000FC0
000000000200
ENDCHAR
STARTCHAR uni04B9
ENCODING 1209
SWIDTH 576 0
DWIDTH 46 0
BBX 35 41 5 -1
BITMAP
1000000100
FC00000FC0
FE00000FE0
FE00000FE0
FE00000FE0
FE00000FE0
FE00000FE0
FE00000FE0
FE00000FE0
FE00000FE0
FE00000FE0
FE00F00FE0
FE01F00FE0
FE01F00FE0
FE01F00FE0
FF01F00FE0
FF01F00FE0
7F81F00FE0
7F81F00FE0
7FE1F03FE0
3FF9F0FFE0
3FFFFFFFE0
1FFFFFFFE0
0FFFFFFFE0
03FFFFFFE0
00FFFFCFE0
001FFE0FE0
0001F00FE0
0001F00FE0
0001F00FE0
0001F00FE0
0001F00FE0
0001F00FE0
0001F00FE0
0000F00FE0
0000000FE0
0000000FE0
0000000FE0
0000000FE0
0000000FC0
0000000100
ENDCHAR
STARTCHAR uni04BA
ENCODING 1210
SWIDTH 680 0
DWIDTH 54 0
BBX 43 58 7 -1
BITMAP
7C0000000000
FE0000000000
FE0000000000
FE0000000000
FE0000000000
FE0000000000
FE0000000000
FE0000000000
FE0000000000
FE0000000000
FE0000000000
FE0000000000
FE0000000000
FE0000000000
FE0000000000
FE0000000000
FE0000000000
FE0000000000
FE0000000000
FE0000000000
FE0000000000
FE00FF800000
FE1FFFFC0000
FEFFFFFF0000
FFFFFFFFC000
FFFFFFFFE000
FFFFFFFFF800
FFFFFFFFFC00
FFF8003FFC00
FFC0000FFE00
FF000003FF00
FE000001FF00
FE000000FF80
FE0000007F80
FE0000007FC0
FE0000003FC0
FE0000003FC0
FE0000001FC0
FE0000001FC0
FE0000001FE0
FE0000001FE0
FE0000001FE0
FE0000001FE0
FE0000001FE0
FE0000001FE0
FE0000001FE0
FE0000001FE0
FE0000001FE0
FE0000001FE0
FE0000001FE0
FE0000001FE0
FE0000001FE0
FE0000001FE0
FE0000001FE0
FE0000000FE0
FE0000000FE0
7C0000000FC0
100000000100
ENDCHAR
STARTCHAR uni04BB
ENCODING 1211
SWIDTH 583 0
DWIDTH 47 0
BBX 34 58 6 -1
BITMAP
3C00000000
7E00000000
FE00000000
FF00000000
FF00000000
FF00000000
FF00000000
FF00000000
FF00000000
FF00000000
FF00000000
FF00000000
FF00000000
FF00000000
FF00000000
FF00000000
FF00000000
FF003F0000
FF03FFE000
FF0FFFF800
FF1FFFFC00
FF3FFFFE00
FF7FFFFF00
FFFF07FF80
FFF800FF80
FFF0007F80
FFE0003FC0
FFC0003FC0
FF80001FC0
FF80001FC0
FF00001FC0
FF00001FC0
FF00001FC0
FF00001FC0
FF00001FC0
FF00001FC0
FF00001FC0
FF00001FC0
FF00001FC0
FF00001FC0
FF00001FC0
FF00001FC0
FF00001FC0
FF00001FC0
FF00001FC0
FF00001FC0
FF00001FC0
FF00001FC0
FF00001FC0
FF00001FC0
FF00001FC0
FF00001FC0
FF00001FC0
FF00001FC0
FF00001FC0
7E00001FC0
7E00000FC0
1000000200
ENDCHAR
STARTCHAR uni04BC
ENCODING 1212
SWIDTH 932 0
DWIDTH 75 0
BBX 68 58 2 -1
BITMAP
000000000FFF800000
00000000FFFFF00000
00000003FFFFFE0000
0000000FFFFFFF0000
0000003FFFFFFFC000
0000007FFFFFFFE000
000000FFFE03FFF000
000001FFE0003FF800
000003FF80000FFC00
000007FE000007FE00
000007FC000001FE00
00000FF8000001FF00
00001FF0000000FF00
7C001FE00000007F80
FE003FE00000003F80
FE003FC00000003FC0
FE003FC00000003FC0
FE007F800000001FC0
FE007F800000001FE0
FE007F800000001FE0
FE00FF000000000FE0
FE00FF000000000FE0
FF00FF000000000FE0
FF00FF000000000FF0
FF80FF000000000FF0
7FF0FE000000000FF0
7FFFFFFFFFFFFFFFF0
3FFFFFFFFFFFFFFFF0
1FFFFFFFFFFFFFFFF0
0FFFFFFFFFFFFFFFF0
03FFFFFFFFFFFFFFE0
00FFFFFFFFFFFFFFC0
0000FF000000000000
0000FF000000000000
0000FF000000000000
0000FF000000000000
0000FF000000000000
00007F800000000000
00007F800000000000
00007F800000000000
00007FC00000000000
00003FC00000000000
00003FE00000000000
00001FE00000000000
00001FF00000000000
00000FF80000000000
00000FFC0000000700
000007FF0000000F80
000003FF8000003F80
000001FFE00001FF80
000000FFFE000FFF80
0000007FFFFFFFFF80
0000003FFFFFFFFF00
0000000FFFFFFFFC00
00000003FFFFFFF000
00000000FFFFFFC000
000000001FFFFE0000
0000000000FFC00000
ENDCHAR
STARTCHAR uni04BD
ENCODING 1213
SWIDTH 636 0
DWIDTH 51 0
BBX 48 41 1 -1
BITMAP
0000000FC000
000000FFFC00
000003FFFF00
00000FFFFF80
00001FFFFFC0
00003FFFFFE0
00007FC00FF0
0000FF0007F8
3801FE0003F8
7C01FC0001FC
FC03F80000FC
FC03F80000FE
FC07F000007E
FC07F000007E
7E07F000007E
7E0FE000003F
7F0FE000003F
3FFFE000003F
3FFFFFFFFFFF
1FFFFFFFFFFF
0FFFFFFFFFFF
03FFFFFFFFFE
000FE0000000
000FE0000000
000FE0000000
000FE0000000
000FF0000000
0007F0000000
0007F0000000
0007F8000000
0003FC000000
0003FE00000C
0001FF00003E
0000FF8000FE
0000FFF00FFE
00007FFFFFFE
00001FFFFFFC
00000FFFFFF0
000003FFFFE0
000000FFFF00
00000007E000
ENDCHAR
STARTCHAR uni04BE
ENCODING 1214
SWIDTH 932 0
DWIDTH 75 0
BBX 68 72 2 -15
BITMAP
000000000FFF800000
00000000FFFFF00000
00000003FFFFFE0000
0000000FFFFFFF0000
0000003FFFFFFFC000
0000007FFFFFFFE000
000000FFFE03FFF000
000001FFE0003FF800
000003FF80000FFC00
000007FE000007FE00
000007FC000001FE00
00000FF8000001FF00
00001FF0000000FF00
7C001FE00000007F80
FE003FE00000003F80
FE003FC00000003FC0
FE003FC00000003FC0
FE007F800000001FC0
FE007F800000001FE0
FE007F800000001FE0
FE00FF000000000FE0
FE00FF000000000FE0
FF00FF000000000FE0
FF00FF000000000FF0
FF80FF000000000FF0
7FF0FE000000000FF0
7FFFFFFFFFFFFFFFF0
3FFFFFFFFFFFFFFFF0
1FFFFFFFFFFFFFFFF0
0FFFFFFFFFFFFFFFF0
03FFFFFFFFFFFFFFE0
00FFFFFFFFFFFFFFC0
0000FF000000000000
0000FF000000000000
0000FF000000000000
0000FF000000000000
0000FF000000000000
00007F800000000000
00007F800000000000
00007F800000000000
00007FC00000000000
00003FC00000000000
00003FE00000000000
00001FE00000000000
00001FF00000000000
00000FF80000000000
00000FFC0000000700
000007FF0000000F80
000003FF8000003F80
000001FFE00001FF80
000000FFFE000FFF80
0000007FFFFFFFFF80
0000003FFFFFFFFF00
0000000FFFFFFFFC00
00000003FFFFFFF000
00000000FFFFFFC000
000000001FFFFE0000
0000000000FFC00000
0000000000FC000000
0000000001F8000000
0000000001F0000000
0000000001F0000000
0000000003E0000000
0000000003E0000000
0000000003E0000000
0000000003E0000000
0000000003F0000000
0000000001F8000000
0000000001FFF80000
0000000000FFF80000
00000000007FF80000
00000000003FF00000
ENDCHAR
STARTCHAR uni04BF
ENCODING 1215
SWIDTH 636 0
DWIDTH 51 0
BBX 48 55 1 -15
BITMAP
0000000FC000
000000FFFC00
000003FFFF00
00000FFFFF80
00001FFFFFC0
00003FFFFFE0
00007FC00FF0
0000FF0007F8
3801FE0003F8
7C01FC0001FC
FC03F80000FC
FC03F80000FE
FC07F000007E
FC07F000007E
7E07F000007E
7E0FE000003F
7F0FE000003F
3FFFE000003F
3FFFFFFFFFFF
1FFFFFFFFFFF
0FFFFFFFFFFF
03FFFFFFFFFE
000FE0000000
000FE0000000
000FE0000000
000FE0000000
000FF0000000
0007F0000000
0007F0000000
0007F8000000
0003FC000000
0003FE00000C
0001FF00003E
0000FF8000FE
0000FFF00FFE
00007FFFFFFE
00001FFFFFFC
00000FFFFFF0
000003FFFFE0
000000FFFF00
00000007E000
0000000F8000
0000001F0000
0000001F0000
0000003E0000
0000003E0000
0000003E0000
0000003E0000
0000003E0000
0000003F0000
0000003F8000
0000001FFF00
0000001FFF80
0000000FFF00
00000003FF00
ENDCHAR
STARTCHAR uni04C0
ENCODING 1216
SWIDTH 262 0
DWIDTH 21 0
BBX 7 58 7 -1
BITMAP
7C
FE
FE
FE
FE
FE
FE
FE
FE
FE
FE
FE
FE
FE
FE
FE
FE
FE
FE
FE
FE
FE
FE
FE
FE
FE
FE
FE
FE
FE
FE
FE
FE
FE
FE
FE
FE
FE
FE
FE
FE
FE
FE
FE
FE
FE
FE
FE
FE
FE
FE
FE
FE
FE
FE
FE
7C
10
ENDCHAR
STARTCHAR uni04C1
ENCODING 1217
SWIDTH 979 0
DWIDTH 78 0
BBX 74 74 2 -1
BITMAP
000001C00000E0000000
000003E00000F0000000
000003E00001F0000000
000003F00003F0000000
000001F80003E0000000
000000FC0007C0000000
000000FE001FC0000000
0000007FE1FF80000000
0000003FFFFF00000000
0000000FFFFE00000000
00000007FFF800000000
00000000FFC000000000
00000000000000000000
00000000000000000000
00000000000000000000
00000000000000000000
038000001E0000007000
07E000003F000000FC00
0FE000003F800001FC00
0FF000003F800003FC00
0FF800003F800003FC00
07F800003F800007F800
03FC00003F80000FF800
03FE00003F80000FF000
01FE00003F80001FE000
00FF00003F80003FE000
00FF80003F80003FC000
007F80003F80007F8000
003FC0003F80007F8000
003FC0003F8000FF0000
001FE0003F8001FE0000
000FF0003F8001FE0000
000FF0003F8003FC0000
0007F8003F8007F80000
0003FC003F8007F80000
0003FC003F800FF00000
0001FE003F801FE00000
0000FF003F801FE00000
0000FF003F803FC00000
00007F803F807F800000
00003FC03F807F800000
00003FFFFFFFFF000000
00001FFFFFFFFE000000
00007FFFFFFFFF800000
0001FFFFFFFFFFE00000
0003FFFFFFFFFFF00000
0007FFFFFFFFFFF80000
000FFFFFFFFFFFFC0000
001FFC003F800FFE0000
003FF0003F8003FF0000
003FE0003F8001FF0000
007FC0003F8000FF8000
007F80003F80007FC000
00FF00003F80003FC000
00FF00003F80001FE000
01FE00003F80001FE000
01FE00003F80000FF000
03FC00003F80000FF000
03FC00003F800007F000
07F800003F800007F800
07F800003F800003F800
0FF000003F800003FC00
0FF000003F800001FC00
1FE000003F800001FE00
1FE000003F800000FE00
3FC000003F800000FF00
3FC000003F800000FF00
7F8000003F8000007F80
7F8000003F8000007F80
FF0000003F8000003FC0
FF0000003F8000003FC0
7E0000003F0000001FC0
7E0000003F0000000F80
10000000040000000200
ENDCHAR
STARTCHAR uni04C2
ENCODING 1218
SWIDTH 794 0
DWIDTH 64 0
BBX 60 57 2 -1
BITMAP
0000700000E00000
0000F80001E00000
0000F80003E00000
00007C0003E00000
00007E0007C00000
00003F000FC00000
00003F801F800000
00001FF9FF000000
00000FFFFE000000
000007FFFC000000
000001FFF8000000
0000007FC0000000
0000000000000000
0000000000000000
0000000000000000
0000000000000000
0000000000000000
0F00001F00001F00
1F80003F80001F80
1FC0003F80003F80
1FC0003F80007F80
1FE0003F8000FF00
0FF0003F8001FE00
07F8003F8001FE00
03FC003F8003FC00
03FC003F8007F800
01FE003F800FF000
00FF003F800FF000
007F803F801FE000
003F803F803FC000
003FC03F807F8000
001FE03F80FF8000
000FF03F80FF0000
0007FFFFFFFE0000
0007FFFFFFFC0000
000FFFFFFFFF0000
003FFFFFFFFF8000
007FFFFFFFFFC000
007FFFFFFFFFE000
00FF803F803FF000
01FF003F800FF000
03FE003F8007F800
03FC003F8003FC00
07F8003F8003FC00
07F8003F8001FE00
0FF0003F8000FE00
0FE0003F8000FF00
1FE0003F80007F80
3FC0003F80007F80
3FC0003F80003FC0
7F80003F80001FC0
7F00003F80001FE0
FF00003F80000FE0
FE00003F80000FF0
FE00003F800007E0
7C00001F800003E0
1000000400000080
ENDCHAR
STARTCHAR uni04C3
ENCODING 1219
SWIDTH 676 0
DWIDTH 54 0
BBX 43 72 7 -15
BITMAP
7C0000003800
FE0000007C00
FE000000FE00
FE000001FE00
FE000001FE00
FE000003FC00
FE000007FC00
FE000007F800
FE00000FF000
FE00001FF000
FE00001FE000
FE00003FC000
FE00007FC000
FE00007F8000
FE0000FF0000
FE0000FF0000
FE0001FE0000
FE0003FC0000
FE0003FC0000
FE0007F80000
FE000FF00000
FE000FF00000
FE001FE00000
FE003FC00000
FE003FC00000
FFFFFF800000
FFFFFFF80000
FFFFFFFF0000
FFFFFFFFC000
FFFFFFFFE000
FFFFFFFFF000
FE003FFFF800
FE00003FFC00
FE00000FFE00
FE000003FE00
FE000001FF00
FE000000FF00
FE000000FF80
FE0000007F80
FE0000003F80
FE0000003FC0
FE0000003FC0
FE0000003FC0
FE0000001FC0
FE0000001FC0
FE0000001FC0
FE0000001FE0
FE0000001FE0
FE0000001FE0
FE0000001FE0
FE0000001FE0
FE0000001FE0
FE0000001FE0
FE0000001FE0
FE0000001FE0
FE0000001FC0
7C0000001FC0
100000001FC0
000000001FC0
000000003FC0
000000003FC0
000000007F80
000000007F80
00000000FF80
00000001FF00
00003007FE00
0000FFFFFE00
0000FFFFFC00
0000FFFFF800
0000FFFFE000
00007FFFC000
00000FFE0000
ENDCHAR
STARTCHAR uni04C4
ENCODING 1220
SWIDTH 547 0
DWIDTH 44 0
BBX 34 53 6 -14
BITMAP
7C00001E00
7E00003F00
FE00007F00
FF0000FF00
FF0001FE00
FF0001FE00
FF0003FC00
FF0007F800
FF000FF000
FF001FF000
FF001FE000
FF003FC000
FF007F8000
FF00FF0000
FF00FF0000
FF01FE0000
FFFFFC0000
FFFFFF8000
FFFFFFE000
FFFFFFF800
FFFFFFFC00
FFFFFFFE00
FF0007FE00
FF0001FF00
FF0000FF80
FF00007F80
FF00003F80
FF00003FC0
FF00003FC0
FF00001FC0
FF00001FC0
FF00001FC0
FF00001FC0
FF00001FC0
FF00001FC0
FF00001FC0
FE00001FC0
FE00001FC0
7E00001FC0
1000003FC0
0000003FC0
0000003F80
0000003F80
0000007F80
000000FF00
000001FF00
000003FE00
00001FFE00
00003FFC00
00007FF800
00007FE000
00007FC000
00003E0000
ENDCHAR
STARTCHAR uni04C5
ENCODING 1221
SWIDTH 763 0
DWIDTH 61 0
BBX 59 69 2 -13
BITMAP
0003FFFFFFFF8000
0007FFFFFFFFC000
0007FFFFFFFFE000
0007FFFFFFFFE000
0007FFFFFFFFE000
0007FFFFFFFFE000
0007F000001FE000
0007F000001FE000
0007F000001FE000
0007F000001FE000
0007F000001FE000
0007F000001FE000
0007F000001FE000
0007F000001FE000
0007F000001FE000
0007F000001FE000
0007F000001FE000
0007F000001FE000
0007F000001FE000
0007F000001FE000
0007F000001FE000
0007F000001FE000
0007F000001FE000
0007E000001FE000
000FE000001FE000
000FE000001FE000
000FE000001FE000
000FE000001FE000
000FE000001FE000
000FE000001FE000
000FE000001FE000
000FE000001FE000
000FE000001FE000
001FE000001FE000
001FC000001FE000
001FC000001FE000
001FC000001FE000
001FC000001FE000
003F8000001FE000
003F8000001FE000
007F8000001FE000
007F0000001FE000
007F0000001FE000
00FF0000001FE000
01FE0000001FE000
01FE0000001FE000
03FC0000001FE000
07FC0000001FE000
0FF80000001FE000
3FF00000001FE000
7FF00000001FFFC0
FFE00000001FFFC0
FFC00000001FFFE0
FF800000001FFFE0
FE000000000FFFC0
7C0000000007FFC0
3000000000001FC0
0000000000001F80
0000000000001F80
0000000000003F80
0000000000003F00
0000000000003F00
0000000000007F00
0000000000007E00
0000000000007E00
000000000000FE00
000000000000FC00
000000000000FC00
0000000000007800
ENDCHAR
STARTCHAR uni04C6
ENCODING 1222
SWIDTH 605 0
DWIDTH 48 0
BBX 44 50 2 -11
BITMAP
001FFFFFF000
003FFFFFF800
007FFFFFFC00
007FFFFFFC00
007FFFFFFC00
007FFFFFFC00
007F0001FC00
007F0001FC00
007F0001FC00
007F0001FC00
007F0001FC00
007F0001FC00
007F0001FC00
007F0001FC00
007F0001FC00
007F0001FC00
007F0001FC00
007F0001FC00
007F0001FC00
007F0001FC00
007E0001FC00
00FE0001FC00
00FE0001FC00
00FE0001FC00
00FE0001FC00
00FE0001FC00
01FC0001FC00
01FC0001FC00
03FC0001FC00
03F80001FC00
07F80001FC00
0FF00001FC00
1FF00001FC00
7FE00001FF80
FFE00001FFE0
FFC00001FFF0
FF800001FFF0
FE000001FFE0
7C000000FFE0
200000000FE0
000000000FC0
000000000FC0
000000001FC0
000000001F80
000000001F80
000000003F80
000000003F00
000000003F00
000000003E00
000000001C00
ENDCHAR
STARTCHAR uni04C7
ENCODING 1223
SWIDTH 764 0
DWIDTH 61 0
BBX 47 72 7 -15
BITMAP
7C000000003C
FE00000000FE
FE00000000FE
FE00000000FE
FE00000000FE
FE00000000FE
FE00000000FE
FE00000000FE
FE00000000FE
FE00000000FE
FE00000000FE
FE00000000FE
FE00000000FE
FE00000000FE
FE00000000FE
FE00000000FE
FE00000000FE
FE00000000FE
FE00000000FE
FE00000000FE
FE00000000FE
FE00000000FE
FE00000000FE
FE00000000FE
FE00000000FE
FFFFFFFFFFFE
FFFFFFFFFFFE
FFFFFFFFFFFE
FFFFFFFFFFFE
FFFFFFFFFFFE
FFFFFFFFFFFE
FFFFFFFFFFFE
FE00000000FE
FE00000000FE
FE00000000FE
FE00000000FE
FE00000000FE
FE00000000FE
FE00000000FE
FE00000000FE
FE00000000FE
FE00000000FE
FE00000000FE
FE00000000FE
FE00000000FE
FE00000000FE
FE00000000FE
FE00000000FE
FE00000000FE
FE00000000FE
FE00000000FE
FE00000000FE
FE00000000FE
FE00000000FE
FE00000000FE
FE00000000FE
7C00000000FE
1000000000FE
0000000000FE
0000000000FE
0000000000FE
0000000001FE
0000000001FE
0000000001FE
0000000003FC
000000000FFC
000000007FF8
00000003FFF0
00000007FFF0
00000007FFC0
00000007FF80
00000003FC00
ENDCHAR
STARTCHAR uni04C8
ENCODING 1224
SWIDTH 592 0
DWIDTH 47 0
BBX 35 55 6 -15
BITMAP
1000000100
7E000007C0
FE00000FE0
FE00000FE0
FF00000FE0
FF00000FE0
FF00000FE0
FF00000FE0
FF00000FE0
FF00000FE0
FF00000FE0
FF00000FE0
FF00000FE0
FF00000FE0
FF00000FE0
FF00000FE0
FF00000FE0
FFFFFFFFE0
FFFFFFFFE0
FFFFFFFFE0
FFFFFFFFE0
FFFFFFFFE0
FFFFFFFFE0
FF00000FE0
FF00000FE0
FF00000FE0
FF00000FE0
FF00000FE0
FF00000FE0
FF00000FE0
FF00000FE0
FF00000FE0
FF00000FE0
FF00000FE0
FF00000FE0
FF00000FE0
FF00000FE0
FE00000FE0
FE00000FE0
7E00000FE0
1000000FE0
0000000FE0
0000000FE0
0000000FE0
0000001FE0
0000001FE0
0000001FC0
0000003FC0
000000FFC0
000007FF80
00003FFF00
00007FFE00
00007FFC00
00007FF000
00003F8000
ENDCHAR
STARTCHAR uni04C9
ENCODING 1225
SWIDTH 783 0
DWIDTH 63 0
BBX 55 70 7 -13
BITMAP
7C000000003C00
FE00000000FE00
FE00000000FE00
FE00000000FE00
FE00000000FE00
FE00000000FE00
FE00000000FE00
FE00000000FE00
FE00000000FE00
FE00000000FE00
FE00000000FE00
FE00000000FE00
FE00000000FE00
FE00000000FE00
FE00000000FE00
FE00000000FE00
FE00000000FE00
FE00000000FE00
FE00000000FE00
FE00000000FE00
FE00000000FE00
FE00000000FE00
FE00000000FE00
FE00000000FE00
FE00000000FE00
FFFFFFFFFFFE00
FFFFFFFFFFFE00
FFFFFFFFFFFE00
FFFFFFFFFFFE00
FFFFFFFFFFFE00
FFFFFFFFFFFE00
FFFFFFFFFFFE00
FE00000000FE00
FE00000000FE00
FE00000000FE00
FE00000000FE00
FE00000000FE00
FE00000000FE00
FE00000000FE00
FE00000000FE00
FE00000000FE00
FE00000000FE00
FE00000000FE00
FE00000000FE00
FE00000000FE00
FE00000000FE00
FE00000000FE00
FE00000000FE00
FE00000000FE00
FE00000000FE00
FE00000000FE00
FE00000000FFFC
FE00000000FFFE
FE00000000FFFE
FE00000000FFFE
FE00000000FFFE
7C000000007FFE
100000000000FC
000000000001FC
000000000001FC
000000000001F8
000000000003F8
000000000003F8
000000000003F0
000000000007F0
000000000007F0
000000000007E0
000000000007E0
000000000007E0
000000000003C0
ENDCHAR
STARTCHAR uni04CA
ENCODING 1226
SWIDTH 618 0
DWIDTH 49 0
BBX 41 51 6 -11
BITMAP
100000010000
7E000007C000
FE00000FE000
FE00000FE000
FF00000FE000
FF00000FE000
FF00000FE000
FF00000FE000
FF00000FE000
FF00000FE000
FF00000FE000
FF00000FE000
FF00000FE000
FF00000FE000
FF00000FE000
FF00000FE000
FF00000FE000
FFFFFFFFE000
FFFFFFFFE000
FFFFFFFFE000
FFFFFFFFE000
FFFFFFFFE000
FFFFFFFFE000
FF00000FE000
FF00000FE000
FF00000FE000
FF00000FE000
FF00000FE000
FF00000FE000
FF00000FE000
FF00000FE000
FF00000FE000
FF00000FE000
FF00000FE000
FF00000FFC00
FF00000FFF00
FF00000FFF80
FE00000FFF80
FE00000FFF00
7E000007FF00
100000007F00
000000007E00
000000007E00
00000000FE00
00000000FC00
00000000FC00
00000001FC00
00000001F800
00000001F800
00000001F000
00000000E000
ENDCHAR
STARTCHAR uni04CB
ENCODING 1227
SWIDTH 689 0
DWIDTH 55 0
BBX 43 70 5 -13
BITMAP
780000000780
FC0000000FC0
FE0000001FE0
FE0000001FE0
FE0000001FE0
FE0000001FE0
FE0000001FE0
FE0000001FE0
FE0000001FE0
FE0000001FE0
FE0000001FE0
FE0000001FE0
FE0000001FE0
FE0000001FE0
FE0000001FE0
FE0000001FE0
FE0000001FE0
FE0000001FE0
FE0000001FE0
FF0000001FE0
FF0000001FE0
FF0000001FE0
7F8000001FE0
7F8000001FE0
7FC000001FE0
3FE000001FE0
3FF000001FE0
1FF800003FE0
0FFE0001FFE0
0FFFE01FFFE0
07FFFFFFFFE0
03FFFFFFFFE0
00FFFFFFFFE0
007FFFFFFFE0
001FFFFF9FE0
0003FFFC1FE0
000000001FE0
000000001FE0
000000001FE0
000000001FE0
000000001FE0
000000001FE0
000000001FE0
000000001FE0
000000001FE0
000000001FE0
000000001FE0
000000001FE0
000000001FE0
000000001FE0
000000001FE0
00000007FFE0
0000000FFFE0
0000001FFFE0
0000001FFFE0
0000001FFFC0
0000001FFF80
0000001FC000
0000001FC000
0000001FC000
0000001FC000
0000001FC000
0000001FC000
0000001FC000
0000001FC000
0000001FC000
0000001FC000
0000001FC000
0000000FC000
0000000F8000
ENDCHAR
STARTCHAR uni04CC
ENCODING 1228
SWIDTH 557 0
DWIDTH 45 0
BBX 33 51 5 -11
BITMAP
1000000400
FC00001F00
FE00003F80
FE00003F80
FE00003F80
FE00003F80
FE00003F80
FE00003F80
FE00003F80
FE00003F80
FE00003F80
FE00003F80
FE00003F80
FE00003F80
FE00003F80
FF00003F80
FF00003F80
FF00003F80
7F80003F80
7FC0007F80
3FF803FF80
3FFFFFFF80
1FFFFFFF80
0FFFFFFF80
07FFFFFF80
01FFFF3F80
003FFC3F80
0000003F80
0000003F80
0000003F80
0000003F80
0000003F80
0000003F80
0000003F80
0000003F80
0000003F80
000007FF80
00000FFF80
00000FFF80
00000FFF00
00000FC000
00000FC000
00000FC000
00000FC000
00000FC000
00000FC000
00000FC000
00000FC000
00000FC000
00000FC000
0000078000
ENDCHAR
STARTCHAR uni04CD
ENCODING 1229
SWIDTH 878 0
DWIDTH 70 0
BBX 63 70 7 -13
BITMAP
3800000000007800
FE0000000000FC00
FE0000000000FE00
FF0000000001FE00
FF0000000003FE00
FF8000000003FE00
FF8000000007FE00
FFC000000007FE00
FFC00000000FFE00
FFE00000000FFE00
FFE00000001FFE00
FFF00000001FFE00
FFF80000003FFE00
FFF80000003FFE00
FFFC0000007FFE00
FFFC0000007EFE00
FEFE000000FEFE00
FEFE000000FCFE00
FE7F000001FCFE00
FE7F000001F8FE00
FE3F800003F8FE00
FE1F800007F0FE00
FE1FC00007F0FE00
FE0FC0000FE0FE00
FE0FE0000FE0FE00
FE07E0001FC0FE00
FE07F0001F80FE00
FE03F8003F80FE00
FE03F8003F00FE00
FE01FC007F00FE00
FE01FC007E00FE00
FE00FE00FE00FE00
FE00FE00FC00FE00
FE007F01FC00FE00
FE003F01F800FE00
FE003F83F800FE00
FE001F83F000FE00
FE001FC7F000FE00
FE000FCFE000FE00
FE000FEFE000FE00
FE0007FFC000FE00
FE0007FF8000FE00
FE0003FF8000FE00
FE0003FF0000FE00
FE0001FF0000FE00
FE0001FE0000FE00
FE0000FE0000FE00
FE00007C0000FE00
FE0000380000FE00
FE0000000000FE00
FE0000000000FE00
FE0000000000FFFC
FE0000000000FFFE
FE0000000000FFFE
FE0000000000FFFE
FC0000000000FFFC
7C00000000007FFC
10000000000001FC
00000000000001F8
00000000000001F8
00000000000003F8
00000000000003F0
00000000000003F0
00000000000007F0
00000000000007E0
00000000000007E0
0000000000000FE0
0000000000000FC0
0000000000000FC0
0000000000000780
ENDCHAR
STARTCHAR uni04CE
ENCODING 1230
SWIDTH 691 0
DWIDTH 55 0
BBX 47 51 6 -11
BITMAP
100000000400
7C0000001F00
FE0000003F80
FF0000003F80
FF0000007F80
FF800000FF80
FF800000FF80
FFC00001FF80
FFC00001FF80
FFE00003FF80
FFF00003FF80
FFF00007FF80
FFF8000FFF80
FFF8000FFF80
FEFC001FBF80
FEFC001FBF80
FE7E003F3F80
FE7F003F3F80
FE3F007E3F80
FE1F807E3F80
FE1F80FC3F80
FE0FC1F83F80
FE0FC1F83F80
FE07E3F03F80
FE03F3F03F80
FE03F7E03F80
FE01FFE03F80
FE01FFC03F80
FE00FF803F80
FE00FF803F80
FE007F003F80
FE003F003F80
FE003E003F80
FE001C003F80
FE0000003FF8
FE0000003FFC
FE0000003FFE
FE0000001FFE
FC0000001FFE
7C0000000FFC
1000000000FC
0000000001FC
0000000001F8
0000000001F8
0000000003F0
0000000003F0
0000000003F0
0000000007E0
0000000007E0
0000000007E0
0000000003C0
ENDCHAR
STARTCHAR uni04CF
ENCODING 1231
SWIDTH 248 0
DWIDTH 20 0
BBX 8 58 6 -1
BITMAP
3C
7E
FE
FF
FF
FF
FF
FF
FF
FF
FF
FF
FF
FF
FF
FF
FF
FF
FF
FF
FF
FF
FF
FF
FF
FF
FF
FF
FF
FF
FF
FF
FF
FF
FF
FF
FF
FF
FF
FF
FF
FF
FF
FF
FF
FF
FF
FF
FF
FF
FF
FF
FF
FF
FF
7E
7E
10
ENDCHAR
STARTCHAR uni04D0
ENCODING 1232
SWIDTH 733 0
DWIDTH 59 0
BBX 53 74 3 -1
BITMAP
000E0000030000
001F0000078000
001F00000F8000
000F80000F8000
000FC0001F0000
0007E0003F0000
0007F800FE0000
0003FF0FFC0000
0001FFFFF80000
00007FFFF00000
00003FFFC00000
000007FE000000
00000000000000
00000000000000
00000000000000
00000000000000
000000F0000000
000001FC000000
000003FC000000
000003FE000000
000007FE000000
000007FF000000
000007FF000000
00000FFF800000
00000FFF800000
00001FDF800000
00001FDFC00000
00003F9FC00000
00003F8FE00000
00007F0FE00000
00007F07F00000
00007E07F00000
0000FE03F80000
0000FE03F80000
0001FC03F80000
0001FC01FC0000
0003F801FC0000
0003F800FE0000
0003F800FE0000
0007F0007F0000
0007F0007F0000
000FE0007F8000
000FE0003F8000
001FC0003F8000
001FC0001FC000
003FC0001FC000
003F80000FE000
003F80000FE000
007F00000FF000
007F000007F000
00FE000007F000
00FE000003F800
01FE000003F800
01FFFFFFFFFC00
03FFFFFFFFFC00
03FFFFFFFFFE00
03FFFFFFFFFE00
07FFFFFFFFFF00
07FFFFFFFFFF00
0FF00000007F00
0FE00000007F80
1FE00000003F80
1FC00000003FC0
3FC00000001FC0
3F800000001FE0
3F800000000FE0
7F800000000FF0
7F000000000FF0
FF0000000007F0
FE0000000007F8
FE0000000003F8
FC0000000003F8
FC0000000001F8
20000000000040
ENDCHAR
STARTCHAR uni04D1
ENCODING 1233
SWIDTH 544 0
DWIDTH 44 0
BBX 32 57 5 -1
BITMAP
0E00001C
0F00003E
0F80003E
0F80007C
07C0007C
07E000F8
03F803F8
03FFBFF0
01FFFFE0
007FFFC0
003FFF00
0007FC00
00000000
00000000
00000000
00000000
0003E000
007FFF80
03FFFFE0
0FFFFFF0
3FFFFFF8
3FFFFFFC
3FF807FC
3F8001FE
3E0000FE
000000FF
0000007F
0000007F
0000007F
0000007F
0000007F
0000007F
0000007F
00007FFF
00FFFFFF
07FFFFFF
1FFFFFFF
3FFFFFFF
7FF8007F
7FC0007F
FF00007F
FE00007F
FE00007F
FE00007F
FE00007F
FE0000FF
FE0000FF
FE0001FF
FF0003FF
7F8007FF
7FE01FBF
3FFFFF3F
1FFFFF3F
0FFFFE3F
07FFF83F
01FFF03F
000F0008
ENDCHAR
STARTCHAR uni04D2
ENCODING 1234
SWIDTH 733 0
DWIDTH 59 0
BBX 53 73 3 -1
BITMAP
00007800E00000
0000FC03F80000
0001FE03F80000
0001FE07F80000
0001FE07F80000
0001FE03F80000
0000FE03F80000
00007C01F00000
00000000000000
00000000000000
00000000000000
00000000000000
00000000000000
00000000000000
00000000000000
000000F0000000
000001FC000000
000003FC000000
000003FE000000
000007FE000000
000007FF000000
000007FF000000
00000FFF800000
00000FFF800000
00001FDF800000
00001FDFC00000
00003F9FC00000
00003F8FE00000
00007F0FE00000
00007F07F00000
00007E07F00000
0000FE03F80000
0000FE03F80000
0001FC03F80000
0001FC01FC0000
0003F801FC0000
0003F800FE0000
0003F800FE0000
0007F0007F0000
0007F0007F0000
000FE0007F8000
000FE0003F8000
001FC0003F8000
001FC0001FC000
003FC0001FC000
003F80000FE000
003F80000FE000
007F00000FF000
007F000007F000
00FE000007F000
00FE000003F800
01FE000003F800
01FFFFFFFFFC00
03FFFFFFFFFC00
03FFFFFFFFFE00
03FFFFFFFFFE00
07FFFFFFFFFF00
07FFFFFFFFFF00
0FF00000007F00
0FE00000007F80
1FE00000003F80
1FC00000003FC0
3FC00000001FC0
3F800000001FE0
3F800000000FE0
7F800000000FF0
7F000000000FF0
FF0000000007F0
FE0000000007F8
FE0000000003F8
FC0000000003F8
FC0000000001F8
20000000000040
ENDCHAR
STARTCHAR uni04D3
ENCODING 1235
SWIDTH 544 0
DWIDTH 44 0
BBX 32 57 5 -1
BITMAP
00F803E0
01FC07F0
03FC07F0
03FC0FF0
03FC0FF0
03FC07F0
01F807F0
00F001C0
00000000
00000000
00000000
00000000
00000000
00000000
00000000
00000000
0003E000
007FFF80
03FFFFE0
0FFFFFF0
3FFFFFF8
3FFFFFFC
3FF807FC
3F8001FE
3E0000FE
000000FF
0000007F
0000007F
0000007F
0000007F
0000007F
0000007F
0000007F
00007FFF
00FFFFFF
07FFFFFF
1FFFFFFF
3FFFFFFF
7FF8007F
7FC0007F
FF00007F
FE00007F
FE00007F
FE00007F
FE00007F
FE0000FF
FE0000FF
FE0001FF
FF0003FF
7F8007FF
7FE01FBF
3FFFFF3F
1FFFFF3F
0FFFFE3F
07FFF83F
01FFF03F
000F0008
ENDCHAR
STARTCHAR uni04D4
ENCODING 1236
SWIDTH 984 0
DWIDTH 79 0
BBX 75 57 0 -1
BITMAP
000000007FFFFFFFFFC0
00000000FFFFFFFFFFE0
00000001FFFFFFFFFFE0
00000003FFFFFFFFFFE0
00000003FFFFFFFFFFE0
00000007FFFFFFFFFF80
00000007FF8000000000
0000000FFF8000000000
0000001FDFC000000000
0000001FDFC000000000
0000003F9FC000000000
0000003F9FC000000000
0000007F0FC000000000
000000FF0FE000000000
000000FE0FE000000000
000001FC0FE000000000
000003FC07E000000000
000003F807E000000000
000007F807F000000000
000007F007F000000000
00000FE007F000000000
00001FE003F000000000
00001FC003F800000000
00003FC003F800000000
00003F8003FFFFFFFF00
00007F0003FFFFFFFF80
0000FF0001FFFFFFFF80
0000FE0001FFFFFFFFC0
0001FE0001FFFFFFFF80
0001FC0001FFFFFFFF80
0003F80000FC00000000
0007F80000FC00000000
0007F00000FE00000000
000FF00000FE00000000
001FE00000FE00000000
001FC000007E00000000
003FFFFFFFFF00000000
003FFFFFFFFF00000000
007FFFFFFFFF00000000
00FFFFFFFFFF00000000
00FFFFFFFFFF00000000
01FFFFFFFFFF80000000
01FC0000003F80000000
03FC0000003F80000000
07F80000001F80000000
07F80000001FC0000000
0FF00000001FC0000000
0FE00000001FC0000000
1FE00000001FC0000000
3FC00000000FC0000000
3FC00000000FFFFFFFC0
7F800000000FFFFFFFE0
7F000000000FFFFFFFE0
FF000000000FFFFFFFE0
FE0000000007FFFFFFE0
7C0000000003FFFFFFC0
38000000000000000000
ENDCHAR
STARTCHAR uni04D5
ENCODING 1237
SWIDTH 872 0
DWIDTH 70 0
BBX 61 41 5 -1
BITMAP
0003F000003F0000
007FFF0003FFE000
03FFFFC00FFFF800
0FFFFFF03FFFFE00
3FFFFFF87FFFFF00
3FFFFFF8FFFFFF80
3FF807FDFF007FC0
3F8001FFFC001FC0
3E0000FFF8000FE0
000000FFF00007E0
0000007FE00007F0
0000007FC00003F0
0000007FC00003F0
0000007FC00003F8
0000003F800001F8
0000003F800001F8
0000003F800001F8
00005FFFFFFFFFF8
007FFFFFFFFFFFF8
07FFFFFFFFFFFFF8
1FFFFFFFFFFFFFF8
3FFFFFFFFFFFFFF0
7FF8003F80000000
7FC0003F80000000
FF00003F80000000
FE00007F80000000
FE00007F80000000
FE00007FC0000000
FE00007FC0000000
FE0000FFE0000000
FE0000FFE0000000
FE0001FFF0000060
FF0003F7F80001F0
7F8007F3FE0007F8
7FE00FE1FFC03FF8
3FFFFFC1FFFFFFF0
1FFFFF807FFFFFE0
0FFFFF003FFFFFC0
07FFFE000FFFFF00
01FFF80003FFF800
000F8000003F8000
ENDCHAR
STARTCHAR uni04D6
ENCODING 1238
SWIDTH 586 0
DWIDTH 47 0
BBX 36 73 7 0
BITMAP
0700000380
0F000003C0
0F800007C0
0FC0000FC0
07E0001F80
07F0003F00
03F8007F00
01FF87FE00
00FFFFFC00
007FFFF000
001FFFE000
0003FF0000
0000000000
0000000000
0000000000
0000000000
0000000000
7FFFFFFFF0
FFFFFFFFF0
FFFFFFFFF0
FFFFFFFFF0
FFFFFFFFF0
FFFFFFFFC0
FE00000000
FE00000000
FE00000000
FE00000000
FE00000000
FE00000000
FE00000000
FE00000000
FE00000000
FE00000000
FE00000000
FE00000000
FE00000000
FE00000000
FE00000000
FE00000000
FE00000000
FE00000000
FFFFFFFF80
FFFFFFFFC0
FFFFFFFFE0
FFFFFFFFE0
FFFFFFFFE0
FFFFFFFFC0
FE00000000
FE00000000
FE00000000
FE00000000
FE00000000
FE00000000
FE00000000
FE00000000
FE00000000
FE00000000
FE00000000
FE00000000
FE00000000
FE00000000
FE00000000
FE00000000
FE00000000
FE00000000
FE00000000
FE00000000
FFFFFFFFE0
FFFFFFFFF0
FFFFFFFFF0
FFFFFFFFF0
FFFFFFFFF0
3FFFFFFFE0
ENDCHAR
STARTCHAR uni04D7
ENCODING 1239
SWIDTH 545 0
DWIDTH 44 0
BBX 36 57 4 -1
BITMAP
0380000700
07C0000F00
07C0000F00
03E0001F00
03F0003E00
01F8007E00
01FC00FC00
00FFCFFC00
007FFFF000
003FFFE000
000FFFC000
0003FE0000
0000000000
0000000000
0000000000
0000000000
0000F80000
000FFFC000
003FFFF000
00FFFFF800
01FFFFFC00
03FFFFFE00
07FC00FF00
0FF0007F80
1FE0001F80
1FC0001FC0
3F80000FC0
3F80000FE0
7F000007E0
7F000007E0
7F000007E0
FE000003F0
FE000003F0
FE000003F0
FFFFFFFFF0
FFFFFFFFF0
FFFFFFFFF0
FFFFFFFFE0
FE00000000
FE00000000
FE00000000
FE00000000
7F00000000
7F00000000
7F00000000
3F80000000
3FC0000000
3FE00000C0
1FF00003E0
0FF8000FE0
07FF00FFE0
03FFFFFFE0
01FFFFFFC0
00FFFFFF80
003FFFFE00
000FFFF000
00007E0000
ENDCHAR
STARTCHAR uni04D8
ENCODING 1240
SWIDTH 772 0
DWIDTH 62 0
BBX 52 58 5 -1
BITMAP
00007FFE000000
000FFFFFE00000
007FFFFFF80000
01FFFFFFFE0000
07FFFFFFFF8000
0FFFFFFFFFC000
1FFFFC7FFFE000
3FFE0001FFF000
3FF000003FF800
3FC000001FFC00
1F00000007FE00
0C00000003FE00
0000000001FF00
0000000000FF80
00000000007F80
00000000007FC0
00000000003FC0
00000000003FC0
00000000001FE0
00000000001FE0
00000000001FE0
00000000001FE0
00000000000FE0
00000000000FF0
00000000000FF0
3FFFFFFFFFFFF0
FFFFFFFFFFFFF0
FFFFFFFFFFFFF0
FFFFFFFFFFFFF0
FFFFFFFFFFFFF0
FFFFFFFFFFFFF0
FFFFFFFFFFFFF0
FF000000000FF0
FF000000000FF0
FF000000000FF0
FF000000000FE0
FF000000001FE0
7F000000001FE0
7F800000001FE0
7F800000001FE0
7F800000003FC0
3FC00000003FC0
3FC00000007FC0
1FE00000007F80
1FE0000000FF80
0FF0000001FF00
0FF8000001FE00
07FC000007FE00
07FE00000FFC00
03FF80001FF800
01FFE000FFF000
00FFFFFFFFE000
007FFFFFFFC000
001FFFFFFF8000
000FFFFFFE0000
0003FFFFF80000
00007FFFE00000
000003FC000000
ENDCHAR
STARTCHAR uni04D9
ENCODING 1241
SWIDTH 546 0
DWIDTH 44 0
BBX 36 41 4 -1
BITMAP
000FE00000
00FFFE0000
07FFFFC000
1FFFFFE000
3FFFFFF800
7FFFFFFC00
FFE01FFE00
FF0003FF00
7C0000FF00
3000007F80
0000003FC0
0000003FC0
0000001FC0
0000001FE0
0000000FE0
0000000FE0
0000000FE0
0000000FF0
00000007F0
FFFFFFFFF0
FFFFFFFFF0
FFFFFFFFF0
FFFFFFFFF0
FFFFFFFFF0
FC00000FE0
FC00000FE0
FC00000FE0
FE00000FE0
FE00001FC0
7E00001FC0
7F00003FC0
3F00003F80
3F80007F00
1FC000FF00
1FF003FE00
0FFFFFFC00
07FFFFF800
03FFFFF000
00FFFFC000
003FFF0000
0003F00000
ENDCHAR
STARTCHAR uni04DA
ENCODING 1242
SWIDTH 772 0
DWIDTH 62 0
BBX 52 73 5 -1
BITMAP
0000F003C00000
0001F807F00000
0003FC07F00000
0003FC0FF00000
0003FC0FF00000
0003FC07F00000
0001FC07F00000
0000F803E00000
00000000000000
00000000000000
00000000000000
00000000000000
00000000000000
00000000000000
00000000000000
00007FFE000000
000FFFFFE00000
007FFFFFF80000
01FFFFFFFE0000
07FFFFFFFF8000
0FFFFFFFFFC000
1FFFFC7FFFE000
3FFE0001FFF000
3FF000003FF800
3FC000001FFC00
1F00000007FE00
0C00000003FE00
0000000001FF00
0000000000FF80
00000000007F80
00000000007FC0
00000000003FC0
00000000003FC0
00000000001FE0
00000000001FE0
00000000001FE0
00000000001FE0
00000000000FE0
00000000000FF0
00000000000FF0
3FFFFFFFFFFFF0
FFFFFFFFFFFFF0
FFFFFFFFFFFFF0
FFFFFFFFFFFFF0
FFFFFFFFFFFFF0
FFFFFFFFFFFFF0
FFFFFFFFFFFFF0
FF000000000FF0
FF000000000FF0
FF000000000FF0
FF000000000FE0
FF000000001FE0
7F000000001FE0
7F800000001FE0
7F800000001FE0
7F800000003FC0
3FC00000003FC0
3FC00000007FC0
1FE00000007F80
1FE0000000FF80
0FF0000001FF00
0FF8000001FE00
07FC000007FE00
07FE00000FFC00
03FF80001FF800
01FFE000FFF000
00FFFFFFFFE000
007FFFFFFFC000
001FFFFFFF8000
000FFFFFFE0000
0003FFFFF80000
00007FFFE00000
000003FC000000
ENDCHAR
STARTCHAR uni04DB
ENCODING 1243
SWIDTH 546 0
DWIDTH 44 0
BBX 36 57 4 -1
BITMAP
03E007C000
07F00FE000
07F81FE000
07F81FE000
07F81FE000
07F81FE000
03F00FC000
01E0078000
0000000000
0000000000
0000000000
0000000000
0000000000
0000000000
0000000000
0000000000
000FE00000
00FFFE0000
07FFFFC000
1FFFFFE000
3FFFFFF800
7FFFFFFC00
FFE01FFE00
FF0003FF00
7C0000FF00
3000007F80
0000003FC0
0000003FC0
0000001FC0
0000001FE0
0000000FE0
0000000FE0
0000000FE0
0000000FF0
00000007F0
FFFFFFFFF0
FFFFFFFFF0
FFFFFFFFF0
FFFFFFFFF0
FFFFFFFFF0
FC00000FE0
FC00000FE0
FC00000FE0
FE00000FE0
FE00001FC0
7E00001FC0
7F00003FC0
3F00003F80
3F80007F00
1FC000FF00
1FF003FE00
0FFFFFFC00
07FFFFF800
03FFFFF000
00FFFFC000
003FFF0000
0003F00000
ENDCHAR
STARTCHAR uni04DC
ENCODING 1244
SWIDTH 979 0
DWIDTH 78 0
BBX 74 73 2 -1
BITMAP
0000000F003C00000000
0000001F807E00000000
0000003FC0FF00000000
0000003FC0FF00000000
0000003FC0FF00000000
0000003FC0FF00000000
0000001F807F00000000
0000000F003E00000000
00000000000000000000
00000000000000000000
00000000000000000000
00000000000000000000
00000000000000000000
00000000000000000000
00000000000000000000
038000001E0000007000
07E000003F000000FC00
0FE000003F800001FC00
0FF000003F800003FC00
0FF800003F800003FC00
07F800003F800007F800
03FC00003F80000FF800
03FE00003F80000FF000
01FE00003F80001FE000
00FF00003F80003FE000
00FF80003F80003FC000
007F80003F80007F8000
003FC0003F80007F8000
003FC0003F8000FF0000
001FE0003F8001FE0000
000FF0003F8001FE0000
000FF0003F8003FC0000
0007F8003F8007F80000
0003FC003F8007F80000
0003FC003F800FF00000
0001FE003F801FE00000
0000FF003F801FE00000
0000FF003F803FC00000
00007F803F807F800000
00003FC03F807F800000
00003FFFFFFFFF000000
00001FFFFFFFFE000000
00007FFFFFFFFF800000
0001FFFFFFFFFFE00000
0003FFFFFFFFFFF00000
0007FFFFFFFFFFF80000
000FFFFFFFFFFFFC0000
001FFC003F800FFE0000
003FF0003F8003FF0000
003FE0003F8001FF0000
007FC0003F8000FF8000
007F80003F80007FC000
00FF00003F80003FC000
00FF00003F80001FE000
01FE00003F80001FE000
01FE00003F80000FF000
03FC00003F80000FF000
03FC00003F800007F000
07F800003F800007F800
07F800003F800003F800
0FF000003F800003FC00
0FF000003F800001FC00
1FE000003F800001FE00
1FE000003F800000FE00
3FC000003F800000FF00
3FC000003F800000FF00
7F8000003F8000007F80
7F8000003F8000007F80
FF0000003F8000003FC0
FF0000003F8000003FC0
7E0000003F0000001FC0
7E0000003F0000000F80
10000000040000000200
ENDCHAR
STARTCHAR uni04DD
ENCODING 1245
SWIDTH 794 0
DWIDTH 64 0
BBX 60 57 2 -1
BITMAP
00000F803F000000
00001FC07F000000
00001FE07F800000
00001FE07F800000
00001FE07F800000
00001FE07F800000
00000FC03F000000
000007001E000000
0000000000000000
0000000000000000
0000000000000000
0000000000000000
0000000000000000
0000000000000000
0000000000000000
0000000000000000
0000000000000000
0F00001F00001F00
1F80003F80001F80
1FC0003F80003F80
1FC0003F80007F80
1FE0003F8000FF00
0FF0003F8001FE00
07F8003F8001FE00
03FC003F8003FC00
03FC003F8007F800
01FE003F800FF000
00FF003F800FF000
007F803F801FE000
003F803F803FC000
003FC03F807F8000
001FE03F80FF8000
000FF03F80FF0000
0007FFFFFFFE0000
0007FFFFFFFC0000
000FFFFFFFFF0000
003FFFFFFFFF8000
007FFFFFFFFFC000
007FFFFFFFFFE000
00FF803F803FF000
01FF003F800FF000
03FE003F8007F800
03FC003F8003FC00
07F8003F8003FC00
07F8003F8001FE00
0FF0003F8000FE00
0FE0003F8000FF00
1FE0003F80007F80
3FC0003F80007F80
3FC0003F80003FC0
7F80003F80001FC0
7F00003F80001FE0
FF00003F80000FE0
FE00003F80000FF0
FE00003F800007E0
7C00001F800003E0
1000000400000080
ENDCHAR
STARTCHAR uni04DE
ENCODING 1246
SWIDTH 639 0
DWIDTH 51 0
BBX 43 73 3 -1
BITMAP
0007801E0000
000FC03F0000
001FE07F8000
001FE07F8000
001FE07F8000
001FE07F8000
000FC03F8000
0007801F0000
000000000000
000000000000
000000000000
000000000000
000000000000
000000000000
000000000000
0001FFF80000
001FFFFF0000
00FFFFFFE000
03FFFFFFF000
0FFFFFFFF800
1FFFFFFFFC00
3FFFC0FFFE00
3FF80007FF00
3FC00001FF00
3F000000FF80
3E0000007F80
000000007FC0
000000003FC0
000000003FC0
000000003FC0
000000003FC0
000000003FC0
000000003FC0
000000003FC0
000000003F80
000000003F80
000000007F80
00000000FF00
00000001FE00
00000007FE00
000FFFFFF800
003FFFFFF000
007FFFFFC000
007FFFFFE000
007FFFFFF800
003FFFFFFC00
000000FFFE00
00000003FF00
00000000FF80
000000003FC0
000000003FC0
000000001FE0
000000001FE0
000000000FE0
000000000FE0
000000000FE0
000000000FE0
000000000FE0
000000000FE0
000000001FE0
000000001FE0
780000003FE0
FC0000003FC0
FF0000007FC0
FFE00001FF80
FFFC000FFF80
7FFFFFFFFF00
3FFFFFFFFE00
0FFFFFFFFC00
03FFFFFFF800
00FFFFFFE000
001FFFFF0000
00003FE00000
ENDCHAR
STARTCHAR uni04DF
ENCODING 1247
SWIDTH 502 0
DWIDTH 40 0
BBX 34 57 3 -1
BITMAP
01F007E000
03F80FE000
03FC0FF000
03FC0FF000
03FC0FF000
03FC0FF000
01F807E000
00E003C000
0000000000
0000000000
0000000000
0000000000
0000000000
0000000000
0000000000
0000000000
0007F80000
00FFFF8000
07FFFFE000
1FFFFFF800
7FFFFFFC00
7FFFFFFE00
FFC007FE00
7E0001FF00
780000FF00
0000007F00
0000007F00
0000007F00
0000007F00
0000007F00
0000007F00
000000FE00
000001FE00
00003FFC00
003FFFF800
007FFFE000
007FFFF000
007FFFFC00
003FFFFE00
000001FF00
0000007F80
0000003F80
0000003F80
0000001FC0
0000001FC0
0000001FC0
0000001FC0
0000003F80
F800003F80
FE0000FF80
FFC003FF00
FFFFFFFF00
7FFFFFFE00
3FFFFFF800
0FFFFFF000
01FFFF8000
000FF80000
ENDCHAR
STARTCHAR uni04E0
ENCODING 1248
SWIDTH 639 0
DWIDTH 51 0
BBX 43 57 3 -1
BITMAP
7FFFFFFFFF80
7FFFFFFFFF80
7FFFFFFFFFC0
7FFFFFFFFF80
7FFFFFFFFF80
3FFFFFFFFF00
00000001FE00
00000003FC00
00000007FC00
0000000FF800
0000001FF000
0000001FE000
0000003FC000
0000007F8000
000000FF0000
000001FE0000
000003FC0000
000007F80000
00000FF00000
00001FE00000
00003FC00000
00007F800000
0000FF800000
0001FF000000
0001FF800000
0003FFFF0000
0007FFFFE000
0007FFFFF800
0007FFFFFC00
0003FFFFFE00
000003FFFF00
00000003FF80
00000000FFC0
000000007FC0
000000003FE0
000000001FE0
000000001FE0
000000000FE0
000000000FE0
000000000FE0
000000000FE0
000000000FE0
000000000FE0
000000001FE0
000000001FE0
780000003FE0
7E0000003FC0
FF8000007FC0
FFE00001FF80
7FFC000FFF80
7FFFFFFFFF00
1FFFFFFFFE00
0FFFFFFFFC00
03FFFFFFF000
00FFFFFFC000
001FFFFF0000
00003FC00000
ENDCHAR
STARTCHAR uni04E1
ENCODING 1249
SWIDTH 500 0
DWIDTH 40 0
BBX 36 54 1 -15
BITMAP
3FFFFFFF80
7FFFFFFFC0
7FFFFFFFC0
7FFFFFFFC0
7FFFFFFFC0
1FFFFFFFC0
0000007F80
000000FF00
000001FE00
000003FC00
000007F800
00000FF000
00001FE000
00003FC000
00003F8000
00007F0000
0000FE0000
0001FC0000
0003FC0000
0007F80000
000FF00000
001FE00000
003FFF8000
007FFFF000
007FFFFC00
007FFFFE00
007FFFFF80
00000FFF80
000000FFC0
0000003FE0
0000001FE0
0000000FF0
0000000FF0
00000007F0
00000007F0
00000007F0
00000007F0
00000007F0
00000007F0
00000007F0
00000007F0
00000007F0
0000000FF0
0000000FE0
0000001FE0
7800003FC0
FE00007FC0
FFC001FF80
FFFFFFFF00
7FFFFFFE00
3FFFFFFC00
0FFFFFF800
03FFFFE000
003FFE0000
ENDCHAR
STARTCHAR uni04E2
ENCODING 1250
SWIDTH 741 0
DWIDTH 59 0
BBX 46 71 7 -1
BITMAP
003FFFFFE000
007FFFFFF000
007FFFFFF000
007FFFFFF000
003FFFFFE000
000000000000
000000000000
000000000000
000000000000
000000000000
000000000000
000000000000
000000000000
780000000070
FC00000001F8
FE00000003F8
FE00000003FC
FE00000007FC
FE0000000FFC
FE0000001FFC
FE0000001FFC
FE0000003FFC
FE0000007FFC
FE000000FFFC
FE000000FFFC
FE000001FFFC
FE000003FDFC
FE000007F9FC
FE000007F9FC
FE00000FF1FC
FE00001FE1FC
FE00003FC1FC
FE00003FC1FC
FE00007F81FC
FE0000FF01FC
FE0001FE01FC
FE0001FE01FC
FE0003FC01FC
FE0007F801FC
FE000FF001FC
FE000FF001FC
FE001FE001FC
FE003FC001FC
FE007F8001FC
FE007F8001FC
FE00FF0001FC
FE01FE0001FC
FE03FC0001FC
FE03FC0001FC
FE07F80001FC
FE0FF00001FC
FE1FE00001FC
FE1FE00001FC
FE3FC00001FC
FE7F800001FC
FEFF000001FC
FEFF000001FC
FFFE000001FC
FFFC000001FC
FFF8000001FC
FFF8000001FC
FFF0000001FC
FFE0000001FC
FFC0000001FC
FFC0000001FC
FF80000001FC
FF00000001FC
FE00000001FC
FE00000001F8
7C00000001F8
100000000020
ENDCHAR
STARTCHAR uni04E3
ENCODING 1251
SWIDTH 588 0
DWIDTH 47 0
BBX 35 56 6 -1
BITMAP
01FFFFF000
03FFFFFC00
07FFFFFC00
07FFFFFC00
03FFFFF800
0000000000
0000000000
0000000000
0000000000
0000000000
0000000000
0000000000
0000000000
0000000000
0000000000
1000000100
7C000007C0
FE00000FE0
FE00001FE0
FE00003FE0
FE00007FE0
FE00007FE0
FE0000FFE0
FE0001FFE0
FE0003FFE0
FE0003FFE0
FE0007FFE0
FE000FEFE0
FE001FCFE0
FE001FCFE0
FE003F8FE0
FE007F0FE0
FE00FE0FE0
FE00FE0FE0
FE01FC0FE0
FE03F80FE0
FE07F00FE0
FE07F00FE0
FE0FE00FE0
FE1FC00FE0
FE3F800FE0
FE3F800FE0
FE7F000FE0
FEFE000FE0
FFFC000FE0
FFFC000FE0
FFF8000FE0
FFF0000FE0
FFE0000FE0
FFE0000FE0
FFC0000FE0
FF80000FE0
FF00000FE0
FF00000FE0
7E000007C0
1800000100
ENDCHAR
STARTCHAR uni04E4
ENCODING 1252
SWIDTH 741 0
DWIDTH 59 0
BBX 46 73 7 -1
BITMAP
0003C00F0000
000FE01F8000
000FE03FC000
000FF03FC000
000FF03FC000
000FE03FC000
000FE03F8000
0007C01F0000
000000000000
000000000000
000000000000
000000000000
000000000000
000000000000
000000000000
780000000070
FC00000001F8
FE00000003F8
FE00000003FC
FE00000007FC
FE0000000FFC
FE0000001FFC
FE0000001FFC
FE0000003FFC
FE0000007FFC
FE000000FFFC
FE000000FFFC
FE000001FFFC
FE000003FDFC
FE000007F9FC
FE000007F9FC
FE00000FF1FC
FE00001FE1FC
FE00003FC1FC
FE00003FC1FC
FE00007F81FC
FE0000FF01FC
FE0001FE01FC
FE0001FE01FC
FE0003FC01FC
FE0007F801FC
FE000FF001FC
FE000FF001FC
FE001FE001FC
FE003FC001FC
FE007F8001FC
FE007F8001FC
FE00FF0001FC
FE01FE0001FC
FE03FC0001FC
FE03FC0001FC
FE07F80001FC
FE0FF00001FC
FE1FE00001FC
FE1FE00001FC
FE3FC00001FC
FE7F800001FC
FEFF000001FC
FEFF000001FC
FFFE000001FC
FFFC000001FC
FFF8000001FC
FFF8000001FC
FFF0000001FC
FFE0000001FC
FFC0000001FC
FFC0000001FC
FF80000001FC
FF00000001FC
FE00000001FC
FE00000001F8
7C00000001F8
100000000020
ENDCHAR
STARTCHAR uni04E5
ENCODING 1253
SWIDTH 588 0
DWIDTH 47 0
BBX 35 57 6 -1
BITMAP
00F803E000
01FC07F000
01FC07F000
03FC07F800
03FC07F800
01FC07F000
01FC07F000
007001C000
0000000000
0000000000
0000000000
0000000000
0000000000
0000000000
0000000000
0000000000
1000000100
7C000007C0
FE00000FE0
FE00001FE0
FE00003FE0
FE00007FE0
FE00007FE0
FE0000FFE0
FE0001FFE0
FE0003FFE0
FE0003FFE0
FE0007FFE0
FE000FEFE0
FE001FCFE0
FE001FCFE0
FE003F8FE0
FE007F0FE0
FE00FE0FE0
FE00FE0FE0
FE01FC0FE0
FE03F80FE0
FE07F00FE0
FE07F00FE0
FE0FE00FE0
FE1FC00FE0
FE3F800FE0
FE3F800FE0
FE7F000FE0
FEFE000FE0
FFFC000FE0
FFFC000FE0
FFF8000FE0
FFF0000FE0
FFE0000FE0
FFE0000FE0
FFC0000FE0
FF80000FE0
FF00000FE0
FF00000FE0
7E000007C0
1800000100
ENDCHAR
STARTCHAR uni04E6
ENCODING 1254
SWIDTH 771 0
DWIDTH 62 0
BBX 52 73 5 -1
BITMAP
00007801E00000
0001FC03F00000
0001FC07F80000
0001FE07F80000
0001FE07F80000
0001FE07F80000
0001FC07F00000
0000F803E00000
00000000000000
00000000000000
00000000000000
00000000000000
00000000000000
00000000000000
00000000000000
00000FFF000000
0000FFFFF00000
0003FFFFFC0000
000FFFFFFF0000
003FFFFFFF8000
007FFFFFFFE000
00FFFF9FFFF000
01FFE0007FF800
03FF80001FFC00
07FE00000FFC00
07FC000003FE00
0FF8000001FF00
1FF0000000FF00
1FE0000000FF80
3FE00000007F80
3FC00000003FC0
3FC00000003FC0
7F800000003FC0
7F800000001FE0
7F800000001FE0
7F000000001FE0
FF000000000FE0
FF000000000FE0
FF000000000FF0
FF000000000FF0
FF000000000FF0
FF000000000FF0
FF000000000FF0
FF000000000FF0
FF000000000FF0
FF000000000FF0
FF000000000FF0
FF000000000FF0
FF000000000FF0
FF000000000FF0
FF000000000FE0
FF000000001FE0
7F800000001FE0
7F800000001FE0
7F800000001FC0
7FC00000003FC0
3FC00000003FC0
3FE00000007F80
1FE00000007F80
1FF0000000FF00
0FF8000001FF00
0FFC000003FE00
07FE000007FE00
03FF00000FFC00
01FFC0003FF800
01FFF801FFF000
00FFFFFFFFE000
003FFFFFFFC000
001FFFFFFF8000
0007FFFFFE0000
0001FFFFF80000
00007FFFE00000
000003FC000000
ENDCHAR
STARTCHAR uni04E7
ENCODING 1255
SWIDTH 571 0
DWIDTH 46 0
BBX 38 57 4 -1
BITMAP
007C01F000
00FE01F800
00FF03FC00
00FF03FC00
00FF03FC00
00FF03FC00
007E01F800
003C00F000
0000000000
0000000000
0000000000
0000000000
0000000000
0000000000
0000000000
0000000000
00007C0000
000FFFC000
007FFFF000
00FFFFFC00
03FFFFFE00
07FFFFFF00
0FFF03FF80
0FF800FFC0
1FF0003FE0
3FE0001FE0
3FC0000FF0
7F80000FF0
7F800007F0
7F000007F8
7F000003F8
FF000003F8
FF000003F8
FE000003FC
FE000003FC
FE000003FC
FE000003FC
FE000003FC
FE000003FC
FE000003FC
FF000003F8
FF000003F8
7F000003F8
7F000007F8
7F800007F0
7F80000FF0
3FC0000FF0
3FE0001FE0
1FF0003FE0
0FF8007FC0
0FFE03FF80
07FFFFFF00
03FFFFFE00
00FFFFFC00
007FFFF000
001FFFC000
0000F80000
ENDCHAR
STARTCHAR uni04E8
ENCODING 1256
SWIDTH 772 0
DWIDTH 62 0
BBX 52 58 5 -1
BITMAP
00000FFF000000
0000FFFFF00000
0003FFFFFC0000
000FFFFFFF0000
003FFFFFFF8000
007FFFFFFFE000
00FFFF9FFFF000
01FFE0007FF800
03FF80001FFC00
07FE00000FFC00
07FC000003FE00
0FF8000001FF00
1FF0000000FF00
1FE0000000FF80
3FE00000007F80
3FC00000003FC0
3FC00000003FC0
7F800000003FC0
7F800000001FE0
7F800000001FE0
7F000000001FE0
FF000000000FE0
FF000000000FE0
FF000000000FF0
FF000000000FF0
FFFFFFFFFFFFF0
FFFFFFFFFFFFF0
FFFFFFFFFFFFF0
FFFFFFFFFFFFF0
FFFFFFFFFFFFF0
FFFFFFFFFFFFF0
FF000000000FF0
FF000000000FF0
FF000000000FF0
FF000000000FF0
FF000000000FE0
FF000000001FE0
7F800000001FE0
7F800000001FE0
7F800000001FC0
7FC00000003FC0
3FC00000003FC0
3FE00000007F80
1FE00000007F80
1FF0000000FF00
0FF8000001FF00
0FFC000003FE00
07FE000007FE00
03FF00000FFC00
01FFC0003FF800
01FFF801FFF000
00FFFFFFFFE000
003FFFFFFFC000
001FFFFFFF8000
0007FFFFFE0000
0001FFFFF80000
00007FFFE00000
000003FC000000
ENDCHAR
STARTCHAR uni04E9
ENCODING 1257
SWIDTH 571 0
DWIDTH 46 0
BBX 38 41 4 -1
BITMAP
00007C0000
000FFFC000
007FFFF000
00FFFFFC00
03FFFFFE00
07FFFFFF00
0FFF03FF80
0FF8007FC0
1FF0003FE0
3FE0001FE0
3FC0000FF0
7F80000FF0
7F800007F8
7F000007F8
7F000003F8
FF000003F8
FF000003F8
FF000003FC
FFFFFFFFFC
FFFFFFFFFC
FFFFFFFFFC
FFFFFFFFFC
FFFFFFFFFC
FF000003FC
FF000003F8
FF000003F8
7F000003F8
7F000007F8
7F800007F8
3F80000FF0
3FC0000FF0
3FE0001FE0
1FF0003FE0
0FF8007FC0
0FFF03FF80
07FFFFFF00
03FFFFFE00
00FFFFFC00
007FFFF000
000FFFC000
0000F80000
ENDCHAR
STARTCHAR uni04EA
ENCODING 1258
SWIDTH 772 0
DWIDTH 62 0
BBX 52 73 5 -1
BITMAP
00007801E00000
0001FC03F00000
0001FC07F80000
0001FE07F80000
0001FE07F80000
0001FE07F80000
0001FC07F00000
0000F803E00000
00000000000000
00000000000000
00000000000000
00000000000000
00000000000000
00000000000000
00000000000000
00000FFF000000
0000FFFFF00000
0003FFFFFC0000
000FFFFFFF0000
003FFFFFFF8000
007FFFFFFFE000
00FFFF9FFFF000
01FFE0007FF800
03FF80001FFC00
07FE00000FFC00
07FC000003FE00
0FF8000001FF00
1FF0000000FF00
1FE0000000FF80
3FE00000007F80
3FC00000003FC0
3FC00000003FC0
7F800000003FC0
7F800000001FE0
7F800000001FE0
7F000000001FE0
FF000000000FE0
FF000000000FE0
FF000000000FF0
FF000000000FF0
FFFFFFFFFFFFF0
FFFFFFFFFFFFF0
FFFFFFFFFFFFF0
FFFFFFFFFFFFF0
FFFFFFFFFFFFF0
FFFFFFFFFFFFF0
FF000000000FF0
FF000000000FF0
FF000000000FF0
FF000000000FF0
FF000000000FE0
FF000000001FE0
7F800000001FE0
7F800000001FE0
7F800000001FC0
7FC00000003FC0
3FC00000003FC0
3FE00000007F80
1FE00000007F80
1FF0000000FF00
0FF8000001FF00
0FFC000003FE00
07FE000007FE00
03FF00000FFC00
01FFC0003FF800
01FFF801FFF000
00FFFFFFFFE000
003FFFFFFFC000
001FFFFFFF8000
0007FFFFFE0000
0001FFFFF80000
00007FFFE00000
000003FC000000
ENDCHAR
STARTCHAR uni04EB
ENCODING 1259
SWIDTH 571 0
DWIDTH 46 0
BBX 38 57 4 -1
BITMAP
007C01F000
00FE01F800
00FF03FC00
00FF03FC00
00FF03FC00
00FF03FC00
007E01F800
003C00F000
0000000000
0000000000
0000000000
0000000000
0000000000
0000000000
0000000000
0000000000
00007C0000
000FFFC000
007FFFF000
00FFFFFC00
03FFFFFE00
07FFFFFF00
0FFF03FF80
0FF8007FC0
1FF0003FE0
3FE0001FE0
3FC0000FF0
7F80000FF0
7F800007F8
7F000007F8
7F000003F8
FF000003F8
FF000003F8
FF000003FC
FFFFFFFFFC
FFFFFFFFFC
FFFFFFFFFC
FFFFFFFFFC
FFFFFFFFFC
FF000003FC
FF000003F8
FF000003F8
7F000003F8
7F000007F8
7F800007F8
3F80000FF0
3FC0000FF0
3FE0001FE0
1FF0003FE0
0FF8007FC0
0FFF03FF80
07FFFFFF00
03FFFFFE00
00FFFFFC00
007FFFF000
000FFFC000
0000F80000
ENDCHAR
STARTCHAR uni04EC
ENCODING 1260
SWIDTH 675 0
DWIDTH 54 0
BBX 46 73 3 -1
BITMAP
000F003C0000
001F807E0000
003FC0FF0000
003FC0FF0000
003FC0FF0000
003FC0FF0000
003F807F0000
000F003E0000
000000000000
000000000000
000000000000
000000000000
000000000000
000000000000
000000000000
0003FFC00000
003FFFFC0000
01FFFFFF0000
07FFFFFFC000
0FFFFFFFF000
3FFFFFFFF800
7FFFFFFFFC00
7FF8003FFE00
FFC00007FF00
7F000003FF80
7E000000FF80
380000007FC0
000000003FE0
000000003FE0
000000001FF0
000000000FF0
000000000FF0
000000000FF8
0000000007F8
0000000007F8
0000000007F8
0000000003FC
0000000003FC
0000000003FC
0000000003FC
000FFFFFFFFC
001FFFFFFFFC
003FFFFFFFFC
003FFFFFFFFC
003FFFFFFFFC
001FFFFFFFFC
0000000003FC
0000000003FC
0000000003FC
0000000003FC
0000000003FC
0000000003FC
0000000007F8
0000000007F8
0000000007F8
000000000FF0
000000000FF0
000000001FF0
000000001FE0
000000003FE0
000000007FC0
78000000FFC0
7E000001FF80
FF000007FF00
FFE0001FFF00
7FFC00FFFE00
7FFFFFFFFC00
1FFFFFFFF000
0FFFFFFFE000
03FFFFFF8000
00FFFFFE0000
003FFFF00000
0000FE000000
ENDCHAR
STARTCHAR uni04ED
ENCODING 1261
SWIDTH 495 0
DWIDTH 40 0
BBX 34 57 2 -1
BITMAP
03E00F8000
07F01FC000
07F01FC000
0FF01FE000
0FF01FE000
07F01FC000
07F01FC000
01C0070000
0000000000
0000000000
0000000000
0000000000
0000000000
0000000000
0000000000
0000000000
001F800000
01FFFC0000
0FFFFF0000
3FFFFFC000
7FFFFFE000
FFFFFFF000
FF801FF800
FC0007FC00
780003FE00
000001FE00
000000FF00
0000007F00
0000007F80
0000003F80
0000003F80
0000003F80
0000003F80
0000001FC0
01FFFFFFC0
01FFFFFFC0
01FFFFFFC0
01FFFFFFC0
00FFFFFFC0
0000001FC0
0000003F80
0000003F80
0000003F80
0000003F80
0000007F00
0000007F00
000000FF00
000001FE00
780003FC00
FC0007FC00
FF801FF800
FFFFFFF000
7FFFFFE000
3FFFFFC000
0FFFFF0000
03FFFC0000
001F800000
ENDCHAR
STARTCHAR uni04EE
ENCODING 1262
SWIDTH 647 0
DWIDTH 52 0
BBX 49 71 2 -1
BITMAP
000FFFFFF00000
001FFFFFF80000
001FFFFFFC0000
001FFFFFF80000
000FFFFFF80000
00000000000000
00000000000000
00000000000000
00000000000000
00000000000000
00000000000000
00000000000000
00000000000000
78000000001E00
FC000000003F00
FE000000003F80
FE000000007F00
FF000000007F00
7F80000000FF00
7F80000001FE00
3FC0000001FE00
1FE0000003FC00
1FE0000003FC00
0FF0000007F800
0FF0000007F800
07F800000FF000
03FC00000FF000
03FC00001FE000
01FE00001FE000
00FF00003FC000
00FF00003FC000
007F80007F8000
007F80007F8000
003FC000FF0000
001FE000FF0000
001FE001FE0000
000FF001FE0000
000FF003FC0000
0007F803FC0000
0003FC07F80000
0003FC07F00000
0001FE0FF00000
0000FF0FE00000
0000FF1FE00000
00007F9FC00000
00007FBFC00000
00003FFF800000
00001FFF800000
00001FFF000000
00000FFF000000
000007FE000000
000007FE000000
000003FC000000
000003FC000000
000007F8000000
000007F8000000
00000FF0000000
00000FF0000000
00001FE0000000
00001FE0000000
00003FC0000000
00003FC0000000
00007F80000000
00007F80000000
0000FF00000000
0000FF00000000
0001FE00000000
0001FE00000000
0001FC00000000
0000F800000000
00002000000000
ENDCHAR
STARTCHAR uni04EF
ENCODING 1263
SWIDTH 528 0
DWIDTH 42 0
BBX 38 70 2 -15
BITMAP
007FFFF800
01FFFFFE00
01FFFFFE00
01FFFFFE00
01FFFFFE00
0000000000
0000000000
0000000000
0000000000
0000000000
0000000000
0000000000
0000000000
0000000000
0000000000
0800000020
7E000000F8
7E000001FC
FF000001FC
7F000003FC
7F800003F8
7F800003F8
3F800007F0
3FC00007F0
1FC0000FF0
1FE0000FE0
1FE0000FE0
0FE0001FC0
0FF0001FC0
07F0003F80
07F8003F80
03F8007F80
03FC007F00
03FC007F00
01FC00FE00
01FE00FE00
00FE01FC00
00FF01FC00
007F01FC00
007F03F800
007F83F800
003F87F000
003FC7F000
001FCFE000
001FCFE000
000FEFE000
000FFFC000
000FFFC000
0007FF8000
0007FF8000
0003FF0000
0003FF0000
0001FF0000
0001FE0000
0001FE0000
0001FC0000
0003FC0000
0003F80000
0007F80000
0007F00000
0007F00000
000FF00000
000FE00000
001FE00000
001FC00000
003FC00000
003F800000
003F800000
003F000000
001E000000
ENDCHAR
STARTCHAR uni04F0
ENCODING 1264
SWIDTH 647 0
DWIDTH 52 0
BBX 49 73 2 -1
BITMAP
0001E007800000
0003F00FC00000
0007F81FE00000
0007F81FE00000
0007F81FE00000
0007F81FE00000
0003F00FE00000
0001E007C00000
00000000000000
00000000000000
00000000000000
00000000000000
00000000000000
00000000000000
00000000000000
78000000001E00
FC000000003F00
FE000000003F80
FE000000007F00
FF000000007F00
7F80000000FF00
7F80000001FE00
3FC0000001FE00
1FE0000003FC00
1FE0000003FC00
0FF0000007F800
0FF0000007F800
07F800000FF000
03FC00000FF000
03FC00001FE000
01FE00001FE000
00FF00003FC000
00FF00003FC000
007F80007F8000
007F80007F8000
003FC000FF0000
001FE000FF0000
001FE001FE0000
000FF001FE0000
000FF003FC0000
0007F803FC0000
0003FC07F80000
0003FC07F00000
0001FE0FF00000
0000FF0FE00000
0000FF1FE00000
00007F9FC00000
00007FBFC00000
00003FFF800000
00001FFF800000
00001FFF000000
00000FFF000000
000007FE000000
000007FE000000
000003FC000000
000003FC000000
000007F8000000
000007F8000000
00000FF0000000
00000FF0000000
00001FE0000000
00001FE0000000
00003FC0000000
00003FC0000000
00007F80000000
00007F80000000
0000FF00000000
0000FF00000000
0001FE00000000
0001FE00000000
0001FC00000000
0000F800000000
00002000000000
ENDCHAR
STARTCHAR uni04F1
ENCODING 1265
SWIDTH 528 0
DWIDTH 42 0
BBX 38 71 2 -15
BITMAP
003E00F800
007F01FC00
00FF03FC00
00FF03FC00
00FF03FC00
00FF01FC00
007E01F800
003C00F000
0000000000
0000000000
0000000000
0000000000
0000000000
0000000000
0000000000
0000000000
0800000020
7E000000F8
7E000001FC
FF000001FC
7F000003FC
7F800003F8
7F800003F8
3F800007F0
3FC00007F0
1FC0000FF0
1FE0000FE0
1FE0000FE0
0FE0001FC0
0FF0001FC0
07F0003F80
07F8003F80
03F8007F80
03FC007F00
03FC007F00
01FC00FE00
01FE00FE00
00FE01FC00
00FF01FC00
007F01FC00
007F03F800
007F83F800
003F87F000
003FC7F000
001FCFE000
001FCFE000
000FEFE000
000FFFC000
000FFFC000
0007FF8000
0007FF8000
0003FF0000
0003FF0000
0001FF0000
0001FE0000
0001FE0000
0001FC0000
0003FC0000
0003F80000
0007F80000
0007F00000
0007F00000
000FF00000
000FE00000
001FE00000
001FC00000
003FC00000
003F800000
003F800000
003F000000
001E000000
ENDCHAR
STARTCHAR uni04F2
ENCODING 1266
SWIDTH 647 0
DWIDTH 52 0
BBX 49 77 2 -1
BITMAP
000000601C0000
000001F03E0000
000001F83E0000
000003F87E0000
000003F07E0000
000007E0FC0000
000007E0F80000
00000FC1F80000
00000F83F00000
00001F83E00000
00001F07E00000
00003E07C00000
00003E0F800000
00007C0F000000
0000380F000000
00000000000000
00000000000000
00000000000000
00000000000000
78000000001E00
FC000000003F00
FE000000003F80
FE000000007F00
FF000000007F00
7F80000000FF00
7F80000001FE00
3FC0000001FE00
1FE0000003FC00
1FE0000003FC00
0FF0000007F800
0FF0000007F800
07F800000FF000
03FC00000FF000
03FC00001FE000
01FE00001FE000
00FF00003FC000
00FF00003FC000
007F80007F8000
007F80007F8000
003FC000FF0000
001FE000FF0000
001FE001FE0000
000FF001FE0000
000FF003FC0000
0007F803FC0000
0003FC07F80000
0003FC07F00000
0001FE0FF00000
0000FF0FE00000
0000FF1FE00000
00007F9FC00000
00007FBFC00000
00003FFF800000
00001FFF800000
00001FFF000000
00000FFF000000
000007FE000000
000007FE000000
000003FC000000
000003FC000000
000007F8000000
000007F8000000
00000FF0000000
00000FF0000000
00001FE0000000
00001FE0000000
00003FC0000000
00003FC0000000
00007F80000000
00007F80000000
0000FF00000000
0000FF00000000
0001FE00000000
0001FE00000000
0001FC00000000
0000F800000000
00002000000000
ENDCHAR
STARTCHAR uni04F3
ENCODING 1267
SWIDTH 528 0
DWIDTH 42 0
BBX 38 76 2 -15
BITMAP
0000F81F00
0000FC3F00
0001FC3F00
0001F83F00
0001F83F00
0001F87E00
0003F07E00
0003F07C00
0003E07C00
0003E0F800
0007C0F800
0007C0F800
0007C1F000
000781F000
000F81E000
000F01E000
000F01E000
0002008000
0000000000
0000000000
0000000000
0800000020
7E000000F8
7E000001FC
FF000001FC
7F000003FC
7F800003F8
7F800003F8
3F800007F0
3FC00007F0
1FC0000FF0
1FE0000FE0
1FE0000FE0
0FE0001FC0
0FF0001FC0
07F0003F80
07F8003F80
03F8007F80
03FC007F00
03FC007F00
01FC00FE00
01FE00FE00
00FE01FC00
00FF01FC00
007F01FC00
007F03F800
007F83F800
003F87F000
003FC7F000
001FCFE000
001FCFE000
000FEFE000
000FFFC000
000FFFC000
0007FF8000
0007FF8000
0003FF0000
0003FF0000
0001FF0000
0001FE0000
0001FE0000
0001FC0000
0003FC0000
0003F80000
0007F80000
0007F00000
0007F00000
000FF00000
000FE00000
001FE00000
001FC00000
003FC00000
003F800000
003F800000
003F000000
001E000000
ENDCHAR
STARTCHAR uni04F4
ENCODING 1268
SWIDTH 680 0
DWIDTH 54 0
BBX 43 73 5 -1
BITMAP
000F003C0000
003F807E0000
003F80FF0000
003FC0FF0000
003FC0FF0000
003F80FF0000
003F80FE0000
001F007C0000
000000000000
000000000000
000000000000
000000000000
000000000000
000000000000
000000000000
780000000780
FC0000000FC0
FE0000001FE0
FE0000001FE0
FE0000001FE0
FE0000001FE0
FE0000001FE0
FE0000001FE0
FE0000001FE0
FE0000001FE0
FE0000001FE0
FE0000001FE0
FE0000001FE0
FE0000001FE0
FE0000001FE0
FE0000001FE0
FE0000001FE0
FE0000001FE0
FE0000001FE0
FF0000001FE0
FF0000001FE0
FF0000001FE0
7F8000001FE0
7F8000001FE0
7FC000001FE0
3FE000001FE0
3FF000001FE0
1FF800003FE0
0FFE0001FFE0
0FFFE01FFFE0
07FFFFFFFFE0
03FFFFFFFFE0
00FFFFFFFFE0
007FFFFFFFE0
001FFFFF9FE0
0003FFFC1FE0
000000001FE0
000000001FE0
000000001FE0
000000001FE0
000000001FE0
000000001FE0
000000001FE0
000000001FE0
000000001FE0
000000001FE0
000000001FE0
000000001FE0
000000001FE0
000000001FE0
000000001FE0
000000001FE0
000000001FE0
000000001FE0
000000001FE0
000000000FC0
000000000FC0
000000000200
ENDCHAR
STARTCHAR uni04F5
ENCODING 1269
SWIDTH 557 0
DWIDTH 45 0
BBX 33 57 5 -1
BITMAP
01F007C000
03F80FE000
07F80FE000
07F80FF000
07F80FF000
03F80FE000
03F80FE000
00E0038000
0000000000
0000000000
0000000000
0000000000
0000000000
0000000000
0000000000
0000000000
1000000400
FC00001F00
FE00003F80
FE00003F80
FE00003F80
FE00003F80
FE00003F80
FE00003F80
FE00003F80
FE00003F80
FE00003F80
FE00003F80
FE00003F80
FE00003F80
FE00003F80
FF00003F80
FF00003F80
FF00003F80
7F80003F80
7FC0007F80
3FF803FF80
3FFFFFFF80
1FFFFFFF80
0FFFFFFF80
07FFFFFF80
01FFFF3F80
003FFC3F80
0000003F80
0000003F80
0000003F80
0000003F80
0000003F80
0000003F80
0000003F80
0000003F80
0000003F80
0000003F80
0000003F80
0000003F80
0000001F80
0000000600
ENDCHAR
STARTCHAR uni04F6
ENCODING 1270
SWIDTH 546 0
DWIDTH 44 0
BBX 36 69 7 -13
BITMAP
7FFFFFFFE0
FFFFFFFFF0
FFFFFFFFF0
FFFFFFFFF0
FFFFFFFFF0
FFFFFFFFE0
FE00000000
FE00000000
FE00000000
FE00000000
FE00000000
FE00000000
FE00000000
FE00000000
FE00000000
FE00000000
FE00000000
FE00000000
FE00000000
FE00000000
FE00000000
FE00000000
FE00000000
FE00000000
FE00000000
FE00000000
FE00000000
FE00000000
FE00000000
FE00000000
FE00000000
FE00000000
FE00000000
FE00000000
FE00000000
FE00000000
FE00000000
FE00000000
FE00000000
FE00000000
FE00000000
FE00000000
FE00000000
FE00000000
FE00000000
FE00000000
FE00000000
FE00000000
FE00000000
FE00000000
FFFC000000
FFFE000000
FFFE000000
FFFE000000
FFFE000000
7FFE000000
007E000000
007E000000
007E000000
007E000000
007E000000
007E000000
007E000000
007E000000
007E000000
007E000000
007E000000
007E000000
003C000000
ENDCHAR
STARTCHAR uni04F7
ENCODING 1271
SWIDTH 440 0
DWIDTH 35 0
BBX 29 50 6 -11
BITMAP
3FFFFFE0
7FFFFFF0
FFFFFFF8
FFFFFFF8
FFFFFFF0
FFFFFFE0
FF000000
FF000000
FF000000
FF000000
FF000000
FF000000
FF000000
FF000000
FF000000
FF000000
FF000000
FF000000
FF000000
FF000000
FF000000
FF000000
FF000000
FF000000
FF000000
FF000000
FF000000
FF000000
FF000000
FF000000
FF000000
FF000000
FF000000
FFF00000
FFF80000
FFFC0000
FFFC0000
7FFC0000
3FFC0000
01FC0000
01FC0000
01FC0000
01FC0000
01FC0000
01FC0000
01FC0000
01FC0000
01FC0000
00F80000
00700000
ENDCHAR
STARTCHAR uni04F8
ENCODING 1272
SWIDTH 865 0
DWIDTH 69 0
BBX 55 73 7 -1
BITMAP
00001C00780000
00007F00FC0000
00007F01FE0000
00007F81FE0000
00007F81FE0000
00007F01FE0000
00007F01FC0000
00003E00F80000
00000000000000
00000000000000
00000000000000
00000000000000
00000000000000
00000000000000
00000000000000
7C00000000003C
FE00000000007E
FE0000000000FE
FE0000000000FE
FE0000000000FE
FE0000000000FE
FE0000000000FE
FE0000000000FE
FE0000000000FE
FE0000000000FE
FE0000000000FE
FE0000000000FE
FE0000000000FE
FE0000000000FE
FE0000000000FE
FE0000000000FE
FE0000000000FE
FE0000000000FE
FE0000000000FE
FE0000000000FE
FE0000000000FE
FE0000000000FE
FE0000000000FE
FE0000000000FE
FE0000000000FE
FFFFFF800000FE
FFFFFFFC0000FE
FFFFFFFF8000FE
FFFFFFFFC000FE
FFFFFFFFF000FE
FFFFFFFFF800FE
FE0000FFF800FE
FE00000FFC00FE
FE000003FE00FE
FE000001FE00FE
FE000001FE00FE
FE000000FF00FE
FE000000FF00FE
FE0000007F00FE
FE0000007F00FE
FE0000007F00FE
FE0000007F00FE
FE0000007F00FE
FE0000007F00FE
FE000000FF00FE
FE000000FF00FE
FE000000FE00FE
FE000001FE00FE
FE000003FE00FE
FE00000FFC00FE
FE00007FF800FE
FFFFFFFFF800FE
FFFFFFFFF000FE
FFFFFFFFC000FE
FFFFFFFF8000FE
FFFFFFFE0000FE
3FFFFFE000007E
00000000000018
ENDCHAR
STARTCHAR uni04F9
ENCODING 1273
SWIDTH 740 0
DWIDTH 59 0
BBX 47 57 6 -1
BITMAP
0003E00F8000
0007F01FC000
0007F01FE000
000FF81FE000
0007F81FE000
0007F01FC000
0007F00FC000
0001C0078000
000000000000
000000000000
000000000000
000000000000
000000000000
000000000000
000000000000
000000000000
100000000010
7E000000007C
FE00000000FE
FE00000000FE
FF00000000FE
FF00000000FE
FF00000000FE
FF00000000FE
FF00000000FE
FF00000000FE
FF00000000FE
FF00000000FE
FF00000000FE
FF00000000FE
FF00000000FE
FFFFFF8000FE
FFFFFFF000FE
FFFFFFFC00FE
FFFFFFFE00FE
FFFFFFFF00FE
FF0001FF00FE
FF00007F80FE
FF00003F80FE
FF00003FC0FE
FF00001FC0FE
FF00001FC0FE
FF00001FC0FE
FF00001FC0FE
FF00001FC0FE
FF00001FC0FE
FF00001FC0FE
FF00003FC0FE
FF00007F80FE
FF0000FF80FE
FF0003FF00FE
FFFFFFFE00FE
FFFFFFFC00FE
FFFFFFF800FE
7FFFFFE000FE
3FFFFF00007C
000000000010
ENDCHAR
STARTCHAR uni04FA
ENCODING 1274
SWIDTH 583 0
DWIDTH 47 0
BBX 44 71 2 -15
BITMAP
007FFFFFFFE0
00FFFFFFFFF0
00FFFFFFFFF0
00FFFFFFFFF0
00FFFFFFFFF0
00FFFFFFFFE0
00FE00000000
00FE00000000
00FE00000000
00FE00000000
00FE00000000
00FE00000000
00FE00000000
00FE00000000
00FE00000000
00FE00000000
00FE00000000
00FE00000000
00FE00000000
00FE00000000
00FE00000000
00FE00000000
00FE00000000
00FE00000000
00FE00000000
7FFFFFF80000
FFFFFFFC0000
FFFFFFFC0000
FFFFFFFC0000
FFFFFFFC0000
3FFFFFF00000
00FE00000000
00FE00000000
00FE00000000
00FE00000000
00FE00000000
00FE00000000
00FE00000000
00FE00000000
00FE00000000
00FE00000000
00FE00000000
00FE00000000
00FE00000000
00FE00000000
00FE00000000
00FE00000000
00FE00000000
00FE00000000
00FE00000000
00FFFC000000
00FFFE000000
00FFFE000000
00FFFE000000
00FFFE000000
007FFE000000
0000FE000000
0000FE000000
0000FE000000
0000FE000000
0000FE000000
0001FC000000
0003FC000000
0007FC000000
001FF8000000
03FFF0000000
07FFE0000000
0FFFC0000000
07FF80000000
07FC00000000
010000000000
ENDCHAR
STARTCHAR uni04FB
ENCODING 1275
SWIDTH 461 0
DWIDTH 37 0
BBX 36 54 0 -15
BITMAP
003FFFFFE0
007FFFFFF0
00FFFFFFF0
00FFFFFFF0
00FFFFFFF0
00FFFFFFE0
00FE000000
00FE000000
00FE000000
00FE000000
00FE000000
00FE000000
00FE000000
00FE000000
00FE000000
00FE000000
00FE000000
1FFFFF0000
FFFFFFE000
FFFFFFE000
FFFFFFE000
FFFFFFE000
7FFFFFC000
00FE000000
00FE000000
00FE000000
00FE000000
00FE000000
00FE000000
00FE000000
00FE000000
00FE000000
00FE000000
00FFF80000
00FFFC0000
00FFFC0000
00FFFC0000
00FFFC0000
007FFC0000
0000FC0000
0000FC0000
0000FC0000
0001FC0000
0001FC0000
0001F80000
0003F80000
0003F80000
000FF00000
01FFF00000
03FFE00000
03FFC00000
03FF000000
03FC000000
0080000000
ENDCHAR
STARTCHAR uni04FC
ENCODING 1276
SWIDTH 655 0
DWIDTH 52 0
BBX 46 71 3 -14
BITMAP
1E00000000F0
3F00000001F8
7F00000003F8
7F80000007F8
3FC000000FF8
3FE000000FF0
1FE000001FF0
0FF000003FE0
0FF800003FC0
07FC00007F80
03FC0000FF80
01FE0001FF00
01FF0001FE00
00FF8003FC00
007F8007FC00
003FC00FF800
003FE00FF000
001FE01FE000
000FF03FE000
0007F83FC000
0007FC7F8000
0003FCFF0000
0001FFFF0000
0000FFFE0000
0000FFFC0000
00007FF80000
00003FF80000
00001FF00000
00001FF00000
00003FF00000
00007FF80000
00007FFC0000
0000FFFE0000
0001FFFE0000
0003FEFF0000
0003FCFF8000
0007F87FC000
000FF83FC000
001FF01FE000
001FE01FF000
003FC00FF800
007FC007F800
00FF8003FC00
00FF0003FE00
01FE0001FF00
03FE0000FF00
07FC00007F80
07F800007FC0
0FF800003FC0
1FF000001FE0
3FE000001FE0
3FC000000FF0
7FC000000FF0
FF80000007F8
FF00000007F8
FE00000003F8
7C00000003F8
1000000003FC
0000000003FC
0000000003FC
0000000003F8
0000000007F8
0000000007F8
000000000FF8
000000003FF0
00000001FFF0
00000007FFE0
00000007FFC0
00000007FF80
00000007FE00
00000007F000
ENDCHAR
STARTCHAR uni04FD
ENCODING 1277
SWIDTH 540 0
DWIDTH 43 0
BBX 37 55 4 -15
BITMAP
1800000100
7E00000FC0
7F00001FC0
7F80001FC0
7F80003FC0
3FC0007FC0
1FE000FF80
1FF000FF00
0FF801FE00
07F803FC00
03FC07F800
01FE0FF800
01FF0FF000
00FF9FE000
007FBFC000
003FFF8000
001FFF8000
001FFF0000
000FFE0000
0007FC0000
0007FC0000
000FFE0000
001FFF0000
001FFF8000
003FFFC000
007FBFC000
00FF9FE000
01FF1FF000
01FE0FF800
03FC07FC00
07F803FC00
0FF801FE00
1FF001FF00
1FE000FF80
3FC0007F80
7F80003FC0
FF80001FE0
FF00001FE0
FE00000FF0
7C00000FF0
00000007F0
00000007F8
00000007F8
00000007F8
00000007F8
00000007F0
0000000FF0
0000000FF0
0000003FE0
000001FFE0
000007FFC0
000007FF80
000007FE00
000003F800
0000018000
ENDCHAR
STARTCHAR uni04FE
ENCODING 1278
SWIDTH 655 0
DWIDTH 52 0
BBX 46 58 3 -1
BITMAP
1C00000000F0
3F00000001F8
7F00000003F8
7F80000007F8
3FC000000FF8
3FE000000FF0
1FE000001FF0
0FF000003FE0
0FF800003FC0
07FC00007F80
03FC0000FF80
01FE0001FF00
01FF0001FE00
00FF8003FC00
007F8007FC00
003FC00FF800
003FE00FF000
001FE01FE000
000FF03FE000
0007F83FC000
0007FC7F8000
0003FCFF0000
0001FFFF0000
0000FFFE0000
0000FFFC0000
01FFFFFFFE00
03FFFFFFFF00
03FFFFFFFF80
03FFFFFFFF00
03FFFFFFFF00
00FFFFFFFC00
00007FFC0000
0000FFFE0000
0001FFFE0000
0003FEFF0000
0003FCFF8000
0007F87FC000
000FF83FC000
001FF01FE000
001FE01FF000
003FC00FF800
007FC007F800
00FF8003FC00
00FF0003FE00
01FE0001FF00
03FE0000FF00
07FC0000FF80
07F800007FC0
0FF800003FE0
1FF000001FE0
3FE000001FF0
3FC000000FF8
7FC0000007FC
FF80000003FC
FF00000003FC
FE00000001FC
7C00000000FC
100000000020
ENDCHAR
STARTCHAR uni04FF
ENCODING 1279
SWIDTH 540 0
DWIDTH 43 0
BBX 35 40 4 0
BITMAP
1800000100
7E00000FC0
7F00001FC0
7F80001FC0
7FC0003FC0
3FC0007FC0
1FE000FF80
1FF001FF00
0FF801FE00
07F803FC00
03FC07F800
01FE0FF800
01FF0FF000
00FF9FE000
007FBFC000
003FFF8000
001FFF8000
7FFFFFFFC0
FFFFFFFFE0
FFFFFFFFE0
FFFFFFFFE0
7FFFFFFFE0
3FFFFFFF00
001FFF8000
003FFFC000
007FBFC000
00FF1FE000
01FF0FF000
03FE0FF800
03FC07FC00
07F803FC00
0FF801FE00
1FF001FF00
3FE000FF80
3FC0007FC0
7F80003FC0
FF80001FE0
FF00001FE0
FE00000FE0
7C000007E0
ENDCHAR
STARTCHAR uni0510
ENCODING 1296
SWIDTH 639 0
DWIDTH 51 0
BBX 43 58 5 -1
BITMAP
0001FFF00000
001FFFFF0000
007FFFFFE000
01FFFFFFF800
03FFFFFFFE00
07FFFFFFFF00
0FFFC07FFF80
1FFC0003FFC0
1FF000007FC0
3FE000001FC0
3FC000000F80
7FC000000200
7F8000000000
7F8000000000
7F8000000000
7F8000000000
7F8000000000
7F8000000000
7F8000000000
3F8000000000
3F8000000000
3FC000000000
1FE000000000
0FF000000000
07FC00000000
03FFFFFF0000
01FFFFFF8000
007FFFFFC000
007FFFFFC000
03FFFFFFC000
07FFFFFF8000
0FFFE0000000
1FF800000000
3FE000000000
7F8000000000
7F8000000000
FF0000000000
FF0000000000
FE0000000000
FE0000000000
FE0000000000
FE0000000000
FE0000000000
FE0000000000
FF0000000000
FF0000000000
FF80000003C0
7F80000007E0
7FC000001FE0
3FF000007FE0
3FFE0007FFE0
1FFFFFFFFFC0
0FFFFFFFFF80
07FFFFFFFE00
01FFFFFFF800
007FFFFFE000
001FFFFF0000
0000BF800000
ENDCHAR
STARTCHAR uni0511
ENCODING 1297
SWIDTH 502 0
DWIDTH 40 0
BBX 33 41 4 -1
BITMAP
0007F00000
007FFF8000
03FFFFF000
07FFFFFC00
0FFFFFFF00
1FFFFFFF80
3FF001FF80
3FC0003F00
7F80000F00
7F00000000
7F00000000
7F00000000
7F00000000
7F00000000
7F00000000
3F80000000
1FC0000000
1FFE000000
07FFFF0000
03FFFF0000
07FFFF0000
1FFFFF0000
3FFFFE0000
7FC0000000
7F00000000
FE00000000
FE00000000
FC00000000
FC00000000
FC00000000
FE00000000
FE00000000
FF00000F80
FF80003F80
7FE001FF80
3FFFFFFF80
1FFFFFFF00
0FFFFFFE00
07FFFFF800
00FFFFC000
000FF00000
ENDCHAR
STARTCHAR uni0512
ENCODING 1298
SWIDTH 743 0
DWIDTH 59 0
BBX 51 71 2 -15
BITMAP
0003FFFFFFFF80
0007FFFFFFFFC0
0007FFFFFFFFE0
0007FFFFFFFFE0
0007FFFFFFFFE0
0007FFFFFFFFE0
0007F000001FE0
0007F000001FE0
0007F000001FE0
0007F000001FE0
0007F000001FE0
0007F000001FE0
0007F000001FE0
0007F000001FE0
0007F000001FE0
0007F000001FE0
0007F000001FE0
0007F000001FE0
0007F000001FE0
0007F000001FE0
0007F000001FE0
0007F000001FE0
0007F000001FE0
0007E000001FE0
000FE000001FE0
000FE000001FE0
000FE000001FE0
000FE000001FE0
000FE000001FE0
000FE000001FE0
000FE000001FE0
000FE000001FE0
000FE000001FE0
001FE000001FE0
001FC000001FE0
001FC000001FE0
001FC000001FE0
001FC000001FE0
003F8000001FE0
003F8000001FE0
007F8000001FE0
007F8000001FE0
007F0000001FE0
00FF0000001FE0
01FE0000001FE0
01FE0000001FE0
03FC0000001FE0
07FC0000001FE0
0FF80000001FE0
3FF00000001FE0
7FF00000001FE0
FFE00000001FE0
FFC00000001FE0
FF800000001FE0
FE000000001FE0
7C000000001FE0
30000000001FE0
00000000001FE0
00000000001FE0
00000000001FE0
00000000001FC0
00000000003FC0
00000000003FC0
00000000007FC0
0000000000FF80
000000000FFF80
000000007FFF00
000000007FFE00
00000000FFFC00
000000007FF000
000000007F8000
ENDCHAR
STARTCHAR uni0513
ENCODING 1299
SWIDTH 579 0
DWIDTH 46 0
BBX 38 54 2 -15
BITMAP
001FFFFFF0
003FFFFFF8
007FFFFFFC
007FFFFFFC
007FFFFFFC
007FFFFFFC
007F0001FC
007F0001FC
007F0001FC
007F0001FC
007F0001FC
007F0001FC
007F0001FC
007F0001FC
007F0001FC
007F0001FC
007F0001FC
007F0001FC
007F0001FC
007F0001FC
007E0001FC
00FE0001FC
00FE0001FC
00FE0001FC
00FE0001FC
00FE0001FC
01FC0001FC
01FC0001FC
03FC0001FC
03F80001FC
07F80001FC
0FF00001FC
1FF00001FC
7FE00001FC
FFE00001FC
FFC00001FC
FF800001FC
FE000001FC
7C000001FC
20000001FC
00000001FC
00000001FC
00000001FC
00000003FC
00000003FC
00000007F8
00000007F8
0000001FF8
000000FFF0
000007FFE0
00000FFFC0
00000FFF80
00000FFE00
000007F800
ENDCHAR
STARTCHAR uni051A
ENCODING 1306
SWIDTH 771 0
DWIDTH 62 0
BBX 52 73 5 -16
BITMAP
00000FFF000000
0000FFFFF00000
0003FFFFFC0000
000FFFFFFF0000
003FFFFFFF8000
007FFFFFFFE000
00FFFF9FFFF000
01FFE0007FF800
03FF80001FFC00
07FE00000FFC00
07FC000003FE00
0FF8000001FF00
1FF0000000FF00
1FE0000000FF80
3FE00000007F80
3FC00000003FC0
3FC00000003FC0
7F800000003FC0
7F800000001FE0
7F800000001FE0
7F000000001FE0
FF000000000FE0
FF000000000FE0
FF000000000FF0
FF000000000FF0
FF000000000FF0
FF000000000FF0
FF000000000FF0
FF000000000FF0
FF000000000FF0
FF000000000FF0
FF000000000FF0
FF000000000FF0
FF000000000FF0
FF000000000FF0
FF000000000FE0
FF000000001FE0
7F800000001FE0
7F800000001FE0
7F800000001FC0
7FC00000003FC0
3FC00000003FC0
3FE00000007F80
1FE00000007F80
1FF0000000FF00
0FF8000001FF00
0FFC000003FE00
07FE000007FE00
03FF00000FFC00
01FFC0003FF800
01FFF801FFF000
00FFFFFFFFE000
003FFFFFFFC000
001FFFFFFF8000
0007FFFFFE0000
0001FFFFF80000
00007FFFFC0000
000003FFFE0000
00000003FF0000
00000000FF8000
000000007FC000
000000003FC000
000000001FE000
000000001FE000
000000000FF000
0000000007F800
0000000007F800
0000000003FC00
0000000003FC00
0000000001FE00
0000000000FC00
0000000000FC00
00000000001000
ENDCHAR
STARTCHAR uni051B
ENCODING 1307
SWIDTH 598 0
DWIDTH 48 0
BBX 38 55 4 -15
BITMAP
0003F00040
001FFE01F8
007FFF83F8
01FFFFE3F8
03FFFFF3FC
07FFFFFBFC
0FFF03FFFC
1FF800FFFC
1FF0003FFC
3FE0001FFC
3FC0000FFC
7F80000FFC
7F800007FC
7F000007FC
FF000003FC
FF000003FC
FF000003FC
FE000003FC
FE000003FC
FE000003FC
FE000003FC
FE000003FC
FE000003FC
FE000003FC
FF000003FC
FF000003FC
FF000003FC
7F000007FC
7F800007FC
7F80000FFC
3FC0000FFC
3FE0001FFC
1FF0003FFC
1FF8007FFC
0FFE03FFFC
07FFFFFBFC
03FFFFF3FC
01FFFFE3FC
00FFFF83FC
003FFE03FC
0003F003FC
00000003FC
00000003FC
00000003FC
00000003FC
00000003FC
00000003FC
00000003FC
00000003FC
00000003FC
00000003FC
00000003FC
00000003F8
00000001F8
00000000F0
ENDCHAR
STARTCHAR uni051C
ENCODING 1308
SWIDTH 1104 0
DWIDTH 88 0
BBX 82 58 3 -1
BITMAP
3C00000001E00000000780
7E00000003F00000000FC0
FF00000003F80000001FC0
FF00000007F80000001FC0
7F00000007F80000003FC0
7F80000007FC0000003F80
7F8000000FFC0000003F80
3F8000000FFC0000007F80
3FC000000FFE0000007F00
3FC000001FFE0000007F00
1FC000001FFF000000FF00
1FE000001FFF000000FE00
0FE000003FFF000000FE00
0FE000003FBF800001FE00
0FF000003F3F800001FC00
07F000007F3F800001FC00
07F000007F1FC00003FC00
07F80000FE1FC00003F800
03F80000FE1FC00003F800
03F80000FE0FE00007F800
03FC0001FC0FE00007F000
01FC0001FC0FE00007F000
01FC0001F807F0000FE000
01FE0003F807F0000FE000
00FE0003F803F0000FE000
00FE0003F003F8001FC000
00FF0007F003F8001FC000
007F0007F001F8001FC000
007F0007E001FC003F8000
007F800FE001FC003F8000
003F800FE000FC003F8000
003F800FC000FE007F0000
001FC01FC000FE007F0000
001FC01FC0007E00FF0000
001FC01F80007F00FE0000
000FE03F80007F00FE0000
000FE03F80003F01FE0000
000FF07F00003F81FC0000
0007F07F00003F81FC0000
0007F07F00001F83F80000
0007F8FE00001FC3F80000
0003F8FE00001FC3F80000
0003F8FC00000FE7F00000
0003FDFC00000FE7F00000
0001FDFC00000FE7F00000
0001FDF8000007FFE00000
0001FFF8000007FFE00000
0000FFF8000003FFE00000
0000FFF0000003FFC00000
0000FFF0000003FFC00000
00007FF0000001FFC00000
00007FE0000001FF800000
00003FE0000001FF800000
00003FE0000000FF800000
00003FC0000000FF000000
00001FC0000000FF000000
00001F800000007E000000
0000020000000008000000
ENDCHAR
STARTCHAR uni051D
ENCODING 1309
SWIDTH 854 0
DWIDTH 68 0
BBX 62 41 3 -1
BITMAP
1000000100000020
7C000007C00000F8
7E00000FE00000FC
FE00001FE00001FC
FF00001FF00001FC
7F00001FF00001FC
7F00003FF00003F8
3F80003FF80003F8
3F80003FF80007F0
3FC0007FF80007F0
1FC0007FFC0007F0
1FC0007FFC000FE0
1FE000FEFC000FE0
0FE000FCFE000FE0
0FE001FCFE001FC0
07F001FC7E001FC0
07F001F87F001F80
07F003F83F003F80
03F803F03F803F80
03F803F03F803F00
03F807F01F807F00
01FC07E01FC07F00
01FC07E01FC0FE00
00FE0FE00FC0FE00
00FE0FC00FE0FC00
00FE1FC00FE1FC00
007F1FC007E1FC00
007F1F8007F1F800
007F3F8003F3F800
003FBF0003F3F800
003FBF0003FBF000
001FFF0001FFF000
001FFE0001FFE000
001FFE0001FFE000
000FFE0000FFE000
000FFC0000FFC000
000FFC0000FFC000
0007F800007FC000
0007F800007F8000
0003F000003F0000
0000400000040000
ENDCHAR
STARTCHAR uni0524
ENCODING 1316
SWIDTH 798 0
DWIDTH 64 0
BBX 55 69 7 -13
BITMAP
7FFFFFFFFFFC00
FFFFFFFFFFFC00
FFFFFFFFFFFE00
FFFFFFFFFFFE00
FFFFFFFFFFFE00
FFFFFFFFFFFE00
FE00000001FE00
FE00000001FE00
FE00000001FE00
FE00000001FE00
FE00000001FE00
FE00000001FE00
FE00000001FE00
FE00000001FE00
FE00000001FE00
FE00000001FE00
FE00000001FE00
FE00000001FE00
FE00000001FE00
FE00000001FE00
FE00000001FE00
FE00000001FE00
FE00000001FE00
FE00000001FE00
FE00000001FE00
FE00000001FE00
FE00000001FE00
FE00000001FE00
FE00000001FE00
FE00000001FE00
FE00000001FE00
FE00000001FE00
FE00000001FE00
FE00000001FE00
FE00000001FE00
FE00000001FE00
FE00000001FE00
FE00000001FE00
FE00000001FE00
FE00000001FE00
FE00000001FE00
FE00000001FE00
FE00000001FE00
FE00000001FE00
FE00000001FE00
FE00000001FE00
FE00000001FE00
FE00000001FE00
FE00000001FE00
FE00000001FE00
FE00000001FFFC
FE00000001FFFC
FE00000001FFFE
FE00000000FFFE
FE00000000FFFE
7C000000007FFE
100000000000FE
000000000000FE
000000000000FE
000000000000FE
000000000000FE
000000000000FE
000000000000FE
000000000000FE
000000000000FE
000000000000FE
000000000000FE
000000000000FE
0000000000007C
ENDCHAR
STARTCHAR uni0525
ENCODING 1317
SWIDTH 615 0
DWIDTH 49 0
BBX 41 50 6 -11
BITMAP
3FFFFFFF8000
7FFFFFFFC000
FFFFFFFFE000
FFFFFFFFE000
FFFFFFFFE000
FFFFFFFFE000
FF00000FE000
FF00000FE000
FF00000FE000
FF00000FE000
FF00000FE000
FF00000FE000
FF00000FE000
FF00000FE000
FF00000FE000
FF00000FE000
FF00000FE000
FF00000FE000
FF00000FE000
FF00000FE000
FF00000FE000
FF00000FE000
FF00000FE000
FF00000FE000
FF00000FE000
FF00000FE000
FF00000FE000
FF00000FE000
FF00000FE000
FF00000FE000
FF00000FE000
FF00000FE000
FF00000FE000
FF00000FFE00
FF00000FFF00
FF00000FFF80
FE00000FFF80
FE00000FFF80
7E000007FF80
100000001F80
000000001F80
000000001F80
000000001F80
000000001F80
000000001F80
000000001F80
000000001F80
000000001F80
000000001F80
000000000F00
ENDCHAR
STARTCHAR uni0526
ENCODING 1318
SWIDTH 721 0
DWIDTH 58 0
BBX 51 70 7 -13
BITMAP
7C000000000000
FE000000000000
FE000000000000
FE000000000000
FE000000000000
FE000000000000
FE000000000000
FE000000000000
FE000000000000
FE000000000000
FE000000000000
FE000000000000
FE000000000000
FE000000000000
FE000000000000
FE000000000000
FE000000000000
FE000000000000
FE000000000000
FE000000000000
FE000000000000
FE00FF80000000
FE1FFFFC000000
FEFFFFFF000000
FFFFFFFFC00000
FFFFFFFFE00000
FFFFFFFFF80000
FFFFFFFFFC0000
FFF8003FFC0000
FFC0000FFE0000
FF000003FF0000
FE000001FF0000
FE000000FF8000
FE0000007F8000
FE0000007FC000
FE0000003FC000
FE0000003FC000
FE0000001FC000
FE0000001FC000
FE0000001FE000
FE0000001FE000
FE0000001FE000
FE0000001FE000
FE0000001FE000
FE0000001FE000
FE0000001FE000
FE0000001FE000
FE0000001FE000
FE0000001FE000
FE0000001FE000
FE0000001FE000
FE0000001FFFC0
FE0000001FFFC0
FE0000001FFFE0
FE0000000FFFE0
FE0000000FFFE0
7C00000007FFE0
10000000000FE0
00000000000FE0
00000000000FE0
00000000000FE0
00000000000FE0
00000000000FE0
00000000000FE0
00000000000FE0
00000000000FE0
00000000000FE0
00000000000FE0
00000000000FE0
000000000007C0
ENDCHAR
STARTCHAR uni0527
ENCODING 1319
SWIDTH 595 0
DWIDTH 48 0
BBX 41 68 6 -11
BITMAP
3C0000000000
7E0000000000
FE0000000000
FF0000000000
FF0000000000
FF0000000000
FF0000000000
FF0000000000
FF0000000000
FF0000000000
FF0000000000
FF0000000000
FF0000000000
FF0000000000
FF0000000000
FF0000000000
FF0000000000
FF003F000000
FF03FFE00000
FF0FFFF80000
FF1FFFFC0000
FF3FFFFE0000
FF7FFFFF0000
FFFF07FF8000
FFF800FF8000
FFF0007FC000
FFE0003FC000
FFC0003FC000
FF80001FC000
FF80001FC000
FF00001FC000
FF00001FE000
FF00001FE000
FF00001FE000
FF00001FE000
FF00001FE000
FF00001FE000
FF00001FE000
FF00001FE000
FF00001FE000
FF00001FE000
FF00001FE000
FF00001FE000
FF00001FE000
FF00001FE000
FF00001FE000
FF00001FE000
FF00001FE000
FF00001FE000
FF00001FE000
FF00001FE000
FF00001FFE00
FF00001FFF00
FF00001FFF80
FF00001FFF80
7E00000FFF80
7E000007FF80
100000003F80
000000003F80
000000003F80
000000003F80
000000003F80
000000003F80
000000003F80
000000003F80
000000003F80
000000001F00
000000000E00
ENDCHAR
STARTCHAR uni0528
ENCODING 1320
SWIDTH 770 0
DWIDTH 62 0
BBX 58 72 -4 -15
BITMAP
000F800000000780
001FC00000001FC0
001FC00000001FC0
001FC00000001FC0
001FC00000001FC0
001FC00000001FC0
001FC00000001FC0
001FC00000001FC0
001FC00000001FC0
001FC00000001FC0
001FC00000001FC0
001FC00000001FC0
001FC00000001FC0
001FC00000001FC0
001FC00000001FC0
001FC00000001FC0
001FC00000001FC0
001FC00000001FC0
001FC00000001FC0
001FC00000001FC0
001FC00000001FC0
001FC00000001FC0
001FC00000001FC0
001FC00000001FC0
001FC00000001FC0
001FFFFFFFFFFFC0
001FFFFFFFFFFFC0
001FFFFFFFFFFFC0
001FFFFFFFFFFFC0
001FFFFFFFFFFFC0
001FFFFFFFFFFFC0
001FFFFFFFFFFFC0
001FC00000001FC0
001FC00000001FC0
001FC00000001FC0
001FC00000001FC0
001FC00000001FC0
001FC00000001FC0
001FC00000001FC0
001FC00000001FC0
001FC00000001FC0
001FC00000001FC0
001FC00000001FC0
001FC00000001FC0
001FC00000001FC0
001FC00000001FC0
001FC00000001FC0
001FC00000001FC0
001FC00000001FC0
001FC00000001FC0
001FC00000001FC0
001FC00000001FC0
001FC00000001FC0
001FC00000001FC0
001FC00000001FC0
001FC00000001FC0
001FC00000000F80
001FC00000000300
001FC00000000000
001FC00000000000
001FC00000000000
003FC00000000000
003FC00000000000
003F800000000000
007F800000000000
01FF800000000000
0FFF000000000000
7FFE000000000000
FFFC000000000000
FFF8000000000000
FFF0000000000000
7F80000000000000
ENDCHAR
STARTCHAR uni0529
ENCODING 1321
SWIDTH 592 0
DWIDTH 47 0
BBX 45 55 -4 -15
BITMAP
000400000040
001F800001F0
003F800003F8
003F800003F8
003FC00003F8
003FC00003F8
003FC00003F8
003FC00003F8
003FC00003F8
003FC00003F8
003FC00003F8
003FC00003F8
003FC00003F8
003FC00003F8
003FC00003F8
003FC00003F8
003FC00003F8
003FFFFFFFF8
003FFFFFFFF8
003FFFFFFFF8
003FFFFFFFF8
003FFFFFFFF8
003FFFFFFFF8
003FC00003F8
003FC00003F8
003FC00003F8
003FC00003F8
003FC00003F8
003FC00003F8
003FC00003F8
003FC00003F8
003FC00003F8
003FC00003F8
003FC00003F8
003FC00003F8
003FC00003F8
003FC00003F8
003FC00003F8
003FC00003F8
003FC00001F0
003FC00000C0
003F80000000
003F80000000
003F80000000
003F80000000
007F80000000
007F80000000
00FF00000000
01FF00000000
1FFE00000000
FFFE00000000
FFFC00000000
FFF800000000
FFE000000000
7F0000000000
ENDCHAR
STARTCHAR uni052E
ENCODING 1326
SWIDTH 784 0
DWIDTH 63 0
BBX 59 69 2 -13
BITMAP
0003FFFFFFFF8000
0007FFFFFFFFC000
0007FFFFFFFFE000
0007FFFFFFFFE000
0007FFFFFFFFE000
0007FFFFFFFFE000
0007F000001FE000
0007F000001FE000
0007F000001FE000
0007F000001FE000
0007F000001FE000
0007F000001FE000
0007F000001FE000
0007F000001FE000
0007F000001FE000
0007F000001FE000
0007F000001FE000
0007F000001FE000
0007F000001FE000
0007F000001FE000
0007F000001FE000
0007F000001FE000
0007F000001FE000
0007E000001FE000
000FE000001FE000
000FE000001FE000
000FE000001FE000
000FE000001FE000
000FE000001FE000
000FE000001FE000
000FE000001FE000
000FE000001FE000
000FE000001FE000
001FE000001FE000
001FC000001FE000
001FC000001FE000
001FC000001FE000
001FC000001FE000
003F8000001FE000
003F8000001FE000
007F8000001FE000
007F0000001FE000
007F0000001FE000
00FF0000001FE000
01FE0000001FE000
01FE0000001FE000
03FC0000001FE000
07FC0000001FE000
0FF80000001FE000
3FF00000001FE000
7FF00000001FFF80
FFE00000001FFFC0
FFC00000001FFFE0
FF800000001FFFE0
FE000000000FFFE0
7C0000000007FFE0
3000000000000FE0
0000000000000FE0
0000000000000FE0
0000000000000FE0
0000000000000FE0
0000000000000FE0
0000000000000FE0
0000000000000FE0
0000000000000FE0
0000000000000FE0
0000000000000FE0
0000000000000FC0
00000000000007C0
ENDCHAR
STARTCHAR uni052F
ENCODING 1327
SWIDTH 605 0
DWIDTH 48 0
BBX 44 50 2 -11
BITMAP
001FFFFFF000
003FFFFFF800
007FFFFFFC00
007FFFFFFC00
007FFFFFFC00
007FFFFFFC00
007F0001FC00
007F0001FC00
007F0001FC00
007F0001FC00
007F0001FC00
007F0001FC00
007F0001FC00
007F0001FC00
007F0001FC00
007F0001FC00
007F0001FC00
007F0001FC00
007F0001FC00
007F0001FC00
007E0001FC00
00FE0001FC00
00FE0001FC00
00FE0001FC00
00FE0001FC00
00FE0001FC00
01FC0001FC00
01FC0001FC00
03FC0001FC00
03F80001FC00
07F80001FC00
0FF00001FC00
1FF00001FC00
7FE00001FFC0
FFE00001FFF0
FFC00001FFF0
FF800001FFF0
FE000001FFF0
7C000000FFF0
2000000003F0
0000000003F0
0000000003F0
0000000003F0
0000000003F0
0000000003F0
0000000003F0
0000000003F0
0000000003F0
0000000003F0
0000000001E0
ENDCHAR
STARTCHAR uni1E08
ENCODING 7688
SWIDTH 675 0
DWIDTH 54 0
BBX 45 91 5 -15
BITMAP
000000003000
00000000F800
00000000FC00
00000001FC00
00000003FC00
00000003F800
00000007F000
0000000FE000
0000000FC000
0000001F8000
0000003F8000
0000003F0000
0000007E0000
0000007C0000
000000380000
000000000000
000000000000
000000000000
000000000000
00000FFF8000
0000FFFFF800
0003FFFFFE00
000FFFFFFF80
003FFFFFFFE0
007FFFFFFFF0
00FFFFFFFFF8
01FFF0007FF8
03FFC0000FF8
07FF000003F8
07FE000000F8
0FF800000060
1FF000000000
1FF000000000
3FE000000000
3FC000000000
3FC000000000
7FC000000000
7F8000000000
7F8000000000
7F8000000000
FF0000000000
FF0000000000
FF0000000000
FF0000000000
FF0000000000
FF0000000000
FF0000000000
FF0000000000
FF0000000000
FF0000000000
FF0000000000
FF0000000000
FF0000000000
FF0000000000
FF0000000000
FF0000000000
7F8000000000
7F8000000000
7F8000000000
7FC000000000
3FC000000000
3FE000000000
1FE000000000
1FF000000000
0FF800000000
0FFC00000070
07FE000001F8
03FF000007F8
03FFC0001FF8
01FFFC00FFF8
00FFFFFFFFF8
003FFFFFFFE0
001FFFFFFFC0
0007FFFFFF00
0001FFFFFC00
00007FFFE000
000003FE0000
000001E00000
000001E00000
000001FC0000
000003FF8000
000003FFC000
000001FFE000
00000003E000
00000003E000
00000003E000
00000007E000
00001FFFE000
00001FFFC000
00001FFF8000
00000FFE0000
ENDCHAR
STARTCHAR uni1E09
ENCODING 7689
SWIDTH 465 0
DWIDTH 37 0
BBX 32 76 4 -15
BITMAP
000000F8
000000FC
000001FC
000001FC
000003F8
000003F0
000007F0
000007E0
00000FC0
00001FC0
00001F80
00003F00
00003F00
00007E00
00007C00
00007C00
00007800
00001000
00000000
00000000
00000000
0000F800
001FFFC0
007FFFF0
01FFFFFC
03FFFFFE
07FFFFFE
0FFF03FF
1FF8007F
3FF0001E
3FC00000
7FC00000
7F800000
7F000000
FF000000
FF000000
FE000000
FE000000
FE000000
FE000000
FE000000
FE000000
FE000000
FE000000
FE000000
FE000000
FF000000
FF000000
FF000000
7F800000
7F800000
3FC00000
3FE00000
1FF0001E
1FF8007E
0FFF03FE
07FFFFFE
03FFFFFE
01FFFFFC
007FFFF0
001FFFC0
0001FC00
0001F000
0001F000
0001FC00
0001FF80
0001FFE0
0001EFE0
000003E0
000001F0
000001F0
000003E0
001FFFE0
001FFFC0
001FFF80
0007FE00
ENDCHAR
STARTCHAR uni1E0C
ENCODING 7692
SWIDTH 747 0
DWIDTH 60 0
BBX 48 72 7 -16
BITMAP
7FFFFFF00000
FFFFFFFF0000
FFFFFFFFC000
FFFFFFFFF000
FFFFFFFFFC00
FFFFFFFFFE00
FE00007FFF00
FE000007FF80
FE000001FFC0
FE0000007FE0
FE0000003FF0
FE0000001FF0
FE0000000FF8
FE00000007F8
FE00000007FC
FE00000003FC
FE00000003FC
FE00000001FE
FE00000001FE
FE00000001FE
FE00000000FE
FE00000000FF
FE00000000FF
FE00000000FF
FE00000000FF
FE00000000FF
FE00000000FF
FE00000000FF
FE00000000FF
FE00000000FF
FE00000000FF
FE00000000FF
FE00000000FF
FE00000000FF
FE00000000FF
FE00000001FE
FE00000001FE
FE00000001FE
FE00000003FE
FE00000003FC
FE00000003FC
FE00000007F8
FE0000000FF8
FE0000000FF0
FE0000001FF0
FE0000007FE0
FE000000FFE0
FE000003FFC0
FE00000FFF80
FE0003FFFF00
FFFFFFFFFC00
FFFFFFFFF800
FFFFFFFFE000
FFFFFFFF8000
FFFFFFFC0000
3FFFFFC00000
000000000000
000000000000
000000000000
000000000000
000000000000
000000000000
000000000000
000002000000
00000FC00000
00001FE00000
00001FE00000
00001FE00000
00001FE00000
00001FE00000
00000FC00000
000002000000
ENDCHAR
STARTCHAR uni1E0D
ENCODING 7693
SWIDTH 587 0
DWIDTH 47 0
BBX 37 73 4 -16
BITMAP
00000001F0
00000003F8
00000003F8
00000003F8
00000003F8
00000003F8
00000003F8
00000003F8
00000003F8
00000003F8
00000003F8
00000003F8
00000003F8
00000003F8
00000003F8
00000003F8
00000003F8
0003E003F8
003FFE03F8
00FFFF83F8
01FFFFC3F8
07FFFFF3F8
0FFFFFF3F8
0FFE03FBF8
1FF800FFF8
3FE0003FF8
3FC0001FF8
7FC0001FF8
7F80000FF8
7F00000FF8
FF000007F8
FF000007F8
FE000007F8
FE000003F8
FE000003F8
FE000003F8
FE000003F8
FE000003F8
FE000003F8
FE000003F8
FE000003F8
FE000003F8
FE000007F8
FF000007F8
FF000007F8
7F00000FF8
7F80000FF8
7F80001FF8
3FC0001FF8
3FE0003FF8
1FF800FFF8
0FFE03FBF8
0FFFFFFBF8
07FFFFF3F8
01FFFFC3F8
00FFFF83F8
003FFE01F0
0003E00040
0000000000
0000000000
0000000000
0000000000
0000000000
0000000000
0000180000
0000FE0000
0000FE0000
0001FF0000
0001FF0000
0001FF0000
0000FE0000
0000FE0000
0000100000
ENDCHAR
STARTCHAR uni1E0E
ENCODING 7694
SWIDTH 747 0
DWIDTH 60 0
BBX 48 69 7 -13
BITMAP
7FFFFFF00000
FFFFFFFF0000
FFFFFFFFC000
FFFFFFFFF000
FFFFFFFFFC00
FFFFFFFFFE00
FE00007FFF00
FE000007FF80
FE000001FFC0
FE0000007FE0
FE0000003FF0
FE0000001FF0
FE0000000FF8
FE00000007F8
FE00000007FC
FE00000003FC
FE00000003FC
FE00000001FE
FE00000001FE
FE00000001FE
FE00000000FE
FE00000000FF
FE00000000FF
FE00000000FF
FE00000000FF
FE00000000FF
FE00000000FF
FE00000000FF
FE00000000FF
FE00000000FF
FE00000000FF
FE00000000FF
FE00000000FF
FE00000000FF
FE00000000FF
FE00000001FE
FE00000001FE
FE00000001FE
FE00000003FE
FE00000003FC
FE00000003FC
FE00000007F8
FE0000000FF8
FE0000000FF0
FE0000001FF0
FE0000007FE0
FE000000FFE0
FE000003FFC0
FE00000FFF80
FE0003FFFF00
FFFFFFFFFC00
FFFFFFFFF800
FFFFFFFFE000
FFFFFFFF8000
FFFFFFFC0000
3FFFFFC00000
000000000000
000000000000
000000000000
000000000000
000000000000
000000000000
000000000000
000000000000
001FFFFFC000
001FFFFFE000
001FFFFFE000
001FFFFFE000
000FFFFF8000
ENDCHAR
STARTCHAR uni1E0F
ENCODING 7695
SWIDTH 587 0
DWIDTH 47 0
BBX 37 70 4 -13
BITMAP
00000001F0
00000003F8
00000003F8
00000003F8
00000003F8
00000003F8
00000003F8
00000003F8
00000003F8
00000003F8
00000003F8
00000003F8
00000003F8
00000003F8
00000003F8
00000003F8
00000003F8
0003E003F8
003FFE03F8
00FFFF83F8
01FFFFC3F8
07FFFFF3F8
0FFFFFF3F8
0FFE03FBF8
1FF800FFF8
3FE0003FF8
3FC0001FF8
7FC0001FF8
7F80000FF8
7F00000FF8
FF000007F8
FF000007F8
FE000007F8
FE000003F8
FE000003F8
FE000003F8
FE000003F8
FE000003F8
FE000003F8
FE000003F8
FE000003F8
FE000003F8
FE000007F8
FF000007F8
FF000007F8
7F00000FF8
7F80000FF8
7F80001FF8
3FC0001FF8
3FE0003FF8
1FF800FFF8
0FFE03FBF8
0FFFFFFBF8
07FFFFF3F8
01FFFFC3F8
00FFFF83F8
003FFE01F0
0003E00040
0000000000
0000000000
0000000000
0000000000
0000000000
0000000000
0000000000
00FFFFFE00
01FFFFFF00
01FFFFFF00
00FFFFFF00
007FFFFC00
ENDCHAR
STARTCHAR uni1E14
ENCODING 7700
SWIDTH 586 0
DWIDTH 47 0
BBX 36 83 7 0
BITMAP
001C000000
003E000000
007F000000
003F000000
003F800000
001F800000
000FC00000
0007E00000
0007E00000
0003F00000
0001F00000
0000F80000
0000700000
0000000000
0000000000
00FFFFFC00
01FFFFFE00
01FFFFFE00
01FFFFFE00
00FFFFFC00
0000000000
0000000000
0000000000
0000000000
0000000000
0000000000
0000000000
7FFFFFFFF0
FFFFFFFFF0
FFFFFFFFF0
FFFFFFFFF0
FFFFFFFFF0
FFFFFFFFC0
FE00000000
FE00000000
FE00000000
FE00000000
FE00000000
FE00000000
FE00000000
FE00000000
FE00000000
FE00000000
FE00000000
FE00000000
FE00000000
FE00000000
FE00000000
FE00000000
FE00000000
FE00000000
FFFFFFFF80
FFFFFFFFC0
FFFFFFFFE0
FFFFFFFFE0
FFFFFFFFE0
FFFFFFFFC0
FE00000000
FE00000000
FE00000000
FE00000000
FE00000000
FE00000000
FE00000000
FE00000000
FE00000000
FE00000000
FE00000000
FE00000000
FE00000000
FE00000000
FE00000000
FE00000000
FE00000000
FE00000000
FE00000000
FE00000000
FFFFFFFFE0
FFFFFFFFF0
FFFFFFFFF0
FFFFFFFFF0
FFFFFFFFF0
3FFFFFFFE0
ENDCHAR
STARTCHAR uni1E15
ENCODING 7701
SWIDTH 534 0
DWIDTH 43 0
BBX 36 67 4 -1
BITMAP
0018000000
007C000000
007E000000
007E000000
007F000000
003F800000
001F800000
000FC00000
0007C00000
0003E00000
0003F00000
0001F00000
0000F00000
0000600000
0000000000
0000000000
01FFFFFC00
03FFFFFE00
03FFFFFE00
01FFFFFC00
0000000000
0000000000
0000000000
0000000000
0000000000
0000000000
0000F80000
000FFF8000
007FFFE000
00FFFFF800
03FFFFFC00
07FFFFFE00
0FFC01FF00
0FF0007F80
1FE0003F80
3FC0001FC0
3F80000FC0
7F00000FC0
7F00000FE0
FF000007E0
FE000007E0
FE000007E0
FE000007E0
FE000007E0
FFFFFFFFE0
FFFFFFFFF0
FFFFFFFFE0
FFFFFFFFE0
FE00000000
FE00000000
FE00000000
FE00000000
FE00000000
FF00000000
7F00000000
7F80000000
3F80000000
3FC0000180
1FE00007E0
1FF8000FE0
0FFF00FFE0
07FFFFFFC0
03FFFFFFC0
00FFFFFF00
007FFFFC00
000FFFF000
0000FE0000
ENDCHAR
STARTCHAR uni1E16
ENCODING 7702
SWIDTH 586 0
DWIDTH 47 0
BBX 36 83 7 0
BITMAP
000000E000
000001F000
000003F800
000003F000
000007F000
000007E000
00000FC000
00001F8000
00001F8000
00003F0000
00003E0000
00007C0000
0000380000
0000000000
0000000000
00FFFFFC00
01FFFFFE00
01FFFFFE00
01FFFFFE00
00FFFFFC00
0000000000
0000000000
0000000000
0000000000
0000000000
0000000000
0000000000
7FFFFFFFF0
FFFFFFFFF0
FFFFFFFFF0
FFFFFFFFF0
FFFFFFFFF0
FFFFFFFFC0
FE00000000
FE00000000
FE00000000
FE00000000
FE00000000
FE00000000
FE00000000
FE00000000
FE00000000
FE00000000
FE00000000
FE00000000
FE00000000
FE00000000
FE00000000
FE00000000
FE00000000
FE00000000
FFFFFFFF80
FFFFFFFFC0
FFFFFFFFE0
FFFFFFFFE0
FFFFFFFFE0
FFFFFFFFC0
FE00000000
FE00000000
FE00000000
FE00000000
FE00000000
FE00000000
FE00000000
FE00000000
FE00000000
FE00000000
FE00000000
FE00000000
FE00000000
FE00000000
FE00000000
FE00000000
FE00000000
FE00000000
FE00000000
FE00000000
FFFFFFFFE0
FFFFFFFFF0
FFFFFFFFF0
FFFFFFFFF0
FFFFFFFFF0
3FFFFFFFE0
ENDCHAR
STARTCHAR uni1E17
ENCODING 7703
SWIDTH 534 0
DWIDTH 43 0
BBX 36 67 4 -1
BITMAP
000000C000
000001F000
000003F000
000003F000
000007F000
00000FE000
00000FC000
00001F8000
00003F0000
00003E0000
00007E0000
00007C0000
0000780000
0000300000
0000000000
0000000000
01FFFFFC00
03FFFFFE00
03FFFFFE00
01FFFFFC00
0000000000
0000000000
0000000000
0000000000
0000000000
0000000000
0000F80000
000FFF8000
007FFFE000
00FFFFF800
03FFFFFC00
07FFFFFE00
0FFC01FF00
0FF0007F80
1FE0003F80
3FC0001FC0
3F80000FC0
7F00000FC0
7F00000FE0
FF000007E0
FE000007E0
FE000007E0
FE000007E0
FE000007E0
FFFFFFFFE0
FFFFFFFFF0
FFFFFFFFE0
FFFFFFFFE0
FE00000000
FE00000000
FE00000000
FE00000000
FE00000000
FF00000000
7F00000000
7F80000000
3F80000000
3FC0000180
1FE00007E0
1FF8000FE0
0FFF00FFE0
07FFFFFFC0
03FFFFFFC0
00FFFFFF00
007FFFFC00
000FFFF000
0000FE0000
ENDCHAR
STARTCHAR uni1E1C
ENCODING 7708
SWIDTH 586 0
DWIDTH 47 0
BBX 36 90 7 -15
BITMAP
0380000700
03C0000F00
07C0000F80
03C0000F00
03E0001F00
03E0001F00
01F0003E00
01F8007E00
00FE01FC00
00FFFFFC00
007FFFF800
001FFFE000
000FFFC000
0003FF0000
0000000000
0000000000
0000000000
0000000000
0000000000
7FFFFFFFF0
FFFFFFFFF0
FFFFFFFFF0
FFFFFFFFF0
FFFFFFFFF0
FFFFFFFFC0
FE00000000
FE00000000
FE00000000
FE00000000
FE00000000
FE00000000
FE00000000
FE00000000
FE00000000
FE00000000
FE00000000
FE00000000
FE00000000
FE00000000
FE00000000
FE00000000
FE00000000
FE00000000
FFFFFFFF80
FFFFFFFFC0
FFFFFFFFE0
FFFFFFFFE0
FFFFFFFFE0
FFFFFFFFC0
FE00000000
FE00000000
FE00000000
FE00000000
FE00000000
FE00000000
FE00000000
FE00000000
FE00000000
FE00000000
FE00000000
FE00000000
FE00000000
FE00000000
FE00000000
FE00000000
FE00000000
FE00000000
FE00000000
FE00000000
FFFFFFFFE0
FFFFFFFFF0
FFFFFFFFF0
FFFFFFFFF0
FFFFFFFFF0
3FFFFFFFE0
0000F80000
0000F00000
0000F00000
0000FE0000
0000FFC000
0000FFE000
0000FFF000
000001F000
000001F000
000001F000
000001F000
000FFFF000
000FFFE000
000FFFC000
0007FF0000
ENDCHAR
STARTCHAR uni1E1D
ENCODING 7709
SWIDTH 534 0
DWIDTH 43 0
BBX 36 75 4 -15
BITMAP
0180001C00
03C0001E00
03E0003E00
03E0003E00
03E0003E00
01E0003C00
01F0007C00
01F0007C00
00F800F800
00FC01F800
007E03F000
007FFFF000
003FFFE000
001FFFC000
000FFF8000
0001FC0000
0000000000
0000000000
0000000000
0000000000
0000F80000
000FFF8000
007FFFE000
00FFFFF800
03FFFFFC00
07FFFFFE00
0FFC01FF00
0FF0007F80
1FE0003F80
3FC0001FC0
3F80000FC0
7F00000FC0
7F00000FE0
FF000007E0
FE000007E0
FE000007E0
FE000007E0
FE000007E0
FFFFFFFFE0
FFFFFFFFF0
FFFFFFFFE0
FFFFFFFFE0
FE00000000
FE00000000
FE00000000
FE00000000
FE00000000
FF00000000
7F00000000
7F80000000
3F80000000
3FC0000180
1FE00007E0
1FF8000FE0
0FFF00FFE0
07FFFFFFC0
03FFFFFFC0
00FFFFFF00
007FFFFC00
000FFFF000
0000FE0000
0000F00000
0001F00000
0001FE0000
0001FFC000
0001FFE000
0001FFE000
000001F000
000001F000
000001F000
000003F000
001FFFE000
001FFFC000
000FFF8000
0007FF0000
ENDCHAR
STARTCHAR uni1E20
ENCODING 7712
SWIDTH 729 0
DWIDTH 58 0
BBX 47 71 5 -1
BITMAP
0003FFFFFE00
0007FFFFFF00
0007FFFFFF00
0007FFFFFF00
0003FFFFFE00
000000000000
000000000000
000000000000
000000000000
000000000000
000000000000
000000000000
000000000000
00000FFFC000
00007FFFFC00
0003FFFFFF00
000FFFFFFFC0
001FFFFFFFF0
007FFFFFFFF8
00FFFFFFFFFC
01FFF0001FFC
03FF800007FE
07FF000001FC
07FC0000007C
0FF800000010
1FF000000000
1FF000000000
3FE000000000
3FC000000000
3FC000000000
7F8000000000
7F8000000000
7F8000000000
7F0000000000
FF0000000000
FF0000000000
FF0000000000
FF0000000000
FF0000000000
FF0000000000
FF000007FFF8
FF00001FFFFC
FF00001FFFFE
FF00001FFFFE
FF00001FFFFE
FF00000FFFFE
FF000000007E
FF000000007E
FF000000007E
FF000000007E
7F800000007E
7F800000007E
7F800000007E
7FC00000007E
3FC00000007E
3FE00000007E
1FE00000007E
1FF00000007E
0FF80000007E
0FFC0000007E
07FE0000007E
03FF8000007E
03FFE00001FE
01FFFC001FFE
00FFFFFFFFFE
003FFFFFFFFE
001FFFFFFFFC
0007FFFFFFF8
0001FFFFFFC0
00003FFFFE00
000001FF0000
ENDCHAR
STARTCHAR uni1E21
ENCODING 7713
SWIDTH 590 0
DWIDTH 47 0
BBX 37 70 4 -15
BITMAP
003FFFFC00
00FFFFFF00
00FFFFFF00
00FFFFFF00
00FFFFFE00
0000000000
0000000000
0000000000
0000000000
0000000000
0000000000
0000000000
0000000000
0000000000
0000000000
0001F00040
003FFE01F0
00FFFF83F8
01FFFFE3F8
07FFFFF3F8
0FFFFFFBF8
0FFE03FBF8
1FF800FFF8
3FE0003FF8
3FC0001FF8
7F80000FF8
7F80000FF8
FF000007F8
FF000007F8
FF000007F8
FE000003F8
FE000003F8
FE000003F8
FE000003F8
FE000003F8
FE000003F8
FE000003F8
FE000003F8
FE000003F8
FE000003F8
FF000007F8
FF000007F8
7F80000FF8
7F80000FF8
3FC0001FF8
3FE0003FF8
1FF0007FF8
1FFC01FFF8
0FFFFFFBF8
07FFFFF3F8
03FFFFE3F8
00FFFFC3F8
007FFF03F8
000FF803F8
00000003F8
00000003F8
00000003F8
00000003F8
00000007F8
00000007F0
0000000FF0
1E00001FF0
3F80003FE0
3FF000FFC0
3FFFFFFFC0
1FFFFFFF80
0FFFFFFF00
03FFFFFC00
007FFFF000
0007FF8000
ENDCHAR
STARTCHAR uni1E24
ENCODING 7716
SWIDTH 764 0
DWIDTH 61 0
BBX 47 73 7 -16
BITMAP
7C000000003C
FE00000000FE
FE00000000FE
FE00000000FE
FE00000000FE
FE00000000FE
FE00000000FE
FE00000000FE
FE00000000FE
FE00000000FE
FE00000000FE
FE00000000FE
FE00000000FE
FE00000000FE
FE00000000FE
FE00000000FE
FE00000000FE
FE00000000FE
FE00000000FE
FE00000000FE
FE00000000FE
FE00000000FE
FE00000000FE
FE00000000FE
FE00000000FE
FFFFFFFFFFFE
FFFFFFFFFFFE
FFFFFFFFFFFE
FFFFFFFFFFFE
FFFFFFFFFFFE
FFFFFFFFFFFE
FFFFFFFFFFFE
FE00000000FE
FE00000000FE
FE00000000FE
FE00000000FE
FE00000000FE
FE00000000FE
FE00000000FE
FE00000000FE
FE00000000FE
FE00000000FE
FE00000000FE
FE00000000FE
FE00000000FE
FE00000000FE
FE00000000FE
FE00000000FE
FE00000000FE
FE00000000FE
FE00000000FE
FE00000000FE
FE00000000FE
FE00000000FE
FE00000000FE
FE00000000FE
7C000000007C
100000000010
000000000000
000000000000
000000000000
000000000000
000000000000
000000000000
000001800000
00000FE00000
00000FE00000
00001FF00000
00001FF00000
00001FF00000
00000FE00000
00000FE00000
000001000000
ENDCHAR
STARTCHAR uni1E25
ENCODING 7717
SWIDTH 572 0
DWIDTH 46 0
BBX 34 73 6 -16
BITMAP
7C00000000
FE00000000
FE00000000
FE00000000
FE00000000
FE00000000
FE00000000
FE00000000
FE00000000
FE00000000
FE00000000
FE00000000
FE00000000
FE00000000
FE00000000
FE00000000
FE00000000
FE003C0000
FE03FFE000
FE0FFFF800
FE3FFFFC00
FE7FFFFE00
FEFFFFFF00
FEFF07FF00
FFF801FF80
FFE0007F80
FFC0007F80
FF80003FC0
FF80003FC0
FF00003FC0
FF00001FC0
FE00001FC0
FE00001FC0
FE00001FC0
FE00001FC0
FE00001FC0
FE00001FC0
FE00001FC0
FE00001FC0
FE00001FC0
FE00001FC0
FE00001FC0
FE00001FC0
FE00001FC0
FE00001FC0
FE00001FC0
FE00001FC0
FE00001FC0
FE00001FC0
FE00001FC0
FE00001FC0
FE00001FC0
FE00001FC0
FE00001FC0
FE00001FC0
FE00001FC0
7C00000F80
1000000200
0000000000
0000000000
0000000000
0000000000
0000000000
0000000000
0000800000
0003F00000
0007F80000
0007F80000
0007F80000
0007F80000
0007F80000
0003F00000
0000C00000
ENDCHAR
STARTCHAR uni1E2A
ENCODING 7722
SWIDTH 764 0
DWIDTH 61 0
BBX 47 74 7 -17
BITMAP
7C000000003C
FE00000000FE
FE00000000FE
FE00000000FE
FE00000000FE
FE00000000FE
FE00000000FE
FE00000000FE
FE00000000FE
FE00000000FE
FE00000000FE
FE00000000FE
FE00000000FE
FE00000000FE
FE00000000FE
FE00000000FE
FE00000000FE
FE00000000FE
FE00000000FE
FE00000000FE
FE00000000FE
FE00000000FE
FE00000000FE
FE00000000FE
FE00000000FE
FFFFFFFFFFFE
FFFFFFFFFFFE
FFFFFFFFFFFE
FFFFFFFFFFFE
FFFFFFFFFFFE
FFFFFFFFFFFE
FFFFFFFFFFFE
FE00000000FE
FE00000000FE
FE00000000FE
FE00000000FE
FE00000000FE
FE00000000FE
FE00000000FE
FE00000000FE
FE00000000FE
FE00000000FE
FE00000000FE
FE00000000FE
FE00000000FE
FE00000000FE
FE00000000FE
FE00000000FE
FE00000000FE
FE00000000FE
FE00000000FE
FE00000000FE
FE00000000FE
FE00000000FE
FE00000000FE
FE00000000FE
7C000000007C
100000000010
000000000000
000000000000
000000000000
000400004000
001E0000F000
001F0001F000
001F0001F000
000F0001F000
000F8003E000
000FC007E000
0007E00FC000
0007FEFFC000
0003FFFF8000
0001FFFF0000
00007FFC0000
00001FF00000
ENDCHAR
STARTCHAR uni1E2B
ENCODING 7723
SWIDTH 572 0
DWIDTH 46 0
BBX 34 74 6 -17
BITMAP
7C00000000
FE00000000
FE00000000
FE00000000
FE00000000
FE00000000
FE00000000
FE00000000
FE00000000
FE00000000
FE00000000
FE00000000
FE00000000
FE00000000
FE00000000
FE00000000
FE00000000
FE003C0000
FE03FFE000
FE0FFFF800
FE3FFFFC00
FE7FFFFE00
FEFFFFFF00
FEFF07FF00
FFF801FF80
FFE0007F80
FFC0007F80
FF80003FC0
FF80003FC0
FF00003FC0
FF00001FC0
FE00001FC0
FE00001FC0
FE00001FC0
FE00001FC0
FE00001FC0
FE00001FC0
FE00001FC0
FE00001FC0
FE00001FC0
FE00001FC0
FE00001FC0
FE00001FC0
FE00001FC0
FE00001FC0
FE00001FC0
FE00001FC0
FE00001FC0
FE00001FC0
FE00001FC0
FE00001FC0
FE00001FC0
FE00001FC0
FE00001FC0
FE00001FC0
FE00001FC0
7C00000F80
1000000200
0000000000
0000000000
0000000000
0300003000
0780007800
0780007800
078000F800
07C000F800
07C001F800
03E001F000
03F807F000
01FFFFE000
00FFFFC000
007FFF8000
003FFF0000
000FFC0000
ENDCHAR
STARTCHAR uni1E2E
ENCODING 7726
SWIDTH 262 0
DWIDTH 21 0
BBX 23 84 -1 -1
BITMAP
0000F0
0001F8
0001F8
0003F8
0003F0
0007E0
000FE0
000FC0
001F80
001F00
003E00
003E00
003C00
000000
000000
3E00F8
7F01FC
FF01FE
FF01FE
7F01FC
7F01FC
1C0030
000000
000000
000000
000000
007C00
00FE00
00FE00
00FE00
00FE00
00FE00
00FE00
00FE00
00FE00
00FE00
00FE00
00FE00
00FE00
00FE00
00FE00
00FE00
00FE00
00FE00
00FE00
00FE00
00FE00
00FE00
00FE00
00FE00
00FE00
00FE00
00FE00
00FE00
00FE00
00FE00
00FE00
00FE00
00FE00
00FE00
00FE00
00FE00
00FE00
00FE00
00FE00
00FE00
00FE00
00FE00
00FE00
00FE00
00FE00
00FE00
00FE00
00FE00
00FE00
00FE00
00FE00
00FE00
00FE00
00FE00
00FE00
00FE00
007C00
001000
ENDCHAR
STARTCHAR uni1E2F
ENCODING 7727
SWIDTH 237 0
DWIDTH 19 0
BBX 23 66 -2 0
BITMAP
000060
0000F0
0001F8
0003F8
0003F8
0007F0
0007E0
000FC0
001F80
001F80
003F00
003E00
003C00
001800
000000
180030
7F01FC
FF01FC
FF01FE
FF01FE
7F01FC
3E00F8
000000
000000
000000
000000
000000
007C00
00FE00
00FE00
00FE00
00FE00
00FE00
00FE00
00FE00
00FE00
00FE00
00FE00
00FE00
00FE00
00FE00
00FE00
00FE00
00FE00
00FE00
00FE00
00FE00
00FE00
00FE00
00FE00
00FE00
00FE00
00FE00
00FE00
00FE00
00FE00
00FE00
00FE00
00FE00
00FE00
00FE00
00FE00
00FE00
00FE00
00FE00
007C00
ENDCHAR
STARTCHAR uni1E36
ENCODING 7734
SWIDTH 548 0
DWIDTH 44 0
BBX 36 73 7 -16
BITMAP
3800000000
7C00000000
FE00000000
FE00000000
FE00000000
FE00000000
FE00000000
FE00000000
FE00000000
FE00000000
FE00000000
FE00000000
FE00000000
FE00000000
FE00000000
FE00000000
FE00000000
FE00000000
FE00000000
FE00000000
FE00000000
FE00000000
FE00000000
FE00000000
FE00000000
FE00000000
FE00000000
FE00000000
FE00000000
FE00000000
FE00000000
FE00000000
FE00000000
FE00000000
FE00000000
FE00000000
FE00000000
FE00000000
FE00000000
FE00000000
FE00000000
FE00000000
FE00000000
FE00000000
FE00000000
FE00000000
FE00000000
FE00000000
FE00000000
FE00000000
FE00000000
FFFFFFFFE0
FFFFFFFFF0
FFFFFFFFF0
FFFFFFFFF0
FFFFFFFFF0
7FFFFFFFE0
0000000000
0000000000
0000000000
0000000000
0000000000
0000000000
0000000000
0000600000
0003F80000
0003F80000
0007FC0000
0007FC0000
0007FC0000
0003F80000
0003F80000
0000C00000
ENDCHAR
STARTCHAR uni1E37
ENCODING 7735
SWIDTH 301 0
DWIDTH 24 0
BBX 18 73 6 -16
BITMAP
7C0000
FE0000
FE0000
FE0000
FE0000
FE0000
FE0000
FE0000
FE0000
FE0000
FE0000
FE0000
FE0000
FE0000
FE0000
FE0000
FE0000
FE0000
FE0000
FE0000
FE0000
FE0000
FE0000
FE0000
FE0000
FE0000
FE0000
FE0000
FE0000
FE0000
FE0000
FE0000
FE0000
FE0000
FE0000
FE0000
FE0000
FE0000
FE0000
FE0000
FE0000
FE0000
FE0000
FE0000
FE0000
FE0000
FE0000
FF0000
FF0000
FF8000
7FC000
7FF980
3FFFC0
3FFFC0
1FFFC0
0FFFC0
03FF80
007E00
000000
000000
000000
000000
000000
000000
008000
03F000
07F800
07F800
07F800
07F800
07F800
03F000
00C000
ENDCHAR
STARTCHAR uni1E3A
ENCODING 7738
SWIDTH 548 0
DWIDTH 44 0
BBX 36 70 7 -13
BITMAP
3800000000
7C00000000
FE00000000
FE00000000
FE00000000
FE00000000
FE00000000
FE00000000
FE00000000
FE00000000
FE00000000
FE00000000
FE00000000
FE00000000
FE00000000
FE00000000
FE00000000
FE00000000
FE00000000
FE00000000
FE00000000
FE00000000
FE00000000
FE00000000
FE00000000
FE00000000
FE00000000
FE00000000
FE00000000
FE00000000
FE00000000
FE00000000
FE00000000
FE00000000
FE00000000
FE00000000
FE00000000
FE00000000
FE00000000
FE00000000
FE00000000
FE00000000
FE00000000
FE00000000
FE00000000
FE00000000
FE00000000
FE00000000
FE00000000
FE00000000
FE00000000
FFFFFFFFE0
FFFFFFFFF0
FFFFFFFFF0
FFFFFFFFF0
FFFFFFFFF0
7FFFFFFFE0
0000000000
0000000000
0000000000
0000000000
0000000000
0000000000
0000000000
0000000000
03FFFFF800
07FFFFFC00
07FFFFFC00
03FFFFFC00
01FFFFF000
ENDCHAR
STARTCHAR uni1E3B
ENCODING 7739
SWIDTH 301 0
DWIDTH 24 0
BBX 24 70 3 -13
BITMAP
0F8000
1FC000
1FC000
1FC000
1FC000
1FC000
1FC000
1FC000
1FC000
1FC000
1FC000
1FC000
1FC000
1FC000
1FC000
1FC000
1FC000
1FC000
1FC000
1FC000
1FC000
1FC000
1FC000
1FC000
1FC000
1FC000
1FC000
1FC000
1FC000
1FC000
1FC000
1FC000
1FC000
1FC000
1FC000
1FC000
1FC000
1FC000
1FC000
1FC000
1FC000
1FC000
1FC000
1FC000
1FC000
1FC000
1FC000
1FE000
1FE000
1FF000
0FF800
0FFF30
07FFF8
07FFF8
03FFF8
01FFF8
007FF0
000FC0
000000
000000
000000
000000
000000
000000
000000
FFFFFF
FFFFFF
FFFFFF
FFFFFF
7FFFFE
ENDCHAR
STARTCHAR uni1E42
ENCODING 7746
SWIDTH 858 0
DWIDTH 69 0
BBX 55 73 7 -16
BITMAP
38000000000078
FE0000000000FC
FE0000000000FE
FF0000000001FE
FF0000000001FE
FF8000000003FE
FF8000000003FE
FFC000000007FE
FFC00000000FFE
FFE00000000FFE
FFE00000001FFE
FFF00000001FFE
FFF80000003FFE
FFF80000003FFE
FFFC0000007FFE
FFFC0000007EFE
FEFE000000FEFE
FEFE000000FCFE
FE7F000001FCFE
FE7F000001F8FE
FE3F800003F8FE
FE1F800003F0FE
FE1FC00007F0FE
FE0FC0000FE0FE
FE0FE0000FE0FE
FE07E0001FC0FE
FE07F0001F80FE
FE03F8003F80FE
FE03F8003F00FE
FE01FC007F00FE
FE01FC007E00FE
FE00FE00FE00FE
FE00FE00FC00FE
FE007F01FC00FE
FE003F01F800FE
FE003F83F800FE
FE001F83F000FE
FE001FC7F000FE
FE000FCFE000FE
FE000FEFE000FE
FE0007FFC000FE
FE0007FF8000FE
FE0003FF8000FE
FE0003FF0000FE
FE0001FF0000FE
FE0001FE0000FE
FE0000FE0000FE
FE00007C0000FE
FE0000380000FE
FE0000000000FE
FE0000000000FE
FE0000000000FE
FE0000000000FE
FE0000000000FE
FE0000000000FE
FC0000000000FE
7C00000000007C
10000000000030
00000000000000
00000000000000
00000000000000
00000000000000
00000000000000
00000000000000
00000010000000
000000FE000000
000000FE000000
000001FF000000
000001FF000000
000001FF000000
000000FE000000
000000FE000000
00000018000000
ENDCHAR
STARTCHAR uni1E43
ENCODING 7747
SWIDTH 861 0
DWIDTH 69 0
BBX 57 56 6 -16
BITMAP
10007C00003C0000
7C07FF8003FFC000
FE1FFFE00FFFF000
FE3FFFF01FFFF800
FE7FFFF87FFFFC00
FEFFFFFC7FFFFE00
FEFE0FFCFF0FFE00
FFF003FFF801FF00
FFE001FFF000FF00
FFC000FFE0007F00
FF8000FFC0007F80
FF8000FFC0007F80
FF00007F80007F80
FF00007F80003F80
FF00007F00003F80
FE00007F00003F80
FE00007F00003F80
FE00007F00003F80
FE00007F00003F80
FE00007F00003F80
FE00007F00003F80
FE00007F00003F80
FE00007F00003F80
FE00007F00003F80
FE00007F00003F80
FE00007F00003F80
FE00007F00003F80
FE00007F00003F80
FE00007F00003F80
FE00007F00003F80
FE00007F00003F80
FE00007F00003F80
FE00007F00003F80
FE00007F00003F80
FE00007F00003F80
FE00007F00003F80
FE00007F00003F80
FE00007F00003F80
FE00007F00003F80
7C00003E00001F00
1800000800000C00
0000000000000000
0000000000000000
0000000000000000
0000000000000000
0000000000000000
0000000000000000
0000000C00000000
0000007F00000000
0000007F00000000
000000FF80000000
000000FF80000000
000000FF80000000
0000007F00000000
0000007F00000000
0000000800000000
ENDCHAR
STARTCHAR uni1E44
ENCODING 7748
SWIDTH 741 0
DWIDTH 59 0
BBX 46 73 7 -1
BITMAP
00000F800000
00001FC00000
00001FE00000
00001FE00000
00001FE00000
00001FE00000
00001FC00000
00000F800000
000000000000
000000000000
000000000000
000000000000
000000000000
000000000000
000000000000
7800000000F0
FC00000001F8
FE00000001F8
FF00000001FC
FF00000001FC
FF80000001FC
FFC0000001FC
FFE0000001FC
FFE0000001FC
FFF0000001FC
FFF8000001FC
FFFC000001FC
FFFC000001FC
FFFE000001FC
FEFF000001FC
FE7F800001FC
FE7F800001FC
FE3FC00001FC
FE1FE00001FC
FE0FF00001FC
FE0FF00001FC
FE07F80001FC
FE03FC0001FC
FE01FE0001FC
FE01FE0001FC
FE00FF0001FC
FE007F8001FC
FE003FC001FC
FE003FE001FC
FE001FE001FC
FE000FF001FC
FE0007F801FC
FE0003FC01FC
FE0003FC01FC
FE0001FE01FC
FE0000FF01FC
FE00007F81FC
FE00007F81FC
FE00003FC1FC
FE00001FE1FC
FE00000FF1FC
FE00000FF1FC
FE000007F9FC
FE000003FDFC
FE000001FFFC
FE000001FFFC
FE000000FFFC
FE0000007FFC
FE0000003FFC
FE0000003FFC
FE0000001FFC
FE0000000FFC
FE00000007FC
FE00000007FC
FE00000003FC
FC00000001F8
7C00000000F8
100000000020
ENDCHAR
STARTCHAR uni1E45
ENCODING 7749
SWIDTH 572 0
DWIDTH 46 0
BBX 34 57 6 -1
BITMAP
0003F00000
0007F80000
0007F80000
0007F80000
0007F80000
0007F80000
0003F00000
0001E00000
0000000000
0000000000
0000000000
0000000000
0000000000
0000000000
0000000000
0000000000
10003C0000
7C03FFE000
FE0FFFF800
FE3FFFFC00
FE7FFFFE00
FEFFFFFF00
FEFF07FF00
FFF801FF80
FFE0007F80
FFC0007F80
FF80003FC0
FF80003FC0
FF00003FC0
FF00001FC0
FE00001FC0
FE00001FC0
FE00001FC0
FE00001FC0
FE00001FC0
FE00001FC0
FE00001FC0
FE00001FC0
FE00001FC0
FE00001FC0
FE00001FC0
FE00001FC0
FE00001FC0
FE00001FC0
FE00001FC0
FE00001FC0
FE00001FC0
FE00001FC0
FE00001FC0
FE00001FC0
FE00001FC0
FE00001FC0
FE00001FC0
FE00001FC0
FE00001FC0
7C00000F80
1000000200
ENDCHAR
STARTCHAR uni1E46
ENCODING 7750
SWIDTH 741 0
DWIDTH 59 0
BBX 46 73 7 -16
BITMAP
7800000000F0
FC00000001F8
FE00000001F8
FF00000001FC
FF00000001FC
FF80000001FC
FFC0000001FC
FFE0000001FC
FFE0000001FC
FFF0000001FC
FFF8000001FC
FFFC000001FC
FFFC000001FC
FFFE000001FC
FEFF000001FC
FE7F800001FC
FE7F800001FC
FE3FC00001FC
FE1FE00001FC
FE0FF00001FC
FE0FF00001FC
FE07F80001FC
FE03FC0001FC
FE01FE0001FC
FE01FE0001FC
FE00FF0001FC
FE007F8001FC
FE003FC001FC
FE003FE001FC
FE001FE001FC
FE000FF001FC
FE0007F801FC
FE0003FC01FC
FE0003FC01FC
FE0001FE01FC
FE0000FF01FC
FE00007F81FC
FE00007F81FC
FE00003FC1FC
FE00001FE1FC
FE00000FF1FC
FE00000FF1FC
FE000007F9FC
FE000003FDFC
FE000001FFFC
FE000001FFFC
FE000000FFFC
FE0000007FFC
FE0000003FFC
FE0000003FFC
FE0000001FFC
FE0000000FFC
FE00000007FC
FE00000007FC
FE00000003FC
FC00000001F8
7C00000000F8
100000000020
000000000000
000000000000
000000000000
000000000000
000000000000
000000000000
000003000000
00000FC00000
00001FE00000
00001FE00000
00003FE00000
00001FE00000
00001FE00000
00000FC00000
000006000000
ENDCHAR
STARTCHAR uni1E47
ENCODING 7751
SWIDTH 572 0
DWIDTH 46 0
BBX 34 56 6 -16
BITMAP
10003C0000
7C03FFE000
FE0FFFF800
FE3FFFFC00
FE7FFFFE00
FEFFFFFF00
FEFF07FF00
FFF801FF80
FFE0007F80
FFC0007F80
FF80003FC0
FF80003FC0
FF00003FC0
FF00001FC0
FE00001FC0
FE00001FC0
FE00001FC0
FE00001FC0
FE00001FC0
FE00001FC0
FE00001FC0
FE00001FC0
FE00001FC0
FE00001FC0
FE00001FC0
FE00001FC0
FE00001FC0
FE00001FC0
FE00001FC0
FE00001FC0
FE00001FC0
FE00001FC0
FE00001FC0
FE00001FC0
FE00001FC0
FE00001FC0
FE00001FC0
FE00001FC0
FE00001FC0
7C00000F80
1000000200
0000000000
0000000000
0000000000
0000000000
0000000000
0000000000
0000800000
0003F00000
0007F80000
0007F80000
0007F80000
0007F80000
0007F80000
0003F00000
0000C00000
ENDCHAR
STARTCHAR uni1E48
ENCODING 7752
SWIDTH 741 0
DWIDTH 59 0
BBX 46 70 7 -13
BITMAP
7800000000F0
FC00000001F8
FE00000001F8
FF00000001FC
FF00000001FC
FF80000001FC
FFC0000001FC
FFE0000001FC
FFE0000001FC
FFF0000001FC
FFF8000001FC
FFFC000001FC
FFFC000001FC
FFFE000001FC
FEFF000001FC
FE7F800001FC
FE7F800001FC
FE3FC00001FC
FE1FE00001FC
FE0FF00001FC
FE0FF00001FC
FE07F80001FC
FE03FC0001FC
FE01FE0001FC
FE01FE0001FC
FE00FF0001FC
FE007F8001FC
FE003FC001FC
FE003FE001FC
FE001FE001FC
FE000FF001FC
FE0007F801FC
FE0003FC01FC
FE0003FC01FC
FE0001FE01FC
FE0000FF01FC
FE00007F81FC
FE00007F81FC
FE00003FC1FC
FE00001FE1FC
FE00000FF1FC
FE00000FF1FC
FE000007F9FC
FE000003FDFC
FE000001FFFC
FE000001FFFC
FE000000FFFC
FE0000007FFC
FE0000003FFC
FE0000003FFC
FE0000001FFC
FE0000000FFC
FE00000007FC
FE00000007FC
FE00000003FC
FC00000001F8
7C00000000F8
100000000020
000000000000
000000000000
000000000000
000000000000
000000000000
000000000000
000000000000
001FFFFFC000
001FFFFFE000
003FFFFFE000
001FFFFFE000
000FFFFF8000
ENDCHAR
STARTCHAR uni1E49
ENCODING 7753
SWIDTH 572 0
DWIDTH 46 0
BBX 34 53 6 -13
BITMAP
10003C0000
7C03FFE000
FE0FFFF800
FE3FFFFC00
FE7FFFFE00
FEFFFFFF00
FEFF07FF00
FFF801FF80
FFE0007F80
FFC0007F80
FF80003FC0
FF80003FC0
FF00003FC0
FF00001FC0
FE00001FC0
FE00001FC0
FE00001FC0
FE00001FC0
FE00001FC0
FE00001FC0
FE00001FC0
FE00001FC0
FE00001FC0
FE00001FC0
FE00001FC0
FE00001FC0
FE00001FC0
FE00001FC0
FE00001FC0
FE00001FC0
FE00001FC0
FE00001FC0
FE00001FC0
FE00001FC0
FE00001FC0
FE00001FC0
FE00001FC0
FE00001FC0
FE00001FC0
7C00000F80
1000000200
0000000000
0000000000
0000000000
0000000000
0000000000
0000000000
0000000000
07FFFFF800
07FFFFF800
07FFFFF800
07FFFFF800
03FFFFF000
ENDCHAR
STARTCHAR uni1E4C
ENCODING 7756
SWIDTH 771 0
DWIDTH 62 0
BBX 52 84 5 -1
BITMAP
00000001C00000
00000003E00000
00000007E00000
00000007E00000
0000000FE00000
0000001FC00000
0000001F800000
0000003F000000
0000003E000000
0000007E000000
000000FC000000
000000F8000000
00000070000000
00001E001C0000
0000FF801C0000
0001FFC03C0000
0003FFF07C0000
0003FFFFFC0000
0007C0FFF80000
0007807FF00000
0007801FE00000
00030003000000
00000000000000
00000000000000
00000000000000
00000000000000
00000FFF000000
0000FFFFF00000
0003FFFFFC0000
000FFFFFFF0000
003FFFFFFF8000
007FFFFFFFE000
00FFFF9FFFF000
01FFE0007FF800
03FF80001FFC00
07FE00000FFC00
07FC000003FE00
0FF8000001FF00
1FF0000000FF00
1FE0000000FF80
3FE00000007F80
3FC00000003FC0
3FC00000003FC0
7F800000003FC0
7F800000001FE0
7F800000001FE0
7F000000001FE0
FF000000000FE0
FF000000000FE0
FF000000000FF0
FF000000000FF0
FF000000000FF0
FF000000000FF0
FF000000000FF0
FF000000000FF0
FF000000000FF0
FF000000000FF0
FF000000000FF0
FF000000000FF0
FF000000000FF0
FF000000000FF0
FF000000000FE0
FF000000001FE0
7F800000001FE0
7F800000001FE0
7F800000001FC0
7FC00000003FC0
3FC00000003FC0
3FE00000007F80
1FE00000007F80
1FF0000000FF00
0FF8000001FF00
0FFC000003FE00
07FE000007FE00
03FF00000FFC00
01FFC0003FF800
01FFF801FFF000
00FFFFFFFFE000
003FFFFFFFC000
001FFFFFFF8000
0007FFFFFE0000
0001FFFFF80000
00007FFFE00000
000003FC000000
ENDCHAR
STARTCHAR uni1E4D
ENCODING 7757
SWIDTH 560 0
DWIDTH 45 0
BBX 37 67 4 -1
BITMAP
000000C000
000001E000
000003F000
000007F000
000007F000
00000FE000
00000FC000
00001F8000
00003F0000
00003E0000
00007E0000
00007C0000
0000780000
0000300000
003F801E00
00FFC01E00
01FFF03E00
01FFFC7E00
03E0FFFC00
03C07FF800
03C01FF000
038007E000
0000000000
0000000000
0000000000
0000000000
0000F80000
001FFFC000
007FFFF000
01FFFFFC00
03FFFFFE00
07FFFFFF00
0FFE03FF80
1FF800FFC0
1FE0003FC0
3FC0001FE0
7FC0001FE0
7F80000FF0
7F00000FF0
FF000007F0
FF000007F8
FE000007F8
FE000003F8
FE000003F8
FE000003F8
FE000003F8
FE000003F8
FE000003F8
FE000003F8
FE000003F8
FE000003F8
FE000007F8
FF000007F8
FF000007F0
7F00000FF0
7F80000FF0
7F80001FE0
3FC0001FE0
1FE0003FC0
1FF800FFC0
0FFE03FF80
07FFFFFF00
03FFFFFE00
01FFFFFC00
007FFFF000
001FFFC000
0001F80000
ENDCHAR
STARTCHAR uni1E4E
ENCODING 7758
SWIDTH 771 0
DWIDTH 62 0
BBX 52 80 5 -1
BITMAP
0000FC03F00000
0001FC07F80000
0001FE07F80000
0001FE07F80000
0001FC07F80000
0000FC03F00000
00000000000000
00000000000000
00000000000000
00001E001C0000
0000FF801C0000
0001FFC03C0000
0003FFF07C0000
0003FFFFFC0000
0007C0FFF80000
0007807FF00000
0007801FE00000
00030003000000
00000000000000
00000000000000
00000000000000
00000000000000
00000FFF000000
0000FFFFF00000
0003FFFFFC0000
000FFFFFFF0000
003FFFFFFF8000
007FFFFFFFE000
00FFFF9FFFF000
01FFE0007FF800
03FF80001FFC00
07FE00000FFC00
07FC000003FE00
0FF8000001FF00
1FF0000000FF00
1FE0000000FF80
3FE00000007F80
3FC00000003FC0
3FC00000003FC0
7F800000003FC0
7F800000001FE0
7F800000001FE0
7F000000001FE0
FF000000000FE0
FF000000000FE0
FF000000000FF0
FF000000000FF0
FF000000000FF0
FF000000000FF0
FF000000000FF0
FF000000000FF0
FF000000000FF0
FF000000000FF0
FF000000000FF0
FF000000000FF0
FF000000000FF0
FF000000000FF0
FF000000000FE0
FF000000001FE0
7F800000001FE0
7F800000001FE0
7F800000001FC0
7FC00000003FC0
3FC00000003FC0
3FE00000007F80
1FE00000007F80
1FF0000000FF00
0FF8000001FF00
0FFC000003FE00
07FE000007FE00
03FF00000FFC00
01FFC0003FF800
01FFF801FFF000
00FFFFFFFFE000
003FFFFFFFC000
001FFFFFFF8000
0007FFFFFE0000
0001FFFFF80000
00007FFFE00000
000003FC000000
ENDCHAR
STARTCHAR uni1E4F
ENCODING 7759
SWIDTH 560 0
DWIDTH 45 0
BBX 37 63 4 -1
BITMAP
007C01F000
00FE03F800
01FE03F800
01FE03FC00
01FE03F800
00FE03F800
007800E000
0000000000
0000000000
0000000000
003F801E00
00FFC01E00
01FFF03E00
01FFFC7E00
03E0FFFC00
03C07FF800
03C01FF000
038007E000
0000000000
0000000000
0000000000
0000000000
0000F80000
001FFFC000
007FFFF000
01FFFFFC00
03FFFFFE00
07FFFFFF00
0FFE03FF80
1FF800FFC0
1FE0003FC0
3FC0001FE0
7FC0001FE0
7F80000FF0
7F00000FF0
FF000007F0
FF000007F8
FE000007F8
FE000003F8
FE000003F8
FE000003F8
FE000003F8
FE000003F8
FE000003F8
FE000003F8
FE000003F8
FE000003F8
FE000007F8
FF000007F8
FF000007F0
7F00000FF0
7F80000FF0
7F80001FE0
3FC0001FE0
1FE0003FC0
1FF800FFC0
0FFE03FF80
07FFFFFF00
03FFFFFE00
01FFFFFC00
007FFFF000
001FFFC000
0001F80000
ENDCHAR
STARTCHAR uni1E50
ENCODING 7760
SWIDTH 771 0
DWIDTH 62 0
BBX 52 84 5 -1
BITMAP
00007800000000
0000FC00000000
0000FC00000000
0000FE00000000
00007F00000000
00003F00000000
00001F80000000
00001F80000000
00000FC0000000
000007E0000000
000003E0000000
000001E0000000
000000E0000000
00000000000000
00000000000000
0001FFFFF80000
0003FFFFFC0000
0007FFFFFC0000
0003FFFFFC0000
0001FFFFF80000
00000000000000
00000000000000
00000000000000
00000000000000
00000000000000
00000000000000
00000FFF000000
0000FFFFF00000
0003FFFFFC0000
000FFFFFFF0000
003FFFFFFF8000
007FFFFFFFE000
00FFFF9FFFF000
01FFE0007FF800
03FF80001FFC00
07FE00000FFC00
07FC000003FE00
0FF8000001FF00
1FF0000000FF00
1FE0000000FF80
3FE00000007F80
3FC00000003FC0
3FC00000003FC0
7F800000003FC0
7F800000001FE0
7F800000001FE0
7F000000001FE0
FF000000000FE0
FF000000000FE0
FF000000000FF0
FF000000000FF0
FF000000000FF0
FF000000000FF0
FF000000000FF0
FF000000000FF0
FF000000000FF0
FF000000000FF0
FF000000000FF0
FF000000000FF0
FF000000000FF0
FF000000000FF0
FF000000000FE0
FF000000001FE0
7F800000001FE0
7F800000001FE0
7F800000001FC0
7FC00000003FC0
3FC00000003FC0
3FE00000007F80
1FE00000007F80
1FF0000000FF00
0FF8000001FF00
0FFC000003FE00
07FE000007FE00
03FF00000FFC00
01FFC0003FF800
01FFF801FFF000
00FFFFFFFFE000
003FFFFFFFC000
001FFFFFFF8000
0007FFFFFE0000
0001FFFFF80000
00007FFFE00000
000003FC000000
ENDCHAR
STARTCHAR uni1E51
ENCODING 7761
SWIDTH 560 0
DWIDTH 45 0
BBX 37 67 4 -1
BITMAP
0010000000
007C000000
007E000000
007E000000
007F000000
003F800000
001F800000
000FC00000
0007C00000
0007E00000
0003F00000
0001F00000
0000F00000
0000600000
0000000000
0000000000
01FFFFFC00
03FFFFFE00
03FFFFFE00
01FFFFFC00
0000000000
0000000000
0000000000
0000000000
0000000000
0000000000
0000F80000
001FFFC000
007FFFF000
01FFFFFC00
03FFFFFE00
07FFFFFF00
0FFE03FF80
1FF800FFC0
1FE0003FC0
3FC0001FE0
7FC0001FE0
7F80000FF0
7F00000FF0
FF000007F0
FF000007F8
FE000007F8
FE000003F8
FE000003F8
FE000003F8
FE000003F8
FE000003F8
FE000003F8
FE000003F8
FE000003F8
FE000003F8
FE000007F8
FF000007F8
FF000007F0
7F00000FF0
7F80000FF0
7F80001FE0
3FC0001FE0
1FE0003FC0
1FF800FFC0
0FFE03FF80
07FFFFFF00
03FFFFFE00
01FFFFFC00
007FFFF000
001FFFC000
0001F80000
ENDCHAR
STARTCHAR uni1E52
ENCODING 7762
SWIDTH 771 0
DWIDTH 62 0
BBX 52 84 5 -1
BITMAP
00000001C00000
00000003E00000
00000007E00000
00000007E00000
0000000FE00000
0000001FC00000
0000001F800000
0000003F000000
0000003E000000
0000007E000000
000000FC000000
000000F8000000
00000070000000
00000000000000
00000000000000
0001FFFFF80000
0003FFFFFC0000
0007FFFFFC0000
0003FFFFFC0000
0001FFFFF80000
00000000000000
00000000000000
00000000000000
00000000000000
00000000000000
00000000000000
00000FFF000000
0000FFFFF00000
0003FFFFFC0000
000FFFFFFF0000
003FFFFFFF8000
007FFFFFFFE000
00FFFF9FFFF000
01FFE0007FF800
03FF80001FFC00
07FE00000FFC00
07FC000003FE00
0FF8000001FF00
1FF0000000FF00
1FE0000000FF80
3FE00000007F80
3FC00000003FC0
3FC00000003FC0
7F800000003FC0
7F800000001FE0
7F800000001FE0
7F000000001FE0
FF000000000FE0
FF000000000FE0
FF000000000FF0
FF000000000FF0
FF000000000FF0
FF000000000FF0
FF000000000FF0
FF000000000FF0
FF000000000FF0
FF000000000FF0
FF000000000FF0
FF000000000FF0
FF000000000FF0
FF000000000FF0
FF000000000FE0
FF000000001FE0
7F800000001FE0
7F800000001FE0
7F800000001FC0
7FC00000003FC0
3FC00000003FC0
3FE00000007F80
1FE00000007F80
1FF0000000FF00
0FF8000001FF00
0FFC000003FE00
07FE000007FE00
03FF00000FFC00
01FFC0003FF800
01FFF801FFF000
00FFFFFFFFE000
003FFFFFFFC000
001FFFFFFF8000
0007FFFFFE0000
0001FFFFF80000
00007FFFE00000
000003FC000000
ENDCHAR
STARTCHAR uni1E53
ENCODING 7763
SWIDTH 560 0
DWIDTH 45 0
BBX 37 67 4 -1
BITMAP
000000C000
000001E000
000003F000
000007F000
000007E000
00000FE000
00000FC000
00001F8000
00003F0000
00003E0000
00007E0000
00007C0000
0000780000
0000300000
0000000000
0000000000
01FFFFFC00
03FFFFFE00
03FFFFFE00
01FFFFFC00
0000000000
0000000000
0000000000
0000000000
0000000000
0000000000
0000F80000
001FFFC000
007FFFF000
01FFFFFC00
03FFFFFE00
07FFFFFF00
0FFE03FF80
1FF800FFC0
1FE0003FC0
3FC0001FE0
7FC0001FE0
7F80000FF0
7F00000FF0
FF000007F0
FF000007F8
FE000007F8
FE000003F8
FE000003F8
FE000003F8
FE000003F8
FE000003F8
FE000003F8
FE000003F8
FE000003F8
FE000003F8
FE000007F8
FF000007F8
FF000007F0
7F00000FF0
7F80000FF0
7F80001FE0
3FC0001FE0
1FE0003FC0
1FF800FFC0
0FFE03FF80
07FFFFFF00
03FFFFFE00
01FFFFFC00
007FFFF000
001FFFC000
0001F80000
ENDCHAR
STARTCHAR uni1E5A
ENCODING 7770
SWIDTH 673 0
DWIDTH 54 0
BBX 43 72 7 -16
BITMAP
7FFFFFFC0000
FFFFFFFF8000
FFFFFFFFE000
FFFFFFFFF000
FFFFFFFFF800
FFFFFFFFFC00
FE00001FFE00
FE000003FF00
FE000001FF00
FE000000FF00
FE0000007F80
FE0000007F80
FE0000003F80
FE0000003F80
FE0000003F80
FE0000003FC0
FE0000003FC0
FE0000003FC0
FE0000003F80
FE0000003F80
FE0000007F80
FE0000007F80
FE000000FF00
FE000000FF00
FE000003FE00
FE000007FE00
FE00007FFC00
FFFFFFFFF800
FFFFFFFFF000
FFFFFFFFC000
FFFFFFFF0000
FFFFFFF80000
FE007FFC0000
FE0001FF0000
FE0000FF8000
FE00007F8000
FE00003FC000
FE00001FE000
FE00001FE000
FE00000FF000
FE00000FF000
FE000007F800
FE000007F800
FE000003FC00
FE000003FE00
FE000001FE00
FE000001FF00
FE000000FF00
FE0000007F80
FE0000007F80
FE0000003FC0
FE0000003FC0
FE0000001FE0
FE0000001FE0
FE0000000FE0
7C00000007C0
100000000180
000000000000
000000000000
000000000000
000000000000
000000000000
000000000000
000008000000
00007F000000
00007F000000
0000FF800000
0000FF800000
0000FF800000
00007F000000
00007F000000
000008000000
ENDCHAR
STARTCHAR uni1E5B
ENCODING 7771
SWIDTH 365 0
DWIDTH 29 0
BBX 24 56 5 -16
BITMAP
08001C
3E01FE
7F07FF
7F1FFF
7F3FFF
7F7FFE
7F7FF8
7FFF00
7FF800
7FF000
7FE000
7FC000
7F8000
7F8000
7F8000
7F0000
7F0000
7F0000
7F0000
7F0000
7F0000
7F0000
7F0000
7F0000
7F0000
7F0000
7F0000
7F0000
7F0000
7F0000
7F0000
7F0000
7F0000
7F0000
7F0000
7F0000
7F0000
7F0000
7F0000
3E0000
0C0000
000000
000000
000000
000000
000000
000000
080000
7F0000
7F0000
FF8000
FF8000
FF8000
7F0000
7F0000
080000
ENDCHAR
STARTCHAR uni1E5E
ENCODING 7774
SWIDTH 673 0
DWIDTH 54 0
BBX 43 69 7 -13
BITMAP
7FFFFFFC0000
FFFFFFFF8000
FFFFFFFFE000
FFFFFFFFF000
FFFFFFFFF800
FFFFFFFFFC00
FE00001FFE00
FE000003FF00
FE000001FF00
FE000000FF00
FE0000007F80
FE0000007F80
FE0000003F80
FE0000003F80
FE0000003F80
FE0000003FC0
FE0000003FC0
FE0000003FC0
FE0000003F80
FE0000003F80
FE0000007F80
FE0000007F80
FE000000FF00
FE000000FF00
FE000003FE00
FE000007FE00
FE00007FFC00
FFFFFFFFF800
FFFFFFFFF000
FFFFFFFFC000
FFFFFFFF0000
FFFFFFF80000
FE007FFC0000
FE0001FF0000
FE0000FF8000
FE00007F8000
FE00003FC000
FE00001FE000
FE00001FE000
FE00000FF000
FE00000FF000
FE000007F800
FE000007F800
FE000003FC00
FE000003FE00
FE000001FE00
FE000001FF00
FE000000FF00
FE0000007F80
FE0000007F80
FE0000003FC0
FE0000003FC0
FE0000001FE0
FE0000001FE0
FE0000000FE0
7C00000007C0
100000000180
000000000000
000000000000
000000000000
000000000000
000000000000
000000000000
000000000000
007FFFFF0000
00FFFFFF8000
00FFFFFF8000
00FFFFFF0000
003FFFFE0000
ENDCHAR
STARTCHAR uni1E5F
ENCODING 7775
SWIDTH 365 0
DWIDTH 29 0
BBX 32 53 -3 -13
BITMAP
0008001C
003E01FE
007F07FF
007F1FFF
007F3FFF
007F7FFE
007F7FF8
007FFF00
007FF800
007FF000
007FE000
007FC000
007F8000
007F8000
007F8000
007F0000
007F0000
007F0000
007F0000
007F0000
007F0000
007F0000
007F0000
007F0000
007F0000
007F0000
007F0000
007F0000
007F0000
007F0000
007F0000
007F0000
007F0000
007F0000
007F0000
007F0000
007F0000
007F0000
007F0000
003E0000
000C0000
00000000
00000000
00000000
00000000
00000000
00000000
00000000
7FFFFF00
FFFFFF80
FFFFFF80
7FFFFF80
3FFFFE00
ENDCHAR
STARTCHAR uni1E60
ENCODING 7776
SWIDTH 618 0
DWIDTH 49 0
BBX 42 73 4 -1
BITMAP
00001F000000
00003F800000
00007F800000
00007F800000
00007F800000
00007F800000
00003F800000
00001F000000
000000000000
000000000000
000000000000
000000000000
000000000000
000000000000
000000000000
0000FFF00000
000FFFFF0000
003FFFFFE000
00FFFFFFF000
01FFFFFFFC00
03FFFFFFFE00
07FFE07FFF00
0FFE0003FF80
1FF80000FF80
1FF000003F00
3FE000000F00
3FC000000000
3F8000000000
7F8000000000
7F8000000000
7F8000000000
7F0000000000
7F8000000000
7F8000000000
7F8000000000
7F8000000000
3FC000000000
3FE000000000
1FF800000000
1FFE00000000
0FFFE0000000
07FFFF000000
03FFFFF00000
01FFFFFF0000
007FFFFFC000
001FFFFFF000
0001FFFFFC00
00001FFFFE00
000000FFFF00
0000000FFF00
00000001FF80
00000000FF80
000000007FC0
000000003FC0
000000001FC0
000000001FC0
000000001FC0
000000001FC0
000000001FC0
000000001FC0
000000003FC0
780000003FC0
FC0000007F80
FF000000FF80
FFC00001FF00
FFFC000FFE00
7FFFFFFFFE00
3FFFFFFFFC00
1FFFFFFFF000
07FFFFFFE000
00FFFFFF8000
001FFFFC0000
00007FC00000
ENDCHAR
STARTCHAR uni1E61
ENCODING 7777
SWIDTH 483 0
DWIDTH 39 0
BBX 31 57 4 -1
BITMAP
0007E000
000FF000
000FF000
000FF000
000FF000
000FF000
0007E000
0003C000
00000000
00000000
00000000
00000000
00000000
00000000
00000000
00000000
0003E000
007FFF00
01FFFFC0
07FFFFF0
0FFFFFF8
1FFFFFFC
3FF007FC
3FC000FC
7F800038
7F000000
7F000000
7F000000
7F000000
7F000000
7F000000
7F800000
3FE00000
3FFC0000
1FFFE000
0FFFFE00
07FFFFC0
01FFFFE0
003FFFF8
0001FFF8
00000FFC
000003FC
000001FE
000000FE
000000FE
000000FE
000000FE
000000FE
F00001FE
FC0003FC
FF8007FC
FFFFFFF8
7FFFFFF0
3FFFFFE0
0FFFFF80
01FFFE00
001FE000
ENDCHAR
STARTCHAR uni1E62
ENCODING 7778
SWIDTH 618 0
DWIDTH 49 0
BBX 42 73 4 -16
BITMAP
0000FFF00000
000FFFFF0000
003FFFFFE000
00FFFFFFF000
01FFFFFFFC00
03FFFFFFFE00
07FFE07FFF00
0FFE0003FF80
1FF80000FF80
1FF000003F00
3FE000000F00
3FC000000000
3F8000000000
7F8000000000
7F8000000000
7F8000000000
7F0000000000
7F8000000000
7F8000000000
7F8000000000
7F8000000000
3FC000000000
3FE000000000
1FF800000000
1FFE00000000
0FFFE0000000
07FFFF000000
03FFFFF00000
01FFFFFF0000
007FFFFFC000
001FFFFFF000
0001FFFFFC00
00001FFFFE00
000000FFFF00
0000000FFF00
00000001FF80
00000000FF80
000000007FC0
000000003FC0
000000001FC0
000000001FC0
000000001FC0
000000001FC0
000000001FC0
000000001FC0
000000003FC0
780000003FC0
FC0000007F80
FF000000FF80
FFC00001FF00
FFFC000FFE00
7FFFFFFFFE00
3FFFFFFFFC00
1FFFFFFFF000
07FFFFFFE000
00FFFFFF8000
001FFFFC0000
00007FC00000
000000000000
000000000000
000000000000
000000000000
000000000000
000000000000
000004000000
00003F800000
00003F800000
00007FC00000
00007FC00000
00007FC00000
00003F800000
00003F800000
000004000000
ENDCHAR
STARTCHAR uni1E63
ENCODING 7779
SWIDTH 483 0
DWIDTH 39 0
BBX 31 56 4 -16
BITMAP
0003E000
007FFF00
01FFFFC0
07FFFFF0
0FFFFFF8
1FFFFFFC
3FF007FC
3FC000FC
7F800038
7F000000
7F000000
7F000000
7F000000
7F000000
7F000000
7F800000
3FE00000
3FFC0000
1FFFE000
0FFFFE00
07FFFFC0
01FFFFE0
003FFFF8
0001FFF8
00000FFC
000003FC
000001FE
000000FE
000000FE
000000FE
000000FE
000000FE
F00001FE
FC0003FC
FF8007FC
FFFFFFF8
7FFFFFF0
3FFFFFE0
0FFFFF80
01FFFE00
001FE000
00000000
00000000
00000000
00000000
00000000
00000000
00030000
000FC000
001FE000
001FE000
001FF000
001FE000
001FE000
000FC000
00010000
ENDCHAR
STARTCHAR uni1E64
ENCODING 7780
SWIDTH 618 0
DWIDTH 49 0
BBX 42 83 4 -1
BITMAP
000040000000
0003F8000000
0003F8000000
0003FC000000
0003FC000000
0003F8000000
0001F0070000
0000000F8000
0000001F8000
0000003F8000
0000003F8000
0000007F0000
000000FE0000
000000FC0000
000001F80000
000003F80000
000003F00000
000007E00000
00000FC00000
00000F800000
000007000000
000000000000
000000000000
000000000000
000000000000
0000FFF00000
000FFFFF0000
003FFFFFE000
00FFFFFFF000
01FFFFFFFC00
03FFFFFFFE00
07FFE07FFF00
0FFE0003FF80
1FF80000FF80
1FF000003F00
3FE000000F00
3FC000000000
3F8000000000
7F8000000000
7F8000000000
7F8000000000
7F0000000000
7F8000000000
7F8000000000
7F8000000000
7F8000000000
3FC000000000
3FE000000000
1FF800000000
1FFE00000000
0FFFE0000000
07FFFF000000
03FFFFF00000
01FFFFFF0000
007FFFFFC000
001FFFFFF000
0001FFFFFC00
00001FFFFE00
000000FFFF00
0000000FFF00
00000001FF80
00000000FF80
000000007FC0
000000003FC0
000000001FC0
000000001FC0
000000001FC0
000000001FC0
000000001FC0
000000001FC0
000000003FC0
780000003FC0
FC0000007F80
FF000000FF80
FFC00001FF00
FFFC000FFE00
7FFFFFFFFE00
3FFFFFFFFC00
1FFFFFFFF000
07FFFFFFE000
00FFFFFF8000
001FFFFC0000
00007FC00000
ENDCHAR
STARTCHAR uni1E65
ENCODING 7781
SWIDTH 483 0
DWIDTH 39 0
BBX 31 68 4 -1
BITMAP
003C0000
007F0000
00FF0000
00FF0000
00FF0000
007F0000
003E03E0
000007E0
000007F0
00000FE0
00000FE0
00001FC0
00001FC0
00003F80
00003F00
00007F00
00007E00
0000FC00
0000FC00
0001F800
0001F000
0003F000
0001E000
00008000
00000000
00000000
00000000
0003E000
007FFF00
01FFFFC0
07FFFFF0
0FFFFFF8
1FFFFFFC
3FF007FC
3FC000FC
7F800038
7F000000
7F000000
7F000000
7F000000
7F000000
7F000000
7F800000
3FE00000
3FFC0000
1FFFE000
0FFFFE00
07FFFFC0
01FFFFE0
003FFFF8
0001FFF8
00000FFC
000003FC
000001FE
000000FE
000000FE
000000FE
000000FE
000000FE
F00001FE
FC0003FC
FF8007FC
FFFFFFF8
7FFFFFF0
3FFFFFE0
0FFFFF80
01FFFE00
001FE000
ENDCHAR
STARTCHAR uni1E66
ENCODING 7782
SWIDTH 618 0
DWIDTH 49 0
BBX 42 85 4 -1
BITMAP
00001E000000
00003F800000
00007F800000
00007F800000
00007F800000
00003F800000
00001F000000
000000000000
000000000000
003C00070000
003C000F8000
003E001F0000
001F003F0000
000F807E0000
000FC07C0000
0007E0FC0000
0003F1F80000
0003FBF00000
0001FFF00000
0000FFE00000
0000FFC00000
00007FC00000
00003F800000
000000000000
000000000000
000000000000
000000000000
0000FFF00000
000FFFFF0000
003FFFFFE000
00FFFFFFF000
01FFFFFFFC00
03FFFFFFFE00
07FFE07FFF00
0FFE0003FF80
1FF80000FF80
1FF000003F00
3FE000000F00
3FC000000000
3F8000000000
7F8000000000
7F8000000000
7F8000000000
7F0000000000
7F8000000000
7F8000000000
7F8000000000
7F8000000000
3FC000000000
3FE000000000
1FF800000000
1FFE00000000
0FFFE0000000
07FFFF000000
03FFFFF00000
01FFFFFF0000
007FFFFFC000
001FFFFFF000
0001FFFFFC00
00001FFFFE00
000000FFFF00
0000000FFF00
00000001FF80
00000000FF80
000000007FC0
000000003FC0
000000001FC0
000000001FC0
000000001FC0
000000001FC0
000000001FC0
000000001FC0
000000003FC0
780000003FC0
FC0000007F80
FF000000FF80
FFC00001FF00
FFFC000FFE00
7FFFFFFFFE00
3FFFFFFFFC00
1FFFFFFFF000
07FFFFFFE000
00FFFFFF8000
001FFFFC0000
00007FC00000
ENDCHAR
STARTCHAR uni1E67
ENCODING 7783
SWIDTH 483 0
DWIDTH 39 0
BBX 31 68 4 -1
BITMAP
0003C000
0007E000
000FF000
000FF000
000FF000
0007F000
0003C000
00000000
00000000
070000E0
078001E0
07C003E0
07E007E0
03F00FC0
01F81F80
00FC3F00
00FC3F00
007E7E00
003FFC00
003FFC00
001FF800
000FF000
0007E000
00000000
00000000
00000000
00000000
0003E000
007FFF00
01FFFFC0
07FFFFF0
0FFFFFF8
1FFFFFFC
3FF007FC
3FC000FC
7F800038
7F000000
7F000000
7F000000
7F000000
7F000000
7F000000
7F800000
3FE00000
3FFC0000
1FFFE000
0FFFFE00
07FFFFC0
01FFFFE0
003FFFF8
0001FFF8
00000FFC
000003FC
000001FE
000000FE
000000FE
000000FE
000000FE
000000FE
F00001FE
FC0003FC
FF8007FC
FFFFFFF8
7FFFFFF0
3FFFFFE0
0FFFFF80
01FFFE00
001FE000
ENDCHAR
STARTCHAR uni1E68
ENCODING 7784
SWIDTH 618 0
DWIDTH 49 0
BBX 42 88 4 -16
BITMAP
00001F000000
00003F800000
00007F800000
00007F800000
00007F800000
00007F800000
00003F800000
00001F000000
000000000000
000000000000
000000000000
000000000000
000000000000
000000000000
000000000000
0000FFF00000
000FFFFF0000
003FFFFFE000
00FFFFFFF000
01FFFFFFFC00
03FFFFFFFE00
07FFE07FFF00
0FFE0003FF80
1FF80000FF80
1FF000003F00
3FE000000F00
3FC000000000
3F8000000000
7F8000000000
7F8000000000
7F8000000000
7F0000000000
7F8000000000
7F8000000000
7F8000000000
7F8000000000
3FC000000000
3FE000000000
1FF800000000
1FFE00000000
0FFFE0000000
07FFFF000000
03FFFFF00000
01FFFFFF0000
007FFFFFC000
001FFFFFF000
0001FFFFFC00
00001FFFFE00
000000FFFF00
0000000FFF00
00000001FF80
00000000FF80
000000007FC0
000000003FC0
000000001FC0
000000001FC0
000000001FC0
000000001FC0
000000001FC0
000000001FC0
000000003FC0
780000003FC0
FC0000007F80
FF000000FF80
FFC00001FF00
FFFC000FFE00
7FFFFFFFFE00
3FFFFFFFFC00
1FFFFFFFF000
07FFFFFFE000
00FFFFFF8000
001FFFFC0000
00007FC00000
000000000000
000000000000
000000000000
000000000000
000000000000
000000000000
000004000000
00003F800000
00003F800000
00007FC00000
00007FC00000
00007FC00000
00003F800000
00003F800000
000004000000
ENDCHAR
STARTCHAR uni1E69
ENCODING 7785
SWIDTH 483 0
DWIDTH 39 0
BBX 31 72 4 -16
BITMAP
0007E000
000FF000
000FF000
000FF000
000FF000
000FF000
0007E000
0003C000
00000000
00000000
00000000
00000000
00000000
00000000
00000000
00000000
0003E000
007FFF00
01FFFFC0
07FFFFF0
0FFFFFF8
1FFFFFFC
3FF007FC
3FC000FC
7F800038
7F000000
7F000000
7F000000
7F000000
7F000000
7F000000
7F800000
3FE00000
3FFC0000
1FFFE000
0FFFFE00
07FFFFC0
01FFFFE0
003FFFF8
0001FFF8
00000FFC
000003FC
000001FE
000000FE
000000FE
000000FE
000000FE
000000FE
F00001FE
FC0003FC
FF8007FC
FFFFFFF8
7FFFFFF0
3FFFFFE0
0FFFFF80
01FFFE00
001FE000
00000000
00000000
00000000
00000000
00000000
00000000
00030000
000FC000
001FE000
001FE000
001FF000
001FE000
001FE000
000FC000
00010000
ENDCHAR
STARTCHAR uni1E6C
ENCODING 7788
SWIDTH 607 0
DWIDTH 49 0
BBX 49 72 0 -16
BITMAP
7FFFFFFFFFFF00
FFFFFFFFFFFF80
FFFFFFFFFFFF80
FFFFFFFFFFFF80
FFFFFFFFFFFF00
7FFFFFFFFFFE00
000007F0000000
000007F0000000
000007F0000000
000007F0000000
000007F0000000
000007F0000000
000007F0000000
000007F0000000
000007F0000000
000007F0000000
000007F0000000
000007F0000000
000007F0000000
000007F0000000
000007F0000000
000007F0000000
000007F0000000
000007F0000000
000007F0000000
000007F0000000
000007F0000000
000007F0000000
000007F0000000
000007F0000000
000007F0000000
000007F0000000
000007F0000000
000007F0000000
000007F0000000
000007F0000000
000007F0000000
000007F0000000
000007F0000000
000007F0000000
000007F0000000
000007F0000000
000007F0000000
000007F0000000
000007F0000000
000007F0000000
000007F0000000
000007F0000000
000007F0000000
000007F0000000
000007F0000000
000007F0000000
000007F0000000
000007F0000000
000007F0000000
000007E0000000
00000080000000
00000000000000
00000000000000
00000000000000
00000000000000
00000000000000
00000000000000
00000080000000
000007E0000000
00000FF0000000
00000FF0000000
00000FF8000000
00000FF0000000
00000FF0000000
000007E0000000
00000080000000
ENDCHAR
STARTCHAR uni1E6D
ENCODING 7789
SWIDTH 358 0
DWIDTH 29 0
BBX 29 67 0 -16
BITMAP
007C0000
00FE0000
00FE0000
00FE0000
00FE0000
00FE0000
00FE0000
00FE0000
00FE0000
00FE0000
00FE0000
00FE0000
7FFFFFE0
FFFFFFF0
FFFFFFF0
FFFFFFF0
FFFFFFE0
3FFFFFC0
00FE0000
00FE0000
00FE0000
00FE0000
00FE0000
00FE0000
00FE0000
00FE0000
00FE0000
00FE0000
00FE0000
00FE0000
00FE0000
00FE0000
00FE0000
00FE0000
00FE0000
00FE0000
00FE0000
00FE0000
00FE0000
00FE0000
00FF0000
00FF0000
00FF0000
007F8000
007FC000
003FFCF8
003FFFF8
001FFFF8
000FFFF8
0007FFF8
0001FFF0
00000F00
00000000
00000000
00000000
00000000
00000000
00000000
00004000
0003F800
0003F800
0007FC00
0007FC00
0007FC00
0003F800
0003F800
00004000
ENDCHAR
STARTCHAR uni1E6E
ENCODING 7790
SWIDTH 607 0
DWIDTH 49 0
BBX 49 69 0 -13
BITMAP
7FFFFFFFFFFF00
FFFFFFFFFFFF80
FFFFFFFFFFFF80
FFFFFFFFFFFF80
FFFFFFFFFFFF00
7FFFFFFFFFFE00
000007F0000000
000007F0000000
000007F0000000
000007F0000000
000007F0000000
000007F0000000
000007F0000000
000007F0000000
000007F0000000
000007F0000000
000007F0000000
000007F0000000
000007F0000000
000007F0000000
000007F0000000
000007F0000000
000007F0000000
000007F0000000
000007F0000000
000007F0000000
000007F0000000
000007F0000000
000007F0000000
000007F0000000
000007F0000000
000007F0000000
000007F0000000
000007F0000000
000007F0000000
000007F0000000
000007F0000000
000007F0000000
000007F0000000
000007F0000000
000007F0000000
000007F0000000
000007F0000000
000007F0000000
000007F0000000
000007F0000000
000007F0000000
000007F0000000
000007F0000000
000007F0000000
000007F0000000
000007F0000000
000007F0000000
000007F0000000
000007F0000000
000007E0000000
00000080000000
00000000000000
00000000000000
00000000000000
00000000000000
00000000000000
00000000000000
00000000000000
0007FFFFF00000
000FFFFFF80000
000FFFFFF80000
000FFFFFF00000
0007FFFFE00000
ENDCHAR
STARTCHAR uni1E6F
ENCODING 7791
SWIDTH 358 0
DWIDTH 29 0
BBX 30 64 0 -13
BITMAP
007C0000
00FE0000
00FE0000
00FE0000
00FE0000
00FE0000
00FE0000
00FE0000
00FE0000
00FE0000
00FE0000
00FE0000
7FFFFFE0
FFFFFFF0
FFFFFFF0
FFFFFFF0
FFFFFFE0
3FFFFFC0
00FE0000
00FE0000
00FE0000
00FE0000
00FE0000
00FE0000
00FE0000
00FE0000
00FE0000
00FE0000
00FE0000
00FE0000
00FE0000
00FE0000
00FE0000
00FE0000
00FE0000
00FE0000
00FE0000
00FE0000
00FE0000
00FE0000
00FF0000
00FF0000
00FF0000
007F8000
007FC000
003FFCF8
003FFFF8
001FFFF8
000FFFF8
0007FFF8
0001FFF0
00000F00
00000000
00000000
00000000
00000000
00000000
00000000
00000000
03FFFFF8
07FFFFFC
07FFFFFC
03FFFFFC
01FFFFF0
ENDCHAR
STARTCHAR uni1E78
ENCODING 7800
SWIDTH 731 0
DWIDTH 58 0
BBX 46 84 6 -1
BITMAP
0000000F0000
0000001F0000
0000001F8000
0000003F8000
0000007F0000
0000007E0000
000000FC0000
000000FC0000
000001F80000
000003F00000
000003E00000
000003C00000
000003C00000
0000F0006000
0003FC00F000
0007FF00F000
000FFFC1F000
001FFFFFE000
001F07FFE000
001E01FFC000
001E00FF8000
000C00180000
000000000000
000000000000
000000000000
000000000000
3C00000000F0
7E00000001FC
7F00000001FC
FF00000001FC
FF00000001FC
FF00000001FC
FF00000001FC
FF00000001FC
FF00000001FC
FF00000001FC
FF00000001FC
FF00000001FC
FF00000001FC
FF00000001FC
FF00000001FC
FF00000001FC
FF00000001FC
FF00000001FC
FF00000001FC
FF00000001FC
FF00000001FC
FF00000001FC
FF00000001FC
FF00000001FC
FF00000001FC
FF00000001FC
FF00000001FC
FF00000001FC
FF00000001FC
FF00000001FC
FF00000001FC
FF00000001FC
FF00000001FC
FF00000001FC
FF00000001FC
FF00000001FC
FF00000001FC
FF00000001FC
7F00000003FC
7F00000003FC
7F80000003FC
7F80000003F8
7F80000007F8
3F80000007F8
3FC0000007F8
3FE000000FF0
1FE000001FF0
1FF000003FE0
0FFC00007FE0
0FFE0001FFC0
07FFC007FF80
03FFFFFFFF80
01FFFFFFFE00
00FFFFFFFC00
003FFFFFF800
001FFFFFE000
0003FFFF0000
00000FF00000
ENDCHAR
STARTCHAR uni1E79
ENCODING 7801
SWIDTH 565 0
DWIDTH 45 0
BBX 33 67 6 -1
BITMAP
0000030000
000007C000
00000FC000
00000FC000
00001FC000
00003F8000
00003F0000
00007E0000
00007C0000
0000FC0000
0001F80000
0001F00000
0001E00000
0000C00000
00FE003800
03FF807800
07FFC07800
07FFF1F800
0F83FFF000
0F01FFF000
0F007FE000
0E001F8000
0000000000
0000000000
0000000000
0000000000
1000000400
FC00001F00
FE00003F80
FE00003F80
FE00003F80
FE00003F80
FE00003F80
FE00003F80
FE00003F80
FE00003F80
FE00003F80
FE00003F80
FE00003F80
FE00003F80
FE00003F80
FE00003F80
FE00003F80
FE00003F80
FE00003F80
FE00003F80
FE00003F80
FE00003F80
FE00003F80
FE00003F80
FE00003F80
FE00003F80
FE00003F80
FE00007F80
FE00007F80
FE00007F80
FF0000FF80
FF0001FF80
7F8003FF80
7FC007FF80
3FF83FFF80
3FFFFFBF80
1FFFFF3F80
0FFFFE3F80
07FFFC3F80
01FFF01F80
002F000400
ENDCHAR
STARTCHAR uni1E7A
ENCODING 7802
SWIDTH 731 0
DWIDTH 58 0
BBX 46 80 6 -1
BITMAP
0003E00F8000
0007F01FC000
000FF03FC000
000FF03FC000
000FF01FC000
0007E01FC000
0001C0070000
000000000000
000000000000
000000000000
000000000000
001FFFFFE000
001FFFFFF000
001FFFFFF000
001FFFFFE000
000000000000
000000000000
000000000000
000000000000
000000000000
000000000000
000000000000
3C00000000F0
7E00000001FC
7F00000001FC
FF00000001FC
FF00000001FC
FF00000001FC
FF00000001FC
FF00000001FC
FF00000001FC
FF00000001FC
FF00000001FC
FF00000001FC
FF00000001FC
FF00000001FC
FF00000001FC
FF00000001FC
FF00000001FC
FF00000001FC
FF00000001FC
FF00000001FC
FF00000001FC
FF00000001FC
FF00000001FC
FF00000001FC
FF00000001FC
FF00000001FC
FF00000001FC
FF00000001FC
FF00000001FC
FF00000001FC
FF00000001FC
FF00000001FC
FF00000001FC
FF00000001FC
FF00000001FC
FF00000001FC
FF00000001FC
FF00000001FC
7F00000003FC
7F00000003FC
7F80000003FC
7F80000003F8
7F80000007F8
3F80000007F8
3FC0000007F8
3FE000000FF0
1FE000001FF0
1FF000003FE0
0FFC00007FE0
0FFE0001FFC0
07FFC007FF80
03FFFFFFFF80
01FFFFFFFE00
00FFFFFFFC00
003FFFFFF800
001FFFFFE000
0003FFFF0000
00000FF00000
ENDCHAR
STARTCHAR uni1E7B
ENCODING 7803
SWIDTH 565 0
DWIDTH 45 0
BBX 33 63 6 -1
BITMAP
00E0038000
03F80FE000
03F80FE000
07FC0FF000
07F80FF000
03F80FE000
01F007C000
0000000000
0000000000
0000000000
0000000000
07FFFFF000
0FFFFFF800
0FFFFFF800
0FFFFFF800
07FFFFF000
0000000000
0000000000
0000000000
0000000000
0000000000
0000000000
1000000400
FC00001F00
FE00003F80
FE00003F80
FE00003F80
FE00003F80
FE00003F80
FE00003F80
FE00003F80
FE00003F80
FE00003F80
FE00003F80
FE00003F80
FE00003F80
FE00003F80
FE00003F80
FE00003F80
FE00003F80
FE00003F80
FE00003F80
FE00003F80
FE00003F80
FE00003F80
FE00003F80
FE00003F80
FE00003F80
FE00003F80
FE00007F80
FE00007F80
FE00007F80
FF0000FF80
FF0001FF80
7F8003FF80
7FC007FF80
3FF83FFF80
3FFFFFBF80
1FFFFF3F80
0FFFFE3F80
07FFFC3F80
01FFF01F80
002F000400
ENDCHAR
STARTCHAR Wgrave
ENCODING 7808
SWIDTH 1104 0
DWIDTH 88 0
BBX 82 77 3 -1
BITMAP
0000000180000000000000
00000003E0000000000000
00000007F0000000000000
00000007F0000000000000
00000003F8000000000000
00000003FC000000000000
00000001FC000000000000
00000000FE000000000000
000000007F000000000000
000000003F000000000000
000000001F800000000000
000000000FC00000000000
000000000FC00000000000
0000000007C00000000000
0000000003C00000000000
0000000000000000000000
0000000000000000000000
0000000000000000000000
0000000000000000000000
3C00000001E00000000780
7E00000003F00000000FC0
FF00000003F80000001FC0
FF00000007F80000001FC0
7F00000007F80000003FC0
7F80000007FC0000003F80
7F8000000FFC0000003F80
3F8000000FFC0000007F80
3FC000000FFE0000007F00
3FC000001FFE0000007F00
1FC000001FFF000000FF00
1FE000001FFF000000FE00
0FE000003FFF000000FE00
0FE000003FBF800001FE00
0FF000003F3F800001FC00
07F000007F3F800001FC00
07F000007F1FC00003FC00
07F80000FE1FC00003F800
03F80000FE1FC00003F800
03F80000FE0FE00007F800
03FC0001FC0FE00007F000
01FC0001FC0FE00007F000
01FC0001F807F0000FE000
01FE0003F807F0000FE000
00FE0003F803F0000FE000
00FE0003F003F8001FC000
00FF0007F003F8001FC000
007F0007F001F8001FC000
007F0007E001FC003F8000
007F800FE001FC003F8000
003F800FE000FC003F8000
003F800FC000FE007F0000
001FC01FC000FE007F0000
001FC01FC0007E00FF0000
001FC01F80007F00FE0000
000FE03F80007F00FE0000
000FE03F80003F01FE0000
000FF07F00003F81FC0000
0007F07F00003F81FC0000
0007F07F00001F83F80000
0007F8FE00001FC3F80000
0003F8FE00001FC3F80000
0003F8FC00000FE7F00000
0003FDFC00000FE7F00000
0001FDFC00000FE7F00000
0001FDF8000007FFE00000
0001FFF8000007FFE00000
0000FFF8000003FFE00000
0000FFF0000003FFC00000
0000FFF0000003FFC00000
00007FF0000001FFC00000
00007FE0000001FF800000
00003FE0000001FF800000
00003FE0000000FF800000
00003FC0000000FF000000
00001FC0000000FF000000
00001F800000007E000000
0000020000000008000000
ENDCHAR
STARTCHAR wgrave
ENCODING 7809
SWIDTH 844 0
DWIDTH 68 0
BBX 62 62 3 -1
BITMAP
00000F8000000000
00000FC000000000
00001FC000000000
00000FE000000000
00000FE000000000
000007F000000000
000007F000000000
000003F800000000
000001F800000000
000001FC00000000
000000FC00000000
0000007E00000000
0000007E00000000
0000003F00000000
0000001F00000000
0000001F00000000
0000000F00000000
0000000400000000
0000000000000000
0000000000000000
0000000000000000
1000000200000020
7C00000FC00000F8
FE00000FC00001F8
FE00001FE00001FC
FE00001FE00003F8
FF00003FE00003F8
7F00003FF00003F8
7F00003FF00007F0
7F80007FF80007F0
3F80007FF80007F0
3F80007FF8000FE0
1FC000FFFC000FE0
1FC000FDFC000FE0
1FE001FCFC001FC0
0FE001F8FE001FC0
0FE001F8FE001F80
0FF003F87E003F80
07F003F07F003F80
07F003F03F007F00
03F807F03F007F00
03F807E03F807F00
03F807E01F80FE00
01FC0FE01FC0FE00
01FC0FC01FC0FC00
01FC1FC00FC1FC00
00FE1F800FE1FC00
00FE1F800FE1F800
007F3F8007E3F800
007F3F0007F3F800
007F3F0003F3F000
003FFF0003F7F000
003FFE0003FFE000
003FFE0001FFE000
001FFE0001FFE000
001FFC0001FFC000
000FFC0000FFC000
000FF80000FFC000
000FF80000FF8000
0007F800007F8000
0003F000003F0000
0000C00000080000
ENDCHAR
STARTCHAR Wacute
ENCODING 7810
SWIDTH 1104 0
DWIDTH 88 0
BBX 82 77 3 -1
BITMAP
0000000000006000000000
000000000000F800000000
000000000001F800000000
000000000003F800000000
000000000007F800000000
000000000007F000000000
00000000000FE000000000
00000000001FC000000000
00000000001F8000000000
00000000003F8000000000
00000000007F0000000000
00000000007E0000000000
0000000000FC0000000000
0000000000F80000000000
0000000000700000000000
0000000000000000000000
0000000000000000000000
0000000000000000000000
0000000000000000000000
3C00000001E00000000780
7E00000003F00000000FC0
FF00000003F80000001FC0
FF00000007F80000001FC0
7F00000007F80000003FC0
7F80000007FC0000003F80
7F8000000FFC0000003F80
3F8000000FFC0000007F80
3FC000000FFE0000007F00
3FC000001FFE0000007F00
1FC000001FFF000000FF00
1FE000001FFF000000FE00
0FE000003FFF000000FE00
0FE000003FBF800001FE00
0FF000003F3F800001FC00
07F000007F3F800001FC00
07F000007F1FC00003FC00
07F80000FE1FC00003F800
03F80000FE1FC00003F800
03F80000FE0FE00007F800
03FC0001FC0FE00007F000
01FC0001FC0FE00007F000
01FC0001F807F0000FE000
01FE0003F807F0000FE000
00FE0003F803F0000FE000
00FE0003F003F8001FC000
00FF0007F003F8001FC000
007F0007F001F8001FC000
007F0007E001FC003F8000
007F800FE001FC003F8000
003F800FE000FC003F8000
003F800FC000FE007F0000
001FC01FC000FE007F0000
001FC01FC0007E00FF0000
001FC01F80007F00FE0000
000FE03F80007F00FE0000
000FE03F80003F01FE0000
000FF07F00003F81FC0000
0007F07F00003F81FC0000
0007F07F00001F83F80000
0007F8FE00001FC3F80000
0003F8FE00001FC3F80000
0003F8FC00000FE7F00000
0003FDFC00000FE7F00000
0001FDFC00000FE7F00000
0001FDF8000007FFE00000
0001FFF8000007FFE00000
0000FFF8000003FFE00000
0000FFF0000003FFC00000
0000FFF0000003FFC00000
00007FF0000001FFC00000
00007FE0000001FF800000
00003FE0000001FF800000
00003FE0000000FF800000
00003FC0000000FF000000
00001FC0000000FF000000
00001F800000007E000000
0000020000000008000000
ENDCHAR
STARTCHAR wacute
ENCODING 7811
SWIDTH 844 0
DWIDTH 68 0
BBX 62 62 3 -1
BITMAP
0000000007800000
000000000FC00000
000000000FC00000
000000001FC00000
000000001FC00000
000000003F800000
000000007F000000
000000007F000000
00000000FE000000
00000000FC000000
00000001FC000000
00000001F8000000
00000003F0000000
00000003F0000000
00000007E0000000
00000007C0000000
00000003C0000000
0000000100000000
0000000000000000
0000000000000000
0000000000000000
1000000200000020
7C00000FC00000F8
FE00000FC00001F8
FE00001FE00001FC
FE00001FE00003F8
FF00003FE00003F8
7F00003FF00003F8
7F00003FF00007F0
7F80007FF80007F0
3F80007FF80007F0
3F80007FF8000FE0
1FC000FFFC000FE0
1FC000FDFC000FE0
1FE001FCFC001FC0
0FE001F8FE001FC0
0FE001F8FE001F80
0FF003F87E003F80
07F003F07F003F80
07F003F03F007F00
03F807F03F007F00
03F807E03F807F00
03F807E01F80FE00
01FC0FE01FC0FE00
01FC0FC01FC0FC00
01FC1FC00FC1FC00
00FE1F800FE1FC00
00FE1F800FE1F800
007F3F8007E3F800
007F3F0007F3F800
007F3F0003F3F000
003FFF0003F7F000
003FFE0003FFE000
003FFE0001FFE000
001FFE0001FFE000
001FFC0001FFC000
000FFC0000FFC000
000FF80000FFC000
000FF80000FF8000
0007F800007F8000
0003F000003F0000
0000C00000080000
ENDCHAR
STARTCHAR Wdieresis
ENCODING 7812
SWIDTH 1104 0
DWIDTH 88 0
BBX 82 73 3 -1
BITMAP
00000000F003C000000000
00000001F807E000000000
00000003FC0FF000000000
00000003FC0FF000000000
00000003FC0FF000000000
00000003FC0FF000000000
00000001F807F000000000
00000000F803E000000000
0000000000000000000000
0000000000000000000000
0000000000000000000000
0000000000000000000000
0000000000000000000000
0000000000000000000000
0000000000000000000000
3C00000001E00000000780
7E00000003F00000000FC0
FF00000003F80000001FC0
FF00000007F80000001FC0
7F00000007F80000003FC0
7F80000007FC0000003F80
7F8000000FFC0000003F80
3F8000000FFC0000007F80
3FC000000FFE0000007F00
3FC000001FFE0000007F00
1FC000001FFF000000FF00
1FE000001FFF000000FE00
0FE000003FFF000000FE00
0FE000003FBF800001FE00
0FF000003F3F800001FC00
07F000007F3F800001FC00
07F000007F1FC00003FC00
07F80000FE1FC00003F800
03F80000FE1FC00003F800
03F80000FE0FE00007F800
03FC0001FC0FE00007F000
01FC0001FC0FE00007F000
01FC0001F807F0000FE000
01FE0003F807F0000FE000
00FE0003F803F0000FE000
00FE0003F003F8001FC000
00FF0007F003F8001FC000
007F0007F001F8001FC000
007F0007E001FC003F8000
007F800FE001FC003F8000
003F800FE000FC003F8000
003F800FC000FE007F0000
001FC01FC000FE007F0000
001FC01FC0007E00FF0000
001FC01F80007F00FE0000
000FE03F80007F00FE0000
000FE03F80003F01FE0000
000FF07F00003F81FC0000
0007F07F00003F81FC0000
0007F07F00001F83F80000
0007F8FE00001FC3F80000
0003F8FE00001FC3F80000
0003F8FC00000FE7F00000
0003FDFC00000FE7F00000
0001FDFC00000FE7F00000
0001FDF8000007FFE00000
0001FFF8000007FFE00000
0000FFF8000003FFE00000
0000FFF0000003FFC00000
0000FFF0000003FFC00000
00007FF0000001FFC00000
00007FE0000001FF800000
00003FE0000001FF800000
00003FE0000000FF800000
00003FC0000000FF000000
00001FC0000000FF000000
00001F800000007E000000
0000020000000008000000
ENDCHAR
STARTCHAR wdieresis
ENCODING 7813
SWIDTH 844 0
DWIDTH 68 0
BBX 62 57 3 -1
BITMAP
000007C01F000000
00000FE03F800000
00000FF03FC00000
00000FF03FC00000
00000FF03FC00000
00000FE03FC00000
00000FE01F800000
000003800F000000
0000000000000000
0000000000000000
0000000000000000
0000000000000000
0000000000000000
0000000000000000
0000000000000000
0000000000000000
1000000200000020
7C00000FC00000F8
FE00000FC00001F8
FE00001FE00001FC
FE00001FE00003F8
FF00003FE00003F8
7F00003FF00003F8
7F00003FF00007F0
7F80007FF80007F0
3F80007FF80007F0
3F80007FF8000FE0
1FC000FFFC000FE0
1FC000FDFC000FE0
1FE001FCFC001FC0
0FE001F8FE001FC0
0FE001F8FE001F80
0FF003F87E003F80
07F003F07F003F80
07F003F03F007F00
03F807F03F007F00
03F807E03F807F00
03F807E01F80FE00
01FC0FE01FC0FE00
01FC0FC01FC0FC00
01FC1FC00FC1FC00
00FE1F800FE1FC00
00FE1F800FE1F800
007F3F8007E3F800
007F3F0007F3F800
007F3F0003F3F000
003FFF0003F7F000
003FFE0003FFE000
003FFE0001FFE000
001FFE0001FFE000
001FFC0001FFC000
000FFC0000FFC000
000FF80000FFC000
000FF80000FF8000
0007F800007F8000
0003F000003F0000
0000C00000080000
ENDCHAR
STARTCHAR uni1E8E
ENCODING 7822
SWIDTH 601 0
DWIDTH 48 0
BBX 46 73 1 -1
BITMAP
00000FC00000
00001FE00000
00001FE00000
00001FE00000
00001FE00000
00001FE00000
00000FC00000
000007800000
000000000000
000000000000
000000000000
000000000000
000000000000
000000000000
000000000000
3C0000000078
7E00000001FC
FF00000001FC
FF00000003FC
7F80000007F8
7FC0000007F8
3FE000000FF0
1FE000001FE0
1FF000003FE0
0FF800003FC0
07F800007F80
03FC0000FF80
03FE0001FF00
01FF0001FE00
00FF0003FC00
00FF8007FC00
007FC007F800
003FE00FF000
001FE01FE000
001FF03FE000
000FF83FC000
0007F87F8000
0003FCFF8000
0003FFFF0000
0001FFFE0000
0000FFFC0000
0000FFFC0000
00007FF80000
00003FF00000
00001FF00000
00001FE00000
00001FE00000
00001FE00000
00001FE00000
00001FE00000
00001FE00000
00001FE00000
00001FE00000
00001FE00000
00001FE00000
00001FE00000
00001FE00000
00001FE00000
00001FE00000
00001FE00000
00001FE00000
00001FE00000
00001FE00000
00001FE00000
00001FE00000
00001FE00000
00001FE00000
00001FE00000
00001FE00000
00001FE00000
00000FC00000
00000FC00000
000001000000
ENDCHAR
STARTCHAR uni1E8F
ENCODING 7823
SWIDTH 517 0
DWIDTH 41 0
BBX 37 71 2 -15
BITMAP
0000FC0000
0001FC0000
0001FE0000
0003FE0000
0001FE0000
0001FE0000
0001FC0000
0000780000
0000000000
0000000000
0000000000
0000000000
0000000000
0000000000
0000000000
0000000000
1000000020
7C000000F8
FE000001F8
FE000003F8
FF000003F8
FF000003F8
7F800007F8
7F800007F0
3F80000FF0
3FC0000FE0
1FC0000FE0
1FE0001FC0
1FE0001FC0
0FE0003F80
0FF0003F80
07F0007F80
07F8007F00
03F8007F00
03FC00FE00
03FC00FE00
01FC01FC00
01FE01FC00
00FE01FC00
00FF03F800
007F03F800
007F07F000
007F87F000
003F8FE000
003FCFE000
001FCFE000
001FDFC000
000FFFC000
000FFF8000
000FFF8000
0007FF0000
0007FF0000
0003FF0000
0003FE0000
0001FE0000
0001FC0000
0003FC0000
0003F80000
0007F80000
0007F80000
0007F00000
000FF00000
000FE00000
001FE00000
001FC00000
003FC00000
003F800000
003F800000
003F800000
003F000000
001E000000
ENDCHAR
STARTCHAR uni1E92
ENCODING 7826
SWIDTH 593 0
DWIDTH 47 0
BBX 43 72 3 -16
BITMAP
7FFFFFFFFF80
FFFFFFFFFFC0
FFFFFFFFFFC0
FFFFFFFFFFC0
7FFFFFFFFFC0
3FFFFFFFFF80
00000000FF80
00000000FF00
00000001FE00
00000003FC00
00000007FC00
00000007F800
0000000FF000
0000001FF000
0000001FE000
0000003FC000
0000007F8000
000000FF8000
000000FF0000
000001FE0000
000003FC0000
000003FC0000
000007F80000
00000FF00000
00001FF00000
00001FE00000
00003FC00000
00007F800000
00007F800000
0000FF000000
0001FE000000
0003FE000000
0003FC000000
0007F8000000
000FF0000000
000FF0000000
001FE0000000
003FC0000000
007FC0000000
007F80000000
00FF00000000
01FE00000000
01FE00000000
03FC00000000
07F800000000
0FF800000000
0FF000000000
1FE000000000
3FC000000000
3FC000000000
7FFFFFFFFFC0
7FFFFFFFFFE0
FFFFFFFFFFE0
7FFFFFFFFFE0
7FFFFFFFFFE0
3FFFFFFFFFC0
000000000000
000000000000
000000000000
000000000000
000000000000
000000000000
000000000000
000004000000
00001F800000
00003FC00000
00003FC00000
00007FC00000
00003FC00000
00003FC00000
00001F800000
000004000000
ENDCHAR
STARTCHAR uni1E93
ENCODING 7827
SWIDTH 466 0
DWIDTH 37 0
BBX 32 55 4 -16
BITMAP
7FFFFFF8
FFFFFFFC
FFFFFFFC
FFFFFFFC
FFFFFFFC
7FFFFFFC
000007F8
000007F0
00000FE0
00001FC0
00003FC0
00003F80
00007F00
0000FE00
0001FE00
0001FC00
0003F800
0007F000
000FF000
000FE000
001FC000
003F8000
007F8000
00FF0000
00FE0000
01FC0000
03FC0000
07F80000
07F00000
0FE00000
1FC00000
3FC00000
3F800000
7FFFFFF8
FFFFFFFE
FFFFFFFE
FFFFFFFF
FFFFFFFE
7FFFFFFC
00000000
00000000
00000000
00000000
00000000
00000000
00000000
00030000
000FC000
001FE000
001FE000
001FE000
001FE000
001FE000
000FC000
00010000
ENDCHAR
STARTCHAR uni1E97
ENCODING 7831
SWIDTH 358 0
DWIDTH 29 0
BBX 29 67 0 -1
BITMAP
1C007800
7F01FC00
7F01FC00
FF01FE00
FF01FE00
7F01FC00
7F01FC00
3E00F800
00000000
00000000
00000000
00000000
00000000
00000000
00000000
007C0000
00FE0000
00FE0000
00FE0000
00FE0000
00FE0000
00FE0000
00FE0000
00FE0000
00FE0000
00FE0000
00FE0000
7FFFFFE0
FFFFFFF0
FFFFFFF0
FFFFFFF0
FFFFFFE0
3FFFFFC0
00FE0000
00FE0000
00FE0000
00FE0000
00FE0000
00FE0000
00FE0000
00FE0000
00FE0000
00FE0000
00FE0000
00FE0000
00FE0000
00FE0000
00FE0000
00FE0000
00FE0000
00FE0000
00FE0000
00FE0000
00FE0000
00FE0000
00FF0000
00FF0000
00FF0000
007F8000
007FC000
003FFCF8
003FFFF8
001FFFF8
000FFFF8
0007FFF8
0001FFF0
00000F00
ENDCHAR
STARTCHAR uni1E9E
ENCODING 7838
SWIDTH 716 0
DWIDTH 57 0
BBX 46 58 7 -1
BITMAP
0000FFF80000
000FFFFF8000
003FFFFFE000
00FFFFFFF800
01FFFFFFFC00
07FFFFFFFE00
0FFFC01FFF00
0FFE0003FF80
1FF80000FF80
3FE000007FC0
3FC000003FC0
7FC000003FC0
7F8000001FC0
7F0000001FC0
FF0000001FE0
FF0000001FE0
FF0000001FC0
FE0000001FC0
FE0000001FC0
FE0000001FC0
FE0000003FC0
FE0000003F80
FE0000007F80
FE000000FF00
FE000003FE00
FE00001FFC00
FE00FFFFF800
FE01FFFFE000
FE01FFFFF800
FE01FFFFFE00
FE00FFFFFF00
FE007FFFFFC0
FE000000FFC0
FE0000003FE0
FE0000001FF0
FE0000000FF0
FE00000007F8
FE00000003F8
FE00000003F8
FE00000003F8
FE00000003F8
FE00000003FC
FE00000003FC
FE00000003F8
FE00000003F8
FE00000003F8
FE00000007F8
FE00000007F8
FE0380000FF0
FE07C0001FF0
FE0FF8007FE0
FE0FFFCFFFE0
FE07FFFFFFC0
FE07FFFFFF80
FE01FFFFFF00
FE007FFFFC00
7C001FFFF000
100000FC0000
ENDCHAR
STARTCHAR uni1EA0
ENCODING 7840
SWIDTH 733 0
DWIDTH 59 0
BBX 53 73 3 -16
BITMAP
000000F0000000
000001FC000000
000003FC000000
000003FE000000
000007FE000000
000007FF000000
000007FF000000
00000FFF800000
00000FFF800000
00001FDF800000
00001FDFC00000
00003F9FC00000
00003F8FE00000
00007F0FE00000
00007F07F00000
00007E07F00000
0000FE03F80000
0000FE03F80000
0001FC03F80000
0001FC01FC0000
0003F801FC0000
0003F800FE0000
0003F800FE0000
0007F0007F0000
0007F0007F0000
000FE0007F8000
000FE0003F8000
001FC0003F8000
001FC0001FC000
003FC0001FC000
003F80000FE000
003F80000FE000
007F00000FF000
007F000007F000
00FE000007F000
00FE000003F800
01FE000003F800
01FFFFFFFFFC00
03FFFFFFFFFC00
03FFFFFFFFFE00
03FFFFFFFFFE00
07FFFFFFFFFF00
07FFFFFFFFFF00
0FF00000007F00
0FE00000007F80
1FE00000003F80
1FC00000003FC0
3FC00000001FC0
3F800000001FE0
3F800000000FE0
7F800000000FF0
7F000000000FF0
FF0000000007F0
FE0000000007F8
FE0000000003F8
FC0000000003F8
FC0000000001F8
20000000000040
00000000000000
00000000000000
00000000000000
00000000000000
00000000000000
00000000000000
00000020000000
000001FC000000
000003FC000000
000003FE000000
000003FE000000
000003FE000000
000001FC000000
000001FC000000
00000030000000
ENDCHAR
STARTCHAR uni1EA1
ENCODING 7841
SWIDTH 533 0
DWIDTH 43 0
BBX 33 56 4 -16
BITMAP
0001F00000
003FFF8000
01FFFFE000
0FFFFFF800
1FFFFFFC00
3FFFFFFC00
3FF807FE00
3FC001FF00
1E0000FF00
0000007F00
0000007F80
0000003F80
0000003F80
0000003F80
0000003F80
0000003F80
0000003F80
00007FFF80
007FFFFF80
03FFFFFF80
0FFFFFFF80
1FFFFFFF80
3FFC003F80
7FC0003F80
7F80003F80
FF00003F80
FF00003F80
FE00003F80
FE00007F80
FE00007F80
FF0000FF80
FF0000FF80
7F8001FF80
7FC003FF80
3FE00FFF80
3FFFFFBF80
1FFFFF3F80
0FFFFE3F80
03FFFC3F80
00FFF01F00
000F800400
0000000000
0000000000
0000000000
0000000000
0000000000
0000000000
0000600000
0003F80000
0003F80000
0007FC0000
0007FC0000
0007FC0000
0003F80000
0003F80000
0000400000
ENDCHAR
STARTCHAR uni1EA2
ENCODING 7842
SWIDTH 733 0
DWIDTH 59 0
BBX 53 77 3 -1
BITMAP
00000030000000
000007FF000000
00001FFF800000
00001FFFC00000
00001FFFE00000
0000000FE00000
00000007E00000
0000000FC00000
0000001FC00000
0000003F000000
0000007E000000
000000FC000000
000000F8000000
000000F8000000
000000F8000000
00000000000000
00000000000000
00000000000000
00000000000000
000000F0000000
000001FC000000
000003FC000000
000003FE000000
000007FE000000
000007FF000000
000007FF000000
00000FFF800000
00000FFF800000
00001FDF800000
00001FDFC00000
00003F9FC00000
00003F8FE00000
00007F0FE00000
00007F07F00000
00007E07F00000
0000FE03F80000
0000FE03F80000
0001FC03F80000
0001FC01FC0000
0003F801FC0000
0003F800FE0000
0003F800FE0000
0007F0007F0000
0007F0007F0000
000FE0007F8000
000FE0003F8000
001FC0003F8000
001FC0001FC000
003FC0001FC000
003F80000FE000
003F80000FE000
007F00000FF000
007F000007F000
00FE000007F000
00FE000003F800
01FE000003F800
01FFFFFFFFFC00
03FFFFFFFFFC00
03FFFFFFFFFE00
03FFFFFFFFFE00
07FFFFFFFFFF00
07FFFFFFFFFF00
0FF00000007F00
0FE00000007F80
1FE00000003F80
1FC00000003FC0
3FC00000001FC0
3F800000001FE0
3F800000000FE0
7F800000000FF0
7F000000000FF0
FF0000000007F0
FE0000000007F8
FE0000000003F8
FC0000000003F8
FC0000000001F8
20000000000040
ENDCHAR
STARTCHAR uni1EA3
ENCODING 7843
SWIDTH 533 0
DWIDTH 43 0
BBX 33 62 4 -1
BITMAP
0001F80000
000FFF0000
001FFF8000
003FFFC000
001E1FC000
00000FC000
00000FC000
00000FC000
00001FC000
00001F8000
00003F0000
00007E0000
0000F80000
0000F80000
0001F00000
0001F00000
0000F00000
0000000000
0000000000
0000000000
0000000000
0001F00000
003FFF8000
01FFFFE000
0FFFFFF800
1FFFFFFC00
3FFFFFFC00
3FF807FE00
3FC001FF00
1E0000FF00
0000007F00
0000007F80
0000003F80
0000003F80
0000003F80
0000003F80
0000003F80
0000003F80
00007FFF80
007FFFFF80
03FFFFFF80
0FFFFFFF80
1FFFFFFF80
3FFC003F80
7FC0003F80
7F80003F80
FF00003F80
FF00003F80
FE00003F80
FE00007F80
FE00007F80
FF0000FF80
FF0000FF80
7F8001FF80
7FC003FF80
3FE00FFF80
3FFFFFBF80
1FFFFF3F80
0FFFFE3F80
03FFFC3F80
00FFF01F00
000F800400
ENDCHAR
STARTCHAR uni1EA4
ENCODING 7844
SWIDTH 733 0
DWIDTH 59 0
BBX 53 83 3 -1
BITMAP
00000000007800
0000000000FC00
0000000000FC00
0000000001F800
0000000001F800
0000000003F000
0000000003E000
000000F807C000
000001FC0FC000
000003FE0F8000
000007FF1F0000
00000FFF1E0000
00000FDF9E0000
00001F9FCC0000
00003F8FC00000
00003F07E00000
00007E03F00000
0000FC01F00000
0000F800F80000
0001F000780000
0000E000780000
00004000100000
00000000000000
00000000000000
00000000000000
000000F0000000
000001FC000000
000003FC000000
000003FE000000
000007FE000000
000007FF000000
000007FF000000
00000FFF800000
00000FFF800000
00001FDF800000
00001FDFC00000
00003F9FC00000
00003F8FE00000
00007F0FE00000
00007F07F00000
00007E07F00000
0000FE03F80000
0000FE03F80000
0001FC03F80000
0001FC01FC0000
0003F801FC0000
0003F800FE0000
0003F800FE0000
0007F0007F0000
0007F0007F0000
000FE0007F8000
000FE0003F8000
001FC0003F8000
001FC0001FC000
003FC0001FC000
003F80000FE000
003F80000FE000
007F00000FF000
007F000007F000
00FE000007F000
00FE000003F800
01FE000003F800
01FFFFFFFFFC00
03FFFFFFFFFC00
03FFFFFFFFFE00
03FFFFFFFFFE00
07FFFFFFFFFF00
07FFFFFFFFFF00
0FF00000007F00
0FE00000007F80
1FE00000003F80
1FC00000003FC0
3FC00000001FC0
3F800000001FE0
3F800000000FE0
7F800000000FF0
7F000000000FF0
FF0000000007F0
FE0000000007F8
FE0000000003F8
FC0000000003F8
FC0000000001F8
20000000000040
ENDCHAR
STARTCHAR uni1EA5
ENCODING 7845
SWIDTH 533 0
DWIDTH 43 0
BBX 37 66 4 -1
BITMAP
0000000078
00000000F8
00000001F8
00000001F8
00000003F0
00000003E0
00000007E0
0000F00FC0
0003FC0F80
0007FC1F00
0007FE1F00
000FFF3E00
001FFF3C00
001F9F9800
003F0FC000
007E07C000
007C07E000
00F803F000
01F801F000
01F000F800
01E0007800
0080002000
0000000000
0000000000
0000000000
0001F00000
003FFF8000
01FFFFE000
0FFFFFF800
1FFFFFFC00
3FFFFFFC00
3FF807FE00
3FC001FF00
1E0000FF00
0000007F00
0000007F80
0000003F80
0000003F80
0000003F80
0000003F80
0000003F80
0000003F80
00007FFF80
007FFFFF80
03FFFFFF80
0FFFFFFF80
1FFFFFFF80
3FFC003F80
7FC0003F80
7F80003F80
FF00003F80
FF00003F80
FE00003F80
FE00007F80
FE00007F80
FF0000FF80
FF0000FF80
7F8001FF80
7FC003FF80
3FE00FFF80
3FFFFFBF80
1FFFFF3F80
0FFFFE3F80
03FFFC3F80
00FFF01F00
000F800400
ENDCHAR
STARTCHAR uni1EA6
ENCODING 7846
SWIDTH 733 0
DWIDTH 59 0
BBX 53 83 3 -1
BITMAP
00000001E00000
00000003F00000
00000003F00000
00000001F80000
00000001F80000
00000000FC0000
000000007C0000
000000F83E0000
000001FC3F0000
000003FE1F0000
000007FF0F8000
00000FFF078000
00000FDF878000
00001F9FC30000
00003F8FC00000
00003F07E00000
00007E03F00000
0000FC01F00000
0000F800F80000
0001F000780000
0000E000780000
00004000100000
00000000000000
00000000000000
00000000000000
000000F0000000
000001FC000000
000003FC000000
000003FE000000
000007FE000000
000007FF000000
000007FF000000
00000FFF800000
00000FFF800000
00001FDF800000
00001FDFC00000
00003F9FC00000
00003F8FE00000
00007F0FE00000
00007F07F00000
00007E07F00000
0000FE03F80000
0000FE03F80000
0001FC03F80000
0001FC01FC0000
0003F801FC0000
0003F800FE0000
0003F800FE0000
0007F0007F0000
0007F0007F0000
000FE0007F8000
000FE0003F8000
001FC0003F8000
001FC0001FC000
003FC0001FC000
003F80000FE000
003F80000FE000
007F00000FF000
007F000007F000
00FE000007F000
00FE000003F800
01FE000003F800
01FFFFFFFFFC00
03FFFFFFFFFC00
03FFFFFFFFFE00
03FFFFFFFFFE00
07FFFFFFFFFF00
07FFFFFFFFFF00
0FF00000007F00
0FE00000007F80
1FE00000003F80
1FC00000003FC0
3FC00000001FC0
3F800000001FE0
3F800000000FE0
7F800000000FF0
7F000000000FF0
FF0000000007F0
FE0000000007F8
FE0000000003F8
FC0000000003F8
FC0000000001F8
20000000000040
ENDCHAR
STARTCHAR uni1EA7
ENCODING 7847
SWIDTH 533 0
DWIDTH 43 0
BBX 33 66 4 -1
BITMAP
000003C000
000003E000
000003F000
000003F000
000001F800
000000F800
000000FC00
0000F07E00
0003FC3E00
0007FC1F00
0007FE1F00
000FFF0F80
001FFF0780
001F9F8300
003F0FC000
007E07C000
007C07E000
00F803F000
01F801F000
01F000F800
01E0007800
0080002000
0000000000
0000000000
0000000000
0001F00000
003FFF8000
01FFFFE000
0FFFFFF800
1FFFFFFC00
3FFFFFFC00
3FF807FE00
3FC001FF00
1E0000FF00
0000007F00
0000007F80
0000003F80
0000003F80
0000003F80
0000003F80
0000003F80
0000003F80
00007FFF80
007FFFFF80
03FFFFFF80
0FFFFFFF80
1FFFFFFF80
3FFC003F80
7FC0003F80
7F80003F80
FF00003F80
FF00003F80
FE00003F80
FE00007F80
FE00007F80
FF0000FF80
FF0000FF80
7F8001FF80
7FC003FF80
3FE00FFF80
3FFFFFBF80
1FFFFF3F80
0FFFFE3F80
03FFFC3F80
00FFF01F00
000F800400
ENDCHAR
STARTCHAR uni1EA8
ENCODING 7848
SWIDTH 733 0
DWIDTH 59 0
BBX 53 83 3 -1
BITMAP
000000007F0000
00000001FFE000
00000003FFF000
00000003FFF000
0000000001F000
0000000001F000
0000000001F000
000000F801F000
000001FC03E000
000003FE07C000
000007FF0F8000
00000FFF1F0000
00000FDF9C0000
00001F9FC00000
00003F8FC00000
00003F07E00000
00007E03F00000
0000FC01F00000
0000F800F80000
0001F000780000
0000E000780000
00004000100000
00000000000000
00000000000000
00000000000000
000000F0000000
000001FC000000
000003FC000000
000003FE000000
000007FE000000
000007FF000000
000007FF000000
00000FFF800000
00000FFF800000
00001FDF800000
00001FDFC00000
00003F9FC00000
00003F8FE00000
00007F0FE00000
00007F07F00000
00007E07F00000
0000FE03F80000
0000FE03F80000
0001FC03F80000
0001FC01FC0000
0003F801FC0000
0003F800FE0000
0003F800FE0000
0007F0007F0000
0007F0007F0000
000FE0007F8000
000FE0003F8000
001FC0003F8000
001FC0001FC000
003FC0001FC000
003F80000FE000
003F80000FE000
007F00000FF000
007F000007F000
00FE000007F000
00FE000003F800
01FE000003F800
01FFFFFFFFFC00
03FFFFFFFFFC00
03FFFFFFFFFE00
03FFFFFFFFFE00
07FFFFFFFFFF00
07FFFFFFFFFF00
0FF00000007F00
0FE00000007F80
1FE00000003F80
1FC00000003FC0
3FC00000001FC0
3F800000001FE0
3F800000000FE0
7F800000000FF0
7F000000000FF0
FF0000000007F0
FE0000000007F8
FE0000000003F8
FC0000000003F8
FC0000000001F8
20000000000040
ENDCHAR
STARTCHAR uni1EA9
ENCODING 7849
SWIDTH 533 0
DWIDTH 43 0
BBX 36 66 4 -1
BITMAP
0000007F00
000003FFC0
000003FFE0
000003FFF0
00000003F0
00000001F0
00000001F0
0000F003E0
0003FC03E0
0007FC07C0
0007FE1F80
000FFF3F00
001FFF1C00
001F9F8000
003F0FC000
007E07C000
007C07E000
00F803F000
01F801F000
01F000F800
01E0007800
0080002000
0000000000
0000000000
0000000000
0001F00000
003FFF8000
01FFFFE000
0FFFFFF800
1FFFFFFC00
3FFFFFFC00
3FF807FE00
3FC001FF00
1E0000FF00
0000007F00
0000007F80
0000003F80
0000003F80
0000003F80
0000003F80
0000003F80
0000003F80
00007FFF80
007FFFFF80
03FFFFFF80
0FFFFFFF80
1FFFFFFF80
3FFC003F80
7FC0003F80
7F80003F80
FF00003F80
FF00003F80
FE00003F80
FE00007F80
FE00007F80
FF0000FF80
FF0000FF80
7F8001FF80
7FC003FF80
3FE00FFF80
3FFFFFBF80
1FFFFF3F80
0FFFFE3F80
03FFFC3F80
00FFF01F00
000F800400
ENDCHAR
STARTCHAR uni1EAA
ENCODING 7850
SWIDTH 733 0
DWIDTH 59 0
BBX 53 83 3 -1
BITMAP
00003F001E0000
0000FFC01E0000
0001FFF01E0000
0001FFF87E0000
0003F1FFFC0000
0003C07FF80000
0003C03FF80000
0003800FE00000
00000000000000
00000000000000
000001FC000000
000003FE000000
000007FF000000
00000FFF000000
00001FDF800000
00001F8FC00000
00003F07E00000
00007E03F00000
0000FC01F80000
0001F000F80000
0000E000780000
00004000100000
00000000000000
00000000000000
00000000000000
000000F0000000
000001FC000000
000003FC000000
000003FE000000
000007FE000000
000007FF000000
000007FF000000
00000FFF800000
00000FFF800000
00001FDF800000
00001FDFC00000
00003F9FC00000
00003F8FE00000
00007F0FE00000
00007F07F00000
00007E07F00000
0000FE03F80000
0000FE03F80000
0001FC03F80000
0001FC01FC0000
0003F801FC0000
0003F800FE0000
0003F800FE0000
0007F0007F0000
0007F0007F0000
000FE0007F8000
000FE0003F8000
001FC0003F8000
001FC0001FC000
003FC0001FC000
003F80000FE000
003F80000FE000
007F00000FF000
007F000007F000
00FE000007F000
00FE000003F800
01FE000003F800
01FFFFFFFFFC00
03FFFFFFFFFC00
03FFFFFFFFFE00
03FFFFFFFFFE00
07FFFFFFFFFF00
07FFFFFFFFFF00
0FF00000007F00
0FE00000007F80
1FE00000003F80
1FC00000003FC0
3FC00000001FC0
3F800000001FE0
3F800000000FE0
7F800000000FF0
7F000000000FF0
FF0000000007F0
FE0000000007F8
FE0000000003F8
FC0000000003F8
FC0000000001F8
20000000000040
ENDCHAR
STARTCHAR uni1EAB
ENCODING 7851
SWIDTH 533 0
DWIDTH 43 0
BBX 33 66 4 -1
BITMAP
003F001C00
00FFC03E00
01FFE03C00
03FFF87C00
03E1FFFC00
07C0FFF800
07803FF000
03800FC000
0000000000
0000000000
0001F80000
0003FC0000
0007FE0000
000FFF0000
001FFF8000
003F1FC000
007E0FC000
00FC07E000
00F801F000
01F000F800
01E0007800
0080003000
0000000000
0000000000
0000000000
0001F00000
003FFF8000
01FFFFE000
0FFFFFF800
1FFFFFFC00
3FFFFFFC00
3FF807FE00
3FC001FF00
1E0000FF00
0000007F00
0000007F80
0000003F80
0000003F80
0000003F80
0000003F80
0000003F80
0000003F80
00007FFF80
007FFFFF80
03FFFFFF80
0FFFFFFF80
1FFFFFFF80
3FFC003F80
7FC0003F80
7F80003F80
FF00003F80
FF00003F80
FE00003F80
FE00007F80
FE00007F80
FF0000FF80
FF0000FF80
7F8001FF80
7FC003FF80
3FE00FFF80
3FFFFFBF80
1FFFFF3F80
0FFFFE3F80
03FFFC3F80
00FFF01F00
000F800400
ENDCHAR
STARTCHAR uni1EAC
ENCODING 7852
SWIDTH 733 0
DWIDTH 59 0
BBX 53 92 3 -16
BITMAP
00000070000000
000001FC000000
000003FE000000
000007FE000000
000007FF000000
00000FFF800000
00001FDFC00000
00003F8FC00000
00003F07E00000
00007E03F00000
0000FC03F80000
0001F801F80000
0001F800FC0000
0001F0007C0000
0001E0003C0000
00000000000000
00000000000000
00000000000000
00000000000000
000000F0000000
000001FC000000
000003FC000000
000003FE000000
000007FE000000
000007FF000000
000007FF000000
00000FFF800000
00000FFF800000
00001FDF800000
00001FDFC00000
00003F9FC00000
00003F8FE00000
00007F0FE00000
00007F07F00000
00007E07F00000
0000FE03F80000
0000FE03F80000
0001FC03F80000
0001FC01FC0000
0003F801FC0000
0003F800FE0000
0003F800FE0000
0007F0007F0000
0007F0007F0000
000FE0007F8000
000FE0003F8000
001FC0003F8000
001FC0001FC000
003FC0001FC000
003F80000FE000
003F80000FE000
007F00000FF000
007F000007F000
00FE000007F000
00FE000003F800
01FE000003F800
01FFFFFFFFFC00
03FFFFFFFFFC00
03FFFFFFFFFE00
03FFFFFFFFFE00
07FFFFFFFFFF00
07FFFFFFFFFF00
0FF00000007F00
0FE00000007F80
1FE00000003F80
1FC00000003FC0
3FC00000001FC0
3F800000001FE0
3F800000000FE0
7F800000000FF0
7F000000000FF0
FF0000000007F0
FE0000000007F8
FE0000000003F8
FC0000000003F8
FC0000000001F8
20000000000040
00000000000000
00000000000000
00000000000000
00000000000000
00000000000000
00000000000000
00000020000000
000001FC000000
000003FC000000
000003FE000000
000003FE000000
000003FE000000
000001FC000000
000001FC000000
00000030000000
ENDCHAR
STARTCHAR uni1EAD
ENCODING 7853
SWIDTH 533 0
DWIDTH 43 0
BBX 33 77 4 -16
BITMAP
0001F80000
0003FC0000
0007FC0000
0007FE0000
000FFE0000
000FFF0000
001F9F0000
001F1F8000
003F0F8000
003E0FC000
007E07E000
007C03E000
00F803F000
01F801F000
01F000F800
01E000F800
01E0007800
0080002000
0000000000
0000000000
0000000000
0001F00000
003FFF8000
01FFFFE000
0FFFFFF800
1FFFFFFC00
3FFFFFFC00
3FF807FE00
3FC001FF00
1E0000FF00
0000007F00
0000007F80
0000003F80
0000003F80
0000003F80
0000003F80
0000003F80
0000003F80
00007FFF80
007FFFFF80
03FFFFFF80
0FFFFFFF80
1FFFFFFF80
3FFC003F80
7FC0003F80
7F80003F80
FF00003F80
FF00003F80
FE00003F80
FE00007F80
FE00007F80
FF0000FF80
FF0000FF80
7F8001FF80
7FC003FF80
3FE00FFF80
3FFFFFBF80
1FFFFF3F80
0FFFFE3F80
03FFFC3F80
00FFF01F00
000F800400
0000000000
0000000000
0000000000
0000000000
0000000000
0000000000
0000600000
0003F80000
0003F80000
0007FC0000
0007FC0000
0007FC0000
0003F80000
0003F80000
0000400000
ENDCHAR
STARTCHAR uni1EAE
ENCODING 7854
SWIDTH 733 0
DWIDTH 59 0
BBX 53 83 3 -1
BITMAP
00000003E00000
00000003E00000
00000007E00000
0000000FE00000
0000000FC00000
0000001FC00000
0000001F800000
0000003F000000
0001007E0C0000
0003C07C1E0000
0003C0F81E0000
0003C0F83E0000
0003E0703E0000
0001E0007C0000
0001F000FC0000
0000FC01F80000
0000FF8FF80000
00007FFFF00000
00003FFFE00000
00000FFF800000
000003FE000000
00000000000000
00000000000000
00000000000000
00000000000000
000000F0000000
000001FC000000
000003FC000000
000003FE000000
000007FE000000
000007FF000000
000007FF000000
00000FFF800000
00000FFF800000
00001FDF800000
00001FDFC00000
00003F9FC00000
00003F8FE00000
00007F0FE00000
00007F07F00000
00007E07F00000
0000FE03F80000
0000FE03F80000
0001FC03F80000
0001FC01FC0000
0003F801FC0000
0003F800FE0000
0003F800FE0000
0007F0007F0000
0007F0007F0000
000FE0007F8000
000FE0003F8000
001FC0003F8000
001FC0001FC000
003FC0001FC000
003F80000FE000
003F80000FE000
007F00000FF000
007F000007F000
00FE000007F000
00FE000003F800
01FE000003F800
01FFFFFFFFFC00
03FFFFFFFFFC00
03FFFFFFFFFE00
03FFFFFFFFFE00
07FFFFFFFFFF00
07FFFFFFFFFF00
0FF00000007F00
0FE00000007F80
1FE00000003F80
1FC00000003FC0
3FC00000001FC0
3F800000001FE0
3F800000000FE0
7F800000000FF0
7F000000000FF0
FF0000000007F0
FE0000000007F8
FE0000000003F8
FC0000000003F8
FC0000000001F8
20000000000040
ENDCHAR
STARTCHAR uni1EAF
ENCODING 7855
SWIDTH 533 0
DWIDTH 43 0
BBX 33 67 4 -1
BITMAP
0000018000
000003C000
000007E000
00000FE000
00000FC000
00001FC000
00001F8000
00003F0000
00007E0000
03007C1C00
0780FC1C00
0780F83C00
07C0F03C00
03C0607C00
03E0007C00
01F000F800
01F803F800
00FFBFF000
007FFFE000
003FFFC000
001FFF0000
0003FC0000
0000000000
0000000000
0000000000
0000000000
0001F00000
003FFF8000
01FFFFE000
0FFFFFF800
1FFFFFFC00
3FFFFFFC00
3FF807FE00
3FC001FF00
1E0000FF00
0000007F00
0000007F80
0000003F80
0000003F80
0000003F80
0000003F80
0000003F80
0000003F80
00007FFF80
007FFFFF80
03FFFFFF80
0FFFFFFF80
1FFFFFFF80
3FFC003F80
7FC0003F80
7F80003F80
FF00003F80
FF00003F80
FE00003F80
FE00007F80
FE00007F80
FF0000FF80
FF0000FF80
7F8001FF80
7FC003FF80
3FE00FFF80
3FFFFFBF80
1FFFFF3F80
0FFFFE3F80
03FFFC3F80
00FFF01F00
000F800400
ENDCHAR
STARTCHAR uni1EB0
ENCODING 7856
SWIDTH 733 0
DWIDTH 59 0
BBX 53 83 3 -1
BITMAP
00003C00000000
00007E00000000
00007F00000000
00003F00000000
00003F80000000
00001FC0000000
00000FC0000000
000007E0000000
000103E00C0000
0003C3F01E0000
0003C1F01E0000
0003C0F03E0000
0003E0603E0000
0003E0007C0000
0001F000FC0000
0001FC01F80000
0000FF8FF80000
00007FFFF00000
00003FFFE00000
00001FFF800000
000003FE000000
00000000000000
00000000000000
00000000000000
00000000000000
000000F0000000
000001FC000000
000003FC000000
000003FE000000
000007FE000000
000007FF000000
000007FF000000
00000FFF800000
00000FFF800000
00001FDF800000
00001FDFC00000
00003F9FC00000
00003F8FE00000
00007F0FE00000
00007F07F00000
00007E07F00000
0000FE03F80000
0000FE03F80000
0001FC03F80000
0001FC01FC0000
0003F801FC0000
0003F800FE0000
0003F800FE0000
0007F0007F0000
0007F0007F0000
000FE0007F8000
000FE0003F8000
001FC0003F8000
001FC0001FC000
003FC0001FC000
003F80000FE000
003F80000FE000
007F00000FF000
007F000007F000
00FE000007F000
00FE000003F800
01FE000003F800
01FFFFFFFFFC00
03FFFFFFFFFC00
03FFFFFFFFFE00
03FFFFFFFFFE00
07FFFFFFFFFF00
07FFFFFFFFFF00
0FF00000007F00
0FE00000007F80
1FE00000003F80
1FC00000003FC0
3FC00000001FC0
3F800000001FE0
3F800000000FE0
7F800000000FF0
7F000000000FF0
FF0000000007F0
FE0000000007F8
FE0000000003F8
FC0000000003F8
FC0000000001F8
20000000000040
ENDCHAR
STARTCHAR uni1EB1
ENCODING 7857
SWIDTH 533 0
DWIDTH 43 0
BBX 33 67 4 -1
BITMAP
0018000000
007C000000
007E000000
007E000000
007F000000
003F800000
001F800000
000FC00000
000FC00000
0307E01800
0783F01C00
0781F03C00
07C0F03C00
03C0407C00
03E0007C00
03F000F800
01F803F800
00FFBFF000
007FFFE000
003FFFC000
001FFF0000
0003FC0000
0000000000
0000000000
0000000000
0000000000
0001F00000
003FFF8000
01FFFFE000
0FFFFFF800
1FFFFFFC00
3FFFFFFC00
3FF807FE00
3FC001FF00
1E0000FF00
0000007F00
0000007F80
0000003F80
0000003F80
0000003F80
0000003F80
0000003F80
0000003F80
00007FFF80
007FFFFF80
03FFFFFF80
0FFFFFFF80
1FFFFFFF80
3FFC003F80
7FC0003F80
7F80003F80
FF00003F80
FF00003F80
FE00003F80
FE00007F80
FE00007F80
FF0000FF80
FF0000FF80
7F8001FF80
7FC003FF80
3FE00FFF80
3FFFFFBF80
1FFFFF3F80
0FFFFE3F80
03FFFC3F80
00FFF01F00
000F800400
ENDCHAR
STARTCHAR uni1EB2
ENCODING 7858
SWIDTH 733 0
DWIDTH 59 0
BBX 53 83 3 -1
BITMAP
000003FE000000
00000FFF800000
00000FFF800000
00000FFFC00000
0000000FC00000
00000007C00000
00000007C00000
0000000F800000
0001001F0C0000
0003C03F1E0000
0003C07C1E0000
0003C0783E0000
0003E0203E0000
0003E0007C0000
0001F000FC0000
0001FC01F80000
0000FF8FF80000
00007FFFF00000
00003FFFE00000
00001FFF800000
000003FE000000
00000000000000
00000000000000
00000000000000
00000000000000
000000F0000000
000001FC000000
000003FC000000
000003FE000000
000007FE000000
000007FF000000
000007FF000000
00000FFF800000
00000FFF800000
00001FDF800000
00001FDFC00000
00003F9FC00000
00003F8FE00000
00007F0FE00000
00007F07F00000
00007E07F00000
0000FE03F80000
0000FE03F80000
0001FC03F80000
0001FC01FC0000
0003F801FC0000
0003F800FE0000
0003F800FE0000
0007F0007F0000
0007F0007F0000
000FE0007F8000
000FE0003F8000
001FC0003F8000
001FC0001FC000
003FC0001FC000
003F80000FE000
003F80000FE000
007F00000FF000
007F000007F000
00FE000007F000
00FE000003F800
01FE000003F800
01FFFFFFFFFC00
03FFFFFFFFFC00
03FFFFFFFFFE00
03FFFFFFFFFE00
07FFFFFFFFFF00
07FFFFFFFFFF00
0FF00000007F00
0FE00000007F80
1FE00000003F80
1FC00000003FC0
3FC00000001FC0
3F800000001FE0
3F800000000FE0
7F800000000FF0
7F000000000FF0
FF0000000007F0
FE0000000007F8
FE0000000003F8
FC0000000003F8
FC0000000001F8
20000000000040
ENDCHAR
STARTCHAR uni1EB3
ENCODING 7859
SWIDTH 533 0
DWIDTH 43 0
BBX 33 66 4 -1
BITMAP
0007FE0000
001FFF0000
001FFF8000
000F3F8000
00000F8000
00000F8000
00000F8000
00000F8000
03001F1800
07807E1C00
0780FC3C00
07C0F03C00
03C0007C00
03E0007C00
03F000F800
01F803F800
00FFBFF000
007FFFE000
003FFFC000
001FFF0000
0003FC0000
0000000000
0000000000
0000000000
0000000000
0001F00000
003FFF8000
01FFFFE000
0FFFFFF800
1FFFFFFC00
3FFFFFFC00
3FF807FE00
3FC001FF00
1E0000FF00
0000007F00
0000007F80
0000003F80
0000003F80
0000003F80
0000003F80
0000003F80
0000003F80
00007FFF80
007FFFFF80
03FFFFFF80
0FFFFFFF80
1FFFFFFF80
3FFC003F80
7FC0003F80
7F80003F80
FF00003F80
FF00003F80
FE00003F80
FE00007F80
FE00007F80
FF0000FF80
FF0000FF80
7F8001FF80
7FC003FF80
3FE00FFF80
3FFFFFBF80
1FFFFF3F80
0FFFFE3F80
03FFFC3F80
00FFF01F00
000F800400
ENDCHAR
STARTCHAR uni1EB4
ENCODING 7860
SWIDTH 733 0
DWIDTH 59 0
BBX 53 83 3 -1
BITMAP
00003F000E0000
0000FFC01E0000
0001FFF01E0000
0001FFF83E0000
0003F1FFFC0000
0003C07FFC0000
0003C03FF80000
0003800FE00000
00000000000000
00000000000000
00000000000000
00008000080000
0003C0001E0000
0003E0003E0000
0003F0007C0000
0001F800FC0000
0000FF07F80000
0000FFFFF00000
00003FFFE00000
00001FFFC00000
000007FE000000
00000000000000
00000000000000
00000000000000
00000000000000
000000F0000000
000001FC000000
000003FC000000
000003FE000000
000007FE000000
000007FF000000
000007FF000000
00000FFF800000
00000FFF800000
00001FDF800000
00001FDFC00000
00003F9FC00000
00003F8FE00000
00007F0FE00000
00007F07F00000
00007E07F00000
0000FE03F80000
0000FE03F80000
0001FC03F80000
0001FC01FC0000
0003F801FC0000
0003F800FE0000
0003F800FE0000
0007F0007F0000
0007F0007F0000
000FE0007F8000
000FE0003F8000
001FC0003F8000
001FC0001FC000
003FC0001FC000
003F80000FE000
003F80000FE000
007F00000FF000
007F000007F000
00FE000007F000
00FE000003F800
01FE000003F800
01FFFFFFFFFC00
03FFFFFFFFFC00
03FFFFFFFFFE00
03FFFFFFFFFE00
07FFFFFFFFFF00
07FFFFFFFFFF00
0FF00000007F00
0FE00000007F80
1FE00000003F80
1FC00000003FC0
3FC00000001FC0
3F800000001FE0
3F800000000FE0
7F800000000FF0
7F000000000FF0
FF0000000007F0
FE0000000007F8
FE0000000003F8
FC0000000003F8
FC0000000001F8
20000000000040
ENDCHAR
STARTCHAR uni1EB5
ENCODING 7861
SWIDTH 533 0
DWIDTH 43 0
BBX 33 66 4 -1
BITMAP
003F001C00
00FFC03E00
01FFE03C00
03FFF87C00
03E1FFFC00
07C0FFF800
07803FF000
03800FC000
0000000000
0000000000
0000000000
0180001800
03C0003C00
03C0007C00
03E000FC00
03F801F800
01FF9FF000
00FFFFF000
007FFFC000
001FFF8000
0007FC0000
0000000000
0000000000
0000000000
0000000000
0001F00000
003FFF8000
01FFFFE000
0FFFFFF800
1FFFFFFC00
3FFFFFFC00
3FF807FE00
3FC001FF00
1E0000FF00
0000007F00
0000007F80
0000003F80
0000003F80
0000003F80
0000003F80
0000003F80
0000003F80
00007FFF80
007FFFFF80
03FFFFFF80
0FFFFFFF80
1FFFFFFF80
3FFC003F80
7FC0003F80
7F80003F80
FF00003F80
FF00003F80
FE00003F80
FE00007F80
FE00007F80
FF0000FF80
FF0000FF80
7F8001FF80
7FC003FF80
3FE00FFF80
3FFFFFBF80
1FFFFF3F80
0FFFFE3F80
03FFFC3F80
00FFF01F00
000F800400
ENDCHAR
STARTCHAR uni1EB6
ENCODING 7862
SWIDTH 733 0
DWIDTH 59 0
BBX 53 91 3 -16
BITMAP
000300000E0000
000780001F0000
0007C0001F0000
0007C0001F0000
0007C0001E0000
0003E0003E0000
0003E0007E0000
0001F000FC0000
0001FC01FC0000
0000FFFFF80000
00007FFFF00000
00003FFFE00000
00001FFF800000
000003FE000000
00000000000000
00000000000000
00000000000000
00000000000000
000000F0000000
000001FC000000
000003FC000000
000003FE000000
000007FE000000
000007FF000000
000007FF000000
00000FFF800000
00000FFF800000
00001FDF800000
00001FDFC00000
00003F9FC00000
00003F8FE00000
00007F0FE00000
00007F07F00000
00007E07F00000
0000FE03F80000
0000FE03F80000
0001FC03F80000
0001FC01FC0000
0003F801FC0000
0003F800FE0000
0003F800FE0000
0007F0007F0000
0007F0007F0000
000FE0007F8000
000FE0003F8000
001FC0003F8000
001FC0001FC000
003FC0001FC000
003F80000FE000
003F80000FE000
007F00000FF000
007F000007F000
00FE000007F000
00FE000003F800
01FE000003F800
01FFFFFFFFFC00
03FFFFFFFFFC00
03FFFFFFFFFE00
03FFFFFFFFFE00
07FFFFFFFFFF00
07FFFFFFFFFF00
0FF00000007F00
0FE00000007F80
1FE00000003F80
1FC00000003FC0
3FC00000001FC0
3F800000001FE0
3F800000000FE0
7F800000000FF0
7F000000000FF0
FF0000000007F0
FE0000000007F8
FE0000000003F8
FC0000000003F8
FC0000000001F8
20000000000040
00000000000000
00000000000000
00000000000000
00000000000000
00000000000000
00000000000000
00000020000000
000001FC000000
000003FC000000
000003FE000000
000003FE000000
000003FE000000
000001FC000000
000001FC000000
00000030000000
ENDCHAR
STARTCHAR uni1EB7
ENCODING 7863
SWIDTH 533 0
DWIDTH 43 0
BBX 33 76 4 -16
BITMAP
0380001800
03C0003C00
07C0003C00
07C0003C00
03C0007C00
03E0007C00
03E0007C00
01F000F800
01F000F800
01F801F000
00FE07F000
007FFFE000
007FFFC000
003FFF8000
000FFF0000
0003FC0000
0000000000
0000000000
0000000000
0000000000
0001F00000
003FFF8000
01FFFFE000
0FFFFFF800
1FFFFFFC00
3FFFFFFC00
3FF807FE00
3FC001FF00
1E0000FF00
0000007F00
0000007F80
0000003F80
0000003F80
0000003F80
0000003F80
0000003F80
0000003F80
00007FFF80
007FFFFF80
03FFFFFF80
0FFFFFFF80
1FFFFFFF80
3FFC003F80
7FC0003F80
7F80003F80
FF00003F80
FF00003F80
FE00003F80
FE00007F80
FE00007F80
FF0000FF80
FF0000FF80
7F8001FF80
7FC003FF80
3FE00FFF80
3FFFFFBF80
1FFFFF3F80
0FFFFE3F80
03FFFC3F80
00FFF01F00
000F800400
0000000000
0000000000
0000000000
0000000000
0000000000
0000000000
0000600000
0003F80000
0003F80000
0007FC0000
0007FC0000
0007FC0000
0003F80000
0003F80000
0000400000
ENDCHAR
STARTCHAR uni1EB8
ENCODING 7864
SWIDTH 586 0
DWIDTH 47 0
BBX 36 72 7 -16
BITMAP
7FFFFFFFF0
FFFFFFFFF0
FFFFFFFFF0
FFFFFFFFF0
FFFFFFFFF0
FFFFFFFFC0
FE00000000
FE00000000
FE00000000
FE00000000
FE00000000
FE00000000
FE00000000
FE00000000
FE00000000
FE00000000
FE00000000
FE00000000
FE00000000
FE00000000
FE00000000
FE00000000
FE00000000
FE00000000
FFFFFFFF80
FFFFFFFFC0
FFFFFFFFE0
FFFFFFFFE0
FFFFFFFFE0
FFFFFFFFC0
FE00000000
FE00000000
FE00000000
FE00000000
FE00000000
FE00000000
FE00000000
FE00000000
FE00000000
FE00000000
FE00000000
FE00000000
FE00000000
FE00000000
FE00000000
FE00000000
FE00000000
FE00000000
FE00000000
FE00000000
FFFFFFFFE0
FFFFFFFFF0
FFFFFFFFF0
FFFFFFFFF0
FFFFFFFFF0
3FFFFFFFE0
0000000000
0000000000
0000000000
0000000000
0000000000
0000000000
0000000000
0000100000
0000FC0000
0001FE0000
0001FE0000
0001FE0000
0001FE0000
0001FE0000
0000FC0000
0000300000
ENDCHAR
STARTCHAR uni1EB9
ENCODING 7865
SWIDTH 534 0
DWIDTH 43 0
BBX 36 56 4 -16
BITMAP
0000F80000
000FFF8000
007FFFE000
00FFFFF800
03FFFFFC00
07FFFFFE00
0FFC01FF00
0FF0007F80
1FE0003F80
3FC0001FC0
3F80000FC0
7F00000FC0
7F00000FE0
FF000007E0
FE000007E0
FE000007E0
FE000007E0
FE000007E0
FFFFFFFFE0
FFFFFFFFF0
FFFFFFFFE0
FFFFFFFFE0
FE00000000
FE00000000
FE00000000
FE00000000
FE00000000
FF00000000
7F00000000
7F80000000
3F80000000
3FC0000180
1FE00007E0
1FF8000FE0
0FFF00FFE0
07FFFFFFC0
03FFFFFFC0
00FFFFFF00
007FFFFC00
000FFFF000
0000FE0000
0000000000
0000000000
0000000000
0000000000
0000000000
0000000000
0000200000
0001FC0000
0001FC0000
0003FE0000
0003FE0000
0003FE0000
0001FC0000
0001FC0000
0000200000
ENDCHAR
STARTCHAR uni1EBA
ENCODING 7866
SWIDTH 586 0
DWIDTH 47 0
BBX 36 76 7 0
BITMAP
0000100000
0007FF8000
000FFFC000
000FFFE000
000FFFE000
000007E000
000007E000
000007E000
00000FC000
00001F8000
00003F0000
00007C0000
00007C0000
00007C0000
0000780000
0000000000
0000000000
0000000000
0000000000
0000000000
7FFFFFFFF0
FFFFFFFFF0
FFFFFFFFF0
FFFFFFFFF0
FFFFFFFFF0
FFFFFFFFC0
FE00000000
FE00000000
FE00000000
FE00000000
FE00000000
FE00000000
FE00000000
FE00000000
FE00000000
FE00000000
FE00000000
FE00000000
FE00000000
FE00000000
FE00000000
FE00000000
FE00000000
FE00000000
FFFFFFFF80
FFFFFFFFC0
FFFFFFFFE0
FFFFFFFFE0
FFFFFFFFE0
FFFFFFFFC0
FE00000000
FE00000000
FE00000000
FE00000000
FE00000000
FE00000000
FE00000000
FE00000000
FE00000000
FE00000000
FE00000000
FE00000000
FE00000000
FE00000000
FE00000000
FE00000000
FE00000000
FE00000000
FE00000000
FE00000000
FFFFFFFFE0
FFFFFFFFF0
FFFFFFFFF0
FFFFFFFFF0
FFFFFFFFF0
3FFFFFFFE0
ENDCHAR
STARTCHAR uni1EBB
ENCODING 7867
SWIDTH 534 0
DWIDTH 43 0
BBX 36 62 4 -1
BITMAP
0001FC0000
000FFF8000
001FFFC000
001FFFC000
001F1FE000
000007E000
000007E000
000007E000
00000FC000
00001F8000
00003F0000
00007E0000
00007C0000
0000F80000
0000F80000
0000F80000
0000F80000
0000000000
0000000000
0000000000
0000000000
0000F80000
000FFF8000
007FFFE000
00FFFFF800
03FFFFFC00
07FFFFFE00
0FFC01FF00
0FF0007F80
1FE0003F80
3FC0001FC0
3F80000FC0
7F00000FC0
7F00000FE0
FF000007E0
FE000007E0
FE000007E0
FE000007E0
FE000007E0
FFFFFFFFE0
FFFFFFFFF0
FFFFFFFFE0
FFFFFFFFE0
FE00000000
FE00000000
FE00000000
FE00000000
FE00000000
FF00000000
7F00000000
7F80000000
3F80000000
3FC0000180
1FE00007E0
1FF8000FE0
0FFF00FFE0
07FFFFFFC0
03FFFFFFC0
00FFFFFF00
007FFFFC00
000FFFF000
0000FE0000
ENDCHAR
STARTCHAR uni1EBC
ENCODING 7868
SWIDTH 586 0
DWIDTH 47 0
BBX 36 74 7 0
BITMAP
00180000E0
01FF0000F0
03FFC001F0
07FFF001E0
0FFFFC03E0
0FEFFE07E0
1F01FFFFC0
1F007FFFC0
3E003FFF80
3E000FFF00
3C0003FC00
1C00000000
0000000000
0000000000
0000000000
0000000000
0000000000
0000000000
7FFFFFFFF0
FFFFFFFFF0
FFFFFFFFF0
FFFFFFFFF0
FFFFFFFFF0
FFFFFFFFC0
FE00000000
FE00000000
FE00000000
FE00000000
FE00000000
FE00000000
FE00000000
FE00000000
FE00000000
FE00000000
FE00000000
FE00000000
FE00000000
FE00000000
FE00000000
FE00000000
FE00000000
FE00000000
FFFFFFFF80
FFFFFFFFC0
FFFFFFFFE0
FFFFFFFFE0
FFFFFFFFE0
FFFFFFFFC0
FE00000000
FE00000000
FE00000000
FE00000000
FE00000000
FE00000000
FE00000000
FE00000000
FE00000000
FE00000000
FE00000000
FE00000000
FE00000000
FE00000000
FE00000000
FE00000000
FE00000000
FE00000000
FE00000000
FE00000000
FFFFFFFFE0
FFFFFFFFF0
FFFFFFFFF0
FFFFFFFFF0
FFFFFFFFF0
3FFFFFFFE0
ENDCHAR
STARTCHAR uni1EBD
ENCODING 7869
SWIDTH 534 0
DWIDTH 43 0
BBX 36 60 4 -1
BITMAP
0000000300
007F000780
00FF800780
01FFE00F80
03FFF00F00
07FFF81F00
07C1FF7F00
07807FFE00
0F803FFE00
0F001FFC00
0F000FF000
0F00018000
0000000000
0000000000
0000000000
0000000000
0000000000
0000000000
0000000000
0000F80000
000FFF8000
007FFFE000
00FFFFF800
03FFFFFC00
07FFFFFE00
0FFC01FF00
0FF0007F80
1FE0003F80
3FC0001FC0
3F80000FC0
7F00000FC0
7F00000FE0
FF000007E0
FE000007E0
FE000007E0
FE000007E0
FE000007E0
FFFFFFFFE0
FFFFFFFFF0
FFFFFFFFE0
FFFFFFFFE0
FE00000000
FE00000000
FE00000000
FE00000000
FE00000000
FF00000000
7F00000000
7F80000000
3F80000000
3FC0000180
1FE00007E0
1FF8000FE0
0FFF00FFE0
07FFFFFFC0
03FFFFFFC0
00FFFFFF00
007FFFFC00
000FFFF000
0000FE0000
ENDCHAR
STARTCHAR uni1EBE
ENCODING 7870
SWIDTH 586 0
DWIDTH 47 0
BBX 38 82 7 0
BITMAP
000000003C
000000007C
00000000FC
00000000FC
00000001F8
00000001F8
00000003F0
00007C03E0
0001FE07C0
0003FF0FC0
0003FF0F80
0007FF8F00
000FFFCE00
000FCFCC00
001F87E000
003F03F000
003E01F000
007E01F800
00FC00FC00
00F8007C00
00F0003C00
0020000800
0000000000
0000000000
0000000000
0000000000
7FFFFFFFF0
FFFFFFFFF0
FFFFFFFFF0
FFFFFFFFF0
FFFFFFFFF0
FFFFFFFFC0
FE00000000
FE00000000
FE00000000
FE00000000
FE00000000
FE00000000
FE00000000
FE00000000
FE00000000
FE00000000
FE00000000
FE00000000
FE00000000
FE00000000
FE00000000
FE00000000
FE00000000
FE00000000
FFFFFFFF80
FFFFFFFFC0
FFFFFFFFE0
FFFFFFFFE0
FFFFFFFFE0
FFFFFFFFC0
FE00000000
FE00000000
FE00000000
FE00000000
FE00000000
FE00000000
FE00000000
FE00000000
FE00000000
FE00000000
FE00000000
FE00000000
FE00000000
FE00000000
FE00000000
FE00000000
FE00000000
FE00000000
FE00000000
FE00000000
FFFFFFFFE0
FFFFFFFFF0
FFFFFFFFF0
FFFFFFFFF0
FFFFFFFFF0
3FFFFFFFE0
ENDCHAR
STARTCHAR uni1EBF
ENCODING 7871
SWIDTH 534 0
DWIDTH 43 0
BBX 38 66 4 -1
BITMAP
0000000078
000000007C
00000000FC
00000001FC
00000001F8
00000003F0
00000003E0
0000F807E0
0001FC07C0
0003FE0F80
0007FF1F00
0007FF1F00
000FDF9E00
001FDFCC00
001F8FC000
003F07E000
007E03F000
007C01F000
00F800F800
00F0007800
00F0003800
0040001000
0000000000
0000000000
0000000000
0000F80000
000FFF8000
007FFFE000
00FFFFF800
03FFFFFC00
07FFFFFE00
0FFC01FF00
0FF0007F80
1FE0003F80
3FC0001FC0
3F80000FC0
7F00000FC0
7F00000FE0
FF000007E0
FE000007E0
FE000007E0
FE000007E0
FE000007E0
FFFFFFFFE0
FFFFFFFFF0
FFFFFFFFE0
FFFFFFFFE0
FE00000000
FE00000000
FE00000000
FE00000000
FE00000000
FF00000000
7F00000000
7F80000000
3F80000000
3FC0000180
1FE00007E0
1FF8000FE0
0FFF00FFE0
07FFFFFFC0
03FFFFFFC0
00FFFFFF00
007FFFFC00
000FFFF000
0000FE0000
ENDCHAR
STARTCHAR uni1EC0
ENCODING 7872
SWIDTH 586 0
DWIDTH 47 0
BBX 36 82 7 0
BITMAP
000000F000
000001F000
000001F800
000001F800
000000FC00
0000007E00
0000003E00
00007C3F00
0001FE1F00
0003FF0F80
0003FF0780
0007FF87C0
000FFFC3C0
000FCFC180
001F87E000
003F03F000
003E01F000
007E01F800
00FC00FC00
00F8007C00
00F0003C00
0020000800
0000000000
0000000000
0000000000
0000000000
7FFFFFFFF0
FFFFFFFFF0
FFFFFFFFF0
FFFFFFFFF0
FFFFFFFFF0
FFFFFFFFC0
FE00000000
FE00000000
FE00000000
FE00000000
FE00000000
FE00000000
FE00000000
FE00000000
FE00000000
FE00000000
FE00000000
FE00000000
FE00000000
FE00000000
FE00000000
FE00000000
FE00000000
FE00000000
FFFFFFFF80
FFFFFFFFC0
FFFFFFFFE0
FFFFFFFFE0
FFFFFFFFE0
FFFFFFFFC0
FE00000000
FE00000000
FE00000000
FE00000000
FE00000000
FE00000000
FE00000000
FE00000000
FE00000000
FE00000000
FE00000000
FE00000000
FE00000000
FE00000000
FE00000000
FE00000000
FE00000000
FE00000000
FE00000000
FE00000000
FFFFFFFFE0
FFFFFFFFF0
FFFFFFFFF0
FFFFFFFFF0
FFFFFFFFF0
3FFFFFFFE0
ENDCHAR
STARTCHAR uni1EC1
ENCODING 7873
SWIDTH 534 0
DWIDTH 43 0
BBX 36 66 4 -1
BITMAP
000001E000
000001F000
000003F000
000001F800
000000F800
000000FC00
0000007E00
0000F83E00
0001FC1F00
0003FE1F00
0007FF0F80
0007FF0780
000FDF8380
001FDFC300
001F8FC000
003F07E000
007E03F000
007C01F000
00F800F800
00F0007800
00F0003800
0040001000
0000000000
0000000000
0000000000
0000F80000
000FFF8000
007FFFE000
00FFFFF800
03FFFFFC00
07FFFFFE00
0FFC01FF00
0FF0007F80
1FE0003F80
3FC0001FC0
3F80000FC0
7F00000FC0
7F00000FE0
FF000007E0
FE000007E0
FE000007E0
FE000007E0
FE000007E0
FFFFFFFFE0
FFFFFFFFF0
FFFFFFFFE0
FFFFFFFFE0
FE00000000
FE00000000
FE00000000
FE00000000
FE00000000
FF00000000
7F00000000
7F80000000
3F80000000
3FC0000180
1FE00007E0
1FF8000FE0
0FFF00FFE0
07FFFFFFC0
03FFFFFFC0
00FFFFFF00
007FFFFC00
000FFFF000
0000FE0000
ENDCHAR
STARTCHAR uni1EC2
ENCODING 7874
SWIDTH 586 0
DWIDTH 47 0
BBX 37 82 7 0
BITMAP
0000003F80
000001FFE0
000001FFF0
000001FFF8
00000001F8
00000000F8
00000000F8
00007C01F0
0001FE01F0
0003FF03E0
0003FF0FC0
0007FF8F80
000FFFCE00
000FCFC000
001F87E000
003F03F000
003E01F000
007E01F800
00FC00FC00
00F8007C00
00F0003C00
0020000800
0000000000
0000000000
0000000000
0000000000
7FFFFFFFF0
FFFFFFFFF0
FFFFFFFFF0
FFFFFFFFF0
FFFFFFFFF0
FFFFFFFFC0
FE00000000
FE00000000
FE00000000
FE00000000
FE00000000
FE00000000
FE00000000
FE00000000
FE00000000
FE00000000
FE00000000
FE00000000
FE00000000
FE00000000
FE00000000
FE00000000
FE00000000
FE00000000
FFFFFFFF80
FFFFFFFFC0
FFFFFFFFE0
FFFFFFFFE0
FFFFFFFFE0
FFFFFFFFC0
FE00000000
FE00000000
FE00000000
FE00000000
FE00000000
FE00000000
FE00000000
FE00000000
FE00000000
FE00000000
FE00000000
FE00000000
FE00000000
FE00000000
FE00000000
FE00000000
FE00000000
FE00000000
FE00000000
FE00000000
FFFFFFFFE0
FFFFFFFFF0
FFFFFFFFF0
FFFFFFFFF0
FFFFFFFFF0
3FFFFFFFE0
ENDCHAR
STARTCHAR uni1EC3
ENCODING 7875
SWIDTH 534 0
DWIDTH 43 0
BBX 37 66 4 -1
BITMAP
0000003F00
000001FFE0
000003FFF0
000003FFF0
00000001F8
00000001F8
00000001F0
0000F801F0
0001FC03E0
0003FE07E0
0007FF0F80
0007FF1F00
000FDF9E00
001FDFC000
001F8FC000
003F07E000
007E03F000
007C01F000
00F800F800
00F0007800
00F0003800
0040001000
0000000000
0000000000
0000000000
0000F80000
000FFF8000
007FFFE000
00FFFFF800
03FFFFFC00
07FFFFFE00
0FFC01FF00
0FF0007F80
1FE0003F80
3FC0001FC0
3F80000FC0
7F00000FC0
7F00000FE0
FF000007E0
FE000007E0
FE000007E0
FE000007E0
FE000007E0
FFFFFFFFE0
FFFFFFFFF0
FFFFFFFFE0
FFFFFFFFE0
FE00000000
FE00000000
FE00000000
FE00000000
FE00000000
FF00000000
7F00000000
7F80000000
3F80000000
3FC0000180
1FE00007E0
1FF8000FE0
0FFF00FFE0
07FFFFFFC0
03FFFFFFC0
00FFFFFF00
007FFFFC00
000FFFF000
0000FE0000
ENDCHAR
STARTCHAR uni1EC4
ENCODING 7876
SWIDTH 586 0
DWIDTH 47 0
BBX 36 82 7 0
BITMAP
001F800E00
007FE00F00
00FFF01E00
01FFFC3E00
01F0FFFE00
01E03FFC00
03C01FF800
01C007F000
0000000000
0000000000
0000FC0000
0001FE0000
0003FF0000
0007FF8000
000FFFC000
001FCFE000
003F03F000
003E01F000
007C00F800
00F8007C00
00F0003C00
0020000800
0000000000
0000000000
0000000000
0000000000
7FFFFFFFF0
FFFFFFFFF0
FFFFFFFFF0
FFFFFFFFF0
FFFFFFFFF0
FFFFFFFFC0
FE00000000
FE00000000
FE00000000
FE00000000
FE00000000
FE00000000
FE00000000
FE00000000
FE00000000
FE00000000
FE00000000
FE00000000
FE00000000
FE00000000
FE00000000
FE00000000
FE00000000
FE00000000
FFFFFFFF80
FFFFFFFFC0
FFFFFFFFE0
FFFFFFFFE0
FFFFFFFFE0
FFFFFFFFC0
FE00000000
FE00000000
FE00000000
FE00000000
FE00000000
FE00000000
FE00000000
FE00000000
FE00000000
FE00000000
FE00000000
FE00000000
FE00000000
FE00000000
FE00000000
FE00000000
FE00000000
FE00000000
FE00000000
FE00000000
FFFFFFFFE0
FFFFFFFFF0
FFFFFFFFF0
FFFFFFFFF0
FFFFFFFFF0
3FFFFFFFE0
ENDCHAR
STARTCHAR uni1EC5
ENCODING 7877
SWIDTH 534 0
DWIDTH 43 0
BBX 36 66 4 -1
BITMAP
003F000E00
00FFC01E00
01FFF01E00
01FFFC7E00
03F1FFFC00
03C07FFC00
03C01FF800
03C00FE000
0000000000
0000000000
0001FC0000
0003FE0000
0007FF0000
000FFF8000
000FDF8000
001F8FC000
003F07E000
007E03F000
00FC01F800
00F800F800
00E0003800
0040001000
0000000000
0000000000
0000000000
0000F80000
000FFF8000
007FFFE000
00FFFFF800
03FFFFFC00
07FFFFFE00
0FFC01FF00
0FF0007F80
1FE0003F80
3FC0001FC0
3F80000FC0
7F00000FC0
7F00000FE0
FF000007E0
FE000007E0
FE000007E0
FE000007E0
FE000007E0
FFFFFFFFE0
FFFFFFFFF0
FFFFFFFFE0
FFFFFFFFE0
FE00000000
FE00000000
FE00000000
FE00000000
FE00000000
FF00000000
7F00000000
7F80000000
3F80000000
3FC0000180
1FE00007E0
1FF8000FE0
0FFF00FFE0
07FFFFFFC0
03FFFFFFC0
00FFFFFF00
007FFFFC00
000FFFF000
0000FE0000
ENDCHAR
STARTCHAR uni1EC6
ENCODING 7878
SWIDTH 586 0
DWIDTH 47 0
BBX 36 92 7 -16
BITMAP
0000780000
0000FC0000
0001FE0000
0003FF0000
0007FF8000
000FFFC000
000FCFC000
001F87E000
003F87F000
003F03F000
007E01F800
00FC00FC00
01F8007E00
01F0003E00
00F0001C00
0000000000
0000000000
0000000000
0000000000
0000000000
7FFFFFFFF0
FFFFFFFFF0
FFFFFFFFF0
FFFFFFFFF0
FFFFFFFFF0
FFFFFFFFC0
FE00000000
FE00000000
FE00000000
FE00000000
FE00000000
FE00000000
FE00000000
FE00000000
FE00000000
FE00000000
FE00000000
FE00000000
FE00000000
FE00000000
FE00000000
FE00000000
FE00000000
FE00000000
FFFFFFFF80
FFFFFFFFC0
FFFFFFFFE0
FFFFFFFFE0
FFFFFFFFE0
FFFFFFFFC0
FE00000000
FE00000000
FE00000000
FE00000000
FE00000000
FE00000000
FE00000000
FE00000000
FE00000000
FE00000000
FE00000000
FE00000000
FE00000000
FE00000000
FE00000000
FE00000000
FE00000000
FE00000000
FE00000000
FE00000000
FFFFFFFFE0
FFFFFFFFF0
FFFFFFFFF0
FFFFFFFFF0
FFFFFFFFF0
3FFFFFFFE0
0000000000
0000000000
0000000000
0000000000
0000000000
0000000000
0000000000
0000100000
0000FC0000
0001FE0000
0001FE0000
0001FE0000
0001FE0000
0001FE0000
0000FC0000
0000300000
ENDCHAR
STARTCHAR uni1EC7
ENCODING 7879
SWIDTH 534 0
DWIDTH 43 0
BBX 36 77 4 -16
BITMAP
0000F80000
0001FC0000
0003FE0000
0003FE0000
0007FF0000
000FDF8000
000FDF8000
001F8FC000
001F0FC000
003F07E000
003E03E000
007E03F000
007C01F000
00F800F800
00F800F800
01F0007C00
00E0007800
0040001000
0000000000
0000000000
0000000000
0000F80000
000FFF8000
007FFFE000
00FFFFF800
03FFFFFC00
07FFFFFE00
0FFC01FF00
0FF0007F80
1FE0003F80
3FC0001FC0
3F80000FC0
7F00000FC0
7F00000FE0
FF000007E0
FE000007E0
FE000007E0
FE000007E0
FE000007E0
FFFFFFFFE0
FFFFFFFFF0
FFFFFFFFE0
FFFFFFFFE0
FE00000000
FE00000000
FE00000000
FE00000000
FE00000000
FF00000000
7F00000000
7F80000000
3F80000000
3FC0000180
1FE00007E0
1FF8000FE0
0FFF00FFE0
07FFFFFFC0
03FFFFFFC0
00FFFFFF00
007FFFFC00
000FFFF000
0000FE0000
0000000000
0000000000
0000000000
0000000000
0000000000
0000000000
0000200000
0001FC0000
0001FC0000
0003FE0000
0003FE0000
0003FE0000
0001FC0000
0001FC0000
0000200000
ENDCHAR
STARTCHAR uni1EC8
ENCODING 7880
SWIDTH 262 0
DWIDTH 21 0
BBX 16 77 3 -1
BITMAP
0180
3FF8
FFFE
FFFE
FFFF
003F
003F
003E
00FE
01FC
03F0
07E0
07C0
07C0
07C0
0000
0000
0000
0000
07C0
0FE0
0FE0
0FE0
0FE0
0FE0
0FE0
0FE0
0FE0
0FE0
0FE0
0FE0
0FE0
0FE0
0FE0
0FE0
0FE0
0FE0
0FE0
0FE0
0FE0
0FE0
0FE0
0FE0
0FE0
0FE0
0FE0
0FE0
0FE0
0FE0
0FE0
0FE0
0FE0
0FE0
0FE0
0FE0
0FE0
0FE0
0FE0
0FE0
0FE0
0FE0
0FE0
0FE0
0FE0
0FE0
0FE0
0FE0
0FE0
0FE0
0FE0
0FE0
0FE0
0FE0
0FE0
0FE0
07C0
0100
ENDCHAR
STARTCHAR uni1EC9
ENCODING 7881
SWIDTH 237 0
DWIDTH 19 0
BBX 16 61 2 0
BITMAP
0FE0
7FF8
FFFE
FFFE
F0FF
003F
003F
003F
007E
00FC
01F8
03F0
03E0
07C0
07C0
07C0
07C0
0000
0000
0000
0000
0000
07C0
0FE0
0FE0
0FE0
0FE0
0FE0
0FE0
0FE0
0FE0
0FE0
0FE0
0FE0
0FE0
0FE0
0FE0
0FE0
0FE0
0FE0
0FE0
0FE0
0FE0
0FE0
0FE0
0FE0
0FE0
0FE0
0FE0
0FE0
0FE0
0FE0
0FE0
0FE0
0FE0
0FE0
0FE0
0FE0
0FE0
0FE0
07C0
ENDCHAR
STARTCHAR uni1ECA
ENCODING 7882
SWIDTH 262 0
DWIDTH 21 0
BBX 9 73 6 -16
BITMAP
3E00
7F00
7F00
7F00
7F00
7F00
7F00
7F00
7F00
7F00
7F00
7F00
7F00
7F00
7F00
7F00
7F00
7F00
7F00
7F00
7F00
7F00
7F00
7F00
7F00
7F00
7F00
7F00
7F00
7F00
7F00
7F00
7F00
7F00
7F00
7F00
7F00
7F00
7F00
7F00
7F00
7F00
7F00
7F00
7F00
7F00
7F00
7F00
7F00
7F00
7F00
7F00
7F00
7F00
7F00
7F00
3E00
0800
0000
0000
0000
0000
0000
0000
0800
7F00
7F00
FF80
FF80
FF80
7F00
7F00
0800
ENDCHAR
STARTCHAR uni1ECB
ENCODING 7883
SWIDTH 237 0
DWIDTH 19 0
BBX 9 72 5 -16
BITMAP
7F00
FF80
FF80
FF80
FF80
FF80
7F00
3E00
0000
0000
0000
0000
0000
0000
0000
0000
0000
3E00
7F00
7F00
7F00
7F00
7F00
7F00
7F00
7F00
7F00
7F00
7F00
7F00
7F00
7F00
7F00
7F00
7F00
7F00
7F00
7F00
7F00
7F00
7F00
7F00
7F00
7F00
7F00
7F00
7F00
7F00
7F00
7F00
7F00
7F00
7F00
7F00
7F00
3E00
0000
0000
0000
0000
0000
0000
0000
0800
7F00
7F00
FF80
FF80
FF80
7F00
7F00
0800
ENDCHAR
STARTCHAR uni1ECC
ENCODING 7884
SWIDTH 771 0
DWIDTH 62 0
BBX 52 73 5 -16
BITMAP
00000FFF000000
0000FFFFF00000
0003FFFFFC0000
000FFFFFFF0000
003FFFFFFF8000
007FFFFFFFE000
00FFFF9FFFF000
01FFE0007FF800
03FF80001FFC00
07FE00000FFC00
07FC000003FE00
0FF8000001FF00
1FF0000000FF00
1FE0000000FF80
3FE00000007F80
3FC00000003FC0
3FC00000003FC0
7F800000003FC0
7F800000001FE0
7F800000001FE0
7F000000001FE0
FF000000000FE0
FF000000000FE0
FF000000000FF0
FF000000000FF0
FF000000000FF0
FF000000000FF0
FF000000000FF0
FF000000000FF0
FF000000000FF0
FF000000000FF0
FF000000000FF0
FF000000000FF0
FF000000000FF0
FF000000000FF0
FF000000000FE0
FF000000001FE0
7F800000001FE0
7F800000001FE0
7F800000001FC0
7FC00000003FC0
3FC00000003FC0
3FE00000007F80
1FE00000007F80
1FF0000000FF00
0FF8000001FF00
0FFC000003FE00
07FE000007FE00
03FF00000FFC00
01FFC0003FF800
01FFF801FFF000
00FFFFFFFFE000
003FFFFFFFC000
001FFFFFFF8000
0007FFFFFE0000
0001FFFFF80000
00007FFFE00000
000003FC000000
00000000000000
00000000000000
00000000000000
00000000000000
00000000000000
00000000000000
00000040000000
000001F8000000
000003FC000000
000003FC000000
000003FC000000
000003FC000000
000003FC000000
000001F8000000
00000040000000
ENDCHAR
STARTCHAR uni1ECD
ENCODING 7885
SWIDTH 560 0
DWIDTH 45 0
BBX 37 56 4 -16
BITMAP
0000F80000
001FFFC000
007FFFF000
01FFFFFC00
03FFFFFE00
07FFFFFF00
0FFE03FF80
1FF800FFC0
1FE0003FC0
3FC0001FE0
7FC0001FE0
7F80000FF0
7F00000FF0
FF000007F0
FF000007F8
FE000007F8
FE000003F8
FE000003F8
FE000003F8
FE000003F8
FE000003F8
FE000003F8
FE000003F8
FE000003F8
FE000003F8
FE000007F8
FF000007F8
FF000007F0
7F00000FF0
7F80000FF0
7F80001FE0
3FC0001FE0
1FE0003FC0
1FF800FFC0
0FFE03FF80
07FFFFFF00
03FFFFFE00
01FFFFFC00
007FFFF000
001FFFC000
0001F80000
0000000000
0000000000
0000000000
0000000000
0000000000
0000000000
0000200000
0001FC0000
0001FC0000
0003FE0000
0003FE0000
0003FE0000
0001FC0000
0001FC0000
0000300000
ENDCHAR
STARTCHAR uni1ECE
ENCODING 7886
SWIDTH 771 0
DWIDTH 62 0
BBX 52 77 5 -1
BITMAP
00000060000000
00000FFE000000
00001FFF800000
00003FFFC00000
00001FFFC00000
0000000FC00000
0000000FC00000
0000000FC00000
0000001F800000
0000003F000000
000000FC000000
000000F8000000
000001F8000000
000001F0000000
000000F0000000
00000000000000
00000000000000
00000000000000
00000000000000
00000FFF000000
0000FFFFF00000
0003FFFFFC0000
000FFFFFFF0000
003FFFFFFF8000
007FFFFFFFE000
00FFFF9FFFF000
01FFE0007FF800
03FF80001FFC00
07FE00000FFC00
07FC000003FE00
0FF8000001FF00
1FF0000000FF00
1FE0000000FF80
3FE00000007F80
3FC00000003FC0
3FC00000003FC0
7F800000003FC0
7F800000001FE0
7F800000001FE0
7F000000001FE0
FF000000000FE0
FF000000000FE0
FF000000000FF0
FF000000000FF0
FF000000000FF0
FF000000000FF0
FF000000000FF0
FF000000000FF0
FF000000000FF0
FF000000000FF0
FF000000000FF0
FF000000000FF0
FF000000000FF0
FF000000000FF0
FF000000000FE0
FF000000001FE0
7F800000001FE0
7F800000001FE0
7F800000001FC0
7FC00000003FC0
3FC00000003FC0
3FE00000007F80
1FE00000007F80
1FF0000000FF00
0FF8000001FF00
0FFC000003FE00
07FE000007FE00
03FF00000FFC00
01FFC0003FF800
01FFF801FFF000
00FFFFFFFFE000
003FFFFFFFC000
001FFFFFFF8000
0007FFFFFE0000
0001FFFFF80000
00007FFFE00000
000003FC000000
ENDCHAR
STARTCHAR uni1ECF
ENCODING 7887
SWIDTH 560 0
DWIDTH 45 0
BBX 37 62 4 -1
BITMAP
0001FC0000
000FFF0000
001FFFC000
001FFFC000
001E1FE000
000007E000
000007E000
000007E000
00000FC000
00001F8000
00003F0000
00007E0000
00007C0000
0000F80000
0000F80000
0000F80000
0000F80000
0000000000
0000000000
0000000000
0000000000
0000F80000
001FFFC000
007FFFF000
01FFFFFC00
03FFFFFE00
07FFFFFF00
0FFE03FF80
1FF800FFC0
1FE0003FC0
3FC0001FE0
7FC0001FE0
7F80000FF0
7F00000FF0
FF000007F0
FF000007F8
FE000007F8
FE000003F8
FE000003F8
FE000003F8
FE000003F8
FE000003F8
FE000003F8
FE000003F8
FE000003F8
FE000003F8
FE000007F8
FF000007F8
FF000007F0
7F00000FF0
7F80000FF0
7F80001FE0
3FC0001FE0
1FE0003FC0
1FF800FFC0
0FFE03FF80
07FFFFFF00
03FFFFFE00
01FFFFFC00
007FFFF000
001FFFC000
0001F80000
ENDCHAR
STARTCHAR uni1ED0
ENCODING 7888
SWIDTH 771 0
DWIDTH 62 0
BBX 52 83 5 -1
BITMAP
00000000007800
0000000000F800
0000000001F800
0000000001F800
0000000003F000
0000000003E000
0000000007E000
000001F00FC000
000003FC0F8000
000007FC1F0000
000007FE1F0000
00000FFF3E0000
00001FFF3C0000
00001F9F980000
00003F0FC00000
00007E07C00000
00007C07E00000
0000F803F00000
0001F801F00000
0001F000F80000
0001E000700000
00008000200000
00000000000000
00000000000000
00000000000000
00000FFF000000
0000FFFFF00000
0003FFFFFC0000
000FFFFFFF0000
003FFFFFFF8000
007FFFFFFFE000
00FFFF9FFFF000
01FFE0007FF800
03FF80001FFC00
07FE00000FFC00
07FC000003FE00
0FF8000001FF00
1FF0000000FF00
1FE0000000FF80
3FE00000007F80
3FC00000003FC0
3FC00000003FC0
7F800000003FC0
7F800000001FE0
7F800000001FE0
7F000000001FE0
FF000000000FE0
FF000000000FE0
FF000000000FF0
FF000000000FF0
FF000000000FF0
FF000000000FF0
FF000000000FF0
FF000000000FF0
FF000000000FF0
FF000000000FF0
FF000000000FF0
FF000000000FF0
FF000000000FF0
FF000000000FF0
FF000000000FE0
FF000000001FE0
7F800000001FE0
7F800000001FE0
7F800000001FC0
7FC00000003FC0
3FC00000003FC0
3FE00000007F80
1FE00000007F80
1FF0000000FF00
0FF8000001FF00
0FFC000003FE00
07FE000007FE00
03FF00000FFC00
01FFC0003FF800
01FFF801FFF000
00FFFFFFFFE000
003FFFFFFFC000
001FFFFFFF8000
0007FFFFFE0000
0001FFFFF80000
00007FFFE00000
000003FC000000
ENDCHAR
STARTCHAR uni1ED1
ENCODING 7889
SWIDTH 560 0
DWIDTH 45 0
BBX 38 66 4 -1
BITMAP
0000000078
00000000FC
00000000FC
00000001F8
00000001F8
00000003F0
00000003E0
0000F807C0
0001FC0FC0
0003FE0F80
0007FF1F00
0007FF1E00
000FDF9E00
001F9FCC00
001F8FC000
003F07E000
007E03F000
007C01F000
00F800F800
01F0007800
00E0007800
0040001000
0000000000
0000000000
0000000000
0000F80000
001FFFC000
007FFFF000
01FFFFFC00
03FFFFFE00
07FFFFFF00
0FFE03FF80
1FF800FFC0
1FE0003FC0
3FC0001FE0
7FC0001FE0
7F80000FF0
7F00000FF0
FF000007F0
FF000007F8
FE000007F8
FE000003F8
FE000003F8
FE000003F8
FE000003F8
FE000003F8
FE000003F8
FE000003F8
FE000003F8
FE000003F8
FE000007F8
FF000007F8
FF000007F0
7F00000FF0
7F80000FF0
7F80001FE0
3FC0001FE0
1FE0003FC0
1FF800FFC0
0FFE03FF80
07FFFFFF00
03FFFFFE00
01FFFFFC00
007FFFF000
001FFFC000
0001F80000
ENDCHAR
STARTCHAR uni1ED2
ENCODING 7890
SWIDTH 771 0
DWIDTH 62 0
BBX 52 83 5 -1
BITMAP
00000003C00000
00000003E00000
00000003F00000
00000003F00000
00000001F80000
00000000F80000
00000000FC0000
000001F07E0000
000003FC3E0000
000007FC1F0000
000007FE1F0000
00000FFF0F8000
00001FFF078000
00001F9F830000
00003F0FC00000
00007E07C00000
00007C07E00000
0000F803F00000
0001F801F00000
0001F000F80000
0001E000700000
00008000200000
00000000000000
00000000000000
00000000000000
00000FFF000000
0000FFFFF00000
0003FFFFFC0000
000FFFFFFF0000
003FFFFFFF8000
007FFFFFFFE000
00FFFF9FFFF000
01FFE0007FF800
03FF80001FFC00
07FE00000FFC00
07FC000003FE00
0FF8000001FF00
1FF0000000FF00
1FE0000000FF80
3FE00000007F80
3FC00000003FC0
3FC00000003FC0
7F800000003FC0
7F800000001FE0
7F800000001FE0
7F000000001FE0
FF000000000FE0
FF000000000FE0
FF000000000FF0
FF000000000FF0
FF000000000FF0
FF000000000FF0
FF000000000FF0
FF000000000FF0
FF000000000FF0
FF000000000FF0
FF000000000FF0
FF000000000FF0
FF000000000FF0
FF000000000FF0
FF000000000FE0
FF000000001FE0
7F800000001FE0
7F800000001FE0
7F800000001FC0
7FC00000003FC0
3FC00000003FC0
3FE00000007F80
1FE00000007F80
1FF0000000FF00
0FF8000001FF00
0FFC000003FE00
07FE000007FE00
03FF00000FFC00
01FFC0003FF800
01FFF801FFF000
00FFFFFFFFE000
003FFFFFFFC000
001FFFFFFF8000
0007FFFFFE0000
0001FFFFF80000
00007FFFE00000
000003FC000000
ENDCHAR
STARTCHAR uni1ED3
ENCODING 7891
SWIDTH 560 0
DWIDTH 45 0
BBX 37 66 4 -1
BITMAP
000001E000
000003F000
000003F000
000001F800
000001F800
000000FC00
0000007E00
0000F83E00
0001FC3F00
0003FE1F00
0007FF0F80
0007FF0780
000FDF8780
001F9FC300
001F8FC000
003F07E000
007E03F000
007C01F000
00F800F800
01F0007800
00E0007800
0040001000
0000000000
0000000000
0000000000
0000F80000
001FFFC000
007FFFF000
01FFFFFC00
03FFFFFE00
07FFFFFF00
0FFE03FF80
1FF800FFC0
1FE0003FC0
3FC0001FE0
7FC0001FE0
7F80000FF0
7F00000FF0
FF000007F0
FF000007F8
FE000007F8
FE000003F8
FE000003F8
FE000003F8
FE000003F8
FE000003F8
FE000003F8
FE000003F8
FE000003F8
FE000003F8
FE000007F8
FF000007F8
FF000007F0
7F00000FF0
7F80000FF0
7F80001FE0
3FC0001FE0
1FE0003FC0
1FF800FFC0
0FFE03FF80
07FFFFFF00
03FFFFFE00
01FFFFFC00
007FFFF000
001FFFC000
0001F80000
ENDCHAR
STARTCHAR uni1ED4
ENCODING 7892
SWIDTH 771 0
DWIDTH 62 0
BBX 52 83 5 -1
BITMAP
000000007F0000
00000003FFC000
00000003FFE000
00000003FFF000
0000000003F000
0000000001F000
0000000001F000
000001F003E000
000003FC07E000
000007FC0FC000
000007FE1F8000
00000FFF3E0000
00001FFF1C0000
00001F9F800000
00003F0FC00000
00007E07C00000
00007C07E00000
0000F803F00000
0001F801F00000
0001F000F80000
0001E000700000
00008000200000
00000000000000
00000000000000
00000000000000
00000FFF000000
0000FFFFF00000
0003FFFFFC0000
000FFFFFFF0000
003FFFFFFF8000
007FFFFFFFE000
00FFFF9FFFF000
01FFE0007FF800
03FF80001FFC00
07FE00000FFC00
07FC000003FE00
0FF8000001FF00
1FF0000000FF00
1FE0000000FF80
3FE00000007F80
3FC00000003FC0
3FC00000003FC0
7F800000003FC0
7F800000001FE0
7F800000001FE0
7F000000001FE0
FF000000000FE0
FF000000000FE0
FF000000000FF0
FF000000000FF0
FF000000000FF0
FF000000000FF0
FF000000000FF0
FF000000000FF0
FF000000000FF0
FF000000000FF0
FF000000000FF0
FF000000000FF0
FF000000000FF0
FF000000000FF0
FF000000000FE0
FF000000001FE0
7F800000001FE0
7F800000001FE0
7F800000001FC0
7FC00000003FC0
3FC00000003FC0
3FE00000007F80
1FE00000007F80
1FF0000000FF00
0FF8000001FF00
0FFC000003FE00
07FE000007FE00
03FF00000FFC00
01FFC0003FF800
01FFF801FFF000
00FFFFFFFFE000
003FFFFFFFC000
001FFFFFFF8000
0007FFFFFE0000
0001FFFFF80000
00007FFFE00000
000003FC000000
ENDCHAR
STARTCHAR uni1ED5
ENCODING 7893
SWIDTH 560 0
DWIDTH 45 0
BBX 37 66 4 -1
BITMAP
0000007F00
000001FFE0
000003FFF0
000003FFF0
00000001F0
00000001F0
00000001F0
0000F801F0
0001FC03E0
0003FE07C0
0007FF0F80
0007FF1F00
000FDF9E00
001F9FC000
001F8FC000
003F07E000
007E03F000
007C01F000
00F800F800
01F0007800
00E0007800
0040001000
0000000000
0000000000
0000000000
0000F80000
001FFFC000
007FFFF000
01FFFFFC00
03FFFFFE00
07FFFFFF00
0FFE03FF80
1FF800FFC0
1FE0003FC0
3FC0001FE0
7FC0001FE0
7F80000FF0
7F00000FF0
FF000007F0
FF000007F8
FE000007F8
FE000003F8
FE000003F8
FE000003F8
FE000003F8
FE000003F8
FE000003F8
FE000003F8
FE000003F8
FE000003F8
FE000007F8
FF000007F8
FF000007F0
7F00000FF0
7F80000FF0
7F80001FE0
3FC0001FE0
1FE0003FC0
1FF800FFC0
0FFE03FF80
07FFFFFF00
03FFFFFE00
01FFFFFC00
007FFFF000
001FFFC000
0001F80000
ENDCHAR
STARTCHAR uni1ED6
ENCODING 7894
SWIDTH 771 0
DWIDTH 62 0
BBX 52 83 5 -1
BITMAP
00007F001C0000
0000FFC03C0000
0001FFE03C0000
0003FFF87C0000
0003E1FFFC0000
0007C0FFF80000
0007803FF00000
0007800FC00000
00000000000000
00000000000000
000001F8000000
000007FC000000
000007FE000000
00000FFF000000
00001FFF800000
00003F1FC00000
00007E0FC00000
0000FC07E00000
0000F801F00000
0001F000F80000
0001E000700000
00008000200000
00000000000000
00000000000000
00000000000000
00000FFF000000
0000FFFFF00000
0003FFFFFC0000
000FFFFFFF0000
003FFFFFFF8000
007FFFFFFFE000
00FFFF9FFFF000
01FFE0007FF800
03FF80001FFC00
07FE00000FFC00
07FC000003FE00
0FF8000001FF00
1FF0000000FF00
1FE0000000FF80
3FE00000007F80
3FC00000003FC0
3FC00000003FC0
7F800000003FC0
7F800000001FE0
7F800000001FE0
7F000000001FE0
FF000000000FE0
FF000000000FE0
FF000000000FF0
FF000000000FF0
FF000000000FF0
FF000000000FF0
FF000000000FF0
FF000000000FF0
FF000000000FF0
FF000000000FF0
FF000000000FF0
FF000000000FF0
FF000000000FF0
FF000000000FF0
FF000000000FE0
FF000000001FE0
7F800000001FE0
7F800000001FE0
7F800000001FC0
7FC00000003FC0
3FC00000003FC0
3FE00000007F80
1FE00000007F80
1FF0000000FF00
0FF8000001FF00
0FFC000003FE00
07FE000007FE00
03FF00000FFC00
01FFC0003FF800
01FFF801FFF000
00FFFFFFFFE000
003FFFFFFFC000
001FFFFFFF8000
0007FFFFFE0000
0001FFFFF80000
00007FFFE00000
000003FC000000
ENDCHAR
STARTCHAR uni1ED7
ENCODING 7895
SWIDTH 560 0
DWIDTH 45 0
BBX 37 66 4 -1
BITMAP
003F000E00
00FFC01E00
01FFF01E00
01FFFC7E00
03F1FFFC00
03C07FF800
03C01FF800
03800FE000
0000000000
0000000000
0001FC0000
0003FE0000
0007FF0000
000FFF0000
000FDF8000
001F8FC000
003F07E000
007E03F000
00FC01F800
01F800F800
00E0007800
0040001000
0000000000
0000000000
0000000000
0000F80000
001FFFC000
007FFFF000
01FFFFFC00
03FFFFFE00
07FFFFFF00
0FFE03FF80
1FF800FFC0
1FE0003FC0
3FC0001FE0
7FC0001FE0
7F80000FF0
7F00000FF0
FF000007F0
FF000007F8
FE000007F8
FE000003F8
FE000003F8
FE000003F8
FE000003F8
FE000003F8
FE000003F8
FE000003F8
FE000003F8
FE000003F8
FE000007F8
FF000007F8
FF000007F0
7F00000FF0
7F80000FF0
7F80001FE0
3FC0001FE0
1FE0003FC0
1FF800FFC0
0FFE03FF80
07FFFFFF00
03FFFFFE00
01FFFFFC00
007FFFF000
001FFFC000
0001F80000
ENDCHAR
STARTCHAR uni1ED8
ENCODING 7896
SWIDTH 771 0
DWIDTH 62 0
BBX 52 92 5 -16
BITMAP
000000F0000000
000003F8000000
000007FC000000
000007FE000000
00000FFF000000
00001FFF000000
00001F9F800000
00003F1FC00000
00007E0FE00000
0000FE07E00000
0000FC03F00000
0001F801F80000
0003F000F80000
0003E000FC0000
0003C000780000
00000000000000
00000000000000
00000000000000
00000000000000
00000FFF000000
0000FFFFF00000
0003FFFFFC0000
000FFFFFFF0000
003FFFFFFF8000
007FFFFFFFE000
00FFFF9FFFF000
01FFE0007FF800
03FF80001FFC00
07FE00000FFC00
07FC000003FE00
0FF8000001FF00
1FF0000000FF00
1FE0000000FF80
3FE00000007F80
3FC00000003FC0
3FC00000003FC0
7F800000003FC0
7F800000001FE0
7F800000001FE0
7F000000001FE0
FF000000000FE0
FF000000000FE0
FF000000000FF0
FF000000000FF0
FF000000000FF0
FF000000000FF0
FF000000000FF0
FF000000000FF0
FF000000000FF0
FF000000000FF0
FF000000000FF0
FF000000000FF0
FF000000000FF0
FF000000000FF0
FF000000000FE0
FF000000001FE0
7F800000001FE0
7F800000001FE0
7F800000001FC0
7FC00000003FC0
3FC00000003FC0
3FE00000007F80
1FE00000007F80
1FF0000000FF00
0FF8000001FF00
0FFC000003FE00
07FE000007FE00
03FF00000FFC00
01FFC0003FF800
01FFF801FFF000
00FFFFFFFFE000
003FFFFFFFC000
001FFFFFFF8000
0007FFFFFE0000
0001FFFFF80000
00007FFFE00000
000003FC000000
00000000000000
00000000000000
00000000000000
00000000000000
00000000000000
00000000000000
00000040000000
000001F8000000
000003FC000000
000003FC000000
000003FC000000
000003FC000000
000003FC000000
000001F8000000
00000040000000
ENDCHAR
STARTCHAR uni1ED9
ENCODING 7897
SWIDTH 560 0
DWIDTH 45 0
BBX 37 77 4 -16
BITMAP
0000F80000
0001FC0000
0003FE0000
0007FE0000
0007FF0000
000FDF0000
000FDF8000
001F8FC000
001F0FC000
003F07E000
003E03E000
007E03F000
007C01F000
00F800F800
00F800F800
01F0007800
00E0007800
0040001000
0000000000
0000000000
0000000000
0000F80000
001FFFC000
007FFFF000
01FFFFFC00
03FFFFFE00
07FFFFFF00
0FFE03FF80
1FF800FFC0
1FE0003FC0
3FC0001FE0
7FC0001FE0
7F80000FF0
7F00000FF0
FF000007F0
FF000007F8
FE000007F8
FE000003F8
FE000003F8
FE000003F8
FE000003F8
FE000003F8
FE000003F8
FE000003F8
FE000003F8
FE000003F8
FE000007F8
FF000007F8
FF000007F0
7F00000FF0
7F80000FF0
7F80001FE0
3FC0001FE0
1FE0003FC0
1FF800FFC0
0FFE03FF80
07FFFFFF00
03FFFFFE00
01FFFFFC00
007FFFF000
001FFFC000
0001F80000
0000000000
0000000000
0000000000
0000000000
0000000000
0000000000
0000200000
0001FC0000
0001FC0000
0003FE0000
0003FE0000
0003FE0000
0001FC0000
0001FC0000
0000300000
ENDCHAR
STARTCHAR uni1EDA
ENCODING 7898
SWIDTH 771 0
DWIDTH 62 0
BBX 52 77 5 -1
BITMAP
00000000700000
00000000F80000
00000001FC0000
00000001FC0000
00000003F80000
00000007F00000
00000007F00000
0000000FE00000
0000001FC00000
0000001F8003E0
0000003F0007F0
0000007E0007F0
0000007C0007F0
000000FC0007F0
000000780007F0
000000000007E0
00000000000FE0
00000000000FE0
00000000003FC0
00000FFFC3FF80
0000FFFFFFFF80
0003FFFFFFFF00
000FFFFFFFFC00
003FFFFFFFE000
007FFFFFFFE000
00FFFF9FFFF000
01FFE0007FF800
03FF80001FFC00
07FE00000FFC00
07FC000003FE00
0FF8000001FF00
1FF0000000FF00
1FE0000000FF80
3FE00000007F80
3FC00000003FC0
3FC00000003FC0
7F800000003FC0
7F800000001FE0
7F800000001FE0
7F000000001FE0
FF000000000FE0
FF000000000FE0
FF000000000FF0
FF000000000FF0
FF000000000FF0
FF000000000FF0
FF000000000FF0
FF000000000FF0
FF000000000FF0
FF000000000FF0
FF000000000FF0
FF000000000FF0
FF000000000FF0
FF000000000FF0
FF000000000FE0
FF000000001FE0
7F800000001FE0
7F800000001FE0
7F800000001FC0
7FC00000003FC0
3FC00000003FC0
3FE00000007F80
1FE00000007F80
1FF0000000FF00
0FF8000001FF00
0FFC000003FE00
07FE000007FE00
03FF00000FFC00
01FFC0003FF800
01FFF801FFF000
00FFFFFFFFE000
003FFFFFFFC000
001FFFFFFF8000
0007FFFFFE0000
0001FFFFF80000
00007FFFE00000
000003FC000000
ENDCHAR
STARTCHAR uni1EDB
ENCODING 7899
SWIDTH 560 0
DWIDTH 45 0
BBX 38 62 4 -1
BITMAP
000000F800
000000FC00
000001FC00
000001FC00
000003F800
000003F000
000007F000
000007E000
00000FE000
00000FC000
00001F8000
00001F8070
00003F00F8
00003E01FC
00007E01FC
00007C01FC
00007801FC
00001001F8
00000003F8
00000003F8
00000007F0
0000F81FF0
001FFFFFE0
007FFFFFC0
01FFFFFF80
03FFFFFE00
07FFFFFF00
0FFE03FF80
1FF800FFC0
1FE0003FC0
3FC0001FE0
7FC0001FE0
7F80000FF0
7F00000FF0
FF000007F0
FF000007F8
FE000007F8
FE000003F8
FE000003F8
FE000003F8
FE000003F8
FE000003F8
FE000003F8
FE000003F8
FE000003F8
FE000003F8
FE000007F8
FF000007F8
FF000007F0
7F00000FF0
7F80000FF0
7F80001FE0
3FC0001FE0
1FE0003FC0
1FF800FFC0
0FFE03FF80
07FFFFFF00
03FFFFFE00
01FFFFFC00
007FFFF000
001FFFC000
0001F80000
ENDCHAR
STARTCHAR uni1EDC
ENCODING 7900
SWIDTH 771 0
DWIDTH 62 0
BBX 52 77 5 -1
BITMAP
0000C000000000
0003E000000000
0003F000000000
0003F800000000
0003F800000000
0001FC00000000
0000FE00000000
00007E00000000
00007F00000000
00003F800003E0
00001F800007F0
00000FC00007F0
000007E00007F0
000003E00007F0
000001C00007F0
000000000007E0
00000000000FE0
00000000000FE0
00000000003FC0
00000FFFC3FF80
0000FFFFFFFF80
0003FFFFFFFF00
000FFFFFFFFC00
003FFFFFFFE000
007FFFFFFFE000
00FFFF9FFFF000
01FFE0007FF800
03FF80001FFC00
07FE00000FFC00
07FC000003FE00
0FF8000001FF00
1FF0000000FF00
1FE0000000FF80
3FE00000007F80
3FC00000003FC0
3FC00000003FC0
7F800000003FC0
7F800000001FE0
7F800000001FE0
7F000000001FE0
FF000000000FE0
FF000000000FE0
FF000000000FF0
FF000000000FF0
FF000000000FF0
FF000000000FF0
FF000000000FF0
FF000000000FF0
FF000000000FF0
FF000000000FF0
FF000000000FF0
FF000000000FF0
FF000000000FF0
FF000000000FF0
FF000000000FE0
FF000000001FE0
7F800000001FE0
7F800000001FE0
7F800000001FC0
7FC00000003FC0
3FC00000003FC0
3FE00000007F80
1FE00000007F80
1FF0000000FF00
0FF8000001FF00
0FFC000003FE00
07FE000007FE00
03FF00000FFC00
01FFC0003FF800
01FFF801FFF000
00FFFFFFFFE000
003FFFFFFFC000
001FFFFFFF8000
0007FFFFFE0000
0001FFFFF80000
00007FFFE00000
000003FC000000
ENDCHAR
STARTCHAR uni1EDD
ENCODING 7901
SWIDTH 560 0
DWIDTH 45 0
BBX 38 62 4 -1
BITMAP
00F8000000
01F8000000
01FC000000
01FC000000
00FE000000
00FE000000
007F000000
003F000000
003F800000
001F800000
000FC00000
000FC00070
0007E000F8
0003E001FC
0003F001FC
0001F001FC
0000F001FC
00004001F8
00000003F8
00000003F8
00000007F0
0000F81FF0
001FFFFFE0
007FFFFFC0
01FFFFFF80
03FFFFFE00
07FFFFFF00
0FFE03FF80
1FF800FFC0
1FE0003FC0
3FC0001FE0
7FC0001FE0
7F80000FF0
7F00000FF0
FF000007F0
FF000007F8
FE000007F8
FE000003F8
FE000003F8
FE000003F8
FE000003F8
FE000003F8
FE000003F8
FE000003F8
FE000003F8
FE000003F8
FE000007F8
FF000007F8
FF000007F0
7F00000FF0
7F80000FF0
7F80001FE0
3FC0001FE0
1FE0003FC0
1FF800FFC0
0FFE03FF80
07FFFFFF00
03FFFFFE00
01FFFFFC00
007FFFF000
001FFFC000
0001F80000
ENDCHAR
STARTCHAR uni1EDE
ENCODING 7902
SWIDTH 771 0
DWIDTH 62 0
BBX 52 77 5 -1
BITMAP
00000060000000
00000FFE000000
00001FFF800000
00003FFF800000
00001FFFC00000
0000000FC00000
0000000FC00000
0000000FC00000
0000001F800000
0000007F0003E0
000000FC0007F0
000000F80007F0
000001F00007F0
000001F00007F0
000001F00007F0
000000000007E0
00000000000FE0
00000000000FE0
00000000003FC0
00000FFFC3FF80
0000FFFFFFFF80
0003FFFFFFFF00
000FFFFFFFFC00
003FFFFFFFE000
007FFFFFFFE000
00FFFF9FFFF000
01FFE0007FF800
03FF80001FFC00
07FE00000FFC00
07FC000003FE00
0FF8000001FF00
1FF0000000FF00
1FE0000000FF80
3FE00000007F80
3FC00000003FC0
3FC00000003FC0
7F800000003FC0
7F800000001FE0
7F800000001FE0
7F000000001FE0
FF000000000FE0
FF000000000FE0
FF000000000FF0
FF000000000FF0
FF000000000FF0
FF000000000FF0
FF000000000FF0
FF000000000FF0
FF000000000FF0
FF000000000FF0
FF000000000FF0
FF000000000FF0
FF000000000FF0
FF000000000FF0
FF000000000FE0
FF000000001FE0
7F800000001FE0
7F800000001FE0
7F800000001FC0
7FC00000003FC0
3FC00000003FC0
3FE00000007F80
1FE00000007F80
1FF0000000FF00
0FF8000001FF00
0FFC000003FE00
07FE000007FE00
03FF00000FFC00
01FFC0003FF800
01FFF801FFF000
00FFFFFFFFE000
003FFFFFFFC000
001FFFFFFF8000
0007FFFFFE0000
0001FFFFF80000
00007FFFE00000
000003FC000000
ENDCHAR
STARTCHAR uni1EDF
ENCODING 7903
SWIDTH 560 0
DWIDTH 45 0
BBX 38 62 4 -1
BITMAP
0001FC0000
000FFF0000
001FFFC000
001FFFC000
001E1FE000
000007E000
000007E000
000007E000
00000FC000
00001F8000
00003F0000
00007E0070
00007C00F8
0000F801FC
0000F801FC
0000F801FC
0000F801FC
00000001F8
00000003F8
00000003F8
00000007F0
0000F81FF0
001FFFFFE0
007FFFFFC0
01FFFFFF80
03FFFFFE00
07FFFFFF00
0FFE03FF80
1FF800FFC0
1FE0003FC0
3FC0001FE0
7FC0001FE0
7F80000FF0
7F00000FF0
FF000007F0
FF000007F8
FE000007F8
FE000003F8
FE000003F8
FE000003F8
FE000003F8
FE000003F8
FE000003F8
FE000003F8
FE000003F8
FE000003F8
FE000007F8
FF000007F8
FF000007F0
7F00000FF0
7F80000FF0
7F80001FE0
3FC0001FE0
1FE0003FC0
1FF800FFC0
0FFE03FF80
07FFFFFF00
03FFFFFE00
01FFFFFC00
007FFFF000
001FFFC000
0001F80000
ENDCHAR
STARTCHAR uni1EE0
ENCODING 7904
SWIDTH 771 0
DWIDTH 62 0
BBX 52 75 5 -1
BITMAP
00003000070000
0001FE00078000
0007FF800F8000
000FFFC00F0000
001FFFE01F0000
001FFFF83F0000
003F03FFFE0000
003E01FFFE03E0
003C007FFC07F0
003C003FF807F0
003C000FE007F0
001800000007F0
000000000007F0
000000000007E0
00000000000FE0
00000000000FE0
00000000003FC0
00000FFFC3FF80
0000FFFFFFFF80
0003FFFFFFFF00
000FFFFFFFFC00
003FFFFFFFE000
007FFFFFFFE000
00FFFF9FFFF000
01FFE0007FF800
03FF80001FFC00
07FE00000FFC00
07FC000003FE00
0FF8000001FF00
1FF0000000FF00
1FE0000000FF80
3FE00000007F80
3FC00000003FC0
3FC00000003FC0
7F800000003FC0
7F800000001FE0
7F800000001FE0
7F000000001FE0
FF000000000FE0
FF000000000FE0
FF000000000FF0
FF000000000FF0
FF000000000FF0
FF000000000FF0
FF000000000FF0
FF000000000FF0
FF000000000FF0
FF000000000FF0
FF000000000FF0
FF000000000FF0
FF000000000FF0
FF000000000FF0
FF000000000FE0
FF000000001FE0
7F800000001FE0
7F800000001FE0
7F800000001FC0
7FC00000003FC0
3FC00000003FC0
3FE00000007F80
1FE00000007F80
1FF0000000FF00
0FF8000001FF00
0FFC000003FE00
07FE000007FE00
03FF00000FFC00
01FFC0003FF800
01FFF801FFF000
00FFFFFFFFE000
003FFFFFFFC000
001FFFFFFF8000
0007FFFFFE0000
0001FFFFF80000
00007FFFE00000
000003FC000000
ENDCHAR
STARTCHAR uni1EE1
ENCODING 7905
SWIDTH 560 0
DWIDTH 45 0
BBX 38 60 4 -1
BITMAP
0000000600
007E000F00
01FF800F00
01FFC01F00
03FFE01F00
07FFF03E00
07C1FEFE00
0780FFFC00
0F807FFC00
0F001FF870
0F000FF0F8
0F000181FC
00000001FC
00000001FC
00000001FC
00000001F8
00000003F8
00000003F8
00000007F0
0000F81FF0
001FFFFFE0
007FFFFFC0
01FFFFFF80
03FFFFFE00
07FFFFFF00
0FFE03FF80
1FF800FFC0
1FE0003FC0
3FC0001FE0
7FC0001FE0
7F80000FF0
7F00000FF0
FF000007F0
FF000007F8
FE000007F8
FE000003F8
FE000003F8
FE000003F8
FE000003F8
FE000003F8
FE000003F8
FE000003F8
FE000003F8
FE000003F8
FE000007F8
FF000007F8
FF000007F0
7F00000FF0
7F80000FF0
7F80001FE0
3FC0001FE0
1FE0003FC0
1FF800FFC0
0FFE03FF80
07FFFFFF00
03FFFFFE00
01FFFFFC00
007FFFF000
001FFFC000
0001F80000
ENDCHAR
STARTCHAR uni1EE2
ENCODING 7906
SWIDTH 771 0
DWIDTH 62 0
BBX 52 83 5 -16
BITMAP
000000000003E0
000000000007F0
000000000007F0
000000000007F0
000000000007F0
000000000007F0
000000000007E0
00000000000FE0
00000000000FE0
00000000003FC0
00000FFFC3FF80
0000FFFFFFFF80
0003FFFFFFFF00
000FFFFFFFFC00
003FFFFFFFE000
007FFFFFFFE000
00FFFF9FFFF000
01FFE0007FF800
03FF80001FFC00
07FE00000FFC00
07FC000003FE00
0FF8000001FF00
1FF0000000FF00
1FE0000000FF80
3FE00000007F80
3FC00000003FC0
3FC00000003FC0
7F800000003FC0
7F800000001FE0
7F800000001FE0
7F000000001FE0
FF000000000FE0
FF000000000FE0
FF000000000FF0
FF000000000FF0
FF000000000FF0
FF000000000FF0
FF000000000FF0
FF000000000FF0
FF000000000FF0
FF000000000FF0
FF000000000FF0
FF000000000FF0
FF000000000FF0
FF000000000FF0
FF000000000FE0
FF000000001FE0
7F800000001FE0
7F800000001FE0
7F800000001FC0
7FC00000003FC0
3FC00000003FC0
3FE00000007F80
1FE00000007F80
1FF0000000FF00
0FF8000001FF00
0FFC000003FE00
07FE000007FE00
03FF00000FFC00
01FFC0003FF800
01FFF801FFF000
00FFFFFFFFE000
003FFFFFFFC000
001FFFFFFF8000
0007FFFFFE0000
0001FFFFF80000
00007FFFE00000
000003FC000000
00000000000000
00000000000000
00000000000000
00000000000000
00000000000000
00000000000000
00000040000000
000001F8000000
000003FC000000
000003FC000000
000007FC000000
000003FC000000
000003FC000000
000001F8000000
00000040000000
ENDCHAR
STARTCHAR uni1EE3
ENCODING 7907
SWIDTH 560 0
DWIDTH 45 0
BBX 38 66 4 -16
BITMAP
0000000070
00000000F8
00000001FC
00000001FC
00000001FC
00000001FC
00000001F8
00000003F8
00000003F8
00000007F0
0000F81FF0
001FFFFFE0
007FFFFFC0
01FFFFFF80
03FFFFFE00
07FFFFFF00
0FFE03FF80
1FF800FFC0
1FE0003FC0
3FC0001FE0
7FC0001FE0
7F80000FF0
7F00000FF0
FF000007F0
FF000007F8
FE000007F8
FE000003F8
FE000003F8
FE000003F8
FE000003F8
FE000003F8
FE000003F8
FE000003F8
FE000003F8
FE000003F8
FE000007F8
FF000007F8
FF000007F0
7F00000FF0
7F80000FF0
7F80001FE0
3FC0001FE0
1FE0003FC0
1FF800FFC0
0FFE03FF80
07FFFFFF00
03FFFFFE00
01FFFFFC00
007FFFF000
001FFFC000
0001F80000
0000000000
0000000000
0000000000
0000000000
0000000000
0000000000
0000200000
0001FC0000
0001FC0000
0003FE0000
0003FE0000
0003FE0000
0001FC0000
0001FC0000
0000300000
ENDCHAR
STARTCHAR uni1EE4
ENCODING 7908
SWIDTH 731 0
DWIDTH 58 0
BBX 46 73 6 -16
BITMAP
3C00000000F0
7E00000001FC
7F00000001FC
FF00000001FC
FF00000001FC
FF00000001FC
FF00000001FC
FF00000001FC
FF00000001FC
FF00000001FC
FF00000001FC
FF00000001FC
FF00000001FC
FF00000001FC
FF00000001FC
FF00000001FC
FF00000001FC
FF00000001FC
FF00000001FC
FF00000001FC
FF00000001FC
FF00000001FC
FF00000001FC
FF00000001FC
FF00000001FC
FF00000001FC
FF00000001FC
FF00000001FC
FF00000001FC
FF00000001FC
FF00000001FC
FF00000001FC
FF00000001FC
FF00000001FC
FF00000001FC
FF00000001FC
FF00000001FC
FF00000001FC
7F00000003FC
7F00000003FC
7F80000003FC
7F80000003F8
7F80000007F8
3F80000007F8
3FC0000007F8
3FE000000FF0
1FE000001FF0
1FF000003FE0
0FFC00007FE0
0FFE0001FFC0
07FFC007FF80
03FFFFFFFF80
01FFFFFFFE00
00FFFFFFFC00
003FFFFFF800
001FFFFFE000
0003FFFF0000
00000FF00000
000000000000
000000000000
000000000000
000000000000
000000000000
000000000000
000003000000
00000FC00000
00001FE00000
00001FE00000
00001FF00000
00001FE00000
00001FE00000
00000FC00000
000001000000
ENDCHAR
STARTCHAR uni1EE5
ENCODING 7909
SWIDTH 565 0
DWIDTH 45 0
BBX 33 56 6 -16
BITMAP
1000000400
FC00001F00
FE00003F80
FE00003F80
FE00003F80
FE00003F80
FE00003F80
FE00003F80
FE00003F80
FE00003F80
FE00003F80
FE00003F80
FE00003F80
FE00003F80
FE00003F80
FE00003F80
FE00003F80
FE00003F80
FE00003F80
FE00003F80
FE00003F80
FE00003F80
FE00003F80
FE00003F80
FE00003F80
FE00003F80
FE00003F80
FE00007F80
FE00007F80
FE00007F80
FF0000FF80
FF0001FF80
7F8003FF80
7FC007FF80
3FF83FFF80
3FFFFFBF80
1FFFFF3F80
0FFFFE3F80
07FFFC3F80
01FFF01F80
002F000400
0000000000
0000000000
0000000000
0000000000
0000000000
0000000000
0000C00000
0007F00000
0007F00000
000FF80000
000FF80000
000FF80000
0007F00000
0007F00000
0000800000
ENDCHAR
STARTCHAR uni1EE6
ENCODING 7910
SWIDTH 731 0
DWIDTH 58 0
BBX 46 77 6 -1
BITMAP
000001800000
00007FF80000
0000FFFC0000
0000FFFE0000
0000FFFE0000
0000007F0000
0000003F0000
0000007E0000
000000FC0000
000001F80000
000003F00000
000007E00000
000007C00000
000007C00000
000007C00000
000000000000
000000000000
000000000000
000000000000
3C00000000F0
7E00000001FC
7F00000001FC
FF00000001FC
FF00000001FC
FF00000001FC
FF00000001FC
FF00000001FC
FF00000001FC
FF00000001FC
FF00000001FC
FF00000001FC
FF00000001FC
FF00000001FC
FF00000001FC
FF00000001FC
FF00000001FC
FF00000001FC
FF00000001FC
FF00000001FC
FF00000001FC
FF00000001FC
FF00000001FC
FF00000001FC
FF00000001FC
FF00000001FC
FF00000001FC
FF00000001FC
FF00000001FC
FF00000001FC
FF00000001FC
FF00000001FC
FF00000001FC
FF00000001FC
FF00000001FC
FF00000001FC
FF00000001FC
FF00000001FC
7F00000003FC
7F00000003FC
7F80000003FC
7F80000003F8
7F80000007F8
3F80000007F8
3FC0000007F8
3FE000000FF0
1FE000001FF0
1FF000003FE0
0FFC00007FE0
0FFE0001FFC0
07FFC007FF80
03FFFFFFFF80
01FFFFFFFE00
00FFFFFFFC00
003FFFFFF800
001FFFFFE000
0003FFFF0000
00000FF00000
ENDCHAR
STARTCHAR uni1EE7
ENCODING 7911
SWIDTH 565 0
DWIDTH 45 0
BBX 33 62 6 -1
BITMAP
0007F00000
003FFE0000
007FFF0000
007FFF0000
003C7F8000
00001F8000
00001F8000
00001F8000
00003F0000
00007E0000
0000FE0000
0001F80000
0001F00000
0003E00000
0003E00000
0003E00000
0003E00000
0000000000
0000000000
0000000000
0000000000
1000000400
FC00001F00
FE00003F80
FE00003F80
FE00003F80
FE00003F80
FE00003F80
FE00003F80
FE00003F80
FE00003F80
FE00003F80
FE00003F80
FE00003F80
FE00003F80
FE00003F80
FE00003F80
FE00003F80
FE00003F80
FE00003F80
FE00003F80
FE00003F80
FE00003F80
FE00003F80
FE00003F80
FE00003F80
FE00003F80
FE00003F80
FE00007F80
FE00007F80
FE00007F80
FF0000FF80
FF0001FF80
7F8003FF80
7FC007FF80
3FF83FFF80
3FFFFFBF80
1FFFFF3F80
0FFFFE3F80
07FFFC3F80
01FFF01F80
002F000400
ENDCHAR
STARTCHAR uni1EE8
ENCODING 7912
SWIDTH 731 0
DWIDTH 58 0
BBX 55 77 6 -1
BITMAP
00000001800000
00000003E00000
00000007E00000
0000000FE00000
0000000FE00000
0000001FC00000
0000003F800000
0000003F000000
0000007F000000
000000FE00003E
000001FC00007E
000001F800007E
000003F000007E
000003E000007E
000001C00000FE
000000000000FE
000000000000FE
000000000001FC
000000000003FC
3C00000000FFF8
7E00000001FFF0
7F00000001FFE0
FF00000001FF80
FF00000001FC00
FF00000001FC00
FF00000001FC00
FF00000001FC00
FF00000001FC00
FF00000001FC00
FF00000001FC00
FF00000001FC00
FF00000001FC00
FF00000001FC00
FF00000001FC00
FF00000001FC00
FF00000001FC00
FF00000001FC00
FF00000001FC00
FF00000001FC00
FF00000001FC00
FF00000001FC00
FF00000001FC00
FF00000001FC00
FF00000001FC00
FF00000001FC00
FF00000001FC00
FF00000001FC00
FF00000001FC00
FF00000001FC00
FF00000001FC00
FF00000001FC00
FF00000001FC00
FF00000001FC00
FF00000001FC00
FF00000001FC00
FF00000001FC00
FF00000001FC00
7F00000003FC00
7F00000003FC00
7F80000003FC00
7F80000003F800
7F80000007F800
3F80000007F800
3FC0000007F800
3FE000000FF000
1FE000001FF000
1FF000003FE000
0FFC00007FE000
0FFE0001FFC000
07FFC007FF8000
03FFFFFFFF8000
01FFFFFFFE0000
00FFFFFFFC0000
003FFFFFF80000
001FFFFFE00000
0003FFFF000000
00000FF0000000
ENDCHAR
STARTCHAR uni1EE9
ENCODING 7913
SWIDTH 565 0
DWIDTH 45 0
BBX 43 62 6 -1
BITMAP
000003E00000
000003F00000
000007F00000
000007F00000
00000FE00000
00000FE00000
00001FC00000
00001F800000
00003F800000
00003F000000
00007E000000
00007E000100
0000FC0007C0
0000F8000FE0
0001F8000FE0
0001F0000FE0
0001E0000FC0
000040000FC0
000000001FC0
000000001FC0
000000003F80
10000000FF80
FC00000FFF00
FE00001FFE00
FE00003FFC00
FE00003FF000
FE00003F8000
FE00003F8000
FE00003F8000
FE00003F8000
FE00003F8000
FE00003F8000
FE00003F8000
FE00003F8000
FE00003F8000
FE00003F8000
FE00003F8000
FE00003F8000
FE00003F8000
FE00003F8000
FE00003F8000
FE00003F8000
FE00003F8000
FE00003F8000
FE00003F8000
FE00003F8000
FE00003F8000
FE00003F8000
FE00007F8000
FE00007F8000
FE00007F8000
FF0000FF8000
FF0001FF8000
7F8003FF8000
7FC007FF8000
3FF83FFF8000
3FFFFFBF8000
1FFFFF3F8000
0FFFFE3F8000
07FFFC3F8000
01FFF01F8000
002F00040000
ENDCHAR
STARTCHAR uni1EEA
ENCODING 7914
SWIDTH 731 0
DWIDTH 58 0
BBX 55 77 6 -1
BITMAP
00070000000000
000F8000000000
001FC000000000
001FC000000000
000FE000000000
0007F000000000
0007F000000000
0003F800000000
0001FC00000000
0000FC0000003E
00007E0000007E
00003F0000007E
00001F0000007E
00001F0000007E
00000F000000FE
000000000000FE
000000000000FE
000000000001FC
000000000003FC
3C00000000FFF8
7E00000001FFF0
7F00000001FFE0
FF00000001FF80
FF00000001FC00
FF00000001FC00
FF00000001FC00
FF00000001FC00
FF00000001FC00
FF00000001FC00
FF00000001FC00
FF00000001FC00
FF00000001FC00
FF00000001FC00
FF00000001FC00
FF00000001FC00
FF00000001FC00
FF00000001FC00
FF00000001FC00
FF00000001FC00
FF00000001FC00
FF00000001FC00
FF00000001FC00
FF00000001FC00
FF00000001FC00
FF00000001FC00
FF00000001FC00
FF00000001FC00
FF00000001FC00
FF00000001FC00
FF00000001FC00
FF00000001FC00
FF00000001FC00
FF00000001FC00
FF00000001FC00
FF00000001FC00
FF00000001FC00
FF00000001FC00
7F00000003FC00
7F00000003FC00
7F80000003FC00
7F80000003F800
7F80000007F800
3F80000007F800
3FC0000007F800
3FE000000FF000
1FE000001FF000
1FF000003FE000
0FFC00007FE000
0FFE0001FFC000
07FFC007FF8000
03FFFFFFFF8000
01FFFFFFFE0000
00FFFFFFFC0000
003FFFFFF80000
001FFFFFE00000
0003FFFF000000
00000FF0000000
ENDCHAR
STARTCHAR uni1EEB
ENCODING 7915
SWIDTH 565 0
DWIDTH 45 0
BBX 43 62 6 -1
BITMAP
03E000000000
07E000000000
07F000000000
07F000000000
03F800000000
01F800000000
01FC00000000
00FC00000000
007E00000000
007E00000000
003F00000000
001F00000100
001F800007C0
000F80000FE0
000FC0000FE0
0007C0000FE0
0003C0000FC0
000100000FC0
000000001FC0
000000001FC0
000000003F80
10000000FF80
FC00000FFF00
FE00001FFE00
FE00003FFC00
FE00003FF000
FE00003F8000
FE00003F8000
FE00003F8000
FE00003F8000
FE00003F8000
FE00003F8000
FE00003F8000
FE00003F8000
FE00003F8000
FE00003F8000
FE00003F8000
FE00003F8000
FE00003F8000
FE00003F8000
FE00003F8000
FE00003F8000
FE00003F8000
FE00003F8000
FE00003F8000
FE00003F8000
FE00003F8000
FE00003F8000
FE00007F8000
FE00007F8000
FE00007F8000
FF0000FF8000
FF0001FF8000
7F8003FF8000
7FC007FF8000
3FF83FFF8000
3FFFFFBF8000
1FFFFF3F8000
0FFFFE3F8000
07FFFC3F8000
01FFF01F8000
002F00040000
ENDCHAR
STARTCHAR uni1EEC
ENCODING 7916
SWIDTH 731 0
DWIDTH 58 0
BBX 55 77 6 -1
BITMAP
00000180000000
00007FF8000000
0000FFFC000000
0000FFFE000000
0000FFFE000000
0000007F000000
0000003F000000
0000007E000000
000000FC000000
000001F800003E
000003F000007E
000007E000007E
000007C000007E
000007C000007E
000007C00000FE
000000000000FE
000000000000FE
000000000001FC
000000000003FC
3C00000000FFF8
7E00000001FFF0
7F00000001FFE0
FF00000001FF80
FF00000001FC00
FF00000001FC00
FF00000001FC00
FF00000001FC00
FF00000001FC00
FF00000001FC00
FF00000001FC00
FF00000001FC00
FF00000001FC00
FF00000001FC00
FF00000001FC00
FF00000001FC00
FF00000001FC00
FF00000001FC00
FF00000001FC00
FF00000001FC00
FF00000001FC00
FF00000001FC00
FF00000001FC00
FF00000001FC00
FF00000001FC00
FF00000001FC00
FF00000001FC00
FF00000001FC00
FF00000001FC00
FF00000001FC00
FF00000001FC00
FF00000001FC00
FF00000001FC00
FF00000001FC00
FF00000001FC00
FF00000001FC00
FF00000001FC00
FF00000001FC00
7F00000003FC00
7F00000003FC00
7F80000003FC00
7F80000003F800
7F80000007F800
3F80000007F800
3FC0000007F800
3FE000000FF000
1FE000001FF000
1FF000003FE000
0FFC00007FE000
0FFE0001FFC000
07FFC007FF8000
03FFFFFFFF8000
01FFFFFFFE0000
00FFFFFFFC0000
003FFFFFF80000
001FFFFFE00000
0003FFFF000000
00000FF0000000
ENDCHAR
STARTCHAR uni1EED
ENCODING 7917
SWIDTH 565 0
DWIDTH 45 0
BBX 43 62 6 -1
BITMAP
0007F0000000
003FFE000000
007FFF000000
007FFF000000
003C7F800000
00001F800000
00001F800000
00001F800000
00003F000000
00007E000000
0000FE000000
0001F8000100
0001F00007C0
0003E0000FE0
0003E0000FE0
0003E0000FE0
0003E0000FC0
000000000FC0
000000001FC0
000000001FC0
000000003F80
10000000FF80
FC00000FFF00
FE00001FFE00
FE00003FFC00
FE00003FF000
FE00003F8000
FE00003F8000
FE00003F8000
FE00003F8000
FE00003F8000
FE00003F8000
FE00003F8000
FE00003F8000
FE00003F8000
FE00003F8000
FE00003F8000
FE00003F8000
FE00003F8000
FE00003F8000
FE00003F8000
FE00003F8000
FE00003F8000
FE00003F8000
FE00003F8000
FE00003F8000
FE00003F8000
FE00003F8000
FE00007F8000
FE00007F8000
FE00007F8000
FF0000FF8000
FF0001FF8000
7F8003FF8000
7FC007FF8000
3FF83FFF8000
3FFFFFBF8000
1FFFFF3F8000
0FFFFE3F8000
07FFFC3F8000
01FFF01F8000
002F00040000
ENDCHAR
STARTCHAR uni1EEE
ENCODING 7918
SWIDTH 731 0
DWIDTH 58 0
BBX 55 75 6 -1
BITMAP
000080001C0000
000FF8003C0000
001FFC003C0000
003FFF003C0000
007FFF807C0000
007F7FE0F80000
00FC0FFFF80000
00F807FFF0003E
00F003FFF0007E
01F000FFE0007E
01E0003F80007E
00C0000000007E
000000000000FE
000000000000FE
000000000000FE
000000000001FC
000000000003FC
3C00000000FFF8
7E00000001FFF0
7F00000001FFE0
FF00000001FF80
FF00000001FC00
FF00000001FC00
FF00000001FC00
FF00000001FC00
FF00000001FC00
FF00000001FC00
FF00000001FC00
FF00000001FC00
FF00000001FC00
FF00000001FC00
FF00000001FC00
FF00000001FC00
FF00000001FC00
FF00000001FC00
FF00000001FC00
FF00000001FC00
FF00000001FC00
FF00000001FC00
FF00000001FC00
FF00000001FC00
FF00000001FC00
FF00000001FC00
FF00000001FC00
FF00000001FC00
FF00000001FC00
FF00000001FC00
FF00000001FC00
FF00000001FC00
FF00000001FC00
FF00000001FC00
FF00000001FC00
FF00000001FC00
FF00000001FC00
FF00000001FC00
7F00000003FC00
7F00000003FC00
7F80000003FC00
7F80000003F800
7F80000007F800
3F80000007F800
3FC0000007F800
3FE000000FF000
1FE000001FF000
1FF000003FE000
0FFC00007FE000
0FFE0001FFC000
07FFC007FF8000
03FFFFFFFF8000
01FFFFFFFE0000
00FFFFFFFC0000
003FFFFFF80000
001FFFFFE00000
0003FFFF000000
00000FF0000000
ENDCHAR
STARTCHAR uni1EEF
ENCODING 7919
SWIDTH 565 0
DWIDTH 45 0
BBX 43 60 6 -1
BITMAP
000000180000
01FC003C0000
03FE003C0000
07FF003C0000
0FFF807C0000
1FFFE0F80000
1F07FBF80000
1E03FFF80000
3E00FFF00000
3C007FE00100
3C003FC007C0
1C0006000FE0
000000000FE0
000000000FE0
000000000FC0
000000000FC0
000000001FC0
000000001FC0
000000003F80
10000000FF80
FC00000FFF00
FE00001FFE00
FE00003FFC00
FE00003FF000
FE00003F8000
FE00003F8000
FE00003F8000
FE00003F8000
FE00003F8000
FE00003F8000
FE00003F8000
FE00003F8000
FE00003F8000
FE00003F8000
FE00003F8000
FE00003F8000
FE00003F8000
FE00003F8000
FE00003F8000
FE00003F8000
FE00003F8000
FE00003F8000
FE00003F8000
FE00003F8000
FE00003F8000
FE00003F8000
FE00007F8000
FE00007F8000
FE00007F8000
FF0000FF8000
FF0001FF8000
7F8003FF8000
7FC007FF8000
3FF83FFF8000
3FFFFFBF8000
1FFFFF3F8000
0FFFFE3F8000
07FFFC3F8000
01FFF01F8000
002F00040000
ENDCHAR
STARTCHAR uni1EF0
ENCODING 7920
SWIDTH 731 0
DWIDTH 58 0
BBX 55 83 6 -16
BITMAP
0000000000003E
0000000000007E
0000000000007E
0000000000007E
0000000000007E
000000000000FE
000000000000FE
000000000000FE
000000000001FC
000000000003FC
3C00000000FFF8
7E00000001FFF0
7F00000001FFE0
FF00000001FF80
FF00000001FC00
FF00000001FC00
FF00000001FC00
FF00000001FC00
FF00000001FC00
FF00000001FC00
FF00000001FC00
FF00000001FC00
FF00000001FC00
FF00000001FC00
FF00000001FC00
FF00000001FC00
FF00000001FC00
FF00000001FC00
FF00000001FC00
FF00000001FC00
FF00000001FC00
FF00000001FC00
FF00000001FC00
FF00000001FC00
FF00000001FC00
FF00000001FC00
FF00000001FC00
FF00000001FC00
FF00000001FC00
FF00000001FC00
FF00000001FC00
FF00000001FC00
FF00000001FC00
FF00000001FC00
FF00000001FC00
FF00000001FC00
FF00000001FC00
FF00000001FC00
7F00000003FC00
7F00000003FC00
7F80000003FC00
7F80000003F800
7F80000007F800
3F80000007F800
3FC0000007F800
3FE000000FF000
1FE000001FF000
1FF000003FE000
0FFC00007FE000
0FFE0001FFC000
07FFC007FF8000
03FFFFFFFF8000
01FFFFFFFE0000
00FFFFFFFC0000
003FFFFFF80000
001FFFFFE00000
0003FFFF000000
00000FF0000000
00000000000000
00000000000000
00000000000000
00000000000000
00000000000000
00000000000000
00000300000000
00000FC0000000
00001FE0000000
00001FE0000000
00001FF0000000
00001FE0000000
00001FE0000000
00000FC0000000
00000100000000
ENDCHAR
STARTCHAR uni1EF1
ENCODING 7921
SWIDTH 565 0
DWIDTH 45 0
BBX 43 66 6 -16
BITMAP
000000000100
0000000007C0
000000000FE0
000000000FE0
000000000FE0
000000000FC0
000000000FC0
000000001FC0
000000001FC0
000000003F80
10000000FF80
FC00000FFF00
FE00001FFE00
FE00003FFC00
FE00003FF000
FE00003F8000
FE00003F8000
FE00003F8000
FE00003F8000
FE00003F8000
FE00003F8000
FE00003F8000
FE00003F8000
FE00003F8000
FE00003F8000
FE00003F8000
FE00003F8000
FE00003F8000
FE00003F8000
FE00003F8000
FE00003F8000
FE00003F8000
FE00003F8000
FE00003F8000
FE00003F8000
FE00003F8000
FE00003F8000
FE00007F8000
FE00007F8000
FE00007F8000
FF0000FF8000
FF0001FF8000
7F8003FF8000
7FC007FF8000
3FF83FFF8000
3FFFFFBF8000
1FFFFF3F8000
0FFFFE3F8000
07FFFC3F8000
01FFF01F8000
002F00040000
000000000000
000000000000
000000000000
000000000000
000000000000
000000000000
0000C0000000
0007F0000000
0007F0000000
000FF8000000
000FF8000000
000FF8000000
0007F0000000
0007F0000000
000180000000
ENDCHAR
STARTCHAR Ygrave
ENCODING 7922
SWIDTH 601 0
DWIDTH 48 0
BBX 46 77 1 -1
BITMAP
000600000000
000F80000000
001F80000000
001FC0000000
001FE0000000
000FE0000000
0007F0000000
0003F8000000
0001F8000000
0000FC000000
00007E000000
00007E000000
00003F000000
00001F000000
00000F000000
000000000000
000000000000
000000000000
000000000000
3C0000000078
7E00000001FC
FF00000001FC
FF00000003FC
7F80000007F8
7FC0000007F8
3FE000000FF0
1FE000001FE0
1FF000003FE0
0FF800003FC0
07F800007F80
03FC0000FF80
03FE0001FF00
01FF0001FE00
00FF0003FC00
00FF8007FC00
007FC007F800
003FE00FF000
001FE01FE000
001FF03FE000
000FF83FC000
0007F87F8000
0003FCFF8000
0003FFFF0000
0001FFFE0000
0000FFFC0000
0000FFFC0000
00007FF80000
00003FF00000
00001FF00000
00001FE00000
00001FE00000
00001FE00000
00001FE00000
00001FE00000
00001FE00000
00001FE00000
00001FE00000
00001FE00000
00001FE00000
00001FE00000
00001FE00000
00001FE00000
00001FE00000
00001FE00000
00001FE00000
00001FE00000
00001FE00000
00001FE00000
00001FE00000
00001FE00000
00001FE00000
00001FE00000
00001FE00000
00001FE00000
00000FC00000
00000FC00000
000001000000
ENDCHAR
STARTCHAR ygrave
ENCODING 7923
SWIDTH 517 0
DWIDTH 41 0
BBX 37 76 2 -15
BITMAP
00F8000000
00F8000000
01FC000000
00FE000000
00FE000000
007F000000
007F000000
003F800000
001F800000
001FC00000
000FC00000
0007E00000
0007E00000
0003F00000
0001F00000
0001F00000
0000F00000
0000400000
0000000000
0000000000
0000000000
1000000020
7C000000F8
FE000001F8
FE000003F8
FF000003F8
FF000003F8
7F800007F8
7F800007F0
3F80000FF0
3FC0000FE0
1FC0000FE0
1FE0001FC0
1FE0001FC0
0FE0003F80
0FF0003F80
07F0007F80
07F8007F00
03F8007F00
03FC00FE00
03FC00FE00
01FC01FC00
01FE01FC00
00FE01FC00
00FF03F800
007F03F800
007F07F000
007F87F000
003F8FE000
003FCFE000
001FCFE000
001FDFC000
000FFFC000
000FFF8000
000FFF8000
0007FF0000
0007FF0000
0003FF0000
0003FE0000
0001FE0000
0001FC0000
0003FC0000
0003F80000
0007F80000
0007F80000
0007F00000
000FF00000
000FE00000
001FE00000
001FC00000
003FC00000
003F800000
003F800000
003F800000
003F000000
001E000000
ENDCHAR
STARTCHAR uni1EF4
ENCODING 7924
SWIDTH 601 0
DWIDTH 48 0
BBX 46 73 1 -16
BITMAP
3C0000000078
7E00000001FC
FF00000001FC
FF00000003FC
7F80000007F8
7FC0000007F8
3FE000000FF0
1FE000001FE0
1FF000003FE0
0FF800003FC0
07F800007F80
03FC0000FF80
03FE0001FF00
01FF0001FE00
00FF0003FC00
00FF8007FC00
007FC007F800
003FE00FF000
001FE01FE000
001FF03FE000
000FF83FC000
0007F87F8000
0003FCFF8000
0003FFFF0000
0001FFFE0000
0000FFFC0000
0000FFFC0000
00007FF80000
00003FF00000
00001FF00000
00001FE00000
00001FE00000
00001FE00000
00001FE00000
00001FE00000
00001FE00000
00001FE00000
00001FE00000
00001FE00000
00001FE00000
00001FE00000
00001FE00000
00001FE00000
00001FE00000
00001FE00000
00001FE00000
00001FE00000
00001FE00000
00001FE00000
00001FE00000
00001FE00000
00001FE00000
00001FE00000
00001FE00000
00001FE00000
00000FC00000
00000FC00000
000001000000
000000000000
000000000000
000000000000
000000000000
000000000000
000000000000
000001000000
00000FC00000
00001FE00000
00001FE00000
00001FE00000
00001FE00000
00001FE00000
00000FC00000
000003000000
ENDCHAR
STARTCHAR uni1EF5
ENCODING 7925
SWIDTH 517 0
DWIDTH 41 0
BBX 37 56 2 -16
BITMAP
1000000020
7C000000F8
FE000001F8
FE000003F8
FF000003F8
FF000003F8
7F800007F8
7F800007F0
3F80000FF0
3FC0000FE0
1FC0000FE0
1FE0001FC0
1FE0001FC0
0FE0003F80
0FF0003F80
07F0007F80
07F8007F00
03F8007F00
03FC00FE00
03FC00FE00
01FC01FC00
01FE01FC00
00FE01FC00
00FF03F800
007F03F800
007F07F000
007F87F000
003F8FE000
003FCFE000
001FCFE000
001FDFC000
000FFFC000
000FFF8000
000FFF8000
0007FF0000
0007FF0000
0003FF0000
0003FE0000
0001FE0000
0001FC0000
0003FC0000
0003F80000
0007F80000
0007F80000
0007F00000
000FF00000
000FE00000
001FE00400
001FC03F80
003FC03F80
003F807FC0
003F807FC0
003F807FC0
003F003F80
001E003F80
0000000400
ENDCHAR
STARTCHAR uni1EF6
ENCODING 7926
SWIDTH 601 0
DWIDTH 48 0
BBX 46 77 1 -1
BITMAP
000001000000
00007FF80000
0000FFFC0000
0000FFFE0000
0000FFFE0000
0000007E0000
0000007E0000
0000007E0000
000000FC0000
000001F80000
000003F00000
000007C00000
000007C00000
000007C00000
000007800000
000000000000
000000000000
000000000000
000000000000
3C0000000078
7E00000001FC
FF00000001FC
FF00000003FC
7F80000007F8
7FC0000007F8
3FE000000FF0
1FE000001FE0
1FF000003FE0
0FF800003FC0
07F800007F80
03FC0000FF80
03FE0001FF00
01FF0001FE00
00FF0003FC00
00FF8007FC00
007FC007F800
003FE00FF000
001FE01FE000
001FF03FE000
000FF83FC000
0007F87F8000
0003FCFF8000
0003FFFF0000
0001FFFE0000
0000FFFC0000
0000FFFC0000
00007FF80000
00003FF00000
00001FF00000
00001FE00000
00001FE00000
00001FE00000
00001FE00000
00001FE00000
00001FE00000
00001FE00000
00001FE00000
00001FE00000
00001FE00000
00001FE00000
00001FE00000
00001FE00000
00001FE00000
00001FE00000
00001FE00000
00001FE00000
00001FE00000
00001FE00000
00001FE00000
00001FE00000
00001FE00000
00001FE00000
00001FE00000
00001FE00000
00000FC00000
00000FC00000
000001000000
ENDCHAR
STARTCHAR uni1EF7
ENCODING 7927
SWIDTH 517 0
DWIDTH 41 0
BBX 37 76 2 -15
BITMAP
0000FC0000
000FFF8000
001FFFC000
001FFFE000
000F1FE000
000007E000
000007E000
000007E000
00000FC000
00001FC000
00003F8000
00003E0000
00007C0000
00007C0000
0000F80000
0000F80000
0000780000
0000000000
0000000000
0000000000
0000000000
1000000020
7C000000F8
FE000001F8
FE000003F8
FF000003F8
FF000003F8
7F800007F8
7F800007F0
3F80000FF0
3FC0000FE0
1FC0000FE0
1FE0001FC0
1FE0001FC0
0FE0003F80
0FF0003F80
07F0007F80
07F8007F00
03F8007F00
03FC00FE00
03FC00FE00
01FC01FC00
01FE01FC00
00FE01FC00
00FF03F800
007F03F800
007F07F000
007F87F000
003F8FE000
003FCFE000
001FCFE000
001FDFC000
000FFFC000
000FFF8000
000FFF8000
0007FF0000
0007FF0000
0003FF0000
0003FE0000
0001FE0000
0001FC0000
0003FC0000
0003F80000
0007F80000
0007F80000
0007F00000
000FF00000
000FE00000
001FE00000
001FC00000
003FC00000
003F800000
003F800000
003F800000
003F000000
001E000000
ENDCHAR
STARTCHAR uni1EF8
ENCODING 7928
SWIDTH 601 0
DWIDTH 48 0
BBX 46 75 1 -1
BITMAP
000180000E00
001FF0000F00
003FFC001F00
007FFF001E00
00FFFFC03E00
00FEFFE07E00
01F01FFFFC00
01F007FFFC00
03E003FFF800
03E000FFF000
03C0003FC000
01C000000000
000000000000
000000000000
000000000000
000000000000
000000000000
3C0000000078
7E00000001FC
FF00000001FC
FF00000003FC
7F80000007F8
7FC0000007F8
3FE000000FF0
1FE000001FE0
1FF000003FE0
0FF800003FC0
07F800007F80
03FC0000FF80
03FE0001FF00
01FF0001FE00
00FF0003FC00
00FF8007FC00
007FC007F800
003FE00FF000
001FE01FE000
001FF03FE000
000FF83FC000
0007F87F8000
0003FCFF8000
0003FFFF0000
0001FFFE0000
0000FFFC0000
0000FFFC0000
00007FF80000
00003FF00000
00001FF00000
00001FE00000
00001FE00000
00001FE00000
00001FE00000
00001FE00000
00001FE00000
00001FE00000
00001FE00000
00001FE00000
00001FE00000
00001FE00000
00001FE00000
00001FE00000
00001FE00000
00001FE00000
00001FE00000
00001FE00000
00001FE00000
00001FE00000
00001FE00000
00001FE00000
00001FE00000
00001FE00000
00001FE00000
00001FE00000
00000FC00000
00000FC00000
000001000000
ENDCHAR
STARTCHAR uni1EF9
ENCODING 7929
SWIDTH 517 0
DWIDTH 41 0
BBX 37 74 2 -15
BITMAP
0000000300
007F000780
00FFC00780
01FFE00780
03FFF00F80
03FFF81F00
07E1FF7F00
07C07FFE00
07803FFE00
0F801FFC00
0F0007F800
070001C000
0000000000
0000000000
0000000000
0000000000
0000000000
0000000000
0000000000
1000000020
7C000000F8
FE000001F8
FE000003F8
FF000003F8
FF000003F8
7F800007F8
7F800007F0
3F80000FF0
3FC0000FE0
1FC0000FE0
1FE0001FC0
1FE0001FC0
0FE0003F80
0FF0003F80
07F0007F80
07F8007F00
03F8007F00
03FC00FE00
03FC00FE00
01FC01FC00
01FE01FC00
00FE01FC00
00FF03F800
007F03F800
007F07F000
007F87F000
003F8FE000
003FCFE000
001FCFE000
001FDFC000
000FFFC000
000FFF8000
000FFF8000
0007FF0000
0007FF0000
0003FF0000
0003FE0000
0001FE0000
0001FC0000
0003FC0000
0003F80000
0007F80000
0007F80000
0007F00000
000FF00000
000FE00000
001FE00000
001FC00000
003FC00000
003F800000
003F800000
003F800000
003F000000
001E000000
ENDCHAR
STARTCHAR uni2007
ENCODING 8199
SWIDTH 600 0
DWIDTH 48 0
BBX 1 1 0 0
BITMAP
00
ENDCHAR
STARTCHAR uni2008
ENCODING 8200
SWIDTH 233 0
DWIDTH 19 0
BBX 1 1 0 0
BITMAP
00
ENDCHAR
STARTCHAR uni2009
ENCODING 8201
SWIDTH 200 0
DWIDTH 16 0
BBX 1 1 0 0
BITMAP
00
ENDCHAR
STARTCHAR uni200A
ENCODING 8202
SWIDTH 100 0
DWIDTH 8 0
BBX 1 1 0 0
BITMAP
00
ENDCHAR
STARTCHAR uni200B
ENCODING 8203
SWIDTH 0 0
DWIDTH 0 0
BBX 1 1 0 0
BITMAP
00
ENDCHAR
STARTCHAR uni2010
ENCODING 8208
SWIDTH 427 0
DWIDTH 34 0
BBX 24 6 5 18
BITMAP
7FFFFE
FFFFFF
FFFFFF
FFFFFF
7FFFFE
3FFFFC
ENDCHAR
STARTCHAR figuredash
ENCODING 8210
SWIDTH 600 0
DWIDTH 48 0
BBX 38 5 5 19
BITMAP
3FFFFFFFF0
FFFFFFFFFC
FFFFFFFFFC
FFFFFFFFFC
7FFFFFFFF8
ENDCHAR
STARTCHAR endash
ENCODING 8211
SWIDTH 500 0
DWIDTH 40 0
BBX 42 5 -1 19
BITMAP
3FFFFFFFFF00
7FFFFFFFFF80
FFFFFFFFFFC0
7FFFFFFFFF80
7FFFFFFFFF80
ENDCHAR
STARTCHAR emdash
ENCODING 8212
SWIDTH 1000 0
DWIDTH 80 0
BBX 82 5 -1 19
BITMAP
3FFFFFFFFFFFFFFFFFFF00
7FFFFFFFFFFFFFFFFFFF80
FFFFFFFFFFFFFFFFFFFFC0
7FFFFFFFFFFFFFFFFFFF80
7FFFFFFFFFFFFFFFFFFF80
ENDCHAR
STARTCHAR uni2015
ENCODING 8213
SWIDTH 1000 0
DWIDTH 80 0
BBX 82 5 -1 19
BITMAP
3FFFFFFFFFFFFFFFFFFF00
7FFFFFFFFFFFFFFFFFFF80
FFFFFFFFFFFFFFFFFFFFC0
7FFFFFFFFFFFFFFFFFFF80
7FFFFFFFFFFFFFFFFFFF80
ENDCHAR
STARTCHAR quoteleft
ENCODING 8216
SWIDTH 233 0
DWIDTH 19 0
BBX 9 19 5 38
BITMAP
0400
0E00
1F00
3E00
3E00
7C00
7800
F800
F800
FC00
FF00
FF00
FF80
FF80
FF80
FF80
FF00
7F00
1800
ENDCHAR
STARTCHAR quoteright
ENCODING 8217
SWIDTH 233 0
DWIDTH 19 0
BBX 9 18 5 39
BITMAP
1800
7E00
FF00
FF80
FF80
FF80
FF80
FF80
7F80
1F80
0F80
0F00
1F00
1F00
3E00
7C00
7C00
7800
ENDCHAR
STARTCHAR quotesinglbase
ENCODING 8218
SWIDTH 233 0
DWIDTH 19 0
BBX 9 18 5 -9
BITMAP
3E00
7F00
FF00
FF80
FF80
FF80
FF80
FF80
3F80
0F80
0F00
1F00
1F00
3E00
3E00
7C00
7800
3800
ENDCHAR
STARTCHAR quotedblleft
ENCODING 8220
SWIDTH 405 0
DWIDTH 32 0
BBX 23 19 5 38
BITMAP
040010
0E0078
1F0078
3E00F8
3E01F0
7C01F0
7803E0
F803E0
F803C0
FC03E0
FF07F8
FF07FC
FF87FE
FF87FE
FF87FE
FF83FE
FF03FC
7F01F8
180060
ENDCHAR
STARTCHAR quotedblright
ENCODING 8221
SWIDTH 405 0
DWIDTH 32 0
BBX 23 18 5 39
BITMAP
1800E0
7E01F8
FF03FC
FF83FC
FF87FE
FF87FE
FF83FE
FF83FE
7F81FE
1F807E
0F803C
0F007C
1F007C
1F00F8
3E00F8
7C01F0
7C01F0
7801E0
ENDCHAR
STARTCHAR quotedblbase
ENCODING 8222
SWIDTH 405 0
DWIDTH 32 0
BBX 23 18 5 -9
BITMAP
3E01F0
7F03FC
FF03FC
FF87FE
FF87FE
FF87FE
FF83FE
FF83FE
3F81FE
0F803C
0F003C
1F007C
1F007C
3E00F8
3E01F8
7C01F0
7801E0
3801C0
ENDCHAR
STARTCHAR dagger
ENCODING 8224
SWIDTH 329 0
DWIDTH 26 0
BBX 24 45 1 12
BITMAP
003C00
003E00
007E00
007E00
007E00
007E00
007E00
007E00
007E00
007E00
7FFFFF
FFFFFF
FFFFFF
FFFFFF
7FFFFE
007E00
007E00
007E00
007E00
007E00
007E00
007E00
007E00
007E00
007E00
007E00
007E00
007E00
007E00
007E00
007E00
007E00
007E00
007E00
007E00
007E00
007E00
007E00
007E00
007E00
007E00
007E00
007E00
003E00
003C00
ENDCHAR
STARTCHAR daggerdbl
ENCODING 8225
SWIDTH 329 0
DWIDTH 26 0
BBX 24 45 1 12
BITMAP
003C00
003E00
007E00
007E00
007E00
007E00
007E00
007E00
007E00
007E00
7FFFFF
FFFFFF
FFFFFF
FFFFFF
7FFFFE
007E00
007E00
007E00
007E00
007E00
007E00
007E00
007E00
007E00
007E00
007E00
007E00
007E00
007E00
007E00
7FFFFE
FFFFFF
FFFFFF
FFFFFF
7FFFFE
007E00
007E00
007E00
007E00
007E00
007E00
007E00
007E00
003E00
003C00
ENDCHAR
STARTCHAR bullet
ENCODING 8226
SWIDTH 524 0
DWIDTH 42 0
BBX 29 28 6 7
BITMAP
003FF000
00FFFC00
03FFFF00
07FFFF80
0FFFFFC0
1FFFFFE0
1FFFFFE0
3FFFFFF0
3FFFFFF0
7FFFFFF8
7FFFFFF8
7FFFFFF8
7FFFFFF8
FFFFFFF8
FFFFFFF8
7FFFFFF8
7FFFFFF8
7FFFFFF8
7FFFFFF8
3FFFFFF0
3FFFFFF0
1FFFFFE0
0FFFFFC0
0FFFFFC0
07FFFF00
01FFFE00
007FF800
001FE000
ENDCHAR
STARTCHAR ellipsis
ENCODING 8230
SWIDTH 700 0
DWIDTH 56 0
BBX 46 9 5 0
BITMAP
3E0007C001F0
7F001FE003F8
FF801FE007FC
FF803FF007FC
FF803FF007FC
FF803FF007FC
FF801FE007FC
7F001FE003FC
3E000FC001F8
ENDCHAR
STARTCHAR perthousand
ENCODING 8240
SWIDTH 1330 0
DWIDTH 106 0
BBX 98 60 4 -2
BITMAP
000000000001C0000000000000
003FC0000003E0000000000000
01FFF8000003F0000000000000
03FFFC000007F0000000000000
07FFFE000007E0000000000000
0FFFFF00000FE0000000000000
1FF0FF80001FC0000000000000
3FC03F80001FC0000000000000
3F801FC0003F80000000000000
3F000FC0003F00000000000000
7F000FE0007F00000000000000
7E0007E0007E00000000000000
7E0007E000FE00000000000000
7E0007E001FC00000000000000
FE0007F001FC00000000000000
FE0007F003F800000000000000
FC0007F003F000000000000000
FC0007F007F000000000000000
FC0007F00FE000000000000000
FC0007F00FE000000000000000
FC0007F01FC000000000000000
FE0007F01F8000000000000000
7E0007E03F8000000000000000
7E0007E03F0000000000000000
7E0007E07F003F0000003E0000
7F000FE0FE01FFE00003FFC000
7F000FC0FE07FFF00007FFF000
3F801FC1FC0FFFFC000FFFF800
3FC03FC1F81FFFFE001FFFFC00
1FE07F83F83FF7FE003FF7FE00
0FFFFF03F07F80FF007F80FF00
0FFFFF07F07F007F807F007F00
07FFFC0FE0FE003F80FE003F80
01FFF80FE0FE001F80FC001F80
007FE01FC0FC001FC0FC001F80
0000001F80FC000FC1FC001FC0
0000003F81FC000FC1F8000FC0
0000003F01F8000FC1F8000FC0
0000007F01F8000FC1F8000FC0
000000FE01F8000FC1F8000FC0
000000FE01F8000FC1F8000FC0
000001FC01F8000FC1F8000FC0
000001F801F8000FC1F8000FC0
000003F801F8000FC1F8000FC0
000003F001F8000FC1F8000FC0
000007F001F8000FC1F8000FC0
00000FE001FC000FC1F8000FC0
00000FE000FC000FC1FC001FC0
00001FC000FC001FC0FC001F80
00001F8000FE001F80FC001F80
00003F8000FE003F80FE003F80
00007F00007F003F807F007F00
00007F00007F80FF007F80FF00
0000FE00003FFFFE003FF7FE00
0000FE00001FFFFE001FFFFC00
0001FC00000FFFFC000FFFF800
0001F8000007FFF00007FFF000
0001F8000001FFE00001FFC000
0000F00000003E0000003E0000
00006000000000000000000000
ENDCHAR
STARTCHAR minute
ENCODING 8242
SWIDTH 226 0
DWIDTH 18 0
BBX 8 24 5 33
BITMAP
3C
7E
FF
FF
FF
FF
FF
FF
FF
7F
7F
7E
7E
7E
7E
7E
7E
7E
7E
7E
7E
3E
3C
18
ENDCHAR
STARTCHAR second
ENCODING 8243
SWIDTH 405 0
DWIDTH 32 0
BBX 22 24 5 33
BITMAP
3C00F0
7E01F8
FF01FC
FF03FC
FF03FC
FF03FC
FF01FC
FF01FC
FF01FC
7F01FC
7F01FC
7E01FC
7E01FC
7E01FC
7E01F8
7E01F8
7E01F8
7E01F8
7E01F8
7E00F8
7E00F8
3E00F8
3C00F0
080020
ENDCHAR
STARTCHAR guilsinglleft
ENCODING 8249
SWIDTH 266 0
DWIDTH 21 0
BBX 13 29 4 7
BITMAP
0060
00F0
01F8
01F8
03F8
07F0
07F0
0FE0
0FE0
1FC0
3FC0
3F80
7F80
7F00
FF00
7F00
7F00
7F80
3F80
1FC0
1FC0
0FE0
0FE0
07F0
03F0
03F8
01F8
00F8
00F0
ENDCHAR
STARTCHAR guilsinglright
ENCODING 8250
SWIDTH 266 0
DWIDTH 21 0
BBX 13 29 4 7
BITMAP
3000
7C00
FC00
FE00
7E00
7F00
3F80
3F80
1FC0
1FC0
0FE0
0FF0
07F0
07F8
03F8
07F8
07F0
0FF0
0FE0
1FE0
1FC0
3FC0
3F80
7F00
7F00
7E00
FC00
7C00
7800
ENDCHAR
STARTCHAR fraction
ENCODING 8260
SWIDTH 176 0
DWIDTH 14 0
BBX 36 59 -11 -1
BITMAP
00000000E0
00000001F0
00000001F0
00000003F0
00000007F0
00000007E0
0000000FE0
0000000FC0
0000001FC0
0000001F80
0000003F00
0000007F00
0000007E00
000000FE00
000000FC00
000001FC00
000003F800
000003F000
000007F000
000007E000
00000FE000
00000FC000
00001F8000
00003F8000
00003F0000
00007F0000
00007E0000
0000FE0000
0000FC0000
0001F80000
0003F80000
0003F00000
0007F00000
0007E00000
000FE00000
000FC00000
001F800000
003F800000
003F000000
007F000000
007E000000
00FE000000
01FC000000
01F8000000
03F8000000
03F0000000
07F0000000
07E0000000
0FC0000000
1FC0000000
1F80000000
3F80000000
3F00000000
7F00000000
7E00000000
FC00000000
FC00000000
F800000000
7800000000
ENDCHAR
STARTCHAR uni2052
ENCODING 8274
SWIDTH 600 0
DWIDTH 48 0
BBX 32 65 8 -5
BITMAP
00000038
0000007C
0000007C
000000FC
000000FC
000001FC
080001F8
3F0001F8
7F8003F8
FF8003F0
FFC007F0
FFC007E0
FF8007E0
7F800FE0
7F000FC0
1E001FC0
00001F80
00001F80
00003F80
00003F00
00003F00
00007E00
00007E00
0000FE00
0000FC00
0000FC00
0001FC00
0001F800
0003F800
0003F000
0003F000
0007F000
0007E000
000FE000
000FC000
000FC000
001FC000
001F8000
003F8000
003F0000
003F0000
007F0000
007E0000
007E0000
00FC0000
00FC0000
01FC0000
01F80000
01F800FC
03F001FE
03F001FF
07F003FF
07E003FF
07E003FF
0FE001FE
0FC001FE
1FC000FC
1F800000
1F800000
3F800000
3F000000
7F000000
3E000000
3E000000
1C000000
ENDCHAR
STARTCHAR uni2070
ENCODING 8304
SWIDTH 380 0
DWIDTH 30 0
BBX 25 34 3 23
BITMAP
00FF8000
03FFE000
0FFFF000
1FFFF800
1FFFFC00
3F81FC00
3F00FE00
7E007E00
7E003F00
FC003F00
FC003F00
FC003F00
FC001F80
FC001F80
FC001F80
FC001F80
FC001F80
FC001F80
FC001F80
FC001F80
FC001F80
FC001F80
FC003F00
FC003F00
FC003F00
7E003F00
7E007E00
7F007E00
3F80FC00
1FE7FC00
1FFFF800
0FFFF000
03FFE000
01FF8000
ENDCHAR
STARTCHAR uni2074
ENCODING 8308
SWIDTH 380 0
DWIDTH 30 0
BBX 27 34 2 23
BITMAP
00007800
0000FC00
0001FC00
0003FC00
0007FC00
0007FC00
000FFC00
001FFC00
001FFC00
003FFC00
007EFC00
007CFC00
00F8FC00
01F8FC00
01F0FC00
03E0FC00
07E0FC00
07C0FC00
0F80FC00
1F80FC00
1F00FC00
3E00FC00
7FFFFF80
7FFFFFE0
FFFFFFE0
FFFFFFE0
7FFFFFE0
1FFFFF80
0000FC00
0000FC00
0000FC00
0000FC00
0000FC00
00007800
ENDCHAR
STARTCHAR uni2075
ENCODING 8309
SWIDTH 380 0
DWIDTH 30 0
BBX 24 34 4 23
BITMAP
3FFFF8
7FFFFC
7FFFFC
7FFFFC
7FFFFC
7E0000
7E0000
7E0000
7E0000
7E0000
7E0000
7E0000
7E0C00
7EFFC0
7FFFF0
7FFFF8
7FFFFC
7F83FC
7C00FE
78007E
00007E
00003F
00003F
00003F
00003F
00007E
00007E
F000FE
FC01FE
FFFFFC
FFFFF8
7FFFF0
1FFFE0
03FF80
ENDCHAR
STARTCHAR uni2076
ENCODING 8310
SWIDTH 380 0
DWIDTH 30 0
BBX 25 34 3 23
BITMAP
003FE000
00FFFC00
03FFFE00
07FFFF00
0FFFFF00
1FE01F00
1F800700
3F000000
3F000000
7E000000
7E000000
7C000000
FC000000
FC3FE000
FC7FF800
FDFFFC00
FFFFFE00
FFC0FE00
FF807F00
FF003F00
FE001F80
FE001F80
FE001F80
FE001F80
7E001F80
7E001F80
7E001F00
3F003F00
3F807F00
1FE0FE00
0FFFFC00
07FFF800
03FFF000
00FFC000
ENDCHAR
STARTCHAR uni2077
ENCODING 8311
SWIDTH 380 0
DWIDTH 30 0
BBX 24 34 3 23
BITMAP
7FFFFE
FFFFFF
FFFFFF
FFFFFF
7FFFFF
00007F
0000FE
0000FE
0001FC
0001FC
0003F8
0003F8
0007F0
0007F0
000FE0
000FE0
001FC0
001FC0
003F80
003F80
007F00
007F00
00FE00
00FE00
01FC00
01FC00
03F800
03F800
07F000
07F000
0FE000
0FE000
0FC000
078000
ENDCHAR
STARTCHAR uni2078
ENCODING 8312
SWIDTH 380 0
DWIDTH 30 0
BBX 26 34 2 23
BITMAP
00FFC000
03FFF800
0FFFFC00
1FFFFE00
3FE1FF00
3F803F80
7F001F80
7E001F80
7E000F80
7E000F80
7E000F80
3E001F80
3F001F00
1F803F00
0FF1FE00
07FFFC00
01FFF000
07FFFC00
1FFFFE00
3FC0FF00
3F003F80
7E000F80
7C000FC0
7C000FC0
FC0007C0
FC000FC0
7C000FC0
7E000FC0
7F001F80
3FC0FF80
3FFFFF00
0FFFFE00
07FFF800
01FFE000
ENDCHAR
STARTCHAR uni2079
ENCODING 8313
SWIDTH 380 0
DWIDTH 30 0
BBX 24 34 3 23
BITMAP
01FF00
07FFC0
1FFFE0
3FFFF0
7FC7F8
7E01FC
FC00FE
FC007E
F8007E
F8003F
F8003F
F8003F
F8007F
F8007F
FC007F
FE00FF
7F03FF
3FFFDF
3FFF9F
0FFF1F
07FC1F
00003F
00003F
00003F
00007E
00007E
0000FC
6001FC
F803F8
FFFFF8
FFFFF0
7FFFE0
3FFF80
07FE00
ENDCHAR
STARTCHAR uni2080
ENCODING 8320
SWIDTH 380 0
DWIDTH 30 0
BBX 25 34 3 0
BITMAP
00FF8000
03FFE000
0FFFF000
1FFFF800
1FFFFC00
3F81FC00
3F00FE00
7E007E00
7E003F00
FC003F00
FC003F00
FC003F00
FC001F80
FC001F80
FC001F80
FC001F80
FC001F80
FC001F80
FC001F80
FC001F80
FC001F80
FC001F80
FC003F00
FC003F00
FC003F00
7E003F00
7E007E00
7F007E00
3F80FC00
1FE7FC00
1FFFF800
0FFFF000
03FFE000
01FF8000
ENDCHAR
STARTCHAR uni2081
ENCODING 8321
SWIDTH 380 0
DWIDTH 30 0
BBX 21 34 6 0
BITMAP
007800
00FC00
03FC00
0FFC00
3FFC00
7FFC00
FFFC00
FFFC00
FCFC00
70FC00
00FC00
00FC00
00FC00
00FC00
00FC00
00FC00
00FC00
00FC00
00FC00
00FC00
00FC00
00FC00
00FC00
00FC00
00FC00
00FC00
00FC00
00FC00
00FC00
7FFFF0
FFFFF8
FFFFF8
FFFFF8
7FFFF0
ENDCHAR
STARTCHAR uni2082
ENCODING 8322
SWIDTH 380 0
DWIDTH 30 0
BBX 24 34 3 0
BITMAP
01FF00
0FFFC0
3FFFF0
7FFFF8
FFFFF8
FE07FC
F801FC
2001FC
0000FC
0000FC
0000FC
0000FC
0000FC
0001FC
0001F8
0003F8
0007F0
000FE0
000FE0
001FC0
003F80
007F00
00FE00
01FC00
03F800
07F000
0FE000
1FC000
3F8000
7FFFFF
7FFFFF
7FFFFF
7FFFFF
3FFFFF
ENDCHAR
STARTCHAR uni2083
ENCODING 8323
SWIDTH 380 0
DWIDTH 30 0
BBX 24 34 3 0
BITMAP
01FF00
0FFFE0
3FFFF0
7FFFF8
FFFFFC
FF03FC
F800FE
2000FE
00007E
00007E
00007E
0000FC
0000FC
0003F8
03FFF0
07FFE0
07FF80
07FFF0
07FFF8
01FFFC
0000FE
00007E
00007E
00003F
00003F
00007F
20007E
F800FE
FE01FE
FFFFFC
FFFFFC
3FFFF8
1FFFE0
03FF80
ENDCHAR
STARTCHAR uni2084
ENCODING 8324
SWIDTH 380 0
DWIDTH 30 0
BBX 27 34 2 0
BITMAP
00007800
0000FC00
0001FC00
0003FC00
0007FC00
0007FC00
000FFC00
001FFC00
001FFC00
003FFC00
007EFC00
007CFC00
00F8FC00
01F8FC00
01F0FC00
03E0FC00
07E0FC00
07C0FC00
0F80FC00
1F80FC00
1F00FC00
3E00FC00
7FFFFF80
7FFFFFE0
FFFFFFE0
FFFFFFE0
7FFFFFE0
1FFFFF80
0000FC00
0000FC00
0000FC00
0000FC00
0000FC00
00007800
ENDCHAR
STARTCHAR uni2085
ENCODING 8325
SWIDTH 380 0
DWIDTH 30 0
BBX 24 34 4 0
BITMAP
3FFFF8
7FFFFC
7FFFFC
7FFFFC
7FFFFC
7E0000
7E0000
7E0000
7E0000
7E0000
7E0000
7E0000
7E0C00
7EFFC0
7FFFF0
7FFFF8
7FFFFC
7F83FC
7C00FE
78007E
00007E
00003F
00003F
00003F
00003F
00007E
00007E
F000FE
FC01FE
FFFFFC
FFFFF8
7FFFF0
1FFFE0
03FF80
ENDCHAR
STARTCHAR uni2086
ENCODING 8326
SWIDTH 380 0
DWIDTH 30 0
BBX 25 34 3 0
BITMAP
003FE000
00FFFC00
03FFFE00
07FFFF00
0FFFFF00
1FE01F00
1F800700
3F000000
3F000000
7E000000
7E000000
7C000000
FC000000
FC3FE000
FC7FF800
FDFFFC00
FFFFFE00
FFC0FE00
FF807F00
FF003F00
FE001F80
FE001F80
FE001F80
FE001F80
7E001F80
7E001F80
7E001F00
3F003F00
3F807F00
1FE0FE00
0FFFFC00
07FFF800
03FFF000
00FFC000
ENDCHAR
STARTCHAR uni2087
ENCODING 8327
SWIDTH 380 0
DWIDTH 30 0
BBX 24 34 3 0
BITMAP
7FFFFE
FFFFFF
FFFFFF
FFFFFF
7FFFFF
00007F
0000FE
0000FE
0001FC
0001FC
0003F8
0003F8
0007F0
0007F0
000FE0
000FE0
001FC0
001FC0
003F80
003F80
007F00
007F00
00FE00
00FE00
01FC00
01FC00
03F800
03F800
07F000
07F000
0FE000
0FE000
0FC000
078000
ENDCHAR
STARTCHAR uni2088
ENCODING 8328
SWIDTH 380 0
DWIDTH 30 0
BBX 26 34 2 0
BITMAP
00FFC000
03FFF800
0FFFFC00
1FFFFE00
3FE1FF00
3F803F80
7F001F80
7E001F80
7E000F80
7E000F80
7E000F80
3E001F80
3F001F00
1F803F00
0FF1FE00
07FFFC00
01FFF000
07FFFC00
1FFFFE00
3FC0FF00
3F003F80
7E000F80
7C000FC0
7C000FC0
FC0007C0
FC000FC0
7C000FC0
7E000FC0
7F001F80
3FC0FF80
3FFFFF00
0FFFFE00
07FFF800
01FFE000
ENDCHAR
STARTCHAR uni2089
ENCODING 8329
SWIDTH 380 0
DWIDTH 30 0
BBX 24 34 3 0
BITMAP
01FF00
07FFC0
1FFFE0
3FFFF0
7FC7F8
7E01FC
FC00FE
FC007E
F8007E
F8003F
F8003F
F8003F
F8007F
F8007F
FC007F
FE00FF
7F03FF
3FFFDF
3FFF9F
0FFF1F
07FC1F
00003F
00003F
00003F
00007E
00007E
0000FC
6001FC
F803F8
FFFFF8
FFFFF0
7FFFE0
3FFF80
07FE00
ENDCHAR
STARTCHAR colonmonetary
ENCODING 8353
SWIDTH 600 0
DWIDTH 48 0
BBX 40 76 5 -10
BITMAP
000003803C
000007C03E
000007C07E
000007C07E
00000FC07C
00000F807C
00000F80FC
00001F80FC
00001F80F8
00001FC0F8
0000FFFFF8
0007FFFFF0
001FFFFFF0
003FFFFFF8
00FFFFFFFC
01FFFFFFFE
03FFF00FFF
03FF8000FF
07FE00007F
0FFC00001E
0FF800000C
1FF0000000
1FE0000000
3FE0000000
3FC0000000
7FC0000000
7F80000000
7F80000000
7F80000000
FF00000000
FF00000000
FF00000000
FF00000000
FF00000000
FF00000000
FF00000000
FF00000000
FF00000000
FF00000000
FF00000000
FF00000000
FF00000000
FF00000000
FF00000000
FF00000000
FF00000000
7F80000000
7F80000000
7F80000000
7F80000000
3FC0000000
3FC0000000
3FE0000000
1FF0000000
1FF0000000
0FF800001E
0FFC00003F
07FF00007F
07FFC003FF
07FFFE7FFF
07FFFFFFFE
07FFFFFFFC
0FFFFFFFF8
0F8FFFFFE0
0F83FFFF80
1F80FFFC00
1F80F80000
1F00F80000
1F01F80000
3F01F00000
3E01F00000
3E03F00000
3E03F00000
7E03E00000
3C03E00000
1801C00000
ENDCHAR
STARTCHAR franc
ENCODING 8355
SWIDTH 600 0
DWIDTH 48 0
BBX 43 57 2 -1
BITMAP
00FFFFFFFFC0
01FFFFFFFFC0
01FFFFFFFFE0
01FFFFFFFFC0
01FFFFFFFFC0
01FFFFFFFF80
01FC00000000
01FC00000000
01FC00000000
01FC00000000
01FC00000000
01FC00000000
01FC00000000
01FC00000000
01FC00000000
01FC00000000
01FC00000000
01FC00000000
01FC00000000
01FC00000000
01FC00000000
01FC00000000
01FC00000000
01FC00000000
01FFFFFFFF00
01FFFFFFFF80
01FFFFFFFF80
01FFFFFFFF80
01FFFFFFFF00
01FFFFFFFE00
01FC00000000
01FC00000000
01FC00000000
01FC00000000
01FC00000000
01FC00000000
01FC00000000
01FC00000000
01FC00000000
01FC00000000
7FFFFFFE0000
FFFFFFFE0000
FFFFFFFF0000
FFFFFFFE0000
7FFFFFFE0000
01FC00000000
01FC00000000
01FC00000000
01FC00000000
01FC00000000
01FC00000000
01FC00000000
01FC00000000
01FC00000000
01FC00000000
00F800000000
002000000000
ENDCHAR
STARTCHAR lira
ENCODING 8356
SWIDTH 600 0
DWIDTH 48 0
BBX 42 57 3 0
BITMAP
00000FFF0000
00007FFFE000
0001FFFFF800
0003FFFFFE00
0007FFFFFF80
000FFFFFFF80
001FFC03FFC0
003FF0007FC0
003FC0001FC0
007FC0000780
007F80000000
007F80000000
007F00000000
007F00000000
00FF00000000
00FF00000000
00FF00000000
00FF00000000
00FF00000000
00FF00000000
7FFFFFF80000
FFFFFFFC0000
FFFFFFFE0000
FFFFFFFC0000
7FFFFFFC0000
00FF00000000
00FF00000000
00FF00000000
00FF00000000
00FF00000000
00FF00000000
00FF00000000
3FFFFFF80000
7FFFFFFC0000
FFFFFFFE0000
FFFFFFFC0000
7FFFFFFC0000
1FFFFFF00000
00FF00000000
00FF00000000
00FF00000000
00FF00000000
00FF00000000
00FF00000000
00FF00000000
00FF00000000
00FF00000000
00FF00000000
00FF00000000
00FF00000000
00FF00000000
7FFFFFFFFF80
FFFFFFFFFFC0
FFFFFFFFFFC0
FFFFFFFFFFC0
7FFFFFFFFF80
3FFFFFFFFF80
ENDCHAR
STARTCHAR uni20A6
ENCODING 8358
SWIDTH 600 0
DWIDTH 48 0
BBX 46 58 1 -1
BITMAP
007800007800
00FC0000FC00
00FE0000FC00
00FF0000FC00
00FF0000FC00
00FF0000FC00
00FF8000FC00
00FF8000FC00
00FFC000FC00
00FFC000FC00
00FFE000FC00
00FFE000FC00
00FFE000FC00
00FFF000FC00
00FFF000FC00
00FFF800FC00
00FFF800FC00
00FDFC00FC00
00FDFC00FC00
00FDFC00FC00
7FFCFE00FFF8
FFFCFE00FFFC
FFFC7F00FFFC
FFFC7F00FFFC
7FFC3F80FFFC
00FC3F80FC00
00FC3FC0FC00
00FC1FC0FC00
00FC1FC0FC00
00FC0FE0FC00
00FC0FE0FC00
00FC07F0FC00
7FFC07F0FFF8
FFFC07F8FFFC
FFFC03F8FFFC
FFFC03F8FFFC
FFFC01FCFFFC
3FFC01FCFFF0
00FC00FEFC00
00FC00FEFC00
00FC007FFC00
00FC007FFC00
00FC007FFC00
00FC003FFC00
00FC003FFC00
00FC001FFC00
00FC001FFC00
00FC000FFC00
00FC000FFC00
00FC000FFC00
00FC0007FC00
00FC0007FC00
00FC0003FC00
00FC0003FC00
00FC0001FC00
00FC0001FC00
00FC0000F800
001000003000
ENDCHAR
STARTCHAR peseta
ENCODING 8359
SWIDTH 600 0
DWIDTH 48 0
BBX 46 57 1 -1
BITMAP
007FFFF00000
00FFFFFE0000
00FFFFFF8000
00FFFFFFC000
00FFFFFFE000
00FFFFFFF000
00FE003FF800
00FE000FF800
00FE0003FC00
00FE0001FC00
00FE0001FE00
00FE0000FE00
00FE0000FE00
00FE0000FE00
00FE00007E00
7FFE00007FF8
FFFE00007FFC
FFFE00007FFC
FFFE00007FFC
FFFE00007FFC
3FFE00007FF0
00FE00007E00
00FE0000FE00
00FE0000FE00
00FE0000FE00
00FE0001FC00
00FE0003FC00
00FE0007FC00
00FE000FF800
00FE007FF000
00FFFFFFF000
00FFFFFFE000
00FFFFFFC000
00FFFFFF0000
00FFFFFC0000
00FFFFE00000
00FE00000000
00FE00000000
00FE00000000
00FE00000000
00FE00000000
00FE00000000
00FE00000000
00FE00000000
00FE00000000
00FE00000000
00FE00000000
00FE00000000
00FE00000000
00FE00000000
00FE00000000
00FE00000000
00FE00000000
00FE00000000
00FE00000000
007C00000000
003000000000
ENDCHAR
STARTCHAR uni20A9
ENCODING 8361
SWIDTH 600 0
DWIDTH 48 0
BBX 46 58 1 -1
BITMAP
070003000380
0F80078007C0
0FC00FC00FC0
0FC00FC00FC0
0FC00FC00FC0
0FC00FC00FC0
0FC00FC00FC0
07C00FC00FC0
07C01FC00F80
07C01FE00F80
07E01FE01F80
07E01FE01F80
07E01FE01F80
07E01FE01F80
07E01FE01F80
03E03FF01F00
03E03FF01F00
03E03FF01F00
03E03CF01F00
03F03CF03F00
FFF03CF03FF8
FFF07CF83FFC
FFF07CF83FFC
FFF07CF83FFC
7FF078783FF8
01F078783E00
01F078783E00
01F8F87C7E00
01F8F87C7E00
01F8F87C7E00
00F8F03C7C00
00F8F03C7C00
7FF8F03C7FF8
FFF9F03E7FFC
FFF9F03E7FFC
FFF9F03E7FFC
FFFDE01EFFF8
00FDE01EFC00
007DE01EF800
007FE01FF800
007FE01FF800
007FE01FF800
007FC00FF800
007FC00FF800
007FC00FF800
003FC00FF000
003FC00FF000
003FC00FF000
003F8007F000
003F8007F000
003F8007F000
003F8007F000
001F8007F000
001F8007E000
001F0003E000
001F0003E000
001F0003E000
000400008000
ENDCHAR
STARTCHAR dong
ENCODING 8363
SWIDTH 600 0
DWIDTH 48 0
BBX 42 68 5 -11
BITMAP
000000038000
0000000FE000
0000000FE000
0000000FE000
0000000FE000
0000000FE000
0000000FE000
0000000FE000
0000FFFFFF80
0000FFFFFFC0
0001FFFFFFC0
0000FFFFFF80
00007FFFFF00
0000000FE000
0000000FE000
0000000FE000
0000000FE000
0007C00FE000
003FFC0FE000
00FFFF0FE000
03FFFF8FE000
07FFFFCFE000
0FFFFFEFE000
0FFE0FEFE000
1FF001FFE000
3FE000FFE000
3FC0007FE000
7F80003FE000
7F80003FE000
7F00001FE000
FF00001FE000
FF00001FE000
FE00000FE000
FE00000FE000
FE00000FE000
FE00000FE000
FE00000FE000
FE00000FE000
FE00000FE000
FE00000FE000
FE00000FE000
FE00000FE000
FE00000FE000
FF00001FE000
7F00001FE000
7F00001FE000
7F80003FE000
7F80003FE000
3FC0007FE000
3FE000FFE000
1FF001FFE000
0FFC07EFE000
0FFFFFEFE000
07FFFFCFE000
03FFFF8FE000
00FFFF0FE000
003FFC07C000
0007C0010000
000000000000
000000000000
000000000000
000000000000
000000000000
3FFFFFFFE000
7FFFFFFFE000
7FFFFFFFF000
7FFFFFFFF000
7FFFFFFFE000
ENDCHAR
STARTCHAR Euro
ENCODING 8364
SWIDTH 600 0
DWIDTH 48 0
BBX 46 58 1 -1
BITMAP
0000007FE000
000003FFFE00
00000FFFFF80
00003FFFFFC0
00007FFFFFE0
0000FFFFFFF8
0001FFF8FFF8
0003FF8007FC
0007FE0001FC
0007FC0000F8
000FF8000078
001FF0000000
001FE0000000
001FE0000000
003FC0000000
003FC0000000
003F80000000
007F80000000
007F80000000
007F00000000
7FFFFFF80000
FFFFFFFC0000
FFFFFFFC0000
FFFFFFFC0000
7FFFFFF80000
00FF00000000
00FE00000000
00FE00000000
00FE00000000
00FE00000000
00FE00000000
00FE00000000
3FFFFFF00000
FFFFFFF80000
FFFFFFFC0000
FFFFFFFC0000
7FFFFFF80000
3FFFFFE00000
007F80000000
007F80000000
007F80000000
003F80000000
003FC0000000
003FC0000000
001FE0000000
001FE0000000
000FF0000000
000FF8000078
0007FC0000FC
0007FF0003FC
0003FFC00FFC
0001FFFFFFF8
0000FFFFFFF0
00007FFFFFE0
00001FFFFFC0
00000FFFFF00
000001FFFC00
0000001F0000
ENDCHAR
STARTCHAR uni20AD
ENCODING 8365
SWIDTH 600 0
DWIDTH 48 0
BBX 43 58 1 -1
BITMAP
003800000380
00FC000007C0
00FE00000FE0
00FE00001FE0
00FE00003FC0
00FE00007F80
00FE0000FF80
00FE0001FF00
00FE0001FE00
00FE0003FC00
00FE0007F800
00FE000FF000
00FE001FE000
00FE003FC000
00FE007FC000
00FE00FF8000
00FE00FF0000
00FE01FE0000
00FE03FC0000
00FE07F80000
00FE0FF00000
00FE1FE00000
00FE3FE00000
00FE7FC00000
00FE7F800000
00FEFF000000
7FFFFFFFFFC0
FFFFFFFFFFE0
FFFFFFFFFFE0
FFFFFFFFFFE0
FFFFFFFFFFE0
00FFFF000000
00FEFF000000
00FE7F800000
00FE3FC00000
00FE1FE00000
00FE0FF00000
00FE0FF80000
00FE07FC0000
00FE03FE0000
00FE01FE0000
00FE00FF0000
00FE007F8000
00FE003FC000
00FE001FE000
00FE000FF000
00FE000FF800
00FE0007FC00
00FE0003FC00
00FE0001FE00
00FE0000FF00
00FE00007F80
00FE00003FC0
00FE00001FC0
00FE00001FE0
00FE00000FE0
007C000007C0
001000000100
ENDCHAR
STARTCHAR uni20AE
ENCODING 8366
SWIDTH 600 0
DWIDTH 48 0
BBX 48 57 0 -1
BITMAP
7FFFFFFFFFFE
FFFFFFFFFFFF
FFFFFFFFFFFF
FFFFFFFFFFFF
7FFFFFFFFFFE
3FFFFFFFFFFC
00000FF00000
00000FF00000
00000FF00000
00000FF00000
00000FF00000
00000FF00000
00000FF00000
00000FF00000
00000FF00E00
00000FF03E00
00000FF0FF00
00000FF3FE00
00000FFFFE00
00000FFFF800
00000FFFE000
00000FFF8000
00000FFE0000
00003FF80000
0000FFF00000
0003FFF00000
000FFFF00000
003FFFF00E00
007FEFF03E00
007F8FF0FF00
00FF0FF3FE00
007C0FFFFE00
00300FFFF800
00000FFFE000
00000FFF8000
00000FFF0000
00003FFC0000
00007FF00000
0001FFF00000
0007FFF00000
001FFFF00000
007FFFF00000
007FCFF00000
00FF0FF00000
007C0FF00000
00700FF00000
00000FF00000
00000FF00000
00000FF00000
00000FF00000
00000FF00000
00000FF00000
00000FF00000
00000FF00000
000007E00000
000007E00000
000000800000
ENDCHAR
STARTCHAR uni20B1
ENCODING 8369
SWIDTH 600 0
DWIDTH 48 0
BBX 46 57 1 -1
BITMAP
007FFFF00000
00FFFFFE0000
00FFFFFF8000
00FFFFFFC000
00FFFFFFE000
00FFFFFFF000
00FE003FF800
00FE000FF800
00FE0003FC00
7FFE0001FFF8
FFFE0001FFFC
FFFE0000FFFC
FFFE0000FFFC
FFFE0000FFFC
00FE00007E00
00FE00007E00
00FE00007E00
00FE00007F00
00FE00007F00
00FE00007F00
00FE00007E00
3FFE00007FF0
FFFE0000FFFC
FFFE0000FFFC
FFFE0000FFFC
FFFE0001FFFC
7FFE0003FFF8
00FE0007F800
00FE000FF800
00FE007FF000
00FFFFFFF000
00FFFFFFE000
00FFFFFF8000
00FFFFFF0000
00FFFFFC0000
00FFFFE00000
00FE00000000
00FE00000000
00FE00000000
00FE00000000
00FE00000000
00FE00000000
00FE00000000
00FE00000000
00FE00000000
00FE00000000
00FE00000000
00FE00000000
00FE00000000
00FE00000000
00FE00000000
00FE00000000
00FE00000000
00FE00000000
00FE00000000
007C00000000
003000000000
ENDCHAR
STARTCHAR uni20B2
ENCODING 8370
SWIDTH 600 0
DWIDTH 48 0
BBX 40 76 4 -10
BITMAP
0000078000
00000FC000
00000FC000
00000FC000
00000FC000
00000FC000
00000FC000
00000FC000
00000FC000
00000FE000
0000FFFE00
0007FFFFC0
001FFFFFF0
003FFFFFF8
007FFFFFFE
00FFFFFFFF
01FFF007FF
03FF8000FF
07FE00003F
0FFC00001F
0FF800000E
1FF0000000
1FE0000000
3FE0000000
3FC0000000
3FC0000000
7F80000000
7F80000000
7F80000000
7F00000000
FF00000000
FF00000000
FF00000000
FF00000000
FF00000000
FF00000000
FF00007FF8
FF0001FFFE
FF0003FFFF
FF0003FFFF
FF0003FFFF
FF0001FFFF
FF0000003F
FF0000003F
FF0000003F
7F0000003F
7F0000003F
7F8000003F
7F8000003F
7F8000003F
3FC000003F
3FC000003F
1FE000003F
1FE000003F
1FF000003F
0FF800003F
07FC00003F
07FF00003F
03FF8000FF
01FFF81FFF
00FFFFFFFF
007FFFFFFF
003FFFFFFE
000FFFFFF8
0003FFFFC0
00007FFE00
00000FC000
00000FC000
00000FC000
00000FC000
00000FC000
00000FC000
00000FC000
00000FC000
000007C000
0000030000
ENDCHAR
STARTCHAR uni20B4
ENCODING 8372
SWIDTH 600 0
DWIDTH 48 0
BBX 38 58 5 -1
BITMAP
0000FFF000
000FFFFE00
007FFFFF80
01FFFFFFC0
07FFFFFFE0
0FFFFFFFE0
1FFF00FFF0
1FF0003FF0
1FC0000FF0
0F80000FF8
06000007F8
00000007F8
00000007F0
00000007F0
00000007F0
0000000FF0
0000000FE0
0000001FE0
0000003FC0
0000007F80
7FFFFFFFF8
FFFFFFFFFC
FFFFFFFFFC
FFFFFFFFFC
FFFFFFFFF8
00003FE000
00007F8000
0000FF0000
0001FE0000
0007FC0000
000FF80000
001FF00000
7FFFFFFFF8
FFFFFFFFFC
FFFFFFFFFC
FFFFFFFFFC
FFFFFFFFFC
3FFFFFFFF0
0FF0000000
0FE0000000
1FE0000000
1FC0000000
3FC0000000
3F80000000
3F80000000
3F80000000
3FC0000020
3FC00000F8
3FE00001F8
3FF00007FC
1FFC003FF8
1FFFFFFFF8
0FFFFFFFF0
07FFFFFFC0
03FFFFFF00
01FFFFFC00
003FFFE000
0001FC0000
ENDCHAR
STARTCHAR uni20B5
ENCODING 8373
SWIDTH 600 0
DWIDTH 48 0
BBX 40 76 5 -10
BITMAP
0000078000
00000FC000
00000FC000
00000FC000
00000FC000
00000FC000
00000FC000
00000FC000
00000FC000
00000FE000
0001FFFE00
0007FFFFC0
001FFFFFF0
003FFFFFF8
00FFFFFFFE
01FFFFFFFF
03FFF007FF
03FF8000FF
07FE00007F
0FFC00001F
0FF800000C
1FF0000000
1FE0000000
3FE0000000
3FC0000000
7FC0000000
7F80000000
7F80000000
7F80000000
FF00000000
FF00000000
FF00000000
FF00000000
FF00000000
FF00000000
FF00000000
FF00000000
FF00000000
FF00000000
FF00000000
FF00000000
FF00000000
FF00000000
FF00000000
FF00000000
FF00000000
7F80000000
7F80000000
7F80000000
7F80000000
3FC0000000
3FC0000000
3FE0000000
1FF0000000
1FF0000000
0FF800000E
0FFC00003F
07FF00007F
03FFC001FF
01FFFE7FFF
00FFFFFFFE
007FFFFFFC
003FFFFFF8
000FFFFFE0
0003FFFF80
00007FFC00
00000FC000
00000FC000
00000FC000
00000FC000
00000FC000
00000FC000
00000FC000
00000FC000
0000078000
0000030000
ENDCHAR
STARTCHAR uni20B8
ENCODING 8376
SWIDTH 600 0
DWIDTH 48 0
BBX 46 57 1 -1
BITMAP
FFFFFFFFFFFC
FFFFFFFFFFFC
FFFFFFFFFFFC
FFFFFFFFFFFC
7FFFFFFFFFF8
000000000000
000000000000
000000000000
000000000000
000000000000
000000000000
000000000000
7FFFFFFFFFF8
FFFFFFFFFFFC
FFFFFFFFFFFC
FFFFFFFFFFFC
FFFFFFFFFFFC
00001FE00000
00001FE00000
00001FE00000
00001FE00000
00001FE00000
00001FE00000
00001FE00000
00001FE00000
00001FE00000
00001FE00000
00001FE00000
00001FE00000
00001FE00000
00001FE00000
00001FE00000
00001FE00000
00001FE00000
00001FE00000
00001FE00000
00001FE00000
00001FE00000
00001FE00000
00001FE00000
00001FE00000
00001FE00000
00001FE00000
00001FE00000
00001FE00000
00001FE00000
00001FE00000
00001FE00000
00001FE00000
00001FE00000
00001FE00000
00001FE00000
00001FE00000
00001FE00000
00000FC00000
00000FC00000
000001000000
ENDCHAR
STARTCHAR uni20B9
ENCODING 8377
SWIDTH 600 0
DWIDTH 48 0
BBX 46 57 1 -1
BITMAP
7FFFFFFFFFF8
FFFFFFFFFFFC
FFFFFFFFFFFC
FFFFFFFFFFFC
7FFFFFFFFFF8
000003FFC000
0000007FE000
0000001FE000
0000000FF000
00000007F000
00000007F800
00000003F800
7FFFFFFFFFF8
FFFFFFFFFFFC
FFFFFFFFFFFC
FFFFFFFFFFFC
7FFFFFFFFFF8
00000003FC00
00000003F800
00000003F800
00000007F800
00000007F800
0000000FF000
0000001FF000
0000003FE000
000001FFE000
3FFFFFFFC000
7FFFFFFF8000
FFFFFFFF0000
FFFFFFFC0000
FFFFFFF00000
7FFFFF000000
0003FF800000
00003FE00000
00001FF00000
00000FF80000
000007FC0000
000003FC0000
000003FE0000
000001FF0000
000000FF0000
000000FF8000
0000007FC000
0000003FC000
0000003FE000
0000001FF000
0000000FF000
0000000FF800
00000007FC00
00000003FC00
00000003FE00
00000001FF00
00000000FF00
00000000FF00
000000007F00
000000003E00
000000000800
ENDCHAR
STARTCHAR uni20BA
ENCODING 8378
SWIDTH 600 0
DWIDTH 48 0
BBX 41 57 4 0
BITMAP
001C00000000
007E00000000
007F00000000
007F00000000
007F00000000
007F00000000
007F00000000
007F00000000
007F000C0000
007F003E0000
007F00FE0000
007F03FE0000
007F07FE0000
007F1FF80000
007F7FF00000
007FFFC00000
007FFF000000
007FFC000000
007FF0000000
00FFC0000000
03FF80000000
0FFF000C0000
3FFF003E0000
7FFF00FE0000
FFFF03FE0000
FF7F0FFC0000
FC7F3FF80000
707F7FE00000
007FFFC00000
007FFF000000
007FFC000000
007FF0000000
00FFC0000000
03FF80000000
0FFF00000000
3FFF00000000
7FFF00000000
FFFF00001E00
FF7F00003F00
7C7F00003F80
707F00003F80
007F00003F80
007F00003F80
007F00003F80
007F00003F80
007F00007F80
007F00007F00
007F00007F00
007F0000FF00
007F0001FF00
007F001FFE00
007FFFFFFE00
007FFFFFFC00
007FFFFFF800
007FFFFFF000
007FFFFFC000
001FFFFE0000
ENDCHAR
STARTCHAR uni20BC
ENCODING 8380
SWIDTH 600 0
DWIDTH 48 0
BBX 40 58 4 -1
BITMAP
00003C0000
00007E0000
00007E0000
00007E0000
00007E0000
00007E0000
00007E0000
00007E0000
00007E0000
00007E0000
0003FFC000
000FFFF000
003FFFFC00
007FFFFE00
00FFFFFF00
01FFFFFF80
03FFFFFFC0
07FC7E3FE0
07F87E1FE0
0FF07E0FF0
0FE07E07F0
1FE07E07F8
1FC07E03F8
1FC07E03F8
3F807E01FC
3F807E01FC
3F807E01FC
7F807E01FC
7F007E00FE
7F007E00FE
7F007E00FE
7F007E00FE
7F007E00FE
7F007E00FE
7F007E00FE
FF007E00FF
FF007E00FF
FF007E00FF
FF007E00FF
FF007E00FF
FF007E00FF
FF007E00FF
FF007E00FF
FF007E00FF
FF001800FF
FF000000FF
FF000000FF
FF000000FF
FF000000FF
FF000000FF
FF000000FF
FF000000FF
FF000000FF
FF000000FF
FE0000007F
7E0000007E
7E0000007E
1000000008
ENDCHAR
STARTCHAR uni20BD
ENCODING 8381
SWIDTH 600 0
DWIDTH 48 0
BBX 45 57 1 -1
BITMAP
007FFFFF8000
00FFFFFFF000
00FFFFFFFC00
00FFFFFFFF00
00FFFFFFFF80
00FFFFFFFFC0
00FE0003FFC0
00FE00007FE0
00FE00001FE0
00FE00000FF0
00FE00000FF0
00FE000007F0
00FE000007F8
00FE000007F8
00FE000003F8
00FE000003F8
00FE000003F8
00FE000003F8
00FE000003F8
00FE000007F8
00FE000007F0
00FE000007F0
00FE00000FF0
00FE00001FE0
00FE00003FE0
00FE0000FFC0
00FE0007FF80
FFFFFFFFFF00
FFFFFFFFFE00
FFFFFFFFFC00
FFFFFFFFE000
7FFFFFFF0000
00FE00000000
00FE00000000
00FE00000000
00FE00000000
00FE00000000
00FE00000000
00FE00000000
7FFFFFF80000
FFFFFFF80000
FFFFFFFC0000
FFFFFFF80000
FFFFFFF80000
00FE00000000
00FE00000000
00FE00000000
00FE00000000
00FE00000000
00FE00000000
00FE00000000
00FE00000000
00FE00000000
00FE00000000
00FE00000000
007C00000000
001000000000
ENDCHAR
STARTCHAR uni2113
ENCODING 8467
SWIDTH 600 0
DWIDTH 48 0
BBX 27 58 9 -1
BITMAP
0007F000
001FFC00
003FFE00
007FFF00
007FFF00
00FF1F80
00FE0F80
01FC0F80
01FC0F80
01FC0F80
01F80F80
01F80F80
01F80F80
01F80F80
01F80F00
01F81F00
01F81F00
01F81E00
01F83E00
01F83C00
01F87C00
01F8F800
01F8F800
01F9F000
01F9E000
01FBE000
01FFC000
01FF8000
01FF8000
01FF0000
01FE0000
01FC0000
01F80000
03F80000
07F80000
0FF80000
1FF80000
3FF80000
7FF80000
FDF80000
F9F80000
F1F80000
E1F80000
01F80000
01F80000
01F80000
01F80000
01FC0000
01FC0000
01FC0080
01FE03E0
01FF0FE0
00FFFFE0
00FFFFC0
007FFF80
003FFF00
001FFC00
0003E000
ENDCHAR
STARTCHAR uni2116
ENCODING 8470
SWIDTH 1085 0
DWIDTH 87 0
BBX 78 58 7 -1
BITMAP
7800000000F00003FC00
FC00000001F8000FFF00
FE00000001F8003FFFC0
FF00000001FC007FFFE0
FF00000001FC00FE07F0
FF80000001FC00F801F0
FFC0000001FC01F001F8
FFE0000001FC01F000F8
FFE0000001FC03F000F8
FFF0000001FC03E0007C
FFF8000001FC03E0007C
FFFC000001FC03E0007C
FFFC000001FC03E0007C
FFFE000001FC03E0007C
FEFF000001FC03E0007C
FE7F800001FC03F000F8
FE7F800001FC01F000F8
FE3FC00001FC01F801F8
FE1FE00001FC00F803F0
FE0FF00001FC00FE07F0
FE0FF00001FC007FFFE0
FE07F80001FC003FFFC0
FE03FC0001FC001FFF00
FE01FE0001FC0003FC00
FE01FE0001FC00000000
FE00FF0001FC00000000
FE007F8001FC00000000
FE003FC001FC00000000
FE003FE001FC00000000
FE001FE001FC00000000
FE000FF001FC00000000
FE0007F801FC00FFFFE0
FE0003FC01FC03FFFFF8
FE0003FC01FC03FFFFFC
FE0001FE01FC03FFFFFC
FE0000FF01FC01FFFFF8
FE00007F81FC00000000
FE00007F81FC00000000
FE00003FC1FC00000000
FE00001FE1FC00000000
FE00000FF1FC00000000
FE00000FF1FC00000000
FE000007F9FC00000000
FE000003FDFC00000000
FE000001FFFC00000000
FE000001FFFC00000000
FE000000FFFC00000000
FE0000007FFC00000000
FE0000003FFC00000000
FE0000003FFC00000000
FE0000001FFC00000000
FE0000000FFC00000000
FE00000007FC00000000
FE00000007FC00000000
FE00000003FC00000000
FC00000001F800000000
7C00000000F800000000
10000000002000000000
ENDCHAR
STARTCHAR trademark
ENCODING 8482
SWIDTH 931 0
DWIDTH 74 0
BBX 68 35 0 22
BITMAP
000000001E000000E0
7FFFFFF83F000003F0
FFFFFFF83F000003F0
FFFFFFFC3F800007F0
FFFFFFF83FC00007F0
7FFFFFF83FC0000FF0
000FC0003FE0000FF0
000FC0003FE0001FF0
000FC0003FF0003FF0
000FC0003FF0003FF0
000FC0003FF8007FF0
000FC0003FFC007FF0
000FC0003FFC00FFF0
000FC0003F7E00FFF0
000FC0003F7E01FBF0
000FC0003F3F01FBF0
000FC0003F3F03F3F0
000FC0003F1F87E3F0
000FC0003F1F87E3F0
000FC0003F0FCFC3F0
000FC0003F07EFC3F0
000FC0003F07FF83F0
000FC0003F03FF83F0
000FC0003F03FF03F0
000FC0003F01FE03F0
000FC0003F01FE03F0
000FC0003F00FC03F0
000FC0003F007C03F0
000FC0003F007803F0
000FC0003F000003F0
000FC0003F000003F0
000FC0003F000003F0
000FC0003F000003F0
000FC0003F000001F0
000700000E000000E0
ENDCHAR
STARTCHAR uni2126
ENCODING 8486
SWIDTH 600 0
DWIDTH 48 0
BBX 42 57 3 0
BITMAP
0000FFC00000
0007FFF80000
001FFFFE0000
007FFFFF8000
00FFFFFFC000
01FFFFFFE000
03FFC0FFF000
07FE001FF800
07FC000FF800
0FF80007FC00
0FF00003FC00
1FE00001FE00
1FE00001FE00
3FC00000FE00
3FC00000FF00
3FC00000FF00
3F8000007F00
7F8000007F00
7F8000007F80
7F8000007F80
7F8000007F80
7F8000007F80
7F0000003F80
7F0000003F80
7F0000003F80
7F0000003F80
7F0000003F80
7F0000003F80
7F0000003F80
7F0000007F80
7F8000007F80
7F8000007F80
7F8000007F80
3F8000007F00
3F8000007F00
3F8000007F00
3FC00000FF00
1FC00000FF00
1FC00000FE00
1FE00001FE00
0FE00001FC00
0FE00001FC00
0FF00003FC00
07F00003F800
03F80007F000
03F80007F000
01FC000FE000
00FE001FC000
00FF003FC000
007F003F8000
003F807F0000
7FFFC0FFFF80
FFFFC0FFFFC0
FFFFC0FFFFC0
FFFFC0FFFFC0
FFFFC0FFFFC0
7FFF807FFF80
ENDCHAR
STARTCHAR estimated
ENCODING 8494
SWIDTH 894 0
DWIDTH 72 0
BBX 64 57 4 0
BITMAP
0000001FF8000000
000003FFFFE00000
00001FFFFFFC0000
0000FF8001FF0000
0001F800003FC000
0007E0000007F000
000F80000001F800
003F00000000FE00
007C000000007F00
00F8000000003F80
01F0000000001F80
03F0000000000FC0
03F0000000000FE0
07F0000000000FE0
0FF0000000000FF0
0FF0000000000FF0
1FF0000000000FF8
1FF0000000000FF8
3FF0000000000FFC
3FF0000000000FFC
7FF0000000000FFC
7FF0000000000FFE
7FF0000000000FFE
7FF0000000000FFE
FFF0000000000FFE
FFF0000000000FFE
FFF0000000000FFE
FFF0000000000FFE
FFFFFFFFFFFFFFFE
FFFFFFFFFFFFFFFF
FFFFFFFFFFFFFFFE
FFF0000000000000
FFF0000000000000
FFF0000000000000
FFF0000000000000
7FF0000000000000
7FF0000000000000
7FF0000000000000
7FF0000000000000
3FF0000000000000
3FF0000000000000
1FF0000000000000
1FF0000000000000
0FF0000000000000
0FF0000000000000
07F0000000000000
03F0000000000FC0
01F8000000001F80
00FC000000003F00
007E000000007E00
003F00000001FC00
001FC0000003F000
0007E000000FE000
0001FC00007F8000
00007FE00FFE0000
00001FFFFFF80000
000001FFFFC00000
ENDCHAR
STARTCHAR partialdiff
ENCODING 8706
SWIDTH 600 0
DWIDTH 48 0
BBX 40 58 4 -1
BITMAP
00FFE00000
01FFFE0000
01FFFF8000
01FFFFE000
01FFFFF800
00FFFFFC00
00007FFE00
000007FF00
000001FF80
000000FFC0
0000003FC0
0000001FE0
0000001FF0
0000000FF0
00000007F8
00000007F8
00000003F8
00000003FC
00000001FC
00007C01FC
000FFFC1FC
003FFFF0FE
00FFFFF8FE
01FFFFFCFE
03FFFFFEFE
07FF01FFFE
0FFC003FFE
1FF0001FFF
1FE00007FF
3FC00003FF
3FC00003FF
7F800001FF
7F800001FF
7F000000FF
7F000000FF
FF000000FF
FF000000FE
FF000000FE
FF000000FE
FF000000FE
FF000000FE
FF000000FE
7F000001FC
7F000001FC
7F800001FC
7F800003F8
3FC00003F8
3FC00007F8
1FE0000FF0
1FF0001FE0
0FFC003FE0
07FF01FFC0
03FFFFFF80
01FFFFFF00
00FFFFFE00
003FFFF800
000FFFE000
0000FC0000
ENDCHAR
STARTCHAR emptyset
ENCODING 8709
SWIDTH 600 0
DWIDTH 48 0
BBX 48 55 0 -2
BITMAP
000000000018
00000000003C
00000000007C
0000000000FC
0000038001F8
00007FFE03F0
0003FFFFC3F0
000FFFFFF7E0
001FFFFFFFC0
007FF00FFF80
00FF8001FF80
01FE00007F80
03F800007FC0
07F00000FFE0
0FE00000FFF0
0FC00001FBF0
1F800003F1F8
1F000007E0F8
3F00000FC0FC
3E00000FC07C
7E00001F807E
7E00003F003E
7C00007E003E
7C00007C003E
FC0000FC003F
FC0001F8003F
FC0003F0003F
FC0007E0003F
FC0007E0003F
FC000FC0003F
7C001F80003E
7C003F00003E
7C003E00003E
7E007E00007E
3E00FC00007C
3F01F80000FC
3F03F00000FC
1F83F00001F8
0FC7E00003F0
0FEFC00003F0
07FF80000FE0
03FF00001FC0
01FF00003F80
00FF0000FF00
00FFE007FE00
00FFFFFFFC00
01FFFFFFF000
03F3FFFFC000
07E07FFF0000
0FC007D00000
0FC000000000
1F8000000000
1F0000000000
1E0000000000
040000000000
ENDCHAR
STARTCHAR uni2206
ENCODING 8710
SWIDTH 600 0
DWIDTH 48 0
BBX 44 57 2 0
BITMAP
00000F000000
00001F800000
00003FC00000
00003FC00000
00003FC00000
00007FE00000
00007FE00000
00007FE00000
0000FFF00000
0000FFF00000
0001FFF80000
0001F9F80000
0001F9F80000
0003F9FC0000
0003F0FC0000
0003F0FC0000
0007F07E0000
0007E07E0000
0007E07E0000
000FC03F0000
000FC03F0000
001FC03F8000
001F801F8000
001F801F8000
003F801FC000
003F000FC000
003F000FC000
007F000FE000
007E0007E000
007E0007F000
00FE0003F000
00FC0003F000
01FC0003F800
01F80001F800
01F80001F800
03F80001FC00
03F00000FC00
03F00000FC00
07F00000FE00
07E000007E00
07E000007F00
0FE000007F00
0FC000003F00
1FC000003F80
1FC000001F80
1F8000001F80
3F8000001FC0
3F0000000FC0
3F0000000FC0
7F0000000FE0
7E00000007E0
7FFFFFFFFFF0
FFFFFFFFFFF0
FFFFFFFFFFF0
FFFFFFFFFFF0
7FFFFFFFFFE0
3FFFFFFFFFC0
ENDCHAR
STARTCHAR product
ENCODING 8719
SWIDTH 600 0
DWIDTH 48 0
BBX 40 71 4 -15
BITMAP
3FFFFFFFFC
7FFFFFFFFE
7FFFFFFFFE
FFFFFFFFFF
FFFFFFFFFF
FFFFFFFFFF
FF000000FF
FF000000FF
FF000000FF
FF000000FF
FF000000FF
FF000000FF
FF000000FF
FF000000FF
FF000000FF
FF000000FF
FF000000FF
FF000000FF
FF000000FF
FF000000FF
FF000000FF
FF000000FF
FF000000FF
FF000000FF
FF000000FF
FF000000FF
FF000000FF
FF000000FF
FF000000FF
FF000000FF
FF000000FF
FF000000FF
FF000000FF
FF000000FF
FF000000FF
FF000000FF
FF000000FF
FF000000FF
FF000000FF
FF000000FF
FF000000FF
FF000000FF
FF000000FF
FF000000FF
FF000000FF
FF000000FF
FF000000FF
FF000000FF
FF000000FF
FF000000FF
FF000000FF
FF000000FF
FF000000FF
FF000000FF
FF000000FF
FF000000FF
FF000000FF
FF000000FF
FF000000FF
FF000000FF
FF000000FF
FF000000FF
FF000000FF
FF000000FF
FF000000FF
FF000000FF
FF000000FF
FF000000FF
7F000000FE
7E0000007E
3C0000003C
ENDCHAR
STARTCHAR summation
ENCODING 8721
SWIDTH 600 0
DWIDTH 48 0
BBX 42 70 3 -14
BITMAP
7FFFFFFFFF80
7FFFFFFFFFC0
FFFFFFFFFFC0
FFFFFFFFFFC0
7FFFFFFFFFC0
7FFFFFFFFF00
3FC000000000
3FE000000000
1FF000000000
0FF000000000
0FF800000000
07FC00000000
03FC00000000
01FE00000000
01FF00000000
00FF80000000
007F80000000
003FC0000000
003FE0000000
001FE0000000
000FF0000000
000FF8000000
0007FC000000
0003FC000000
0001FE000000
0001FF000000
0000FF000000
00007F800000
00007FC00000
00003FE00000
00001FE00000
00000FF00000
00000FF80000
000007F80000
000003F80000
000003F80000
000007F80000
00000FF80000
00000FF00000
00001FE00000
00003FE00000
00007FC00000
00007F800000
0000FF000000
0001FF000000
0001FE000000
0003FC000000
0007FC000000
000FF8000000
000FF0000000
001FE0000000
003FE0000000
007FC0000000
007F80000000
00FF80000000
01FF00000000
01FE00000000
03FC00000000
07FC00000000
0FF800000000
0FF000000000
1FF000000000
3FE000000000
3FC000000000
7FFFFFFFFF00
7FFFFFFFFFC0
7FFFFFFFFFC0
7FFFFFFFFFC0
7FFFFFFFFFC0
3FFFFFFFFF80
ENDCHAR
STARTCHAR minus
ENCODING 8722
SWIDTH 600 0
DWIDTH 48 0
BBX 40 6 4 20
BITMAP
7FFFFFFFFE
FFFFFFFFFF
FFFFFFFFFF
FFFFFFFFFF
FFFFFFFFFF
7FFFFFFFFE
ENDCHAR
STARTCHAR uni2215
ENCODING 8725
SWIDTH 600 0
DWIDTH 48 0
BBX 24 65 12 -5
BITMAP
00000E
00001F
00003F
00003F
00003F
00003F
00007E
00007E
00007E
0000FC
0000FC
0000FC
0001FC
0001F8
0001F8
0003F8
0003F0
0003F0
0007F0
0007E0
0007E0
000FE0
000FC0
000FC0
001FC0
001F80
001F80
003F80
003F00
003F00
007F00
007E00
007E00
007E00
00FC00
00FC00
00FC00
01FC00
01F800
01F800
03F800
03F000
03F000
07F000
07E000
07E000
0FE000
0FC000
0FC000
1FC000
1F8000
1F8000
3F8000
3F0000
3F0000
7F0000
7E0000
7E0000
7E0000
FC0000
FC0000
FC0000
FC0000
F80000
700000
ENDCHAR
STARTCHAR uni2219
ENCODING 8729
SWIDTH 600 0
DWIDTH 48 0
BBX 10 9 19 17
BITMAP
1E00
7F80
7F80
FFC0
FFC0
FFC0
7FC0
7F80
3F00
ENDCHAR
STARTCHAR radical
ENCODING 8730
SWIDTH 600 0
DWIDTH 48 0
BBX 46 76 0 -15
BITMAP
00000000007C
0000000000FC
0000000000FC
0000000000FC
0000000001FC
0000000001FC
0000000001F8
0000000001F8
0000000003F8
0000000003F8
0000000003F0
0000000007F0
0000000007F0
0000000007E0
0000000007E0
000000000FE0
000000000FE0
000000000FC0
000000000FC0
000000001FC0
000000001F80
000000001F80
000000003F80
000000003F80
000000003F00
000000003F00
000000007F00
000000007E00
000000007E00
000000007E00
00000000FE00
00000000FC00
00000000FC00
00000001FC00
00000001F800
1F800001F800
7FF00001F800
7FF80003F800
FFF80003F000
7FFC0003F000
7FFC0003F000
00FC0007F000
00FE0007E000
00FE0007E000
007E0007E000
007F000FC000
003F000FC000
003F000FC000
003F801FC000
001F801F8000
001F801F8000
001FC01F8000
000FC03F0000
000FC03F0000
000FE03F0000
0007E03F0000
0007E07E0000
0007E07E0000
0003F07E0000
0003F0FC0000
0003F0FC0000
0001F8FC0000
0001F8FC0000
0001F9F80000
0000FDF80000
0000FDF80000
0000FDF00000
00007FF00000
00007FF00000
00007FF00000
00003FE00000
00003FE00000
00003FE00000
00001FC00000
00001FC00000
000007000000
ENDCHAR
STARTCHAR infinity
ENCODING 8734
SWIDTH 600 0
DWIDTH 48 0
BBX 42 23 3 11
BITMAP
01FE001FE000
07FF807FF800
0FFFC0FFFC00
1FFFE1FFFE00
3FFFF3FFFF00
3F01FFE03F00
7E00FFC01F80
7C007F801F80
7C003F000F80
FC003F000FC0
FC001E000FC0
FC001E000FC0
FC003F000FC0
FC003F000F80
7C007F800F80
7E00FFC01F80
7F01FFE03F80
3FC7F3F8FF00
3FFFF3FFFF00
1FFFE1FFFE00
0FFFC0FFFC00
07FF003FF000
00FC000FC000
ENDCHAR
STARTCHAR integral
ENCODING 8747
SWIDTH 600 0
DWIDTH 48 0
BBX 30 72 9 -15
BITMAP
000007F8
00003FFC
0000FFFC
0001FFFC
0003FFFC
0007FFF8
0007FE00
000FF800
000FF000
000FE000
000FE000
001FE000
001FE000
001FE000
001FE000
001FE000
001FE000
001FE000
001FE000
001FE000
001FE000
001FE000
001FE000
001FE000
001FE000
001FE000
001FE000
001FE000
001FE000
001FE000
001FE000
001FE000
001FE000
001FE000
001FE000
001FE000
001FE000
001FE000
001FE000
001FE000
001FE000
001FE000
001FE000
001FE000
001FE000
001FE000
001FE000
001FE000
001FE000
001FE000
001FE000
001FE000
001FE000
001FE000
001FE000
001FE000
001FE000
001FE000
001FE000
001FE000
001FE000
001FC000
001FC000
003FC000
007FC000
01FF8000
7FFF8000
FFFF0000
FFFE0000
FFFC0000
FFF00000
7FC00000
ENDCHAR
STARTCHAR approxequal
ENCODING 8776
SWIDTH 600 0
DWIDTH 48 0
BBX 38 28 5 9
BITMAP
00F0000000
07FF000000
1FFFC00038
3FFFF0007C
3FFFFC00FC
7FFFFF01FC
FE03FFFFF8
FC00FFFFF8
F8003FFFF0
70000FFFE0
000003FF80
0000007C00
0000000000
0000000000
0000000000
0000000000
00F0000000
07FF000000
1FFFC00038
3FFFF0007C
3FFFFC00FC
7FFFFF01FC
FE03FFFFF8
FC00FFFFF8
F8003FFFF0
70000FFFE0
000003FF80
0000007C00
ENDCHAR
STARTCHAR notequal
ENCODING 8800
SWIDTH 600 0
DWIDTH 48 0
BBX 40 42 4 2
BITMAP
0000007800
0000007C00
000000FC00
000000FC00
000001F800
000001F800
000001F000
000003F000
000003F000
000007E000
3FFFFFFFFE
FFFFFFFFFF
FFFFFFFFFF
FFFFFFFFFF
FFFFFFFFFF
7FFFFFFFFE
00003F0000
00003F0000
00003E0000
00007E0000
00007E0000
0000FC0000
0000FC0000
0000F80000
0001F80000
0001F80000
7FFFFFFFFE
FFFFFFFFFF
FFFFFFFFFF
FFFFFFFFFF
FFFFFFFFFF
7FFFFFFFFE
000FC00000
001F800000
001F800000
001F000000
003F000000
003F000000
007E000000
007E000000
007C000000
003C000000
ENDCHAR
STARTCHAR lessequal
ENCODING 8804
SWIDTH 600 0
DWIDTH 48 0
BBX 40 42 4 0
BITMAP
000000001E
00000000FF
00000007FF
0000001FFF
000000FFFE
000007FFF8
00003FFFC0
0001FFFF00
0007FFF800
003FFFC000
01FFFE0000
0FFFF00000
3FFF800000
FFFC000000
FFE0000000
FF80000000
FFE0000000
FFFC000000
7FFF000000
1FFFE00000
03FFFC0000
007FFF8000
001FFFF000
0003FFFE00
00007FFF80
00000FFFF0
000001FFFE
0000007FFF
0000000FFF
00000001FF
000000003F
0000000004
0000000000
0000000000
0000000000
0000000000
0000000000
FFFFFFFFFF
FFFFFFFFFF
FFFFFFFFFF
FFFFFFFFFF
7FFFFFFFFE
ENDCHAR
STARTCHAR greaterequal
ENCODING 8805
SWIDTH 600 0
DWIDTH 48 0
BBX 40 42 4 0
BITMAP
7800000000
FF00000000
FFE0000000
FFF8000000
7FFF000000
1FFFE00000
07FFFC0000
00FFFF8000
001FFFE000
0003FFFC00
00007FFF80
00000FFFF0
000001FFFC
0000003FFE
0000000FFF
00000001FF
00000007FF
0000003FFF
000000FFFE
000007FFF8
00003FFFC0
0001FFFE00
000FFFF000
007FFFC000
03FFFE0000
0FFFF00000
7FFF800000
FFFC000000
FFF0000000
FF80000000
FC00000000
2000000000
0000000000
0000000000
0000000000
0000000000
0000000000
FFFFFFFFFF
FFFFFFFFFF
FFFFFFFFFF
FFFFFFFFFF
7FFFFFFFFE
ENDCHAR
STARTCHAR lozenge
ENCODING 9674
SWIDTH 600 0
DWIDTH 48 0
BBX 40 78 4 -17
BITMAP
00003C0000
00007E0000
0000FF0000
0000FF0000
0001FF8000
0001FF8000
0003FFC000
0003FFC000
0003E7C000
0007E7E000
0007E3E000
000FC3F000
000FC3F000
001F81F800
001F81F800
003F00FC00
003F00FC00
007E007E00
007E007E00
007C003E00
00FC003F00
00FC003F00
01F8001F80
01F8001F80
03F0000FC0
03F0000FC0
07E00007E0
07E00007E0
0FC00003F0
0FC00003F0
0F800001F0
1F800001F8
1F800001F8
3F000000FC
3F000000FC
7E0000007E
7E0000007E
FC0000003F
FC0000003F
FC0000003F
7E0000007E
7E0000007E
3E000000FC
3F000000FC
3F000000FC
1F800001F8
1F800001F8
0FC00003F0
0FC00003F0
07E00007E0
07E00007E0
03F0000FC0
03F0000FC0
01F0000F80
01F8001F80
01F8001F80
00FC003F00
00FC003F00
007E007E00
007E007E00
003F00FC00
003F00FC00
001F81F800
001F81F800
000F81F000
000FC3F000
000FC3F000
0007E7E000
0007E7E000
0003FFC000
0003FFC000
0001FF8000
0001FF8000
0000FF0000
0000FF0000
00007E0000
00007E0000
0000100000
ENDCHAR
STARTCHAR uni27E8
ENCODING 10216
SWIDTH 600 0
DWIDTH 48 0
BBX 12 59 18 -2
BITMAP
0070
0070
00F0
00F0
00E0
01E0
01E0
01C0
03C0
03C0
0380
0780
0780
0700
0F00
0F00
0E00
1E00
1E00
1C00
3C00
3C00
3800
7800
7800
7000
F000
F000
E000
E000
F000
F000
F000
7800
7800
7800
3C00
3C00
3C00
1E00
1E00
1E00
0F00
0F00
0F00
0780
0780
0780
03C0
03C0
03C0
01E0
01E0
01E0
00F0
00F0
00F0
0070
0020
ENDCHAR
STARTCHAR uni27E9
ENCODING 10217
SWIDTH 600 0
DWIDTH 48 0
BBX 12 59 18 -2
BITMAP
E000
E000
F000
F000
7000
7800
7800
3800
3C00
3C00
1E00
1E00
1E00
0F00
0F00
0F00
0780
0780
0780
03C0
03C0
03C0
01E0
01E0
01E0
00F0
00F0
00F0
0070
0070
00F0
00F0
00F0
01E0
01E0
01E0
03C0
03C0
03C0
0780
0780
0780
0F00
0F00
0F00
1E00
1E00
1E00
3C00
3C00
3C00
7800
7800
7800
F000
F000
F000
E000
4000
ENDCHAR
STARTCHAR uniF8FF
ENCODING 63743
SWIDTH 658 0
DWIDTH 53 0
BBX 46 43 3 2
BITMAP
000003000000
000003800000
000007800000
000007800000
000007C00000
00000FC00000
00000FC00000
00000FE00000
00000FE00000
00001FE00000
00001FF00000
00001FF00000
00003FF00000
00003FF80000
00003FF80000
3FFFFFFFFFF8
FFFFFFFFFFFC
7FFFFFFFFFFC
3FFFFFFFFFF0
0FFFE39FFFE0
07FFE39FFFC0
03FFE19FFF00
00FFE49FFE00
007FE49FFC00
003FE29FF000
000FE21FE000
0007E31FC000
0007E31F8000
0007F39F8000
0007FFFFC000
000FFFFFC000
000FFFFFC000
000FFFFFE000
000FFFFFE000
001FFEFFE000
001FF87FF000
001FF01FF000
003FC00FF000
003F8007F800
003F0001F800
007C0000F800
007800003C00
006000001C00
ENDCHAR
STARTCHAR fi
ENCODING 64257
SWIDTH 570 0
DWIDTH 46 0
BBX 41 58 0 -1
BITMAP
000000E00000
00003FF07E00
0000FFF8FF00
0003FFF8FF80
0007FFF0FF80
000FFFF0FF80
001FFC00FF80
003FE0007F00
003FC0003E00
007F80000000
007F00000000
007F00000000
00FF00000000
00FF00000000
00FE00000000
00FE00000000
00FE00000000
00FE00000000
7FFFFFFFFC00
FFFFFFFFFE00
FFFFFFFFFF00
FFFFFFFFFF00
7FFFFFFFFF00
3FFFFFFFFF00
00FE0000FF00
00FE0000FF00
00FE0000FF00
00FE0000FF00
00FE0000FF00
00FE0000FF00
00FE0000FF00
00FE0000FF00
00FE0000FF00
00FE0000FF00
00FE0000FF00
00FE0000FF00
00FE0000FF00
00FE0000FF00
00FE0000FF00
00FE0000FF00
00FE0000FF00
00FE0000FF00
00FE0000FF00
00FE0000FF00
00FE0000FF00
00FE0000FF00
00FE0000FF00
00FE0000FF00
00FE0000FF00
00FE0000FF00
00FE0000FF00
00FE0000FF00
00FE0000FF00
00FE0000FF00
00FE00007F00
00FE00007E00
007E00003E00
001000000000
ENDCHAR
STARTCHAR fl
ENCODING 64258
SWIDTH 641 0
DWIDTH 51 0
BBX 51 58 0 -1
BITMAP
000001E01E0000
00003FF03F0000
0000FFF07F0000
0003FFF87F0000
0007FFF07F0000
000FFFE07F0000
001FFC007F0000
003FE0007F0000
003FC0007F0000
007F80007F0000
007F00007F0000
007F00007F0000
00FF00007F0000
00FF00007F0000
00FE00007F0000
00FE00007F0000
00FE00007F0000
00FE00007F0000
7FFFFF807F0000
FFFFFFC07F0000
FFFFFFE07F0000
FFFFFFE07F0000
7FFFFFC07F0000
3FFFFF807F0000
00FE00007F0000
00FE00007F0000
00FE00007F0000
00FE00007F0000
00FE00007F0000
00FE00007F0000
00FE00007F0000
00FE00007F0000
00FE00007F0000
00FE00007F0000
00FE00007F0000
00FE00007F0000
00FE00007F0000
00FE00007F0000
00FE00007F0000
00FE00007F0000
00FE00007F0000
00FE00007F0000
00FE00007F0000
00FE00007F0000
00FE00007F0000
00FE00007F0000
00FE00007F8000
00FE00007F8000
00FE00007F8000
00FE00003FC000
00FE00003FE000
00FE00003FFC40
00FE00001FFFE0
00FE00000FFFE0
00FE00000FFFE0
00FE000003FFE0
007E000001FFC0
00100000003F80
ENDCHAR
STARTCHAR .notdef
ENCODING -1
SWIDTH 500 0
DWIDTH 40 0
BBX 32 70 4 -14
BITMAP
FFFFFFFF
FFFFFFFF
FFFFFFFF
FFFFFFFF
F000000F
F000000F
F000000F
F000000F
F000000F
F000000F
F000000F
F000000F
F000000F
F000000F
F000000F
F000000F
F000000F
F000000F
F000000F
F000000F
F000000F
F000000F
F000000F
F000000F
F000000F
F000000F
F000000F
F000000F
F000000F
F000000F
F000000F
F000000F
F000000F
F000000F
F000000F
F000000F
F000000F
F000000F
F000000F
F000000F
F000000F
F000000F
F000000F
F000000F
F000000F
F000000F
F000000F
F000000F
F000000F
F000000F
F000000F
F000000F
F000000F
F000000F
F000000F
F000000F
F000000F
F000000F
F000000F
F000000F
F000000F
F000000F
F000000F
F000000F
F000000F
F000000F
FFFFFFFF
FFFFFFFF
FFFFFFFF
FFFFFFFF
ENDCHAR
STARTCHAR Iacute_J.loclNLD
ENCODING -1
SWIDTH 593 0
DWIDTH 47 0
BBX 42 77 7 -1
BITMAP
001800000300
003E00000F80
007E00000FC0
00FF00001FC0
00FE00003FC0
01FC00003F80
03F800007F00
03F80000FE00
07F00000FC00
0FE00001F800
0FC00003F000
1F800007F000
3F000007E000
3E000007C000
1E0000078000
000000000000
000000000000
000000000000
000000000000
7C00000F0000
FE00001F8000
FE00003F8000
FE00003FC000
FE00003FC000
FE00003FC000
FE00003FC000
FE00003FC000
FE00003FC000
FE00003FC000
FE00003FC000
FE00003FC000
FE00003FC000
FE00003FC000
FE00003FC000
FE00003FC000
FE00003FC000
FE00003FC000
FE00003FC000
FE00003FC000
FE00003FC000
FE00003FC000
FE00003FC000
FE00003FC000
FE00003FC000
FE00003FC000
FE00003FC000
FE00003FC000
FE00003FC000
FE00003FC000
FE00003FC000
FE00003FC000
FE00003FC000
FE00003FC000
FE00003FC000
FE00003FC000
FE00003FC000
FE00003FC000
FE00003FC000
FE00003FC000
FE00003FC000
FE00003FC000
FE00003FC000
FE00003FC000
FE00003F8000
FE00003F8000
FE00007F8000
FE00007F8000
FE0000FF8000
FE0001FF0000
FE0007FF0000
FE01FFFE0000
FE07FFFC0000
FE07FFF80000
FE07FFF00000
FE07FFC00000
7C03FF000000
100080000000
ENDCHAR
STARTCHAR I_J.loclNLD
ENCODING -1
SWIDTH 593 0
DWIDTH 47 0
BBX 34 58 7 -1
BITMAP
7C00000F00
FE00001F80
FE00003F80
FE00003FC0
FE00003FC0
FE00003FC0
FE00003FC0
FE00003FC0
FE00003FC0
FE00003FC0
FE00003FC0
FE00003FC0
FE00003FC0
FE00003FC0
FE00003FC0
FE00003FC0
FE00003FC0
FE00003FC0
FE00003FC0
FE00003FC0
FE00003FC0
FE00003FC0
FE00003FC0
FE00003FC0
FE00003FC0
FE00003FC0
FE00003FC0
FE00003FC0
FE00003FC0
FE00003FC0
FE00003FC0
FE00003FC0
FE00003FC0
FE00003FC0
FE00003FC0
FE00003FC0
FE00003FC0
FE00003FC0
FE00003FC0
FE00003FC0
FE00003FC0
FE00003FC0
FE00003FC0
FE00003FC0
FE00003F80
FE00003F80
FE00007F80
FE00007F80
FE0000FF80
FE0001FF00
FE0007FF00
FE01FFFE00
FE07FFFC00
FE07FFF800
FE07FFF000
FE07FFC000
7C03FF0000
1000800000
ENDCHAR
STARTCHAR i.loclTRK
ENCODING -1
SWIDTH 237 0
DWIDTH 19 0
BBX 9 56 5 0
BITMAP
3E00
7F00
FF80
FF80
FF80
7F00
7F00
3C00
0000
0000
0000
0000
0000
0000
0000
0000
0000
3E00
7F00
7F00
7F00
7F00
7F00
7F00
7F00
7F00
7F00
7F00
7F00
7F00
7F00
7F00
7F00
7F00
7F00
7F00
7F00
7F00
7F00
7F00
7F00
7F00
7F00
7F00
7F00
7F00
7F00
7F00
7F00
7F00
7F00
7F00
7F00
7F00
7F00
3E00
ENDCHAR
STARTCHAR germandbls.calt
ENCODING -1
SWIDTH 716 0
DWIDTH 57 0
BBX 46 58 7 -1
BITMAP
0000FFF80000
000FFFFF8000
003FFFFFE000
00FFFFFFF800
01FFFFFFFC00
07FFFFFFFE00
0FFFC01FFF00
0FFE0003FF80
1FF80000FF80
3FE000007FC0
3FC000003FC0
7FC000003FC0
7F8000001FC0
7F0000001FC0
FF0000001FE0
FF0000001FE0
FF0000001FC0
FE0000001FC0
FE0000001FC0
FE0000001FC0
FE0000003FC0
FE0000003F80
FE0000007F80
FE000000FF00
FE000003FE00
FE00001FFC00
FE00FFFFF800
FE01FFFFE000
FE01FFFFF800
FE01FFFFFE00
FE00FFFFFF00
FE007FFFFFC0
FE000000FFC0
FE0000003FE0
FE0000001FF0
FE0000000FF0
FE00000007F8
FE00000003F8
FE00000003F8
FE00000003F8
FE00000003F8
FE00000003FC
FE00000003FC
FE00000003F8
FE00000003F8
FE00000003F8
FE00000007F8
FE00000007F8
FE0380000FF0
FE07C0001FF0
FE0FF8007FE0
FE0FFFCFFFE0
FE07FFFFFFC0
FE07FFFFFF80
FE01FFFFFF00
FE007FFFFC00
7C001FFFF000
100000FC0000
ENDCHAR
STARTCHAR iacute_j.loclNLD
ENCODING -1
SWIDTH 478 0
DWIDTH 38 0
BBX 34 76 6 -15
BITMAP
007C000780
007E000FC0
00FE000FC0
00FE001FC0
01FC003F80
01FC003F80
03F8007F00
03F0007E00
07F000FE00
07E000FC00
0FC001FC00
0FC001F800
1F8003F000
1F0003F000
3F0007E000
3E0007C000
3C0003C000
0800010000
0000000000
0000000000
0000000000
0000020000
7C000FC000
FE001FC000
FE001FC000
FE001FC000
FE001FC000
FE001FC000
FE001FC000
FE001FC000
FE001FC000
FE001FC000
FE001FC000
FE001FC000
FE001FC000
FE001FC000
FE001FC000
FE001FC000
FE001FC000
FE001FC000
FE001FC000
FE001FC000
FE001FC000
FE001FC000
FE001FC000
FE001FC000
FE001FC000
FE001FC000
FE001FC000
FE001FC000
FE001FC000
FE001FC000
FE001FC000
FE001FC000
FE001FC000
FE001FC000
FE001FC000
FE001FC000
FE001FC000
FE001FC000
7C001FC000
00001FC000
00001FC000
00001FC000
00001FC000
00001FC000
00003FC000
00003FC000
00007F8000
0000FF8000
000FFF0000
007FFE0000
007FFE0000
00FFF80000
007FF00000
007F800000
ENDCHAR
STARTCHAR a.ss01
ENCODING -1
SWIDTH 587 0
DWIDTH 47 0
BBX 37 41 4 -1
BITMAP
0003E00040
003FFE01F0
00FFFF83F8
01FFFFC3F8
07FFFFF3F8
0FFFFFF3F8
0FFE03FBF8
1FF800FFF8
3FE0003FF8
3FC0001FF8
7FC0001FF8
7F80000FF8
7F00000FF8
FF000007F8
FF000007F8
FE000007F8
FE000003F8
FE000003F8
FE000003F8
FE000003F8
FE000003F8
FE000003F8
FE000003F8
FE000003F8
FE000003F8
FE000007F8
FF000007F8
FF000007F8
7F00000FF8
7F80000FF8
7F80001FF8
3FC0001FF8
3FE0003FF8
1FF800FFF8
0FFE03FBF8
0FFFFFFBF8
07FFFFF3F8
01FFFFC3F8
00FFFF83F8
003FFE01F0
0003E00040
ENDCHAR
STARTCHAR aacute.ss01
ENCODING -1
SWIDTH 587 0
DWIDTH 47 0
BBX 37 62 4 -1
BITMAP
0000007C00
0000007C00
000000FE00
000000FE00
000001FC00
000001F800
000003F800
000007F000
000007E000
00000FE000
00000FC000
00001F8000
00001F8000
00003F0000
00003E0000
00003E0000
00003C0000
0000080000
0000000000
0000000000
0000000000
0003E00040
003FFE01F0
00FFFF83F8
01FFFFC3F8
07FFFFF3F8
0FFFFFF3F8
0FFE03FBF8
1FF800FFF8
3FE0003FF8
3FC0001FF8
7FC0001FF8
7F80000FF8
7F00000FF8
FF000007F8
FF000007F8
FE000007F8
FE000003F8
FE000003F8
FE000003F8
FE000003F8
FE000003F8
FE000003F8
FE000003F8
FE000003F8
FE000003F8
FE000007F8
FF000007F8
FF000007F8
7F00000FF8
7F80000FF8
7F80001FF8
3FC0001FF8
3FE0003FF8
1FF800FFF8
0FFE03FBF8
0FFFFFFBF8
07FFFFF3F8
01FFFFC3F8
00FFFF83F8
003FFE01F0
0003E00040
ENDCHAR
STARTCHAR abreve.ss01
ENCODING -1
SWIDTH 587 0
DWIDTH 47 0
BBX 37 61 4 -1
BITMAP
00C0000E00
01E0001F00
01E0001F00
01F0001F00
01F0001E00
01F0003E00
00F0003E00
00F8003E00
00FC007C00
007E00FC00
007F01F800
003FFFF800
001FFFF000
000FFFE000
0007FF8000
0001FE0000
0000000000
0000000000
0000000000
0000000000
0003E00040
003FFE01F0
00FFFF83F8
01FFFFC3F8
07FFFFF3F8
0FFFFFF3F8
0FFE03FBF8
1FF800FFF8
3FE0003FF8
3FC0001FF8
7FC0001FF8
7F80000FF8
7F00000FF8
FF000007F8
FF000007F8
FE000007F8
FE000003F8
FE000003F8
FE000003F8
FE000003F8
FE000003F8
FE000003F8
FE000003F8
FE000003F8
FE000003F8
FE000007F8
FF000007F8
FF000007F8
7F00000FF8
7F80000FF8
7F80001FF8
3FC0001FF8
3FE0003FF8
1FF800FFF8
0FFE03FBF8
0FFFFFFBF8
07FFFFF3F8
01FFFFC3F8
00FFFF83F8
003FFE01F0
0003E00040
ENDCHAR
STARTCHAR uni1EAF.ss01
ENCODING -1
SWIDTH 587 0
DWIDTH 47 0
BBX 37 67 4 -1
BITMAP
000000C000
000001F000
000003F000
000003F000
000007F000
000007E000
00000FC000
00001FC000
00001F8000
00C03F0600
01E03E0F00
01E07C0F00
01E0781F00
01F0101E00
00F0003E00
00F8007E00
007E00FC00
007FEFF800
003FFFF800
001FFFE000
0007FFC000
0001FE0000
0000000000
0000000000
0000000000
0000000000
0003E00040
003FFE01F0
00FFFF83F8
01FFFFC3F8
07FFFFF3F8
0FFFFFF3F8
0FFE03FBF8
1FF800FFF8
3FE0003FF8
3FC0001FF8
7FC0001FF8
7F80000FF8
7F00000FF8
FF000007F8
FF000007F8
FE000007F8
FE000003F8
FE000003F8
FE000003F8
FE000003F8
FE000003F8
FE000003F8
FE000003F8
FE000003F8
FE000003F8
FE000007F8
FF000007F8
FF000007F8
7F00000FF8
7F80000FF8
7F80001FF8
3FC0001FF8
3FE0003FF8
1FF800FFF8
0FFE03FBF8
0FFFFFFBF8
07FFFFF3F8
01FFFFC3F8
00FFFF83F8
003FFE01F0
0003E00040
ENDCHAR
STARTCHAR uni1EB7.ss01
ENCODING -1
SWIDTH 587 0
DWIDTH 47 0
BBX 37 76 4 -16
BITMAP
00C0000E00
01E0001F00
01E0001F00
01F0001F00
01F0001E00
01F0003E00
00F0003E00
00F8003E00
00FC007C00
007E00FC00
007F01F800
003FFFF800
001FFFF000
000FFFE000
0007FF8000
0001FE0000
0000000000
0000000000
0000000000
0000000000
0003E00040
003FFE01F0
00FFFF83F8
01FFFFC3F8
07FFFFF3F8
0FFFFFF3F8
0FFE03FBF8
1FF800FFF8
3FE0003FF8
3FC0001FF8
7FC0001FF8
7F80000FF8
7F00000FF8
FF000007F8
FF000007F8
FE000007F8
FE000003F8
FE000003F8
FE000003F8
FE000003F8
FE000003F8
FE000003F8
FE000003F8
FE000003F8
FE000003F8
FE000007F8
FF000007F8
FF000007F8
7F00000FF8
7F80000FF8
7F80001FF8
3FC0001FF8
3FE0003FF8
1FF800FFF8
0FFE03FBF8
0FFFFFFBF8
07FFFFF3F8
01FFFFC3F8
00FFFF83F8
003FFE01F0
0003E00040
0000000000
0000000000
0000000000
0000000000
0000000000
0000000000
0000300000
0000FC0000
0001FE0000
0001FE0000
0001FF0000
0001FE0000
0001FE0000
0000FC0000
0000100000
ENDCHAR
STARTCHAR uni1EB1.ss01
ENCODING -1
SWIDTH 587 0
DWIDTH 47 0
BBX 37 67 4 -1
BITMAP
000C000000
001F000000
003F000000
003F800000
001F800000
001FC00000
000FE00000
0007E00000
0003F00000
00C1F00600
01E1F80F00
01E0F80F00
01E0781F00
01F0101E00
01F0003E00
00F8007E00
00FE00FC00
007FEFF800
003FFFF000
001FFFE000
0007FFC000
0001FE0000
0000000000
0000000000
0000000000
0000000000
0003E00040
003FFE01F0
00FFFF83F8
01FFFFC3F8
07FFFFF3F8
0FFFFFF3F8
0FFE03FBF8
1FF800FFF8
3FE0003FF8
3FC0001FF8
7FC0001FF8
7F80000FF8
7F00000FF8
FF000007F8
FF000007F8
FE000007F8
FE000003F8
FE000003F8
FE000003F8
FE000003F8
FE000003F8
FE000003F8
FE000003F8
FE000003F8
FE000003F8
FE000007F8
FF000007F8
FF000007F8
7F00000FF8
7F80000FF8
7F80001FF8
3FC0001FF8
3FE0003FF8
1FF800FFF8
0FFE03FBF8
0FFFFFFBF8
07FFFFF3F8
01FFFFC3F8
00FFFF83F8
003FFE01F0
0003E00040
ENDCHAR
STARTCHAR uni1EB3.ss01
ENCODING -1
SWIDTH 587 0
DWIDTH 47 0
BBX 37 66 4 -1
BITMAP
0003FF0000
0007FFC000
0007FFC000
00079FE000
000007E000
000003E000
000003C000
000007C000
00C00F8600
01E01F0F00
01E03E0F00
01E03C1F00
01F0001E00
01F0003E00
00F8007E00
00FE00FC00
007FEFF800
003FFFF800
001FFFE000
0007FFC000
0001FE0000
0000000000
0000000000
0000000000
0000000000
0003E00040
003FFE01F0
00FFFF83F8
01FFFFC3F8
07FFFFF3F8
0FFFFFF3F8
0FFE03FBF8
1FF800FFF8
3FE0003FF8
3FC0001FF8
7FC0001FF8
7F80000FF8
7F00000FF8
FF000007F8
FF000007F8
FE000007F8
FE000003F8
FE000003F8
FE000003F8
FE000003F8
FE000003F8
FE000003F8
FE000003F8
FE000003F8
FE000003F8
FE000007F8
FF000007F8
FF000007F8
7F00000FF8
7F80000FF8
7F80001FF8
3FC0001FF8
3FE0003FF8
1FF800FFF8
0FFE03FBF8
0FFFFFFBF8
07FFFFF3F8
01FFFFC3F8
00FFFF83F8
003FFE01F0
0003E00040
ENDCHAR
STARTCHAR uni1EB5.ss01
ENCODING -1
SWIDTH 587 0
DWIDTH 47 0
BBX 37 66 4 -1
BITMAP
001F800F00
007FE00F00
00FFF81F00
00FFFC3E00
01F8FFFE00
01E03FFC00
01E01FF800
01C007F000
0000000000
0000000000
0000000000
00C0000C00
01E0001F00
01F0001F00
01F8003E00
00FC00FE00
007FCFFC00
003FFFF800
001FFFF000
000FFFC000
0001FF0000
0000000000
0000000000
0000000000
0000000000
0003E00040
003FFE01F0
00FFFF83F8
01FFFFC3F8
07FFFFF3F8
0FFFFFF3F8
0FFE03FBF8
1FF800FFF8
3FE0003FF8
3FC0001FF8
7FC0001FF8
7F80000FF8
7F00000FF8
FF000007F8
FF000007F8
FE000007F8
FE000003F8
FE000003F8
FE000003F8
FE000003F8
FE000003F8
FE000003F8
FE000003F8
FE000003F8
FE000003F8
FE000007F8
FF000007F8
FF000007F8
7F00000FF8
7F80000FF8
7F80001FF8
3FC0001FF8
3FE0003FF8
1FF800FFF8
0FFE03FBF8
0FFFFFFBF8
07FFFFF3F8
01FFFFC3F8
00FFFF83F8
003FFE01F0
0003E00040
ENDCHAR
STARTCHAR uni01CE.ss01
ENCODING -1
SWIDTH 587 0
DWIDTH 47 0
BBX 37 62 4 -1
BITMAP
0070001800
00F8003C00
00F8007C00
007C007C00
007C00F800
003E01F800
003F01F000
001F03F000
001F83E000
000FC7E000
000FCFC000
0007EFC000
0003FF8000
0003FF0000
0001FF0000
0001FE0000
0000FE0000
0000780000
0000000000
0000000000
0000000000
0003E00040
003FFE01F0
00FFFF83F8
01FFFFC3F8
07FFFFF3F8
0FFFFFF3F8
0FFE03FBF8
1FF800FFF8
3FE0003FF8
3FC0001FF8
7FC0001FF8
7F80000FF8
7F00000FF8
FF000007F8
FF000007F8
FE000007F8
FE000003F8
FE000003F8
FE000003F8
FE000003F8
FE000003F8
FE000003F8
FE000003F8
FE000003F8
FE000003F8
FE000007F8
FF000007F8
FF000007F8
7F00000FF8
7F80000FF8
7F80001FF8
3FC0001FF8
3FE0003FF8
1FF800FFF8
0FFE03FBF8
0FFFFFFBF8
07FFFFF3F8
01FFFFC3F8
00FFFF83F8
003FFE01F0
0003E00040
ENDCHAR
STARTCHAR acircumflex.ss01
ENCODING -1
SWIDTH 587 0
DWIDTH 47 0
BBX 37 62 4 -1
BITMAP
00007C0000
0000FE0000
0001FF0000
0003FF0000
0003FF8000
0007FF8000
0007EFC000
000FC7C000
000F87E000
001F83E000
001F01F000
003E01F800
007E00F800
007C00FC00
00FC007C00
00F8003C00
00F0003C00
0020000800
0000000000
0000000000
0000000000
0003E00040
003FFE01F0
00FFFF83F8
01FFFFC3F8
07FFFFF3F8
0FFFFFF3F8
0FFE03FBF8
1FF800FFF8
3FE0003FF8
3FC0001FF8
7FC0001FF8
7F80000FF8
7F00000FF8
FF000007F8
FF000007F8
FE000007F8
FE000003F8
FE000003F8
FE000003F8
FE000003F8
FE000003F8
FE000003F8
FE000003F8
FE000003F8
FE000003F8
FE000007F8
FF000007F8
FF000007F8
7F00000FF8
7F80000FF8
7F80001FF8
3FC0001FF8
3FE0003FF8
1FF800FFF8
0FFE03FBF8
0FFFFFFBF8
07FFFFF3F8
01FFFFC3F8
00FFFF83F8
003FFE01F0
0003E00040
ENDCHAR
STARTCHAR uni1EA5.ss01
ENCODING -1
SWIDTH 587 0
DWIDTH 47 0
BBX 39 66 4 -1
BITMAP
000000003C
000000007E
000000007E
00000000FC
00000000FC
00000001F8
00000003F0
00007C03E0
0000FE07E0
0001FF07C0
0003FF0F80
0007FF8F00
0007FFCF00
000FCFC600
001F87E000
001F83F000
003F01F000
007E00F800
007C007C00
00F8007C00
0070003C00
0020000800
0000000000
0000000000
0000000000
0003E00040
003FFE01F0
00FFFF83F8
01FFFFC3F8
07FFFFF3F8
0FFFFFF3F8
0FFE03FBF8
1FF800FFF8
3FE0003FF8
3FC0001FF8
7FC0001FF8
7F80000FF8
7F00000FF8
FF000007F8
FF000007F8
FE000007F8
FE000003F8
FE000003F8
FE000003F8
FE000003F8
FE000003F8
FE000003F8
FE000003F8
FE000003F8
FE000003F8
FE000007F8
FF000007F8
FF000007F8
7F00000FF8
7F80000FF8
7F80001FF8
3FC0001FF8
3FE0003FF8
1FF800FFF8
0FFE03FBF8
0FFFFFFBF8
07FFFFF3F8
01FFFFC3F8
00FFFF83F8
003FFE01F0
0003E00040
ENDCHAR
STARTCHAR uni1EAD.ss01
ENCODING -1
SWIDTH 587 0
DWIDTH 47 0
BBX 37 77 4 -16
BITMAP
00007C0000
0000FE0000
0001FF0000
0003FF0000
0003FF8000
0007FF8000
0007EFC000
000FC7C000
000F87E000
001F83E000
001F01F000
003E01F800
007E00F800
007C00FC00
00FC007C00
00F8003C00
00F0003C00
0020000800
0000000000
0000000000
0000000000
0003E00040
003FFE01F0
00FFFF83F8
01FFFFC3F8
07FFFFF3F8
0FFFFFF3F8
0FFE03FBF8
1FF800FFF8
3FE0003FF8
3FC0001FF8
7FC0001FF8
7F80000FF8
7F00000FF8
FF000007F8
FF000007F8
FE000007F8
FE000003F8
FE000003F8
FE000003F8
FE000003F8
FE000003F8
FE000003F8
FE000003F8
FE000003F8
FE000003F8
FE000007F8
FF000007F8
FF000007F8
7F00000FF8
7F80000FF8
7F80001FF8
3FC0001FF8
3FE0003FF8
1FF800FFF8
0FFE03FBF8
0FFFFFFBF8
07FFFFF3F8
01FFFFC3F8
00FFFF83F8
003FFE01F0
0003E00040
0000000000
0000000000
0000000000
0000000000
0000000000
0000000000
0000300000
0000FC0000
0001FE0000
0001FE0000
0001FF0000
0001FE0000
0001FE0000
0000FC0000
0000100000
ENDCHAR
STARTCHAR uni1EA7.ss01
ENCODING -1
SWIDTH 587 0
DWIDTH 47 0
BBX 37 66 4 -1
BITMAP
000000F000
000001F000
000001F800
000000FC00
000000FC00
0000007E00
0000003E00
00007C1F00
0000FE1F80
0001FF0F80
0003FF07C0
0007FF83C0
0007FFC3C0
000FCFC180
001F87E000
001F83F000
003F01F000
007E00F800
007C007C00
00F8007C00
0070003C00
0020000800
0000000000
0000000000
0000000000
0003E00040
003FFE01F0
00FFFF83F8
01FFFFC3F8
07FFFFF3F8
0FFFFFF3F8
0FFE03FBF8
1FF800FFF8
3FE0003FF8
3FC0001FF8
7FC0001FF8
7F80000FF8
7F00000FF8
FF000007F8
FF000007F8
FE000007F8
FE000003F8
FE000003F8
FE000003F8
FE000003F8
FE000003F8
FE000003F8
FE000003F8
FE000003F8
FE000003F8
FE000007F8
FF000007F8
FF000007F8
7F00000FF8
7F80000FF8
7F80001FF8
3FC0001FF8
3FE0003FF8
1FF800FFF8
0FFE03FBF8
0FFFFFFBF8
07FFFFF3F8
01FFFFC3F8
00FFFF83F8
003FFE01F0
0003E00040
ENDCHAR
STARTCHAR uni1EA9.ss01
ENCODING -1
SWIDTH 587 0
DWIDTH 47 0
BBX 37 66 4 -1
BITMAP
0000003F80
000000FFF0
000001FFF8
000001FFF8
00000000F8
00000000F8
00000000F8
00007C00F8
0000FE01F0
0001FF03E0
0003FF07C0
0007FF8F80
0007FFCE00
000FCFC000
001F87E000
001F83F000
003F01F000
007E00F800
007C007C00
00F8007C00
0070003C00
0020000800
0000000000
0000000000
0000000000
0003E00040
003FFE01F0
00FFFF83F8
01FFFFC3F8
07FFFFF3F8
0FFFFFF3F8
0FFE03FBF8
1FF800FFF8
3FE0003FF8
3FC0001FF8
7FC0001FF8
7F80000FF8
7F00000FF8
FF000007F8
FF000007F8
FE000007F8
FE000003F8
FE000003F8
FE000003F8
FE000003F8
FE000003F8
FE000003F8
FE000003F8
FE000003F8
FE000003F8
FE000007F8
FF000007F8
FF000007F8
7F00000FF8
7F80000FF8
7F80001FF8
3FC0001FF8
3FE0003FF8
1FF800FFF8
0FFE03FBF8
0FFFFFFBF8
07FFFFF3F8
01FFFFC3F8
00FFFF83F8
003FFE01F0
0003E00040
ENDCHAR
STARTCHAR uni1EAB.ss01
ENCODING -1
SWIDTH 587 0
DWIDTH 47 0
BBX 37 66 4 -1
BITMAP
001F800F00
007FE00F00
00FFF81F00
00FFFC3E00
01F8FFFE00
01E03FFC00
01E01FF800
01C007F000
0000000000
0000000000
0000FC0000
0001FF0000
0003FF8000
0007FF8000
000FEFC000
000FC7E000
001F83F000
003F01F800
007E00FC00
00F8007C00
0070003C00
0020000800
0000000000
0000000000
0000000000
0003E00040
003FFE01F0
00FFFF83F8
01FFFFC3F8
07FFFFF3F8
0FFFFFF3F8
0FFE03FBF8
1FF800FFF8
3FE0003FF8
3FC0001FF8
7FC0001FF8
7F80000FF8
7F00000FF8
FF000007F8
FF000007F8
FE000007F8
FE000003F8
FE000003F8
FE000003F8
FE000003F8
FE000003F8
FE000003F8
FE000003F8
FE000003F8
FE000003F8
FE000007F8
FF000007F8
FF000007F8
7F00000FF8
7F80000FF8
7F80001FF8
3FC0001FF8
3FE0003FF8
1FF800FFF8
0FFE03FBF8
0FFFFFFBF8
07FFFFF3F8
01FFFFC3F8
00FFFF83F8
003FFE01F0
0003E00040
ENDCHAR
STARTCHAR uni0201.ss01
ENCODING -1
SWIDTH 587 0
DWIDTH 47 0
BBX 37 62 4 -1
BITMAP
01E07C0000
03F07E0000
03F07E0000
03F87E0000
01F87E0000
01F83F0000
00F83F0000
00FC1F0000
007C1F0000
007C0F8000
007C0F8000
003E0F8000
003E07C000
001E07C000
001F03C000
000F03C000
000F01C000
0004008000
0000000000
0000000000
0000000000
0003E00040
003FFE01F0
00FFFF83F8
01FFFFC3F8
07FFFFF3F8
0FFFFFF3F8
0FFE03FBF8
1FF800FFF8
3FE0003FF8
3FC0001FF8
7FC0001FF8
7F80000FF8
7F00000FF8
FF000007F8
FF000007F8
FE000007F8
FE000003F8
FE000003F8
FE000003F8
FE000003F8
FE000003F8
FE000003F8
FE000003F8
FE000003F8
FE000003F8
FE000007F8
FF000007F8
FF000007F8
7F00000FF8
7F80000FF8
7F80001FF8
3FC0001FF8
3FE0003FF8
1FF800FFF8
0FFE03FBF8
0FFFFFFBF8
07FFFFF3F8
01FFFFC3F8
00FFFF83F8
003FFE01F0
0003E00040
ENDCHAR
STARTCHAR adieresis.ss01
ENCODING -1
SWIDTH 587 0
DWIDTH 47 0
BBX 37 57 4 -1
BITMAP
003E00F800
007F01FC00
00FF01FC00
00FF03FC00
00FF03FC00
00FF01FC00
007E01FC00
003C007000
0000000000
0000000000
0000000000
0000000000
0000000000
0000000000
0000000000
0000000000
0003E00040
003FFE01F0
00FFFF83F8
01FFFFC3F8
07FFFFF3F8
0FFFFFF3F8
0FFE03FBF8
1FF800FFF8
3FE0003FF8
3FC0001FF8
7FC0001FF8
7F80000FF8
7F00000FF8
FF000007F8
FF000007F8
FE000007F8
FE000003F8
FE000003F8
FE000003F8
FE000003F8
FE000003F8
FE000003F8
FE000003F8
FE000003F8
FE000003F8
FE000007F8
FF000007F8
FF000007F8
7F00000FF8
7F80000FF8
7F80001FF8
3FC0001FF8
3FE0003FF8
1FF800FFF8
0FFE03FBF8
0FFFFFFBF8
07FFFFF3F8
01FFFFC3F8
00FFFF83F8
003FFE01F0
0003E00040
ENDCHAR
STARTCHAR uni0227.ss01
ENCODING -1
SWIDTH 587 0
DWIDTH 47 0
BBX 37 57 4 -1
BITMAP
0000FC0000
0001FE0000
0001FE0000
0001FF0000
0001FE0000
0001FE0000
0000FE0000
0000780000
0000000000
0000000000
0000000000
0000000000
0000000000
0000000000
0000000000
0000000000
0003E00040
003FFE01F0
00FFFF83F8
01FFFFC3F8
07FFFFF3F8
0FFFFFF3F8
0FFE03FBF8
1FF800FFF8
3FE0003FF8
3FC0001FF8
7FC0001FF8
7F80000FF8
7F00000FF8
FF000007F8
FF000007F8
FE000007F8
FE000003F8
FE000003F8
FE000003F8
FE000003F8
FE000003F8
FE000003F8
FE000003F8
FE000003F8
FE000003F8
FE000007F8
FF000007F8
FF000007F8
7F00000FF8
7F80000FF8
7F80001FF8
3FC0001FF8
3FE0003FF8
1FF800FFF8
0FFE03FBF8
0FFFFFFBF8
07FFFFF3F8
01FFFFC3F8
00FFFF83F8
003FFE01F0
0003E00040
ENDCHAR
STARTCHAR uni1EA1.ss01
ENCODING -1
SWIDTH 587 0
DWIDTH 47 0
BBX 37 56 4 -16
BITMAP
0003E00040
003FFE01F0
00FFFF83F8
01FFFFC3F8
07FFFFF3F8
0FFFFFF3F8
0FFE03FBF8
1FF800FFF8
3FE0003FF8
3FC0001FF8
7FC0001FF8
7F80000FF8
7F00000FF8
FF000007F8
FF000007F8
FE000007F8
FE000003F8
FE000003F8
FE000003F8
FE000003F8
FE000003F8
FE000003F8
FE000003F8
FE000003F8
FE000003F8
FE000007F8
FF000007F8
FF000007F8
7F00000FF8
7F80000FF8
7F80001FF8
3FC0001FF8
3FE0003FF8
1FF800FFF8
0FFE03FBF8
0FFFFFFBF8
07FFFFF3F8
01FFFFC3F8
00FFFF83F8
003FFE01F0
0003E00040
0000000000
0000000000
0000000000
0000000000
0000000000
0000000000
0000300000
0000FC0000
0001FE0000
0001FE0000
0001FF0000
0001FE0000
0001FE0000
0000FC0000
0000100000
ENDCHAR
STARTCHAR agrave.ss01
ENCODING -1
SWIDTH 587 0
DWIDTH 47 0
BBX 37 62 4 -1
BITMAP
0078000000
00FC000000
00FE000000
00FE000000
007F000000
007F000000
003F800000
001F800000
001FC00000
000FC00000
0007E00000
0007E00000
0003F00000
0001F00000
0001F80000
0000F80000
0000700000
0000200000
0000000000
0000000000
0000000000
0003E00040
003FFE01F0
00FFFF83F8
01FFFFC3F8
07FFFFF3F8
0FFFFFF3F8
0FFE03FBF8
1FF800FFF8
3FE0003FF8
3FC0001FF8
7FC0001FF8
7F80000FF8
7F00000FF8
FF000007F8
FF000007F8
FE000007F8
FE000003F8
FE000003F8
FE000003F8
FE000003F8
FE000003F8
FE000003F8
FE000003F8
FE000003F8
FE000003F8
FE000007F8
FF000007F8
FF000007F8
7F00000FF8
7F80000FF8
7F80001FF8
3FC0001FF8
3FE0003FF8
1FF800FFF8
0FFE03FBF8
0FFFFFFBF8
07FFFFF3F8
01FFFFC3F8
00FFFF83F8
003FFE01F0
0003E00040
ENDCHAR
STARTCHAR uni1EA3.ss01
ENCODING -1
SWIDTH 587 0
DWIDTH 47 0
BBX 37 62 4 -1
BITMAP
0000FC0000
0007FF8000
000FFFC000
000FFFE000
000F0FE000
000007F000
000003F000
000003E000
000007E000
00000FC000
00001F8000
00003F0000
00003E0000
00007C0000
00007C0000
00007C0000
0000780000
0000000000
0000000000
0000000000
0000000000
0003E00040
003FFE01F0
00FFFF83F8
01FFFFC3F8
07FFFFF3F8
0FFFFFF3F8
0FFE03FBF8
1FF800FFF8
3FE0003FF8
3FC0001FF8
7FC0001FF8
7F80000FF8
7F00000FF8
FF000007F8
FF000007F8
FE000007F8
FE000003F8
FE000003F8
FE000003F8
FE000003F8
FE000003F8
FE000003F8
FE000003F8
FE000003F8
FE000003F8
FE000007F8
FF000007F8
FF000007F8
7F00000FF8
7F80000FF8
7F80001FF8
3FC0001FF8
3FE0003FF8
1FF800FFF8
0FFE03FBF8
0FFFFFFBF8
07FFFFF3F8
01FFFFC3F8
00FFFF83F8
003FFE01F0
0003E00040
ENDCHAR
STARTCHAR uni0203.ss01
ENCODING -1
SWIDTH 587 0
DWIDTH 47 0
BBX 37 61 4 -1
BITMAP
0000380000
0003FF8000
000FFFC000
001FFFE000
003FFFF000
003F83F800
007E00FC00
00FC007C00
00F8007E00
00F8003E00
01F0003E00
01F0001E00
01F0001F00
01E0001F00
01E0001F00
01E0000E00
0000000000
0000000000
0000000000
0000000000
0003E00040
003FFE01F0
00FFFF83F8
01FFFFC3F8
07FFFFF3F8
0FFFFFF3F8
0FFE03FBF8
1FF800FFF8
3FE0003FF8
3FC0001FF8
7FC0001FF8
7F80000FF8
7F00000FF8
FF000007F8
FF000007F8
FE000007F8
FE000003F8
FE000003F8
FE000003F8
FE000003F8
FE000003F8
FE000003F8
FE000003F8
FE000003F8
FE000003F8
FE000007F8
FF000007F8
FF000007F8
7F00000FF8
7F80000FF8
7F80001FF8
3FC0001FF8
3FE0003FF8
1FF800FFF8
0FFE03FBF8
0FFFFFFBF8
07FFFFF3F8
01FFFFC3F8
00FFFF83F8
003FFE01F0
0003E00040
ENDCHAR
STARTCHAR amacron.ss01
ENCODING -1
SWIDTH 587 0
DWIDTH 47 0
BBX 37 56 4 -1
BITMAP
007FFFFC00
01FFFFFE00
01FFFFFF00
01FFFFFF00
00FFFFFE00
0000000000
0000000000
0000000000
0000000000
0000000000
0000000000
0000000000
0000000000
0000000000
0000000000
0003E00040
003FFE01F0
00FFFF83F8
01FFFFC3F8
07FFFFF3F8
0FFFFFF3F8
0FFE03FBF8
1FF800FFF8
3FE0003FF8
3FC0001FF8
7FC0001FF8
7F80000FF8
7F00000FF8
FF000007F8
FF000007F8
FE000007F8
FE000003F8
FE000003F8
FE000003F8
FE000003F8
FE000003F8
FE000003F8
FE000003F8
FE000003F8
FE000003F8
FE000007F8
FF000007F8
FF000007F8
7F00000FF8
7F80000FF8
7F80001FF8
3FC0001FF8
3FE0003FF8
1FF800FFF8
0FFE03FBF8
0FFFFFFBF8
07FFFFF3F8
01FFFFC3F8
00FFFF83F8
003FFE01F0
0003E00040
ENDCHAR
STARTCHAR aogonek.ss01
ENCODING -1
SWIDTH 587 0
DWIDTH 47 0
BBX 40 55 4 -15
BITMAP
0003E00040
003FFE01F0
00FFFF83F8
01FFFFC3F8
07FFFFF3F8
0FFFFFF3F8
0FFE03FBF8
1FF800FFF8
3FE0003FF8
3FC0001FF8
7FC0001FF8
7F80000FF8
7F00000FF8
FF000007F8
FF000007F8
FE000007F8
FE000003F8
FE000003F8
FE000003F8
FE000003F8
FE000003F8
FE000003F8
FE000003F8
FE000003F8
FE000003F8
FE000007F8
FF000007F8
FF000007F8
7F00000FF8
7F80000FF8
7F80001FF8
3FC0001FF8
3FE0003FF8
1FF800FFF8
0FFE03FBF8
0FFFFFFBF8
07FFFFF3F8
01FFFFC3F8
00FFFF83F8
003FFE07F0
0003E00FE0
0000001F80
0000001F00
0000003E00
0000003E00
0000007C00
0000007C00
0000007C00
0000007E00
0000007E00
0000003F00
0000003FFF
0000001FFF
0000000FFF
00000007FE
ENDCHAR
STARTCHAR aring.ss01
ENCODING -1
SWIDTH 587 0
DWIDTH 47 0
BBX 37 63 4 -1
BITMAP
0001FF0000
0007FF8000
000FFFC000
001FCFE000
001F01F000
003E00F000
003C00F800
003C007800
003C007800
003C007800
003C007800
003C00F800
003E00F000
001F01F000
000FEFE000
000FFFC000
0003FF8000
0001FE0000
0000000000
0000000000
0000000000
0000000000
0003E00040
003FFE01F0
00FFFF83F8
01FFFFC3F8
07FFFFF3F8
0FFFFFF3F8
0FFE03FBF8
1FF800FFF8
3FE0003FF8
3FC0001FF8
7FC0001FF8
7F80000FF8
7F00000FF8
FF000007F8
FF000007F8
FE000007F8
FE000003F8
FE000003F8
FE000003F8
FE000003F8
FE000003F8
FE000003F8
FE000003F8
FE000003F8
FE000003F8
FE000007F8
FF000007F8
FF000007F8
7F00000FF8
7F80000FF8
7F80001FF8
3FC0001FF8
3FE0003FF8
1FF800FFF8
0FFE03FBF8
0FFFFFFBF8
07FFFFF3F8
01FFFFC3F8
00FFFF83F8
003FFE01F0
0003E00040
ENDCHAR
STARTCHAR aringacute.ss01
ENCODING -1
SWIDTH 587 0
DWIDTH 47 0
BBX 37 67 4 -1
BITMAP
00000003C0
00000007C0
0000000FC0
0000001F80
0000783F00
0003FF7E00
0007FFFC00
000FFFF800
001F03F000
001E01F000
003C00F000
003C007000
003C007800
003C007800
003C007800
003C00F000
003E00F000
001E01F000
001F83E000
000FFFC000
0007FF8000
0001FF0000
0000180000
0000000000
0000000000
0000000000
0003E00040
003FFE01F0
00FFFF83F8
01FFFFC3F8
07FFFFF3F8
0FFFFFF3F8
0FFE03FBF8
1FF800FFF8
3FE0003FF8
3FC0001FF8
7FC0001FF8
7F80000FF8
7F00000FF8
FF000007F8
FF000007F8
FE000007F8
FE000003F8
FE000003F8
FE000003F8
FE000003F8
FE000003F8
FE000003F8
FE000003F8
FE000003F8
FE000003F8
FE000007F8
FF000007F8
FF000007F8
7F00000FF8
7F80000FF8
7F80001FF8
3FC0001FF8
3FE0003FF8
1FF800FFF8
0FFE03FBF8
0FFFFFFBF8
07FFFFF3F8
01FFFFC3F8
00FFFF83F8
003FFE01F0
0003E00040
ENDCHAR
STARTCHAR atilde.ss01
ENCODING -1
SWIDTH 587 0
DWIDTH 47 0
BBX 37 60 4 -1
BITMAP
0000000180
003F8003C0
007FC007C0
00FFE007C0
01FFF80780
03FFFC0F80
03E0FF7F80
07C07FFF00
07C01FFE00
07800FFC00
078007F800
070000C000
0000000000
0000000000
0000000000
0000000000
0000000000
0000000000
0000000000
0003E00040
003FFE01F0
00FFFF83F8
01FFFFC3F8
07FFFFF3F8
0FFFFFF3F8
0FFE03FBF8
1FF800FFF8
3FE0003FF8
3FC0001FF8
7FC0001FF8
7F80000FF8
7F00000FF8
FF000007F8
FF000007F8
FE000007F8
FE000003F8
FE000003F8
FE000003F8
FE000003F8
FE000003F8
FE000003F8
FE000003F8
FE000003F8
FE000003F8
FE000007F8
FF000007F8
FF000007F8
7F00000FF8
7F80000FF8
7F80001FF8
3FC0001FF8
3FE0003FF8
1FF800FFF8
0FFE03FBF8
0FFFFFFBF8
07FFFFF3F8
01FFFFC3F8
00FFFF83F8
003FFE01F0
0003E00040
ENDCHAR
STARTCHAR l.ss02
ENCODING -1
SWIDTH 237 0
DWIDTH 19 0
BBX 7 58 6 -1
BITMAP
7C
FE
FE
FE
FE
FE
FE
FE
FE
FE
FE
FE
FE
FE
FE
FE
FE
FE
FE
FE
FE
FE
FE
FE
FE
FE
FE
FE
FE
FE
FE
FE
FE
FE
FE
FE
FE
FE
FE
FE
FE
FE
FE
FE
FE
FE
FE
FE
FE
FE
FE
FE
FE
FE
FE
FE
7C
10
ENDCHAR
STARTCHAR lacute.ss02
ENCODING -1
SWIDTH 237 0
DWIDTH 19 0
BBX 15 77 6 -1
BITMAP
0018
003E
007E
00FE
00FE
01FC
03F8
03F8
07F0
0FE0
0FC0
1F80
3F00
3E00
1C00
0000
0000
0000
0000
7C00
FE00
FE00
FE00
FE00
FE00
FE00
FE00
FE00
FE00
FE00
FE00
FE00
FE00
FE00
FE00
FE00
FE00
FE00
FE00
FE00
FE00
FE00
FE00
FE00
FE00
FE00
FE00
FE00
FE00
FE00
FE00
FE00
FE00
FE00
FE00
FE00
FE00
FE00
FE00
FE00
FE00
FE00
FE00
FE00
FE00
FE00
FE00
FE00
FE00
FE00
FE00
FE00
FE00
FE00
FE00
7C00
1000
ENDCHAR
STARTCHAR lcaron.ss02
ENCODING -1
SWIDTH 237 0
DWIDTH 19 0
BBX 16 58 6 -1
BITMAP
7C0E
FE1F
FE1F
FE1F
FE1F
FE1F
FE1E
FE1E
FE1E
FE1E
FE1E
FE1E
FE1E
FE1E
FE1C
FE1C
FE00
FE00
FE00
FE00
FE00
FE00
FE00
FE00
FE00
FE00
FE00
FE00
FE00
FE00
FE00
FE00
FE00
FE00
FE00
FE00
FE00
FE00
FE00
FE00
FE00
FE00
FE00
FE00
FE00
FE00
FE00
FE00
FE00
FE00
FE00
FE00
FE00
FE00
FE00
FE00
7C00
1000
ENDCHAR
STARTCHAR uni013C.ss02
ENCODING -1
SWIDTH 237 0
DWIDTH 19 0
BBX 9 78 5 -21
BITMAP
3E00
7F00
7F00
7F00
7F00
7F00
7F00
7F00
7F00
7F00
7F00
7F00
7F00
7F00
7F00
7F00
7F00
7F00
7F00
7F00
7F00
7F00
7F00
7F00
7F00
7F00
7F00
7F00
7F00
7F00
7F00
7F00
7F00
7F00
7F00
7F00
7F00
7F00
7F00
7F00
7F00
7F00
7F00
7F00
7F00
7F00
7F00
7F00
7F00
7F00
7F00
7F00
7F00
7F00
7F00
7F00
3E00
0800
0000
0000
0000
0000
0000
3E00
7F00
FF80
FF80
FF80
FF80
7F80
3F80
0F00
0F00
1F00
1E00
3E00
3C00
3800
ENDCHAR
STARTCHAR ldot.ss02
ENCODING -1
SWIDTH 300 0
DWIDTH 24 0
BBX 20 58 6 -1
BITMAP
7C0000
FE0000
FE0000
FE0000
FE0000
FE0000
FE0000
FE0000
FE0000
FE0000
FE0000
FE0000
FE0000
FE0000
FE0000
FE0000
FE0000
FE0000
FE0000
FE0000
FE0000
FE0000
FE0000
FE0000
FE07C0
FE0FE0
FE1FF0
FE1FF0
FE1FF0
FE1FF0
FE1FF0
FE1FE0
FE0FE0
FE0100
FE0000
FE0000
FE0000
FE0000
FE0000
FE0000
FE0000
FE0000
FE0000
FE0000
FE0000
FE0000
FE0000
FE0000
FE0000
FE0000
FE0000
FE0000
FE0000
FE0000
FE0000
FE0000
7C0000
100000
ENDCHAR
STARTCHAR uni1E37.ss02
ENCODING -1
SWIDTH 237 0
DWIDTH 19 0
BBX 9 73 5 -16
BITMAP
3E00
7F00
7F00
7F00
7F00
7F00
7F00
7F00
7F00
7F00
7F00
7F00
7F00
7F00
7F00
7F00
7F00
7F00
7F00
7F00
7F00
7F00
7F00
7F00
7F00
7F00
7F00
7F00
7F00
7F00
7F00
7F00
7F00
7F00
7F00
7F00
7F00
7F00
7F00
7F00
7F00
7F00
7F00
7F00
7F00
7F00
7F00
7F00
7F00
7F00
7F00
7F00
7F00
7F00
7F00
7F00
3E00
0800
0000
0000
0000
0000
0000
0000
0800
7F00
7F00
FF80
FF80
FF80
7F00
7F00
0800
ENDCHAR
STARTCHAR uni01C9.ss02
ENCODING -1
SWIDTH 478 0
DWIDTH 38 0
BBX 27 72 6 -15
BITMAP
7C000000
FE001FC0
FE001FE0
FE003FE0
FE003FE0
FE003FE0
FE003FE0
FE001FC0
FE000F80
FE000000
FE000000
FE000000
FE000000
FE000000
FE000000
FE000000
FE000000
FE000200
FE000FC0
FE001FC0
FE001FC0
FE001FC0
FE001FC0
FE001FC0
FE001FC0
FE001FC0
FE001FC0
FE001FC0
FE001FC0
FE001FC0
FE001FC0
FE001FC0
FE001FC0
FE001FC0
FE001FC0
FE001FC0
FE001FC0
FE001FC0
FE001FC0
FE001FC0
FE001FC0
FE001FC0
FE001FC0
FE001FC0
FE001FC0
FE001FC0
FE001FC0
FE001FC0
FE001FC0
FE001FC0
FE001FC0
FE001FC0
FE001FC0
FE001FC0
FE001FC0
FE001FC0
7C001FC0
10001FC0
00001FC0
00001FC0
00001FC0
00001FC0
00003FC0
00003FC0
00007F80
0000FF80
000FFF00
007FFE00
007FFE00
00FFF800
007FF000
007F8000
ENDCHAR
STARTCHAR uni1E3B.ss02
ENCODING -1
SWIDTH 237 0
DWIDTH 19 0
BBX 25 70 -3 -13
BITMAP
003E0000
007F0000
007F0000
007F0000
007F0000
007F0000
007F0000
007F0000
007F0000
007F0000
007F0000
007F0000
007F0000
007F0000
007F0000
007F0000
007F0000
007F0000
007F0000
007F0000
007F0000
007F0000
007F0000
007F0000
007F0000
007F0000
007F0000
007F0000
007F0000
007F0000
007F0000
007F0000
007F0000
007F0000
007F0000
007F0000
007F0000
007F0000
007F0000
007F0000
007F0000
007F0000
007F0000
007F0000
007F0000
007F0000
007F0000
007F0000
007F0000
007F0000
007F0000
007F0000
007F0000
007F0000
007F0000
007F0000
003E0000
00080000
00000000
00000000
00000000
00000000
00000000
00000000
00000000
7FFFFF00
FFFFFF80
FFFFFF80
FFFFFF00
3FFFFE00
ENDCHAR
STARTCHAR lslash.ss02
ENCODING -1
SWIDTH 295 0
DWIDTH 24 0
BBX 24 58 0 -1
BITMAP
003C00
007E00
00FE00
00FE00
00FE00
00FE00
00FE00
00FE00
00FE00
00FE00
00FE00
00FE00
00FE00
00FE00
00FE00
00FE00
00FE00
00FE00
00FE00
00FE00
00FE0C
00FE3E
00FEFF
00FFFF
00FFFE
00FFFE
00FFF8
00FFE0
03FF80
0FFF00
3FFE00
7FFE00
FFFE00
FFFE00
FEFE00
78FE00
20FE00
00FE00
00FE00
00FE00
00FE00
00FE00
00FE00
00FE00
00FE00
00FE00
00FE00
00FE00
00FE00
00FE00
00FE00
00FE00
00FE00
00FE00
00FE00
00FE00
007E00
001000
ENDCHAR
STARTCHAR i_j.loclNLD
ENCODING -1
SWIDTH 478 0
DWIDTH 38 0
BBX 28 71 5 -15
BITMAP
7F000FE0
FF800FF0
FF801FF0
FF801FF0
FF801FF0
FF801FF0
7F000FE0
3E0007C0
00000000
00000000
00000000
00000000
00000000
00000000
00000000
00000000
00000100
3E0007E0
7F000FE0
7F000FE0
7F000FE0
7F000FE0
7F000FE0
7F000FE0
7F000FE0
7F000FE0
7F000FE0
7F000FE0
7F000FE0
7F000FE0
7F000FE0
7F000FE0
7F000FE0
7F000FE0
7F000FE0
7F000FE0
7F000FE0
7F000FE0
7F000FE0
7F000FE0
7F000FE0
7F000FE0
7F000FE0
7F000FE0
7F000FE0
7F000FE0
7F000FE0
7F000FE0
7F000FE0
7F000FE0
7F000FE0
7F000FE0
7F000FE0
7F000FE0
7F000FE0
3E000FE0
00000FE0
00000FE0
00000FE0
00000FE0
00000FE0
00001FE0
00001FE0
00003FC0
00007FC0
0007FF80
003FFF00
003FFF00
007FFC00
003FF800
003FC000
ENDCHAR
STARTCHAR fl.ss02
ENCODING -1
SWIDTH 577 0
DWIDTH 46 0
BBX 40 58 0 -1
BITMAP
000001E01E
00003FF03F
0000FFF07F
0003FFF87F
0007FFF07F
000FFFE07F
001FFC007F
003FE0007F
003FC0007F
007F80007F
007F00007F
007F00007F
00FF00007F
00FF00007F
00FE00007F
00FE00007F
00FE00007F
00FE00007F
7FFFFF807F
FFFFFFC07F
FFFFFFE07F
FFFFFFE07F
7FFFFFC07F
3FFFFF807F
00FE00007F
00FE00007F
00FE00007F
00FE00007F
00FE00007F
00FE00007F
00FE00007F
00FE00007F
00FE00007F
00FE00007F
00FE00007F
00FE00007F
00FE00007F
00FE00007F
00FE00007F
00FE00007F
00FE00007F
00FE00007F
00FE00007F
00FE00007F
00FE00007F
00FE00007F
00FE00007F
00FE00007F
00FE00007F
00FE00007F
00FE00007F
00FE00007F
00FE00007F
00FE00007F
00FE00007F
00FE00007F
007E00003F
0010000008
ENDCHAR
STARTCHAR uni0492.loclBSH
ENCODING -1
SWIDTH 551 0
DWIDTH 44 0
BBX 36 57 7 -1
BITMAP
7FFFFFFFE0
FFFFFFFFF0
FFFFFFFFF0
FFFFFFFFF0
FFFFFFFFE0
FFFFFFFFC0
FE00000000
FE00000000
FE00000000
FE00000000
FE00000000
FE00000000
FE00000000
FE00000000
FE00000000
FE00000000
FE00000000
FE00000000
FE00000000
FE00000000
FE00000000
FE00000000
FE00000000
FE00000000
FE00000000
FFFFFFFF80
FFFFFFFFC0
FFFFFFFFC0
FFFFFFFFC0
FFFFFFFFC0
FFFFFFFF00
FE00000000
FE00000000
FE00000000
FE00000000
FE00000000
FE00000000
FE00000000
FE00000000
FE00000000
FE00000000
FE00000000
FE00000000
FE00000000
FE00000000
FE00000000
FE00000000
FE00000000
FE00000000
FE00000000
FE00000000
FE00000000
FE00000000
FE00000000
FE00000000
7C00000000
1800000000
ENDCHAR
STARTCHAR uni0406.loclBSH
ENCODING -1
SWIDTH 262 0
DWIDTH 21 0
BBX 9 73 6 -1
BITMAP
3E00
7F00
FF00
FF80
FF80
7F00
7F00
3E00
0000
0000
0000
0000
0000
0000
0000
3E00
7F00
7F00
7F00
7F00
7F00
7F00
7F00
7F00
7F00
7F00
7F00
7F00
7F00
7F00
7F00
7F00
7F00
7F00
7F00
7F00
7F00
7F00
7F00
7F00
7F00
7F00
7F00
7F00
7F00
7F00
7F00
7F00
7F00
7F00
7F00
7F00
7F00
7F00
7F00
7F00
7F00
7F00
7F00
7F00
7F00
7F00
7F00
7F00
7F00
7F00
7F00
7F00
7F00
7F00
7F00
3E00
0800
ENDCHAR
STARTCHAR uni0498.loclBSH
ENCODING -1
SWIDTH 639 0
DWIDTH 51 0
BBX 43 70 3 -13
BITMAP
0001FFF80000
001FFFFF0000
00FFFFFFE000
03FFFFFFF000
0FFFFFFFF800
1FFFFFFFFC00
3FFFC0FFFE00
3FF80007FF00
3FC00001FF00
3F000000FF80
3E0000007F80
000000007FC0
000000003FC0
000000003FC0
000000003FC0
000000003FC0
000000003FC0
000000003FC0
000000003FC0
000000003F80
000000003F80
000000007F80
00000000FF00
00000001FE00
00000007FE00
000FFFFFF800
003FFFFFF000
007FFFFFC000
007FFFFFE000
007FFFFFF800
003FFFFFFC00
000000FFFE00
00000003FF00
00000000FF80
000000003FC0
000000003FC0
000000001FE0
000000001FE0
000000000FE0
000000000FE0
000000000FE0
000000000FE0
000000000FE0
000000000FE0
000000001FE0
000000001FE0
780000003FE0
FC0000003FC0
FF0000007FC0
FFE00001FF80
FFFC000FFF80
7FFFFFFFFF00
3FFFFFFFFE00
0FFFFFFFFC00
03FFFFFFF800
00FFFFFFE000
001FFFFF0000
00003FE00000
00001FC00000
00001FC00000
00001FC00000
00001FC00000
00001FC00000
00001FC00000
00001FC00000
00001FC00000
00001FC00000
00001FC00000
00001F800000
00000F800000
ENDCHAR
STARTCHAR uni04AA.loclBSH
ENCODING -1
SWIDTH 675 0
DWIDTH 54 0
BBX 45 70 5 -13
BITMAP
00000FFF8000
0000FFFFF800
0003FFFFFE00
000FFFFFFF80
003FFFFFFFE0
007FFFFFFFF0
00FFFFFFFFF8
01FFF0007FF8
03FFC0000FF8
07FF000003F8
07FE000000F8
0FF800000060
1FF000000000
1FF000000000
3FE000000000
3FC000000000
3FC000000000
7FC000000000
7F8000000000
7F8000000000
7F8000000000
FF0000000000
FF0000000000
FF0000000000
FF0000000000
FF0000000000
FF0000000000
FF0000000000
FF0000000000
FF0000000000
FF0000000000
FF0000000000
FF0000000000
FF0000000000
FF0000000000
FF0000000000
FF0000000000
7F8000000000
7F8000000000
7F8000000000
7FC000000000
3FC000000000
3FE000000000
1FE000000000
1FF000000000
0FF800000000
0FFC00000070
07FE000001F8
03FF000007F8
03FFC0001FF8
01FFFC00FFF8
00FFFFFFFFF8
003FFFFFFFE0
001FFFFFFFC0
0007FFFFFF00
0001FFFFFC00
00007FFFE000
000003FE0000
000003F80000
000003F80000
000003F80000
000003F80000
000003F80000
000003F80000
000003F80000
000003F80000
000003F80000
000003F80000
000001F80000
000001F00000
ENDCHAR
STARTCHAR uni0498.loclCHU
ENCODING -1
SWIDTH 639 0
DWIDTH 51 0
BBX 43 72 3 -15
BITMAP
0001FFF80000
001FFFFF0000
00FFFFFFE000
03FFFFFFF000
0FFFFFFFF800
1FFFFFFFFC00
3FFFC0FFFE00
3FF80007FF00
3FC00001FF00
3F000000FF80
3E0000007F80
000000007FC0
000000003FC0
000000003FC0
000000003FC0
000000003FC0
000000003FC0
000000003FC0
000000003FC0
000000003F80
000000003F80
000000007F80
00000000FF00
00000001FE00
00000007FE00
000FFFFFF800
003FFFFFF000
007FFFFFC000
007FFFFFE000
007FFFFFF800
003FFFFFFC00
000000FFFE00
00000003FF00
00000000FF80
000000003FC0
000000003FC0
000000001FE0
000000001FE0
000000000FE0
000000000FE0
000000000FE0
000000000FE0
000000000FE0
000000000FE0
000000001FE0
000000001FE0
780000003FE0
FC0000003FC0
FF0000007FC0
FFE00001FF80
FFFC000FFF80
7FFFFFFFFF00
3FFFFFFFFE00
0FFFFFFFFC00
03FFFFFFF800
00FFFFFFE000
001FFFFF0000
00003FE00000
00001F000000
00001F000000
00001FC00000
00001FF80000
00001FFE0000
00001EFE0000
0000001F0000
0000001F0000
0000001F0000
0000003E0000
0001FFFE0000
0001FFFC0000
0001FFF80000
00007FF00000
ENDCHAR
STARTCHAR uni04AA.loclCHU
ENCODING -1
SWIDTH 675 0
DWIDTH 54 0
BBX 45 72 5 -15
BITMAP
00000FFF8000
0000FFFFF800
0003FFFFFE00
000FFFFFFF80
003FFFFFFFE0
007FFFFFFFF0
00FFFFFFFFF8
01FFF0007FF8
03FFC0000FF8
07FF000003F8
07FE000000F8
0FF800000060
1FF000000000
1FF000000000
3FE000000000
3FC000000000
3FC000000000
7FC000000000
7F8000000000
7F8000000000
7F8000000000
FF0000000000
FF0000000000
FF0000000000
FF0000000000
FF0000000000
FF0000000000
FF0000000000
FF0000000000
FF0000000000
FF0000000000
FF0000000000
FF0000000000
FF0000000000
FF0000000000
FF0000000000
FF0000000000
7F8000000000
7F8000000000
7F8000000000
7FC000000000
3FC000000000
3FE000000000
1FE000000000
1FF000000000
0FF800000000
0FFC00000070
07FE000001F8
03FF000007F8
03FFC0001FF8
01FFFC00FFF8
00FFFFFFFFF8
003FFFFFFFE0
001FFFFFFFC0
0007FFFFFF00
0001FFFFFC00
00007FFFE000
000003FE0000
000001E00000
000001E00000
000001FE0000
000001FF8000
000003FFC000
000001FFE000
00000003E000
00000003E000
00000003E000
00000007E000
00001FFFE000
00001FFFC000
00001FFF8000
00000FFE0000
ENDCHAR
STARTCHAR uni0493.loclBSH
ENCODING -1
SWIDTH 440 0
DWIDTH 35 0
BBX 29 40 6 -1
BITMAP
3FFFFFE0
7FFFFFF0
FFFFFFF8
FFFFFFF8
FFFFFFF0
FFFFFFE0
FF000000
FF000000
FF000000
FF000000
FF000000
FF000000
FF000000
FF000000
FF000000
FF000000
FF000000
FF000000
FFFFF800
FFFFFC00
FFFFFE00
FFFFFE00
FFFFFC00
FFFFF800
FF000000
FF000000
FF000000
FF000000
FF000000
FF000000
FF000000
FF000000
FF000000
FF000000
FF000000
FF000000
FE000000
7E000000
7E000000
10000000
ENDCHAR
STARTCHAR uni0456.loclBSH
ENCODING -1
SWIDTH 248 0
DWIDTH 20 0
BBX 8 39 6 0
BITMAP
7C
7E
FE
FF
FF
FF
FF
FF
FF
FF
FF
FF
FF
FF
FF
FF
FF
FF
FF
FF
FF
FF
FF
FF
FF
FF
FF
FF
FF
FF
FF
FF
FF
FF
FF
FF
FE
7E
7C
ENDCHAR
STARTCHAR uni0499.loclBSH
ENCODING -1
SWIDTH 502 0
DWIDTH 40 0
BBX 34 51 3 -11
BITMAP
0007F80000
00FFFF8000
07FFFFE000
1FFFFFF800
7FFFFFFC00
7FFFFFFE00
FFC007FE00
7E0001FF00
780000FF00
0000007F00
0000007F00
0000007F00
0000007F00
0000007F00
0000007F00
000000FE00
000001FE00
00003FFC00
003FFFF800
007FFFE000
007FFFF000
007FFFFC00
003FFFFE00
000001FF00
0000007F80
0000003F80
0000003F80
0000001FC0
0000001FC0
0000001FC0
0000001FC0
0000003F80
F800003F80
FE0000FF80
FFC003FF00
FFFFFFFF00
7FFFFFFE00
3FFFFFF800
0FFFFFF000
01FFFF8000
000FF80000
0003F00000
0003F00000
0003F00000
0003F00000
0003F00000
0003F00000
0003F00000
0003F00000
0003E00000
0001E00000
ENDCHAR
STARTCHAR uni04AB.loclBSH
ENCODING -1
SWIDTH 472 0
DWIDTH 38 0
BBX 32 51 4 -11
BITMAP
00007C00
000FFFC0
007FFFF0
00FFFFFC
03FFFFFE
07FFFFFF
0FFF03FF
0FFC007F
1FF0001E
3FE00000
3FC00000
7F800000
7F800000
7F800000
7F000000
FF000000
FF000000
FF000000
FF000000
FE000000
FE000000
FE000000
FF000000
FF000000
FF000000
FF000000
7F000000
7F800000
7F800000
3FC00000
3FC00000
1FE00000
1FF0001E
0FFC003F
07FF01FF
07FFFFFF
03FFFFFE
00FFFFFC
007FFFF0
000FFFC0
0000FC00
0000FC00
0000FC00
0000FC00
0000FC00
0000FC00
0000FC00
0000FC00
0000FC00
0000F800
00007800
ENDCHAR
STARTCHAR uni0499.loclCHU
ENCODING -1
SWIDTH 502 0
DWIDTH 40 0
BBX 34 55 3 -15
BITMAP
0007F80000
00FFFF8000
07FFFFE000
1FFFFFF800
7FFFFFFC00
7FFFFFFE00
FFC007FE00
7E0001FF00
780000FF00
0000007F00
0000007F00
0000007F00
0000007F00
0000007F00
0000007F00
000000FE00
000001FE00
00003FFC00
003FFFF800
007FFFE000
007FFFF000
007FFFFC00
003FFFFE00
000001FF00
0000007F80
0000003F80
0000003F80
0000001FC0
0000001FC0
0000001FC0
0000001FC0
0000003F80
F800003F80
FE0000FF80
FFC003FF00
FFFFFFFF00
7FFFFFFE00
3FFFFFF800
0FFFFFF000
01FFFF8000
000FF80000
0003C00000
0003C00000
0003F80000
0003FF0000
0003FF8000
0003DFC000
000007C000
000003C000
000007C000
000007C000
003FFFC000
003FFF8000
003FFF0000
001FFC0000
ENDCHAR
STARTCHAR uni04AB.loclCHU
ENCODING -1
SWIDTH 476 0
DWIDTH 38 0
BBX 32 55 4 -15
BITMAP
00007C00
000FFFC0
007FFFF0
00FFFFFC
03FFFFFE
07FFFFFF
0FFF03FF
1FFC007F
1FF0001E
3FE00000
3FC00000
7F800000
7F800000
7F000000
FF000000
FF000000
FF000000
FF000000
FE000000
FE000000
FE000000
FE000000
FE000000
FF000000
FF000000
FF000000
7F000000
7F800000
7F800000
3F800000
3FC00000
3FE00000
1FF0001E
0FFC003F
0FFF01FF
07FFFFFF
03FFFFFE
00FFFFFC
007FFFF0
000FFFC0
0000FC00
0000F000
0000F000
0001FE00
0001FFC0
0001FFE0
0000FFF0
000001F0
000001F0
000001F0
000003F0
000FFFE0
001FFFE0
000FFFC0
0007FF00
ENDCHAR
STARTCHAR one.ss01
ENCODING -1
SWIDTH 600 0
DWIDTH 48 0
BBX 22 58 11 -1
BITMAP
000070
0001F8
0007FC
000FFC
003FFC
007FFC
01FFFC
07FFFC
0FFFFC
3FFFFC
7FF3FC
FFE3FC
FF83FC
FF03FC
7C03FC
3003FC
0003FC
0003FC
0003FC
0003FC
0003FC
0003FC
0003FC
0003FC
0003FC
0003FC
0003FC
0003FC
0003FC
0003FC
0003FC
0003FC
0003FC
0003FC
0003FC
0003FC
0003FC
0003FC
0003FC
0003FC
0003FC
0003FC
0003FC
0003FC
0003FC
0003FC
0003FC
0003FC
0003FC
0003FC
0003FC
0003FC
0003FC
0003FC
0003FC
0001FC
0001F8
000020
ENDCHAR
STARTCHAR zero.tosf
ENCODING -1
SWIDTH 600 0
DWIDTH 48 0
BBX 40 41 4 -1
BITMAP
00003E0000
0007FFE000
003FFFFC00
007FFFFE00
01FFFFFF80
03FFFFFFC0
07FF81FFE0
0FFC003FF0
1FF8001FF0
1FF00007F8
3FE00003FC
3FC00003FC
7F800001FE
7F800001FE
7F000000FE
FF000000FE
FF000000FF
FF000000FF
FE0000007F
FE0000007F
FE0000007F
FE0000007F
FE0000007F
FF000000FF
FF000000FF
FF000000FE
7F000000FE
7F800001FE
7F800001FE
3FC00003FC
3FE00003FC
1FE00007F8
1FF8000FF8
0FFC003FF0
07FF80FFE0
03FFFFFFC0
01FFFFFF80
00FFFFFE00
003FFFFC00
000FFFE000
0000FC0000
ENDCHAR
STARTCHAR one.tosf
ENCODING -1
SWIDTH 600 0
DWIDTH 48 0
BBX 33 40 10 0
BITMAP
0000400000
0003E00000
000FF00000
001FF00000
007FF00000
01FFF00000
03FFF00000
0FFFF00000
1FFFF00000
7FF7F00000
7FC7F00000
7F87F00000
7E07F00000
7C07F00000
0007F00000
0007F00000
0007F00000
0007F00000
0007F00000
0007F00000
0007F00000
0007F00000
0007F00000
0007F00000
0007F00000
0007F00000
0007F00000
0007F00000
0007F00000
0007F00000
0007F00000
0007F00000
0007F00000
0007F00000
7FFFFFFE00
FFFFFFFF00
FFFFFFFF80
FFFFFFFF80
FFFFFFFF80
7FFFFFFF00
ENDCHAR
STARTCHAR two.tosf
ENCODING -1
SWIDTH 600 0
DWIDTH 48 0
BBX 36 40 6 0
BITMAP
0003F00000
007FFFC000
03FFFFF000
0FFFFFFC00
3FFFFFFE00
7FFFFFFF00
FFF80FFF00
FF8001FF80
7E00007F80
3800007F80
0000003FC0
0000003FC0
0000003FC0
0000003FC0
0000003FC0
0000003FC0
0000003F80
0000007F80
0000007F80
000000FF00
000001FE00
000003FE00
000007FC00
00000FF800
00001FF000
00003FE000
00007FC000
0001FF0000
0003FE0000
000FFC0000
003FF00000
00FFC00000
01FF000000
07FC000000
1FFFFFFFC0
3FFFFFFFE0
7FFFFFFFF0
7FFFFFFFF0
3FFFFFFFF0
1FFFFFFFE0
ENDCHAR
STARTCHAR three.tosf
ENCODING -1
SWIDTH 600 0
DWIDTH 48 0
BBX 37 55 5 -15
BITMAP
0000F80000
003FFFE000
01FFFFF800
07FFFFFE00
1FFFFFFF00
3FFFFFFF80
7FFC07FFC0
7FC000FFC0
3F00003FE0
1C00001FE0
0000000FE0
0000000FF0
0000000FF0
00000007F0
00000007F0
00000007F0
00000007F0
0000000FF0
0000000FE0
0000000FE0
0000001FC0
0000003FC0
0000007F80
000001FF00
00003FFE00
003FFFFC00
007FFFF000
007FFFF800
007FFFFE00
003FFFFF80
000007FFC0
0000007FE0
0000001FE0
0000000FF0
00000007F8
00000007F8
00000003F8
00000003F8
00000003F8
00000003F8
00000003F8
00000003F8
00000003F8
00000003F8
20000007F8
F800000FF0
FE00001FF0
FF80003FE0
FFF000FFE0
7FFFFFFFC0
3FFFFFFF80
0FFFFFFF00
03FFFFFC00
00FFFFF000
000FFF8000
ENDCHAR
STARTCHAR four.tosf
ENCODING -1
SWIDTH 600 0
DWIDTH 48 0
BBX 41 55 4 -15
BITMAP
000000040000
0000003F0000
0000003F8000
0000007F8000
000000FF8000
000001FF8000
000003FF8000
000003FF8000
000007FF8000
00000FFF8000
00001FFF8000
00001FBF8000
00003FBF8000
00007F3F8000
0000FE3F8000
0000FC3F8000
0001FC3F8000
0003F83F8000
0007F03F8000
000FE03F8000
000FE03F8000
001FC03F8000
003F803F8000
007F003F8000
007F003F8000
00FE003F8000
01FC003F8000
03F8003F8000
07F8003F8000
07F0003F8000
0FE0003F8000
1FC0003F8000
3FC0003F8000
3F80003F8000
7FFFFFFFFE00
FFFFFFFFFF00
FFFFFFFFFF80
FFFFFFFFFF80
FFFFFFFFFF00
7FFFFFFFFF00
0000003F8000
0000003F8000
0000003F8000
0000003F8000
0000003F8000
0000003F8000
0000003F8000
0000003F8000
0000003F8000
0000003F8000
0000003F8000
0000003F8000
0000003F8000
0000003F0000
0000001E0000
ENDCHAR
STARTCHAR five.tosf
ENCODING -1
SWIDTH 600 0
DWIDTH 48 0
BBX 37 54 6 -15
BITMAP
0FFFFFFFC0
1FFFFFFFE0
3FFFFFFFE0
3FFFFFFFE0
3FFFFFFFE0
3FFFFFFFC0
3F80000000
3F80000000
3F80000000
3F80000000
3F80000000
3F80000000
3F80000000
3F80000000
3F80000000
3F80000000
3F80000000
3F80000000
3F80000000
3F80000000
3F80FF8000
3F87FFF000
3F9FFFFC00
3FBFFFFE00
3FFFFFFF80
3FFFFFFF80
3FFC01FFC0
3FF0007FE0
3FE0001FE0
3F80001FF0
1F00000FF0
1E000007F8
00000007F8
00000003F8
00000003F8
00000003F8
00000003F8
00000003F8
00000003F8
00000003F8
00000003F8
00000007F8
00000007F0
2000000FF0
F800000FF0
FE00001FE0
FF80007FE0
FFF001FFC0
7FFFFFFF80
3FFFFFFF00
0FFFFFFE00
03FFFFF800
00FFFFE000
000FFF0000
ENDCHAR
STARTCHAR six.tosf
ENCODING -1
SWIDTH 600 0
DWIDTH 48 0
BBX 39 58 5 -1
BITMAP
00007FF000
0003FFFE00
000FFFFF80
003FFFFFE0
007FFFFFF8
00FFFFFFFC
01FFC00FFE
03FE0003FE
07FC0000FE
07F800003C
0FF0000018
0FE0000000
1FE0000000
1FC0000000
3FC0000000
3F80000000
3F80000000
3F00000000
7F00000000
7F00000000
7F00000000
7F00000000
7E003FC000
FE01FFF800
FE07FFFE00
FE0FFFFF80
FE1FFFFFC0
FE3FFFFFE0
FE7F007FE0
FEFC001FF0
FEF8000FF8
FFF00007F8
FFE00003FC
FFE00001FC
FFC00001FC
FFC00001FC
FF800000FE
7F800000FE
7F800000FE
7F800000FE
7F800000FE
7F800000FE
3F800000FE
3F800000FC
3FC00001FC
1FC00001FC
1FE00003FC
0FE00003F8
0FF00007F8
07F8000FF0
03FE003FF0
03FF80FFE0
01FFFFFFC0
00FFFFFF80
003FFFFF00
001FFFFC00
0007FFF000
00007F0000
ENDCHAR
STARTCHAR seven.tosf
ENCODING -1
SWIDTH 600 0
DWIDTH 48 0
BBX 37 54 5 -15
BITMAP
3FFFFFFFF0
7FFFFFFFF8
FFFFFFFFF8
FFFFFFFFF8
7FFFFFFFF8
3FFFFFFFF8
00000007F0
0000000FF0
0000000FE0
0000001FE0
0000001FC0
0000003FC0
0000003F80
0000007F80
0000007F00
000000FF00
000001FE00
000001FE00
000003FC00
000003FC00
000007F800
000007F800
00000FF000
00000FE000
00001FE000
00001FC000
00003FC000
00003F8000
00007F8000
00007F0000
0000FF0000
0001FE0000
0001FE0000
0003FC0000
0003FC0000
0007F80000
0007F80000
000FF00000
000FF00000
001FE00000
001FC00000
003FC00000
003F800000
007F800000
007F000000
00FF000000
01FE000000
01FE000000
03FC000000
03FC000000
03F8000000
03F8000000
03F0000000
00C0000000
ENDCHAR
STARTCHAR eight.tosf
ENCODING -1
SWIDTH 600 0
DWIDTH 48 0
BBX 40 58 4 -1
BITMAP
0003FFC000
003FFFFC00
00FFFFFF00
01FFFFFF80
03FFFFFFC0
07FFFFFFE0
0FFE007FF0
1FF0000FF8
1FE00007F8
3FC00003FC
3F800001FC
3F800001FC
7F800001FE
7F000000FE
7F000000FE
7F000000FE
7F000000FE
7F000000FE
3F800000FC
3F800001FC
3F800001FC
1FC00003F8
1FE00007F8
0FF0000FF0
07FC003FE0
03FFFFFFC0
01FFFFFF80
007FFFFF00
007FFFFE00
01FFFFFF80
07FFFFFFE0
0FFFC3FFF0
1FF8001FF8
3FE00007FC
3F800001FC
7F000001FE
7F000000FE
FE0000007E
FE0000007F
FE0000007F
FE0000007F
FE0000007F
FE0000007F
FE0000007F
FE0000007F
FE0000007F
FF000000FF
7F000000FE
7F800001FE
3FC00003FC
3FF0000FFC
1FFF00FFF8
0FFFFFFFF0
07FFFFFFE0
03FFFFFFC0
00FFFFFF00
001FFFF800
00007E0000
ENDCHAR
STARTCHAR nine.tosf
ENCODING -1
SWIDTH 600 0
DWIDTH 48 0
BBX 39 55 4 -15
BITMAP
0001FC0000
001FFFC000
007FFFF000
00FFFFFC00
03FFFFFE00
07FFFFFF00
0FFE03FF80
1FF800FFC0
1FE0003FC0
3FC0001FE0
3F80000FF0
7F80000FF0
7F000007F8
7F000007F8
FE000003F8
FE000003FC
FE000003FC
FE000003FC
FE000003FC
FE000003FC
FE000003FE
FE000003FE
7F000007FE
7F000007FE
7F800007FE
7F80000FFE
3FC0001FFE
3FE0003EFE
1FF0007EFE
1FFC01FCFE
0FFFFFF8FE
07FFFFF0FE
03FFFFE0FE
00FFFFC0FC
003FFF01FC
000FF801FC
00000001FC
00000001FC
00000003F8
00000003F8
00000003F8
00000007F0
00000007F0
0000000FE0
0000001FE0
7800003FC0
FC00007FC0
FF0000FF80
FFE007FF00
7FFFFFFE00
3FFFFFFC00
1FFFFFF800
07FFFFE000
01FFFF8000
001FFC0000
ENDCHAR
STARTCHAR one.tosf.ss01
ENCODING -1
SWIDTH 600 0
DWIDTH 48 0
BBX 21 41 10 -1
BITMAP
000040
0003F0
0007F8
001FF8
003FF8
00FFF8
01FFF8
07FFF8
1FFFF8
3FFFF8
7FF7F8
FFC7F8
FF07F8
FE07F8
F807F8
3007F8
0007F8
0007F8
0007F8
0007F8
0007F8
0007F8
0007F8
0007F8
0007F8
0007F8
0007F8
0007F8
0007F8
0007F8
0007F8
0007F8
0007F8
0007F8
0007F8
0007F8
0007F8
0007F8
0003F8
0003F0
000040
ENDCHAR
STARTCHAR zero.dnom
ENCODING -1
SWIDTH 380 0
DWIDTH 30 0
BBX 25 34 3 0
BITMAP
00FF8000
03FFE000
0FFFF000
1FFFF800
1FFFFC00
3F81FC00
3F00FE00
7E007E00
7E003F00
FC003F00
FC003F00
FC003F00
FC001F80
FC001F80
FC001F80
FC001F80
FC001F80
FC001F80
FC001F80
FC001F80
FC001F80
FC001F80
FC003F00
FC003F00
FC003F00
7E003F00
7E007E00
7F007E00
3F80FC00
1FE7FC00
1FFFF800
0FFFF000
03FFE000
01FF8000
ENDCHAR
STARTCHAR one.dnom
ENCODING -1
SWIDTH 380 0
DWIDTH 30 0
BBX 21 34 6 0
BITMAP
007800
00FC00
03FC00
0FFC00
3FFC00
7FFC00
FFFC00
FFFC00
FCFC00
70FC00
00FC00
00FC00
00FC00
00FC00
00FC00
00FC00
00FC00
00FC00
00FC00
00FC00
00FC00
00FC00
00FC00
00FC00
00FC00
00FC00
00FC00
00FC00
00FC00
7FFFF0
FFFFF8
FFFFF8
FFFFF8
7FFFF0
ENDCHAR
STARTCHAR two.dnom
ENCODING -1
SWIDTH 380 0
DWIDTH 30 0
BBX 24 34 3 0
BITMAP
01FF00
0FFFC0
3FFFF0
7FFFF8
FFFFF8
FE07FC
F801FC
2001FC
0000FC
0000FC
0000FC
0000FC
0000FC
0001FC
0001F8
0003F8
0007F0
000FE0
000FE0
001FC0
003F80
007F00
00FE00
01FC00
03F800
07F000
0FE000
1FC000
3F8000
7FFFFF
7FFFFF
7FFFFF
7FFFFF
3FFFFF
ENDCHAR
STARTCHAR three.dnom
ENCODING -1
SWIDTH 380 0
DWIDTH 30 0
BBX 24 34 3 0
BITMAP
01FF00
0FFFE0
3FFFF0
7FFFF8
FFFFFC
FF03FC
F800FE
2000FE
00007E
00007E
00007E
0000FC
0000FC
0003F8
03FFF0
07FFE0
07FF80
07FFF0
07FFF8
01FFFC
0000FE
00007E
00007E
00003F
00003F
00007F
20007E
F800FE
FE01FE
FFFFFC
FFFFFC
3FFFF8
1FFFE0
03FF80
ENDCHAR
STARTCHAR four.dnom
ENCODING -1
SWIDTH 380 0
DWIDTH 30 0
BBX 27 34 2 0
BITMAP
00007800
0000FC00
0001FC00
0003FC00
0007FC00
0007FC00
000FFC00
001FFC00
001FFC00
003FFC00
007EFC00
007CFC00
00F8FC00
01F8FC00
01F0FC00
03E0FC00
07E0FC00
07C0FC00
0F80FC00
1F80FC00
1F00FC00
3E00FC00
7FFFFF80
7FFFFFE0
FFFFFFE0
FFFFFFE0
7FFFFFE0
1FFFFF80
0000FC00
0000FC00
0000FC00
0000FC00
0000FC00
00007800
ENDCHAR
STARTCHAR five.dnom
ENCODING -1
SWIDTH 380 0
DWIDTH 30 0
BBX 24 34 4 0
BITMAP
3FFFF8
7FFFFC
7FFFFC
7FFFFC
7FFFFC
7E0000
7E0000
7E0000
7E0000
7E0000
7E0000
7E0000
7E0C00
7EFFC0
7FFFF0
7FFFF8
7FFFFC
7F83FC
7C00FE
78007E
00007E
00003F
00003F
00003F
00003F
00007E
00007E
F000FE
FC01FE
FFFFFC
FFFFF8
7FFFF0
1FFFE0
03FF80
ENDCHAR
STARTCHAR six.dnom
ENCODING -1
SWIDTH 380 0
DWIDTH 30 0
BBX 25 34 3 0
BITMAP
003FE000
00FFFC00
03FFFE00
07FFFF00
0FFFFF00
1FE01F00
1F800700
3F000000
3F000000
7E000000
7E000000
7C000000
FC000000
FC3FE000
FC7FF800
FDFFFC00
FFFFFE00
FFC0FE00
FF807F00
FF003F00
FE001F80
FE001F80
FE001F80
FE001F80
7E001F80
7E001F80
7E001F00
3F003F00
3F807F00
1FE0FE00
0FFFFC00
07FFF800
03FFF000
00FFC000
ENDCHAR
STARTCHAR seven.dnom
ENCODING -1
SWIDTH 380 0
DWIDTH 30 0
BBX 24 34 3 0
BITMAP
7FFFFE
FFFFFF
FFFFFF
FFFFFF
7FFFFF
00007F
0000FE
0000FE
0001FC
0001FC
0003F8
0003F8
0007F0
0007F0
000FE0
000FE0
001FC0
001FC0
003F80
003F80
007F00
007F00
00FE00
00FE00
01FC00
01FC00
03F800
03F800
07F000
07F000
0FE000
0FE000
0FC000
078000
ENDCHAR
STARTCHAR eight.dnom
ENCODING -1
SWIDTH 380 0
DWIDTH 30 0
BBX 26 34 2 0
BITMAP
00FFC000
03FFF800
0FFFFC00
1FFFFE00
3FE1FF00
3F803F80
7F001F80
7E001F80
7E000F80
7E000F80
7E000F80
3E001F80
3F001F00
1F803F00
0FF1FE00
07FFFC00
01FFF000
07FFFC00
1FFFFE00
3FC0FF00
3F003F80
7E000F80
7C000FC0
7C000FC0
FC0007C0
FC000FC0
7C000FC0
7E000FC0
7F001F80
3FC0FF80
3FFFFF00
0FFFFE00
07FFF800
01FFE000
ENDCHAR
STARTCHAR nine.dnom
ENCODING -1
SWIDTH 380 0
DWIDTH 30 0
BBX 24 34 3 0
BITMAP
01FF00
07FFC0
1FFFE0
3FFFF0
7FC7F8
7E01FC
FC00FE
FC007E
F8007E
F8003F
F8003F
F8003F
F8007F
F8007F
FC007F
FE00FF
7F03FF
3FFFDF
3FFF9F
0FFF1F
07FC1F
00003F
00003F
00003F
00007E
00007E
0000FC
6001FC
F803F8
FFFFF8
FFFFF0
7FFFE0
3FFF80
07FE00
ENDCHAR
STARTCHAR zero.numr
ENCODING -1
SWIDTH 380 0
DWIDTH 30 0
BBX 25 34 3 23
BITMAP
00FF8000
03FFE000
0FFFF000
1FFFF800
1FFFFC00
3F81FC00
3F00FE00
7E007E00
7E003F00
FC003F00
FC003F00
FC003F00
FC001F80
FC001F80
FC001F80
FC001F80
FC001F80
FC001F80
FC001F80
FC001F80
FC001F80
FC001F80
FC003F00
FC003F00
FC003F00
7E003F00
7E007E00
7F007E00
3F80FC00
1FE7FC00
1FFFF800
0FFFF000
03FFE000
01FF8000
ENDCHAR
STARTCHAR one.numr
ENCODING -1
SWIDTH 380 0
DWIDTH 30 0
BBX 21 34 6 23
BITMAP
007800
00FC00
03FC00
0FFC00
3FFC00
7FFC00
FFFC00
FFFC00
FCFC00
70FC00
00FC00
00FC00
00FC00
00FC00
00FC00
00FC00
00FC00
00FC00
00FC00
00FC00
00FC00
00FC00
00FC00
00FC00
00FC00
00FC00
00FC00
00FC00
00FC00
7FFFF0
FFFFF8
FFFFF8
FFFFF8
7FFFF0
ENDCHAR
STARTCHAR two.numr
ENCODING -1
SWIDTH 380 0
DWIDTH 30 0
BBX 24 34 3 23
BITMAP
01FF00
0FFFC0
3FFFF0
7FFFF8
FFFFF8
FE07FC
F801FC
2001FC
0000FC
0000FC
0000FC
0000FC
0000FC
0001FC
0001F8
0003F8
0007F0
000FE0
000FE0
001FC0
003F80
007F00
00FE00
01FC00
03F800
07F000
0FE000
1FC000
3F8000
7FFFFF
7FFFFF
7FFFFF
7FFFFF
3FFFFF
ENDCHAR
STARTCHAR three.numr
ENCODING -1
SWIDTH 380 0
DWIDTH 30 0
BBX 24 34 3 23
BITMAP
01FF00
0FFFE0
3FFFF0
7FFFF8
FFFFFC
FF03FC
F800FE
2000FE
00007E
00007E
00007E
0000FC
0000FC
0003F8
03FFF0
07FFE0
07FF80
07FFF0
07FFF8
01FFFC
0000FE
00007E
00007E
00003F
00003F
00007F
20007E
F800FE
FE01FE
FFFFFC
FFFFFC
3FFFF8
1FFFE0
03FF80
ENDCHAR
STARTCHAR four.numr
ENCODING -1
SWIDTH 380 0
DWIDTH 30 0
BBX 27 34 2 23
BITMAP
00007800
0000FC00
0001FC00
0003FC00
0007FC00
0007FC00
000FFC00
001FFC00
001FFC00
003FFC00
007EFC00
007CFC00
00F8FC00
01F8FC00
01F0FC00
03E0FC00
07E0FC00
07C0FC00
0F80FC00
1F80FC00
1F00FC00
3E00FC00
7FFFFF80
7FFFFFE0
FFFFFFE0
FFFFFFE0
7FFFFFE0
1FFFFF80
0000FC00
0000FC00
0000FC00
0000FC00
0000FC00
00007800
ENDCHAR
STARTCHAR five.numr
ENCODING -1
SWIDTH 380 0
DWIDTH 30 0
BBX 24 34 4 23
BITMAP
3FFFF8
7FFFFC
7FFFFC
7FFFFC
7FFFFC
7E0000
7E0000
7E0000
7E0000
7E0000
7E0000
7E0000
7E0C00
7EFFC0
7FFFF0
7FFFF8
7FFFFC
7F83FC
7C00FE
78007E
00007E
00003F
00003F
00003F
00003F
00007E
00007E
F000FE
FC01FE
FFFFFC
FFFFF8
7FFFF0
1FFFE0
03FF80
ENDCHAR
STARTCHAR six.numr
ENCODING -1
SWIDTH 380 0
DWIDTH 30 0
BBX 25 34 3 23
BITMAP
003FE000
00FFFC00
03FFFE00
07FFFF00
0FFFFF00
1FE01F00
1F800700
3F000000
3F000000
7E000000
7E000000
7C000000
FC000000
FC3FE000
FC7FF800
FDFFFC00
FFFFFE00
FFC0FE00
FF807F00
FF003F00
FE001F80
FE001F80
FE001F80
FE001F80
7E001F80
7E001F80
7E001F00
3F003F00
3F807F00
1FE0FE00
0FFFFC00
07FFF800
03FFF000
00FFC000
ENDCHAR
STARTCHAR seven.numr
ENCODING -1
SWIDTH 380 0
DWIDTH 30 0
BBX 24 34 3 23
BITMAP
7FFFFE
FFFFFF
FFFFFF
FFFFFF
7FFFFF
00007F
0000FE
0000FE
0001FC
0001FC
0003F8
0003F8
0007F0
0007F0
000FE0
000FE0
001FC0
001FC0
003F80
003F80
007F00
007F00
00FE00
00FE00
01FC00
01FC00
03F800
03F800
07F000
07F000
0FE000
0FE000
0FC000
078000
ENDCHAR
STARTCHAR eight.numr
ENCODING -1
SWIDTH 380 0
DWIDTH 30 0
BBX 26 34 2 23
BITMAP
00FFC000
03FFF800
0FFFFC00
1FFFFE00
3FE1FF00
3F803F80
7F001F80
7E001F80
7E000F80
7E000F80
7E000F80
3E001F80
3F001F00
1F803F00
0FF1FE00
07FFFC00
01FFF000
07FFFC00
1FFFFE00
3FC0FF00
3F003F80
7E000F80
7C000FC0
7C000FC0
FC0007C0
FC000FC0
7C000FC0
7E000FC0
7F001F80
3FC0FF80
3FFFFF00
0FFFFE00
07FFF800
01FFE000
ENDCHAR
STARTCHAR nine.numr
ENCODING -1
SWIDTH 380 0
DWIDTH 30 0
BBX 24 34 3 23
BITMAP
01FF00
07FFC0
1FFFE0
3FFFF0
7FC7F8
7E01FC
FC00FE
FC007E
F8007E
F8003F
F8003F
F8003F
F8007F
F8007F
FC007F
FE00FF
7F03FF
3FFFDF
3FFF9F
0FFF1F
07FC1F
00003F
00003F
00003F
00007E
00007E
0000FC
6001FC
F803F8
FFFFF8
FFFFF0
7FFFE0
3FFF80
07FE00
ENDCHAR
STARTCHAR periodcentered.loclCAT
ENCODING -1
SWIDTH 62 0
DWIDTH 5 0
BBX 9 10 -2 23
BITMAP
3E00
7F00
FF80
FF80
FF80
FF80
FF80
FF80
7F00
0C00
ENDCHAR
STARTCHAR uni03060301
ENCODING -1
SWIDTH 0 0
DWIDTH 0 0
BBX 26 22 -13 44
BITMAP
00003000
00007800
0000FC00
0000FC00
0001FC00
0003F800
0003F000
0007E000
000FC000
700FC380
701F8380
F81F07C0
781E0780
780C0780
7C000F80
3E001F00
3F003F00
1FF3FE00
0FFFFC00
07FFF800
03FFF000
007F8000
ENDCHAR
STARTCHAR uni03060300
ENCODING -1
SWIDTH 0 0
DWIDTH 0 0
BBX 26 22 -13 44
BITMAP
03000000
07800000
0FC00000
0FC00000
0FE00000
07F00000
03F00000
01F80000
00FC0000
70FC0380
707E0380
F83E07C0
781E0780
780C0780
7C000F80
3E001F00
3F003F00
1FF3FE00
0FFFFC00
07FFF800
03FFF000
007F8000
ENDCHAR
STARTCHAR uni03060309
ENCODING -1
SWIDTH 0 0
DWIDTH 0 0
BBX 26 21 -13 44
BITMAP
00FFC000
03FFE000
03FFF000
01E7F800
0001F800
0001F000
0001F000
0001F000
7003E380
7007C380
F81F87C0
781E0780
78000780
7C000F80
3E001F00
3F003F00
1FF3FE00
0FFFFC00
07FFF800
03FFF000
007F8000
ENDCHAR
STARTCHAR uni03060303
ENCODING -1
SWIDTH 0 0
DWIDTH 0 0
BBX 26 21 -13 44
BITMAP
07E00380
1FF803C0
3FFC07C0
7FFF0F80
7C3FFF80
780FFF00
F007FE00
7001FC00
00000000
00000000
00000000
30000300
78000780
78000780
7C000F80
3F003F00
3FF3FF00
1FFFFE00
0FFFF800
03FFF000
00FFC000
ENDCHAR
STARTCHAR uni03020301
ENCODING -1
SWIDTH 0 0
DWIDTH 0 0
BBX 30 22 -11 43
BITMAP
0000003C
0000007C
000000FC
000000FC
000001F8
000001F8
000003F0
007803E0
01FE07C0
01FE0FC0
03FF0F80
07FF8F00
0FFFCE00
0FCFCC00
1F87E000
3F03F000
3E01F000
7E01F800
FC00FC00
F8007C00
F0003C00
20000800
ENDCHAR
STARTCHAR uni03020300
ENCODING -1
SWIDTH 0 0
DWIDTH 0 0
BBX 26 22 -11 43
BITMAP
0000F000
0001F000
0001F800
0001F800
0000FC00
00007E00
00003E00
00783F00
01FE1F00
01FE0F80
03FF0780
07FF87C0
0FFFC3C0
0FCFC180
1F87E000
3F03F000
3E01F000
7E01F800
FC00FC00
F8007C00
F0003C00
20000800
ENDCHAR
STARTCHAR uni03020309
ENCODING -1
SWIDTH 0 0
DWIDTH 0 0
BBX 29 22 -11 43
BITMAP
00003F80
0001FFE0
0001FFF0
0001FFF8
000001F8
000000F8
000000F8
007801F0
01FE01F0
01FE03E0
03FF0FC0
07FF8F80
0FFFCE00
0FCFC000
1F87E000
3F03F000
3E01F000
7E01F800
FC00FC00
F8007C00
F0003C00
20000800
ENDCHAR
STARTCHAR uni03020303
ENCODING -1
SWIDTH 0 0
DWIDTH 0 0
BBX 26 22 -13 43
BITMAP
07E00380
1FF803C0
3FFC07C0
7FFF0F80
7C3FFF80
780FFF00
F007FE00
7001FC00
00000000
00000000
003F0000
007F8000
00FFC000
01FFE000
03FFF000
07F3F800
0FC1FC00
0F807C00
1F003E00
3E001F00
3C000F00
10000600
ENDCHAR
STARTCHAR brevecombcy
ENCODING -1
SWIDTH 0 0
DWIDTH 0 0
BBX 28 12 -14 44
BITMAP
700000E0
780001F0
F80001E0
7C0003E0
7E0007E0
3F000FC0
3F801F80
1FF9FF80
0FFFFF00
07FFFC00
01FFF800
003FC000
ENDCHAR
STARTCHAR brevecombcy.case
ENCODING -1
SWIDTH 0 0
DWIDTH 0 0
BBX 30 12 -15 61
BITMAP
70000038
F000003C
F800007C
FC0000FC
7E0001F8
7F0003F0
3F8007F0
1FF87FE0
0FFFFFC0
07FFFF00
01FFFE00
003FF000
ENDCHAR
STARTCHAR uni03080301
ENCODING -1
SWIDTH 0 0
DWIDTH 0 0
BBX 22 22 -11 44
BITMAP
000040
0001F0
0001F0
0003F8
0007F0
0007E0
000FC0
000FC0
001F80
003F00
003E00
007C00
003C00
001000
000000
100020
7E01F8
FF03FC
FF03FC
FF03FC
FF01FC
7E01F8
ENDCHAR
STARTCHAR uni03080304
ENCODING -1
SWIDTH 0 0
DWIDTH 0 0
BBX 24 15 -12 46
BITMAP
FFFFFF
FFFFFF
FFFFFF
FFFFFF
000000
000000
000000
000000
080010
3F00FC
7F81FE
7F81FE
7F81FE
7F80FE
3F00FC
ENDCHAR
STARTCHAR uni03070304
ENCODING -1
SWIDTH 0 0
DWIDTH 0 0
BBX 24 15 -12 46
BITMAP
FFFFFF
FFFFFF
FFFFFF
FFFFFF
000000
000000
000000
000000
000800
007E00
00FF00
00FF00
00FF00
00FF00
007E00
ENDCHAR
STARTCHAR uni03010307
ENCODING -1
SWIDTH 0 0
DWIDTH 0 0
BBX 20 24 -8 43
BITMAP
3C0000
7F0000
FF0000
FF0000
FF0000
7F0000
3E03E0
0007E0
0007F0
000FE0
000FE0
001FC0
001FC0
003F80
003F00
007F00
007E00
00FC00
00FC00
01F800
01F000
03F000
01E000
008000
ENDCHAR
STARTCHAR uni030C.alt
ENCODING -1
SWIDTH 0 0
DWIDTH 0 0
BBX 5 16 0 41
BITMAP
70
F8
F8
F8
F8
F8
F8
F8
F8
F0
F0
F0
F0
F0
F0
E0
ENDCHAR
STARTCHAR uni030C0307
ENCODING -1
SWIDTH 0 0
DWIDTH 0 0
BBX 22 23 -11 44
BITMAP
007800
00FC00
01FE00
01FE00
01FE00
00FE00
007800
000000
000000
E0001C
F0003C
F8007C
FC00FC
7E01F8
3F03F0
1F87E0
1F87E0
0FCFC0
07FF80
07FF80
03FF00
01FE00
00FC00
ENDCHAR
STARTCHAR uni030A0301
ENCODING -1
SWIDTH 0 0
DWIDTH 0 0
BBX 24 23 -9 43
BITMAP
00000E
00001F
00003F
00007E
01E0FC
0FFDF8
1FFFF0
3FFFC0
7C0F80
F807C0
F003C0
F003C0
E001C0
E001C0
F003C0
F003C0
F003C0
780780
7E1F80
3FFF00
1FFE00
07F800
00C000
ENDCHAR
STARTCHAR uni03030308
ENCODING -1
SWIDTH 0 0
DWIDTH 0 0
BBX 26 18 -13 44
BITMAP
0F003C00
3F807F00
3FC0FF00
3FC0FF00
3FC0FF00
1F807F00
0F003C00
00000000
00000000
00000000
0FE00380
1FF803C0
3FFE0780
7FFF0F80
7C3FFF80
780FFF00
F007FE00
7001F800
ENDCHAR
STARTCHAR tildecomb_acutecomb
ENCODING -1
SWIDTH 0 0
DWIDTH 0 0
BBX 26 22 -13 44
BITMAP
00001000
00007C00
00007E00
0000FE00
0001FC00
0001F800
0003F000
0003F000
0007E000
000FC000
000F8000
001F0000
000F0000
00040000
0FE00380
1FF803C0
3FFE0780
7FFF0F80
7C3FFF80
780FFF00
F007FE00
7001F800
ENDCHAR
STARTCHAR uni03030304
ENCODING -1
SWIDTH 0 0
DWIDTH 0 0
BBX 26 17 -13 44
BITMAP
7FFFFF80
7FFFFF80
7FFFFF80
7FFFFF80
00000000
00000000
00000000
00000000
00000000
0FE00380
1FF803C0
3FFE0780
7FFF0F80
7C3FFF80
780FFF00
F007FE00
7001F800
ENDCHAR
STARTCHAR uni03040308
ENCODING -1
SWIDTH 0 0
DWIDTH 0 0
BBX 24 16 -12 46
BITMAP
0E0038
3F00FC
7F81FE
7F81FE
7F81FE
7F80FE
3F007C
000000
000000
000000
000000
7FFFFE
FFFFFF
FFFFFF
FFFFFF
7FFFFE
ENDCHAR
STARTCHAR uni03040300
ENCODING -1
SWIDTH 0 0
DWIDTH 0 0
BBX 24 20 -12 46
BITMAP
040000
1F0000
3F0000
3F8000
1FC000
0FC000
07E000
07E000
03F000
01F800
00F800
007C00
007800
003000
000000
000000
FFFFFF
FFFFFF
FFFFFF
FFFFFF
ENDCHAR
STARTCHAR uni03040301
ENCODING -1
SWIDTH 0 0
DWIDTH 0 0
BBX 24 20 -12 46
BITMAP
000020
0000F8
0000FC
0001FC
0003F8
0003F0
0007E0
0007E0
000FC0
001F80
001F00
003E00
001E00
000800
000000
000000
FFFFFF
FFFFFF
FFFFFF
FFFFFF
ENDCHAR
STARTCHAR uni0308.case
ENCODING -1
SWIDTH 0 0
DWIDTH 0 0
BBX 22 8 -11 64
BITMAP
3C00F0
7E01F8
FF03FC
FF03FC
FF03FC
FF03FC
FE01FC
3C00F8
ENDCHAR
STARTCHAR uni03080301.case
ENCODING -1
SWIDTH 0 0
DWIDTH 0 0
BBX 22 22 -11 61
BITMAP
0000E0
0001F0
0003F8
0003F0
0007F0
0007E0
000FC0
001F80
001F00
003F00
003E00
007C00
003800
000000
000000
7C00F8
FF01FC
FF03FC
FF03FC
FF03FC
7E01F8
380060
ENDCHAR
STARTCHAR uni03080304.case
ENCODING -1
SWIDTH 0 0
DWIDTH 0 0
BBX 24 16 -12 63
BITMAP
7FFFFE
FFFFFF
FFFFFF
FFFFFF
7FFFFE
000000
000000
000000
000000
1E007C
7F00FE
7F81FE
7F81FE
7F81FE
3F00FC
1E0078
ENDCHAR
STARTCHAR uni0307.case
ENCODING -1
SWIDTH 0 0
DWIDTH 0 0
BBX 8 8 -4 64
BITMAP
7E
FF
FF
FF
FF
FF
7E
3C
ENDCHAR
STARTCHAR uni03070304.case
ENCODING -1
SWIDTH 0 0
DWIDTH 0 0
BBX 24 16 -12 63
BITMAP
7FFFFE
FFFFFF
FFFFFF
FFFFFF
7FFFFE
000000
000000
000000
000000
003E00
00FF00
00FF00
00FF00
00FF00
007E00
003C00
ENDCHAR
STARTCHAR gravecomb.case
ENCODING -1
SWIDTH 0 0
DWIDTH 0 0
BBX 13 15 -12 61
BITMAP
3000
7C00
FC00
FE00
FF00
7F00
3F80
1FC0
0FC0
07E0
03F0
03F0
01F8
00F8
0078
ENDCHAR
STARTCHAR acutecomb.case
ENCODING -1
SWIDTH 0 0
DWIDTH 0 0
BBX 13 15 -1 61
BITMAP
0060
01F0
01F8
03F8
07F8
07F0
0FE0
1FC0
1F80
3F00
7F00
7E00
FC00
F800
F000
ENDCHAR
STARTCHAR uni03010307.case
ENCODING -1
SWIDTH 0 0
DWIDTH 0 0
BBX 20 21 -8 61
BITMAP
080000
7E0000
7F0000
FF0000
FF0000
7F0000
3E01E0
0003F0
0003F0
0007F0
000FF0
000FE0
001FC0
003F80
003F00
007E00
00FC00
00FC00
01F800
01F000
01E000
ENDCHAR
STARTCHAR uni030B.case
ENCODING -1
SWIDTH 0 0
DWIDTH 0 0
BBX 22 15 -7 61
BITMAP
01C038
03E07C
03F07C
07E0FC
07E0FC
0FC1F8
0FC3F0
1F83F0
1F07E0
3F07C0
3E0F80
7C0F80
7C1F00
F81E00
701E00
ENDCHAR
STARTCHAR uni030C.alt.case
ENCODING -1
SWIDTH 0 0
DWIDTH 0 0
BBX 6 19 0 38
BITMAP
78
FC
FC
FC
FC
FC
FC
FC
F8
F8
F8
F8
F8
F8
F8
F8
F8
F8
F0
ENDCHAR
STARTCHAR uni0302.case
ENCODING -1
SWIDTH 0 0
DWIDTH 0 0
BBX 24 15 -12 61
BITMAP
003C00
007E00
00FF00
01FF80
03FFC0
07FFE0
07E7E0
0FC3F0
1FC3F8
1F81F8
3F00FC
7E007E
FC003F
F8001F
78000E
ENDCHAR
STARTCHAR uni03020300.case
ENCODING -1
SWIDTH 0 0
DWIDTH 0 0
BBX 26 22 -11 60
BITMAP
0000F000
0001F000
0001F800
0001F800
0000FC00
00007E00
00003E00
007C3F00
01FE1F00
03FF0F80
03FF0780
07FF87C0
0FFFC3C0
0FCFC180
1F87E000
3F03F000
3E01F000
7E01F800
FC00FC00
F8007C00
F0003C00
20000800
ENDCHAR
STARTCHAR uni03020301.case
ENCODING -1
SWIDTH 0 0
DWIDTH 0 0
BBX 30 22 -11 60
BITMAP
0000003C
0000007C
000000FC
000000FC
000001F8
000001F8
000003F0
007C03E0
01FE07C0
03FF0FC0
03FF0F80
07FF8F00
0FFFCE00
0FCFCC00
1F87E000
3F03F000
3E01F000
7E01F800
FC00FC00
F8007C00
F0003C00
20000800
ENDCHAR
STARTCHAR uni03020303.case
ENCODING -1
SWIDTH 0 0
DWIDTH 0 0
BBX 26 22 -13 60
BITMAP
07E00380
1FF803C0
3FFC0780
7FFF0F80
7C3FFF80
780FFF00
F007FE00
7001FC00
00000000
00000000
003F0000
007F8000
00FFC000
01FFE000
03FFF000
07F3F800
0FC0FC00
0F807C00
1F003E00
3E001F00
3C000F00
08000200
ENDCHAR
STARTCHAR uni03020309.case
ENCODING -1
SWIDTH 0 0
DWIDTH 0 0
BBX 29 22 -11 60
BITMAP
00003F80
0001FFE0
0001FFF0
0001FFF8
000001F8
000000F8
000000F8
007C01F0
01FE01F0
03FF03E0
03FF0FC0
07FF8F80
0FFFCE00
0FCFC000
1F87E000
3F03F000
3E01F000
7E01F800
FC00FC00
F8007C00
F0003C00
20000800
ENDCHAR
STARTCHAR uni030C.case
ENCODING -1
SWIDTH 0 0
DWIDTH 0 0
BBX 24 16 -12 60
BITMAP
200004
F8001F
FC001F
7C003E
7E007E
3F00FC
1F81F8
1FC3F8
0FE3F0
07E7E0
03FFC0
03FFC0
01FF80
00FF00
007E00
001800
ENDCHAR
STARTCHAR uni030C0307.case
ENCODING -1
SWIDTH 0 0
DWIDTH 0 0
BBX 22 23 -11 61
BITMAP
007800
00FE00
01FE00
01FE00
01FE00
00FC00
007800
000000
000000
E0001C
F0003C
F8007C
7C00F8
7E01F8
3F03F0
1F87E0
1F87E0
0FCFC0
07FF80
07FF80
03FF00
01FE00
00FC00
ENDCHAR
STARTCHAR uni0306.case
ENCODING -1
SWIDTH 0 0
DWIDTH 0 0
BBX 28 14 -14 61
BITMAP
700000E0
780001E0
F80001F0
780001E0
7C0003E0
7C0003E0
3E0007C0
3F000FC0
1FC03F80
1FFFFF80
0FFFFF00
03FFFC00
01FFF800
007FE000
ENDCHAR
STARTCHAR uni03060300.case
ENCODING -1
SWIDTH 0 0
DWIDTH 0 0
BBX 26 21 -13 61
BITMAP
07800000
0FC00000
0FC00000
0FE00000
07F00000
03F00000
01F80000
01F80000
20FC0100
707E0380
F83E07C0
781E0780
780C0780
7C000F80
3E001F00
3F003F00
1FE1FE00
0FFFFC00
07FFF800
03FFF000
00FFC000
ENDCHAR
STARTCHAR uni03060301.case
ENCODING -1
SWIDTH 0 0
DWIDTH 0 0
BBX 26 21 -13 61
BITMAP
00007800
0000FC00
0000FC00
0001FC00
0003F800
0003F000
0007E000
0007E000
200FC100
701F8380
F81F07C0
781E0780
780C0780
7C000F80
3E001F00
3F003F00
1FE1FE00
0FFFFC00
07FFF800
03FFF000
00FFC000
ENDCHAR
STARTCHAR uni03060303.case
ENCODING -1
SWIDTH 0 0
DWIDTH 0 0
BBX 26 21 -13 61
BITMAP
07E00380
1FF803C0
3FFC07C0
7FFF0F80
7E3FFF80
781FFF00
F807FE00
7001FC00
00000000
00000000
00000000
30000300
78000780
78000780
7C000F80
3F003F00
3FE1FF00
1FFFFE00
0FFFFC00
03FFF000
00FFC000
ENDCHAR
STARTCHAR uni03060309.case
ENCODING -1
SWIDTH 0 0
DWIDTH 0 0
BBX 26 21 -13 61
BITMAP
007F8000
01FFE000
03FFF000
01FFF000
0001F800
0001F800
0001F000
0001F000
2003E100
7007C380
F80F87C0
781F0780
78040780
7C000F80
3E001F00
3F003F00
1FE1FE00
0FFFFC00
07FFF800
03FFF000
00FFC000
ENDCHAR
STARTCHAR uni030A.case
ENCODING -1
SWIDTH 0 0
DWIDTH 0 0
BBX 20 18 -10 61
BITMAP
03FC00
0FFF00
1FFF80
3F9FC0
3E07C0
7C03E0
7801E0
F801E0
F000F0
F000F0
7801E0
7801E0
7C03E0
7E03C0
3F9FC0
1FFF80
0FFF00
03FC00
ENDCHAR
STARTCHAR uni030A0301.case
ENCODING -1
SWIDTH 0 0
DWIDTH 0 0
BBX 24 22 -9 61
BITMAP
00000F
00001F
00003F
00007E
03F1FC
0FFFF8
1FFFF0
3FFFC0
7C0F80
F807C0
F003C0
F003C0
E001C0
E001C0
F003C0
F003C0
F003C0
780780
7E1F80
3FFF00
1FFE00
07F800
ENDCHAR
STARTCHAR tildecomb.case
ENCODING -1
SWIDTH 0 0
DWIDTH 0 0
BBX 34 12 -17 62
BITMAP
0060000380
07FC0003C0
0FFF0007C0
1FFFC00780
3FFFF00F80
3FBFF81F80
7C07FFFF00
7C01FFFF00
F800FFFE00
F8003FFC00
F0000FF000
7000000000
ENDCHAR
STARTCHAR uni03030308.case
ENCODING -1
SWIDTH 0 0
DWIDTH 0 0
BBX 26 18 -13 61
BITMAP
1F807E00
3FC0FF00
3FC0FF00
3FC0FF00
3FC0FF00
1F807E00
00000000
00000000
00000000
03C00180
0FF003C0
3FFC07C0
3FFE0780
7FFFFF80
781FFF00
F807FF00
7003FC00
60006000
ENDCHAR
STARTCHAR tildecomb_acutecomb.case
ENCODING -1
SWIDTH 0 0
DWIDTH 0 0
BBX 26 22 -13 61
BITMAP
00003800
00007C00
0000FE00
0000FC00
0001FC00
0001F800
0003F000
0007E000
0007E000
000FC000
000F8000
001F0000
000E0000
03C00180
0FF003C0
3FFC07C0
3FFE0780
7FFFFF80
781FFF00
F807FF00
7003FC00
60006000
ENDCHAR
STARTCHAR uni03030304.case
ENCODING -1
SWIDTH 0 0
DWIDTH 0 0
BBX 26 18 -13 61
BITMAP
3FFFFF00
7FFFFF80
7FFFFF80
7FFFFF80
3FFFFF00
00000000
00000000
00000000
00000000
03C00180
0FF003C0
3FFC07C0
3FFE0780
7FFFFF80
781FFF00
F807FF00
7003FC00
60006000
ENDCHAR
STARTCHAR uni0304.case
ENCODING -1
SWIDTH 0 0
DWIDTH 0 0
BBX 27 5 -13 65
BITMAP
7FFFFF80
FFFFFFC0
FFFFFFE0
FFFFFFC0
FFFFFFC0
ENDCHAR
STARTCHAR uni03040308.case
ENCODING -1
SWIDTH 0 0
DWIDTH 0 0
BBX 24 15 -12 64
BITMAP
3F007C
7F00FE
7F81FE
7F81FE
7F81FE
3F00FC
1E0078
000000
000000
000000
000000
FFFFFF
FFFFFF
FFFFFF
FFFFFF
ENDCHAR
STARTCHAR uni03040300.case
ENCODING -1
SWIDTH 0 0
DWIDTH 0 0
BBX 24 20 -12 63
BITMAP
0E0000
1F0000
3F8000
1F8000
1FC000
0FC000
07E000
03F000
03F000
01F800
00F800
007C00
003800
000000
000000
7FFFFE
FFFFFF
FFFFFF
FFFFFF
7FFFFE
ENDCHAR
STARTCHAR uni03040301.case
ENCODING -1
SWIDTH 0 0
DWIDTH 0 0
BBX 24 20 -12 63
BITMAP
000070
0000F8
0001FC
0001F8
0003F8
0003F0
0007E0
000FC0
000FC0
001F80
001F00
003E00
001C00
000000
000000
7FFFFE
FFFFFF
FFFFFF
FFFFFF
7FFFFE
ENDCHAR
STARTCHAR hookabovecomb.case
ENCODING -1
SWIDTH 0 0
DWIDTH 0 0
BBX 15 15 -7 61
BITMAP
0100
7FF8
FFFC
FFFE
FFFE
007E
007E
007E
00FC
01F8
03F0
07C0
07C0
07C0
0780
ENDCHAR
STARTCHAR uni030F.case
ENCODING -1
SWIDTH 0 0
DWIDTH 0 0
BBX 22 15 -15 61
BITMAP
700C00
F81F00
F83F00
FC1F80
FE1F80
7E0FC0
3F0FC0
3F07E0
1F83E0
0F83F0
07C1F0
07C0F8
03E0F8
01E07C
01E038
ENDCHAR
STARTCHAR uni0311.case
ENCODING -1
SWIDTH 0 0
DWIDTH 0 0
BBX 28 14 -14 61
BITMAP
001F8000
00FFF000
03FFFC00
07FFFE00
0FFFFF00
1FE03F80
3F800FC0
3E0007C0
7E0007E0
7C0003E0
7C0003E0
780001E0
F80001F0
700000E0
ENDCHAR
STARTCHAR uni0312.case
ENCODING -1
SWIDTH 0 0
DWIDTH 0 0
BBX 8 15 -4 61
BITMAP
1C
3C
3C
7C
78
F8
F0
FC
FF
FF
FF
FF
FF
FF
7E
ENDCHAR
STARTCHAR uni031B.case
ENCODING -1
SWIDTH 0 0
DWIDTH 0 0
BBX 15 15 0 52
BITMAP
007C
007E
00FE
00FE
00FE
00FE
00FE
01FC
01FC
07F8
7FF8
FFF0
FFE0
3F80
1C00
ENDCHAR
STARTCHAR uni0335.case
ENCODING -1
SWIDTH 0 0
DWIDTH 0 0
BBX 32 5 -16 26
BITMAP
7FFFFFFE
FFFFFFFE
FFFFFFFF
FFFFFFFE
7FFFFFFE
ENDCHAR
STARTCHAR uni0337.case
ENCODING -1
SWIDTH 0 0
DWIDTH 0 0
BBX 32 21 -16 20
BITMAP
0000001E
0000007F
000001FF
000003FF
00000FFE
00003FFC
00007FF0
0001FFE0
0007FF80
001FFE00
003FFC00
00FFF000
03FFC000
0FFF0000
1FFE0000
7FF80000
FFE00000
FF800000
FF000000
7C000000
30000000
ENDCHAR
STARTCHAR uni0338.case
ENCODING -1
SWIDTH 0 0
DWIDTH 0 0
BBX 40 64 -20 -4
BITMAP
000000001C
000000003E
000000003F
000000007F
00000000FE
00000000FE
00000001FC
00000001FC
00000003F8
00000003F0
00000007F0
0000000FE0
0000000FE0
0000001FC0
0000001F80
0000003F80
0000003F00
0000007F00
000000FE00
000000FC00
000001FC00
000001F800
000003F800
000007F000
000007F000
00000FE000
00000FC000
00001FC000
00001F8000
00003F8000
00007F0000
00007E0000
0000FE0000
0000FC0000
0001FC0000
0003F80000
0003F80000
0007F00000
0007E00000
000FE00000
000FC00000
001FC00000
003F800000
003F000000
007F000000
007E000000
00FE000000
01FC000000
01FC000000
03F8000000
03F0000000
07F0000000
07E0000000
0FE0000000
1FC0000000
1F80000000
3F80000000
3F00000000
7F00000000
FE00000000
FE00000000
FC00000000
7800000000
3000000000
ENDCHAR
STARTCHAR uni0335.cy
ENCODING -1
SWIDTH 0 0
DWIDTH 0 0
BBX 34 6 -17 24
BITMAP
7FFFFFFF80
FFFFFFFFC0
FFFFFFFFC0
FFFFFFFFC0
FFFFFFFFC0
3FFFFFFF00
ENDCHAR
STARTCHAR tildecomb.o
ENCODING -1
SWIDTH 0 0
DWIDTH 0 0
BBX 28 12 -14 47
BITMAP
00000060
0FE000E0
1FF001F0
3FFC01E0
7FFE01E0
7FFF03E0
FC1FDFC0
F80FFFC0
F007FF80
F003FF80
F000FE00
E0003800
ENDCHAR
STARTCHAR uni030C.alt.t
ENCODING -1
SWIDTH 0 0
DWIDTH 0 0
BBX 5 15 0 42
BITMAP
70
F8
F8
F8
F8
F8
F8
F8
F0
F0
F0
F0
F0
F0
E0
ENDCHAR
STARTCHAR uni0335.t
ENCODING -1
SWIDTH 0 0
DWIDTH 0 0
BBX 24 5 -12 17
BITMAP
7FFFFE
FFFFFF
FFFFFF
FFFFFF
3FFFFC
ENDCHAR
STARTCHAR tildecomb.case.O
ENCODING -1
SWIDTH 0 0
DWIDTH 0 0
BBX 31 12 -16 62
BITMAP
00C0000E
07F8001E
0FFE001E
1FFF003E
3FFFC03E
7FBFE0FC
7C0FFFFC
F803FFF8
F801FFF0
F0007FE0
F0003FC0
60000000
ENDCHAR
STARTCHAR uni031B.O.case
ENCODING -1
SWIDTH 0 0
DWIDTH 0 0
BBX 21 15 -1 52
BITMAP
0000F0
0001F8
0001F8
0001F8
0001F8
0001F8
0003F8
0003F8
0007F0
000FF0
F0FFE0
7FFFC0
3FFF80
1FFF00
1FF800
ENDCHAR
STARTCHAR uni02BF.case
ENCODING -1
SWIDTH 500 0
DWIDTH 40 0
BBX 9 16 12 61
BITMAP
0300
1F00
3F80
7F00
7C00
F800
F000
F000
F000
F000
F000
F800
7E00
3F00
1F80
0F00
ENDCHAR
STARTCHAR uni02BE.case
ENCODING -1
SWIDTH 500 0
DWIDTH 40 0
BBX 9 16 19 61
BITMAP
2000
7C00
FE00
7F00
1F00
0F80
0780
0780
0780
0780
0780
0F80
3F00
7E00
FC00
7000
ENDCHAR
ENDFONT
