STARTFONT 2.1
FONT -FontForge-Nunito Medium-Medium-R-Normal--30-290-75-75-P-159-ISO10646-1
SIZE 29 75 75
FONTBOUNDINGBOX 46 39 -7 -8
COMMENT "Generated by fontforge, http://fontforge.sourceforge.net"
COMMENT "Copyright 2014 The Nunito Project Authors (https://github.com/googlefonts/nunito)"
STARTPROPERTIES 41
FOUNDRY "FontForge"
FAMILY_NAME "Nunito Medium"
WEIGHT_NAME "Medium"
SLANT "R"
SETWIDTH_NAME "Normal"
ADD_STYLE_NAME ""
PIXEL_SIZE 30
POINT_SIZE 290
RESOLUTION_X 75
RESOLUTION_Y 75
SPACING "P"
AVERAGE_WIDTH 159
CHARSET_REGISTRY "ISO10646"
CHARSET_ENCODING "1"
FONTNAME_REGISTRY ""
CHARSET_COLLECTIONS "ISO8859-2 ISO8859-5 ISO8859-9 ISO8859-4 ISO10646-1"
FONT_NAME "Nunito-Medium"
FACE_NAME "Nunito Medium"
COPYRIGHT "Copyright 2014 The Nunito Project Authors (https://github.com/googlefonts/nunito)"
FONT_VERSION "3.602"
FONT_ASCENT 24
FONT_DESCENT 6
UNDERLINE_POSITION -3
UNDERLINE_THICKNESS 1
X_HEIGHT 14
CAP_HEIGHT 20
DEFAULT_CHAR 851
RAW_ASCENT 800
RAW_DESCENT 200
NORM_SPACE 8
RELATIVE_WEIGHT 50
RELATIVE_SETWIDTH 50
SUPERSCRIPT_X 0
SUPERSCRIPT_Y 10
SUPERSCRIPT_SIZE 18
SUBSCRIPT_X 0
SUBSCRIPT_Y 2
SUBSCRIPT_SIZE 18
FIGURE_WIDTH 18
AVG_LOWERCASE_WIDTH 161
AVG_UPPERCASE_WIDTH 208
ENDPROPERTIES
CHARS 1098
STARTCHAR NULL
ENCODING 0
SWIDTH 0 0
DWIDTH 0 0
BBX 1 1 0 0
BITMAP
00
ENDCHAR
STARTCHAR CR
ENCODING 13
SWIDTH 261 0
DWIDTH 8 0
BBX 1 1 0 0
BITMAP
00
ENDCHAR
STARTCHAR space
ENCODING 32
SWIDTH 261 0
DWIDTH 8 0
BBX 1 1 0 0
BITMAP
00
ENDCHAR
STARTCHAR exclam
ENCODING 33
SWIDTH 233 0
DWIDTH 7 0
BBX 3 21 2 0
BITMAP
E0
E0
E0
E0
E0
E0
E0
E0
E0
E0
E0
E0
E0
40
40
00
00
00
E0
E0
E0
ENDCHAR
STARTCHAR quotedbl
ENCODING 34
SWIDTH 405 0
DWIDTH 12 0
BBX 8 8 2 13
BITMAP
E7
E7
E7
E7
E3
E3
C3
C3
ENDCHAR
STARTCHAR numbersign
ENCODING 35
SWIDTH 600 0
DWIDTH 18 0
BBX 16 21 1 0
BITMAP
030C
060C
060C
060C
0618
7FFF
7FFF
0C18
0C18
0C30
0C30
1C30
1830
1830
FFFE
7FFE
3860
3060
3060
30E0
30C0
ENDCHAR
STARTCHAR dollar
ENCODING 36
SWIDTH 600 0
DWIDTH 18 0
BBX 16 29 1 -4
BITMAP
0080
0180
0180
0180
0FF0
1FFC
3C1E
7006
7000
7000
7000
7000
7800
3F80
1FF0
03FC
003E
000E
0007
0007
0007
600E
FC3E
7FFC
0FF0
0180
0180
0180
0080
ENDCHAR
STARTCHAR percent
ENCODING 37
SWIDTH 933 0
DWIDTH 28 0
BBX 24 23 2 -1
BITMAP
000040
3F00E0
7F80C0
E181C0
C1C180
C1C380
C0C300
C0C700
C1CE00
C1CC30
E19CFE
7799CE
3F3987
083383
007383
00E303
00C303
01C383
018383
038187
0301FE
0600FC
020000
ENDCHAR
STARTCHAR ampersand
ENCODING 38
SWIDTH 701 0
DWIDTH 21 0
BBX 18 21 2 0
BITMAP
0FE000
1FF000
183000
383000
383000
383000
1C7000
1CE000
0FC100
0F8380
1F8380
39C300
70E300
E07300
E03F00
E03E00
E01E00
E01F00
707F80
7FF380
1FC1C0
ENDCHAR
STARTCHAR quotesingle
ENCODING 39
SWIDTH 226 0
DWIDTH 7 0
BBX 3 8 2 13
BITMAP
E0
E0
E0
E0
E0
E0
C0
C0
ENDCHAR
STARTCHAR parenleft
ENCODING 40
SWIDTH 326 0
DWIDTH 10 0
BBX 5 27 3 -6
BITMAP
18
18
38
38
70
70
70
60
E0
E0
E0
E0
E0
E0
E0
E0
E0
E0
60
70
70
70
30
38
18
18
08
ENDCHAR
STARTCHAR parenright
ENCODING 41
SWIDTH 326 0
DWIDTH 10 0
BBX 6 27 1 -6
BITMAP
E0
60
70
70
30
38
38
38
38
1C
1C
1C
1C
1C
1C
1C
1C
38
38
38
38
30
70
70
60
E0
40
ENDCHAR
STARTCHAR asterisk
ENCODING 42
SWIDTH 451 0
DWIDTH 14 0
BBX 12 10 1 11
BITMAP
3180
1980
1B00
0F00
FFF0
FFE0
0F00
1B00
1980
3180
ENDCHAR
STARTCHAR plus
ENCODING 43
SWIDTH 600 0
DWIDTH 18 0
BBX 16 15 1 1
BITMAP
0180
0180
0180
0180
0180
0180
7FFE
FFFF
0180
0180
0180
0180
0180
0180
0180
ENDCHAR
STARTCHAR comma
ENCODING 44
SWIDTH 233 0
DWIDTH 7 0
BBX 3 6 2 -3
BITMAP
E0
E0
E0
60
60
C0
ENDCHAR
STARTCHAR hyphen
ENCODING 45
SWIDTH 427 0
DWIDTH 13 0
BBX 9 2 2 7
BITMAP
FF80
FF80
ENDCHAR
STARTCHAR period
ENCODING 46
SWIDTH 233 0
DWIDTH 7 0
BBX 3 3 2 0
BITMAP
E0
E0
E0
ENDCHAR
STARTCHAR slash
ENCODING 47
SWIDTH 290 0
DWIDTH 9 0
BBX 9 24 0 -2
BITMAP
0180
0380
0380
0300
0700
0700
0600
0E00
0E00
0C00
0C00
1C00
1800
1800
3800
3000
3000
7000
6000
6000
E000
C000
C000
C000
ENDCHAR
STARTCHAR zero
ENCODING 48
SWIDTH 600 0
DWIDTH 18 0
BBX 14 21 2 0
BITMAP
1FE0
3FF0
7878
7038
E01C
E01C
E01C
C00C
C00C
C00C
C00C
C00C
C00C
C00C
E01C
E01C
E01C
7038
7878
3FF0
0FC0
ENDCHAR
STARTCHAR one
ENCODING 49
SWIDTH 600 0
DWIDTH 18 0
BBX 13 21 3 0
BITMAP
0700
0F00
3F00
7F00
6700
0700
0700
0700
0700
0700
0700
0700
0700
0700
0700
0700
0700
0700
0700
FFF8
7FF8
ENDCHAR
STARTCHAR two
ENCODING 50
SWIDTH 600 0
DWIDTH 18 0
BBX 14 21 2 0
BITMAP
3FE0
7FF0
F078
C038
0038
0018
0038
0038
0038
0070
00F0
00E0
01C0
0380
0700
0E00
1C00
3800
7000
FFFC
7FFC
ENDCHAR
STARTCHAR three
ENCODING 51
SWIDTH 600 0
DWIDTH 18 0
BBX 14 21 2 0
BITMAP
3FE0
7FF0
F078
C038
0018
0018
0038
0038
0070
1FE0
1FE0
01F8
0038
001C
001C
001C
001C
C03C
F078
FFF0
3FE0
ENDCHAR
STARTCHAR four
ENCODING 52
SWIDTH 600 0
DWIDTH 18 0
BBX 16 21 1 0
BITMAP
0038
0078
0078
00F8
01F8
01B8
03B8
0738
0638
0E38
1C38
1838
3038
7038
7FFF
FFFF
7FFE
0038
0038
0038
0038
ENDCHAR
STARTCHAR five
ENCODING 53
SWIDTH 600 0
DWIDTH 18 0
BBX 15 21 2 0
BITMAP
7FF8
7FFC
7000
7000
7000
7000
7000
7000
77E0
7FF8
783C
701C
200C
000E
000E
000E
001C
601C
F878
7FF8
1FE0
ENDCHAR
STARTCHAR six
ENCODING 54
SWIDTH 600 0
DWIDTH 18 0
BBX 15 21 2 0
BITMAP
0FF0
1FFC
3C1C
7804
7000
6000
E000
E000
E7E0
EFF8
F838
F01C
F01C
E00C
E00E
E00C
701C
701C
3C38
1FF0
0FE0
ENDCHAR
STARTCHAR seven
ENCODING 55
SWIDTH 600 0
DWIDTH 18 0
BBX 14 21 2 0
BITMAP
FFFC
FFFC
001C
0038
0038
0070
0070
00E0
00E0
01C0
01C0
0380
0380
0700
0700
0E00
1E00
1C00
3C00
3800
3000
ENDCHAR
STARTCHAR eight
ENCODING 56
SWIDTH 600 0
DWIDTH 18 0
BBX 16 21 1 0
BITMAP
0FF0
3FFC
381C
700E
700E
700E
700E
700E
381C
1FF8
1FF8
3E7C
700E
6006
E007
E007
E007
700E
781E
3FFC
0FF0
ENDCHAR
STARTCHAR nine
ENCODING 57
SWIDTH 600 0
DWIDTH 18 0
BBX 15 21 1 0
BITMAP
0FE0
3FF0
3838
701C
601C
600E
E00E
600E
701E
701E
3C7E
3FEE
0FCE
000E
000E
000C
001C
6038
7078
7FF0
1FC0
ENDCHAR
STARTCHAR colon
ENCODING 58
SWIDTH 233 0
DWIDTH 7 0
BBX 3 15 2 0
BITMAP
40
E0
E0
60
00
00
00
00
00
00
00
00
E0
E0
E0
ENDCHAR
STARTCHAR semicolon
ENCODING 59
SWIDTH 233 0
DWIDTH 7 0
BBX 3 18 2 -3
BITMAP
40
E0
E0
60
00
00
00
00
00
00
00
00
E0
E0
E0
60
60
C0
ENDCHAR
STARTCHAR less
ENCODING 60
SWIDTH 600 0
DWIDTH 18 0
BBX 15 15 2 1
BITMAP
0004
001E
00F8
03E0
0F80
3E00
F000
E000
F800
3E00
0F80
01F0
007C
001E
0004
ENDCHAR
STARTCHAR equal
ENCODING 61
SWIDTH 600 0
DWIDTH 18 0
BBX 16 8 1 5
BITMAP
7FFE
FFFF
0000
0000
0000
0000
7FFE
FFFF
ENDCHAR
STARTCHAR greater
ENCODING 62
SWIDTH 600 0
DWIDTH 18 0
BBX 15 15 1 1
BITMAP
4000
F800
3E00
0F80
03E0
00F8
001E
0006
003E
00F8
03E0
1F80
7C00
F000
4000
ENDCHAR
STARTCHAR question
ENCODING 63
SWIDTH 447 0
DWIDTH 13 0
BBX 13 21 0 0
BITMAP
1FE0
7FF0
F070
C038
0038
0038
0070
0070
00E0
01C0
0180
0380
0300
0600
0600
0000
0000
0000
0700
0700
0700
ENDCHAR
STARTCHAR at
ENCODING 64
SWIDTH 947 0
DWIDTH 28 0
BBX 25 26 2 -5
BITMAP
00FFC000
03F3F000
0F003800
1C000C00
38000600
30000700
603C4300
607FE300
C0E1C100
C1C1C180
C180C180
C380C180
C300C180
C301C300
C3018300
C3838300
C3838600
E1FEFE00
60F8F800
70000000
30000000
38000000
1C001800
0780F000
03FFE000
007F0000
ENDCHAR
STARTCHAR A
ENCODING 65
SWIDTH 733 0
DWIDTH 22 0
BBX 20 21 1 0
BITMAP
006000
00F000
00F000
01F800
019800
039C00
031C00
070E00
070E00
060600
0E0700
0C0300
1C0380
1FFF80
3FFFC0
3FFFC0
7000E0
7000E0
600060
E00070
C00030
ENDCHAR
STARTCHAR B
ENCODING 66
SWIDTH 679 0
DWIDTH 20 0
BBX 16 21 3 0
BITMAP
FFF0
FFF8
C03C
C00E
C00E
C00E
C00E
C00E
C01C
FFF8
FFF8
C07C
C00E
C006
C007
C007
C006
C00E
C01E
FFFC
FFF0
ENDCHAR
STARTCHAR C
ENCODING 67
SWIDTH 675 0
DWIDTH 20 0
BBX 17 21 2 0
BITMAP
07FC00
0FFF00
3E0780
380180
700000
700000
E00000
E00000
E00000
E00000
E00000
E00000
E00000
E00000
E00000
700000
780000
3C0380
1F0F80
0FFF00
03FC00
ENDCHAR
STARTCHAR D
ENCODING 68
SWIDTH 747 0
DWIDTH 22 0
BBX 18 21 3 0
BITMAP
FFE000
FFF800
C07E00
C00F00
C00700
C00380
C00380
C00380
C001C0
C001C0
C001C0
C001C0
C001C0
C00380
C00380
C00380
C00700
C00F00
C07E00
FFF800
FFE000
ENDCHAR
STARTCHAR E
ENCODING 69
SWIDTH 586 0
DWIDTH 18 0
BBX 13 21 3 0
BITMAP
FFF8
FFF8
C000
C000
C000
C000
C000
C000
C000
FFF0
FFF8
C000
C000
C000
C000
C000
C000
C000
C000
FFF8
FFF8
ENDCHAR
STARTCHAR F
ENCODING 70
SWIDTH 551 0
DWIDTH 17 0
BBX 13 21 3 0
BITMAP
FFF8
FFF8
C000
C000
C000
C000
C000
C000
C000
FFF0
FFF0
C000
C000
C000
C000
C000
C000
C000
C000
C000
C000
ENDCHAR
STARTCHAR G
ENCODING 71
SWIDTH 729 0
DWIDTH 22 0
BBX 18 21 2 0
BITMAP
07FE00
0FFF80
3E0780
380180
700000
700000
E00000
E00000
E00000
E00000
E03F80
E03FC0
E001C0
E001C0
E001C0
7001C0
7001C0
3C01C0
1F07C0
0FFF80
03FF00
ENDCHAR
STARTCHAR H
ENCODING 72
SWIDTH 764 0
DWIDTH 23 0
BBX 17 21 3 0
BITMAP
C00180
C00180
C00180
C00180
C00180
C00180
C00180
C00180
C00180
FFFF80
FFFF80
C00180
C00180
C00180
C00180
C00180
C00180
C00180
C00180
C00180
C00180
ENDCHAR
STARTCHAR I
ENCODING 73
SWIDTH 262 0
DWIDTH 8 0
BBX 2 21 3 0
BITMAP
C0
C0
C0
C0
C0
C0
C0
C0
C0
C0
C0
C0
C0
C0
C0
C0
C0
C0
C0
C0
C0
ENDCHAR
STARTCHAR J
ENCODING 74
SWIDTH 331 0
DWIDTH 10 0
BBX 7 21 0 0
BITMAP
06
06
06
06
06
06
06
06
06
06
06
06
06
06
06
06
0E
0E
1E
FC
F0
ENDCHAR
STARTCHAR K
ENCODING 75
SWIDTH 634 0
DWIDTH 19 0
BBX 15 21 3 0
BITMAP
C00E
C01C
C038
C070
C0E0
C1C0
C780
CF00
DE00
FC00
F800
DE00
CF00
C780
C3C0
C1E0
C0F0
C078
C03C
C01E
C00E
ENDCHAR
STARTCHAR L
ENCODING 76
SWIDTH 548 0
DWIDTH 16 0
BBX 13 21 3 0
BITMAP
C000
C000
C000
C000
C000
C000
C000
C000
C000
C000
C000
C000
C000
C000
C000
C000
C000
C000
C000
FFF8
FFF8
ENDCHAR
STARTCHAR M
ENCODING 77
SWIDTH 858 0
DWIDTH 26 0
BBX 20 21 3 0
BITMAP
C00030
E00070
E000F0
F000F0
F001F0
F801B0
DC03B0
DC0330
CE0730
C60630
C70E30
C30C30
C39C30
C19830
C1F830
C0F030
C0E030
C06030
C00030
C00030
C00030
ENDCHAR
STARTCHAR N
ENCODING 78
SWIDTH 741 0
DWIDTH 22 0
BBX 17 21 3 0
BITMAP
C00380
E00380
F00380
F00380
F80380
DC0380
CE0380
CE0380
C70380
C38380
C1C380
C1C380
C0E380
C07380
C03B80
C03B80
C01F80
C00F80
C00780
C00780
C00380
ENDCHAR
STARTCHAR O
ENCODING 79
SWIDTH 771 0
DWIDTH 23 0
BBX 19 21 2 0
BITMAP
07FC00
1FFF00
3E0F80
380380
7001C0
7001E0
E000E0
E000E0
E000E0
E000E0
E000E0
E000E0
E000E0
E000E0
E000E0
7001C0
7001C0
380380
1E0F80
0FFE00
07FC00
ENDCHAR
STARTCHAR P
ENCODING 80
SWIDTH 637 0
DWIDTH 19 0
BBX 15 21 3 0
BITMAP
FFF0
FFF8
C03C
C00E
C00E
C00E
C00E
C00E
C00E
C01C
FFFC
FFF8
FF80
C000
C000
C000
C000
C000
C000
C000
C000
ENDCHAR
STARTCHAR Q
ENCODING 81
SWIDTH 771 0
DWIDTH 23 0
BBX 19 27 2 -6
BITMAP
07FC00
1FFF00
3E0F80
380380
7001C0
7001E0
E000E0
E000E0
E000E0
E000E0
E000E0
E000E0
E000E0
E000E0
E000E0
7001C0
7001C0
380380
1E0F80
0FFE00
07FC00
001E00
000F00
000700
000380
000380
000180
ENDCHAR
STARTCHAR R
ENCODING 82
SWIDTH 673 0
DWIDTH 20 0
BBX 16 21 3 0
BITMAP
FFF0
FFF8
C03C
C00E
C00E
C00E
C00E
C00E
C00E
C03C
FFF8
FFF0
C0E0
C070
C038
C038
C01C
C01E
C00E
C007
C007
ENDCHAR
STARTCHAR S
ENCODING 83
SWIDTH 618 0
DWIDTH 19 0
BBX 16 21 1 0
BITMAP
0FF8
1FFE
3C0F
7802
7000
7000
7000
7000
7800
3F80
1FF8
03FE
001F
0007
0007
0003
0007
6007
FC1E
7FFC
0FF8
ENDCHAR
STARTCHAR T
ENCODING 84
SWIDTH 607 0
DWIDTH 18 0
BBX 18 21 0 0
BITMAP
FFFFC0
FFFFC0
00E000
00E000
00E000
00E000
00E000
00E000
00E000
00E000
00E000
00E000
00E000
00E000
00E000
00E000
00E000
00E000
00E000
00E000
00C000
ENDCHAR
STARTCHAR U
ENCODING 85
SWIDTH 731 0
DWIDTH 22 0
BBX 18 21 2 0
BITMAP
E00180
E001C0
E001C0
E001C0
E001C0
E001C0
E001C0
E001C0
E001C0
E001C0
E001C0
E001C0
E001C0
E001C0
600180
700380
700380
780700
3E1F00
1FFE00
07F800
ENDCHAR
STARTCHAR V
ENCODING 86
SWIDTH 694 0
DWIDTH 21 0
BBX 20 21 0 0
BITMAP
E00030
700070
700070
3000E0
3800E0
3800C0
1C01C0
1C01C0
0E0380
0E0380
060700
070700
070600
038E00
038E00
01DC00
01DC00
00F800
00F800
007000
007000
ENDCHAR
STARTCHAR W
ENCODING 87
SWIDTH 1104 0
DWIDTH 33 0
BBX 31 21 1 0
BITMAP
E003800E
E003800E
7003C00C
7007C01C
3006C01C
3806E018
380EE038
180C6038
1C1C7030
1C1C7070
0C183070
0E383860
0E3838E0
063018E0
07701DC0
07700DC0
03600D80
03E00F80
03E00780
01C00700
01C00700
ENDCHAR
STARTCHAR X
ENCODING 88
SWIDTH 655 0
DWIDTH 20 0
BBX 17 21 1 0
BITMAP
600380
700380
380700
380E00
1C1E00
0E1C00
073800
077000
03F000
01E000
01E000
03E000
03F000
073800
0E3C00
1E1C00
1C0E00
380700
700780
F00380
E00180
ENDCHAR
STARTCHAR Y
ENCODING 89
SWIDTH 601 0
DWIDTH 18 0
BBX 18 21 0 0
BITMAP
E001C0
700380
780780
380700
1C0E00
0E1C00
0F1C00
073800
03F000
03F000
01E000
00C000
00C000
00C000
00C000
00C000
00C000
00C000
00C000
00C000
00C000
ENDCHAR
STARTCHAR Z
ENCODING 90
SWIDTH 593 0
DWIDTH 18 0
BBX 16 21 1 0
BITMAP
FFFF
FFFF
000E
001E
001C
0038
0070
0070
00E0
01C0
03C0
0380
0700
0E00
0E00
1C00
3800
7800
7000
FFFF
7FFF
ENDCHAR
STARTCHAR bracketleft
ENCODING 91
SWIDTH 324 0
DWIDTH 10 0
BBX 7 26 3 -5
BITMAP
FE
FE
E0
E0
E0
E0
E0
E0
E0
E0
E0
E0
E0
E0
E0
E0
E0
E0
E0
E0
E0
E0
E0
E0
FC
FE
ENDCHAR
STARTCHAR backslash
ENCODING 92
SWIDTH 290 0
DWIDTH 9 0
BBX 9 24 0 -2
BITMAP
C000
C000
E000
6000
6000
7000
7000
3000
3800
3800
1800
1800
1C00
0C00
0C00
0E00
0600
0600
0700
0300
0300
0380
0180
0180
ENDCHAR
STARTCHAR bracketright
ENCODING 93
SWIDTH 324 0
DWIDTH 10 0
BBX 6 26 0 -5
BITMAP
FC
FC
0C
0C
0C
0C
0C
0C
0C
0C
0C
0C
0C
0C
0C
0C
0C
0C
0C
0C
0C
0C
0C
0C
FC
FC
ENDCHAR
STARTCHAR asciicircum
ENCODING 94
SWIDTH 600 0
DWIDTH 18 0
BBX 14 15 2 4
BITMAP
0300
0780
0780
0FC0
0CC0
0CC0
1860
1860
3030
3030
7038
6018
E01C
C00C
C00C
ENDCHAR
STARTCHAR underscore
ENCODING 95
SWIDTH 500 0
DWIDTH 15 0
BBX 15 2 0 -2
BITMAP
FFFE
7FFC
ENDCHAR
STARTCHAR grave
ENCODING 96
SWIDTH 361 0
DWIDTH 11 0
BBX 5 7 3 16
BITMAP
C0
E0
60
70
30
18
10
ENDCHAR
STARTCHAR a
ENCODING 97
SWIDTH 533 0
DWIDTH 16 0
BBX 12 15 2 0
BITMAP
1F80
7FC0
F0E0
4070
0070
0070
01F0
7FF0
F070
E070
C070
C070
E0F0
7FF0
3F70
ENDCHAR
STARTCHAR b
ENCODING 98
SWIDTH 587 0
DWIDTH 18 0
BBX 14 21 2 0
BITMAP
E000
E000
E000
E000
E000
E000
E3C0
EFF0
FCF8
F038
F01C
E01C
E01C
E00C
E01C
E01C
E01C
F03C
F878
EFF0
E7E0
ENDCHAR
STARTCHAR c
ENCODING 99
SWIDTH 465 0
DWIDTH 14 0
BBX 12 15 1 0
BITMAP
07C0
1FF0
3E70
7010
7000
6000
E000
E000
E000
E000
7000
7000
3830
1FF0
0FE0
ENDCHAR
STARTCHAR d
ENCODING 100
SWIDTH 587 0
DWIDTH 18 0
BBX 14 21 1 0
BITMAP
000C
000C
000C
000C
000C
000C
0F8C
1FEC
3CEC
703C
701C
E01C
E00C
E00C
E00C
E00C
701C
701C
383C
3FEC
0FCC
ENDCHAR
STARTCHAR e
ENCODING 101
SWIDTH 534 0
DWIDTH 16 0
BBX 14 15 1 0
BITMAP
07C0
1FF0
3C70
7018
7018
601C
E01C
FFFC
E000
E000
6000
7000
381C
1FF8
0FF0
ENDCHAR
STARTCHAR f
ENCODING 102
SWIDTH 340 0
DWIDTH 10 0
BBX 11 21 0 0
BITMAP
03E0
07C0
0E00
1C00
1C00
1C00
7F80
FFC0
1C00
1C00
1C00
1C00
1C00
1C00
1C00
1C00
1C00
1C00
1C00
1C00
1C00
ENDCHAR
STARTCHAR g
ENCODING 103
SWIDTH 590 0
DWIDTH 18 0
BBX 15 21 1 -6
BITMAP
078C
1FEE
3C7E
703E
701E
E00E
E00E
E00E
E00E
601E
701E
783E
3FEE
1FCE
030E
000C
001C
201C
7EF8
3FF0
0780
ENDCHAR
STARTCHAR h
ENCODING 104
SWIDTH 572 0
DWIDTH 17 0
BBX 13 21 2 0
BITMAP
E000
E000
E000
E000
E000
E000
E3C0
EFF0
FCF0
F038
E038
E038
E038
E038
E038
E038
E038
E038
E038
E038
E038
ENDCHAR
STARTCHAR i
ENCODING 105
SWIDTH 237 0
DWIDTH 7 0
BBX 3 21 2 0
BITMAP
E0
E0
E0
00
00
00
40
E0
E0
E0
E0
E0
E0
E0
E0
E0
E0
E0
E0
E0
E0
ENDCHAR
STARTCHAR j
ENCODING 106
SWIDTH 241 0
DWIDTH 7 0
BBX 7 27 -2 -6
BITMAP
0E
0E
0E
00
00
00
06
0E
0E
0E
0E
0E
0E
0E
0E
0E
0E
0E
0E
0E
0E
0E
0E
0E
3C
F8
60
ENDCHAR
STARTCHAR k
ENCODING 107
SWIDTH 508 0
DWIDTH 15 0
BBX 12 21 2 0
BITMAP
E000
E000
E000
E000
E000
E000
E020
E0F0
E1E0
E3C0
E780
EF00
FE00
FC00
FE00
EF00
E780
E3C0
E0E0
E070
E030
ENDCHAR
STARTCHAR l
ENCODING 108
SWIDTH 301 0
DWIDTH 9 0
BBX 7 21 2 0
BITMAP
E0
E0
E0
E0
E0
E0
E0
E0
E0
E0
E0
E0
E0
E0
E0
E0
E0
E0
70
7E
3E
ENDCHAR
STARTCHAR m
ENCODING 109
SWIDTH 861 0
DWIDTH 26 0
BBX 22 15 2 0
BITMAP
47C1E0
EFE7F0
FCFE78
F07838
E0781C
E0301C
E0301C
E0301C
E0301C
E0301C
E0301C
E0301C
E0301C
E0301C
E03018
ENDCHAR
STARTCHAR n
ENCODING 110
SWIDTH 572 0
DWIDTH 17 0
BBX 13 15 2 0
BITMAP
43C0
EFF0
FCF0
F038
E038
E038
E038
E038
E038
E038
E038
E038
E038
E038
E038
ENDCHAR
STARTCHAR o
ENCODING 111
SWIDTH 560 0
DWIDTH 17 0
BBX 14 15 1 0
BITMAP
07C0
1FF0
3CF8
703C
701C
601C
E00C
E00C
E00C
E00C
701C
701C
3838
1FF0
0FE0
ENDCHAR
STARTCHAR p
ENCODING 112
SWIDTH 587 0
DWIDTH 18 0
BBX 14 21 2 -6
BITMAP
63C0
EFF0
FCF8
F038
F01C
E01C
E01C
E00C
E01C
E01C
E01C
F03C
F878
EFF0
E7E0
E000
E000
E000
E000
E000
4000
ENDCHAR
STARTCHAR q
ENCODING 113
SWIDTH 587 0
DWIDTH 18 0
BBX 14 21 1 -6
BITMAP
078C
1FEC
3CEC
703C
701C
601C
E00C
E00C
E00C
E00C
701C
701C
383C
3FEC
0FCC
000C
000C
000C
000C
000C
0004
ENDCHAR
STARTCHAR r
ENCODING 114
SWIDTH 365 0
DWIDTH 11 0
BBX 9 15 2 0
BITMAP
4380
EF80
FE00
F000
E000
E000
E000
E000
E000
E000
E000
E000
E000
E000
E000
ENDCHAR
STARTCHAR s
ENCODING 115
SWIDTH 483 0
DWIDTH 14 0
BBX 12 15 1 0
BITMAP
0F80
3FE0
7870
7000
6000
7000
7C00
3FC0
07E0
0070
0030
0030
E070
7FE0
3FC0
ENDCHAR
STARTCHAR t
ENCODING 116
SWIDTH 358 0
DWIDTH 11 0
BBX 11 19 0 0
BITMAP
1C00
1C00
1C00
1C00
FFC0
FFC0
1C00
1C00
1C00
1C00
1C00
1C00
1C00
1C00
1C00
1C00
1E00
0FE0
07E0
ENDCHAR
STARTCHAR u
ENCODING 117
SWIDTH 565 0
DWIDTH 17 0
BBX 13 15 2 0
BITMAP
4030
E038
E038
E038
E038
E038
E038
E038
E038
E038
E038
E078
70F8
7FF8
3F38
ENDCHAR
STARTCHAR v
ENCODING 118
SWIDTH 518 0
DWIDTH 16 0
BBX 14 15 1 0
BITMAP
C008
E01C
E018
6038
7038
7070
3870
3860
18E0
1CC0
0DC0
0FC0
0F80
0780
0700
ENDCHAR
STARTCHAR w
ENCODING 119
SWIDTH 844 0
DWIDTH 25 0
BBX 23 15 1 0
BITMAP
C01806
E03806
E03C0E
707C0E
707C0C
306E1C
38E618
38C638
18C738
1DC330
1D8370
0D83F0
0F81E0
0701E0
0700C0
ENDCHAR
STARTCHAR x
ENCODING 120
SWIDTH 530 0
DWIDTH 16 0
BBX 14 15 1 0
BITMAP
6018
7038
7878
3870
1CE0
0FC0
0780
0780
0780
0FC0
1CE0
3870
7878
7038
E01C
ENDCHAR
STARTCHAR y
ENCODING 121
SWIDTH 517 0
DWIDTH 16 0
BBX 14 21 1 -6
BITMAP
C008
E01C
E018
6038
7038
7070
3870
3860
18E0
1CC0
0DC0
0FC0
0F80
0780
0700
0700
0600
0E00
0E00
1C00
0800
ENDCHAR
STARTCHAR z
ENCODING 122
SWIDTH 466 0
DWIDTH 14 0
BBX 12 15 1 0
BITMAP
7FE0
FFF0
0070
00E0
01C0
0380
0300
0700
0E00
1C00
1800
3800
7000
FFF0
7FF0
ENDCHAR
STARTCHAR braceleft
ENCODING 123
SWIDTH 361 0
DWIDTH 11 0
BBX 10 26 1 -5
BITMAP
0FC0
0FC0
1C00
1C00
1C00
1C00
1C00
1C00
1C00
1C00
1C00
1C00
F800
F800
3C00
1C00
1C00
1C00
1C00
1C00
1C00
1C00
1C00
1C00
0F80
0FC0
ENDCHAR
STARTCHAR bar
ENCODING 124
SWIDTH 270 0
DWIDTH 8 0
BBX 2 27 3 -6
BITMAP
C0
C0
C0
C0
C0
C0
C0
C0
C0
C0
C0
C0
C0
C0
C0
C0
C0
C0
C0
C0
C0
C0
C0
C0
C0
C0
40
ENDCHAR
STARTCHAR braceright
ENCODING 125
SWIDTH 361 0
DWIDTH 11 0
BBX 10 26 0 -5
BITMAP
F800
FC00
0C00
0C00
0C00
0C00
0C00
0C00
0C00
0C00
0E00
0E00
0780
07C0
0E00
0E00
0C00
0C00
0C00
0C00
0C00
0C00
0C00
0C00
7C00
FC00
ENDCHAR
STARTCHAR asciitilde
ENCODING 126
SWIDTH 600 0
DWIDTH 18 0
BBX 14 5 2 6
BITMAP
3800
7E0C
E7FC
C1F8
0020
ENDCHAR
STARTCHAR uni00A0
ENCODING 160
SWIDTH 261 0
DWIDTH 8 0
BBX 1 1 0 0
BITMAP
00
ENDCHAR
STARTCHAR exclamdown
ENCODING 161
SWIDTH 233 0
DWIDTH 7 0
BBX 3 21 2 -6
BITMAP
40
E0
E0
60
00
00
40
40
C0
E0
E0
E0
E0
E0
E0
E0
E0
E0
E0
E0
40
ENDCHAR
STARTCHAR cent
ENCODING 162
SWIDTH 600 0
DWIDTH 18 0
BBX 12 22 3 -4
BITMAP
0700
0700
0700
0780
1FE0
3EF0
7010
E000
E000
E000
C000
C000
E000
E000
7000
7870
3FF0
0FC0
0700
0700
0700
0200
ENDCHAR
STARTCHAR sterling
ENCODING 163
SWIDTH 600 0
DWIDTH 18 0
BBX 16 21 1 0
BITMAP
03FC
07FF
0E07
0E02
1C00
1C00
1C00
1C00
1C00
7FE0
FFF0
1C00
1C00
1C00
1C00
1C00
1C00
1C00
1C00
FFFF
FFFF
ENDCHAR
STARTCHAR currency
ENCODING 164
SWIDTH 600 0
DWIDTH 18 0
BBX 16 16 1 -1
BITMAP
C3C3
6FF6
3FFC
381C
700E
700E
6006
6006
6006
600E
700E
381C
3C3C
7FFE
E7E7
4002
ENDCHAR
STARTCHAR yen
ENCODING 165
SWIDTH 600 0
DWIDTH 18 0
BBX 16 21 1 0
BITMAP
C003
E007
700E
700E
381C
1C38
0E78
0E70
07E0
7FFE
7FFE
0180
0180
0180
7FFE
7FFE
0180
0180
0180
0180
0180
ENDCHAR
STARTCHAR brokenbar
ENCODING 166
SWIDTH 270 0
DWIDTH 8 0
BBX 2 27 3 -6
BITMAP
C0
C0
C0
C0
C0
C0
C0
C0
C0
C0
00
00
00
00
00
00
C0
C0
C0
C0
C0
C0
C0
C0
C0
C0
40
ENDCHAR
STARTCHAR section
ENCODING 167
SWIDTH 551 0
DWIDTH 17 0
BBX 14 27 1 -6
BITMAP
0FF0
1FFC
381C
3000
7000
7000
3800
3C00
7E00
6FC0
E3F0
E0F8
E03C
701C
7C0C
1F0C
0FCC
03FC
0078
0038
0038
0038
0038
4038
7DF0
7FE0
0700
ENDCHAR
STARTCHAR dieresis
ENCODING 168
SWIDTH 478 0
DWIDTH 14 0
BBX 8 3 3 18
BITMAP
E3
E7
E3
ENDCHAR
STARTCHAR copyright
ENCODING 169
SWIDTH 815 0
DWIDTH 24 0
BBX 22 21 1 0
BITMAP
01FF00
0703C0
0C00E0
180030
307C10
61FF18
63C308
43800C
C3000C
C70004
C70004
C70004
43000C
43800C
61C308
21FF18
307C10
180030
0C00E0
070380
01FE00
ENDCHAR
STARTCHAR ordfeminine
ENCODING 170
SWIDTH 330 0
DWIDTH 10 0
BBX 8 9 1 12
BITMAP
FE
47
03
1F
FF
C3
C7
FF
33
ENDCHAR
STARTCHAR guillemotleft
ENCODING 171
SWIDTH 453 0
DWIDTH 14 0
BBX 10 10 2 3
BITMAP
30C0
31C0
7180
E380
E700
E700
E380
7180
31C0
30C0
ENDCHAR
STARTCHAR logicalnot
ENCODING 172
SWIDTH 600 0
DWIDTH 18 0
BBX 15 9 1 4
BITMAP
7FFE
FFFE
0006
0006
0006
0006
0006
0006
0006
ENDCHAR
STARTCHAR uni00AD
ENCODING 173
SWIDTH 427 0
DWIDTH 13 0
BBX 9 2 2 7
BITMAP
FF80
FF80
ENDCHAR
STARTCHAR registered
ENCODING 174
SWIDTH 815 0
DWIDTH 24 0
BBX 22 21 1 0
BITMAP
01FF00
0703C0
0C00E0
180030
31FC10
61FF18
618308
41830C
C1830C
C18704
C1FE04
C1FC04
41860C
41860C
618708
218318
318310
180030
0C00E0
070380
01FE00
ENDCHAR
STARTCHAR macron
ENCODING 175
SWIDTH 507 0
DWIDTH 15 0
BBX 9 1 3 19
BITMAP
FF80
ENDCHAR
STARTCHAR degree
ENCODING 176
SWIDTH 373 0
DWIDTH 11 0
BBX 9 9 1 12
BITMAP
3E00
7300
C180
C180
C180
C180
6300
3F00
0800
ENDCHAR
STARTCHAR plusminus
ENCODING 177
SWIDTH 600 0
DWIDTH 18 0
BBX 16 16 1 0
BITMAP
0180
0180
0180
0180
0180
7FFE
FFFF
0180
0180
0180
0180
0180
0000
0000
FFFF
7FFE
ENDCHAR
STARTCHAR uni00B2
ENCODING 178
SWIDTH 380 0
DWIDTH 11 0
BBX 9 13 1 8
BITMAP
3C00
7F00
C700
0380
0300
0300
0700
0E00
1C00
3800
7000
7F80
FF80
ENDCHAR
STARTCHAR uni00B3
ENCODING 179
SWIDTH 380 0
DWIDTH 11 0
BBX 9 13 1 8
BITMAP
3E00
7F00
E380
0380
0380
0F00
3E00
1F00
0180
0180
C380
FF00
7E00
ENDCHAR
STARTCHAR acute
ENCODING 180
SWIDTH 361 0
DWIDTH 11 0
BBX 5 7 3 16
BITMAP
18
38
30
60
60
C0
80
ENDCHAR
STARTCHAR uni00B5
ENCODING 181
SWIDTH 600 0
DWIDTH 18 0
BBX 12 21 3 -6
BITMAP
C030
C030
C030
C030
C030
C030
C030
C030
C030
C030
E070
E070
F0F0
FFB0
DF30
C000
C000
C000
C000
C000
4000
ENDCHAR
STARTCHAR paragraph
ENCODING 182
SWIDTH 596 0
DWIDTH 18 0
BBX 14 27 1 -6
BITMAP
1FFC
3FFC
7F0C
7F0C
FF0C
FF0C
FF0C
FF0C
7F0C
7F0C
3F0C
0F0C
030C
030C
030C
030C
030C
030C
030C
030C
030C
030C
030C
030C
030C
030C
0104
ENDCHAR
STARTCHAR periodcentered
ENCODING 183
SWIDTH 233 0
DWIDTH 7 0
BBX 3 4 2 6
BITMAP
60
E0
E0
40
ENDCHAR
STARTCHAR cedilla
ENCODING 184
SWIDTH 407 0
DWIDTH 12 0
BBX 6 7 3 -6
BITMAP
20
20
78
2C
0C
FC
70
ENDCHAR
STARTCHAR uni00B9
ENCODING 185
SWIDTH 380 0
DWIDTH 11 0
BBX 8 13 2 8
BITMAP
08
3C
FC
DC
1C
1C
1C
1C
1C
1C
1C
FF
FF
ENDCHAR
STARTCHAR ordmasculine
ENCODING 186
SWIDTH 342 0
DWIDTH 10 0
BBX 9 9 1 12
BITMAP
7E00
E300
C300
C180
C180
C300
C300
7E00
1800
ENDCHAR
STARTCHAR guillemotright
ENCODING 187
SWIDTH 453 0
DWIDTH 14 0
BBX 10 10 2 3
BITMAP
C600
C300
E380
7180
71C0
71C0
7180
E380
E300
C700
ENDCHAR
STARTCHAR onequarter
ENCODING 188
SWIDTH 898 0
DWIDTH 27 0
BBX 24 23 2 -1
BITMAP
000060
080060
3C00E0
FC00C0
DC0180
1C0380
1C0300
1C0700
1C0600
1C0E0C
1C0C0E
1C181E
FF383E
FF303E
00706E
0060CE
00E0CE
01C18E
0183FF
0381FF
03000E
07000C
020000
ENDCHAR
STARTCHAR onehalf
ENCODING 189
SWIDTH 942 0
DWIDTH 28 0
BBX 25 23 2 -1
BITMAP
00006000
08006000
3C00E000
FC00C000
DC018000
1C038000
1C030000
1C070000
1C060000
1C0E3C00
1C0CFF00
1C18C700
FF380300
FF300300
00700300
00600600
00E00E00
01C01C00
01803800
03807000
0300FF80
0700FF80
02000000
ENDCHAR
STARTCHAR threequarters
ENCODING 190
SWIDTH 898 0
DWIDTH 27 0
BBX 25 23 1 -1
BITMAP
00003000
3E003000
7F007000
E3806000
0380C000
0381C000
0F018000
3E038000
1F030000
01870600
01860700
C38C0F00
FF1C1F00
7E181F00
00383700
00306700
00706700
00E0C700
00C1FF80
01C0FF80
01800700
03800600
01000000
ENDCHAR
STARTCHAR questiondown
ENCODING 191
SWIDTH 447 0
DWIDTH 13 0
BBX 12 21 1 -6
BITMAP
0600
0F00
0F00
0600
0000
0000
0600
0600
0600
0C00
1C00
3800
7000
E000
E000
E000
E000
E070
FFF0
7FC0
0E00
ENDCHAR
STARTCHAR Agrave
ENCODING 192
SWIDTH 733 0
DWIDTH 22 0
BBX 20 28 1 0
BITMAP
030000
038000
018000
00C000
004000
000000
000000
006000
00F000
00F000
01F800
019800
039C00
031C00
070E00
070E00
060600
0E0700
0C0300
1C0380
1FFF80
3FFFC0
3FFFC0
7000E0
7000E0
600060
E00070
C00030
ENDCHAR
STARTCHAR Aacute
ENCODING 193
SWIDTH 733 0
DWIDTH 22 0
BBX 20 28 1 0
BITMAP
000E00
001C00
001800
003000
003000
000000
000000
006000
00F000
00F000
01F800
019800
039C00
031C00
070E00
070E00
060600
0E0700
0C0300
1C0380
1FFF80
3FFFC0
3FFFC0
7000E0
7000E0
600060
E00070
C00030
ENDCHAR
STARTCHAR Acircumflex
ENCODING 194
SWIDTH 733 0
DWIDTH 22 0
BBX 20 28 1 0
BITMAP
00F000
00F000
019800
030C00
030C00
000000
000000
006000
00F000
00F000
01F800
019800
039C00
031C00
070E00
070E00
060600
0E0700
0C0300
1C0380
1FFF80
3FFFC0
3FFFC0
7000E0
7000E0
600060
E00070
C00030
ENDCHAR
STARTCHAR Atilde
ENCODING 195
SWIDTH 733 0
DWIDTH 22 0
BBX 20 28 1 0
BITMAP
010100
07C300
0EF700
083E00
080800
000000
000000
006000
00F000
00F000
01F800
019800
039C00
031C00
070E00
070E00
060600
0E0700
0C0300
1C0380
1FFF80
3FFFC0
3FFFC0
7000E0
7000E0
600060
E00070
C00030
ENDCHAR
STARTCHAR Adieresis
ENCODING 196
SWIDTH 733 0
DWIDTH 22 0
BBX 20 27 1 0
BITMAP
038C00
039C00
039C00
000000
000000
000000
006000
00F000
00F000
01F800
019800
039C00
031C00
070E00
070E00
060600
0E0700
0C0300
1C0380
1FFF80
3FFFC0
3FFFC0
7000E0
7000E0
600060
E00070
C00030
ENDCHAR
STARTCHAR Aring
ENCODING 197
SWIDTH 733 0
DWIDTH 22 0
BBX 20 30 1 0
BITMAP
006000
01F800
010800
030C00
030C00
019800
00F000
000000
000000
006000
00F000
00F000
01F800
019800
039C00
031C00
070E00
070E00
060600
0E0700
0C0300
1C0380
1FFF80
3FFFC0
3FFFC0
7000E0
7000E0
600060
E00070
C00030
ENDCHAR
STARTCHAR AE
ENCODING 198
SWIDTH 984 0
DWIDTH 30 0
BBX 28 21 0 0
BITMAP
000FFFF0
001FFFF0
001E0000
003F0000
00770000
00730000
00E30000
00C38000
01C38000
0383FFE0
0381FFF0
07018000
0601C000
0FFFC000
1FFFC000
1FFFC000
3800C000
3000E000
7000E000
E0007FF0
E0007FF0
ENDCHAR
STARTCHAR Ccedilla
ENCODING 199
SWIDTH 675 0
DWIDTH 20 0
BBX 17 27 2 -6
BITMAP
07FC00
0FFF00
3E0780
380180
700000
700000
E00000
E00000
E00000
E00000
E00000
E00000
E00000
E00000
E00000
700000
780000
3C0380
1F0F80
0FFF00
03FC00
00C000
00F000
00B800
001800
01F800
00E000
ENDCHAR
STARTCHAR Egrave
ENCODING 200
SWIDTH 586 0
DWIDTH 18 0
BBX 13 28 3 0
BITMAP
3800
1800
0C00
0E00
0600
0000
0000
FFF8
FFF8
C000
C000
C000
C000
C000
C000
C000
FFF0
FFF8
C000
C000
C000
C000
C000
C000
C000
C000
FFF8
FFF8
ENDCHAR
STARTCHAR Eacute
ENCODING 201
SWIDTH 586 0
DWIDTH 18 0
BBX 13 28 3 0
BITMAP
0060
00E0
01C0
0180
0300
0000
0000
FFF8
FFF8
C000
C000
C000
C000
C000
C000
C000
FFF0
FFF8
C000
C000
C000
C000
C000
C000
C000
C000
FFF8
FFF8
ENDCHAR
STARTCHAR Ecircumflex
ENCODING 202
SWIDTH 586 0
DWIDTH 18 0
BBX 13 28 3 0
BITMAP
0700
0F80
0CC0
18E0
3060
0000
0000
FFF8
FFF8
C000
C000
C000
C000
C000
C000
C000
FFF0
FFF8
C000
C000
C000
C000
C000
C000
C000
C000
FFF8
FFF8
ENDCHAR
STARTCHAR Edieresis
ENCODING 203
SWIDTH 586 0
DWIDTH 18 0
BBX 13 27 3 0
BITMAP
18E0
1CE0
18E0
0000
0000
0000
FFF8
FFF8
C000
C000
C000
C000
C000
C000
C000
FFF0
FFF8
C000
C000
C000
C000
C000
C000
C000
C000
FFF8
FFF8
ENDCHAR
STARTCHAR Igrave
ENCODING 204
SWIDTH 262 0
DWIDTH 8 0
BBX 6 28 -1 0
BITMAP
E0
70
30
18
18
00
00
0C
0C
0C
0C
0C
0C
0C
0C
0C
0C
0C
0C
0C
0C
0C
0C
0C
0C
0C
0C
0C
ENDCHAR
STARTCHAR Iacute
ENCODING 205
SWIDTH 262 0
DWIDTH 8 0
BBX 5 28 3 0
BITMAP
18
38
30
60
C0
00
00
C0
C0
C0
C0
C0
C0
C0
C0
C0
C0
C0
C0
C0
C0
C0
C0
C0
C0
C0
C0
C0
ENDCHAR
STARTCHAR Icircumflex
ENCODING 206
SWIDTH 262 0
DWIDTH 8 0
BBX 8 28 0 0
BITMAP
3C
3C
66
C3
C3
00
00
18
18
18
18
18
18
18
18
18
18
18
18
18
18
18
18
18
18
18
18
18
ENDCHAR
STARTCHAR Idieresis
ENCODING 207
SWIDTH 262 0
DWIDTH 8 0
BBX 8 27 0 0
BITMAP
C7
E7
E7
00
00
00
18
18
18
18
18
18
18
18
18
18
18
18
18
18
18
18
18
18
18
18
18
ENDCHAR
STARTCHAR Eth
ENCODING 208
SWIDTH 747 0
DWIDTH 22 0
BBX 21 21 0 0
BITMAP
1FFC00
1FFF00
180FC0
1801E0
1800E0
180070
180070
180070
180038
FFE038
FFE038
180038
180038
180070
180070
180070
1800E0
1801E0
180FC0
1FFF00
1FFC00
ENDCHAR
STARTCHAR Ntilde
ENCODING 209
SWIDTH 741 0
DWIDTH 22 0
BBX 17 28 3 0
BITMAP
040400
1F0400
3BFC00
30F800
202000
000000
000000
C00380
E00380
F00380
F00380
F80380
DC0380
CE0380
CE0380
C70380
C38380
C1C380
C1C380
C0E380
C07380
C03B80
C03B80
C01F80
C00F80
C00780
C00780
C00380
ENDCHAR
STARTCHAR Ograve
ENCODING 210
SWIDTH 771 0
DWIDTH 23 0
BBX 19 28 2 0
BITMAP
060000
070000
038000
01C000
00C000
000000
000000
07FC00
1FFF00
3E0F80
380380
7001C0
7001E0
E000E0
E000E0
E000E0
E000E0
E000E0
E000E0
E000E0
E000E0
E000E0
7001C0
7001C0
380380
1E0F80
0FFE00
07FC00
ENDCHAR
STARTCHAR Oacute
ENCODING 211
SWIDTH 771 0
DWIDTH 23 0
BBX 19 28 2 0
BITMAP
000C00
001C00
003800
003000
006000
000000
000000
07FC00
1FFF00
3E0F80
380380
7001C0
7001E0
E000E0
E000E0
E000E0
E000E0
E000E0
E000E0
E000E0
E000E0
E000E0
7001C0
7001C0
380380
1E0F80
0FFE00
07FC00
ENDCHAR
STARTCHAR Ocircumflex
ENCODING 212
SWIDTH 771 0
DWIDTH 23 0
BBX 19 28 2 0
BITMAP
00E000
01F000
03B800
031800
060C00
000000
000000
07FC00
1FFF00
3E0F80
380380
7001C0
7001E0
E000E0
E000E0
E000E0
E000E0
E000E0
E000E0
E000E0
E000E0
E000E0
7001C0
7001C0
380380
1E0F80
0FFE00
07FC00
ENDCHAR
STARTCHAR Otilde
ENCODING 213
SWIDTH 771 0
DWIDTH 23 0
BBX 19 28 2 0
BITMAP
020300
0FC300
0CF600
187E00
180800
000000
000000
07FC00
1FFF00
3E0F80
380380
7001C0
7001E0
E000E0
E000E0
E000E0
E000E0
E000E0
E000E0
E000E0
E000E0
E000E0
7001C0
7001C0
380380
1E0F80
0FFE00
07FC00
ENDCHAR
STARTCHAR Odieresis
ENCODING 214
SWIDTH 771 0
DWIDTH 23 0
BBX 19 27 2 0
BITMAP
031800
071C00
031800
000000
000000
000000
07FC00
1FFF00
3E0F80
380380
7001C0
7001E0
E000E0
E000E0
E000E0
E000E0
E000E0
E000E0
E000E0
E000E0
E000E0
7001C0
7001C0
380380
1E0F80
0FFE00
07FC00
ENDCHAR
STARTCHAR multiply
ENCODING 215
SWIDTH 600 0
DWIDTH 18 0
BBX 14 13 2 2
BITMAP
E01C
7038
3870
1CE0
0EC0
0780
0300
0780
0CC0
1860
3030
6018
C00C
ENDCHAR
STARTCHAR Oslash
ENCODING 216
SWIDTH 771 0
DWIDTH 23 0
BBX 19 24 2 -1
BITMAP
000100
000180
07FF80
1FFF00
3E0F80
380F80
700DC0
701DE0
E018E0
E038E0
E070E0
E060E0
E0E0E0
E0C0E0
E1C0E0
E180E0
E300E0
7701C0
7601C0
3E0380
1E0F80
1FFE00
3FFC00
300000
ENDCHAR
STARTCHAR Ugrave
ENCODING 217
SWIDTH 731 0
DWIDTH 22 0
BBX 18 28 2 0
BITMAP
0E0000
070000
030000
018000
018000
000000
000000
E00180
E001C0
E001C0
E001C0
E001C0
E001C0
E001C0
E001C0
E001C0
E001C0
E001C0
E001C0
E001C0
E001C0
600180
700380
700380
780700
3E1F00
1FFE00
07F800
ENDCHAR
STARTCHAR Uacute
ENCODING 218
SWIDTH 731 0
DWIDTH 22 0
BBX 18 28 2 0
BITMAP
001C00
003800
003000
006000
006000
000000
000000
E00180
E001C0
E001C0
E001C0
E001C0
E001C0
E001C0
E001C0
E001C0
E001C0
E001C0
E001C0
E001C0
E001C0
600180
700380
700380
780700
3E1F00
1FFE00
07F800
ENDCHAR
STARTCHAR Ucircumflex
ENCODING 219
SWIDTH 731 0
DWIDTH 22 0
BBX 18 28 2 0
BITMAP
01E000
01E000
033000
061800
061800
000000
000000
E00180
E001C0
E001C0
E001C0
E001C0
E001C0
E001C0
E001C0
E001C0
E001C0
E001C0
E001C0
E001C0
E001C0
600180
700380
700380
780700
3E1F00
1FFE00
07F800
ENDCHAR
STARTCHAR Udieresis
ENCODING 220
SWIDTH 731 0
DWIDTH 22 0
BBX 18 27 2 0
BITMAP
061800
073800
073800
000000
000000
000000
E00180
E001C0
E001C0
E001C0
E001C0
E001C0
E001C0
E001C0
E001C0
E001C0
E001C0
E001C0
E001C0
E001C0
600180
700380
700380
780700
3E1F00
1FFE00
07F800
ENDCHAR
STARTCHAR Yacute
ENCODING 221
SWIDTH 601 0
DWIDTH 18 0
BBX 18 28 0 0
BITMAP
001C00
003800
003000
006000
006000
000000
000000
E001C0
700380
780780
380700
1C0E00
0E1C00
0F1C00
073800
03F000
03F000
01E000
00C000
00C000
00C000
00C000
00C000
00C000
00C000
00C000
00C000
00C000
ENDCHAR
STARTCHAR Thorn
ENCODING 222
SWIDTH 639 0
DWIDTH 19 0
BBX 15 21 3 0
BITMAP
C000
C000
C000
C000
FFF0
FFFC
C01C
C00E
C00E
C00E
C00E
C00E
C00E
C01C
FFFC
FFF0
C000
C000
C000
C000
C000
ENDCHAR
STARTCHAR germandbls
ENCODING 223
SWIDTH 624 0
DWIDTH 19 0
BBX 16 21 2 0
BITMAP
1FE0
3FF0
7070
7030
E030
E070
E0E0
E1C0
E380
E380
E380
E380
E1F0
E0FC
E03E
E007
E007
E007
E607
E7FE
E3FC
ENDCHAR
STARTCHAR agrave
ENCODING 224
SWIDTH 533 0
DWIDTH 16 0
BBX 12 23 2 0
BITMAP
3000
3800
1800
1C00
0C00
0600
0400
0000
1F80
7FC0
F0E0
4070
0070
0070
01F0
7FF0
F070
E070
C070
C070
E0F0
7FF0
3F70
ENDCHAR
STARTCHAR aacute
ENCODING 225
SWIDTH 533 0
DWIDTH 16 0
BBX 12 23 2 0
BITMAP
00C0
00C0
01C0
0180
0300
0300
0200
0000
1F80
7FC0
F0E0
4070
0070
0070
01F0
7FF0
F070
E070
C070
C070
E0F0
7FF0
3F70
ENDCHAR
STARTCHAR acircumflex
ENCODING 226
SWIDTH 533 0
DWIDTH 16 0
BBX 12 23 2 0
BITMAP
0600
0F00
0F80
1980
18C0
30C0
2040
0000
1F80
7FC0
F0E0
4070
0070
0070
01F0
7FF0
F070
E070
C070
C070
E0F0
7FF0
3F70
ENDCHAR
STARTCHAR atilde
ENCODING 227
SWIDTH 533 0
DWIDTH 16 0
BBX 12 22 2 0
BITMAP
1830
3E20
67E0
43C0
0000
0000
0000
1F80
7FC0
F0E0
4070
0070
0070
01F0
7FF0
F070
E070
C070
C070
E0F0
7FF0
3F70
ENDCHAR
STARTCHAR adieresis
ENCODING 228
SWIDTH 533 0
DWIDTH 16 0
BBX 12 21 2 0
BITMAP
38C0
39C0
38C0
0000
0000
0000
1F80
7FC0
F0E0
4070
0070
0070
01F0
7FF0
F070
E070
C070
C070
E0F0
7FF0
3F70
ENDCHAR
STARTCHAR aring
ENCODING 229
SWIDTH 533 0
DWIDTH 16 0
BBX 12 23 2 0
BITMAP
0F80
1880
10C0
10C0
1880
0F80
0200
0000
1F80
7FC0
F0E0
4070
0070
0070
01F0
7FF0
F070
E070
C070
C070
E0F0
7FF0
3F70
ENDCHAR
STARTCHAR ae
ENCODING 230
SWIDTH 862 0
DWIDTH 26 0
BBX 23 15 2 0
BITMAP
1F83E0
7FCFF0
F0FE38
40781C
00780C
00700E
00700E
7FFFFE
F07000
E07000
C07000
C07800
E0DC0C
7F8FFC
3F07F8
ENDCHAR
STARTCHAR ccedilla
ENCODING 231
SWIDTH 465 0
DWIDTH 14 0
BBX 12 21 1 -6
BITMAP
07C0
1FF0
3E70
7010
7000
6000
E000
E000
E000
E000
7000
7000
3830
1FF0
0FE0
0300
03C0
02E0
0060
07C0
0780
ENDCHAR
STARTCHAR egrave
ENCODING 232
SWIDTH 534 0
DWIDTH 16 0
BBX 14 23 1 0
BITMAP
1800
1C00
0C00
0600
0600
0300
0100
0000
07C0
1FF0
3C70
7018
7018
601C
E01C
FFFC
E000
E000
6000
7000
381C
1FF8
0FF0
ENDCHAR
STARTCHAR eacute
ENCODING 233
SWIDTH 534 0
DWIDTH 16 0
BBX 14 23 1 0
BITMAP
0030
0070
00E0
00C0
01C0
0180
0100
0000
07C0
1FF0
3C70
7018
7018
601C
E01C
FFFC
E000
E000
6000
7000
381C
1FF8
0FF0
ENDCHAR
STARTCHAR ecircumflex
ENCODING 234
SWIDTH 534 0
DWIDTH 16 0
BBX 14 23 1 0
BITMAP
0380
0380
06C0
0EC0
0C60
1830
0820
0000
07C0
1FF0
3C70
7018
7018
601C
E01C
FFFC
E000
E000
6000
7000
381C
1FF8
0FF0
ENDCHAR
STARTCHAR edieresis
ENCODING 235
SWIDTH 534 0
DWIDTH 16 0
BBX 14 21 1 0
BITMAP
0C60
1C70
0C60
0000
0000
0000
07C0
1FF0
3C70
7018
7018
601C
E01C
FFFC
E000
E000
6000
7000
381C
1FF8
0FF0
ENDCHAR
STARTCHAR igrave
ENCODING 236
SWIDTH 237 0
DWIDTH 7 0
BBX 6 23 -1 0
BITMAP
C0
E0
70
30
38
18
08
00
08
1C
1C
1C
1C
1C
1C
1C
1C
1C
1C
1C
1C
1C
1C
ENDCHAR
STARTCHAR iacute
ENCODING 237
SWIDTH 237 0
DWIDTH 7 0
BBX 6 23 2 0
BITMAP
0C
1C
18
30
30
60
40
00
40
E0
E0
E0
E0
E0
E0
E0
E0
E0
E0
E0
E0
E0
E0
ENDCHAR
STARTCHAR icircumflex
ENCODING 238
SWIDTH 237 0
DWIDTH 7 0
BBX 9 23 -1 0
BITMAP
1C00
1C00
3600
3700
6300
C180
4100
0000
0800
1C00
1C00
1C00
1C00
1C00
1C00
1C00
1C00
1C00
1C00
1C00
1C00
1C00
1C00
ENDCHAR
STARTCHAR idieresis
ENCODING 239
SWIDTH 237 0
DWIDTH 7 0
BBX 9 21 -1 0
BITMAP
6300
E380
6300
0000
0000
0000
0800
1C00
1C00
1C00
1C00
1C00
1C00
1C00
1C00
1C00
1C00
1C00
1C00
1C00
1C00
ENDCHAR
STARTCHAR eth
ENCODING 240
SWIDTH 565 0
DWIDTH 17 0
BBX 15 21 1 0
BITMAP
1E38
0FF8
03C0
0FE0
3C70
1038
0018
011C
1FEC
3FFC
783C
701E
E01E
E00E
E00C
E00C
601C
701C
3838
3FF0
0FE0
ENDCHAR
STARTCHAR ntilde
ENCODING 241
SWIDTH 572 0
DWIDTH 17 0
BBX 13 22 2 0
BITMAP
1C10
3E30
63E0
61E0
0000
0000
0000
43C0
EFF0
FCF0
F038
E038
E038
E038
E038
E038
E038
E038
E038
E038
E038
E038
ENDCHAR
STARTCHAR ograve
ENCODING 242
SWIDTH 560 0
DWIDTH 17 0
BBX 14 23 1 0
BITMAP
1800
1C00
0C00
0600
0600
0300
0100
0000
07C0
1FF0
3CF8
703C
701C
601C
E00C
E00C
E00C
E00C
701C
701C
3838
1FF0
0FE0
ENDCHAR
STARTCHAR oacute
ENCODING 243
SWIDTH 560 0
DWIDTH 17 0
BBX 14 23 1 0
BITMAP
0020
0070
00E0
00C0
01C0
0180
0100
0000
07C0
1FF0
3CF8
703C
701C
601C
E00C
E00C
E00C
E00C
701C
701C
3838
1FF0
0FE0
ENDCHAR
STARTCHAR ocircumflex
ENCODING 244
SWIDTH 560 0
DWIDTH 17 0
BBX 14 23 1 0
BITMAP
0380
0380
06C0
0EC0
0C60
1830
0820
0000
07C0
1FF0
3CF8
703C
701C
601C
E00C
E00C
E00C
E00C
701C
701C
3838
1FF0
0FE0
ENDCHAR
STARTCHAR otilde
ENCODING 245
SWIDTH 560 0
DWIDTH 17 0
BBX 14 22 1 0
BITMAP
0E18
1F18
33F0
30F0
0000
0000
0000
07C0
1FF0
3CF8
703C
701C
601C
E00C
E00C
E00C
E00C
701C
701C
3838
1FF0
0FE0
ENDCHAR
STARTCHAR odieresis
ENCODING 246
SWIDTH 560 0
DWIDTH 17 0
BBX 14 21 1 0
BITMAP
0C60
1C70
0C60
0000
0000
0000
07C0
1FF0
3CF8
703C
701C
601C
E00C
E00C
E00C
E00C
701C
701C
3838
1FF0
0FE0
ENDCHAR
STARTCHAR divide
ENCODING 247
SWIDTH 600 0
DWIDTH 18 0
BBX 16 15 1 1
BITMAP
0180
0380
0180
0000
0000
0000
7FFE
FFFF
0000
0000
0000
0000
0180
0380
0180
ENDCHAR
STARTCHAR oslash
ENCODING 248
SWIDTH 560 0
DWIDTH 17 0
BBX 14 17 1 -1
BITMAP
0018
07D8
1FF0
3CF8
707C
70DC
60DC
E18C
E38C
E30C
E60C
761C
7C1C
3C38
1FF0
3FE0
3000
ENDCHAR
STARTCHAR ugrave
ENCODING 249
SWIDTH 565 0
DWIDTH 17 0
BBX 13 23 2 0
BITMAP
3000
3800
1800
0C00
0C00
0600
0200
0000
4030
E038
E038
E038
E038
E038
E038
E038
E038
E038
E038
E078
70F8
7FF8
3F38
ENDCHAR
STARTCHAR uacute
ENCODING 250
SWIDTH 565 0
DWIDTH 17 0
BBX 13 23 2 0
BITMAP
0060
00E0
00C0
0180
0380
0300
0200
0000
4030
E038
E038
E038
E038
E038
E038
E038
E038
E038
E038
E078
70F8
7FF8
3F38
ENDCHAR
STARTCHAR ucircumflex
ENCODING 251
SWIDTH 565 0
DWIDTH 17 0
BBX 13 23 2 0
BITMAP
0700
0700
0D80
1D80
18C0
3060
1040
0000
4030
E038
E038
E038
E038
E038
E038
E038
E038
E038
E038
E078
70F8
7FF8
3F38
ENDCHAR
STARTCHAR udieresis
ENCODING 252
SWIDTH 565 0
DWIDTH 17 0
BBX 13 21 2 0
BITMAP
18C0
38E0
18C0
0000
0000
0000
4030
E038
E038
E038
E038
E038
E038
E038
E038
E038
E038
E078
70F8
7FF8
3F38
ENDCHAR
STARTCHAR yacute
ENCODING 253
SWIDTH 517 0
DWIDTH 16 0
BBX 14 29 1 -6
BITMAP
0060
00E0
00C0
01C0
0180
0300
0100
0000
C008
E01C
E018
6038
7038
7070
3870
3860
18E0
1CC0
0DC0
0FC0
0F80
0780
0700
0700
0600
0E00
0E00
1C00
0800
ENDCHAR
STARTCHAR thorn
ENCODING 254
SWIDTH 587 0
DWIDTH 18 0
BBX 14 27 2 -6
BITMAP
E000
E000
E000
E000
E000
E000
E3C0
EFF0
FCF8
F038
F01C
E01C
E01C
E00C
E01C
E01C
E01C
F03C
F878
EFF0
E7E0
E000
E000
E000
E000
E000
4000
ENDCHAR
STARTCHAR ydieresis
ENCODING 255
SWIDTH 517 0
DWIDTH 16 0
BBX 14 27 1 -6
BITMAP
18E0
1CE0
18E0
0000
0000
0000
C008
E01C
E018
6038
7038
7070
3870
3860
18E0
1CC0
0DC0
0FC0
0F80
0780
0700
0700
0600
0E00
0E00
1C00
0800
ENDCHAR
STARTCHAR Amacron
ENCODING 256
SWIDTH 733 0
DWIDTH 22 0
BBX 20 26 1 0
BITMAP
07FE00
03FC00
000000
000000
000000
006000
00F000
00F000
01F800
019800
039C00
031C00
070E00
070E00
060600
0E0700
0C0300
1C0380
1FFF80
3FFFC0
3FFFC0
7000E0
7000E0
600060
E00070
C00030
ENDCHAR
STARTCHAR amacron
ENCODING 257
SWIDTH 533 0
DWIDTH 16 0
BBX 12 20 2 0
BITMAP
3FE0
0000
0000
0000
0000
1F80
7FC0
F0E0
4070
0070
0070
01F0
7FF0
F070
E070
C070
C070
E0F0
7FF0
3F70
ENDCHAR
STARTCHAR Abreve
ENCODING 258
SWIDTH 733 0
DWIDTH 22 0
BBX 20 28 1 0
BITMAP
060600
060600
070E00
03FC00
01F800
000000
000000
006000
00F000
00F000
01F800
019800
039C00
031C00
070E00
070E00
060600
0E0700
0C0300
1C0380
1FFF80
3FFFC0
3FFFC0
7000E0
7000E0
600060
E00070
C00030
ENDCHAR
STARTCHAR abreve
ENCODING 259
SWIDTH 533 0
DWIDTH 16 0
BBX 12 22 2 0
BITMAP
2060
2060
30C0
39C0
1F80
0600
0000
1F80
7FC0
F0E0
4070
0070
0070
01F0
7FF0
F070
E070
C070
C070
E0F0
7FF0
3F70
ENDCHAR
STARTCHAR Aogonek
ENCODING 260
SWIDTH 733 0
DWIDTH 22 0
BBX 22 27 1 -6
BITMAP
006000
00F000
00F000
01F800
019800
039C00
031C00
070E00
070E00
060600
0E0700
0C0300
1C0380
1FFF80
3FFFC0
3FFFC0
7000E0
7000E0
600060
E00070
C00030
000060
0000C0
0000C0
0000C0
0000FC
000038
ENDCHAR
STARTCHAR aogonek
ENCODING 261
SWIDTH 533 0
DWIDTH 16 0
BBX 13 21 2 -6
BITMAP
1F80
7FC0
F0E0
4070
0070
0070
01F0
7FF0
F070
E070
C070
C070
E0F0
7FF0
3F70
00E0
00C0
0180
00C0
00F8
0078
ENDCHAR
STARTCHAR Cacute
ENCODING 262
SWIDTH 675 0
DWIDTH 20 0
BBX 17 28 2 0
BITMAP
000C00
001C00
003800
003000
006000
000000
000000
07FC00
0FFF00
3E0780
380180
700000
700000
E00000
E00000
E00000
E00000
E00000
E00000
E00000
E00000
E00000
700000
780000
3C0380
1F0F80
0FFF00
03FC00
ENDCHAR
STARTCHAR cacute
ENCODING 263
SWIDTH 465 0
DWIDTH 14 0
BBX 12 23 1 0
BITMAP
0060
0070
00E0
00C0
01C0
0180
0100
0000
07C0
1FF0
3E70
7010
7000
6000
E000
E000
E000
E000
7000
7000
3830
1FF0
0FE0
ENDCHAR
STARTCHAR Ccircumflex
ENCODING 264
SWIDTH 675 0
DWIDTH 20 0
BBX 17 28 2 0
BITMAP
00E000
01F000
01B800
031C00
060C00
000000
000000
07FC00
0FFF00
3E0780
380180
700000
700000
E00000
E00000
E00000
E00000
E00000
E00000
E00000
E00000
E00000
700000
780000
3C0380
1F0F80
0FFF00
03FC00
ENDCHAR
STARTCHAR ccircumflex
ENCODING 265
SWIDTH 465 0
DWIDTH 14 0
BBX 12 23 1 0
BITMAP
0380
0780
06C0
0EC0
0C60
1870
0820
0000
07C0
1FF0
3E70
7010
7000
6000
E000
E000
E000
E000
7000
7000
3830
1FF0
0FE0
ENDCHAR
STARTCHAR Cdotaccent
ENCODING 266
SWIDTH 675 0
DWIDTH 20 0
BBX 17 27 2 0
BITMAP
00E000
00E000
00E000
000000
000000
000000
07FC00
0FFF00
3E0780
380180
700000
700000
E00000
E00000
E00000
E00000
E00000
E00000
E00000
E00000
E00000
700000
780000
3C0380
1F0F80
0FFF00
03FC00
ENDCHAR
STARTCHAR cdotaccent
ENCODING 267
SWIDTH 465 0
DWIDTH 14 0
BBX 12 21 1 0
BITMAP
0380
0380
0380
0000
0000
0000
07C0
1FF0
3E70
7010
7000
6000
E000
E000
E000
E000
7000
7000
3830
1FF0
0FE0
ENDCHAR
STARTCHAR Ccaron
ENCODING 268
SWIDTH 675 0
DWIDTH 20 0
BBX 17 28 2 0
BITMAP
060C00
031800
01B800
01F000
00E000
000000
000000
07FC00
0FFF00
3E0780
380180
700000
700000
E00000
E00000
E00000
E00000
E00000
E00000
E00000
E00000
E00000
700000
780000
3C0380
1F0F80
0FFF00
03FC00
ENDCHAR
STARTCHAR ccaron
ENCODING 269
SWIDTH 465 0
DWIDTH 14 0
BBX 12 23 1 0
BITMAP
1830
1860
0C60
0EC0
07C0
0380
0300
0000
07C0
1FF0
3E70
7010
7000
6000
E000
E000
E000
E000
7000
7000
3830
1FF0
0FE0
ENDCHAR
STARTCHAR Dcaron
ENCODING 270
SWIDTH 747 0
DWIDTH 22 0
BBX 18 28 3 0
BITMAP
0C1800
0E3000
066000
03E000
01C000
000000
000000
FFE000
FFF800
C07E00
C00F00
C00700
C00380
C00380
C00380
C001C0
C001C0
C001C0
C001C0
C001C0
C00380
C00380
C00380
C00700
C00F00
C07E00
FFF800
FFE000
ENDCHAR
STARTCHAR dcaron
ENCODING 271
SWIDTH 587 0
DWIDTH 18 0
BBX 18 21 1 0
BITMAP
000CC0
000CC0
000C80
000C80
000C80
000C80
0F8C00
1FEC00
3CEC00
703C00
701C00
E01C00
E00C00
E00C00
E00C00
E00C00
701C00
701C00
383C00
3FEC00
0FCC00
ENDCHAR
STARTCHAR Dcroat
ENCODING 272
SWIDTH 747 0
DWIDTH 22 0
BBX 21 21 0 0
BITMAP
1FFC00
1FFF00
180FC0
1801E0
1800E0
180070
180070
180070
180038
FFE038
FFE038
180038
180038
180070
180070
180070
1800E0
1801E0
180FC0
1FFF00
1FFC00
ENDCHAR
STARTCHAR dcroat
ENCODING 273
SWIDTH 587 0
DWIDTH 18 0
BBX 17 21 1 0
BITMAP
000C00
000C00
01FF80
03FF80
000C00
000C00
078C00
1FEC00
3C6C00
703C00
701C00
601C00
E00C00
E00C00
E00C00
E00C00
701C00
701C00
383C00
3FEC00
0FCC00
ENDCHAR
STARTCHAR Emacron
ENCODING 274
SWIDTH 586 0
DWIDTH 18 0
BBX 13 26 3 0
BITMAP
3FF0
3FE0
0000
0000
0000
FFF8
FFF8
C000
C000
C000
C000
C000
C000
C000
FFF0
FFF8
C000
C000
C000
C000
C000
C000
C000
C000
FFF8
FFF8
ENDCHAR
STARTCHAR emacron
ENCODING 275
SWIDTH 534 0
DWIDTH 16 0
BBX 14 20 1 0
BITMAP
1FF0
0000
0000
0000
0000
07C0
1FF0
3C70
7018
7018
601C
E01C
FFFC
E000
E000
6000
7000
381C
1FF8
0FF0
ENDCHAR
STARTCHAR Ebreve
ENCODING 276
SWIDTH 586 0
DWIDTH 18 0
BBX 13 28 3 0
BITMAP
2030
3030
3060
1FE0
0F80
0000
0000
FFF8
FFF8
C000
C000
C000
C000
C000
C000
C000
FFF0
FFF8
C000
C000
C000
C000
C000
C000
C000
C000
FFF8
FFF8
ENDCHAR
STARTCHAR ebreve
ENCODING 277
SWIDTH 534 0
DWIDTH 16 0
BBX 14 22 1 0
BITMAP
1830
1830
1830
0C60
07C0
0100
0000
07C0
1FF0
3C70
7018
7018
601C
E01C
FFFC
E000
E000
6000
7000
381C
1FF8
0FF0
ENDCHAR
STARTCHAR Edotaccent
ENCODING 278
SWIDTH 586 0
DWIDTH 18 0
BBX 13 27 3 0
BITMAP
0700
0700
0300
0000
0000
0000
FFF8
FFF8
C000
C000
C000
C000
C000
C000
C000
FFF0
FFF8
C000
C000
C000
C000
C000
C000
C000
C000
FFF8
FFF8
ENDCHAR
STARTCHAR edotaccent
ENCODING 279
SWIDTH 534 0
DWIDTH 16 0
BBX 14 21 1 0
BITMAP
0380
0380
0380
0000
0000
0000
07C0
1FF0
3C70
7018
7018
601C
E01C
FFFC
E000
E000
6000
7000
381C
1FF8
0FF0
ENDCHAR
STARTCHAR Eogonek
ENCODING 280
SWIDTH 586 0
DWIDTH 18 0
BBX 14 27 3 -6
BITMAP
FFF8
FFF8
C000
C000
C000
C000
C000
C000
C000
FFF0
FFF8
C000
C000
C000
C000
C000
C000
C000
C000
FFF8
FFF8
0060
00C0
00C0
00C0
00FC
0038
ENDCHAR
STARTCHAR eogonek
ENCODING 281
SWIDTH 534 0
DWIDTH 16 0
BBX 14 21 1 -6
BITMAP
07C0
1FF0
3C70
7018
7018
601C
E01C
FFFC
E000
E000
6000
7000
381C
1FF8
0FF0
0180
0300
0300
0300
03F0
00E0
ENDCHAR
STARTCHAR Ecaron
ENCODING 282
SWIDTH 586 0
DWIDTH 18 0
BBX 13 28 3 0
BITMAP
3060
18E0
0DC0
0F80
0700
0000
0000
FFF8
FFF8
C000
C000
C000
C000
C000
C000
C000
FFF0
FFF8
C000
C000
C000
C000
C000
C000
C000
C000
FFF8
FFF8
ENDCHAR
STARTCHAR ecaron
ENCODING 283
SWIDTH 534 0
DWIDTH 16 0
BBX 14 23 1 0
BITMAP
1830
1860
0C60
06C0
06C0
0380
0300
0000
07C0
1FF0
3C70
7018
7018
601C
E01C
FFFC
E000
E000
6000
7000
381C
1FF8
0FF0
ENDCHAR
STARTCHAR Gcircumflex
ENCODING 284
SWIDTH 729 0
DWIDTH 22 0
BBX 18 28 2 0
BITMAP
00F000
01F000
019800
031C00
060C00
000000
000000
07FE00
0FFF80
3E0780
380180
700000
700000
E00000
E00000
E00000
E00000
E03F80
E03FC0
E001C0
E001C0
E001C0
7001C0
7001C0
3C01C0
1F07C0
0FFF80
03FF00
ENDCHAR
STARTCHAR gcircumflex
ENCODING 285
SWIDTH 590 0
DWIDTH 18 0
BBX 15 29 1 -6
BITMAP
0180
03C0
07C0
0660
0C60
0C30
0810
0000
078C
1FEE
3C7E
703E
701E
E00E
E00E
E00E
E00E
601E
701E
783E
3FEE
1FCE
030E
000C
001C
201C
7EF8
3FF0
0780
ENDCHAR
STARTCHAR Gbreve
ENCODING 286
SWIDTH 729 0
DWIDTH 22 0
BBX 18 28 2 0
BITMAP
040600
060600
060C00
03FC00
01F800
000000
000000
07FE00
0FFF80
3E0780
380180
700000
700000
E00000
E00000
E00000
E00000
E03F80
E03FC0
E001C0
E001C0
E001C0
7001C0
7001C0
3C01C0
1F07C0
0FFF80
03FF00
ENDCHAR
STARTCHAR gbreve
ENCODING 287
SWIDTH 590 0
DWIDTH 18 0
BBX 15 28 1 -6
BITMAP
1818
1810
0C30
0E70
07E0
0180
0000
078C
1FEE
3C7E
703E
701E
E00E
E00E
E00E
E00E
601E
701E
783E
3FEE
1FCE
030E
000C
001C
201C
7EF8
3FF0
0780
ENDCHAR
STARTCHAR Gdotaccent
ENCODING 288
SWIDTH 729 0
DWIDTH 22 0
BBX 18 27 2 0
BITMAP
006000
00E000
006000
000000
000000
000000
07FE00
0FFF80
3E0780
380180
700000
700000
E00000
E00000
E00000
E00000
E03F80
E03FC0
E001C0
E001C0
E001C0
7001C0
7001C0
3C01C0
1F07C0
0FFF80
03FF00
ENDCHAR
STARTCHAR gdotaccent
ENCODING 289
SWIDTH 590 0
DWIDTH 18 0
BBX 15 27 1 -6
BITMAP
0180
03C0
0180
0000
0000
0000
078C
1FEE
3C7E
703E
701E
E00E
E00E
E00E
E00E
601E
701E
783E
3FEE
1FCE
030E
000C
001C
201C
7EF8
3FF0
0780
ENDCHAR
STARTCHAR uni0122
ENCODING 290
SWIDTH 729 0
DWIDTH 22 0
BBX 18 29 2 -8
BITMAP
07FE00
0FFF80
3E0780
380180
700000
700000
E00000
E00000
E00000
E00000
E03F80
E03FC0
E001C0
E001C0
E001C0
7001C0
7001C0
3C01C0
1F07C0
0FFF80
03FF00
000000
000000
006000
00F000
007000
003000
006000
006000
ENDCHAR
STARTCHAR uni0123
ENCODING 291
SWIDTH 590 0
DWIDTH 18 0
BBX 15 29 1 -6
BITMAP
0080
0180
0100
0380
03C0
0180
0000
0000
078C
1FEE
3C7E
703E
701E
E00E
E00E
E00E
E00E
601E
701E
783E
3FEE
1FCE
030E
000C
001C
201C
7EF8
3FF0
0780
ENDCHAR
STARTCHAR Hcircumflex
ENCODING 292
SWIDTH 764 0
DWIDTH 23 0
BBX 17 28 3 0
BITMAP
01C000
03E000
077000
063000
0C1800
000000
000000
C00180
C00180
C00180
C00180
C00180
C00180
C00180
C00180
C00180
FFFF80
FFFF80
C00180
C00180
C00180
C00180
C00180
C00180
C00180
C00180
C00180
C00180
ENDCHAR
STARTCHAR hcircumflex
ENCODING 293
SWIDTH 572 0
DWIDTH 17 0
BBX 13 28 2 0
BITMAP
0700
0F80
1DC0
18C0
3060
0000
0000
E000
E000
E000
E000
E000
E000
E3C0
EFF0
FCF0
F038
E038
E038
E038
E038
E038
E038
E038
E038
E038
E038
E038
ENDCHAR
STARTCHAR Hbar
ENCODING 294
SWIDTH 802 0
DWIDTH 24 0
BBX 24 21 0 0
BITMAP
1C0038
1C0038
1C0038
7FFFFE
FFFFFF
1C0038
1C0038
1C0038
1C0038
1FFFF8
1FFFF8
1FFFF8
1C0038
1C0038
1C0038
1C0038
1C0038
1C0038
1C0038
1C0038
1C0038
ENDCHAR
STARTCHAR hbar
ENCODING 295
SWIDTH 572 0
DWIDTH 17 0
BBX 16 21 -1 0
BITMAP
1C00
1C00
7FE0
FFF0
1C00
1C00
1C78
1DFE
1F9E
1E07
1C07
1C07
1C07
1C07
1C07
1C07
1C07
1C07
1C07
1C07
1C07
ENDCHAR
STARTCHAR Itilde
ENCODING 296
SWIDTH 262 0
DWIDTH 8 0
BBX 12 28 -2 0
BITMAP
3010
7C30
EF70
83E0
8080
0000
0000
0600
0600
0600
0600
0600
0600
0600
0600
0600
0600
0600
0600
0600
0600
0600
0600
0600
0600
0600
0600
0600
ENDCHAR
STARTCHAR itilde
ENCODING 297
SWIDTH 237 0
DWIDTH 7 0
BBX 11 22 -2 0
BITMAP
3860
7C60
C7C0
C3C0
0000
0000
0000
0400
0E00
0E00
0E00
0E00
0E00
0E00
0E00
0E00
0E00
0E00
0E00
0E00
0E00
0E00
ENDCHAR
STARTCHAR Imacron
ENCODING 298
SWIDTH 262 0
DWIDTH 8 0
BBX 10 26 -1 0
BITMAP
FFC0
FF80
0000
0000
0000
0C00
0C00
0C00
0C00
0C00
0C00
0C00
0C00
0C00
0C00
0C00
0C00
0C00
0C00
0C00
0C00
0C00
0C00
0C00
0C00
0C00
ENDCHAR
STARTCHAR imacron
ENCODING 299
SWIDTH 237 0
DWIDTH 7 0
BBX 9 20 -1 0
BITMAP
FF80
0000
0000
0000
0000
0800
1C00
1C00
1C00
1C00
1C00
1C00
1C00
1C00
1C00
1C00
1C00
1C00
1C00
1C00
ENDCHAR
STARTCHAR Ibreve
ENCODING 300
SWIDTH 262 0
DWIDTH 8 0
BBX 10 28 -1 0
BITMAP
C0C0
C0C0
C180
7F80
3F00
0000
0000
0C00
0C00
0C00
0C00
0C00
0C00
0C00
0C00
0C00
0C00
0C00
0C00
0C00
0C00
0C00
0C00
0C00
0C00
0C00
0C00
0C00
ENDCHAR
STARTCHAR ibreve
ENCODING 301
SWIDTH 237 0
DWIDTH 7 0
BBX 9 22 -1 0
BITMAP
C180
C180
C180
6300
3E00
0800
0000
0800
1C00
1C00
1C00
1C00
1C00
1C00
1C00
1C00
1C00
1C00
1C00
1C00
1C00
1C00
ENDCHAR
STARTCHAR Iogonek
ENCODING 302
SWIDTH 262 0
DWIDTH 8 0
BBX 6 27 1 -6
BITMAP
30
30
30
30
30
30
30
30
30
30
30
30
30
30
30
30
30
30
30
30
30
60
C0
C0
C0
FC
38
ENDCHAR
STARTCHAR iogonek
ENCODING 303
SWIDTH 237 0
DWIDTH 7 0
BBX 5 27 1 -6
BITMAP
70
70
70
00
00
00
20
70
70
70
70
70
70
70
70
70
70
70
70
70
70
E0
C0
C0
C0
F8
78
ENDCHAR
STARTCHAR Idotaccent
ENCODING 304
SWIDTH 262 0
DWIDTH 8 0
BBX 4 27 2 0
BITMAP
60
F0
60
00
00
00
60
60
60
60
60
60
60
60
60
60
60
60
60
60
60
60
60
60
60
60
60
ENDCHAR
STARTCHAR dotlessi
ENCODING 305
SWIDTH 237 0
DWIDTH 7 0
BBX 3 15 2 0
BITMAP
40
E0
E0
E0
E0
E0
E0
E0
E0
E0
E0
E0
E0
E0
E0
ENDCHAR
STARTCHAR IJ
ENCODING 306
SWIDTH 593 0
DWIDTH 18 0
BBX 12 21 3 0
BITMAP
C030
C070
C070
C070
C070
C070
C070
C070
C070
C070
C070
C070
C070
C070
C070
C070
C070
C070
C0F0
CFE0
C780
ENDCHAR
STARTCHAR Jcircumflex
ENCODING 308
SWIDTH 331 0
DWIDTH 10 0
BBX 10 28 0 0
BITMAP
0F00
0F00
1980
30C0
30C0
0000
0000
0600
0600
0600
0600
0600
0600
0600
0600
0600
0600
0600
0600
0600
0600
0600
0600
0E00
0E00
1E00
FC00
F000
ENDCHAR
STARTCHAR jcircumflex
ENCODING 309
SWIDTH 241 0
DWIDTH 7 0
BBX 10 29 -2 -6
BITMAP
0E00
0F00
1B00
1980
3180
70C0
2040
0000
0600
0E00
0E00
0E00
0E00
0E00
0E00
0E00
0E00
0E00
0E00
0E00
0E00
0E00
0E00
0E00
0E00
0E00
3C00
F800
6000
ENDCHAR
STARTCHAR uni0136
ENCODING 310
SWIDTH 634 0
DWIDTH 19 0
BBX 15 29 3 -8
BITMAP
C00E
C01C
C038
C070
C0E0
C1C0
C780
CF00
DE00
FC00
F800
DE00
CF00
C780
C3C0
C1E0
C0F0
C078
C03C
C01E
C00E
0000
0000
0200
0700
0700
0300
0300
0200
ENDCHAR
STARTCHAR uni0137
ENCODING 311
SWIDTH 508 0
DWIDTH 15 0
BBX 12 29 2 -8
BITMAP
E000
E000
E000
E000
E000
E000
E020
E0F0
E1E0
E3C0
E780
EF00
FE00
FC00
FE00
EF00
E780
E3C0
E0E0
E070
E030
0000
0000
0400
0E00
0E00
0600
0600
0400
ENDCHAR
STARTCHAR kgreenlandic
ENCODING 312
SWIDTH 508 0
DWIDTH 15 0
BBX 12 15 2 0
BITMAP
4020
E0F0
E1E0
E3C0
E780
EF00
FE00
FC00
FE00
EF00
E780
E3C0
E0E0
E070
E030
ENDCHAR
STARTCHAR Lacute
ENCODING 313
SWIDTH 548 0
DWIDTH 16 0
BBX 13 28 3 0
BITMAP
1800
3800
3000
6000
C000
0000
0000
C000
C000
C000
C000
C000
C000
C000
C000
C000
C000
C000
C000
C000
C000
C000
C000
C000
C000
C000
FFF8
FFF8
ENDCHAR
STARTCHAR lacute
ENCODING 314
SWIDTH 301 0
DWIDTH 9 0
BBX 7 28 2 0
BITMAP
0C
1C
38
30
60
00
00
E0
E0
E0
E0
E0
E0
E0
E0
E0
E0
E0
E0
E0
E0
E0
E0
E0
E0
70
7E
3E
ENDCHAR
STARTCHAR uni013B
ENCODING 315
SWIDTH 548 0
DWIDTH 16 0
BBX 13 29 3 -8
BITMAP
C000
C000
C000
C000
C000
C000
C000
C000
C000
C000
C000
C000
C000
C000
C000
C000
C000
C000
C000
FFF8
FFF8
0000
0000
0600
0700
0700
0300
0200
0600
ENDCHAR
STARTCHAR uni013C
ENCODING 316
SWIDTH 301 0
DWIDTH 9 0
BBX 7 29 2 -8
BITMAP
E0
E0
E0
E0
E0
E0
E0
E0
E0
E0
E0
E0
E0
E0
E0
E0
E0
E0
70
7E
3E
00
00
10
38
38
18
18
10
ENDCHAR
STARTCHAR Lcaron
ENCODING 317
SWIDTH 548 0
DWIDTH 16 0
BBX 13 21 3 0
BITMAP
C300
C300
C300
C300
C300
C200
C200
C000
C000
C000
C000
C000
C000
C000
C000
C000
C000
C000
C000
FFF8
FFF8
ENDCHAR
STARTCHAR lcaron
ENCODING 318
SWIDTH 301 0
DWIDTH 9 0
BBX 7 21 2 0
BITMAP
EC
EC
EC
EC
EC
E8
E0
E0
E0
E0
E0
E0
E0
E0
E0
E0
E0
E0
70
7E
3E
ENDCHAR
STARTCHAR Ldot
ENCODING 319
SWIDTH 548 0
DWIDTH 16 0
BBX 13 21 3 0
BITMAP
C000
C000
C000
C000
C000
C000
C000
C000
C0E0
C1E0
C0E0
C000
C000
C000
C000
C000
C000
C000
C000
FFF8
FFF8
ENDCHAR
STARTCHAR ldot
ENCODING 320
SWIDTH 341 0
DWIDTH 9 0
BBX 9 21 2 0
BITMAP
E000
E000
E000
E000
E000
E000
E000
E000
E000
E700
E780
E700
E000
E000
E000
E000
E000
E000
7000
7E00
3E00
ENDCHAR
STARTCHAR Lslash
ENCODING 321
SWIDTH 548 0
DWIDTH 16 0
BBX 17 21 -1 0
BITMAP
0C0000
0C0000
0C0000
0C0000
0C0000
0C0000
0C7000
0DF000
0FC000
0F0000
3E0000
7C0000
EC0000
0C0000
0C0000
0C0000
0C0000
0C0000
0C0000
0FFF80
0FFF80
ENDCHAR
STARTCHAR lslash
ENCODING 322
SWIDTH 301 0
DWIDTH 9 0
BBX 10 21 -1 0
BITMAP
1C00
1C00
1C00
1C00
1C00
1C00
1C00
1D80
1F80
1F00
3E00
7C00
FC00
1C00
1C00
1C00
1C00
1C00
0E00
0FC0
07C0
ENDCHAR
STARTCHAR Nacute
ENCODING 323
SWIDTH 741 0
DWIDTH 22 0
BBX 17 28 3 0
BITMAP
003800
003000
006000
00E000
00C000
000000
000000
C00380
E00380
F00380
F00380
F80380
DC0380
CE0380
CE0380
C70380
C38380
C1C380
C1C380
C0E380
C07380
C03B80
C03B80
C01F80
C00F80
C00780
C00780
C00380
ENDCHAR
STARTCHAR nacute
ENCODING 324
SWIDTH 572 0
DWIDTH 17 0
BBX 13 23 2 0
BITMAP
0060
00E0
00C0
01C0
0180
0300
0200
0000
43C0
EFF0
FCF0
F038
E038
E038
E038
E038
E038
E038
E038
E038
E038
E038
E038
ENDCHAR
STARTCHAR uni0145
ENCODING 325
SWIDTH 741 0
DWIDTH 22 0
BBX 17 29 3 -8
BITMAP
C00380
E00380
F00380
F00380
F80380
DC0380
CE0380
CE0380
C70380
C38380
C1C380
C1C380
C0E380
C07380
C03B80
C03B80
C01F80
C00F80
C00780
C00780
C00380
000000
000000
018000
03C000
01C000
00C000
008000
018000
ENDCHAR
STARTCHAR uni0146
ENCODING 326
SWIDTH 572 0
DWIDTH 17 0
BBX 13 23 2 -8
BITMAP
43C0
EFF0
FCF0
F038
E038
E038
E038
E038
E038
E038
E038
E038
E038
E038
E038
0000
0000
0200
0700
0700
0300
0300
0200
ENDCHAR
STARTCHAR Ncaron
ENCODING 327
SWIDTH 741 0
DWIDTH 22 0
BBX 17 28 3 0
BITMAP
0C1800
0E3000
066000
03C000
03C000
000000
000000
C00380
E00380
F00380
F00380
F80380
DC0380
CE0380
CE0380
C70380
C38380
C1C380
C1C380
C0E380
C07380
C03B80
C03B80
C01F80
C00F80
C00780
C00780
C00380
ENDCHAR
STARTCHAR ncaron
ENCODING 328
SWIDTH 572 0
DWIDTH 17 0
BBX 13 23 2 0
BITMAP
3060
1860
18C0
0D80
0D80
0700
0300
0000
43C0
EFF0
FCF0
F038
E038
E038
E038
E038
E038
E038
E038
E038
E038
E038
E038
ENDCHAR
STARTCHAR napostrophe
ENCODING 329
SWIDTH 572 0
DWIDTH 17 0
BBX 16 23 -1 0
BITMAP
6000
F000
7000
2000
6000
6000
0000
0000
0878
1DFE
1F9E
1E07
1C07
1C07
1C07
1C07
1C07
1C07
1C07
1C07
1C07
1C07
1C07
ENDCHAR
STARTCHAR Eng
ENCODING 330
SWIDTH 741 0
DWIDTH 22 0
BBX 17 27 3 -6
BITMAP
C00380
E00380
F00380
F00380
F80380
DC0380
CE0380
CE0380
C70380
C38380
C1C380
C1C380
C0E380
C07380
C03B80
C03B80
C01F80
C00F80
C00780
C00780
C00380
000380
000380
000300
000F00
003E00
003000
ENDCHAR
STARTCHAR eng
ENCODING 331
SWIDTH 572 0
DWIDTH 17 0
BBX 13 21 2 -6
BITMAP
43C0
EFF0
FCF0
F038
E038
E038
E038
E038
E038
E038
E038
E038
E038
E038
E038
0038
0038
0038
00F0
03E0
0180
ENDCHAR
STARTCHAR Omacron
ENCODING 332
SWIDTH 771 0
DWIDTH 23 0
BBX 19 26 2 0
BITMAP
0FFE00
07FC00
000000
000000
000000
07FC00
1FFF00
3E0F80
380380
7001C0
7001E0
E000E0
E000E0
E000E0
E000E0
E000E0
E000E0
E000E0
E000E0
E000E0
7001C0
7001C0
380380
1E0F80
0FFE00
07FC00
ENDCHAR
STARTCHAR omacron
ENCODING 333
SWIDTH 560 0
DWIDTH 17 0
BBX 14 20 1 0
BITMAP
1FF0
0000
0000
0000
0000
07C0
1FF0
3CF8
703C
701C
601C
E00C
E00C
E00C
E00C
701C
701C
3838
1FF0
0FE0
ENDCHAR
STARTCHAR Obreve
ENCODING 334
SWIDTH 771 0
DWIDTH 23 0
BBX 19 28 2 0
BITMAP
0C0600
040400
060C00
03F800
01F000
000000
000000
07FC00
1FFF00
3E0F80
380380
7001C0
7001E0
E000E0
E000E0
E000E0
E000E0
E000E0
E000E0
E000E0
E000E0
E000E0
7001C0
7001C0
380380
1E0F80
0FFE00
07FC00
ENDCHAR
STARTCHAR obreve
ENCODING 335
SWIDTH 560 0
DWIDTH 17 0
BBX 14 22 1 0
BITMAP
1030
1830
1830
0C60
07C0
0100
0000
07C0
1FF0
3CF8
703C
701C
601C
E00C
E00C
E00C
E00C
701C
701C
3838
1FF0
0FE0
ENDCHAR
STARTCHAR Ohungarumlaut
ENCODING 336
SWIDTH 771 0
DWIDTH 23 0
BBX 19 28 2 0
BITMAP
006600
006600
00CC00
008800
019800
000000
000000
07FC00
1FFF00
3E0F80
380380
7001C0
7001E0
E000E0
E000E0
E000E0
E000E0
E000E0
E000E0
E000E0
E000E0
E000E0
7001C0
7001C0
380380
1E0F80
0FFE00
07FC00
ENDCHAR
STARTCHAR ohungarumlaut
ENCODING 337
SWIDTH 560 0
DWIDTH 17 0
BBX 14 23 1 0
BITMAP
0330
0330
0330
0660
0660
0660
0440
0000
07C0
1FF0
3CF8
703C
701C
601C
E00C
E00C
E00C
E00C
701C
701C
3838
1FF0
0FE0
ENDCHAR
STARTCHAR OE
ENCODING 338
SWIDTH 1049 0
DWIDTH 31 0
BBX 28 21 2 0
BITMAP
03FFFFF0
0FFFFFF0
1F038000
3C038000
70038000
70038000
E0038000
E0038000
E0038000
E003FFE0
E003FFF0
E0038000
E0038000
E0038000
E0038000
70038000
78038000
3C038000
1F838000
0FFFFFF0
03FFFFF0
ENDCHAR
STARTCHAR oe
ENCODING 339
SWIDTH 911 0
DWIDTH 27 0
BBX 25 15 1 0
BITMAP
07C07800
1FE1FE00
3CF38700
703F0300
701E0380
601E0180
E00C0180
E00FFF80
E00C0000
E00E0000
701E0000
701F0000
383F8380
3FF3FF80
0FC0FE00
ENDCHAR
STARTCHAR Racute
ENCODING 340
SWIDTH 673 0
DWIDTH 20 0
BBX 16 28 3 0
BITMAP
0070
0060
00E0
01C0
0180
0000
0000
FFF0
FFF8
C03C
C00E
C00E
C00E
C00E
C00E
C00E
C03C
FFF8
FFF0
C0E0
C070
C038
C038
C01C
C01E
C00E
C007
C007
ENDCHAR
STARTCHAR racute
ENCODING 341
SWIDTH 365 0
DWIDTH 11 0
BBX 9 23 2 0
BITMAP
0180
0380
0300
0600
0600
0C00
0800
0000
4380
EF80
FE00
F000
E000
E000
E000
E000
E000
E000
E000
E000
E000
E000
E000
ENDCHAR
STARTCHAR uni0156
ENCODING 342
SWIDTH 673 0
DWIDTH 20 0
BBX 16 29 3 -8
BITMAP
FFF0
FFF8
C03C
C00E
C00E
C00E
C00E
C00E
C00E
C03C
FFF8
FFF0
C0E0
C070
C038
C038
C01C
C01E
C00E
C007
C007
0000
0000
0300
0380
0380
0180
0100
0300
ENDCHAR
STARTCHAR uni0157
ENCODING 343
SWIDTH 365 0
DWIDTH 11 0
BBX 9 23 2 -8
BITMAP
4380
EF80
FE00
F000
E000
E000
E000
E000
E000
E000
E000
E000
E000
E000
E000
0000
0000
4000
E000
E000
6000
6000
4000
ENDCHAR
STARTCHAR Rcaron
ENCODING 344
SWIDTH 673 0
DWIDTH 20 0
BBX 16 28 3 0
BITMAP
1830
1C60
0EC0
07C0
0380
0000
0000
FFF0
FFF8
C03C
C00E
C00E
C00E
C00E
C00E
C00E
C03C
FFF8
FFF0
C0E0
C070
C038
C038
C01C
C01E
C00E
C007
C007
ENDCHAR
STARTCHAR rcaron
ENCODING 345
SWIDTH 365 0
DWIDTH 11 0
BBX 9 23 2 0
BITMAP
C180
6180
6300
3600
3600
1C00
0C00
0000
4380
EF80
FE00
F000
E000
E000
E000
E000
E000
E000
E000
E000
E000
E000
E000
ENDCHAR
STARTCHAR Sacute
ENCODING 346
SWIDTH 618 0
DWIDTH 19 0
BBX 16 28 1 0
BITMAP
0018
0038
0070
0060
00C0
0000
0000
0FF8
1FFE
3C0F
7802
7000
7000
7000
7000
7800
3F80
1FF8
03FE
001F
0007
0007
0003
0007
6007
FC1E
7FFC
0FF8
ENDCHAR
STARTCHAR sacute
ENCODING 347
SWIDTH 483 0
DWIDTH 14 0
BBX 12 23 1 0
BITMAP
0060
00E0
00C0
0180
0180
0300
0200
0000
0F80
3FE0
7870
7000
6000
7000
7C00
3FC0
07E0
0070
0030
0030
E070
7FE0
3FC0
ENDCHAR
STARTCHAR Scircumflex
ENCODING 348
SWIDTH 618 0
DWIDTH 19 0
BBX 16 28 1 0
BITMAP
01C0
03E0
0770
0630
0C18
0000
0000
0FF8
1FFE
3C0F
7802
7000
7000
7000
7000
7800
3F80
1FF8
03FE
001F
0007
0007
0003
0007
6007
FC1E
7FFC
0FF8
ENDCHAR
STARTCHAR scircumflex
ENCODING 349
SWIDTH 483 0
DWIDTH 14 0
BBX 12 23 1 0
BITMAP
0700
0700
0D80
0D80
18C0
3060
1040
0000
0F80
3FE0
7870
7000
6000
7000
7C00
3FC0
07E0
0070
0030
0030
E070
7FE0
3FC0
ENDCHAR
STARTCHAR Scedilla
ENCODING 350
SWIDTH 618 0
DWIDTH 19 0
BBX 16 27 1 -6
BITMAP
0FF8
1FFE
3C0F
7802
7000
7000
7000
7000
7800
3F80
1FF8
03FE
001F
0007
0007
0003
0007
6007
FC1E
7FFC
0FF8
0180
01E0
0170
0030
03F0
01C0
ENDCHAR
STARTCHAR scedilla
ENCODING 351
SWIDTH 483 0
DWIDTH 14 0
BBX 12 21 1 -6
BITMAP
0F80
3FE0
7870
7000
6000
7000
7C00
3FC0
07E0
0070
0030
0030
E070
7FE0
3FC0
0600
0780
05C0
00C0
0F80
0F00
ENDCHAR
STARTCHAR Scaron
ENCODING 352
SWIDTH 618 0
DWIDTH 19 0
BBX 16 28 1 0
BITMAP
0C18
0630
0770
03E0
01C0
0000
0000
0FF8
1FFE
3C0F
7802
7000
7000
7000
7000
7800
3F80
1FF8
03FE
001F
0007
0007
0003
0007
6007
FC1E
7FFC
0FF8
ENDCHAR
STARTCHAR scaron
ENCODING 353
SWIDTH 483 0
DWIDTH 14 0
BBX 12 23 1 0
BITMAP
3060
18C0
18C0
0D80
0D80
0700
0700
0000
0F80
3FE0
7870
7000
6000
7000
7C00
3FC0
07E0
0070
0030
0030
E070
7FE0
3FC0
ENDCHAR
STARTCHAR uni0162
ENCODING 354
SWIDTH 607 0
DWIDTH 18 0
BBX 18 27 0 -6
BITMAP
FFFFC0
FFFFC0
00E000
00E000
00E000
00E000
00E000
00E000
00E000
00E000
00E000
00E000
00E000
00E000
00E000
00E000
00E000
00E000
00E000
00E000
00C000
00C000
00E000
00B000
001800
03F000
01E000
ENDCHAR
STARTCHAR uni0163
ENCODING 355
SWIDTH 358 0
DWIDTH 11 0
BBX 11 25 0 -6
BITMAP
1C00
1C00
1C00
1C00
FFC0
FFC0
1C00
1C00
1C00
1C00
1C00
1C00
1C00
1C00
1C00
1C00
1E00
0FE0
07E0
0600
0780
05C0
00C0
0FC0
0700
ENDCHAR
STARTCHAR Tcaron
ENCODING 356
SWIDTH 607 0
DWIDTH 18 0
BBX 18 28 0 0
BITMAP
060C00
071800
033000
01E000
01E000
000000
000000
FFFFC0
FFFFC0
00E000
00E000
00E000
00E000
00E000
00E000
00E000
00E000
00E000
00E000
00E000
00E000
00E000
00E000
00E000
00E000
00E000
00E000
00C000
ENDCHAR
STARTCHAR tcaron
ENCODING 357
SWIDTH 358 0
DWIDTH 11 0
BBX 11 21 0 0
BITMAP
00C0
00C0
1C80
1C80
1C80
1C00
FFC0
FFC0
1C00
1C00
1C00
1C00
1C00
1C00
1C00
1C00
1C00
1C00
1E00
0FE0
07E0
ENDCHAR
STARTCHAR Tbar
ENCODING 358
SWIDTH 607 0
DWIDTH 18 0
BBX 18 21 0 0
BITMAP
FFFFC0
FFFFC0
00E000
00E000
00E000
00E000
00E000
00E000
00E000
0FFE00
1FFE00
00E000
00E000
00E000
00E000
00E000
00E000
00E000
00E000
00E000
00C000
ENDCHAR
STARTCHAR tbar
ENCODING 359
SWIDTH 358 0
DWIDTH 11 0
BBX 11 19 0 0
BITMAP
1C00
1C00
1C00
1C00
FFC0
FFC0
1C00
1C00
1C00
1C00
7F80
1C00
1C00
1C00
1C00
1C00
1E00
0FE0
07E0
ENDCHAR
STARTCHAR Utilde
ENCODING 360
SWIDTH 731 0
DWIDTH 22 0
BBX 18 28 2 0
BITMAP
020200
0F8600
1DEE00
107C00
101000
000000
000000
E00180
E001C0
E001C0
E001C0
E001C0
E001C0
E001C0
E001C0
E001C0
E001C0
E001C0
E001C0
E001C0
E001C0
600180
700380
700380
780700
3E1F00
1FFE00
07F800
ENDCHAR
STARTCHAR utilde
ENCODING 361
SWIDTH 565 0
DWIDTH 17 0
BBX 13 22 2 0
BITMAP
1C30
3E30
67E0
61E0
0000
0000
0000
4030
E038
E038
E038
E038
E038
E038
E038
E038
E038
E038
E078
70F8
7FF8
3F38
ENDCHAR
STARTCHAR Umacron
ENCODING 362
SWIDTH 731 0
DWIDTH 22 0
BBX 18 26 2 0
BITMAP
0FFC00
07F800
000000
000000
000000
E00180
E001C0
E001C0
E001C0
E001C0
E001C0
E001C0
E001C0
E001C0
E001C0
E001C0
E001C0
E001C0
E001C0
600180
700380
700380
780700
3E1F00
1FFE00
07F800
ENDCHAR
STARTCHAR umacron
ENCODING 363
SWIDTH 565 0
DWIDTH 17 0
BBX 13 20 2 0
BITMAP
3FE0
0000
0000
0000
0000
4030
E038
E038
E038
E038
E038
E038
E038
E038
E038
E038
E078
70F8
7FF8
3F38
ENDCHAR
STARTCHAR Ubreve
ENCODING 364
SWIDTH 731 0
DWIDTH 22 0
BBX 18 28 2 0
BITMAP
0C0C00
0C0C00
0E1C00
07F800
03F000
000000
000000
E00180
E001C0
E001C0
E001C0
E001C0
E001C0
E001C0
E001C0
E001C0
E001C0
E001C0
E001C0
E001C0
E001C0
600180
700380
700380
780700
3E1F00
1FFE00
07F800
ENDCHAR
STARTCHAR ubreve
ENCODING 365
SWIDTH 565 0
DWIDTH 17 0
BBX 13 22 2 0
BITMAP
3060
3060
3060
18C0
0F80
0200
0000
4030
E038
E038
E038
E038
E038
E038
E038
E038
E038
E038
E078
70F8
7FF8
3F38
ENDCHAR
STARTCHAR Uring
ENCODING 366
SWIDTH 731 0
DWIDTH 22 0
BBX 18 30 2 0
BITMAP
00C000
03F000
021000
061800
061800
033000
01E000
000000
000000
E00180
E001C0
E001C0
E001C0
E001C0
E001C0
E001C0
E001C0
E001C0
E001C0
E001C0
E001C0
E001C0
E001C0
600180
700380
700380
780700
3E1F00
1FFE00
07F800
ENDCHAR
STARTCHAR uring
ENCODING 367
SWIDTH 565 0
DWIDTH 17 0
BBX 13 23 2 0
BITMAP
0F80
18C0
10C0
10C0
18C0
0F80
0200
0000
4030
E038
E038
E038
E038
E038
E038
E038
E038
E038
E038
E078
70F8
7FF8
3F38
ENDCHAR
STARTCHAR Uhungarumlaut
ENCODING 368
SWIDTH 731 0
DWIDTH 22 0
BBX 18 28 2 0
BITMAP
00E600
00CC00
01DC00
019800
033000
000000
000000
E00180
E001C0
E001C0
E001C0
E001C0
E001C0
E001C0
E001C0
E001C0
E001C0
E001C0
E001C0
E001C0
E001C0
600180
700380
700380
780700
3E1F00
1FFE00
07F800
ENDCHAR
STARTCHAR uhungarumlaut
ENCODING 369
SWIDTH 565 0
DWIDTH 17 0
BBX 13 23 2 0
BITMAP
0660
0660
0660
0CC0
0CC0
0CC0
0880
0000
4030
E038
E038
E038
E038
E038
E038
E038
E038
E038
E038
E078
70F8
7FF8
3F38
ENDCHAR
STARTCHAR Uogonek
ENCODING 370
SWIDTH 731 0
DWIDTH 22 0
BBX 18 27 2 -6
BITMAP
E00180
E001C0
E001C0
E001C0
E001C0
E001C0
E001C0
E001C0
E001C0
E001C0
E001C0
E001C0
E001C0
E001C0
600180
700380
700380
780700
3E1F00
1FFE00
07F800
00C000
018000
018000
018000
01F000
007000
ENDCHAR
STARTCHAR uogonek
ENCODING 371
SWIDTH 565 0
DWIDTH 17 0
BBX 14 21 2 -6
BITMAP
4030
E038
E038
E038
E038
E038
E038
E038
E038
E038
E038
E078
70F8
7FF8
3F38
0060
0040
00C0
00C0
007C
0038
ENDCHAR
STARTCHAR Wcircumflex
ENCODING 372
SWIDTH 1104 0
DWIDTH 33 0
BBX 31 28 1 0
BITMAP
00038000
0007C000
000EE000
000C6000
00183000
00000000
00000000
E003800E
E003800E
7003C00C
7007C01C
3006C01C
3806E018
380EE038
180C6038
1C1C7030
1C1C7070
0C183070
0E383860
0E3838E0
063018E0
07701DC0
07700DC0
03600D80
03E00F80
03E00780
01C00700
01C00700
ENDCHAR
STARTCHAR wcircumflex
ENCODING 373
SWIDTH 844 0
DWIDTH 25 0
BBX 23 23 1 0
BITMAP
003800
003C00
006C00
006600
00C600
01C300
008100
000000
C01806
E03806
E03C0E
707C0E
707C0C
306E1C
38E618
38C638
18C738
1DC330
1D8370
0D83F0
0F81E0
0701E0
0700C0
ENDCHAR
STARTCHAR Ycircumflex
ENCODING 374
SWIDTH 601 0
DWIDTH 18 0
BBX 18 28 0 0
BITMAP
01E000
01E000
033000
061800
061800
000000
000000
E001C0
700380
780780
380700
1C0E00
0E1C00
0F1C00
073800
03F000
03F000
01E000
00C000
00C000
00C000
00C000
00C000
00C000
00C000
00C000
00C000
00C000
ENDCHAR
STARTCHAR ycircumflex
ENCODING 375
SWIDTH 517 0
DWIDTH 16 0
BBX 14 29 1 -6
BITMAP
0300
0780
0F80
0CC0
18C0
1860
1020
0000
C008
E01C
E018
6038
7038
7070
3870
3860
18E0
1CC0
0DC0
0FC0
0F80
0780
0700
0700
0600
0E00
0E00
1C00
0800
ENDCHAR
STARTCHAR Ydieresis
ENCODING 376
SWIDTH 601 0
DWIDTH 18 0
BBX 18 27 0 0
BITMAP
061800
073800
073800
000000
000000
000000
E001C0
700380
780780
380700
1C0E00
0E1C00
0F1C00
073800
03F000
03F000
01E000
00C000
00C000
00C000
00C000
00C000
00C000
00C000
00C000
00C000
00C000
ENDCHAR
STARTCHAR Zacute
ENCODING 377
SWIDTH 593 0
DWIDTH 18 0
BBX 16 28 1 0
BITMAP
0038
0030
0060
00E0
00C0
0000
0000
FFFF
FFFF
000E
001E
001C
0038
0070
0070
00E0
01C0
03C0
0380
0700
0E00
0E00
1C00
3800
7800
7000
FFFF
7FFF
ENDCHAR
STARTCHAR zacute
ENCODING 378
SWIDTH 466 0
DWIDTH 14 0
BBX 12 23 1 0
BITMAP
00C0
00C0
01C0
0180
0300
0300
0200
0000
7FE0
FFF0
0070
00E0
01C0
0380
0300
0700
0E00
1C00
1800
3800
7000
FFF0
7FF0
ENDCHAR
STARTCHAR Zdotaccent
ENCODING 379
SWIDTH 593 0
DWIDTH 18 0
BBX 16 27 1 0
BITMAP
01C0
01C0
0180
0000
0000
0000
FFFF
FFFF
000E
001E
001C
0038
0070
0070
00E0
01C0
03C0
0380
0700
0E00
0E00
1C00
3800
7800
7000
FFFF
7FFF
ENDCHAR
STARTCHAR zdotaccent
ENCODING 380
SWIDTH 466 0
DWIDTH 14 0
BBX 12 21 1 0
BITMAP
0700
0700
0600
0000
0000
0000
7FE0
FFF0
0070
00E0
01C0
0380
0300
0700
0E00
1C00
1800
3800
7000
FFF0
7FF0
ENDCHAR
STARTCHAR Zcaron
ENCODING 381
SWIDTH 593 0
DWIDTH 18 0
BBX 16 28 1 0
BITMAP
0C18
0E30
0760
03E0
01C0
0000
0000
FFFF
FFFF
000E
001E
001C
0038
0070
0070
00E0
01C0
03C0
0380
0700
0E00
0E00
1C00
3800
7800
7000
FFFF
7FFF
ENDCHAR
STARTCHAR zcaron
ENCODING 382
SWIDTH 466 0
DWIDTH 14 0
BBX 12 23 1 0
BITMAP
3040
30C0
18C0
1980
0F80
0F00
0600
0000
7FE0
FFF0
0070
00E0
01C0
0380
0300
0700
0E00
1C00
1800
3800
7000
FFF0
7FF0
ENDCHAR
STARTCHAR uni0181
ENCODING 385
SWIDTH 809 0
DWIDTH 24 0
BBX 22 21 0 0
BITMAP
3FFFE0
7FFFF0
E38078
E3801C
C3801C
C3801C
C3801C
03801C
038038
03FFF0
03FFF0
0380F8
03801C
03801C
03800C
03800C
03800C
03801C
03807C
03FFF8
01FFE0
ENDCHAR
STARTCHAR uni018A
ENCODING 394
SWIDTH 877 0
DWIDTH 26 0
BBX 25 21 0 0
BITMAP
3FFFC000
7FFFF000
E380FC00
E3801E00
C3800E00
C3800F00
C3800700
03800700
03800700
03800380
03800380
03800380
03800700
03800700
03800700
03800F00
03800E00
03803C00
0381F800
03FFF000
01FFC000
ENDCHAR
STARTCHAR uni018F
ENCODING 399
SWIDTH 771 0
DWIDTH 23 0
BBX 19 21 2 0
BITMAP
0FFC00
3FFE00
780F80
600380
0001C0
0001C0
0000E0
0000E0
0000E0
FFFFE0
FFFFE0
FFFFE0
E000E0
E000E0
E000E0
7001C0
7001C0
380380
3E0F80
0FFE00
07FC00
ENDCHAR
STARTCHAR florin
ENCODING 402
SWIDTH 600 0
DWIDTH 18 0
BBX 16 27 1 -6
BITMAP
001F
003F
0070
0070
00E0
00E0
07FC
0FFE
00C0
01C0
01C0
01C0
01C0
0180
0380
0380
0380
0300
0700
0700
0700
0700
0600
0E00
7C00
F800
E000
ENDCHAR
STARTCHAR Ohorn
ENCODING 416
SWIDTH 771 0
DWIDTH 23 0
BBX 19 25 2 0
BITMAP
000060
000060
000060
0000E0
07FFC0
1FFF00
3E0F80
380380
7001C0
7001E0
E000E0
E000E0
E000E0
E000E0
E000E0
E000E0
E000E0
E000E0
E000E0
7001C0
7001C0
380380
1E0F80
0FFE00
07FC00
ENDCHAR
STARTCHAR ohorn
ENCODING 417
SWIDTH 560 0
DWIDTH 17 0
BBX 15 19 1 0
BITMAP
0004
000E
000E
000C
07FC
1FF0
3CF8
703C
701C
601C
E00C
E00C
E00C
E00C
701C
701C
3838
1FF0
0FE0
ENDCHAR
STARTCHAR Uhorn
ENCODING 431
SWIDTH 731 0
DWIDTH 22 0
BBX 21 25 2 0
BITMAP
000018
000038
000038
000070
E001E0
E001C0
E001C0
E001C0
E001C0
E001C0
E001C0
E001C0
E001C0
E001C0
E001C0
E001C0
E001C0
E001C0
600180
700380
700380
780700
3E1F00
1FFE00
07F800
ENDCHAR
STARTCHAR uhorn
ENCODING 432
SWIDTH 565 0
DWIDTH 17 0
BBX 16 19 2 0
BITMAP
0001
0003
0003
0007
401E
E03C
E038
E038
E038
E038
E038
E038
E038
E038
E038
E078
70F8
7FF8
3F38
ENDCHAR
STARTCHAR uni01B3
ENCODING 435
SWIDTH 614 0
DWIDTH 18 0
BBX 20 21 0 0
BITMAP
E001F0
7003F0
780780
380700
1C0E00
0E1C00
0F1C00
073800
03F000
03F000
01E000
00C000
00C000
00C000
00C000
00C000
00C000
00C000
00C000
00C000
00C000
ENDCHAR
STARTCHAR uni01B4
ENCODING 436
SWIDTH 556 0
DWIDTH 17 0
BBX 17 21 1 -6
BITMAP
C00780
E01F80
E01C00
603800
703800
707000
387000
386000
18E000
1CC000
0DC000
0FC000
0F8000
078000
070000
070000
060000
0E0000
0E0000
1C0000
080000
ENDCHAR
STARTCHAR uni01C4
ENCODING 452
SWIDTH 1325 0
DWIDTH 40 0
BBX 36 28 3 0
BITMAP
000000C180
000000E300
0000006600
0000003E00
0000001C00
0000000000
0000000000
FFE00FFFF0
FFF80FFFF0
C07E0000E0
C00F0001E0
C0070001C0
C003800380
C003800700
C003800700
C001C00E00
C001C01C00
C001C03C00
C001C03800
C001C07000
C00380E000
C00380E000
C00381C000
C007038000
C00F070000
C07E070000
FFF80FFFF0
FFE00FFFF0
ENDCHAR
STARTCHAR uni01C5
ENCODING 453
SWIDTH 1213 0
DWIDTH 36 0
BBX 33 23 3 0
BITMAP
0000030600
0000018600
FFE0018C00
FFF800D800
C07E00D800
C00F007000
C007003000
C003800000
C00383FE00
C00387FF00
C001C00700
C001C00E00
C001C00C00
C001C01C00
C001C03800
C003807000
C003806000
C00380E000
C00701C000
C00F038000
C07E030000
FFF807FF80
FFE007FF80
ENDCHAR
STARTCHAR uni01C6
ENCODING 454
SWIDTH 1053 0
DWIDTH 32 0
BBX 30 23 1 0
BITMAP
00000830
00000C30
000C0C60
000C0660
000C07C0
000C03C0
000C0180
000C0000
0F8C1FF8
1FEC3FFC
3CEC0038
703C0030
701C0070
E01C00E0
E00C01C0
E00C0180
E00C0380
E00C0700
701C0E00
701C0C00
383C1C00
3FEC3FFC
0FCC3FFC
ENDCHAR
STARTCHAR uni01C7
ENCODING 455
SWIDTH 918 0
DWIDTH 28 0
BBX 22 21 3 0
BITMAP
C0001C
C0001C
C0001C
C0001C
C0001C
C0001C
C0001C
C0001C
C0001C
C0001C
C0001C
C0001C
C0001C
C0001C
C0001C
C0001C
C0001C
C0001C
C00078
FFFBF8
FFFBE0
ENDCHAR
STARTCHAR uni01C8
ENCODING 456
SWIDTH 789 0
DWIDTH 24 0
BBX 19 27 3 -6
BITMAP
C000E0
C001E0
C000C0
C00000
C00000
C00000
C000C0
C000C0
C000C0
C000C0
C000C0
C000C0
C000C0
C000C0
C000C0
C000C0
C000C0
C000C0
C000C0
FFF8C0
FFF8C0
0000C0
0000C0
0001C0
0007C0
000F80
000E00
ENDCHAR
STARTCHAR uni01C9
ENCODING 457
SWIDTH 542 0
DWIDTH 16 0
BBX 12 27 2 -6
BITMAP
E070
E070
E070
E000
E000
E000
E030
E070
E070
E070
E070
E070
E070
E070
E070
E070
E070
E070
7070
7E70
3E70
0070
0070
0070
01E0
07C0
0300
ENDCHAR
STARTCHAR uni01CA
ENCODING 458
SWIDTH 1072 0
DWIDTH 32 0
BBX 27 21 3 0
BITMAP
C00380E0
E00380E0
F00380E0
F00380E0
F80380E0
DC0380E0
CE0380E0
CE0380E0
C70380E0
C38380E0
C1C380E0
C1C380E0
C0E380E0
C07380E0
C03B80E0
C03B80E0
C01F80E0
C00F81C0
C00783C0
C0079F80
C0039F00
ENDCHAR
STARTCHAR uni01CB
ENCODING 459
SWIDTH 982 0
DWIDTH 29 0
BBX 25 27 3 -6
BITMAP
C0038700
E0038780
F0038300
F0038000
F8038000
DC038000
CE038300
CE038300
C7038300
C3838300
C1C38300
C1C38300
C0E38300
C0738300
C03B8300
C03B8300
C01F8300
C00F8300
C0078300
C0078300
C0038300
00000300
00000700
00000700
00001F00
00003E00
00003000
ENDCHAR
STARTCHAR uni01CC
ENCODING 460
SWIDTH 813 0
DWIDTH 24 0
BBX 21 27 2 -6
BITMAP
000070
000078
000070
000000
000000
000000
43C030
EFF070
FCF070
F03870
E03870
E03870
E03870
E03870
E03870
E03870
E03870
E03870
E03870
E03870
E03870
000070
000070
000070
0001E0
0007E0
000300
ENDCHAR
STARTCHAR uni01CD
ENCODING 461
SWIDTH 733 0
DWIDTH 22 0
BBX 20 28 1 0
BITMAP
030C00
030C00
019800
00F000
00F000
000000
000000
006000
00F000
00F000
01F800
019800
039C00
031C00
070E00
070E00
060600
0E0700
0C0300
1C0380
1FFF80
3FFFC0
3FFFC0
7000E0
7000E0
600060
E00070
C00030
ENDCHAR
STARTCHAR uni01CE
ENCODING 462
SWIDTH 533 0
DWIDTH 16 0
BBX 12 23 2 0
BITMAP
3040
30C0
18C0
1980
0F80
0F00
0600
0000
1F80
7FC0
F0E0
4070
0070
0070
01F0
7FF0
F070
E070
C070
C070
E0F0
7FF0
3F70
ENDCHAR
STARTCHAR uni01D4
ENCODING 468
SWIDTH 565 0
DWIDTH 17 0
BBX 13 23 2 0
BITMAP
3060
30C0
18C0
0D80
0D80
0700
0600
0000
4030
E038
E038
E038
E038
E038
E038
E038
E038
E038
E038
E078
70F8
7FF8
3F38
ENDCHAR
STARTCHAR uni01E5
ENCODING 485
SWIDTH 590 0
DWIDTH 18 0
BBX 17 21 1 -6
BITMAP
078C00
1FEE00
3C7E00
701E00
701E00
E00E00
E00E00
E00E00
E00E00
701E00
701E00
3C7E00
1FEE00
078E00
000E00
00FF80
00FF00
201C00
7EF800
3FF000
078000
ENDCHAR
STARTCHAR Gcaron
ENCODING 486
SWIDTH 729 0
DWIDTH 22 0
BBX 18 28 2 0
BITMAP
060C00
031C00
019800
01F000
00E000
000000
000000
07FE00
0FFF80
3E0780
380180
700000
700000
E00000
E00000
E00000
E00000
E03F80
E03FC0
E001C0
E001C0
E001C0
7001C0
7001C0
3C01C0
1F07C0
0FFF80
03FF00
ENDCHAR
STARTCHAR gcaron
ENCODING 487
SWIDTH 590 0
DWIDTH 18 0
BBX 15 29 1 -6
BITMAP
0810
0C30
0E60
0660
03C0
03C0
0180
0000
078C
1FEE
3C7E
703E
701E
E00E
E00E
E00E
E00E
601E
701E
783E
3FEE
1FCE
030E
000C
001C
201C
7EF8
3FF0
0780
ENDCHAR
STARTCHAR uni01E9
ENCODING 489
SWIDTH 508 0
DWIDTH 15 0
BBX 12 28 2 0
BITMAP
3060
18C0
0DC0
0F80
0700
0000
0000
E000
E000
E000
E000
E000
E000
E020
E0F0
E1E0
E3C0
E780
EF00
FE00
FC00
FE00
EF00
E780
E3C0
E0E0
E070
E030
ENDCHAR
STARTCHAR uni01EA
ENCODING 490
SWIDTH 771 0
DWIDTH 23 0
BBX 19 27 2 -6
BITMAP
07FC00
1FFF00
3E0F80
380380
7001C0
7001E0
E000E0
E000E0
E000E0
E000E0
E000E0
E000E0
E000E0
E000E0
E000E0
7001C0
7001C0
380380
1E0F80
0FFE00
07FC00
00C000
00C000
018000
00C000
00F800
007800
ENDCHAR
STARTCHAR uni01EB
ENCODING 491
SWIDTH 560 0
DWIDTH 17 0
BBX 14 21 1 -6
BITMAP
07C0
1FF0
3CF8
703C
701C
601C
E00C
E00C
E00C
E00C
701C
701C
3838
1FF0
0FE0
0300
0200
0600
0700
03E0
01C0
ENDCHAR
STARTCHAR uni01EF
ENCODING 495
SWIDTH 500 0
DWIDTH 15 0
BBX 14 29 0 -6
BITMAP
1020
1860
0CE0
0CC0
0780
0780
0300
0000
3FF8
7FF8
3FF8
0070
00E0
01C0
0380
0700
0E00
0FE0
0FF8
0038
001C
001C
001C
001C
001C
4038
FDF8
7FE0
0F80
ENDCHAR
STARTCHAR Aringacute
ENCODING 506
SWIDTH 733 0
DWIDTH 22 0
BBX 20 31 1 0
BITMAP
000300
002600
01FC00
010800
030C00
010800
019800
00F000
000000
000000
006000
00F000
00F000
01F800
019800
039C00
031C00
070E00
070E00
060600
0E0700
0C0300
1C0380
1FFF80
3FFFC0
3FFFC0
7000E0
7000E0
600060
E00070
C00030
ENDCHAR
STARTCHAR aringacute
ENCODING 507
SWIDTH 533 0
DWIDTH 16 0
BBX 12 25 2 0
BITMAP
0030
0070
0FC0
1980
10C0
10C0
1080
0F80
0600
0000
1F80
7FC0
F0E0
4070
0070
0070
01F0
7FF0
F070
E070
C070
C070
E0F0
7FF0
3F70
ENDCHAR
STARTCHAR AEacute
ENCODING 508
SWIDTH 984 0
DWIDTH 30 0
BBX 28 28 0 0
BITMAP
00006000
0000E000
0001C000
00018000
00030000
00000000
00000000
000FFFF0
001FFFF0
001E0000
003F0000
00770000
00730000
00E30000
00C38000
01C38000
0383FFE0
0381FFF0
07018000
0601C000
0FFFC000
1FFFC000
1FFFC000
3800C000
3000E000
7000E000
E0007FF0
E0007FF0
ENDCHAR
STARTCHAR aeacute
ENCODING 509
SWIDTH 862 0
DWIDTH 26 0
BBX 23 23 2 0
BITMAP
000600
000E00
000C00
001800
001800
003000
002000
000000
1F83E0
7FCFF0
F0FE38
40781C
00780C
00700E
00700E
7FFFFE
F07000
E07000
C07000
C07800
E0DC0C
7F8FFC
3F07F8
ENDCHAR
STARTCHAR Oslashacute
ENCODING 510
SWIDTH 771 0
DWIDTH 23 0
BBX 19 29 2 -1
BITMAP
000C00
001C00
003800
003000
006000
000100
000180
07FF80
1FFF00
3E0F80
380F80
700DC0
701DE0
E018E0
E038E0
E070E0
E060E0
E0E0E0
E0C0E0
E1C0E0
E180E0
E300E0
7701C0
7601C0
3E0380
1E0F80
1FFE00
3FFC00
300000
ENDCHAR
STARTCHAR oslashacute
ENCODING 511
SWIDTH 560 0
DWIDTH 17 0
BBX 14 24 1 -1
BITMAP
0020
0070
00E0
00C0
01C0
0180
0100
0018
07D8
1FF0
3CF8
707C
70DC
60DC
E18C
E38C
E30C
E60C
761C
7C1C
3C38
1FF0
3FE0
3000
ENDCHAR
STARTCHAR uni0200
ENCODING 512
SWIDTH 733 0
DWIDTH 22 0
BBX 20 28 1 0
BITMAP
0CE000
066000
077000
033000
011000
000000
000000
006000
00F000
00F000
01F800
019800
039C00
031C00
070E00
070E00
060600
0E0700
0C0300
1C0380
1FFF80
3FFFC0
3FFFC0
7000E0
7000E0
600060
E00070
C00030
ENDCHAR
STARTCHAR uni0201
ENCODING 513
SWIDTH 533 0
DWIDTH 16 0
BBX 12 23 2 0
BITMAP
6600
7700
3300
3300
1100
1980
0880
0000
1F80
7FC0
F0E0
4070
0070
0070
01F0
7FF0
F070
E070
C070
C070
E0F0
7FF0
3F70
ENDCHAR
STARTCHAR uni0202
ENCODING 514
SWIDTH 733 0
DWIDTH 22 0
BBX 20 28 1 0
BITMAP
00F000
03FC00
030E00
060600
060600
000000
000000
006000
00F000
00F000
01F800
019800
039C00
031C00
070E00
070E00
060600
0E0700
0C0300
1C0380
1FFF80
3FFFC0
3FFFC0
7000E0
7000E0
600060
E00070
C00030
ENDCHAR
STARTCHAR uni0203
ENCODING 515
SWIDTH 533 0
DWIDTH 16 0
BBX 12 22 2 0
BITMAP
0F80
1DC0
30C0
3060
2060
2020
0000
1F80
7FC0
F0E0
4070
0070
0070
01F0
7FF0
F070
E070
C070
C070
E0F0
7FF0
3F70
ENDCHAR
STARTCHAR uni0204
ENCODING 516
SWIDTH 586 0
DWIDTH 18 0
BBX 13 28 3 0
BITMAP
6600
7700
3300
1980
0880
0000
0000
FFF8
FFF8
C000
C000
C000
C000
C000
C000
C000
FFF0
FFF8
C000
C000
C000
C000
C000
C000
C000
C000
FFF8
FFF8
ENDCHAR
STARTCHAR uni0205
ENCODING 517
SWIDTH 534 0
DWIDTH 16 0
BBX 14 23 1 0
BITMAP
1B80
1980
1980
1980
0CC0
0CC0
0440
0000
07C0
1FF0
3C70
7018
7018
601C
E01C
FFFC
E000
E000
6000
7000
381C
1FF8
0FF0
ENDCHAR
STARTCHAR uni0206
ENCODING 518
SWIDTH 586 0
DWIDTH 18 0
BBX 13 28 3 0
BITMAP
0F80
1FE0
3060
3030
2030
0000
0000
FFF8
FFF8
C000
C000
C000
C000
C000
C000
C000
FFF0
FFF8
C000
C000
C000
C000
C000
C000
C000
C000
FFF8
FFF8
ENDCHAR
STARTCHAR uni0207
ENCODING 519
SWIDTH 534 0
DWIDTH 16 0
BBX 14 22 1 0
BITMAP
07C0
0EE0
1830
1830
1830
1010
0000
07C0
1FF0
3C70
7018
7018
601C
E01C
FFFC
E000
E000
6000
7000
381C
1FF8
0FF0
ENDCHAR
STARTCHAR uni0208
ENCODING 520
SWIDTH 262 0
DWIDTH 8 0
BBX 8 28 -2 0
BITMAP
CC
66
66
33
11
00
00
06
06
06
06
06
06
06
06
06
06
06
06
06
06
06
06
06
06
06
06
06
ENDCHAR
STARTCHAR uni0209
ENCODING 521
SWIDTH 237 0
DWIDTH 7 0
BBX 7 23 -1 0
BITMAP
CC
CC
CC
66
66
66
22
00
08
1C
1C
1C
1C
1C
1C
1C
1C
1C
1C
1C
1C
1C
1C
ENDCHAR
STARTCHAR uni020A
ENCODING 522
SWIDTH 262 0
DWIDTH 8 0
BBX 10 28 -1 0
BITMAP
3E00
7F80
E180
C0C0
C0C0
0000
0000
0C00
0C00
0C00
0C00
0C00
0C00
0C00
0C00
0C00
0C00
0C00
0C00
0C00
0C00
0C00
0C00
0C00
0C00
0C00
0C00
0C00
ENDCHAR
STARTCHAR uni020B
ENCODING 523
SWIDTH 237 0
DWIDTH 7 0
BBX 9 22 -1 0
BITMAP
3E00
7700
C180
C180
C180
8080
0000
0800
1C00
1C00
1C00
1C00
1C00
1C00
1C00
1C00
1C00
1C00
1C00
1C00
1C00
1C00
ENDCHAR
STARTCHAR uni020C
ENCODING 524
SWIDTH 771 0
DWIDTH 23 0
BBX 19 28 2 0
BITMAP
0CC000
0EE000
066000
033000
033000
000000
000000
07FC00
1FFF00
3E0F80
380380
7001C0
7001E0
E000E0
E000E0
E000E0
E000E0
E000E0
E000E0
E000E0
E000E0
E000E0
7001C0
7001C0
380380
1E0F80
0FFE00
07FC00
ENDCHAR
STARTCHAR uni020D
ENCODING 525
SWIDTH 560 0
DWIDTH 17 0
BBX 14 23 1 0
BITMAP
3B80
1980
1980
1980
0CC0
0CC0
0440
0000
07C0
1FF0
3CF8
703C
701C
601C
E00C
E00C
E00C
E00C
701C
701C
3838
1FF0
0FE0
ENDCHAR
STARTCHAR uni020E
ENCODING 526
SWIDTH 771 0
DWIDTH 23 0
BBX 19 28 2 0
BITMAP
01F000
03F800
060C00
060400
0C0600
000000
000000
07FC00
1FFF00
3E0F80
380380
7001C0
7001E0
E000E0
E000E0
E000E0
E000E0
E000E0
E000E0
E000E0
E000E0
E000E0
7001C0
7001C0
380380
1E0F80
0FFE00
07FC00
ENDCHAR
STARTCHAR uni020F
ENCODING 527
SWIDTH 560 0
DWIDTH 17 0
BBX 14 22 1 0
BITMAP
07C0
0EE0
1830
1830
1830
1010
0000
07C0
1FF0
3CF8
703C
701C
601C
E00C
E00C
E00C
E00C
701C
701C
3838
1FF0
0FE0
ENDCHAR
STARTCHAR uni0210
ENCODING 528
SWIDTH 673 0
DWIDTH 20 0
BBX 16 28 3 0
BITMAP
3300
3300
1980
1980
0CC0
0000
0000
FFF0
FFF8
C03C
C00E
C00E
C00E
C00E
C00E
C00E
C03C
FFF8
FFF0
C0E0
C070
C038
C038
C01C
C01E
C00E
C007
C007
ENDCHAR
STARTCHAR uni0211
ENCODING 529
SWIDTH 365 0
DWIDTH 11 0
BBX 9 23 2 0
BITMAP
CC00
CC00
CC00
6600
6600
6600
2200
0000
4380
EF80
FE00
F000
E000
E000
E000
E000
E000
E000
E000
E000
E000
E000
E000
ENDCHAR
STARTCHAR uni0212
ENCODING 530
SWIDTH 673 0
DWIDTH 20 0
BBX 16 28 3 0
BITMAP
07C0
1FE0
1830
3030
3010
0000
0000
FFF0
FFF8
C03C
C00E
C00E
C00E
C00E
C00E
C00E
C03C
FFF8
FFF0
C0E0
C070
C038
C038
C01C
C01E
C00E
C007
C007
ENDCHAR
STARTCHAR uni0213
ENCODING 531
SWIDTH 365 0
DWIDTH 11 0
BBX 9 22 2 0
BITMAP
3E00
7700
C180
C180
C180
8080
0000
4380
EF80
FE00
F000
E000
E000
E000
E000
E000
E000
E000
E000
E000
E000
E000
ENDCHAR
STARTCHAR uni0214
ENCODING 532
SWIDTH 731 0
DWIDTH 22 0
BBX 18 28 2 0
BITMAP
198000
0CC000
0CC000
066000
022000
000000
000000
E00180
E001C0
E001C0
E001C0
E001C0
E001C0
E001C0
E001C0
E001C0
E001C0
E001C0
E001C0
E001C0
E001C0
600180
700380
700380
780700
3E1F00
1FFE00
07F800
ENDCHAR
STARTCHAR uni0215
ENCODING 533
SWIDTH 565 0
DWIDTH 17 0
BBX 13 23 2 0
BITMAP
3700
3300
3300
1300
1980
1980
0880
0000
4030
E038
E038
E038
E038
E038
E038
E038
E038
E038
E038
E078
70F8
7FF8
3F38
ENDCHAR
STARTCHAR uni0216
ENCODING 534
SWIDTH 731 0
DWIDTH 22 0
BBX 18 28 2 0
BITMAP
01E000
07F800
0E1800
0C0C00
0C0C00
000000
000000
E00180
E001C0
E001C0
E001C0
E001C0
E001C0
E001C0
E001C0
E001C0
E001C0
E001C0
E001C0
E001C0
E001C0
600180
700380
700380
780700
3E1F00
1FFE00
07F800
ENDCHAR
STARTCHAR uni0217
ENCODING 535
SWIDTH 565 0
DWIDTH 17 0
BBX 13 22 2 0
BITMAP
0F80
1DC0
3060
3060
3060
2020
0000
4030
E038
E038
E038
E038
E038
E038
E038
E038
E038
E038
E078
70F8
7FF8
3F38
ENDCHAR
STARTCHAR uni0218
ENCODING 536
SWIDTH 618 0
DWIDTH 19 0
BBX 16 29 1 -8
BITMAP
0FF8
1FFE
3C0F
7802
7000
7000
7000
7000
7800
3F80
1FF8
03FE
001F
0007
0007
0003
0007
6007
FC1E
7FFC
0FF8
0000
0000
0180
01C0
01C0
00C0
00C0
0080
ENDCHAR
STARTCHAR uni0219
ENCODING 537
SWIDTH 483 0
DWIDTH 14 0
BBX 12 23 1 -8
BITMAP
0F80
3FE0
7870
7000
6000
7000
7C00
3FC0
07E0
0070
0030
0030
E070
7FE0
3FC0
0000
0000
0600
0700
0700
0300
0200
0600
ENDCHAR
STARTCHAR uni021A
ENCODING 538
SWIDTH 607 0
DWIDTH 18 0
BBX 18 29 0 -8
BITMAP
FFFFC0
FFFFC0
00E000
00E000
00E000
00E000
00E000
00E000
00E000
00E000
00E000
00E000
00E000
00E000
00E000
00E000
00E000
00E000
00E000
00E000
00C000
000000
000000
00C000
01E000
00E000
006000
004000
00C000
ENDCHAR
STARTCHAR uni021B
ENCODING 539
SWIDTH 358 0
DWIDTH 11 0
BBX 11 27 0 -8
BITMAP
1C00
1C00
1C00
1C00
FFC0
FFC0
1C00
1C00
1C00
1C00
1C00
1C00
1C00
1C00
1C00
1C00
1E00
0FE0
07E0
0000
0000
0200
0700
0700
0300
0300
0200
ENDCHAR
STARTCHAR uni021F
ENCODING 543
SWIDTH 572 0
DWIDTH 17 0
BBX 13 28 2 0
BITMAP
3060
18C0
0DC0
0F80
0700
0000
0000
E000
E000
E000
E000
E000
E000
E3C0
EFF0
FCF0
F038
E038
E038
E038
E038
E038
E038
E038
E038
E038
E038
E038
ENDCHAR
STARTCHAR uni0226
ENCODING 550
SWIDTH 733 0
DWIDTH 22 0
BBX 20 27 1 0
BITMAP
006000
00F000
006000
000000
000000
000000
006000
00F000
00F000
01F800
019800
039C00
031C00
070E00
070E00
060600
0E0700
0C0300
1C0380
1FFF80
3FFFC0
3FFFC0
7000E0
7000E0
600060
E00070
C00030
ENDCHAR
STARTCHAR uni0227
ENCODING 551
SWIDTH 533 0
DWIDTH 16 0
BBX 12 21 2 0
BITMAP
0700
0700
0600
0000
0000
0000
1F80
7FC0
F0E0
4070
0070
0070
01F0
7FF0
F070
E070
C070
C070
E0F0
7FF0
3F70
ENDCHAR
STARTCHAR uni0228
ENCODING 552
SWIDTH 586 0
DWIDTH 18 0
BBX 13 27 3 -6
BITMAP
FFF8
FFF8
C000
C000
C000
C000
C000
C000
C000
FFF0
FFF8
C000
C000
C000
C000
C000
C000
C000
C000
FFF8
FFF8
0200
0780
02C0
00C0
0FC0
0780
ENDCHAR
STARTCHAR uni022A
ENCODING 554
SWIDTH 771 0
DWIDTH 23 0
BBX 19 30 2 0
BITMAP
03F800
07FC00
000000
000000
071C00
071C00
000000
000000
000000
07FC00
1FFF00
3E0F80
380380
7001C0
7001E0
E000E0
E000E0
E000E0
E000E0
E000E0
E000E0
E000E0
E000E0
E000E0
7001C0
7001C0
380380
1E0F80
0FFE00
07FC00
ENDCHAR
STARTCHAR uni022B
ENCODING 555
SWIDTH 560 0
DWIDTH 17 0
BBX 14 23 1 0
BITMAP
1FF0
1FF0
0000
0860
1C70
0C60
0000
0000
07C0
1FF0
3CF8
703C
701C
601C
E00C
E00C
E00C
E00C
701C
701C
3838
1FF0
0FE0
ENDCHAR
STARTCHAR uni022C
ENCODING 556
SWIDTH 771 0
DWIDTH 23 0
BBX 19 30 2 0
BITMAP
03F800
07FC00
000000
000000
038400
07FC00
043800
000000
000000
07FC00
1FFF00
3E0F80
380380
7001C0
7001E0
E000E0
E000E0
E000E0
E000E0
E000E0
E000E0
E000E0
E000E0
E000E0
7001C0
7001C0
380380
1E0F80
0FFE00
07FC00
ENDCHAR
STARTCHAR uni022D
ENCODING 557
SWIDTH 560 0
DWIDTH 17 0
BBX 14 23 1 0
BITMAP
1FF0
1FF0
0000
0410
1F30
11F0
1040
0000
07C0
1FF0
3CF8
703C
701C
601C
E00C
E00C
E00C
E00C
701C
701C
3838
1FF0
0FE0
ENDCHAR
STARTCHAR uni0230
ENCODING 560
SWIDTH 771 0
DWIDTH 23 0
BBX 19 30 2 0
BITMAP
03F800
07FC00
000000
000000
00E000
00E000
000000
000000
000000
07FC00
1FFF00
3E0F80
380380
7001C0
7001E0
E000E0
E000E0
E000E0
E000E0
E000E0
E000E0
E000E0
E000E0
E000E0
7001C0
7001C0
380380
1E0F80
0FFE00
07FC00
ENDCHAR
STARTCHAR uni0231
ENCODING 561
SWIDTH 560 0
DWIDTH 17 0
BBX 14 23 1 0
BITMAP
1FF0
1FF0
0000
0100
0380
0380
0000
0000
07C0
1FF0
3CF8
703C
701C
601C
E00C
E00C
E00C
E00C
701C
701C
3838
1FF0
0FE0
ENDCHAR
STARTCHAR uni0232
ENCODING 562
SWIDTH 601 0
DWIDTH 18 0
BBX 18 26 0 0
BITMAP
0FFC00
07F800
000000
000000
000000
E001C0
700380
780780
380700
1C0E00
0E1C00
0F1C00
073800
03F000
03F000
01E000
00C000
00C000
00C000
00C000
00C000
00C000
00C000
00C000
00C000
00C000
ENDCHAR
STARTCHAR uni0233
ENCODING 563
SWIDTH 517 0
DWIDTH 16 0
BBX 14 26 1 -6
BITMAP
3FE0
0000
0000
0000
0000
C008
E01C
E018
6038
7038
7070
3870
3860
18E0
1CC0
0DC0
0FC0
0F80
0780
0700
0700
0600
0E00
0E00
1C00
0800
ENDCHAR
STARTCHAR uni0237
ENCODING 567
SWIDTH 241 0
DWIDTH 7 0
BBX 7 21 -2 -6
BITMAP
06
0E
0E
0E
0E
0E
0E
0E
0E
0E
0E
0E
0E
0E
0E
0E
0E
0E
3C
F8
60
ENDCHAR
STARTCHAR uni0253
ENCODING 595
SWIDTH 587 0
DWIDTH 18 0
BBX 14 21 2 0
BITMAP
3E00
7E00
7000
E000
E000
E000
E3C0
EFF0
FCF8
F038
F01C
E01C
E01C
E00C
E01C
E01C
E01C
F03C
F878
EFF0
E7E0
ENDCHAR
STARTCHAR uni0257
ENCODING 599
SWIDTH 587 0
DWIDTH 18 0
BBX 19 21 1 0
BITMAP
0003E0
0007E0
000E00
000E00
000C00
000C00
0F8C00
1FEC00
3CEC00
703C00
701C00
E01C00
E00C00
E00C00
E00C00
E00C00
701C00
701C00
383C00
3FEC00
0FCC00
ENDCHAR
STARTCHAR uni0259
ENCODING 601
SWIDTH 535 0
DWIDTH 16 0
BBX 14 15 1 0
BITMAP
1F80
7FE0
F9F0
4038
0038
001C
001C
FFFC
FFFC
E01C
E018
6038
7070
3FE0
1FC0
ENDCHAR
STARTCHAR uni0292
ENCODING 658
SWIDTH 500 0
DWIDTH 15 0
BBX 14 21 0 -6
BITMAP
3FF8
7FF8
3FF8
0070
00E0
01C0
0380
0700
0E00
0FE0
0FF8
0038
001C
001C
001C
001C
001C
4038
FDF8
7FE0
0F80
ENDCHAR
STARTCHAR uni02B9
ENCODING 697
SWIDTH 226 0
DWIDTH 7 0
BBX 3 8 2 13
BITMAP
E0
E0
E0
E0
E0
E0
C0
C0
ENDCHAR
STARTCHAR uni02BA
ENCODING 698
SWIDTH 405 0
DWIDTH 12 0
BBX 8 8 2 13
BITMAP
E7
E7
E7
E7
E3
E3
C3
C3
ENDCHAR
STARTCHAR uni02BB
ENCODING 699
SWIDTH 500 0
DWIDTH 15 0
BBX 3 6 6 17
BITMAP
40
40
C0
E0
E0
E0
ENDCHAR
STARTCHAR uni02BC
ENCODING 700
SWIDTH 330 0
DWIDTH 10 0
BBX 4 6 3 17
BITMAP
60
F0
70
20
60
40
ENDCHAR
STARTCHAR uni02BE
ENCODING 702
SWIDTH 500 0
DWIDTH 15 0
BBX 4 6 7 17
BITMAP
40
E0
20
30
20
E0
ENDCHAR
STARTCHAR uni02BF
ENCODING 703
SWIDTH 500 0
DWIDTH 15 0
BBX 4 6 4 17
BITMAP
20
70
40
C0
40
70
ENDCHAR
STARTCHAR circumflex
ENCODING 710
SWIDTH 477 0
DWIDTH 14 0
BBX 8 7 3 16
BITMAP
18
3C
3E
66
63
C3
81
ENDCHAR
STARTCHAR caron
ENCODING 711
SWIDTH 477 0
DWIDTH 14 0
BBX 8 7 3 16
BITMAP
81
C3
63
66
3C
3C
18
ENDCHAR
STARTCHAR uni02C8
ENCODING 712
SWIDTH 500 0
DWIDTH 15 0
BBX 1 6 7 18
BITMAP
80
80
80
80
80
80
ENDCHAR
STARTCHAR uni02C9
ENCODING 713
SWIDTH 500 0
DWIDTH 15 0
BBX 9 1 3 19
BITMAP
FF80
ENDCHAR
STARTCHAR uni02CA
ENCODING 714
SWIDTH 500 0
DWIDTH 15 0
BBX 5 7 7 16
BITMAP
18
38
30
60
60
C0
80
ENDCHAR
STARTCHAR uni02CB
ENCODING 715
SWIDTH 500 0
DWIDTH 15 0
BBX 5 7 3 16
BITMAP
C0
E0
60
30
30
18
08
ENDCHAR
STARTCHAR uni02CC
ENCODING 716
SWIDTH 500 0
DWIDTH 15 0
BBX 1 6 7 -8
BITMAP
80
80
80
80
80
80
ENDCHAR
STARTCHAR breve
ENCODING 728
SWIDTH 511 0
DWIDTH 15 0
BBX 9 6 3 16
BITMAP
C080
C180
C180
7300
3E00
0800
ENDCHAR
STARTCHAR dotaccent
ENCODING 729
SWIDTH 306 0
DWIDTH 9 0
BBX 3 3 3 18
BITMAP
E0
E0
E0
ENDCHAR
STARTCHAR ring
ENCODING 730
SWIDTH 441 0
DWIDTH 13 0
BBX 7 7 3 16
BITMAP
7C
C6
C2
C2
C6
7C
10
ENDCHAR
STARTCHAR ogonek
ENCODING 731
SWIDTH 388 0
DWIDTH 12 0
BBX 6 7 3 -6
BITMAP
30
60
C0
C0
C0
FC
38
ENDCHAR
STARTCHAR tilde
ENCODING 732
SWIDTH 562 0
DWIDTH 17 0
BBX 11 4 3 18
BITMAP
3860
7C60
CFC0
C3C0
ENDCHAR
STARTCHAR hungarumlaut
ENCODING 733
SWIDTH 452 0
DWIDTH 14 0
BBX 8 7 3 16
BITMAP
77
66
66
66
CC
CC
88
ENDCHAR
STARTCHAR gravecomb
ENCODING 768
SWIDTH 0 0
DWIDTH 0 0
BBX 5 7 -4 16
BITMAP
C0
C0
E0
60
30
38
10
ENDCHAR
STARTCHAR acutecomb
ENCODING 769
SWIDTH 0 0
DWIDTH 0 0
BBX 5 7 -1 16
BITMAP
18
18
38
30
60
E0
40
ENDCHAR
STARTCHAR uni0302
ENCODING 770
SWIDTH 0 0
DWIDTH 0 0
BBX 8 7 -4 16
BITMAP
18
3C
3C
66
E7
C3
81
ENDCHAR
STARTCHAR tildecomb
ENCODING 771
SWIDTH 0 0
DWIDTH 0 0
BBX 10 4 -5 18
BITMAP
7040
F840
CFC0
8780
ENDCHAR
STARTCHAR uni0304
ENCODING 772
SWIDTH 0 0
DWIDTH 0 0
BBX 10 1 -5 19
BITMAP
FFC0
ENDCHAR
STARTCHAR uni0306
ENCODING 774
SWIDTH 0 0
DWIDTH 0 0
BBX 10 6 -5 16
BITMAP
C0C0
40C0
6180
7380
3F00
0C00
ENDCHAR
STARTCHAR uni0307
ENCODING 775
SWIDTH 0 0
DWIDTH 0 0
BBX 4 3 -2 18
BITMAP
60
F0
60
ENDCHAR
STARTCHAR uni0308
ENCODING 776
SWIDTH 0 0
DWIDTH 0 0
BBX 8 3 -4 18
BITMAP
E7
E7
C3
ENDCHAR
STARTCHAR hookabovecomb
ENCODING 777
SWIDTH 0 0
DWIDTH 0 0
BBX 6 7 -3 16
BITMAP
78
FC
0C
1C
18
30
30
ENDCHAR
STARTCHAR uni030A
ENCODING 778
SWIDTH 0 0
DWIDTH 0 0
BBX 8 7 -4 16
BITMAP
3C
66
C3
C3
42
7E
08
ENDCHAR
STARTCHAR uni030B
ENCODING 779
SWIDTH 0 0
DWIDTH 0 0
BBX 8 7 -3 16
BITMAP
33
33
66
66
66
CC
44
ENDCHAR
STARTCHAR uni030C
ENCODING 780
SWIDTH 0 0
DWIDTH 0 0
BBX 8 7 -4 16
BITMAP
81
C3
66
66
3C
3C
18
ENDCHAR
STARTCHAR uni030F
ENCODING 783
SWIDTH 0 0
DWIDTH 0 0
BBX 8 7 -5 16
BITMAP
CC
CC
66
66
66
33
22
ENDCHAR
STARTCHAR uni0311
ENCODING 785
SWIDTH 0 0
DWIDTH 0 0
BBX 10 6 -5 16
BITMAP
3F00
7F80
6180
4080
C0C0
4080
ENDCHAR
STARTCHAR uni0312
ENCODING 786
SWIDTH 0 0
DWIDTH 0 0
BBX 4 6 -2 17
BITMAP
20
60
40
E0
F0
60
ENDCHAR
STARTCHAR uni031B
ENCODING 795
SWIDTH 0 0
DWIDTH 0 0
BBX 6 6 0 13
BITMAP
08
1C
1C
18
F8
60
ENDCHAR
STARTCHAR dotbelowcomb
ENCODING 803
SWIDTH 0 0
DWIDTH 0 0
BBX 4 3 -2 -6
BITMAP
60
F0
60
ENDCHAR
STARTCHAR uni0324
ENCODING 804
SWIDTH 0 0
DWIDTH 0 0
BBX 8 3 -4 -6
BITMAP
E7
E7
42
ENDCHAR
STARTCHAR uni0326
ENCODING 806
SWIDTH 0 0
DWIDTH 0 0
BBX 4 6 -2 -8
BITMAP
60
F0
70
20
60
60
ENDCHAR
STARTCHAR uni0327
ENCODING 807
SWIDTH 0 0
DWIDTH 0 0
BBX 6 7 -3 -6
BITMAP
30
30
38
2C
04
FC
78
ENDCHAR
STARTCHAR uni0328
ENCODING 808
SWIDTH 0 0
DWIDTH 0 0
BBX 6 7 -4 -6
BITMAP
30
60
C0
C0
C0
7C
38
ENDCHAR
STARTCHAR uni032E
ENCODING 814
SWIDTH 0 0
DWIDTH 0 0
BBX 10 4 -5 -6
BITMAP
C0C0
6180
7380
3F00
ENDCHAR
STARTCHAR uni0331
ENCODING 817
SWIDTH 0 0
DWIDTH 0 0
BBX 10 2 -5 -5
BITMAP
FFC0
7F80
ENDCHAR
STARTCHAR uni0335
ENCODING 821
SWIDTH 0 0
DWIDTH 0 0
BBX 12 2 -6 16
BITMAP
FFF0
FFF0
ENDCHAR
STARTCHAR uni0337
ENCODING 823
SWIDTH 0 0
DWIDTH 0 0
BBX 9 6 -4 8
BITMAP
0100
0780
1F00
7C00
F000
C000
ENDCHAR
STARTCHAR uni0338
ENCODING 824
SWIDTH 0 0
DWIDTH 0 0
BBX 10 17 -5 -1
BITMAP
0040
00C0
01C0
0180
0300
0300
0600
0600
0C00
1C00
1800
3000
3000
6000
6000
C000
8000
ENDCHAR
STARTCHAR uni0394
ENCODING 916
SWIDTH 733 0
DWIDTH 22 0
BBX 20 21 1 0
BITMAP
006000
00F000
00F000
01F800
019800
039C00
031C00
070E00
070E00
060600
0E0700
0C0300
1C0380
180380
3801C0
3801C0
3000C0
7000E0
600060
FFFFF0
7FFFE0
ENDCHAR
STARTCHAR Sigma
ENCODING 931
SWIDTH 600 0
DWIDTH 18 0
BBX 16 26 1 -5
BITMAP
FFFF
FFFF
7000
3800
3800
1C00
0E00
0F00
0700
0380
01C0
01C0
00E0
00E0
01E0
01C0
0380
0700
0700
0E00
1C00
3C00
3800
7000
FFFF
FFFF
ENDCHAR
STARTCHAR uni03A9
ENCODING 937
SWIDTH 783 0
DWIDTH 23 0
BBX 22 21 1 0
BITMAP
03FF00
0FFF80
1F03C0
3C00E0
380070
700070
700038
700038
700038
700038
700038
700038
700070
300070
380060
1C00E0
1C01C0
0E0380
038700
FF8FFC
FF87F8
ENDCHAR
STARTCHAR uni03BC
ENCODING 956
SWIDTH 565 0
DWIDTH 17 0
BBX 13 21 2 -6
BITMAP
4030
E038
E038
E038
E038
E038
E038
E038
E038
E038
E038
E078
F0F8
FFF8
FF38
E000
E000
E000
E000
E000
4000
ENDCHAR
STARTCHAR pi
ENCODING 960
SWIDTH 595 0
DWIDTH 18 0
BBX 18 15 0 0
BITMAP
7FFF00
FFFF80
1C3800
1C3800
1C3800
1C3800
1C3800
183800
183800
383800
383800
381800
381C00
701FC0
700780
ENDCHAR
STARTCHAR uni0400
ENCODING 1024
SWIDTH 586 0
DWIDTH 18 0
BBX 13 28 3 0
BITMAP
3800
1800
0C00
0E00
0600
0000
0000
FFF8
FFF8
C000
C000
C000
C000
C000
C000
C000
FFF0
FFF8
C000
C000
C000
C000
C000
C000
C000
C000
FFF8
FFF8
ENDCHAR
STARTCHAR uni0401
ENCODING 1025
SWIDTH 586 0
DWIDTH 18 0
BBX 13 27 3 0
BITMAP
18E0
1CE0
18E0
0000
0000
0000
FFF8
FFF8
C000
C000
C000
C000
C000
C000
C000
FFF0
FFF8
C000
C000
C000
C000
C000
C000
C000
C000
FFF8
FFF8
ENDCHAR
STARTCHAR uni0402
ENCODING 1026
SWIDTH 848 0
DWIDTH 25 0
BBX 24 27 0 -6
BITMAP
FFFFC0
FFFFC0
00E000
00E000
00E000
00E000
00E000
00E000
00FFE0
00FFF8
00FCFC
00E01E
00E00E
00E00E
00E007
00E007
00E007
00E007
00E007
00E007
00C007
000007
00000E
00000E
0003FC
0003F8
0000E0
ENDCHAR
STARTCHAR uni0403
ENCODING 1027
SWIDTH 546 0
DWIDTH 16 0
BBX 13 28 3 0
BITMAP
01C0
0180
0380
0700
0600
0000
0000
FFF8
FFF8
C000
C000
C000
C000
C000
C000
C000
C000
C000
C000
C000
C000
C000
C000
C000
C000
C000
C000
C000
ENDCHAR
STARTCHAR uni0404
ENCODING 1028
SWIDTH 675 0
DWIDTH 20 0
BBX 17 21 2 0
BITMAP
07FC00
0FFF00
3E0780
380180
700000
700000
E00000
E00000
E00000
FFF800
FFF800
E00000
E00000
E00000
E00000
700000
780000
3C0380
1F0F80
0FFF00
03FC00
ENDCHAR
STARTCHAR uni0405
ENCODING 1029
SWIDTH 618 0
DWIDTH 19 0
BBX 16 21 1 0
BITMAP
0FF8
1FFE
3C0F
7802
7000
7000
7000
7000
7800
3F80
1FF8
03FE
001F
0007
0007
0003
0007
6007
FC1E
7FFC
0FF8
ENDCHAR
STARTCHAR uni0406
ENCODING 1030
SWIDTH 262 0
DWIDTH 8 0
BBX 2 21 3 0
BITMAP
C0
C0
C0
C0
C0
C0
C0
C0
C0
C0
C0
C0
C0
C0
C0
C0
C0
C0
C0
C0
C0
ENDCHAR
STARTCHAR uni0407
ENCODING 1031
SWIDTH 262 0
DWIDTH 8 0
BBX 8 27 0 0
BITMAP
C7
E7
E7
00
00
00
18
18
18
18
18
18
18
18
18
18
18
18
18
18
18
18
18
18
18
18
18
ENDCHAR
STARTCHAR uni0408
ENCODING 1032
SWIDTH 331 0
DWIDTH 10 0
BBX 7 21 0 0
BITMAP
06
06
06
06
06
06
06
06
06
06
06
06
06
06
06
06
0E
0E
1E
FC
F0
ENDCHAR
STARTCHAR uni0409
ENCODING 1033
SWIDTH 1130 0
DWIDTH 34 0
BBX 32 21 1 0
BITMAP
07FFC000
07FFC000
0600C000
0600C000
0600C000
0600C000
0E00C000
0E00C000
0E00C000
0E00FFF0
0E00FFFC
0E00C03E
0E00C00E
0C00C006
0C00C007
1C00C007
1C00C006
3800C00E
7000C03E
F000FFFC
C000FFF0
ENDCHAR
STARTCHAR uni040A
ENCODING 1034
SWIDTH 1165 0
DWIDTH 35 0
BBX 31 21 3 0
BITMAP
C0018000
C0018000
C0018000
C0018000
C0018000
C0018000
C0018000
C0018000
C0018000
FFFFFFE0
FFFFFFF8
C001807C
C001801C
C001800C
C001800E
C001800E
C001800C
C001801C
C001807C
C001FFF8
C001FFE0
ENDCHAR
STARTCHAR uni040B
ENCODING 1035
SWIDTH 852 0
DWIDTH 26 0
BBX 24 21 0 0
BITMAP
FFFFC0
FFFFC0
00E000
00E000
00E000
00E000
00E000
00E000
00EFE0
00FFF8
00FCFC
00E01E
00E00E
00E007
00E007
00E007
00E007
00E007
00E007
00E007
00C007
ENDCHAR
STARTCHAR uni040C
ENCODING 1036
SWIDTH 649 0
DWIDTH 19 0
BBX 16 28 3 0
BITMAP
0060
00E0
00C0
0180
0300
0000
0000
C00C
C01C
C038
C038
C070
C0E0
C0E0
C1C0
C380
FF80
FFC0
FFE0
C070
C078
C038
C01C
C01C
C00E
C00E
C00F
C006
ENDCHAR
STARTCHAR uni040D
ENCODING 1037
SWIDTH 741 0
DWIDTH 22 0
BBX 17 28 3 0
BITMAP
0C0000
0E0000
060000
030000
018000
000000
000000
C00380
C00780
C00780
C00F80
C01F80
C03B80
C03B80
C07380
C0E380
C1C380
C1C380
C38380
C70380
CE0380
CE0380
DC0380
F80380
F00380
F00380
E00380
C00380
ENDCHAR
STARTCHAR uni040E
ENCODING 1038
SWIDTH 647 0
DWIDTH 19 0
BBX 18 27 1 0
BITMAP
180400
0C0C00
0FF800
03F000
000000
000000
C001C0
E001C0
700380
700380
380700
380700
1C0E00
0E0E00
0E1C00
071C00
073800
03B800
01F000
01F000
00E000
00E000
01C000
01C000
038000
038000
070000
ENDCHAR
STARTCHAR uni040F
ENCODING 1039
SWIDTH 758 0
DWIDTH 23 0
BBX 17 26 3 -5
BITMAP
C00380
C00380
C00380
C00380
C00380
C00380
C00380
C00380
C00380
C00380
C00380
C00380
C00380
C00380
C00380
C00380
C00380
C00380
C00380
FFFF80
FFFF80
01C000
01C000
01C000
01C000
018000
ENDCHAR
STARTCHAR uni0410
ENCODING 1040
SWIDTH 733 0
DWIDTH 22 0
BBX 20 21 1 0
BITMAP
006000
00F000
00F000
01F800
019800
039C00
031C00
070E00
070E00
060600
0E0700
0C0300
1C0380
1FFF80
3FFFC0
3FFFC0
7000E0
7000E0
600060
E00070
C00030
ENDCHAR
STARTCHAR uni0411
ENCODING 1041
SWIDTH 663 0
DWIDTH 20 0
BBX 16 21 3 0
BITMAP
FFFC
FFFC
C000
C000
C000
C000
C000
C000
C000
FFF0
FFFC
C03E
C00E
C006
C007
C007
C006
C00E
C03E
FFFC
FFF0
ENDCHAR
STARTCHAR uni0412
ENCODING 1042
SWIDTH 679 0
DWIDTH 20 0
BBX 16 21 3 0
BITMAP
FFF0
FFF8
C03C
C00E
C00E
C00E
C00E
C00E
C01C
FFF8
FFF8
C07C
C00E
C006
C007
C007
C006
C00E
C01E
FFFC
FFF0
ENDCHAR
STARTCHAR uni0413
ENCODING 1043
SWIDTH 546 0
DWIDTH 16 0
BBX 13 21 3 0
BITMAP
FFF8
FFF8
C000
C000
C000
C000
C000
C000
C000
C000
C000
C000
C000
C000
C000
C000
C000
C000
C000
C000
C000
ENDCHAR
STARTCHAR uni0414
ENCODING 1044
SWIDTH 783 0
DWIDTH 23 0
BBX 23 26 0 -5
BITMAP
03FFF0
03FFF0
030070
030070
030070
030070
030070
030070
070070
070070
070070
070070
070070
070070
060070
0E0070
0E0070
1C0070
1C0070
7FFFFE
FFFFFE
E0000E
E0000E
E0000E
E0000E
600006
ENDCHAR
STARTCHAR uni0415
ENCODING 1045
SWIDTH 586 0
DWIDTH 18 0
BBX 13 21 3 0
BITMAP
FFF8
FFF8
C000
C000
C000
C000
C000
C000
C000
FFF0
FFF8
C000
C000
C000
C000
C000
C000
C000
C000
FFF8
FFF8
ENDCHAR
STARTCHAR uni0416
ENCODING 1046
SWIDTH 979 0
DWIDTH 29 0
BBX 27 21 1 0
BITMAP
700E01C0
380E01C0
380E0380
1C0E0780
0E0E0700
0E0E0E00
070E0E00
078E1C00
038E3800
01FFF800
07FFFC00
0FFFFE00
1E0E0F00
1C0E0700
380E0380
380E0380
700E01C0
700E01C0
E00E00E0
E00E00E0
C00E0060
ENDCHAR
STARTCHAR uni0417
ENCODING 1047
SWIDTH 639 0
DWIDTH 19 0
BBX 16 21 1 0
BITMAP
1FF8
3FFC
781E
600F
0007
0007
0007
0006
000E
0FFC
0FFC
003E
0007
0007
0003
0003
0007
E007
F81E
7FFE
1FF8
ENDCHAR
STARTCHAR uni0418
ENCODING 1048
SWIDTH 741 0
DWIDTH 22 0
BBX 17 21 3 0
BITMAP
C00380
C00780
C00780
C00F80
C01F80
C03B80
C03B80
C07380
C0E380
C1C380
C1C380
C38380
C70380
CE0380
CE0380
DC0380
F80380
F00380
F00380
E00380
C00380
ENDCHAR
STARTCHAR uni0419
ENCODING 1049
SWIDTH 741 0
DWIDTH 22 0
BBX 17 27 3 0
BITMAP
300C00
181800
0FF000
07E000
000000
000000
C00380
C00780
C00780
C00F80
C01F80
C03B80
C03B80
C07380
C0E380
C1C380
C1C380
C38380
C70380
CE0380
CE0380
DC0380
F80380
F00380
F00380
E00380
C00380
ENDCHAR
STARTCHAR uni041A
ENCODING 1050
SWIDTH 649 0
DWIDTH 19 0
BBX 16 21 3 0
BITMAP
C00C
C01C
C038
C038
C070
C0E0
C0E0
C1C0
C380
FF80
FFC0
FFE0
C070
C078
C038
C01C
C01C
C00E
C00E
C00F
C006
ENDCHAR
STARTCHAR uni041B
ENCODING 1051
SWIDTH 743 0
DWIDTH 22 0
BBX 19 21 1 0
BITMAP
07FFE0
07FFE0
0600E0
0600E0
0600E0
0600E0
0E00E0
0E00E0
0E00E0
0E00E0
0E00E0
0E00E0
0E00E0
0C00E0
0C00E0
1C00E0
1C00E0
3800E0
7000E0
F000E0
C000E0
ENDCHAR
STARTCHAR uni041C
ENCODING 1052
SWIDTH 858 0
DWIDTH 26 0
BBX 20 21 3 0
BITMAP
C00030
E00070
E000F0
F000F0
F001F0
F801B0
DC03B0
DC0330
CE0730
C60630
C70E30
C30C30
C39C30
C19830
C1F830
C0F030
C0E030
C06030
C00030
C00030
C00030
ENDCHAR
STARTCHAR uni041D
ENCODING 1053
SWIDTH 764 0
DWIDTH 23 0
BBX 17 21 3 0
BITMAP
C00180
C00180
C00180
C00180
C00180
C00180
C00180
C00180
C00180
FFFF80
FFFF80
C00180
C00180
C00180
C00180
C00180
C00180
C00180
C00180
C00180
C00180
ENDCHAR
STARTCHAR uni041E
ENCODING 1054
SWIDTH 771 0
DWIDTH 23 0
BBX 19 21 2 0
BITMAP
07FC00
1FFF00
3E0F80
380380
7001C0
7001E0
E000E0
E000E0
E000E0
E000E0
E000E0
E000E0
E000E0
E000E0
E000E0
7001C0
7001C0
380380
1E0F80
0FFE00
07FC00
ENDCHAR
STARTCHAR uni041F
ENCODING 1055
SWIDTH 758 0
DWIDTH 23 0
BBX 17 21 3 0
BITMAP
FFFF80
FFFF80
C00380
C00380
C00380
C00380
C00380
C00380
C00380
C00380
C00380
C00380
C00380
C00380
C00380
C00380
C00380
C00380
C00380
C00380
C00180
ENDCHAR
STARTCHAR uni0420
ENCODING 1056
SWIDTH 637 0
DWIDTH 19 0
BBX 15 21 3 0
BITMAP
FFF0
FFF8
C03C
C00E
C00E
C00E
C00E
C00E
C00E
C01C
FFFC
FFF8
FF80
C000
C000
C000
C000
C000
C000
C000
C000
ENDCHAR
STARTCHAR uni0421
ENCODING 1057
SWIDTH 675 0
DWIDTH 20 0
BBX 17 21 2 0
BITMAP
07FC00
0FFF00
3E0780
380180
700000
700000
E00000
E00000
E00000
E00000
E00000
E00000
E00000
E00000
E00000
700000
780000
3C0380
1F0F80
0FFF00
03FC00
ENDCHAR
STARTCHAR uni0422
ENCODING 1058
SWIDTH 607 0
DWIDTH 18 0
BBX 18 21 0 0
BITMAP
FFFFC0
FFFFC0
00E000
00E000
00E000
00E000
00E000
00E000
00E000
00E000
00E000
00E000
00E000
00E000
00E000
00E000
00E000
00E000
00E000
00E000
00C000
ENDCHAR
STARTCHAR uni0423
ENCODING 1059
SWIDTH 647 0
DWIDTH 19 0
BBX 18 21 1 0
BITMAP
C001C0
E001C0
700380
700380
380700
380700
1C0E00
0E0E00
0E1C00
071C00
073800
03B800
01F000
01F000
00E000
00E000
01C000
01C000
038000
038000
070000
ENDCHAR
STARTCHAR uni0424
ENCODING 1060
SWIDTH 854 0
DWIDTH 26 0
BBX 22 23 2 -1
BITMAP
003000
007000
01FE00
0FFFC0
3FF7E0
7870F0
707078
E07038
E0701C
E0701C
E0701C
E0701C
E0701C
E0701C
E07038
707038
787070
3C70F0
1FFFE0
07FF80
007000
007000
003000
ENDCHAR
STARTCHAR uni0425
ENCODING 1061
SWIDTH 655 0
DWIDTH 20 0
BBX 17 21 1 0
BITMAP
600380
700380
380700
380E00
1C1E00
0E1C00
073800
077000
03F000
01E000
01E000
03E000
03F000
073800
0E3C00
1E1C00
1C0E00
380700
700780
F00380
E00180
ENDCHAR
STARTCHAR uni0426
ENCODING 1062
SWIDTH 796 0
DWIDTH 24 0
BBX 20 26 3 -5
BITMAP
C00380
C00380
C00380
C00380
C00380
C00380
C00380
C00380
C00380
C00380
C00380
C00380
C00380
C00380
C00380
C00380
C00380
C00380
C00380
FFFFF0
FFFFF0
000030
000030
000030
000030
000030
ENDCHAR
STARTCHAR uni0427
ENCODING 1063
SWIDTH 680 0
DWIDTH 20 0
BBX 16 21 2 0
BITMAP
C007
C007
C007
C007
C007
C007
E007
E007
E007
7007
7C1F
3FFF
0FFF
0007
0007
0007
0007
0007
0007
0007
0007
ENDCHAR
STARTCHAR uni0428
ENCODING 1064
SWIDTH 1057 0
DWIDTH 32 0
BBX 26 21 3 0
BITMAP
C00C01C0
C01C01C0
C01C01C0
C01C01C0
C01C01C0
C01C01C0
C01C01C0
C01C01C0
C01C01C0
C01C01C0
C01C01C0
C01C01C0
C01C01C0
C01C01C0
C01C01C0
C01C01C0
C01C01C0
C01C01C0
C01C01C0
FFFFFFC0
FFFFFFC0
ENDCHAR
STARTCHAR uni0429
ENCODING 1065
SWIDTH 1094 0
DWIDTH 33 0
BBX 29 26 3 -5
BITMAP
C00C01C0
C01C01C0
C01C01C0
C01C01C0
C01C01C0
C01C01C0
C01C01C0
C01C01C0
C01C01C0
C01C01C0
C01C01C0
C01C01C0
C01C01C0
C01C01C0
C01C01C0
C01C01C0
C01C01C0
C01C01C0
C01C01C0
FFFFFFF8
FFFFFFF8
00000018
00000018
00000018
00000018
00000018
ENDCHAR
STARTCHAR uni042A
ENCODING 1066
SWIDTH 794 0
DWIDTH 24 0
BBX 23 21 0 0
BITMAP
FF8000
FF8000
038000
038000
038000
038000
038000
038000
038000
03FFE0
03FFF8
03807C
03801C
03800C
03800C
03800E
03801C
03801C
03807C
03FFF8
01FFE0
ENDCHAR
STARTCHAR uni042B
ENCODING 1067
SWIDTH 865 0
DWIDTH 26 0
BBX 20 21 3 0
BITMAP
C00030
C00030
C00030
C00030
C00030
C00030
C00030
C00030
C00030
FFE030
FFF830
C07C30
C01C30
C00E30
C00E30
C00E30
C00E30
C01C30
C07C30
FFF830
FFE030
ENDCHAR
STARTCHAR uni042C
ENCODING 1068
SWIDTH 663 0
DWIDTH 20 0
BBX 16 21 3 0
BITMAP
C000
C000
C000
C000
C000
C000
C000
C000
C000
FFF0
FFFC
C03E
C00E
C006
C007
C007
C006
C00E
C03E
FFFC
FFF0
ENDCHAR
STARTCHAR uni042D
ENCODING 1069
SWIDTH 675 0
DWIDTH 20 0
BBX 17 21 1 0
BITMAP
1FF000
7FFC00
F83E00
E00F00
000700
000380
000380
000380
000380
0FFF80
0FFF80
000380
000380
000380
000380
000780
000700
E00E00
FC7E00
7FFC00
1FF000
ENDCHAR
STARTCHAR uni042E
ENCODING 1070
SWIDTH 1021 0
DWIDTH 31 0
BBX 26 21 3 0
BITMAP
C00FF800
C03FFC00
C07C1E00
C0700F00
C0E00780
C0E00380
C1C00380
C1C001C0
C1C001C0
FFC001C0
FFC001C0
C1C001C0
C1C001C0
C1C001C0
C1C00380
C0E00380
C0E00780
C0700F00
C03C3E00
C01FFC00
C00FF000
ENDCHAR
STARTCHAR uni042F
ENCODING 1071
SWIDTH 674 0
DWIDTH 20 0
BBX 16 21 2 0
BITMAP
1FFE
3FFF
7807
F007
E007
E007
E007
E007
E007
7807
3FFF
0FFF
0F07
1C07
1C07
3807
3807
7007
F007
E007
C007
ENDCHAR
STARTCHAR uni0430
ENCODING 1072
SWIDTH 544 0
DWIDTH 16 0
BBX 12 15 2 0
BITMAP
0F80
7FE0
F0E0
4070
0070
0070
00F0
7FF0
F870
E070
C070
E070
E0F0
7FF0
3F30
ENDCHAR
STARTCHAR uni0431
ENCODING 1073
SWIDTH 571 0
DWIDTH 17 0
BBX 15 21 1 0
BITMAP
007C
03F8
0FC0
1E00
3800
7000
71C0
67F0
6FF8
783C
F01C
F00C
E00E
E00E
600E
600E
701C
701C
3838
1FF8
0FE0
ENDCHAR
STARTCHAR uni0432
ENCODING 1074
SWIDTH 552 0
DWIDTH 17 0
BBX 13 15 2 0
BITMAP
7F00
FFF0
E070
E038
E038
E030
E070
FFC0
E0F0
E038
E018
E018
E038
FFF0
7FE0
ENDCHAR
STARTCHAR uni0433
ENCODING 1075
SWIDTH 440 0
DWIDTH 13 0
BBX 11 15 2 0
BITMAP
3FC0
FFE0
FFC0
E000
E000
E000
E000
E000
E000
E000
E000
E000
E000
E000
E000
ENDCHAR
STARTCHAR uni0434
ENCODING 1076
SWIDTH 598 0
DWIDTH 18 0
BBX 16 19 1 -4
BITMAP
0FF8
1FFC
1FFC
1C1C
1C1C
1C1C
1C1C
181C
181C
181C
381C
381C
301C
FFFF
FFFF
C003
C003
C003
C003
ENDCHAR
STARTCHAR uni0435
ENCODING 1077
SWIDTH 545 0
DWIDTH 16 0
BBX 14 15 1 0
BITMAP
07C0
1FF0
3C78
3018
701C
600C
600C
FFFC
E000
6000
7000
7000
381C
1FF8
0FF0
ENDCHAR
STARTCHAR uni0436
ENCODING 1078
SWIDTH 794 0
DWIDTH 24 0
BBX 22 15 1 0
BITMAP
603018
703038
703078
383070
1C30E0
0E31C0
0FFF80
0FFFC0
1FFFE0
3830F0
383070
703038
E03038
E0301C
C0300C
ENDCHAR
STARTCHAR uni0437
ENCODING 1079
SWIDTH 502 0
DWIDTH 15 0
BBX 13 15 1 0
BITMAP
1F80
7FE0
F0F0
0070
0030
0070
01E0
1FC0
0FF0
0030
0038
0038
E070
FFF0
3FC0
ENDCHAR
STARTCHAR uni0438
ENCODING 1080
SWIDTH 588 0
DWIDTH 18 0
BBX 13 15 2 0
BITMAP
4018
E038
E078
E078
E0F8
E1D8
E398
E318
E718
EE18
FC18
F818
F818
F018
E018
ENDCHAR
STARTCHAR uni0439
ENCODING 1081
SWIDTH 588 0
DWIDTH 18 0
BBX 13 21 2 0
BITMAP
2030
3030
18E0
1FC0
0200
0000
4018
E038
E078
E078
E0F8
E1D8
E398
E318
E718
EE18
FC18
F818
F818
F018
E018
ENDCHAR
STARTCHAR uni043A
ENCODING 1082
SWIDTH 534 0
DWIDTH 16 0
BBX 13 15 2 0
BITMAP
4030
E070
E070
E0E0
E1C0
E380
FF80
FF80
FFC0
E0E0
E0E0
E070
E038
E038
E018
ENDCHAR
STARTCHAR uni043B
ENCODING 1083
SWIDTH 579 0
DWIDTH 17 0
BBX 14 15 1 0
BITMAP
0FF8
1FFC
1FFC
1C1C
1C1C
1C1C
1C1C
1C1C
181C
181C
381C
381C
701C
F01C
C01C
ENDCHAR
STARTCHAR uni043C
ENCODING 1084
SWIDTH 665 0
DWIDTH 20 0
BBX 16 15 2 0
BITMAP
4006
E007
F00F
F00F
F81F
FC3F
EC37
EE77
E667
E7C7
E3C7
E187
E187
E007
E007
ENDCHAR
STARTCHAR uni043D
ENCODING 1085
SWIDTH 592 0
DWIDTH 18 0
BBX 13 15 2 0
BITMAP
6018
E018
E018
E018
E018
E018
FFF8
FFF8
FFF8
E018
E018
E018
E018
E018
E018
ENDCHAR
STARTCHAR uni043E
ENCODING 1086
SWIDTH 571 0
DWIDTH 17 0
BBX 15 15 1 0
BITMAP
07C0
1FF0
3C78
781C
701C
600C
600E
E00E
E00E
600C
701C
701C
3838
1FF0
0FE0
ENDCHAR
STARTCHAR uni043F
ENCODING 1087
SWIDTH 589 0
DWIDTH 18 0
BBX 13 15 2 0
BITMAP
3FF0
FFF8
FFF8
E018
E018
E018
E018
E018
E018
E018
E018
E018
E018
E018
E018
ENDCHAR
STARTCHAR uni0440
ENCODING 1088
SWIDTH 598 0
DWIDTH 18 0
BBX 14 21 2 -6
BITMAP
63C0
EFF0
FCF8
F03C
F01C
E01C
E00C
E00C
E00C
E01C
E01C
F01C
F838
EFF0
E7E0
E000
E000
E000
E000
E000
4000
ENDCHAR
STARTCHAR uni0441
ENCODING 1089
SWIDTH 476 0
DWIDTH 14 0
BBX 13 15 1 0
BITMAP
07C0
1FF0
3E78
7810
7000
7000
6000
E000
E000
6000
7000
7000
3C30
1FF0
0FE0
ENDCHAR
STARTCHAR uni0442
ENCODING 1090
SWIDTH 450 0
DWIDTH 14 0
BBX 14 15 0 0
BITMAP
7FF8
FFFC
7FF8
0700
0700
0700
0700
0700
0700
0700
0700
0700
0700
0700
0300
ENDCHAR
STARTCHAR uni0443
ENCODING 1091
SWIDTH 528 0
DWIDTH 16 0
BBX 14 21 1 -6
BITMAP
C00C
E01C
E01C
7038
7038
3030
3870
3860
1CE0
1CE0
0CC0
0FC0
0780
0780
0700
0700
0700
0E00
0E00
0C00
0800
ENDCHAR
STARTCHAR uni0444
ENCODING 1092
SWIDTH 804 0
DWIDTH 24 0
BBX 22 27 1 -6
BITMAP
003000
003000
003000
003000
003000
003000
0F33C0
3FB7F0
39FE70
707838
707838
603818
60301C
E0301C
60301C
60301C
707818
707838
38FC78
3FB7F0
1F33E0
003000
003000
003000
003000
003000
001000
ENDCHAR
STARTCHAR uni0445
ENCODING 1093
SWIDTH 540 0
DWIDTH 16 0
BBX 14 15 1 0
BITMAP
6018
7038
3838
3870
1CE0
0FC0
0780
0380
0780
0FC0
1CE0
3870
7838
703C
E01C
ENDCHAR
STARTCHAR uni0446
ENCODING 1094
SWIDTH 603 0
DWIDTH 18 0
BBX 15 19 2 -4
BITMAP
6018
E038
E038
E038
E038
E038
E038
E038
E038
E038
E038
E038
E038
FFFE
7FFE
0006
0006
0006
0006
ENDCHAR
STARTCHAR uni0447
ENCODING 1095
SWIDTH 557 0
DWIDTH 17 0
BBX 12 15 2 0
BITMAP
C030
C030
C030
C030
C030
E030
E030
F070
7FF0
3FB0
0030
0030
0030
0030
0030
ENDCHAR
STARTCHAR uni0448
ENCODING 1096
SWIDTH 807 0
DWIDTH 24 0
BBX 20 15 2 0
BITMAP
606030
E06070
E06070
E06070
E06070
E06070
E06070
E06070
E06070
E06070
E06070
E06070
E06070
FFFFF0
7FFFF0
ENDCHAR
STARTCHAR uni0449
ENCODING 1097
SWIDTH 833 0
DWIDTH 25 0
BBX 22 19 2 -4
BITMAP
606030
E06070
E06070
E06070
E06070
E06070
E06070
E06070
E06070
E06070
E06070
E06070
E06070
FFFFFC
7FFFFC
00000C
00000C
00000C
00000C
ENDCHAR
STARTCHAR uni044A
ENCODING 1098
SWIDTH 619 0
DWIDTH 19 0
BBX 17 15 0 0
BITMAP
7C0000
FE0000
7E0000
060000
060000
060000
07FF00
060F80
060380
060180
060180
060180
060380
07FF00
07FE00
ENDCHAR
STARTCHAR uni044B
ENCODING 1099
SWIDTH 740 0
DWIDTH 22 0
BBX 18 15 2 0
BITMAP
600080
E001C0
E001C0
E001C0
E001C0
E001C0
FFE1C0
E0F1C0
E039C0
E039C0
E039C0
E039C0
E079C0
FFF1C0
7FC1C0
ENDCHAR
STARTCHAR uni044C
ENCODING 1100
SWIDTH 541 0
DWIDTH 16 0
BBX 13 15 2 0
BITMAP
6000
E000
E000
E000
E000
E000
FFE0
E0F0
E038
E038
E038
E038
E078
FFF0
7FC0
ENDCHAR
STARTCHAR uni044D
ENCODING 1101
SWIDTH 495 0
DWIDTH 15 0
BBX 12 15 1 0
BITMAP
1F00
FFC0
E1E0
80E0
0070
0030
0030
3FF0
1FF0
0030
0070
0070
C0E0
FFC0
7F80
ENDCHAR
STARTCHAR uni044E
ENCODING 1102
SWIDTH 780 0
DWIDTH 23 0
BBX 20 15 2 0
BITMAP
603E00
E0FF80
E1E3C0
E1C0E0
E380E0
E38070
FF8070
FF8070
FF8070
E38070
E38070
E1C0E0
E1E1E0
E0FFC0
E07F00
ENDCHAR
STARTCHAR uni044F
ENCODING 1103
SWIDTH 544 0
DWIDTH 16 0
BBX 12 15 2 0
BITMAP
0FE0
7FF0
F070
E070
C070
C070
E070
7070
3FF0
1FF0
3870
7070
7070
E070
E030
ENDCHAR
STARTCHAR uni0450
ENCODING 1104
SWIDTH 545 0
DWIDTH 16 0
BBX 14 23 1 0
BITMAP
0800
1C00
0E00
0600
0700
0300
0100
0000
07C0
1FF0
3C78
3018
701C
600C
600C
FFFC
E000
6000
7000
7000
381C
1FF8
0FF0
ENDCHAR
STARTCHAR uni0451
ENCODING 1105
SWIDTH 545 0
DWIDTH 16 0
BBX 14 21 1 0
BITMAP
0C60
1C70
0C60
0000
0000
0000
07C0
1FF0
3C78
3018
701C
600C
600C
FFFC
E000
6000
7000
7000
381C
1FF8
0FF0
ENDCHAR
STARTCHAR uni0452
ENCODING 1106
SWIDTH 583 0
DWIDTH 17 0
BBX 16 26 -1 -5
BITMAP
1C00
1C00
7FE0
FFF0
1C00
1C00
1C78
1DFE
1F9F
1E07
1E07
1C07
1C07
1C07
1C07
1C07
1C07
1C07
1C07
1C07
0C07
0007
0007
000E
003E
0038
ENDCHAR
STARTCHAR uni0453
ENCODING 1107
SWIDTH 440 0
DWIDTH 13 0
BBX 11 23 2 0
BITMAP
0180
0180
0380
0300
0600
0600
0400
0000
3FC0
FFE0
FFC0
E000
E000
E000
E000
E000
E000
E000
E000
E000
E000
E000
E000
ENDCHAR
STARTCHAR uni0454
ENCODING 1108
SWIDTH 496 0
DWIDTH 15 0
BBX 13 15 1 0
BITMAP
07E0
1FF8
3C38
7008
7000
6000
6000
FFE0
7FC0
6000
7000
7000
3818
1FF8
0FE0
ENDCHAR
STARTCHAR uni0455
ENCODING 1109
SWIDTH 493 0
DWIDTH 15 0
BBX 11 15 2 0
BITMAP
1F00
7FC0
F0E0
E000
E000
E000
F800
7F80
0FC0
00E0
0060
0060
C0E0
FFC0
7F80
ENDCHAR
STARTCHAR uni0456
ENCODING 1110
SWIDTH 248 0
DWIDTH 7 0
BBX 3 21 2 0
BITMAP
E0
E0
E0
00
00
00
40
E0
E0
E0
E0
E0
E0
E0
E0
E0
E0
E0
E0
E0
60
ENDCHAR
STARTCHAR uni0457
ENCODING 1111
SWIDTH 248 0
DWIDTH 7 0
BBX 8 21 0 0
BITMAP
C7
E7
C7
00
00
00
10
38
38
38
38
38
38
38
38
38
38
38
38
38
18
ENDCHAR
STARTCHAR uni0458
ENCODING 1112
SWIDTH 252 0
DWIDTH 8 0
BBX 8 27 -2 -6
BITMAP
0E
0F
0E
00
00
00
06
0E
0E
0E
0E
0E
0E
0E
0E
0E
0E
0E
0E
0E
0E
0E
0E
0E
3C
FC
60
ENDCHAR
STARTCHAR uni0459
ENCODING 1113
SWIDTH 871 0
DWIDTH 26 0
BBX 24 15 1 0
BITMAP
0FF800
1FFC00
1FFC00
1C1C00
1C1C00
1C1C00
1C1FFC
1C1C1E
181C07
181C07
381C07
381C07
701C0E
F01FFE
C00FF8
ENDCHAR
STARTCHAR uni045A
ENCODING 1114
SWIDTH 885 0
DWIDTH 27 0
BBX 23 15 2 0
BITMAP
601800
E01800
E01800
E01800
E01800
E01800
FFFFFC
FFF83E
FFF80E
E01806
E01806
E01806
E0180E
E01FFC
E01FF8
ENDCHAR
STARTCHAR uni045B
ENCODING 1115
SWIDTH 583 0
DWIDTH 17 0
BBX 15 21 0 0
BITMAP
3800
3800
7FC0
FFE0
3800
3800
38F0
3BFC
3F3E
3C0E
3C0E
380E
380E
380E
380E
380E
380E
380E
380E
380E
3806
ENDCHAR
STARTCHAR uni045C
ENCODING 1116
SWIDTH 534 0
DWIDTH 16 0
BBX 13 23 2 0
BITMAP
0060
00E0
00C0
01C0
0180
0300
0100
0000
4030
E070
E070
E0E0
E1C0
E380
FF80
FF80
FFC0
E0E0
E0E0
E070
E038
E038
E018
ENDCHAR
STARTCHAR uni045D
ENCODING 1117
SWIDTH 588 0
DWIDTH 18 0
BBX 13 23 2 0
BITMAP
1800
1800
1C00
0C00
0600
0600
0200
0000
4018
E038
E078
E078
E0F8
E1D8
E398
E318
E718
EE18
FC18
F818
F818
F018
E018
ENDCHAR
STARTCHAR uni045E
ENCODING 1118
SWIDTH 528 0
DWIDTH 16 0
BBX 14 27 1 -6
BITMAP
2030
3030
18E0
0FC0
0300
0000
C00C
E01C
E01C
7038
7038
3030
3870
3860
1CE0
1CE0
0CC0
0FC0
0780
0780
0700
0700
0700
0E00
0E00
0C00
0800
ENDCHAR
STARTCHAR uni045F
ENCODING 1119
SWIDTH 589 0
DWIDTH 18 0
BBX 13 19 2 -4
BITMAP
6018
E018
E018
E018
E018
E018
E018
E018
E018
E018
E018
E018
E018
FFF8
7FF8
0300
0300
0300
0300
ENDCHAR
STARTCHAR uni0462
ENCODING 1122
SWIDTH 729 0
DWIDTH 22 0
BBX 22 21 -1 0
BITMAP
030000
030000
030000
FFFF00
FFFF00
030000
030000
030000
030000
03FFC0
03FFF0
0300F8
030038
030018
030018
03001C
030018
030038
0300F8
03FFF0
03FFC0
ENDCHAR
STARTCHAR uni0463
ENCODING 1123
SWIDTH 619 0
DWIDTH 19 0
BBX 17 21 0 0
BITMAP
060000
060000
060000
060000
060000
060000
7FF000
FFF800
060000
060000
060000
060000
07FF00
060F80
060380
060180
060180
060180
060380
07FF00
07FE00
ENDCHAR
STARTCHAR uni046A
ENCODING 1130
SWIDTH 968 0
DWIDTH 29 0
BBX 27 21 1 0
BITMAP
0FFFFE00
0FFFFE00
07001C00
03803800
01C07000
00C07000
00E0E000
0071C000
003B8000
01FFE000
07FFFC00
0FFFFE00
1E0E0F00
1C0E0700
380E0380
380E0380
700E01C0
700E01C0
E00E00E0
E00E00E0
C00E0060
ENDCHAR
STARTCHAR uni046B
ENCODING 1131
SWIDTH 794 0
DWIDTH 24 0
BBX 22 15 1 0
BITMAP
0FFF80
0FFFC0
060180
030300
038600
01CE00
00FC00
0FFFC0
1FFFE0
3C30E0
383070
703038
603038
E0301C
C0300C
ENDCHAR
STARTCHAR uni0472
ENCODING 1138
SWIDTH 772 0
DWIDTH 23 0
BBX 19 21 2 0
BITMAP
07FC00
1FFF00
3E0F80
380380
7001C0
7001E0
E000E0
E000E0
E000E0
FFFFE0
FFFFE0
E000E0
E000E0
E000E0
E000E0
7001C0
7001C0
380380
1E0F80
0FFE00
07FC00
ENDCHAR
STARTCHAR uni0473
ENCODING 1139
SWIDTH 571 0
DWIDTH 17 0
BBX 15 15 1 0
BITMAP
07C0
1FF0
3C78
781C
701C
700C
600E
FFFE
7FFE
600E
701C
701C
3838
1FF0
0FE0
ENDCHAR
STARTCHAR uni0474
ENCODING 1140
SWIDTH 749 0
DWIDTH 22 0
BBX 23 21 0 0
BITMAP
E0001E
70003E
700070
3000E0
3800E0
3801C0
1C01C0
1C0180
0E0380
0E0300
060700
070700
070E00
038E00
038C00
01DC00
01DC00
00F800
00F800
007000
007000
ENDCHAR
STARTCHAR uni0475
ENCODING 1141
SWIDTH 555 0
DWIDTH 17 0
BBX 16 15 1 0
BITMAP
C007
E00F
E01E
7038
7038
3030
3870
3860
1CE0
1CE0
0CC0
0FC0
0780
0780
0300
ENDCHAR
STARTCHAR uni048A
ENCODING 1162
SWIDTH 761 0
DWIDTH 23 0
BBX 20 32 3 -5
BITMAP
300C00
181800
0FF800
07E000
000000
000000
C00380
C00780
C00780
C00F80
C01F80
C03B80
C03B80
C07380
C0E380
C1C380
C1C380
C38380
C70380
CE0380
CE0380
DC0380
F80380
F00380
F00380
E003F0
C003F0
000060
0000E0
0000E0
0000C0
0000C0
ENDCHAR
STARTCHAR uni048B
ENCODING 1163
SWIDTH 614 0
DWIDTH 18 0
BBX 15 25 2 -4
BITMAP
2030
3030
18E0
1FC0
0300
0000
4018
E038
E078
E078
E0F8
E1D8
E398
E318
E718
EE18
FC18
F818
F818
F01E
E01E
0006
000E
000C
000C
ENDCHAR
STARTCHAR uni048C
ENCODING 1164
SWIDTH 719 0
DWIDTH 22 0
BBX 20 21 0 0
BITMAP
0E0000
0E0000
0E0000
FFE000
FFE000
0E0000
0E0000
0E0000
0E0000
0FFF00
0FFFC0
0E03E0
0E0070
0E0070
0E0070
0E0070
0E0070
0E0070
0E01E0
0FFFC0
07FF00
ENDCHAR
STARTCHAR uni048D
ENCODING 1165
SWIDTH 619 0
DWIDTH 19 0
BBX 17 21 0 0
BITMAP
060000
060000
060000
060000
060000
060000
7FF000
FFF800
060000
060000
060000
060000
07FF00
060F80
060380
060180
060180
060180
060380
07FF00
07FE00
ENDCHAR
STARTCHAR uni048E
ENCODING 1166
SWIDTH 638 0
DWIDTH 19 0
BBX 15 21 3 0
BITMAP
FFF0
FFF8
C03C
C00E
C00E
C00E
C00E
C08E
C1CE
C0DC
FFFC
FFF8
FFF0
C018
C018
C000
C000
C000
C000
C000
C000
ENDCHAR
STARTCHAR uni048F
ENCODING 1167
SWIDTH 597 0
DWIDTH 18 0
BBX 14 21 2 -6
BITMAP
63C0
EFF0
FCF8
F03C
F01C
E01C
E00C
E00C
E00C
E01C
E0DC
F0DC
F878
EFF0
E7F8
E018
E000
E000
E000
E000
4000
ENDCHAR
STARTCHAR uni0490
ENCODING 1168
SWIDTH 546 0
DWIDTH 16 0
BBX 13 26 3 0
BITMAP
0018
0038
0038
0038
0038
FFF8
FFF8
C000
C000
C000
C000
C000
C000
C000
C000
C000
C000
C000
C000
C000
C000
C000
C000
C000
C000
C000
ENDCHAR
STARTCHAR uni0491
ENCODING 1169
SWIDTH 440 0
DWIDTH 13 0
BBX 11 18 2 0
BITMAP
00E0
00E0
00E0
3FE0
FFE0
FF80
E000
E000
E000
E000
E000
E000
E000
E000
E000
E000
E000
E000
ENDCHAR
STARTCHAR uni0492
ENCODING 1170
SWIDTH 583 0
DWIDTH 17 0
BBX 16 21 1 0
BITMAP
1FFF
1FFF
1800
1800
1800
1800
1800
1800
1800
7FC0
FFE0
7FC0
1800
1800
1800
1800
1800
1800
1800
1800
1800
ENDCHAR
STARTCHAR uni0493
ENCODING 1171
SWIDTH 461 0
DWIDTH 14 0
BBX 14 15 0 0
BITMAP
0FF8
1FFC
1FF8
1C00
1C00
1C00
1C00
FFC0
FFC0
1C00
1C00
1C00
1C00
1C00
1C00
ENDCHAR
STARTCHAR uni0494
ENCODING 1172
SWIDTH 676 0
DWIDTH 20 0
BBX 16 27 3 -6
BITMAP
FFFC
FFFC
C000
C000
C000
C000
C000
C000
DFE0
FFF8
FCFC
C01C
C00E
C00E
C006
C007
C007
C007
C007
C007
C007
0006
000E
001E
03FC
03F8
01E0
ENDCHAR
STARTCHAR uni0495
ENCODING 1173
SWIDTH 557 0
DWIDTH 17 0
BBX 13 20 2 -5
BITMAP
3FC0
FFE0
FFC0
E000
E000
E180
EFF0
FFF8
F838
F038
E018
E018
E018
E018
E018
0038
0038
0070
01F0
01C0
ENDCHAR
STARTCHAR uni0496
ENCODING 1174
SWIDTH 988 0
DWIDTH 30 0
BBX 30 26 1 -5
BITMAP
700E01C0
380E01C0
380E0380
1C0E0780
0E0E0700
0E0E0E00
070E0E00
078E1C00
038E3800
01FFF800
07FFFC00
0FFFFE00
1E0E0F00
1C0E0700
380E0380
380E0380
700E01C0
700E01C0
E00E00E0
E00E00FC
C00E007C
0000001C
0000001C
0000001C
0000001C
00000018
ENDCHAR
STARTCHAR uni0497
ENCODING 1175
SWIDTH 838 0
DWIDTH 25 0
BBX 24 19 1 -4
BITMAP
603018
703038
703078
383070
1C30E0
0E31C0
0FFF80
0FFFC0
1FFFE0
3830F0
383070
703038
E03038
E0301E
C0300F
000007
000007
000007
000006
ENDCHAR
STARTCHAR uni0498
ENCODING 1176
SWIDTH 639 0
DWIDTH 19 0
BBX 16 26 1 -5
BITMAP
1FF8
3FFC
781E
600F
0007
0007
0007
0006
000E
0FFC
0FFC
003E
0007
0007
0003
0003
0007
E007
F81E
7FFE
1FF8
01C0
01C0
01C0
01C0
01C0
ENDCHAR
STARTCHAR uni0499
ENCODING 1177
SWIDTH 502 0
DWIDTH 15 0
BBX 13 19 1 -4
BITMAP
1F80
7FE0
F0F0
0070
0030
0070
01E0
1FC0
0FF0
0030
0038
0038
E070
FFF0
3FC0
0700
0700
0700
0600
ENDCHAR
STARTCHAR uni049A
ENCODING 1178
SWIDTH 658 0
DWIDTH 20 0
BBX 18 26 3 -5
BITMAP
C00C00
C01C00
C03800
C03800
C07000
C0E000
C0E000
C1C000
C38000
FF8000
FFC000
FFE000
C07000
C07800
C03800
C01C00
C01C00
C00C00
C00E00
C00FC0
C007C0
0001C0
0001C0
0001C0
0001C0
000180
ENDCHAR
STARTCHAR uni049B
ENCODING 1179
SWIDTH 574 0
DWIDTH 17 0
BBX 15 19 2 -4
BITMAP
4030
E070
E070
E0E0
E1C0
E380
FF80
FF80
FFC0
E0E0
E0E0
E070
E038
E03E
E01E
000E
000E
000E
0006
ENDCHAR
STARTCHAR uni049C
ENCODING 1180
SWIDTH 684 0
DWIDTH 21 0
BBX 17 21 3 0
BITMAP
C00600
C00E00
C01C00
C01C00
CC3800
CC7000
CC7000
CCE000
CDC000
FFC000
FFE000
CDF000
CC3800
CC1C00
CC1C00
CC0E00
C40E00
C00700
C00700
C00380
C00300
ENDCHAR
STARTCHAR uni049D
ENCODING 1181
SWIDTH 572 0
DWIDTH 17 0
BBX 14 15 2 0
BITMAP
4018
E018
E038
E670
E6E0
E7E0
FFC0
FFC0
FFE0
E670
E638
E638
E01C
E01C
E00C
ENDCHAR
STARTCHAR uni049E
ENCODING 1182
SWIDTH 690 0
DWIDTH 21 0
BBX 21 21 -1 0
BITMAP
070070
0700F0
0700E0
FFF1C0
7FF3C0
070380
070700
070E00
070E00
07FC00
07FE00
07FF00
070380
0701C0
0701C0
0700E0
0700E0
070070
070070
070038
060030
ENDCHAR
STARTCHAR uni049F
ENCODING 1183
SWIDTH 535 0
DWIDTH 16 0
BBX 16 21 -1 0
BITMAP
1C00
1C00
7FE0
FFF0
1C00
1C00
1C06
1C0E
1C0E
1C1C
1C38
1C70
1FF0
1FF0
1FF8
1C1C
1C1C
1C0E
1C07
1C07
0C03
ENDCHAR
STARTCHAR uni04A0
ENCODING 1184
SWIDTH 780 0
DWIDTH 23 0
BBX 22 21 0 0
BITMAP
FF8038
FF8038
038070
038070
0380E0
0381C0
0381C0
038380
038700
03FF00
03FF80
03FFC0
0381E0
0380E0
038070
038030
038038
038038
03801C
03801C
01800C
ENDCHAR
STARTCHAR uni04A1
ENCODING 1185
SWIDTH 612 0
DWIDTH 18 0
BBX 18 15 0 0
BITMAP
7C0100
FE0380
7E0700
060E00
061E00
061C00
07F800
07FC00
07FC00
060E00
060700
060700
060380
060180
0601C0
ENDCHAR
STARTCHAR uni04A2
ENCODING 1186
SWIDTH 804 0
DWIDTH 24 0
BBX 20 26 3 -5
BITMAP
C00180
C00180
C00180
C00180
C00180
C00180
C00180
C00180
C00180
FFFF80
FFFF80
C00180
C00180
C00180
C00180
C00180
C00180
C00180
C00180
C001F0
C001F0
000030
000030
000030
000030
000030
ENDCHAR
STARTCHAR uni04A3
ENCODING 1187
SWIDTH 618 0
DWIDTH 19 0
BBX 16 19 2 -4
BITMAP
6018
E018
E018
E018
E018
E018
FFF8
FFF8
FFF8
E018
E018
E018
E018
E01F
E01F
0007
0007
0007
0007
ENDCHAR
STARTCHAR uni04A4
ENCODING 1188
SWIDTH 936 0
DWIDTH 28 0
BBX 25 21 3 0
BITMAP
C001FF80
C001FF80
C0018000
C0018000
C0018000
C0018000
C0018000
C0018000
C0018000
FFFF8000
FFFF8000
C0018000
C0018000
C0018000
C0018000
C0018000
C0018000
C0018000
C0018000
C0018000
C0018000
ENDCHAR
STARTCHAR uni04A5
ENCODING 1189
SWIDTH 747 0
DWIDTH 22 0
BBX 20 15 2 0
BITMAP
600FE0
E01FF0
E01FE0
E01800
E01800
E01800
FFF800
FFF800
FFF800
E01800
E01800
E01800
E01800
E01800
E01800
ENDCHAR
STARTCHAR uni04A8
ENCODING 1192
SWIDTH 817 0
DWIDTH 25 0
BBX 23 21 2 0
BITMAP
07F000
1FF000
3E0000
380000
700F00
703FC0
E07FE0
E070E0
E06070
E0E070
E0E070
E0E070
E0E070
E0E070
E06070
7070E0
7030E0
3839C0
1E1F86
0FFFFE
07FFFC
ENDCHAR
STARTCHAR uni04A9
ENCODING 1193
SWIDTH 654 0
DWIDTH 20 0
BBX 19 15 1 0
BITMAP
07C000
1FE000
3C4000
780000
707C00
60FE00
60C700
E1C300
61C300
61C300
70C300
70C700
387E00
1FFFE0
0FFFE0
ENDCHAR
STARTCHAR uni04AA
ENCODING 1194
SWIDTH 675 0
DWIDTH 20 0
BBX 17 26 2 -5
BITMAP
07FC00
0FFF00
3E0780
380180
700000
700000
E00000
E00000
E00000
E00000
E00000
E00000
E00000
E00000
E00000
700000
780000
3C0380
1F0F80
0FFF00
03FC00
00E000
00E000
00E000
00E000
00C000
ENDCHAR
STARTCHAR uni04AB
ENCODING 1195
SWIDTH 472 0
DWIDTH 14 0
BBX 13 19 1 -4
BITMAP
07C0
1FF0
3E78
7810
7000
7000
6000
E000
6000
6000
7000
7000
3C30
1FF0
0FE0
0380
0380
0380
0380
ENDCHAR
STARTCHAR uni04AC
ENCODING 1196
SWIDTH 585 0
DWIDTH 18 0
BBX 18 26 0 -5
BITMAP
FFFFC0
FFFFC0
01C000
01C000
01C000
01C000
01C000
01C000
01C000
01C000
01C000
01C000
01C000
01C000
01C000
01C000
01C000
01C000
01C000
01F800
00F800
001800
001800
001800
001800
001800
ENDCHAR
STARTCHAR uni04AD
ENCODING 1197
SWIDTH 450 0
DWIDTH 14 0
BBX 14 19 0 -4
BITMAP
7FF8
FFFC
7FF8
0700
0700
0700
0700
0700
0700
0700
0700
0700
0700
07C0
03C0
00C0
00C0
00C0
00C0
ENDCHAR
STARTCHAR uni04AE
ENCODING 1198
SWIDTH 601 0
DWIDTH 18 0
BBX 18 21 0 0
BITMAP
E001C0
700380
780780
380700
1C0E00
0E1C00
0F1C00
073800
03F000
03F000
01E000
00C000
00C000
00C000
00C000
00C000
00C000
00C000
00C000
00C000
00C000
ENDCHAR
STARTCHAR uni04AF
ENCODING 1199
SWIDTH 519 0
DWIDTH 16 0
BBX 14 21 1 -6
BITMAP
C008
E01C
E018
6038
7038
7070
3870
3860
18E0
1CC0
0DC0
0FC0
0F80
0780
0700
0700
0700
0700
0700
0700
0200
ENDCHAR
STARTCHAR uni04B0
ENCODING 1200
SWIDTH 601 0
DWIDTH 18 0
BBX 18 21 0 0
BITMAP
E001C0
700380
780780
380700
1C0E00
0E1C00
0F1C00
073800
03F000
03F000
01E000
1FFF00
1FFE00
00C000
00C000
00C000
00C000
00C000
00C000
00C000
00C000
ENDCHAR
STARTCHAR uni04B1
ENCODING 1201
SWIDTH 519 0
DWIDTH 16 0
BBX 14 21 1 -6
BITMAP
C008
E01C
E018
6038
7038
7070
3870
3860
18E0
1CC0
0DC0
0FC0
0F80
0780
3FF0
3FF0
0700
0700
0700
0700
0200
ENDCHAR
STARTCHAR uni04B2
ENCODING 1202
SWIDTH 665 0
DWIDTH 20 0
BBX 19 26 1 -5
BITMAP
600380
700380
380700
380E00
1C1E00
0E1C00
073800
077000
03F000
01E000
01E000
03E000
03F000
073800
0E3C00
1E1C00
1C0E00
380700
700780
F003E0
E001E0
000060
000060
000060
000060
000060
ENDCHAR
STARTCHAR uni04B3
ENCODING 1203
SWIDTH 560 0
DWIDTH 17 0
BBX 15 19 1 -4
BITMAP
6018
7038
3838
3870
1CE0
0FC0
0780
0780
07C0
0FC0
1CE0
3870
7838
703E
E01E
0006
0006
0006
0006
ENDCHAR
STARTCHAR uni04B4
ENCODING 1204
SWIDTH 927 0
DWIDTH 28 0
BBX 27 26 0 -5
BITMAP
FFFF0700
FFFF0700
03800700
03800700
03800700
03800700
03800700
03800700
03800700
03800700
03800700
03800700
03800700
03800700
03800700
03800700
03800700
03800700
03800700
03FFFFE0
01FFFFE0
00000060
00000060
00000060
00000060
00000060
ENDCHAR
STARTCHAR uni04B5
ENCODING 1205
SWIDTH 700 0
DWIDTH 21 0
BBX 20 19 0 -4
BITMAP
7FE080
FFF1C0
7FE1C0
0601C0
0601C0
0601C0
0601C0
0601C0
0601C0
0601C0
0601C0
0601C0
0601C0
07FFF0
07FFF0
000030
000030
000030
000030
ENDCHAR
STARTCHAR uni04B6
ENCODING 1206
SWIDTH 721 0
DWIDTH 22 0
BBX 19 26 2 -5
BITMAP
C00700
C00700
C00700
C00700
C00700
C00700
E00700
E00700
E00700
700700
7C1F00
3FFF00
0FFF00
000700
000700
000700
000700
000700
000700
0007E0
0007E0
0000E0
0000E0
0000E0
0000E0
000060
ENDCHAR
STARTCHAR uni04B7
ENCODING 1207
SWIDTH 583 0
DWIDTH 17 0
BBX 15 19 2 -4
BITMAP
C030
C030
C030
C030
C030
E030
E030
F070
7FF0
3FB0
0030
0030
0030
003E
003E
000E
000E
000E
000E
ENDCHAR
STARTCHAR uni04B8
ENCODING 1208
SWIDTH 680 0
DWIDTH 20 0
BBX 16 21 2 0
BITMAP
C007
C007
C007
C007
C007
E107
E187
E187
E187
7187
7D9F
3FFF
0FFF
0187
0187
0187
0187
0187
0007
0007
0007
ENDCHAR
STARTCHAR uni04B9
ENCODING 1209
SWIDTH 576 0
DWIDTH 17 0
BBX 13 15 2 0
BITMAP
C010
C038
C038
C038
C238
E338
E338
F378
7FF8
1FF8
0338
0338
0238
0038
0038
ENDCHAR
STARTCHAR uni04BA
ENCODING 1210
SWIDTH 680 0
DWIDTH 20 0
BBX 16 21 3 0
BITMAP
C000
C000
C000
C000
C000
C000
C000
C000
DFF0
FFF8
F03C
C01E
C00E
C006
C007
C007
C007
C007
C007
C007
C007
ENDCHAR
STARTCHAR uni04BB
ENCODING 1211
SWIDTH 583 0
DWIDTH 17 0
BBX 13 21 2 0
BITMAP
E000
E000
E000
E000
E000
E000
E3C0
EFF0
FCF8
F038
F038
E038
E038
E038
E038
E038
E038
E038
E038
E038
E018
ENDCHAR
STARTCHAR uni04BC
ENCODING 1212
SWIDTH 932 0
DWIDTH 28 0
BBX 25 21 1 0
BITMAP
001FF000
007FFC00
00F81E00
00E00E00
C1C00700
C3C00300
C3800380
C3800380
E3800380
FFFFFF80
7FFFFF80
1FFFFF80
03800000
03800000
03800000
01C00000
01C00000
00F00300
007C1F00
003FFE00
000FF800
ENDCHAR
STARTCHAR uni04BD
ENCODING 1213
SWIDTH 636 0
DWIDTH 19 0
BBX 17 15 1 0
BITMAP
007800
01FE00
038700
C70380
CE0180
CE0180
FE0180
7FFF80
0C0000
0E0000
0E0000
070000
078380
03FF80
00FE00
ENDCHAR
STARTCHAR uni04BE
ENCODING 1214
SWIDTH 932 0
DWIDTH 28 0
BBX 25 27 1 -6
BITMAP
001FF000
007FFC00
00F81E00
00E00E00
C1C00700
C3C00300
C3800380
C3800380
E3800380
FFFFFF80
7FFFFF80
1FFFFF80
03800000
03800000
03800000
01C00000
01C00000
00F00300
007C1F00
003FFE00
000FF800
00018000
00030000
00030000
00030000
0003F000
0000E000
ENDCHAR
STARTCHAR uni04BF
ENCODING 1215
SWIDTH 636 0
DWIDTH 19 0
BBX 17 21 1 -6
BITMAP
007800
01FE00
038700
C70380
CE0180
CE0180
FE0180
7FFF80
0C0000
0E0000
0E0000
070000
078380
03FF80
00FE00
003000
006000
006000
006000
007E00
001C00
ENDCHAR
STARTCHAR uni04C0
ENCODING 1216
SWIDTH 262 0
DWIDTH 8 0
BBX 2 21 3 0
BITMAP
C0
C0
C0
C0
C0
C0
C0
C0
C0
C0
C0
C0
C0
C0
C0
C0
C0
C0
C0
C0
C0
ENDCHAR
STARTCHAR uni04C1
ENCODING 1217
SWIDTH 979 0
DWIDTH 29 0
BBX 27 27 1 0
BITMAP
00C06000
00E06000
007FC000
001F8000
00000000
00000000
700E01C0
380E01C0
380E0380
1C0E0780
0E0E0700
0E0E0E00
070E0E00
078E1C00
038E3800
01FFF800
07FFFC00
0FFFFE00
1E0E0F00
1C0E0700
380E0380
380E0380
700E01C0
700E01C0
E00E00E0
E00E00E0
C00E0060
ENDCHAR
STARTCHAR uni04C2
ENCODING 1218
SWIDTH 794 0
DWIDTH 24 0
BBX 22 21 1 0
BITMAP
020300
030300
018600
00FC00
003000
000000
603018
703038
703078
383070
1C30E0
0E31C0
0FFF80
0FFFC0
1FFFE0
3830F0
383070
703038
E03038
E0301C
C0300C
ENDCHAR
STARTCHAR uni04C3
ENCODING 1219
SWIDTH 676 0
DWIDTH 20 0
BBX 16 27 3 -6
BITMAP
C00C
C01C
C038
C038
C070
C0E0
C0E0
C1C0
C380
FFC0
FFF8
C1FC
C01C
C00E
C00E
C006
C007
C007
C007
C007
C007
0006
000E
001E
03FC
03F8
01E0
ENDCHAR
STARTCHAR uni04C4
ENCODING 1220
SWIDTH 547 0
DWIDTH 16 0
BBX 13 20 2 -5
BITMAP
4030
E070
E070
E0E0
E1C0
E380
FF80
FFE0
FFF0
E070
E038
E038
E038
E038
E038
0038
0038
0070
01E0
01C0
ENDCHAR
STARTCHAR uni04C5
ENCODING 1221
SWIDTH 763 0
DWIDTH 23 0
BBX 22 26 1 -5
BITMAP
07FFE0
07FFE0
0600E0
0600E0
0600E0
0600E0
0E00E0
0E00E0
0E00E0
0E00E0
0E00E0
0E00E0
0E00E0
0C00E0
0C00E0
1C00E0
1C00E0
3800E0
7000E0
F000FC
C000FC
000018
000038
000038
000030
000030
ENDCHAR
STARTCHAR uni04C6
ENCODING 1222
SWIDTH 605 0
DWIDTH 18 0
BBX 16 19 1 -4
BITMAP
0FF8
1FFC
1FFC
1C1C
1C1C
1C1C
1C1C
1C1C
181C
181C
381C
381C
701C
F01F
C00F
0007
0006
0006
000E
ENDCHAR
STARTCHAR uni04C7
ENCODING 1223
SWIDTH 764 0
DWIDTH 23 0
BBX 17 27 3 -6
BITMAP
C00180
C00180
C00180
C00180
C00180
C00180
C00180
C00180
C00180
FFFF80
FFFF80
C00180
C00180
C00180
C00180
C00180
C00180
C00180
C00180
C00180
C00180
000180
000380
000380
000F80
001F00
001C00
ENDCHAR
STARTCHAR uni04C8
ENCODING 1224
SWIDTH 592 0
DWIDTH 18 0
BBX 13 21 2 -6
BITMAP
6018
E018
E018
E018
E018
E018
FFF8
FFF8
FFF8
E018
E018
E018
E018
E018
E018
0018
0018
0038
00F8
01F0
01C0
ENDCHAR
STARTCHAR uni04C9
ENCODING 1225
SWIDTH 783 0
DWIDTH 23 0
BBX 20 26 3 -5
BITMAP
C00180
C00180
C00180
C00180
C00180
C00180
C00180
C00180
C00180
FFFF80
FFFF80
C00180
C00180
C00180
C00180
C00180
C00180
C00180
C00180
C001F0
C001F0
000070
000070
000060
0000E0
000040
ENDCHAR
STARTCHAR uni04CA
ENCODING 1226
SWIDTH 618 0
DWIDTH 19 0
BBX 15 19 2 -4
BITMAP
6018
E018
E018
E018
E018
E018
FFF8
FFF8
FFF8
E018
E018
E018
E018
E01E
E01E
0006
000E
000C
000C
ENDCHAR
STARTCHAR uni04CB
ENCODING 1227
SWIDTH 689 0
DWIDTH 21 0
BBX 16 26 2 -5
BITMAP
C007
C007
C007
C007
C007
C007
E007
E007
E007
7007
7C1F
3FFF
0FFF
0007
0007
0007
0007
0007
0007
003F
003F
0038
0038
0038
0038
0030
ENDCHAR
STARTCHAR uni04CC
ENCODING 1228
SWIDTH 557 0
DWIDTH 17 0
BBX 12 19 2 -4
BITMAP
C030
C030
C030
C030
C030
E030
E030
F070
7FF0
3FB0
0030
0030
0030
00F0
01F0
01C0
01C0
01C0
01C0
ENDCHAR
STARTCHAR uni04CD
ENCODING 1229
SWIDTH 878 0
DWIDTH 26 0
BBX 23 26 3 -5
BITMAP
C00070
E00070
E000F0
F000F0
F001F0
F801B0
DC03B0
DC0330
CE0730
C60630
C70E30
C30C30
C39C30
C19830
C1F830
C0F030
C0E030
C06030
C00030
C0003E
C0003E
00000E
00000C
00000C
00001C
000018
ENDCHAR
STARTCHAR uni04CE
ENCODING 1230
SWIDTH 691 0
DWIDTH 21 0
BBX 18 19 2 -4
BITMAP
400600
E00700
F00F00
F00F00
F81F00
FC3F00
EC3700
EE7700
E66700
E7C700
E3C700
E18700
E18700
E007C0
E007C0
000180
000180
000380
000300
ENDCHAR
STARTCHAR uni04CF
ENCODING 1231
SWIDTH 248 0
DWIDTH 7 0
BBX 3 21 2 0
BITMAP
E0
E0
E0
E0
E0
E0
E0
E0
E0
E0
E0
E0
E0
E0
E0
E0
E0
E0
E0
E0
E0
ENDCHAR
STARTCHAR uni04D0
ENCODING 1232
SWIDTH 733 0
DWIDTH 22 0
BBX 20 27 1 0
BITMAP
0C0300
060600
03FC00
01F800
000000
000000
006000
00F000
00F000
01F800
019800
039C00
031C00
070E00
070E00
060600
0E0700
0C0300
1C0380
1FFF80
3FFFC0
3FFFC0
7000E0
7000E0
600060
E00070
C00030
ENDCHAR
STARTCHAR uni04D1
ENCODING 1233
SWIDTH 544 0
DWIDTH 16 0
BBX 12 21 2 0
BITMAP
6020
7060
38E0
1FC0
0200
0000
0F80
7FE0
F0E0
4070
0070
0070
00F0
7FF0
F870
E070
C070
E070
E0F0
7FF0
3F30
ENDCHAR
STARTCHAR uni04D2
ENCODING 1234
SWIDTH 733 0
DWIDTH 22 0
BBX 20 27 1 0
BITMAP
030C00
039C00
039C00
000000
000000
000000
006000
00F000
00F000
01F800
019800
039C00
031C00
070E00
070E00
060600
0E0700
0C0300
1C0380
1FFF80
3FFFC0
3FFFC0
7000E0
7000E0
600060
E00070
C00030
ENDCHAR
STARTCHAR uni04D3
ENCODING 1235
SWIDTH 544 0
DWIDTH 16 0
BBX 12 21 2 0
BITMAP
38C0
38E0
18C0
0000
0000
0000
0F80
7FE0
F0E0
4070
0070
0070
00F0
7FF0
F870
E070
C070
E070
E0F0
7FF0
3F30
ENDCHAR
STARTCHAR uni04D4
ENCODING 1236
SWIDTH 984 0
DWIDTH 30 0
BBX 28 21 0 0
BITMAP
000FFFF0
001FFFF0
001E0000
003F0000
00770000
00730000
00E30000
00C38000
01C38000
0383FFE0
0381FFF0
07018000
0601C000
0FFFC000
1FFFC000
1FFFC000
3800C000
3000E000
7000E000
E0007FF0
E0007FF0
ENDCHAR
STARTCHAR uni04D5
ENCODING 1237
SWIDTH 872 0
DWIDTH 26 0
BBX 23 15 2 0
BITMAP
0F83E0
7FCFF8
70FE3C
40780C
00780C
00700E
00700E
3FFFFE
F87000
E07000
C07800
E07800
E0DC0E
7FCFFC
3F07F8
ENDCHAR
STARTCHAR uni04D6
ENCODING 1238
SWIDTH 586 0
DWIDTH 18 0
BBX 13 27 3 0
BITMAP
6010
3030
3FE0
0FC0
0000
0000
FFF8
FFF8
C000
C000
C000
C000
C000
C000
C000
FFF0
FFF8
C000
C000
C000
C000
C000
C000
C000
C000
FFF8
FFF8
ENDCHAR
STARTCHAR uni04D7
ENCODING 1239
SWIDTH 545 0
DWIDTH 16 0
BBX 14 21 1 0
BITMAP
3018
1830
1C70
0FE0
0100
0000
07C0
1FF0
3C78
3018
701C
600C
600C
FFFC
E000
6000
7000
7000
381C
1FF8
0FF0
ENDCHAR
STARTCHAR uni04D8
ENCODING 1240
SWIDTH 772 0
DWIDTH 23 0
BBX 19 21 2 0
BITMAP
0FFC00
3FFE00
780F80
600380
0001C0
0001C0
0000E0
0000E0
0000E0
FFFFE0
FFFFE0
FFFFE0
E000E0
E000E0
E000E0
7001C0
7001C0
380380
3E0F80
0FFE00
07FC00
ENDCHAR
STARTCHAR uni04D9
ENCODING 1241
SWIDTH 546 0
DWIDTH 16 0
BBX 14 15 1 0
BITMAP
0F80
7FE0
78F0
4038
0018
001C
001C
7FFC
FFFC
E01C
6018
6038
7070
3FF0
1FC0
ENDCHAR
STARTCHAR uni04DA
ENCODING 1242
SWIDTH 772 0
DWIDTH 23 0
BBX 19 27 2 0
BITMAP
031800
071C00
071800
000000
000000
000000
0FFC00
3FFE00
780F80
600380
0001C0
0001C0
0000E0
0000E0
0000E0
FFFFE0
FFFFE0
FFFFE0
E000E0
E000E0
E000E0
7001C0
7001C0
380380
3E0F80
0FFE00
07FC00
ENDCHAR
STARTCHAR uni04DB
ENCODING 1243
SWIDTH 546 0
DWIDTH 16 0
BBX 14 21 1 0
BITMAP
18C0
38E0
18C0
0000
0000
0000
0F80
7FE0
78F0
4038
0018
001C
001C
7FFC
FFFC
E01C
6018
6038
7070
3FF0
1FC0
ENDCHAR
STARTCHAR uni04DC
ENCODING 1244
SWIDTH 979 0
DWIDTH 29 0
BBX 27 27 1 0
BITMAP
00318000
0079C000
0031C000
00000000
00000000
00000000
700E01C0
380E01C0
380E0380
1C0E0780
0E0E0700
0E0E0E00
070E0E00
078E1C00
038E3800
01FFF800
07FFFC00
0FFFFE00
1E0E0F00
1C0E0700
380E0380
380E0380
700E01C0
700E01C0
E00E00E0
E00E00E0
C00E0060
ENDCHAR
STARTCHAR uni04DD
ENCODING 1245
SWIDTH 794 0
DWIDTH 24 0
BBX 22 21 1 0
BITMAP
01CE00
01CE00
018E00
000000
000000
000000
603018
703038
703078
383070
1C30E0
0E31C0
0FFF80
0FFFC0
1FFFE0
3830F0
383070
703038
E03038
E0301C
C0300C
ENDCHAR
STARTCHAR uni04DE
ENCODING 1246
SWIDTH 639 0
DWIDTH 19 0
BBX 16 27 1 0
BITMAP
0630
0E38
0630
0000
0000
0000
1FF8
3FFC
781E
600F
0007
0007
0007
0006
000E
0FFC
0FFC
003E
0007
0007
0003
0003
0007
E007
F81E
7FFE
1FF8
ENDCHAR
STARTCHAR uni04DF
ENCODING 1247
SWIDTH 502 0
DWIDTH 15 0
BBX 13 21 1 0
BITMAP
18C0
38E0
18C0
0000
0000
0000
1F80
7FE0
F0F0
0070
0030
0070
01E0
1FC0
0FF0
0030
0038
0038
E070
FFF0
3FC0
ENDCHAR
STARTCHAR uni04E0
ENCODING 1248
SWIDTH 639 0
DWIDTH 19 0
BBX 16 21 1 0
BITMAP
FFFF
FFFF
000E
001C
0038
0070
00E0
01C0
0380
07F0
07FC
007E
0007
0007
0003
0003
0007
E007
F81E
7FFE
1FF8
ENDCHAR
STARTCHAR uni04E1
ENCODING 1249
SWIDTH 500 0
DWIDTH 15 0
BBX 14 21 0 -6
BITMAP
3FF8
7FF8
3FF8
0070
00E0
01C0
0380
0700
0E00
0FE0
0FF8
0038
001C
001C
001C
001C
001C
4038
FDF8
7FE0
0F80
ENDCHAR
STARTCHAR uni04E2
ENCODING 1250
SWIDTH 741 0
DWIDTH 22 0
BBX 17 26 3 0
BITMAP
1FF800
1FF800
000000
000000
000000
C00380
C00780
C00780
C00F80
C01F80
C03B80
C03B80
C07380
C0E380
C1C380
C1C380
C38380
C70380
CE0380
CE0380
DC0380
F80380
F00380
F00380
E00380
C00380
ENDCHAR
STARTCHAR uni04E3
ENCODING 1251
SWIDTH 588 0
DWIDTH 18 0
BBX 13 20 2 0
BITMAP
3FE0
0000
0000
0000
0000
4018
E038
E078
E078
E0F8
E1D8
E398
E318
E718
EE18
FC18
F818
F818
F018
E018
ENDCHAR
STARTCHAR uni04E4
ENCODING 1252
SWIDTH 741 0
DWIDTH 22 0
BBX 17 27 3 0
BITMAP
0E3000
0E7000
0E3000
000000
000000
000000
C00380
C00780
C00780
C00F80
C01F80
C03B80
C03B80
C07380
C0E380
C1C380
C1C380
C38380
C70380
CE0380
CE0380
DC0380
F80380
F00380
F00380
E00380
C00380
ENDCHAR
STARTCHAR uni04E5
ENCODING 1253
SWIDTH 588 0
DWIDTH 18 0
BBX 13 21 2 0
BITMAP
18E0
1CE0
18E0
0000
0000
0000
4018
E038
E078
E078
E0F8
E1D8
E398
E318
E718
EE18
FC18
F818
F818
F018
E018
ENDCHAR
STARTCHAR uni04E6
ENCODING 1254
SWIDTH 771 0
DWIDTH 23 0
BBX 19 27 2 0
BITMAP
031800
071C00
031800
000000
000000
000000
07FC00
1FFF00
3E0F80
380380
7001C0
7001E0
E000E0
E000E0
E000E0
E000E0
E000E0
E000E0
E000E0
E000E0
E000E0
7001C0
7001C0
380380
1E0F80
0FFE00
07FC00
ENDCHAR
STARTCHAR uni04E7
ENCODING 1255
SWIDTH 571 0
DWIDTH 17 0
BBX 15 21 1 0
BITMAP
0C60
1C70
0C60
0000
0000
0000
07C0
1FF0
3C78
781C
701C
600C
600E
E00E
E00E
600C
701C
701C
3838
1FF0
0FE0
ENDCHAR
STARTCHAR uni04E8
ENCODING 1256
SWIDTH 772 0
DWIDTH 23 0
BBX 19 21 2 0
BITMAP
07FC00
1FFF00
3E0F80
380380
7001C0
7001E0
E000E0
E000E0
E000E0
FFFFE0
FFFFE0
E000E0
E000E0
E000E0
E000E0
7001C0
7001C0
380380
1E0F80
0FFE00
07FC00
ENDCHAR
STARTCHAR uni04E9
ENCODING 1257
SWIDTH 571 0
DWIDTH 17 0
BBX 15 15 1 0
BITMAP
07C0
1FF0
3C78
781C
701C
700C
600E
FFFE
7FFE
600E
701C
701C
3838
1FF0
0FE0
ENDCHAR
STARTCHAR uni04EA
ENCODING 1258
SWIDTH 772 0
DWIDTH 23 0
BBX 19 27 2 0
BITMAP
031800
071C00
031800
000000
000000
000000
07FC00
1FFF00
3E0F80
380380
7001C0
7001E0
E000E0
E000E0
E000E0
FFFFE0
FFFFE0
E000E0
E000E0
E000E0
E000E0
7001C0
7001C0
380380
1E0F80
0FFE00
07FC00
ENDCHAR
STARTCHAR uni04EB
ENCODING 1259
SWIDTH 571 0
DWIDTH 17 0
BBX 15 21 1 0
BITMAP
0C60
1C70
0C60
0000
0000
0000
07C0
1FF0
3C78
781C
701C
700C
600E
FFFE
7FFE
600E
701C
701C
3838
1FF0
0FE0
ENDCHAR
STARTCHAR uni04EC
ENCODING 1260
SWIDTH 675 0
DWIDTH 20 0
BBX 17 27 1 0
BITMAP
0C3000
0E7000
0E7000
000000
000000
000000
1FF000
7FFC00
F83E00
E00F00
000700
000380
000380
000380
000380
0FFF80
0FFF80
000380
000380
000380
000380
000780
000700
E00E00
FC7E00
7FFC00
1FF000
ENDCHAR
STARTCHAR uni04ED
ENCODING 1261
SWIDTH 495 0
DWIDTH 15 0
BBX 12 21 1 0
BITMAP
3180
71C0
3180
0000
0000
0000
1F00
FFC0
E1E0
80E0
0070
0030
0030
3FF0
1FF0
0030
0070
0070
C0E0
FFC0
7F80
ENDCHAR
STARTCHAR uni04EE
ENCODING 1262
SWIDTH 647 0
DWIDTH 19 0
BBX 18 26 1 0
BITMAP
0FFC00
0FF800
000000
000000
000000
C001C0
E001C0
700380
700380
380700
380700
1C0E00
0E0E00
0E1C00
071C00
073800
03B800
01F000
01F000
00E000
00E000
01C000
01C000
038000
038000
070000
ENDCHAR
STARTCHAR uni04EF
ENCODING 1263
SWIDTH 528 0
DWIDTH 16 0
BBX 14 26 1 -6
BITMAP
3FF0
0000
0000
0000
0000
C00C
E01C
E01C
7038
7038
3030
3870
3860
1CE0
1CE0
0CC0
0FC0
0780
0780
0700
0700
0700
0E00
0E00
0C00
0800
ENDCHAR
STARTCHAR uni04F0
ENCODING 1264
SWIDTH 647 0
DWIDTH 19 0
BBX 18 27 1 0
BITMAP
063800
073800
063800
000000
000000
000000
C001C0
E001C0
700380
700380
380700
380700
1C0E00
0E0E00
0E1C00
071C00
073800
03B800
01F000
01F000
00E000
00E000
01C000
01C000
038000
038000
070000
ENDCHAR
STARTCHAR uni04F1
ENCODING 1265
SWIDTH 528 0
DWIDTH 16 0
BBX 14 27 1 -6
BITMAP
1CE0
1CE0
18E0
0000
0000
0000
C00C
E01C
E01C
7038
7038
3030
3870
3860
1CE0
1CE0
0CC0
0FC0
0780
0780
0700
0700
0700
0E00
0E00
0C00
0800
ENDCHAR
STARTCHAR uni04F2
ENCODING 1266
SWIDTH 647 0
DWIDTH 19 0
BBX 18 28 1 0
BITMAP
00CE00
00CC00
019800
019800
033000
000000
000000
C001C0
E001C0
700380
700380
380700
380700
1C0E00
0E0E00
0E1C00
071C00
073800
03B800
01F000
01F000
00E000
00E000
01C000
01C000
038000
038000
070000
ENDCHAR
STARTCHAR uni04F3
ENCODING 1267
SWIDTH 528 0
DWIDTH 16 0
BBX 14 29 1 -6
BITMAP
0330
0770
0660
0660
0440
0CC0
0440
0000
C00C
E01C
E01C
7038
7038
3030
3870
3860
1CE0
1CE0
0CC0
0FC0
0780
0780
0700
0700
0700
0E00
0E00
0C00
0800
ENDCHAR
STARTCHAR uni04F4
ENCODING 1268
SWIDTH 680 0
DWIDTH 20 0
BBX 16 27 2 0
BITMAP
0C60
1C70
0C70
0000
0000
0000
C007
C007
C007
C007
C007
C007
E007
E007
E007
7007
7C1F
3FFF
0FFF
0007
0007
0007
0007
0007
0007
0007
0007
ENDCHAR
STARTCHAR uni04F5
ENCODING 1269
SWIDTH 557 0
DWIDTH 17 0
BBX 12 21 2 0
BITMAP
39C0
39C0
38C0
0000
0000
0000
C030
C030
C030
C030
C030
E030
E030
F070
7FF0
3FB0
0030
0030
0030
0030
0030
ENDCHAR
STARTCHAR uni04F6
ENCODING 1270
SWIDTH 546 0
DWIDTH 16 0
BBX 13 26 3 -5
BITMAP
FFF8
FFF8
C000
C000
C000
C000
C000
C000
C000
C000
C000
C000
C000
C000
C000
C000
C000
C000
C000
F800
F800
1800
1800
1800
1800
1800
ENDCHAR
STARTCHAR uni04F7
ENCODING 1271
SWIDTH 440 0
DWIDTH 13 0
BBX 11 19 2 -4
BITMAP
3FC0
FFE0
FFC0
E000
E000
E000
E000
E000
E000
E000
E000
E000
E000
F800
7800
1800
1800
1800
1800
ENDCHAR
STARTCHAR uni04F8
ENCODING 1272
SWIDTH 865 0
DWIDTH 26 0
BBX 20 27 3 0
BITMAP
030C00
039C00
039C00
000000
000000
000000
C00030
C00030
C00030
C00030
C00030
C00030
C00030
C00030
C00030
FFE030
FFF830
C07C30
C01C30
C00E30
C00E30
C00E30
C00E30
C01C30
C07C30
FFF830
FFE030
ENDCHAR
STARTCHAR uni04F9
ENCODING 1273
SWIDTH 740 0
DWIDTH 22 0
BBX 18 21 2 0
BITMAP
071800
073800
071800
000000
000000
000000
600080
E001C0
E001C0
E001C0
E001C0
E001C0
FFE1C0
E0F1C0
E039C0
E039C0
E039C0
E039C0
E079C0
FFF1C0
7FC1C0
ENDCHAR
STARTCHAR uni04FA
ENCODING 1274
SWIDTH 583 0
DWIDTH 17 0
BBX 16 26 1 -5
BITMAP
1FFF
1FFF
1800
1800
1800
1800
1800
1800
1800
7FC0
FFE0
7FC0
1800
1800
1800
1800
1800
1800
1800
1F00
1F00
0300
0300
0700
3E00
7C00
ENDCHAR
STARTCHAR uni04FB
ENCODING 1275
SWIDTH 461 0
DWIDTH 14 0
BBX 14 20 0 -5
BITMAP
0FF8
1FFC
1FF8
1C00
1C00
1C00
1C00
FFC0
FFC0
1C00
1C00
1C00
1C00
1F00
1F00
0300
0300
0700
1E00
3C00
ENDCHAR
STARTCHAR uni04FC
ENCODING 1276
SWIDTH 655 0
DWIDTH 20 0
BBX 17 26 1 -5
BITMAP
600380
700380
380700
380E00
1C1E00
0E1C00
073800
077000
03F000
01E000
01E000
03E000
03F000
073800
0E3C00
1E1C00
1C0E00
380700
700700
F00380
E00380
000380
000380
000780
001F00
001E00
ENDCHAR
STARTCHAR uni04FD
ENCODING 1277
SWIDTH 540 0
DWIDTH 16 0
BBX 13 20 2 -5
BITMAP
C030
E070
7070
70E0
39C0
1F80
0F00
0F00
0F80
1F80
39C0
70E0
F070
E070
C038
0038
0038
0038
00F8
01E0
ENDCHAR
STARTCHAR uni04FE
ENCODING 1278
SWIDTH 655 0
DWIDTH 20 0
BBX 17 21 1 0
BITMAP
600380
700380
380700
380E00
1C1E00
0E1C00
073800
077000
03F000
3FFE00
3FFE00
03E000
03F000
073800
0E3C00
1E1C00
1C0E00
380700
700780
F00380
E00180
ENDCHAR
STARTCHAR uni04FF
ENCODING 1279
SWIDTH 540 0
DWIDTH 16 0
BBX 14 15 1 0
BITMAP
6018
7038
3838
3870
1CE0
0FC0
0780
7FFC
7FF8
0FC0
1CE0
3870
7838
703C
E01C
ENDCHAR
STARTCHAR uni0510
ENCODING 1296
SWIDTH 639 0
DWIDTH 19 0
BBX 16 21 2 0
BITMAP
1FF8
3FFE
781F
7006
E000
E000
E000
7000
7800
3FF0
1FF8
7E00
F000
E000
E000
E000
E000
E007
781F
3FFE
1FF8
ENDCHAR
STARTCHAR uni0511
ENCODING 1297
SWIDTH 502 0
DWIDTH 15 0
BBX 13 15 1 0
BITMAP
0FC0
3FF0
7878
7000
6000
7000
3C00
1FC0
7F80
6000
E000
E000
7018
7FF8
1FE0
ENDCHAR
STARTCHAR uni0512
ENCODING 1298
SWIDTH 743 0
DWIDTH 22 0
BBX 19 27 1 -6
BITMAP
07FFE0
07FFE0
0600E0
0600E0
0600E0
0600E0
0E00E0
0E00E0
0E00E0
0E00E0
0E00E0
0E00E0
0E00E0
0C00E0
0C00E0
1C00E0
1C00E0
3800E0
7000E0
F000E0
C000E0
0000E0
0000E0
0001C0
0007C0
000F80
000E00
ENDCHAR
STARTCHAR uni0513
ENCODING 1299
SWIDTH 579 0
DWIDTH 17 0
BBX 14 21 1 -6
BITMAP
0FF8
1FFC
1FFC
1C1C
1C1C
1C1C
1C1C
1C1C
181C
181C
381C
381C
701C
F01C
C01C
001C
001C
001C
0078
01F0
00C0
ENDCHAR
STARTCHAR uni051A
ENCODING 1306
SWIDTH 771 0
DWIDTH 23 0
BBX 19 27 2 -6
BITMAP
07FC00
1FFF00
3E0F80
380380
7001C0
7001E0
E000E0
E000E0
E000E0
E000E0
E000E0
E000E0
E000E0
E000E0
E000E0
7001C0
7001C0
380380
1E0F80
0FFE00
07FC00
001E00
000F00
000700
000380
000380
000180
ENDCHAR
STARTCHAR uni051B
ENCODING 1307
SWIDTH 598 0
DWIDTH 18 0
BBX 15 21 1 -6
BITMAP
078C
1FEE
3C7E
781E
701E
600E
600E
E00E
E00E
600E
701E
701E
383E
3FEE
0FCE
000E
000E
000E
000E
000E
0004
ENDCHAR
STARTCHAR uni051C
ENCODING 1308
SWIDTH 1104 0
DWIDTH 33 0
BBX 31 21 1 0
BITMAP
E003800E
E003800E
7003C00C
7007C01C
3006C01C
3806E018
380EE038
180C6038
1C1C7030
1C1C7070
0C183070
0E383860
0E3838E0
063018E0
07701DC0
07700DC0
03600D80
03E00F80
03E00780
01C00700
01C00700
ENDCHAR
STARTCHAR uni051D
ENCODING 1309
SWIDTH 854 0
DWIDTH 26 0
BBX 23 15 1 0
BITMAP
401806
E03806
603C0E
703C0E
707C0C
306E1C
38661C
38E718
18C738
1DC330
0D83B0
0F81F0
0F81E0
0701E0
0700C0
ENDCHAR
STARTCHAR uni0524
ENCODING 1316
SWIDTH 798 0
DWIDTH 24 0
BBX 20 26 3 -5
BITMAP
FFFF80
FFFF80
C00380
C00380
C00380
C00380
C00380
C00380
C00380
C00380
C00380
C00380
C00380
C00380
C00380
C00380
C00380
C00380
C00380
C003F0
C001F0
000030
000030
000030
000030
000030
ENDCHAR
STARTCHAR uni0525
ENCODING 1317
SWIDTH 615 0
DWIDTH 18 0
BBX 16 19 2 -4
BITMAP
3FF0
FFF8
FFF8
E018
E018
E018
E018
E018
E018
E018
E018
E018
E018
E01E
E01F
0007
0007
0007
0007
ENDCHAR
STARTCHAR uni0526
ENCODING 1318
SWIDTH 721 0
DWIDTH 22 0
BBX 19 26 3 -5
BITMAP
C00000
C00000
C00000
C00000
C00000
C00000
C00000
C00000
DFF000
FFF800
F03C00
C01E00
C00E00
C00600
C00700
C00700
C00700
C00700
C00700
C007E0
C007E0
0000E0
0000E0
0000E0
0000E0
0000C0
ENDCHAR
STARTCHAR uni0527
ENCODING 1319
SWIDTH 595 0
DWIDTH 18 0
BBX 16 25 2 -4
BITMAP
E000
E000
E000
E000
E000
E000
E3C0
EFF0
FCF8
F038
F038
E038
E038
E038
E038
E038
E038
E038
E038
E03E
601F
0007
0007
0007
0006
ENDCHAR
STARTCHAR uni0528
ENCODING 1320
SWIDTH 770 0
DWIDTH 23 0
BBX 22 27 -2 -6
BITMAP
06000C
06000C
06000C
06000C
06000C
06000C
06000C
06000C
06000C
07FFFC
07FFFC
06000C
06000C
06000C
06000C
06000C
06000C
06000C
06000C
06000C
06000C
060000
0E0000
0E0000
3E0000
FC0000
700000
ENDCHAR
STARTCHAR uni0529
ENCODING 1321
SWIDTH 592 0
DWIDTH 18 0
BBX 17 21 -2 -6
BITMAP
060180
0E0180
0E0180
0E0180
0E0180
0E0180
0FFF80
0FFF80
0FFF80
0E0180
0E0180
0E0180
0E0180
0E0180
0E0180
0E0000
0E0000
0E0000
3C0000
F80000
600000
ENDCHAR
STARTCHAR uni052E
ENCODING 1326
SWIDTH 784 0
DWIDTH 24 0
BBX 22 26 1 -5
BITMAP
07FFE0
07FFE0
0600E0
0600E0
0600E0
0600E0
0E00E0
0E00E0
0E00E0
0E00E0
0E00E0
0E00E0
0E00E0
0C00E0
0C00E0
1C00E0
1C00E0
3800E0
7000E0
F000FC
C000FC
00001C
00001C
00001C
00001C
00001C
ENDCHAR
STARTCHAR uni052F
ENCODING 1327
SWIDTH 605 0
DWIDTH 18 0
BBX 16 19 1 -4
BITMAP
0FF8
1FFC
1FFC
1C1C
1C1C
1C1C
1C1C
1C1C
181C
181C
381C
381C
701C
F01F
C00F
0003
0003
0003
0003
ENDCHAR
STARTCHAR uni1E08
ENCODING 7688
SWIDTH 675 0
DWIDTH 20 0
BBX 17 34 2 -6
BITMAP
000C00
001C00
003800
003000
006000
000000
000000
07FC00
0FFF00
3E0780
380180
700000
700000
E00000
E00000
E00000
E00000
E00000
E00000
E00000
E00000
E00000
700000
780000
3C0380
1F0F80
0FFF00
03FC00
00C000
00F000
00B800
001800
01F800
00E000
ENDCHAR
STARTCHAR uni1E09
ENCODING 7689
SWIDTH 465 0
DWIDTH 14 0
BBX 12 29 1 -6
BITMAP
0060
0070
00E0
00C0
01C0
0180
0100
0000
07C0
1FF0
3E70
7010
7000
6000
E000
E000
E000
E000
7000
7000
3830
1FF0
0FE0
0300
03C0
02E0
0060
07C0
0780
ENDCHAR
STARTCHAR uni1E0C
ENCODING 7692
SWIDTH 747 0
DWIDTH 22 0
BBX 18 27 3 -6
BITMAP
FFE000
FFF800
C07E00
C00F00
C00700
C00380
C00380
C00380
C001C0
C001C0
C001C0
C001C0
C001C0
C00380
C00380
C00380
C00700
C00F00
C07E00
FFF800
FFE000
000000
000000
000000
01C000
01C000
018000
ENDCHAR
STARTCHAR uni1E0D
ENCODING 7693
SWIDTH 587 0
DWIDTH 18 0
BBX 14 27 1 -6
BITMAP
000C
000C
000C
000C
000C
000C
0F8C
1FEC
3CEC
703C
701C
E01C
E00C
E00C
E00C
E00C
701C
701C
383C
3FEC
0FCC
0000
0000
0000
0380
0380
0180
ENDCHAR
STARTCHAR uni1E0E
ENCODING 7694
SWIDTH 747 0
DWIDTH 22 0
BBX 18 26 3 -5
BITMAP
FFE000
FFF800
C07E00
C00F00
C00700
C00380
C00380
C00380
C001C0
C001C0
C001C0
C001C0
C001C0
C00380
C00380
C00380
C00700
C00F00
C07E00
FFF800
FFE000
000000
000000
000000
0FF800
0FF800
ENDCHAR
STARTCHAR uni1E0F
ENCODING 7695
SWIDTH 587 0
DWIDTH 18 0
BBX 14 26 1 -5
BITMAP
000C
000C
000C
000C
000C
000C
0F8C
1FEC
3CEC
703C
701C
E01C
E00C
E00C
E00C
E00C
701C
701C
383C
3FEC
0FCC
0000
0000
0000
1FF0
1FF0
ENDCHAR
STARTCHAR uni1E14
ENCODING 7700
SWIDTH 586 0
DWIDTH 18 0
BBX 13 31 3 0
BITMAP
1800
1C00
0E00
0600
0200
0000
3FE0
0000
0000
0000
FFF8
FFF8
C000
C000
C000
C000
C000
C000
C000
FFF0
FFF8
C000
C000
C000
C000
C000
C000
C000
C000
FFF8
FFF8
ENDCHAR
STARTCHAR uni1E15
ENCODING 7701
SWIDTH 534 0
DWIDTH 16 0
BBX 14 25 1 0
BITMAP
0800
0C00
0E00
0600
0300
0000
1FF0
1FF0
0000
0000
07C0
1FF0
3C70
7018
7018
601C
E01C
FFFC
E000
E000
6000
7000
381C
1FF8
0FF0
ENDCHAR
STARTCHAR uni1E16
ENCODING 7702
SWIDTH 586 0
DWIDTH 18 0
BBX 13 31 3 0
BITMAP
00C0
00C0
0180
0300
0300
0000
3FE0
0000
0000
0000
FFF8
FFF8
C000
C000
C000
C000
C000
C000
C000
FFF0
FFF8
C000
C000
C000
C000
C000
C000
C000
C000
FFF8
FFF8
ENDCHAR
STARTCHAR uni1E17
ENCODING 7703
SWIDTH 534 0
DWIDTH 16 0
BBX 14 25 1 0
BITMAP
0040
0060
00C0
01C0
0180
0000
1FF0
1FF0
0000
0000
07C0
1FF0
3C70
7018
7018
601C
E01C
FFFC
E000
E000
6000
7000
381C
1FF8
0FF0
ENDCHAR
STARTCHAR uni1E1C
ENCODING 7708
SWIDTH 586 0
DWIDTH 18 0
BBX 13 34 3 -6
BITMAP
2030
3030
3060
1FE0
0F80
0000
0000
FFF8
FFF8
C000
C000
C000
C000
C000
C000
C000
FFF0
FFF8
C000
C000
C000
C000
C000
C000
C000
C000
FFF8
FFF8
0200
0780
02C0
00C0
0FC0
0780
ENDCHAR
STARTCHAR uni1E1D
ENCODING 7709
SWIDTH 534 0
DWIDTH 16 0
BBX 14 28 1 -6
BITMAP
1830
1830
1830
0C60
07C0
0100
0000
07C0
1FF0
3C70
7018
7018
601C
E01C
FFFC
E000
E000
6000
7000
381C
1FF8
0FF0
0300
03C0
02E0
0060
07E0
0380
ENDCHAR
STARTCHAR uni1E20
ENCODING 7712
SWIDTH 729 0
DWIDTH 22 0
BBX 18 26 2 0
BITMAP
07FE00
07FC00
000000
000000
000000
07FE00
0FFF80
3E0780
380180
700000
700000
E00000
E00000
E00000
E00000
E03F80
E03FC0
E001C0
E001C0
E001C0
7001C0
7001C0
3C01C0
1F07C0
0FFF80
03FF00
ENDCHAR
STARTCHAR uni1E21
ENCODING 7713
SWIDTH 590 0
DWIDTH 18 0
BBX 15 26 1 -6
BITMAP
1FF8
0000
0000
0000
0000
078C
1FEE
3C7E
703E
701E
E00E
E00E
E00E
E00E
601E
701E
783E
3FEE
1FCE
030E
000C
001C
201C
7EF8
3FF0
0780
ENDCHAR
STARTCHAR uni1E24
ENCODING 7716
SWIDTH 764 0
DWIDTH 23 0
BBX 17 27 3 -6
BITMAP
C00180
C00180
C00180
C00180
C00180
C00180
C00180
C00180
C00180
FFFF80
FFFF80
C00180
C00180
C00180
C00180
C00180
C00180
C00180
C00180
C00180
C00180
000000
000000
000000
01C000
01C000
01C000
ENDCHAR
STARTCHAR uni1E25
ENCODING 7717
SWIDTH 572 0
DWIDTH 17 0
BBX 13 27 2 -6
BITMAP
E000
E000
E000
E000
E000
E000
E3C0
EFF0
FCF0
F038
E038
E038
E038
E038
E038
E038
E038
E038
E038
E038
E038
0000
0000
0000
0700
0700
0700
ENDCHAR
STARTCHAR uni1E2A
ENCODING 7722
SWIDTH 764 0
DWIDTH 23 0
BBX 17 27 3 -6
BITMAP
C00180
C00180
C00180
C00180
C00180
C00180
C00180
C00180
C00180
FFFF80
FFFF80
C00180
C00180
C00180
C00180
C00180
C00180
C00180
C00180
C00180
C00180
000000
000000
0C1800
0C1800
063000
07E000
ENDCHAR
STARTCHAR uni1E2B
ENCODING 7723
SWIDTH 572 0
DWIDTH 17 0
BBX 13 27 2 -6
BITMAP
E000
E000
E000
E000
E000
E000
E3C0
EFF0
FCF0
F038
E038
E038
E038
E038
E038
E038
E038
E038
E038
E038
E038
0000
0000
3060
3060
18E0
0FC0
ENDCHAR
STARTCHAR uni1E2E
ENCODING 7726
SWIDTH 262 0
DWIDTH 8 0
BBX 8 31 0 0
BITMAP
07
06
0C
0C
18
42
E7
E7
00
00
18
18
18
18
18
18
18
18
18
18
18
18
18
18
18
18
18
18
18
18
18
ENDCHAR
STARTCHAR uni1E2F
ENCODING 7727
SWIDTH 237 0
DWIDTH 7 0
BBX 9 25 -1 0
BITMAP
0200
0300
0700
0600
0C00
0000
6300
E380
4100
0000
0800
1C00
1C00
1C00
1C00
1C00
1C00
1C00
1C00
1C00
1C00
1C00
1C00
1C00
1C00
ENDCHAR
STARTCHAR uni1E36
ENCODING 7734
SWIDTH 548 0
DWIDTH 16 0
BBX 13 27 3 -6
BITMAP
C000
C000
C000
C000
C000
C000
C000
C000
C000
C000
C000
C000
C000
C000
C000
C000
C000
C000
C000
FFF8
FFF8
0000
0000
0000
0700
0700
0600
ENDCHAR
STARTCHAR uni1E37
ENCODING 7735
SWIDTH 301 0
DWIDTH 9 0
BBX 7 27 2 -6
BITMAP
E0
E0
E0
E0
E0
E0
E0
E0
E0
E0
E0
E0
E0
E0
E0
E0
E0
E0
70
7E
3E
00
00
00
38
38
38
ENDCHAR
STARTCHAR uni1E3A
ENCODING 7738
SWIDTH 548 0
DWIDTH 16 0
BBX 13 26 3 -5
BITMAP
C000
C000
C000
C000
C000
C000
C000
C000
C000
C000
C000
C000
C000
C000
C000
C000
C000
C000
C000
FFF8
FFF8
0000
0000
0000
3FE0
3FE0
ENDCHAR
STARTCHAR uni1E3B
ENCODING 7739
SWIDTH 301 0
DWIDTH 9 0
BBX 9 26 1 -5
BITMAP
7000
7000
7000
7000
7000
7000
7000
7000
7000
7000
7000
7000
7000
7000
7000
7000
7000
7000
3800
3F00
1F00
0000
0000
0000
FF80
FF80
ENDCHAR
STARTCHAR uni1E42
ENCODING 7746
SWIDTH 858 0
DWIDTH 26 0
BBX 20 27 3 -6
BITMAP
C00030
E00070
E000F0
F000F0
F001F0
F801B0
DC03B0
DC0330
CE0730
C60630
C70E30
C30C30
C39C30
C19830
C1F830
C0F030
C0E030
C06030
C00030
C00030
C00030
000000
000000
000000
006000
00F000
006000
ENDCHAR
STARTCHAR uni1E43
ENCODING 7747
SWIDTH 861 0
DWIDTH 26 0
BBX 22 21 2 -6
BITMAP
47C1E0
EFE7F0
FCFE78
F07838
E0781C
E0301C
E0301C
E0301C
E0301C
E0301C
E0301C
E0301C
E0301C
E0301C
E03018
000000
000000
000000
003000
007800
003000
ENDCHAR
STARTCHAR uni1E44
ENCODING 7748
SWIDTH 741 0
DWIDTH 22 0
BBX 17 27 3 0
BITMAP
018000
01C000
018000
000000
000000
000000
C00380
E00380
F00380
F00380
F80380
DC0380
CE0380
CE0380
C70380
C38380
C1C380
C1C380
C0E380
C07380
C03B80
C03B80
C01F80
C00F80
C00780
C00780
C00380
ENDCHAR
STARTCHAR uni1E45
ENCODING 7749
SWIDTH 572 0
DWIDTH 17 0
BBX 13 21 2 0
BITMAP
0700
0700
0700
0000
0000
0000
43C0
EFF0
FCF0
F038
E038
E038
E038
E038
E038
E038
E038
E038
E038
E038
E038
ENDCHAR
STARTCHAR uni1E46
ENCODING 7750
SWIDTH 741 0
DWIDTH 22 0
BBX 17 27 3 -6
BITMAP
C00380
E00380
F00380
F00380
F80380
DC0380
CE0380
CE0380
C70380
C38380
C1C380
C1C380
C0E380
C07380
C03B80
C03B80
C01F80
C00F80
C00780
C00780
C00380
000000
000000
000000
01C000
01C000
018000
ENDCHAR
STARTCHAR uni1E47
ENCODING 7751
SWIDTH 572 0
DWIDTH 17 0
BBX 13 21 2 -6
BITMAP
43C0
EFF0
FCF0
F038
E038
E038
E038
E038
E038
E038
E038
E038
E038
E038
E038
0000
0000
0000
0700
0700
0700
ENDCHAR
STARTCHAR uni1E48
ENCODING 7752
SWIDTH 741 0
DWIDTH 22 0
BBX 17 26 3 -5
BITMAP
C00380
E00380
F00380
F00380
F80380
DC0380
CE0380
CE0380
C70380
C38380
C1C380
C1C380
C0E380
C07380
C03B80
C03B80
C01F80
C00F80
C00780
C00780
C00380
000000
000000
000000
0FF800
0FF000
ENDCHAR
STARTCHAR uni1E49
ENCODING 7753
SWIDTH 572 0
DWIDTH 17 0
BBX 13 20 2 -5
BITMAP
43C0
EFF0
FCF0
F038
E038
E038
E038
E038
E038
E038
E038
E038
E038
E038
E038
0000
0000
0000
3FE0
3FE0
ENDCHAR
STARTCHAR uni1E4C
ENCODING 7756
SWIDTH 771 0
DWIDTH 23 0
BBX 19 31 2 0
BITMAP
001800
003800
003000
006000
004000
038400
07FC00
043800
000000
000000
07FC00
1FFF00
3E0F80
380380
7001C0
7001E0
E000E0
E000E0
E000E0
E000E0
E000E0
E000E0
E000E0
E000E0
E000E0
7001C0
7001C0
380380
1E0F80
0FFE00
07FC00
ENDCHAR
STARTCHAR uni1E4D
ENCODING 7757
SWIDTH 560 0
DWIDTH 17 0
BBX 14 25 1 0
BITMAP
0040
0060
00C0
01C0
0180
0410
1F30
11F0
1040
0000
07C0
1FF0
3CF8
703C
701C
601C
E00C
E00C
E00C
E00C
701C
701C
3838
1FF0
0FE0
ENDCHAR
STARTCHAR uni1E4E
ENCODING 7758
SWIDTH 771 0
DWIDTH 23 0
BBX 19 30 2 0
BITMAP
031800
071C00
031800
000000
038400
07FC00
043800
000000
000000
07FC00
1FFF00
3E0F80
380380
7001C0
7001E0
E000E0
E000E0
E000E0
E000E0
E000E0
E000E0
E000E0
E000E0
E000E0
7001C0
7001C0
380380
1E0F80
0FFE00
07FC00
ENDCHAR
STARTCHAR uni1E4F
ENCODING 7759
SWIDTH 560 0
DWIDTH 17 0
BBX 14 23 1 0
BITMAP
1C60
1C70
0000
0410
1F30
11F0
1040
0000
07C0
1FF0
3CF8
703C
701C
601C
E00C
E00C
E00C
E00C
701C
701C
3838
1FF0
0FE0
ENDCHAR
STARTCHAR uni1E50
ENCODING 7760
SWIDTH 771 0
DWIDTH 23 0
BBX 19 31 2 0
BITMAP
030000
038000
018000
00C000
004000
000000
07FC00
000000
000000
000000
07FC00
1FFF00
3E0F80
380380
7001C0
7001E0
E000E0
E000E0
E000E0
E000E0
E000E0
E000E0
E000E0
E000E0
E000E0
7001C0
7001C0
380380
1E0F80
0FFE00
07FC00
ENDCHAR
STARTCHAR uni1E51
ENCODING 7761
SWIDTH 560 0
DWIDTH 17 0
BBX 14 25 1 0
BITMAP
0800
0C00
0E00
0600
0300
0000
1FF0
1FF0
0000
0000
07C0
1FF0
3CF8
703C
701C
601C
E00C
E00C
E00C
E00C
701C
701C
3838
1FF0
0FE0
ENDCHAR
STARTCHAR uni1E52
ENCODING 7762
SWIDTH 771 0
DWIDTH 23 0
BBX 19 31 2 0
BITMAP
001800
003800
003000
006000
004000
000000
07FC00
000000
000000
000000
07FC00
1FFF00
3E0F80
380380
7001C0
7001E0
E000E0
E000E0
E000E0
E000E0
E000E0
E000E0
E000E0
E000E0
E000E0
7001C0
7001C0
380380
1E0F80
0FFE00
07FC00
ENDCHAR
STARTCHAR uni1E53
ENCODING 7763
SWIDTH 560 0
DWIDTH 17 0
BBX 14 25 1 0
BITMAP
0040
0060
00C0
01C0
0180
0000
1FF0
1FF0
0000
0000
07C0
1FF0
3CF8
703C
701C
601C
E00C
E00C
E00C
E00C
701C
701C
3838
1FF0
0FE0
ENDCHAR
STARTCHAR uni1E5A
ENCODING 7770
SWIDTH 673 0
DWIDTH 20 0
BBX 16 27 3 -6
BITMAP
FFF0
FFF8
C03C
C00E
C00E
C00E
C00E
C00E
C00E
C03C
FFF8
FFF0
C0E0
C070
C038
C038
C01C
C01E
C00E
C007
C007
0000
0000
0000
0380
0380
0300
ENDCHAR
STARTCHAR uni1E5B
ENCODING 7771
SWIDTH 365 0
DWIDTH 11 0
BBX 9 21 2 -6
BITMAP
4380
EF80
FE00
F000
E000
E000
E000
E000
E000
E000
E000
E000
E000
E000
E000
0000
0000
0000
E000
E000
6000
ENDCHAR
STARTCHAR uni1E5E
ENCODING 7774
SWIDTH 673 0
DWIDTH 20 0
BBX 16 26 3 -5
BITMAP
FFF0
FFF8
C03C
C00E
C00E
C00E
C00E
C00E
C00E
C03C
FFF8
FFF0
C0E0
C070
C038
C038
C01C
C01E
C00E
C007
C007
0000
0000
0000
1FF0
1FF0
ENDCHAR
STARTCHAR uni1E5F
ENCODING 7775
SWIDTH 365 0
DWIDTH 11 0
BBX 12 20 -1 -5
BITMAP
0870
1DF0
1FC0
1E00
1C00
1C00
1C00
1C00
1C00
1C00
1C00
1C00
1C00
1C00
1C00
0000
0000
0000
FF80
FF80
ENDCHAR
STARTCHAR uni1E60
ENCODING 7776
SWIDTH 618 0
DWIDTH 19 0
BBX 16 27 1 0
BITMAP
01C0
01C0
01C0
0000
0000
0000
0FF8
1FFE
3C0F
7802
7000
7000
7000
7000
7800
3F80
1FF8
03FE
001F
0007
0007
0003
0007
6007
FC1E
7FFC
0FF8
ENDCHAR
STARTCHAR uni1E61
ENCODING 7777
SWIDTH 483 0
DWIDTH 14 0
BBX 12 21 1 0
BITMAP
0700
0700
0700
0000
0000
0000
0F80
3FE0
7870
7000
6000
7000
7C00
3FC0
07E0
0070
0030
0030
E070
7FE0
3FC0
ENDCHAR
STARTCHAR uni1E62
ENCODING 7778
SWIDTH 618 0
DWIDTH 19 0
BBX 16 27 1 -6
BITMAP
0FF8
1FFE
3C0F
7802
7000
7000
7000
7000
7800
3F80
1FF8
03FE
001F
0007
0007
0003
0007
6007
FC1E
7FFC
0FF8
0000
0000
0000
01C0
01C0
00C0
ENDCHAR
STARTCHAR uni1E63
ENCODING 7779
SWIDTH 483 0
DWIDTH 14 0
BBX 12 21 1 -6
BITMAP
0F80
3FE0
7870
7000
6000
7000
7C00
3FC0
07E0
0070
0030
0030
E070
7FE0
3FC0
0000
0000
0000
0700
0700
0600
ENDCHAR
STARTCHAR uni1E64
ENCODING 7780
SWIDTH 618 0
DWIDTH 19 0
BBX 16 31 1 0
BITMAP
0100
0380
0310
0018
0038
0070
0060
00C0
0000
0000
0FF8
1FFE
3C0F
7802
7000
7000
7000
7000
7800
3F80
1FF8
03FE
001F
0007
0007
0003
0007
6007
FC1E
7FFC
0FF8
ENDCHAR
STARTCHAR uni1E65
ENCODING 7781
SWIDTH 483 0
DWIDTH 14 0
BBX 12 25 1 0
BITMAP
0C00
0E00
0060
00E0
00C0
0180
0180
0300
0200
0000
0F80
3FE0
7870
7000
6000
7000
7C00
3FC0
07E0
0070
0030
0030
E070
7FE0
3FC0
ENDCHAR
STARTCHAR uni1E66
ENCODING 7782
SWIDTH 618 0
DWIDTH 19 0
BBX 16 31 1 0
BITMAP
01C0
01C0
0000
0C18
0630
0770
03E0
01C0
0000
0000
0FF8
1FFE
3C0F
7802
7000
7000
7000
7000
7800
3F80
1FF8
03FE
001F
0007
0007
0003
0007
6007
FC1E
7FFC
0FF8
ENDCHAR
STARTCHAR uni1E67
ENCODING 7783
SWIDTH 483 0
DWIDTH 14 0
BBX 12 25 1 0
BITMAP
0700
0700
0000
3060
18C0
18C0
0D80
0700
0200
0000
0F80
3FE0
7870
7000
6000
7000
7C00
3FC0
07E0
0070
0030
0030
E070
7FE0
3FC0
ENDCHAR
STARTCHAR uni1E68
ENCODING 7784
SWIDTH 618 0
DWIDTH 19 0
BBX 16 33 1 -6
BITMAP
01C0
01C0
01C0
0000
0000
0000
0FF8
1FFE
3C0F
7802
7000
7000
7000
7000
7800
3F80
1FF8
03FE
001F
0007
0007
0003
0007
6007
FC1E
7FFC
0FF8
0000
0000
0000
01C0
01C0
00C0
ENDCHAR
STARTCHAR uni1E69
ENCODING 7785
SWIDTH 483 0
DWIDTH 14 0
BBX 12 27 1 -6
BITMAP
0700
0700
0700
0000
0000
0000
0F80
3FE0
7870
7000
6000
7000
7C00
3FC0
07E0
0070
0030
0030
E070
7FE0
3FC0
0000
0000
0000
0700
0700
0600
ENDCHAR
STARTCHAR uni1E6C
ENCODING 7788
SWIDTH 607 0
DWIDTH 18 0
BBX 18 27 0 -6
BITMAP
FFFFC0
FFFFC0
00E000
00E000
00E000
00E000
00E000
00E000
00E000
00E000
00E000
00E000
00E000
00E000
00E000
00E000
00E000
00E000
00E000
00E000
00C000
000000
000000
000000
00E000
00E000
00C000
ENDCHAR
STARTCHAR uni1E6D
ENCODING 7789
SWIDTH 358 0
DWIDTH 11 0
BBX 11 25 0 -6
BITMAP
1C00
1C00
1C00
1C00
FFC0
FFC0
1C00
1C00
1C00
1C00
1C00
1C00
1C00
1C00
1C00
1C00
1E00
0FE0
07E0
0000
0000
0000
0700
0700
0300
ENDCHAR
STARTCHAR uni1E6E
ENCODING 7790
SWIDTH 607 0
DWIDTH 18 0
BBX 18 26 0 -5
BITMAP
FFFFC0
FFFFC0
00E000
00E000
00E000
00E000
00E000
00E000
00E000
00E000
00E000
00E000
00E000
00E000
00E000
00E000
00E000
00E000
00E000
00E000
00C000
000000
000000
000000
07FC00
07F800
ENDCHAR
STARTCHAR uni1E6F
ENCODING 7791
SWIDTH 358 0
DWIDTH 11 0
BBX 11 24 0 -5
BITMAP
1C00
1C00
1C00
1C00
FFC0
FFC0
1C00
1C00
1C00
1C00
1C00
1C00
1C00
1C00
1C00
1C00
1E00
0FE0
07E0
0000
0000
0000
3FE0
3FE0
ENDCHAR
STARTCHAR uni1E78
ENCODING 7800
SWIDTH 731 0
DWIDTH 22 0
BBX 18 31 2 0
BITMAP
003800
003000
007000
006000
00C000
078C00
0FF800
0C7800
000000
000000
E00180
E001C0
E001C0
E001C0
E001C0
E001C0
E001C0
E001C0
E001C0
E001C0
E001C0
E001C0
E001C0
E001C0
600180
700380
700380
780700
3E1F00
1FFE00
07F800
ENDCHAR
STARTCHAR uni1E79
ENCODING 7801
SWIDTH 565 0
DWIDTH 17 0
BBX 13 25 2 0
BITMAP
0080
00C0
0180
0380
0300
0820
3E60
23E0
2080
0000
4030
E038
E038
E038
E038
E038
E038
E038
E038
E038
E038
E078
70F8
7FF8
3F38
ENDCHAR
STARTCHAR uni1E7A
ENCODING 7802
SWIDTH 731 0
DWIDTH 22 0
BBX 18 30 2 0
BITMAP
021000
073800
071800
000000
07F800
0FFC00
000000
000000
000000
E00180
E001C0
E001C0
E001C0
E001C0
E001C0
E001C0
E001C0
E001C0
E001C0
E001C0
E001C0
E001C0
E001C0
600180
700380
700380
780700
3E1F00
1FFE00
07F800
ENDCHAR
STARTCHAR uni1E7B
ENCODING 7803
SWIDTH 565 0
DWIDTH 17 0
BBX 13 23 2 0
BITMAP
38C0
38E0
0000
0000
3FE0
3FE0
0000
0000
4030
E038
E038
E038
E038
E038
E038
E038
E038
E038
E038
E078
70F8
7FF8
3F38
ENDCHAR
STARTCHAR Wgrave
ENCODING 7808
SWIDTH 1104 0
DWIDTH 33 0
BBX 31 28 1 0
BITMAP
001C0000
001C0000
000E0000
00070000
00030000
00000000
00000000
E003800E
E003800E
7003C00C
7007C01C
3006C01C
3806E018
380EE038
180C6038
1C1C7030
1C1C7070
0C183070
0E383860
0E3838E0
063018E0
07701DC0
07700DC0
03600D80
03E00F80
03E00780
01C00700
01C00700
ENDCHAR
STARTCHAR wgrave
ENCODING 7809
SWIDTH 844 0
DWIDTH 25 0
BBX 23 23 1 0
BITMAP
00C000
01C000
00E000
006000
007000
003000
001000
000000
C01806
E03806
E03C0E
707C0E
707C0C
306E1C
38E618
38C638
18C738
1DC330
1D8370
0D83F0
0F81E0
0701E0
0700C0
ENDCHAR
STARTCHAR Wacute
ENCODING 7810
SWIDTH 1104 0
DWIDTH 33 0
BBX 31 28 1 0
BITMAP
00003000
00007000
0000E000
0000C000
00018000
00000000
00000000
E003800E
E003800E
7003C00C
7007C01C
3006C01C
3806E018
380EE038
180C6038
1C1C7030
1C1C7070
0C183070
0E383860
0E3838E0
063018E0
07701DC0
07700DC0
03600D80
03E00F80
03E00780
01C00700
01C00700
ENDCHAR
STARTCHAR wacute
ENCODING 7811
SWIDTH 844 0
DWIDTH 25 0
BBX 23 23 1 0
BITMAP
000300
000700
000600
000E00
000C00
001800
001000
000000
C01806
E03806
E03C0E
707C0E
707C0C
306E1C
38E618
38C638
18C738
1DC330
1D8370
0D83F0
0F81E0
0701E0
0700C0
ENDCHAR
STARTCHAR Wdieresis
ENCODING 7812
SWIDTH 1104 0
DWIDTH 33 0
BBX 31 27 1 0
BITMAP
000C6000
001C7000
000C6000
00000000
00000000
00000000
E003800E
E003800E
7003C00C
7007C01C
3006C01C
3806E018
380EE038
180C6038
1C1C7030
1C1C7070
0C183070
0E383860
0E3838E0
063018E0
07701DC0
07700DC0
03600D80
03E00F80
03E00780
01C00700
01C00700
ENDCHAR
STARTCHAR wdieresis
ENCODING 7813
SWIDTH 844 0
DWIDTH 25 0
BBX 23 21 1 0
BITMAP
00C700
01E700
00C600
000000
000000
000000
C01806
E03806
E03C0E
707C0E
707C0C
306E1C
38E618
38C638
18C738
1DC330
1D8370
0D83F0
0F81E0
0701E0
0700C0
ENDCHAR
STARTCHAR uni1E8E
ENCODING 7822
SWIDTH 601 0
DWIDTH 18 0
BBX 18 27 0 0
BITMAP
00C000
01E000
00C000
000000
000000
000000
E001C0
700380
780780
380700
1C0E00
0E1C00
0F1C00
073800
03F000
03F000
01E000
00C000
00C000
00C000
00C000
00C000
00C000
00C000
00C000
00C000
00C000
ENDCHAR
STARTCHAR uni1E8F
ENCODING 7823
SWIDTH 517 0
DWIDTH 16 0
BBX 14 27 1 -6
BITMAP
0700
0700
0300
0000
0000
0000
C008
E01C
E018
6038
7038
7070
3870
3860
18E0
1CC0
0DC0
0FC0
0F80
0780
0700
0700
0600
0E00
0E00
1C00
0800
ENDCHAR
STARTCHAR uni1E92
ENCODING 7826
SWIDTH 593 0
DWIDTH 18 0
BBX 16 27 1 -6
BITMAP
FFFF
FFFF
000E
001E
001C
0038
0070
0070
00E0
01C0
03C0
0380
0700
0E00
0E00
1C00
3800
7800
7000
FFFF
7FFF
0000
0000
0000
01C0
01C0
0180
ENDCHAR
STARTCHAR uni1E93
ENCODING 7827
SWIDTH 466 0
DWIDTH 14 0
BBX 12 21 1 -6
BITMAP
7FE0
FFF0
0070
00E0
01C0
0380
0300
0700
0E00
1C00
1800
3800
7000
FFF0
7FF0
0000
0000
0000
0700
0700
0600
ENDCHAR
STARTCHAR uni1E97
ENCODING 7831
SWIDTH 358 0
DWIDTH 11 0
BBX 11 25 0 0
BITMAP
6300
E700
E300
0000
0000
0000
1C00
1C00
1C00
1C00
FFC0
FFC0
1C00
1C00
1C00
1C00
1C00
1C00
1C00
1C00
1C00
1C00
1E00
0FE0
07E0
ENDCHAR
STARTCHAR uni1E9E
ENCODING 7838
SWIDTH 716 0
DWIDTH 21 0
BBX 17 21 3 0
BITMAP
1FF800
3FFC00
781E00
F00E00
E00700
E00700
C00600
C00E00
C01E00
C3FC00
C7FC00
C3FE00
C00700
C00300
C00380
C00380
C00380
C00700
CE0F00
CFFE00
C3FC00
ENDCHAR
STARTCHAR uni1EA0
ENCODING 7840
SWIDTH 733 0
DWIDTH 22 0
BBX 20 27 1 -6
BITMAP
006000
00F000
00F000
01F800
019800
039C00
031C00
070E00
070E00
060600
0E0700
0C0300
1C0380
1FFF80
3FFFC0
3FFFC0
7000E0
7000E0
600060
E00070
C00030
000000
000000
000000
006000
00F000
006000
ENDCHAR
STARTCHAR uni1EA1
ENCODING 7841
SWIDTH 533 0
DWIDTH 16 0
BBX 12 21 2 -6
BITMAP
1F80
7FC0
F0E0
4070
0070
0070
01F0
7FF0
F070
E070
C070
C070
E0F0
7FF0
3F70
0000
0000
0000
0600
0F00
0600
ENDCHAR
STARTCHAR uni1EA2
ENCODING 7842
SWIDTH 733 0
DWIDTH 22 0
BBX 20 28 1 0
BITMAP
01F800
001800
001800
007000
006000
000000
000000
006000
00F000
00F000
01F800
019800
039C00
031C00
070E00
070E00
060600
0E0700
0C0300
1C0380
1FFF80
3FFFC0
3FFFC0
7000E0
7000E0
600060
E00070
C00030
ENDCHAR
STARTCHAR uni1EA3
ENCODING 7843
SWIDTH 533 0
DWIDTH 16 0
BBX 12 23 2 0
BITMAP
0F00
1F80
0180
0180
0300
0600
0200
0000
1F80
7FC0
F0E0
4070
0070
0070
01F0
7FF0
F070
E070
C070
C070
E0F0
7FF0
3F70
ENDCHAR
STARTCHAR uni1EA4
ENCODING 7844
SWIDTH 733 0
DWIDTH 22 0
BBX 20 31 1 0
BITMAP
000180
000180
000300
006300
00F600
019800
019C00
030C00
000000
000000
006000
00F000
00F000
01F800
019800
039C00
031C00
070E00
070E00
060600
0E0700
0C0300
1C0380
1FFF80
3FFFC0
3FFFC0
7000E0
7000E0
600060
E00070
C00030
ENDCHAR
STARTCHAR uni1EA5
ENCODING 7845
SWIDTH 533 0
DWIDTH 16 0
BBX 13 24 2 0
BITMAP
0018
0018
0630
0F20
0FE0
1980
30C0
2040
0000
1F80
7FC0
F0E0
4070
0070
0070
01F0
7FF0
F070
E070
C070
C070
E0F0
7FF0
3F70
ENDCHAR
STARTCHAR uni1EA6
ENCODING 7846
SWIDTH 733 0
DWIDTH 22 0
BBX 20 31 1 0
BITMAP
000800
001C00
000C00
006600
00F300
019800
019C00
030C00
000000
000000
006000
00F000
00F000
01F800
019800
039C00
031C00
070E00
070E00
060600
0E0700
0C0300
1C0380
1FFF80
3FFFC0
3FFFC0
7000E0
7000E0
600060
E00070
C00030
ENDCHAR
STARTCHAR uni1EA7
ENCODING 7847
SWIDTH 533 0
DWIDTH 16 0
BBX 12 24 2 0
BITMAP
00C0
00C0
0660
0F30
0FB0
1980
30C0
2040
0000
1F80
7FC0
F0E0
4070
0070
0070
01F0
7FF0
F070
E070
C070
C070
E0F0
7FF0
3F70
ENDCHAR
STARTCHAR uni1EA8
ENCODING 7848
SWIDTH 733 0
DWIDTH 22 0
BBX 20 31 1 0
BITMAP
000F00
001F80
000180
006300
00F600
019800
019C00
030C00
000000
000000
006000
00F000
00F000
01F800
019800
039C00
031C00
070E00
070E00
060600
0E0700
0C0300
1C0380
1FFF80
3FFFC0
3FFFC0
7000E0
7000E0
600060
E00070
C00030
ENDCHAR
STARTCHAR uni1EA9
ENCODING 7849
SWIDTH 533 0
DWIDTH 16 0
BBX 13 24 2 0
BITMAP
00F8
0018
0618
0F70
0FA0
1980
30C0
2040
0000
1F80
7FC0
F0E0
4070
0070
0070
01F0
7FF0
F070
E070
C070
C070
E0F0
7FF0
3F70
ENDCHAR
STARTCHAR uni1EAA
ENCODING 7850
SWIDTH 733 0
DWIDTH 22 0
BBX 20 31 1 0
BITMAP
018600
03E600
063C00
000000
00F000
00F000
019800
030C00
000000
000000
006000
00F000
00F000
01F800
019800
039C00
031C00
070E00
070E00
060600
0E0700
0C0300
1C0380
1FFF80
3FFFC0
3FFFC0
7000E0
7000E0
600060
E00070
C00030
ENDCHAR
STARTCHAR uni1EAB
ENCODING 7851
SWIDTH 533 0
DWIDTH 16 0
BBX 12 24 2 0
BITMAP
3E60
27C0
6180
0600
0F00
1D80
30C0
2040
0000
1F80
7FC0
F0E0
4070
0070
0070
01F0
7FF0
F070
E070
C070
C070
E0F0
7FF0
3F70
ENDCHAR
STARTCHAR uni1EAC
ENCODING 7852
SWIDTH 733 0
DWIDTH 22 0
BBX 20 34 1 -6
BITMAP
00F000
00F000
019800
030C00
030C00
000000
000000
006000
00F000
00F000
01F800
019800
039C00
031C00
070E00
070E00
060600
0E0700
0C0300
1C0380
1FFF80
3FFFC0
3FFFC0
7000E0
7000E0
600060
E00070
C00030
000000
000000
000000
006000
00F000
006000
ENDCHAR
STARTCHAR uni1EAD
ENCODING 7853
SWIDTH 533 0
DWIDTH 16 0
BBX 12 29 2 -6
BITMAP
0600
0F00
0F80
1980
18C0
30C0
2040
0000
1F80
7FC0
F0E0
4070
0070
0070
01F0
7FF0
F070
E070
C070
C070
E0F0
7FF0
3F70
0000
0000
0000
0600
0F00
0600
ENDCHAR
STARTCHAR uni1EAE
ENCODING 7854
SWIDTH 733 0
DWIDTH 22 0
BBX 20 31 1 0
BITMAP
001800
001800
003800
023400
066600
030C00
03FC00
01F800
000000
000000
006000
00F000
00F000
01F800
019800
039C00
031C00
070E00
070E00
060600
0E0700
0C0300
1C0380
1FFF80
3FFFC0
3FFFC0
7000E0
7000E0
600060
E00070
C00030
ENDCHAR
STARTCHAR uni1EAF
ENCODING 7855
SWIDTH 533 0
DWIDTH 16 0
BBX 12 25 2 0
BITMAP
0080
01C0
0180
0300
6660
2060
38C0
1F80
0600
0000
1F80
7FC0
F0E0
4070
0070
0070
01F0
7FF0
F070
E070
C070
C070
E0F0
7FF0
3F70
ENDCHAR
STARTCHAR uni1EB0
ENCODING 7856
SWIDTH 733 0
DWIDTH 22 0
BBX 20 31 1 0
BITMAP
018000
018000
01C000
02C400
066600
030C00
03FC00
01F800
000000
000000
006000
00F000
00F000
01F800
019800
039C00
031C00
070E00
070E00
060600
0E0700
0C0300
1C0380
1FFF80
3FFFC0
3FFFC0
7000E0
7000E0
600060
E00070
C00030
ENDCHAR
STARTCHAR uni1EB1
ENCODING 7857
SWIDTH 533 0
DWIDTH 16 0
BBX 12 25 2 0
BITMAP
1000
1800
1C00
0C00
6660
2060
38C0
1F80
0600
0000
1F80
7FC0
F0E0
4070
0070
0070
01F0
7FF0
F070
E070
C070
C070
E0F0
7FF0
3F70
ENDCHAR
STARTCHAR uni1EB2
ENCODING 7858
SWIDTH 733 0
DWIDTH 22 0
BBX 20 31 1 0
BITMAP
00E000
00F800
001800
023400
066600
030C00
03FC00
01F800
000000
000000
006000
00F000
00F000
01F800
019800
039C00
031C00
070E00
070E00
060600
0E0700
0C0300
1C0380
1FFF80
3FFFC0
3FFFC0
7000E0
7000E0
600060
E00070
C00030
ENDCHAR
STARTCHAR uni1EB3
ENCODING 7859
SWIDTH 533 0
DWIDTH 16 0
BBX 12 24 2 0
BITMAP
0F80
0180
0180
6360
2060
38C0
1F80
0600
0000
1F80
7FC0
F0E0
4070
0070
0070
01F0
7FF0
F070
E070
C070
C070
E0F0
7FF0
3F70
ENDCHAR
STARTCHAR uni1EB4
ENCODING 7860
SWIDTH 733 0
DWIDTH 22 0
BBX 20 31 1 0
BITMAP
018600
03E600
063C00
000000
000000
060600
03FC00
01F800
000000
000000
006000
00F000
00F000
01F800
019800
039C00
031C00
070E00
070E00
060600
0E0700
0C0300
1C0380
1FFF80
3FFFC0
3FFFC0
7000E0
7000E0
600060
E00070
C00030
ENDCHAR
STARTCHAR uni1EB5
ENCODING 7861
SWIDTH 533 0
DWIDTH 16 0
BBX 12 24 2 0
BITMAP
3E60
27C0
6180
0000
2060
38C0
1F80
0200
0000
1F80
7FC0
F0E0
4070
0070
0070
01F0
7FF0
F070
E070
C070
C070
E0F0
7FF0
3F70
ENDCHAR
STARTCHAR uni1EB6
ENCODING 7862
SWIDTH 733 0
DWIDTH 22 0
BBX 20 34 1 -6
BITMAP
060600
060600
070E00
03FC00
01F800
000000
000000
006000
00F000
00F000
01F800
019800
039C00
031C00
070E00
070E00
060600
0E0700
0C0300
1C0380
1FFF80
3FFFC0
3FFFC0
7000E0
7000E0
600060
E00070
C00030
000000
000000
000000
006000
00F000
006000
ENDCHAR
STARTCHAR uni1EB7
ENCODING 7863
SWIDTH 533 0
DWIDTH 16 0
BBX 12 28 2 -6
BITMAP
2060
2060
30C0
39C0
1F80
0600
0000
1F80
7FC0
F0E0
4070
0070
0070
01F0
7FF0
F070
E070
C070
C070
E0F0
7FF0
3F70
0000
0000
0000
0600
0F00
0600
ENDCHAR
STARTCHAR uni1EB8
ENCODING 7864
SWIDTH 586 0
DWIDTH 18 0
BBX 13 27 3 -6
BITMAP
FFF8
FFF8
C000
C000
C000
C000
C000
C000
C000
FFF0
FFF8
C000
C000
C000
C000
C000
C000
C000
C000
FFF8
FFF8
0000
0000
0000
0700
0700
0300
ENDCHAR
STARTCHAR uni1EB9
ENCODING 7865
SWIDTH 534 0
DWIDTH 16 0
BBX 14 21 1 -6
BITMAP
07C0
1FF0
3C70
7018
7018
601C
E01C
FFFC
E000
E000
6000
7000
381C
1FF8
0FF0
0000
0000
0000
0380
0380
0300
ENDCHAR
STARTCHAR uni1EBA
ENCODING 7866
SWIDTH 586 0
DWIDTH 18 0
BBX 13 28 3 0
BITMAP
0F80
01C0
01C0
0300
0300
0000
0000
FFF8
FFF8
C000
C000
C000
C000
C000
C000
C000
FFF0
FFF8
C000
C000
C000
C000
C000
C000
C000
C000
FFF8
FFF8
ENDCHAR
STARTCHAR uni1EBB
ENCODING 7867
SWIDTH 534 0
DWIDTH 16 0
BBX 14 23 1 0
BITMAP
0380
07C0
00E0
00C0
0180
0180
0100
0000
07C0
1FF0
3C70
7018
7018
601C
E01C
FFFC
E000
E000
6000
7000
381C
1FF8
0FF0
ENDCHAR
STARTCHAR uni1EBC
ENCODING 7868
SWIDTH 586 0
DWIDTH 18 0
BBX 13 28 3 0
BITMAP
0808
3E18
67B8
C1F0
4040
0000
0000
FFF8
FFF8
C000
C000
C000
C000
C000
C000
C000
FFF0
FFF8
C000
C000
C000
C000
C000
C000
C000
C000
FFF8
FFF8
ENDCHAR
STARTCHAR uni1EBD
ENCODING 7869
SWIDTH 534 0
DWIDTH 16 0
BBX 14 22 1 0
BITMAP
0E18
1F18
33F0
30F0
0000
0000
0000
07C0
1FF0
3C70
7018
7018
601C
E01C
FFFC
E000
E000
6000
7000
381C
1FF8
0FF0
ENDCHAR
STARTCHAR uni1EBE
ENCODING 7870
SWIDTH 586 0
DWIDTH 18 0
BBX 14 31 3 0
BITMAP
000C
000C
0018
0730
07B0
0DC0
18C0
1860
0000
0000
FFF8
FFF8
C000
C000
C000
C000
C000
C000
C000
FFF0
FFF8
C000
C000
C000
C000
C000
C000
C000
C000
FFF8
FFF8
ENDCHAR
STARTCHAR uni1EBF
ENCODING 7871
SWIDTH 534 0
DWIDTH 16 0
BBX 15 24 1 0
BITMAP
0006
000C
0318
0398
06D0
0CE0
1C70
0820
0000
07C0
1FF0
3C70
7018
7018
601C
E01C
FFFC
E000
E000
6000
7000
381C
1FF8
0FF0
ENDCHAR
STARTCHAR uni1EC0
ENCODING 7872
SWIDTH 586 0
DWIDTH 18 0
BBX 13 31 3 0
BITMAP
00C0
00E0
0060
0730
0790
0DC0
18C0
1860
0000
0000
FFF8
FFF8
C000
C000
C000
C000
C000
C000
C000
FFF0
FFF8
C000
C000
C000
C000
C000
C000
C000
C000
FFF8
FFF8
ENDCHAR
STARTCHAR uni1EC1
ENCODING 7873
SWIDTH 534 0
DWIDTH 16 0
BBX 14 24 1 0
BITMAP
0060
0070
0330
0398
06C8
0CE0
1C70
0820
0000
07C0
1FF0
3C70
7018
7018
601C
E01C
FFFC
E000
E000
6000
7000
381C
1FF8
0FF0
ENDCHAR
STARTCHAR uni1EC2
ENCODING 7874
SWIDTH 586 0
DWIDTH 18 0
BBX 14 31 3 0
BITMAP
0070
00F8
000C
0718
07B0
0DC0
18C0
1860
0000
0000
FFF8
FFF8
C000
C000
C000
C000
C000
C000
C000
FFF0
FFF8
C000
C000
C000
C000
C000
C000
C000
C000
FFF8
FFF8
ENDCHAR
STARTCHAR uni1EC3
ENCODING 7875
SWIDTH 534 0
DWIDTH 16 0
BBX 14 24 1 0
BITMAP
007C
000C
030C
0398
06D0
0CE0
1C70
0820
0000
07C0
1FF0
3C70
7018
7018
601C
E01C
FFFC
E000
E000
6000
7000
381C
1FF8
0FF0
ENDCHAR
STARTCHAR uni1EC4
ENCODING 7876
SWIDTH 586 0
DWIDTH 18 0
BBX 13 31 3 0
BITMAP
0C30
3F20
33E0
0000
0700
0F80
1CC0
1860
0000
0000
FFF8
FFF8
C000
C000
C000
C000
C000
C000
C000
FFF0
FFF8
C000
C000
C000
C000
C000
C000
C000
C000
FFF8
FFF8
ENDCHAR
STARTCHAR uni1EC5
ENCODING 7877
SWIDTH 534 0
DWIDTH 16 0
BBX 14 24 1 0
BITMAP
1F30
19F0
1060
0300
07C0
0EC0
0C60
1820
0000
07C0
1FF0
3C70
7018
7018
601C
E01C
FFFC
E000
E000
6000
7000
381C
1FF8
0FF0
ENDCHAR
STARTCHAR uni1EC6
ENCODING 7878
SWIDTH 586 0
DWIDTH 18 0
BBX 13 34 3 -6
BITMAP
0700
0F80
0CC0
18E0
3060
0000
0000
FFF8
FFF8
C000
C000
C000
C000
C000
C000
C000
FFF0
FFF8
C000
C000
C000
C000
C000
C000
C000
C000
FFF8
FFF8
0000
0000
0000
0700
0700
0300
ENDCHAR
STARTCHAR uni1EC7
ENCODING 7879
SWIDTH 534 0
DWIDTH 16 0
BBX 14 29 1 -6
BITMAP
0380
0380
06C0
0EC0
0C60
1830
0820
0000
07C0
1FF0
3C70
7018
7018
601C
E01C
FFFC
E000
E000
6000
7000
381C
1FF8
0FF0
0000
0000
0000
0380
0380
0300
ENDCHAR
STARTCHAR uni1EC8
ENCODING 7880
SWIDTH 262 0
DWIDTH 8 0
BBX 6 28 1 0
BITMAP
FC
0C
0C
38
30
00
00
30
30
30
30
30
30
30
30
30
30
30
30
30
30
30
30
30
30
30
30
30
ENDCHAR
STARTCHAR uni1EC9
ENCODING 7881
SWIDTH 237 0
DWIDTH 7 0
BBX 6 23 1 0
BITMAP
70
FC
1C
18
30
30
20
00
20
70
70
70
70
70
70
70
70
70
70
70
70
70
70
ENDCHAR
STARTCHAR uni1ECA
ENCODING 7882
SWIDTH 262 0
DWIDTH 8 0
BBX 4 27 2 -6
BITMAP
60
60
60
60
60
60
60
60
60
60
60
60
60
60
60
60
60
60
60
60
60
00
00
00
60
F0
60
ENDCHAR
STARTCHAR uni1ECB
ENCODING 7883
SWIDTH 237 0
DWIDTH 7 0
BBX 3 27 2 -6
BITMAP
E0
E0
E0
00
00
00
40
E0
E0
E0
E0
E0
E0
E0
E0
E0
E0
E0
E0
E0
E0
00
00
00
E0
E0
60
ENDCHAR
STARTCHAR uni1ECC
ENCODING 7884
SWIDTH 771 0
DWIDTH 23 0
BBX 19 27 2 -6
BITMAP
07FC00
1FFF00
3E0F80
380380
7001C0
7001E0
E000E0
E000E0
E000E0
E000E0
E000E0
E000E0
E000E0
E000E0
E000E0
7001C0
7001C0
380380
1E0F80
0FFE00
07FC00
000000
000000
000000
00E000
00E000
006000
ENDCHAR
STARTCHAR uni1ECD
ENCODING 7885
SWIDTH 560 0
DWIDTH 17 0
BBX 14 21 1 -6
BITMAP
07C0
1FF0
3CF8
703C
701C
601C
E00C
E00C
E00C
E00C
701C
701C
3838
1FF0
0FE0
0000
0000
0000
0380
0380
0300
ENDCHAR
STARTCHAR uni1ECE
ENCODING 7886
SWIDTH 771 0
DWIDTH 23 0
BBX 19 28 2 0
BITMAP
01F000
003800
003000
006000
006000
000000
000000
07FC00
1FFF00
3E0F80
380380
7001C0
7001E0
E000E0
E000E0
E000E0
E000E0
E000E0
E000E0
E000E0
E000E0
E000E0
7001C0
7001C0
380380
1E0F80
0FFE00
07FC00
ENDCHAR
STARTCHAR uni1ECF
ENCODING 7887
SWIDTH 560 0
DWIDTH 17 0
BBX 14 23 1 0
BITMAP
0380
07C0
00E0
00C0
0180
0300
0100
0000
07C0
1FF0
3CF8
703C
701C
601C
E00C
E00C
E00C
E00C
701C
701C
3838
1FF0
0FE0
ENDCHAR
STARTCHAR uni1ED0
ENCODING 7888
SWIDTH 771 0
DWIDTH 23 0
BBX 19 31 2 0
BITMAP
000180
000380
000300
00E600
01F400
01B000
031800
060C00
000000
000000
07FC00
1FFF00
3E0F80
380380
7001C0
7001E0
E000E0
E000E0
E000E0
E000E0
E000E0
E000E0
E000E0
E000E0
E000E0
7001C0
7001C0
380380
1E0F80
0FFE00
07FC00
ENDCHAR
STARTCHAR uni1ED1
ENCODING 7889
SWIDTH 560 0
DWIDTH 17 0
BBX 15 24 1 0
BITMAP
000E
000C
0318
0398
06D0
0CE0
1C60
0820
0000
07C0
1FF0
3CF8
703C
701C
601C
E00C
E00C
E00C
E00C
701C
701C
3838
1FF0
0FE0
ENDCHAR
STARTCHAR uni1ED2
ENCODING 7890
SWIDTH 771 0
DWIDTH 23 0
BBX 19 31 2 0
BITMAP
001800
001800
000C00
00E600
01F600
01B000
031800
060C00
000000
000000
07FC00
1FFF00
3E0F80
380380
7001C0
7001E0
E000E0
E000E0
E000E0
E000E0
E000E0
E000E0
E000E0
E000E0
E000E0
7001C0
7001C0
380380
1E0F80
0FFE00
07FC00
ENDCHAR
STARTCHAR uni1ED3
ENCODING 7891
SWIDTH 560 0
DWIDTH 17 0
BBX 14 24 1 0
BITMAP
0060
0070
0330
0398
06C8
0CE0
1C60
0820
0000
07C0
1FF0
3CF8
703C
701C
601C
E00C
E00C
E00C
E00C
701C
701C
3838
1FF0
0FE0
ENDCHAR
STARTCHAR uni1ED4
ENCODING 7892
SWIDTH 771 0
DWIDTH 23 0
BBX 19 31 2 0
BITMAP
000C00
001F00
000300
00E300
01F600
01B000
031800
060C00
000000
000000
07FC00
1FFF00
3E0F80
380380
7001C0
7001E0
E000E0
E000E0
E000E0
E000E0
E000E0
E000E0
E000E0
E000E0
E000E0
7001C0
7001C0
380380
1E0F80
0FFE00
07FC00
ENDCHAR
STARTCHAR uni1ED5
ENCODING 7893
SWIDTH 560 0
DWIDTH 17 0
BBX 14 24 1 0
BITMAP
007C
000C
030C
0398
06D0
0CE0
1C60
0820
0000
07C0
1FF0
3CF8
703C
701C
601C
E00C
E00C
E00C
E00C
701C
701C
3838
1FF0
0FE0
ENDCHAR
STARTCHAR uni1ED6
ENCODING 7894
SWIDTH 771 0
DWIDTH 23 0
BBX 19 31 2 0
BITMAP
038400
07EC00
067C00
000000
00E000
01F000
039800
060C00
000000
000000
07FC00
1FFF00
3E0F80
380380
7001C0
7001E0
E000E0
E000E0
E000E0
E000E0
E000E0
E000E0
E000E0
E000E0
E000E0
7001C0
7001C0
380380
1E0F80
0FFE00
07FC00
ENDCHAR
STARTCHAR uni1ED7
ENCODING 7895
SWIDTH 560 0
DWIDTH 17 0
BBX 14 24 1 0
BITMAP
1F30
1BF0
1060
0300
07C0
0EC0
0C60
1820
0000
07C0
1FF0
3CF8
703C
701C
601C
E00C
E00C
E00C
E00C
701C
701C
3838
1FF0
0FE0
ENDCHAR
STARTCHAR uni1ED8
ENCODING 7896
SWIDTH 771 0
DWIDTH 23 0
BBX 19 34 2 -6
BITMAP
00E000
01F000
03B800
031800
060C00
000000
000000
07FC00
1FFF00
3E0F80
380380
7001C0
7001E0
E000E0
E000E0
E000E0
E000E0
E000E0
E000E0
E000E0
E000E0
E000E0
7001C0
7001C0
380380
1E0F80
0FFE00
07FC00
000000
000000
000000
00E000
00E000
006000
ENDCHAR
STARTCHAR uni1ED9
ENCODING 7897
SWIDTH 560 0
DWIDTH 17 0
BBX 14 29 1 -6
BITMAP
0380
0380
06C0
0EC0
0C60
1830
0820
0000
07C0
1FF0
3CF8
703C
701C
601C
E00C
E00C
E00C
E00C
701C
701C
3838
1FF0
0FE0
0000
0000
0000
0380
0380
0300
ENDCHAR
STARTCHAR uni1EDA
ENCODING 7898
SWIDTH 771 0
DWIDTH 23 0
BBX 19 28 2 0
BITMAP
000C00
001C00
003800
003060
006060
000060
0000E0
07FFC0
1FFF00
3E0F80
380380
7001C0
7001E0
E000E0
E000E0
E000E0
E000E0
E000E0
E000E0
E000E0
E000E0
E000E0
7001C0
7001C0
380380
1E0F80
0FFE00
07FC00
ENDCHAR
STARTCHAR uni1EDB
ENCODING 7899
SWIDTH 560 0
DWIDTH 17 0
BBX 15 23 1 0
BITMAP
0020
0070
00E0
00C0
01C4
018E
010E
000C
07FC
1FF0
3CF8
703C
701C
601C
E00C
E00C
E00C
E00C
701C
701C
3838
1FF0
0FE0
ENDCHAR
STARTCHAR uni1EDC
ENCODING 7900
SWIDTH 771 0
DWIDTH 23 0
BBX 19 28 2 0
BITMAP
060000
070000
038000
018060
00C060
000060
0000E0
07FFC0
1FFF00
3E0F80
380380
7001C0
7001E0
E000E0
E000E0
E000E0
E000E0
E000E0
E000E0
E000E0
E000E0
E000E0
7001C0
7001C0
380380
1E0F80
0FFE00
07FC00
ENDCHAR
STARTCHAR uni1EDD
ENCODING 7901
SWIDTH 560 0
DWIDTH 17 0
BBX 15 23 1 0
BITMAP
1800
1C00
0C00
0600
0604
030E
010E
000C
07FC
1FF0
3CF8
703C
701C
601C
E00C
E00C
E00C
E00C
701C
701C
3838
1FF0
0FE0
ENDCHAR
STARTCHAR uni1EDE
ENCODING 7902
SWIDTH 771 0
DWIDTH 23 0
BBX 19 28 2 0
BITMAP
01F000
003800
003000
006060
006060
000060
0000E0
07FFC0
1FFF00
3E0F80
380380
7001C0
7001E0
E000E0
E000E0
E000E0
E000E0
E000E0
E000E0
E000E0
E000E0
E000E0
7001C0
7001C0
380380
1E0F80
0FFE00
07FC00
ENDCHAR
STARTCHAR uni1EDF
ENCODING 7903
SWIDTH 560 0
DWIDTH 17 0
BBX 15 23 1 0
BITMAP
0380
07C0
00E0
00C0
0184
030E
010E
000C
07FC
1FF0
3CF8
703C
701C
601C
E00C
E00C
E00C
E00C
701C
701C
3838
1FF0
0FE0
ENDCHAR
STARTCHAR uni1EE0
ENCODING 7904
SWIDTH 771 0
DWIDTH 23 0
BBX 19 28 2 0
BITMAP
020200
07C600
0CEE00
187C60
081060
000060
0000E0
07FFC0
1FFF00
3E0F80
380380
7001C0
7001E0
E000E0
E000E0
E000E0
E000E0
E000E0
E000E0
E000E0
E000E0
E000E0
7001C0
7001C0
380380
1E0F80
0FFE00
07FC00
ENDCHAR
STARTCHAR uni1EE1
ENCODING 7905
SWIDTH 560 0
DWIDTH 17 0
BBX 15 22 1 0
BITMAP
0C10
1F10
33F0
30E4
000E
000E
000C
07FC
1FF0
3CF8
703C
701C
601C
E00C
E00C
E00C
E00C
701C
701C
3838
1FF0
0FE0
ENDCHAR
STARTCHAR uni1EE2
ENCODING 7906
SWIDTH 771 0
DWIDTH 23 0
BBX 19 31 2 -6
BITMAP
000060
000060
000060
0000E0
07FFC0
1FFF00
3E0F80
380380
7001C0
7001E0
E000E0
E000E0
E000E0
E000E0
E000E0
E000E0
E000E0
E000E0
E000E0
7001C0
7001C0
380380
1E0F80
0FFE00
07FC00
000000
000000
000000
00E000
00E000
00E000
ENDCHAR
STARTCHAR uni1EE3
ENCODING 7907
SWIDTH 560 0
DWIDTH 17 0
BBX 15 25 1 -6
BITMAP
0004
000E
000E
000C
07FC
1FF0
3CF8
703C
701C
601C
E00C
E00C
E00C
E00C
701C
701C
3838
1FF0
0FE0
0000
0000
0000
0380
0380
0300
ENDCHAR
STARTCHAR uni1EE4
ENCODING 7908
SWIDTH 731 0
DWIDTH 22 0
BBX 18 27 2 -6
BITMAP
E00180
E001C0
E001C0
E001C0
E001C0
E001C0
E001C0
E001C0
E001C0
E001C0
E001C0
E001C0
E001C0
E001C0
600180
700380
700380
780700
3E1F00
1FFE00
07F800
000000
000000
000000
00C000
01E000
00C000
ENDCHAR
STARTCHAR uni1EE5
ENCODING 7909
SWIDTH 565 0
DWIDTH 17 0
BBX 13 21 2 -6
BITMAP
4030
E038
E038
E038
E038
E038
E038
E038
E038
E038
E038
E078
70F8
7FF8
3F38
0000
0000
0000
0700
0700
0700
ENDCHAR
STARTCHAR uni1EE6
ENCODING 7910
SWIDTH 731 0
DWIDTH 22 0
BBX 18 28 2 0
BITMAP
03F000
003000
003000
00E000
00C000
000000
000000
E00180
E001C0
E001C0
E001C0
E001C0
E001C0
E001C0
E001C0
E001C0
E001C0
E001C0
E001C0
E001C0
E001C0
600180
700380
700380
780700
3E1F00
1FFE00
07F800
ENDCHAR
STARTCHAR uni1EE7
ENCODING 7911
SWIDTH 565 0
DWIDTH 17 0
BBX 13 23 2 0
BITMAP
0700
0F80
01C0
0180
0300
0200
0200
0000
4030
E038
E038
E038
E038
E038
E038
E038
E038
E038
E038
E078
70F8
7FF8
3F38
ENDCHAR
STARTCHAR uni1EE8
ENCODING 7912
SWIDTH 731 0
DWIDTH 22 0
BBX 21 28 2 0
BITMAP
001C00
003800
003000
006018
006038
000038
000070
E001E0
E001C0
E001C0
E001C0
E001C0
E001C0
E001C0
E001C0
E001C0
E001C0
E001C0
E001C0
E001C0
E001C0
600180
700380
700380
780700
3E1F00
1FFE00
07F800
ENDCHAR
STARTCHAR uni1EE9
ENCODING 7913
SWIDTH 565 0
DWIDTH 17 0
BBX 16 23 2 0
BITMAP
0060
00E0
00C0
0180
0381
0303
0203
0007
401E
E03C
E038
E038
E038
E038
E038
E038
E038
E038
E038
E078
70F8
7FF8
3F38
ENDCHAR
STARTCHAR uni1EEA
ENCODING 7914
SWIDTH 731 0
DWIDTH 22 0
BBX 21 28 2 0
BITMAP
0E0000
070000
030000
018018
018038
000038
000070
E001E0
E001C0
E001C0
E001C0
E001C0
E001C0
E001C0
E001C0
E001C0
E001C0
E001C0
E001C0
E001C0
E001C0
600180
700380
700380
780700
3E1F00
1FFE00
07F800
ENDCHAR
STARTCHAR uni1EEB
ENCODING 7915
SWIDTH 565 0
DWIDTH 17 0
BBX 16 23 2 0
BITMAP
3000
3800
1800
0C00
0C01
0603
0203
0007
401E
E03C
E038
E038
E038
E038
E038
E038
E038
E038
E038
E078
70F8
7FF8
3F38
ENDCHAR
STARTCHAR uni1EEC
ENCODING 7916
SWIDTH 731 0
DWIDTH 22 0
BBX 21 28 2 0
BITMAP
03F000
003000
003000
00E018
00C038
000038
000070
E001E0
E001C0
E001C0
E001C0
E001C0
E001C0
E001C0
E001C0
E001C0
E001C0
E001C0
E001C0
E001C0
E001C0
600180
700380
700380
780700
3E1F00
1FFE00
07F800
ENDCHAR
STARTCHAR uni1EED
ENCODING 7917
SWIDTH 565 0
DWIDTH 17 0
BBX 16 23 2 0
BITMAP
0700
0F80
01C0
0180
0301
0203
0203
0007
401E
E03C
E038
E038
E038
E038
E038
E038
E038
E038
E038
E078
70F8
7FF8
3F38
ENDCHAR
STARTCHAR uni1EEE
ENCODING 7918
SWIDTH 731 0
DWIDTH 22 0
BBX 21 28 2 0
BITMAP
020400
0F8600
1DFC00
187C18
101038
000038
000070
E001E0
E001C0
E001C0
E001C0
E001C0
E001C0
E001C0
E001C0
E001C0
E001C0
E001C0
E001C0
E001C0
E001C0
600180
700380
700380
780700
3E1F00
1FFE00
07F800
ENDCHAR
STARTCHAR uni1EEF
ENCODING 7919
SWIDTH 565 0
DWIDTH 17 0
BBX 16 22 2 0
BITMAP
1830
3E20
67E0
61C1
0003
0003
0007
401E
E03C
E038
E038
E038
E038
E038
E038
E038
E038
E038
E078
70F8
7FF8
3F38
ENDCHAR
STARTCHAR uni1EF0
ENCODING 7920
SWIDTH 731 0
DWIDTH 22 0
BBX 21 31 2 -6
BITMAP
000018
000038
000038
000070
E001E0
E001C0
E001C0
E001C0
E001C0
E001C0
E001C0
E001C0
E001C0
E001C0
E001C0
E001C0
E001C0
E001C0
600180
700380
700380
780700
3E1F00
1FFE00
07F800
000000
000000
000000
00C000
01E000
00C000
ENDCHAR
STARTCHAR uni1EF1
ENCODING 7921
SWIDTH 565 0
DWIDTH 17 0
BBX 16 25 2 -6
BITMAP
0001
0003
0003
0007
401E
E03C
E038
E038
E038
E038
E038
E038
E038
E038
E038
E078
70F8
7FF8
3F38
0000
0000
0000
0700
0700
0700
ENDCHAR
STARTCHAR Ygrave
ENCODING 7922
SWIDTH 601 0
DWIDTH 18 0
BBX 18 28 0 0
BITMAP
0E0000
070000
030000
018000
008000
000000
000000
E001C0
700380
780780
380700
1C0E00
0E1C00
0F1C00
073800
03F000
03F000
01E000
00C000
00C000
00C000
00C000
00C000
00C000
00C000
00C000
00C000
00C000
ENDCHAR
STARTCHAR ygrave
ENCODING 7923
SWIDTH 517 0
DWIDTH 16 0
BBX 14 29 1 -6
BITMAP
1800
3800
1C00
0C00
0600
0600
0200
0000
C008
E01C
E018
6038
7038
7070
3870
3860
18E0
1CC0
0DC0
0FC0
0F80
0780
0700
0700
0600
0E00
0E00
1C00
0800
ENDCHAR
STARTCHAR uni1EF4
ENCODING 7924
SWIDTH 601 0
DWIDTH 18 0
BBX 18 27 0 -6
BITMAP
E001C0
700380
780780
380700
1C0E00
0E1C00
0F1C00
073800
03F000
03F000
01E000
00C000
00C000
00C000
00C000
00C000
00C000
00C000
00C000
00C000
00C000
000000
000000
000000
00C000
01E000
00C000
ENDCHAR
STARTCHAR uni1EF5
ENCODING 7925
SWIDTH 517 0
DWIDTH 16 0
BBX 14 21 1 -6
BITMAP
C008
E01C
E018
6038
7038
7070
3870
3860
18E0
1CC0
0DC0
0FC0
0F80
0780
0700
0700
0600
0E00
0E70
1C70
0830
ENDCHAR
STARTCHAR uni1EF6
ENCODING 7926
SWIDTH 601 0
DWIDTH 18 0
BBX 18 28 0 0
BITMAP
03F000
003000
003000
00E000
00C000
000000
000000
E001C0
700380
780780
380700
1C0E00
0E1C00
0F1C00
073800
03F000
03F000
01E000
00C000
00C000
00C000
00C000
00C000
00C000
00C000
00C000
00C000
00C000
ENDCHAR
STARTCHAR uni1EF7
ENCODING 7927
SWIDTH 517 0
DWIDTH 16 0
BBX 14 29 1 -6
BITMAP
0780
0FC0
00C0
01C0
0300
0300
0200
0000
C008
E01C
E018
6038
7038
7070
3870
3860
18E0
1CC0
0DC0
0FC0
0F80
0780
0700
0700
0600
0E00
0E00
1C00
0800
ENDCHAR
STARTCHAR uni1EF8
ENCODING 7928
SWIDTH 601 0
DWIDTH 18 0
BBX 18 28 0 0
BITMAP
020200
0F8600
1DEE00
107C00
101000
000000
000000
E001C0
700380
780780
380700
1C0E00
0E1C00
0F1C00
073800
03F000
03F000
01E000
00C000
00C000
00C000
00C000
00C000
00C000
00C000
00C000
00C000
00C000
ENDCHAR
STARTCHAR uni1EF9
ENCODING 7929
SWIDTH 517 0
DWIDTH 16 0
BBX 14 28 1 -6
BITMAP
1C10
3E30
33F0
61E0
0000
0000
0000
C008
E01C
E018
6038
7038
7070
3870
3860
18E0
1CC0
0DC0
0FC0
0F80
0780
0700
0700
0600
0E00
0E00
1C00
0800
ENDCHAR
STARTCHAR uni2007
ENCODING 8199
SWIDTH 600 0
DWIDTH 18 0
BBX 1 1 0 0
BITMAP
00
ENDCHAR
STARTCHAR uni2008
ENCODING 8200
SWIDTH 233 0
DWIDTH 7 0
BBX 1 1 0 0
BITMAP
00
ENDCHAR
STARTCHAR uni2009
ENCODING 8201
SWIDTH 200 0
DWIDTH 6 0
BBX 1 1 0 0
BITMAP
00
ENDCHAR
STARTCHAR uni200A
ENCODING 8202
SWIDTH 100 0
DWIDTH 3 0
BBX 1 1 0 0
BITMAP
00
ENDCHAR
STARTCHAR uni200B
ENCODING 8203
SWIDTH 0 0
DWIDTH 0 0
BBX 1 1 0 0
BITMAP
00
ENDCHAR
STARTCHAR uni2010
ENCODING 8208
SWIDTH 427 0
DWIDTH 13 0
BBX 9 2 2 7
BITMAP
FF80
FF80
ENDCHAR
STARTCHAR figuredash
ENCODING 8210
SWIDTH 600 0
DWIDTH 18 0
BBX 14 2 2 7
BITMAP
FFFC
FFFC
ENDCHAR
STARTCHAR endash
ENCODING 8211
SWIDTH 500 0
DWIDTH 15 0
BBX 15 2 0 7
BITMAP
FFFE
FFFE
ENDCHAR
STARTCHAR emdash
ENCODING 8212
SWIDTH 1000 0
DWIDTH 30 0
BBX 30 2 0 7
BITMAP
FFFFFFFC
FFFFFFFC
ENDCHAR
STARTCHAR uni2015
ENCODING 8213
SWIDTH 1000 0
DWIDTH 30 0
BBX 30 2 0 7
BITMAP
FFFFFFFC
FFFFFFFC
ENDCHAR
STARTCHAR quoteleft
ENCODING 8216
SWIDTH 233 0
DWIDTH 7 0
BBX 3 7 2 14
BITMAP
60
C0
C0
E0
E0
E0
40
ENDCHAR
STARTCHAR quoteright
ENCODING 8217
SWIDTH 233 0
DWIDTH 7 0
BBX 3 7 2 14
BITMAP
E0
E0
E0
60
60
C0
80
ENDCHAR
STARTCHAR quotesinglbase
ENCODING 8218
SWIDTH 233 0
DWIDTH 7 0
BBX 3 6 2 -3
BITMAP
E0
E0
E0
60
60
C0
ENDCHAR
STARTCHAR quotedblleft
ENCODING 8220
SWIDTH 405 0
DWIDTH 12 0
BBX 8 7 2 14
BITMAP
63
C2
C6
E7
E7
E7
42
ENDCHAR
STARTCHAR quotedblright
ENCODING 8221
SWIDTH 405 0
DWIDTH 12 0
BBX 8 7 2 14
BITMAP
E7
E7
E7
63
63
C6
82
ENDCHAR
STARTCHAR quotedblbase
ENCODING 8222
SWIDTH 405 0
DWIDTH 12 0
BBX 8 6 2 -3
BITMAP
E7
E7
E7
63
63
C6
ENDCHAR
STARTCHAR dagger
ENCODING 8224
SWIDTH 329 0
DWIDTH 10 0
BBX 9 17 0 4
BITMAP
0C00
0C00
0C00
7F80
FF80
0C00
0C00
0C00
0C00
0C00
0C00
0C00
0C00
0C00
0C00
0C00
0800
ENDCHAR
STARTCHAR daggerdbl
ENCODING 8225
SWIDTH 329 0
DWIDTH 10 0
BBX 9 17 0 4
BITMAP
0C00
0C00
0C00
7F80
FF80
0C00
0C00
0C00
0C00
0C00
0C00
FF80
7F80
0C00
0C00
0C00
0800
ENDCHAR
STARTCHAR bullet
ENCODING 8226
SWIDTH 524 0
DWIDTH 16 0
BBX 11 10 2 3
BITMAP
1F80
3FC0
7FE0
7FE0
FFE0
FFE0
7FE0
7FE0
3FC0
1F80
ENDCHAR
STARTCHAR ellipsis
ENCODING 8230
SWIDTH 700 0
DWIDTH 21 0
BBX 17 3 2 0
BITMAP
E1C380
E1C380
E1C380
ENDCHAR
STARTCHAR perthousand
ENCODING 8240
SWIDTH 1330 0
DWIDTH 40 0
BBX 36 23 2 -1
BITMAP
0000400000
3F00E00000
7F80C00000
E181C00000
C1C1800000
C1C3800000
C0C3000000
C0C7000000
C1CE000000
C1CC300380
E19CFE0FC0
7799CE1CE0
3F39871870
0833833830
0073833030
00E3033030
00C3033030
01C3833030
0183833830
0381871870
0301FE1FE0
0600FC0FC0
0200000000
ENDCHAR
STARTCHAR minute
ENCODING 8242
SWIDTH 226 0
DWIDTH 7 0
BBX 3 8 2 13
BITMAP
E0
E0
E0
E0
E0
E0
C0
C0
ENDCHAR
STARTCHAR second
ENCODING 8243
SWIDTH 405 0
DWIDTH 12 0
BBX 8 8 2 13
BITMAP
E7
E7
E7
E7
E3
E3
C3
C3
ENDCHAR
STARTCHAR guilsinglleft
ENCODING 8249
SWIDTH 266 0
DWIDTH 8 0
BBX 4 10 2 3
BITMAP
30
30
70
E0
E0
E0
E0
70
30
30
ENDCHAR
STARTCHAR guilsinglright
ENCODING 8250
SWIDTH 266 0
DWIDTH 8 0
BBX 4 10 2 3
BITMAP
C0
C0
E0
70
70
70
70
E0
E0
C0
ENDCHAR
STARTCHAR fraction
ENCODING 8260
SWIDTH 176 0
DWIDTH 5 0
BBX 14 23 -4 -1
BITMAP
0008
001C
0018
0030
0070
0060
00E0
00C0
01C0
0180
0300
0700
0600
0E00
0C00
1C00
3800
3000
7000
6000
E000
C000
8000
ENDCHAR
STARTCHAR uni2052
ENCODING 8274
SWIDTH 600 0
DWIDTH 18 0
BBX 12 24 3 -2
BITMAP
0060
0060
E0E0
F0C0
E0C0
01C0
0180
0380
0300
0300
0700
0600
0E00
0E00
0C00
1C00
1800
1820
38F0
30F0
7060
6000
6000
4000
ENDCHAR
STARTCHAR uni2070
ENCODING 8304
SWIDTH 380 0
DWIDTH 11 0
BBX 9 13 1 8
BITMAP
1E00
7F00
6380
E180
C180
C180
C180
C180
C180
E180
6380
7F00
3E00
ENDCHAR
STARTCHAR uni2074
ENCODING 8308
SWIDTH 380 0
DWIDTH 11 0
BBX 10 13 1 8
BITMAP
0300
0700
0F00
0F00
1B00
3300
3300
6300
C300
FFC0
FF80
0300
0300
ENDCHAR
STARTCHAR uni2075
ENCODING 8309
SWIDTH 380 0
DWIDTH 11 0
BBX 9 13 1 8
BITMAP
7F00
7F80
6000
6000
6000
7F00
7F80
4180
0180
0180
4180
FF80
3E00
ENDCHAR
STARTCHAR uni2076
ENCODING 8310
SWIDTH 380 0
DWIDTH 11 0
BBX 9 13 1 8
BITMAP
0F00
3F80
7080
6000
E000
CF00
FF80
E180
E180
E180
6180
7F80
3F00
ENDCHAR
STARTCHAR uni2077
ENCODING 8311
SWIDTH 380 0
DWIDTH 11 0
BBX 9 13 1 8
BITMAP
7F80
FF80
0380
0300
0700
0600
0E00
0C00
1C00
1800
3800
3000
3000
ENDCHAR
STARTCHAR uni2078
ENCODING 8312
SWIDTH 380 0
DWIDTH 11 0
BBX 10 13 1 8
BITMAP
1E00
7F00
E180
C180
C180
6380
3E00
7780
C180
C1C0
C180
7F80
3F00
ENDCHAR
STARTCHAR uni2079
ENCODING 8313
SWIDTH 380 0
DWIDTH 11 0
BBX 9 13 1 8
BITMAP
1C00
7F00
E300
C180
C180
C380
E780
7D80
0180
0180
8300
FF00
7C00
ENDCHAR
STARTCHAR uni2080
ENCODING 8320
SWIDTH 380 0
DWIDTH 11 0
BBX 9 13 1 0
BITMAP
1E00
7F00
6380
E180
C180
C180
C180
C180
C180
E180
6380
7F00
3E00
ENDCHAR
STARTCHAR uni2081
ENCODING 8321
SWIDTH 380 0
DWIDTH 11 0
BBX 8 13 2 0
BITMAP
08
3C
FC
DC
1C
1C
1C
1C
1C
1C
1C
FF
FF
ENDCHAR
STARTCHAR uni2082
ENCODING 8322
SWIDTH 380 0
DWIDTH 11 0
BBX 9 13 1 0
BITMAP
3C00
7F00
C700
0380
0300
0300
0700
0E00
1C00
3800
7000
7F80
FF80
ENDCHAR
STARTCHAR uni2083
ENCODING 8323
SWIDTH 380 0
DWIDTH 11 0
BBX 9 13 1 0
BITMAP
3E00
7F00
E380
0380
0380
0F00
3E00
1F00
0180
0180
C380
FF00
7E00
ENDCHAR
STARTCHAR uni2084
ENCODING 8324
SWIDTH 380 0
DWIDTH 11 0
BBX 10 13 1 0
BITMAP
0300
0700
0F00
0F00
1B00
3300
3300
6300
C300
FFC0
FF80
0300
0300
ENDCHAR
STARTCHAR uni2085
ENCODING 8325
SWIDTH 380 0
DWIDTH 11 0
BBX 9 13 1 0
BITMAP
7F00
7F80
6000
6000
6000
7F00
7F80
4180
0180
0180
4180
FF80
3E00
ENDCHAR
STARTCHAR uni2086
ENCODING 8326
SWIDTH 380 0
DWIDTH 11 0
BBX 9 13 1 0
BITMAP
0F00
3F80
7080
6000
E000
CF00
FF80
E180
E180
E180
6180
7F80
3F00
ENDCHAR
STARTCHAR uni2087
ENCODING 8327
SWIDTH 380 0
DWIDTH 11 0
BBX 9 13 1 0
BITMAP
7F80
FF80
0380
0300
0700
0600
0E00
0C00
1C00
1800
3800
3000
3000
ENDCHAR
STARTCHAR uni2088
ENCODING 8328
SWIDTH 380 0
DWIDTH 11 0
BBX 10 13 1 0
BITMAP
1E00
7F00
E180
C180
C180
6380
3E00
7780
C180
C1C0
C180
7F80
3F00
ENDCHAR
STARTCHAR uni2089
ENCODING 8329
SWIDTH 380 0
DWIDTH 11 0
BBX 9 13 1 0
BITMAP
1C00
7F00
E300
C180
C180
C380
E780
7D80
0180
0180
8300
FF00
7C00
ENDCHAR
STARTCHAR colonmonetary
ENCODING 8353
SWIDTH 600 0
DWIDTH 18 0
BBX 15 29 2 -4
BITMAP
0084
00CC
018C
018C
07FC
1FFC
3E1E
7806
7000
F000
E000
E000
E000
E000
E000
E000
E000
E000
E000
7000
7000
3806
3F7E
3FFC
67F0
6300
6600
C600
4200
ENDCHAR
STARTCHAR franc
ENCODING 8355
SWIDTH 600 0
DWIDTH 18 0
BBX 16 21 1 0
BITMAP
3FFF
3FFF
3800
3800
3800
3800
3800
3800
3800
3FFE
3FFE
3800
3800
3800
3800
FFF0
FFE0
3800
3800
3800
1800
ENDCHAR
STARTCHAR lira
ENCODING 8356
SWIDTH 600 0
DWIDTH 18 0
BBX 16 21 1 0
BITMAP
03FC
07FF
0E07
0E02
1C00
1C00
1C00
FFE0
FFF0
1C00
1C00
1C00
FFF0
7FE0
1C00
1C00
1C00
1C00
1C00
FFFF
FFFF
ENDCHAR
STARTCHAR uni20A6
ENCODING 8358
SWIDTH 600 0
DWIDTH 18 0
BBX 18 21 0 0
BITMAP
1C0E00
1C0E00
1E0E00
1E0E00
1F0E00
1F0E00
1F8E00
FF8FC0
FD8FC0
1DCE00
1CCE00
1CEE00
FC6FC0
7C7F80
1C7E00
1C3E00
1C3E00
1C1E00
1C1E00
1C0E00
1C0E00
ENDCHAR
STARTCHAR peseta
ENCODING 8359
SWIDTH 600 0
DWIDTH 18 0
BBX 18 21 0 0
BITMAP
1FF000
1FF800
1C3C00
1C0E00
1C0E00
1C0600
FC07C0
7C0780
1C0E00
1C0E00
1C1C00
1FFC00
1FF800
1F8000
1C0000
1C0000
1C0000
1C0000
1C0000
1C0000
1C0000
ENDCHAR
STARTCHAR uni20A9
ENCODING 8361
SWIDTH 600 0
DWIDTH 18 0
BBX 18 21 0 0
BITMAP
30C300
30C300
30C300
30C300
31E300
39E700
19E600
F9E780
F927C0
192600
1B3600
1B3600
FB37C0
7B3780
0E1C00
0E1C00
0E1C00
0E1C00
0E1C00
0E1C00
040800
ENDCHAR
STARTCHAR dong
ENCODING 8363
SWIDTH 600 0
DWIDTH 18 0
BBX 15 25 2 -4
BITMAP
0038
0038
01FE
03FE
0038
0038
0F38
3FB8
79F8
7078
E038
E038
E038
E038
E038
E038
E038
E078
7078
3FF8
1F98
0000
0000
7FF8
FFF8
ENDCHAR
STARTCHAR Euro
ENCODING 8364
SWIDTH 600 0
DWIDTH 18 0
BBX 18 21 0 0
BITMAP
00FF00
03FF80
03C380
070080
0E0000
0E0000
0E0000
7FE000
FFF000
1C0000
1C0000
1C0000
FFF000
7FE000
0E0000
0E0000
0F0000
070080
03C3C0
01FF80
00FE00
ENDCHAR
STARTCHAR uni20AD
ENCODING 8365
SWIDTH 600 0
DWIDTH 18 0
BBX 17 21 0 0
BITMAP
1C0300
1C0700
1C0E00
1C1C00
1C3800
1C7800
1C7000
1CE000
1DC000
7FFF00
FFFF80
1F8000
1DC000
1CE000
1C7000
1C3800
1C1C00
1C1E00
1C0E00
1C0700
1C0300
ENDCHAR
STARTCHAR uni20AE
ENCODING 8366
SWIDTH 600 0
DWIDTH 18 0
BBX 18 21 0 0
BITMAP
FFFFC0
FFFFC0
00C000
00C000
00C000
00C600
00DE00
00F800
01F000
07C000
0FC600
1CDE00
00F800
01E000
07C000
0FC000
1CC000
00C000
00C000
00C000
00C000
ENDCHAR
STARTCHAR uni20B1
ENCODING 8369
SWIDTH 600 0
DWIDTH 18 0
BBX 18 21 0 0
BITMAP
1FF000
1FF800
1C3C00
7C0F80
FC0FC0
1C0600
1C0600
1C0600
FC0FC0
FC0FC0
1C1C00
1FFC00
1FF800
1F8000
1C0000
1C0000
1C0000
1C0000
1C0000
1C0000
1C0000
ENDCHAR
STARTCHAR uni20B2
ENCODING 8370
SWIDTH 600 0
DWIDTH 18 0
BBX 16 29 1 -4
BITMAP
00C0
00C0
00C0
00C0
03F8
0FFE
1F1F
3C06
3800
7000
7000
7000
6000
E000
E07E
E07F
6007
7007
7007
7007
3807
3C07
1F1F
0FFE
03F8
00C0
00C0
00C0
0040
ENDCHAR
STARTCHAR uni20B4
ENCODING 8372
SWIDTH 600 0
DWIDTH 18 0
BBX 14 21 2 0
BITMAP
1FF0
3FF8
7038
201C
001C
0038
0038
FFFC
FFFC
03C0
0700
0E00
FFFC
FFFC
7000
7000
6000
700C
783C
7FF8
1FE0
ENDCHAR
STARTCHAR uni20B5
ENCODING 8373
SWIDTH 600 0
DWIDTH 18 0
BBX 15 29 2 -4
BITMAP
0080
01C0
01C0
01C0
07F0
1FFC
3E1E
7806
7000
7000
E000
E000
E000
E000
E000
E000
E000
E000
E000
7000
7000
3806
3F7E
1FFC
07F0
01C0
01C0
01C0
0080
ENDCHAR
STARTCHAR uni20B8
ENCODING 8376
SWIDTH 600 0
DWIDTH 18 0
BBX 18 21 0 0
BITMAP
FFFFC0
FFFFC0
000000
000000
7FFF80
FFFFC0
00C000
00C000
00C000
00C000
00C000
00C000
00C000
00C000
00C000
00C000
00C000
00C000
00C000
00C000
00C000
ENDCHAR
STARTCHAR uni20B9
ENCODING 8377
SWIDTH 600 0
DWIDTH 18 0
BBX 18 21 0 0
BITMAP
FFFFC0
7FFF80
003800
001C00
7FFF80
FFFFC0
000C00
001C00
001C00
007800
7FF000
FFE000
01C000
00E000
007000
007800
003800
001C00
001E00
000E00
000600
ENDCHAR
STARTCHAR uni20BA
ENCODING 8378
SWIDTH 600 0
DWIDTH 18 0
BBX 15 21 2 0
BITMAP
1800
1C00
1C00
1C60
1DE0
1F80
1E00
7C00
FCE0
DDE0
1F80
1E00
7C00
FC04
DC0E
1C0E
1C0E
1C0E
1C3C
1FFC
1FF0
ENDCHAR
STARTCHAR uni20BC
ENCODING 8380
SWIDTH 600 0
DWIDTH 18 0
BBX 14 21 2 0
BITMAP
0300
0300
0300
0780
1FE0
3FF0
7B38
7338
E31C
E31C
E31C
C31C
C30C
C30C
C30C
C30C
C00C
C00C
C00C
C00C
C00C
ENDCHAR
STARTCHAR uni20BD
ENCODING 8381
SWIDTH 600 0
DWIDTH 18 0
BBX 17 21 0 0
BITMAP
1FFC00
1FFE00
1C0F00
1C0380
1C0380
1C0380
1C0180
1C0380
1C0380
1C0700
FFFE00
FFFC00
1C0000
1C0000
1C0000
FFE000
7FE000
1C0000
1C0000
1C0000
1C0000
ENDCHAR
STARTCHAR uni2113
ENCODING 8467
SWIDTH 600 0
DWIDTH 18 0
BBX 10 21 3 0
BITMAP
0F80
1FC0
1CC0
18C0
18C0
1880
1980
1900
1B00
1E00
1C00
1C00
3800
7800
F800
D800
1800
1800
1C40
1FC0
0F80
ENDCHAR
STARTCHAR uni2116
ENCODING 8470
SWIDTH 1085 0
DWIDTH 33 0
BBX 29 21 3 0
BITMAP
C00387E0
E0038630
F0038C18
F0038C18
F8038C18
DC038C18
CE038E30
CE0387F0
C70381C0
C3838000
C1C38000
C1C38FF0
C0E38FF8
C0738000
C03B8000
C03B8000
C01F8000
C00F8000
C0078000
C0078000
C0038000
ENDCHAR
STARTCHAR trademark
ENCODING 8482
SWIDTH 931 0
DWIDTH 28 0
BBX 26 13 0 8
BITMAP
FFE601C0
FFE701C0
0E0703C0
0E0783C0
0E0787C0
0E06CFC0
0E06EDC0
0E067DC0
0E0679C0
0E0631C0
0E0611C0
0E0601C0
04060080
ENDCHAR
STARTCHAR uni2126
ENCODING 8486
SWIDTH 600 0
DWIDTH 18 0
BBX 16 21 1 0
BITMAP
0FF0
1FF8
3C3C
381C
700E
700E
700E
E006
E007
E007
E007
6006
700E
700E
700E
381C
381C
1C38
0C30
FE7F
FE7F
ENDCHAR
STARTCHAR estimated
ENCODING 8494
SWIDTH 894 0
DWIDTH 27 0
BBX 24 21 1 0
BITMAP
00FFC0
030070
0C0018
18000C
38000E
38000E
78000F
78000F
78000F
78000F
FFFFFF
780000
780000
780000
780000
380000
380000
18000C
0C0038
0300E0
00FF80
ENDCHAR
STARTCHAR partialdiff
ENCODING 8706
SWIDTH 600 0
DWIDTH 18 0
BBX 14 21 2 0
BITMAP
3F80
3FE0
01F0
0070
0038
0018
001C
0FDC
3FFC
787C
F03C
E01C
E01C
C01C
C01C
E01C
E01C
E038
7878
3FF0
1FC0
ENDCHAR
STARTCHAR emptyset
ENCODING 8709
SWIDTH 600 0
DWIDTH 18 0
BBX 18 21 0 -1
BITMAP
000080
000180
07FB00
0FFF00
180700
300F00
601980
603980
C030C0
C060C0
C0C0C0
C180C0
C380C0
630180
760380
3C0700
1C0E00
1FFC00
31E000
600000
400000
ENDCHAR
STARTCHAR uni2206
ENCODING 8710
SWIDTH 600 0
DWIDTH 18 0
BBX 16 21 1 0
BITMAP
0180
03C0
03C0
03C0
07E0
0660
0E70
0C30
0C30
1C38
1818
1818
381C
300C
300C
700E
6006
E007
E007
FFFF
FFFF
ENDCHAR
STARTCHAR product
ENCODING 8719
SWIDTH 600 0
DWIDTH 18 0
BBX 14 27 2 -6
BITMAP
FFFC
FFFC
C00C
C00C
C00C
C00C
C00C
C00C
C00C
C00C
C00C
C00C
C00C
C00C
C00C
C00C
C00C
C00C
C00C
C00C
C00C
C00C
C00C
C00C
C00C
C00C
4008
ENDCHAR
STARTCHAR summation
ENCODING 8721
SWIDTH 600 0
DWIDTH 18 0
BBX 16 26 1 -5
BITMAP
FFFF
FFFF
7000
3800
3800
1C00
0E00
0F00
0700
0380
01C0
01C0
00E0
00E0
01E0
01C0
0380
0700
0700
0E00
1C00
3C00
3800
7000
FFFF
FFFF
ENDCHAR
STARTCHAR minus
ENCODING 8722
SWIDTH 600 0
DWIDTH 18 0
BBX 16 2 1 8
BITMAP
7FFE
FFFF
ENDCHAR
STARTCHAR uni2215
ENCODING 8725
SWIDTH 600 0
DWIDTH 18 0
BBX 10 24 4 -2
BITMAP
01C0
0180
0180
0380
0300
0300
0700
0700
0600
0600
0E00
0C00
0C00
1C00
1800
1800
3800
3000
3000
7000
6000
6000
E000
4000
ENDCHAR
STARTCHAR uni2219
ENCODING 8729
SWIDTH 600 0
DWIDTH 18 0
BBX 4 4 7 6
BITMAP
60
F0
F0
60
ENDCHAR
STARTCHAR radical
ENCODING 8730
SWIDTH 600 0
DWIDTH 18 0
BBX 17 29 0 -6
BITMAP
000180
000180
000180
000380
000300
000300
000700
000700
000600
000600
000E00
000E00
000C00
700C00
F81C00
781800
1C1800
0C3800
0C3800
0E3000
063000
067000
076000
036000
036000
03E000
01C000
01C000
008000
ENDCHAR
STARTCHAR infinity
ENCODING 8734
SWIDTH 600 0
DWIDTH 18 0
BBX 16 9 1 4
BITMAP
1C3C
7E7E
63C6
C183
C183
C183
63C6
7E7E
1C38
ENDCHAR
STARTCHAR integral
ENCODING 8747
SWIDTH 600 0
DWIDTH 18 0
BBX 12 27 3 -6
BITMAP
03F0
07E0
0700
0700
0600
0600
0600
0600
0600
0600
0600
0600
0600
0600
0600
0600
0600
0600
0600
0600
0600
0600
0600
0E00
7E00
FC00
6000
ENDCHAR
STARTCHAR approxequal
ENCODING 8776
SWIDTH 600 0
DWIDTH 18 0
BBX 14 11 2 3
BITMAP
3800
7E0C
E7FC
C1F8
0020
0000
3800
7E0C
E7FC
C1F8
0020
ENDCHAR
STARTCHAR notequal
ENCODING 8800
SWIDTH 600 0
DWIDTH 18 0
BBX 16 16 1 1
BITMAP
0020
0030
0060
0060
7FFE
FFFF
01C0
0180
0180
0300
7FFE
FFFF
0600
0600
0C00
0C00
ENDCHAR
STARTCHAR lessequal
ENCODING 8804
SWIDTH 600 0
DWIDTH 18 0
BBX 16 16 1 0
BITMAP
0006
001F
00FC
07E0
3F00
7800
F800
7F00
0FC0
01F8
003E
0007
0000
0000
FFFF
7FFE
ENDCHAR
STARTCHAR greaterequal
ENCODING 8805
SWIDTH 600 0
DWIDTH 18 0
BBX 16 16 1 0
BITMAP
6000
F800
3F00
07E0
00FC
001E
001F
00FE
03F0
1F80
7C00
E000
0000
0000
FFFF
7FFE
ENDCHAR
STARTCHAR lozenge
ENCODING 9674
SWIDTH 600 0
DWIDTH 18 0
BBX 14 29 2 -6
BITMAP
0300
0780
0780
0F80
0CC0
0CC0
1860
1860
3030
3030
7038
6018
E01C
C00C
C00C
C00C
E01C
6018
6018
3030
3030
1860
1860
1CE0
0CC0
0FC0
0780
0780
0300
ENDCHAR
STARTCHAR uni27E8
ENCODING 10216
SWIDTH 600 0
DWIDTH 18 0
BBX 4 22 7 -1
BITMAP
10
30
30
20
60
60
40
C0
C0
80
80
80
C0
C0
40
60
60
20
30
30
10
10
ENDCHAR
STARTCHAR uni27E9
ENCODING 10217
SWIDTH 600 0
DWIDTH 18 0
BBX 4 22 7 -1
BITMAP
80
C0
C0
40
60
60
20
30
30
10
10
10
30
30
20
60
60
40
C0
C0
80
80
ENDCHAR
STARTCHAR uniF8FF
ENCODING 63743
SWIDTH 658 0
DWIDTH 20 0
BBX 17 16 1 1
BITMAP
008000
00C000
00C000
01C000
01E000
01E000
FFFF80
3EBF00
1E7E00
0EFC00
06B800
07F800
0FF800
0F3C00
0E1C00
180C00
ENDCHAR
STARTCHAR fi
ENCODING 64257
SWIDTH 570 0
DWIDTH 17 0
BBX 15 21 0 0
BITMAP
03EE
07CE
0E0E
1C00
1C00
1C00
7FFC
FFFE
1C0E
1C0E
1C0E
1C0E
1C0E
1C0E
1C0E
1C0E
1C0E
1C0E
1C0E
1C0E
1C0E
ENDCHAR
STARTCHAR fl
ENCODING 64258
SWIDTH 641 0
DWIDTH 19 0
BBX 19 21 0 0
BITMAP
03EE00
07CE00
0E0E00
1C0E00
1C0E00
1C0E00
7F8E00
FFCE00
1C0E00
1C0E00
1C0E00
1C0E00
1C0E00
1C0E00
1C0E00
1C0E00
1C0E00
1C0E00
1C0700
1C07E0
1C03E0
ENDCHAR
STARTCHAR .notdef
ENCODING -1
SWIDTH 500 0
DWIDTH 15 0
BBX 13 26 1 -5
BITMAP
FFF8
C018
C018
C018
C018
C018
C018
C018
C018
C018
C018
C018
C018
C018
C018
C018
C018
C018
C018
C018
C018
C018
C018
C018
C018
FFF8
ENDCHAR
STARTCHAR Iacute_J.loclNLD
ENCODING -1
SWIDTH 593 0
DWIDTH 18 0
BBX 15 28 3 0
BITMAP
1806
380E
300C
6018
C030
0000
0000
C030
C070
C070
C070
C070
C070
C070
C070
C070
C070
C070
C070
C070
C070
C070
C070
C070
C070
C0F0
CFE0
C780
ENDCHAR
STARTCHAR I_J.loclNLD
ENCODING -1
SWIDTH 593 0
DWIDTH 18 0
BBX 12 21 3 0
BITMAP
C030
C070
C070
C070
C070
C070
C070
C070
C070
C070
C070
C070
C070
C070
C070
C070
C070
C070
C0F0
CFE0
C780
ENDCHAR
STARTCHAR i.loclTRK
ENCODING -1
SWIDTH 237 0
DWIDTH 7 0
BBX 3 21 2 0
BITMAP
E0
E0
E0
00
00
00
40
E0
E0
E0
E0
E0
E0
E0
E0
E0
E0
E0
E0
E0
E0
ENDCHAR
STARTCHAR germandbls.calt
ENCODING -1
SWIDTH 716 0
DWIDTH 21 0
BBX 17 21 3 0
BITMAP
1FF800
3FFC00
781E00
F00E00
E00700
E00700
C00600
C00E00
C01E00
C3FC00
C7FC00
C3FE00
C00700
C00300
C00380
C00380
C00380
C00700
CE0F00
CFFE00
C3FC00
ENDCHAR
STARTCHAR iacute_j.loclNLD
ENCODING -1
SWIDTH 478 0
DWIDTH 14 0
BBX 13 29 2 -6
BITMAP
0C18
1C38
1830
3070
3060
60C0
4040
0000
40C0
E1C0
E1C0
E1C0
E1C0
E1C0
E1C0
E1C0
E1C0
E1C0
E1C0
E1C0
E1C0
E1C0
E1C0
01C0
01C0
01C0
0780
1F80
0C00
ENDCHAR
STARTCHAR a.ss01
ENCODING -1
SWIDTH 587 0
DWIDTH 18 0
BBX 14 15 1 0
BITMAP
0F8C
1FEC
3CEC
703C
701C
E01C
E00C
E00C
E00C
E00C
701C
701C
383C
3FEC
0FCC
ENDCHAR
STARTCHAR aacute.ss01
ENCODING -1
SWIDTH 587 0
DWIDTH 18 0
BBX 14 23 1 0
BITMAP
0030
0070
0060
00E0
00C0
0180
0080
0000
0F8C
1FEC
3CEC
703C
701C
E01C
E00C
E00C
E00C
E00C
701C
701C
383C
3FEC
0FCC
ENDCHAR
STARTCHAR abreve.ss01
ENCODING -1
SWIDTH 587 0
DWIDTH 18 0
BBX 14 22 1 0
BITMAP
1810
1830
0830
0E60
07E0
0100
0000
0F8C
1FEC
3CEC
703C
701C
E01C
E00C
E00C
E00C
E00C
701C
701C
383C
3FEC
0FCC
ENDCHAR
STARTCHAR uni1EAF.ss01
ENCODING -1
SWIDTH 587 0
DWIDTH 18 0
BBX 14 25 1 0
BITMAP
0040
0060
00E0
00C0
1990
1830
0C70
07E0
0180
0000
0F8C
1FEC
3CEC
703C
701C
E01C
E00C
E00C
E00C
E00C
701C
701C
383C
3FEC
0FCC
ENDCHAR
STARTCHAR uni1EB7.ss01
ENCODING -1
SWIDTH 587 0
DWIDTH 18 0
BBX 14 28 1 -6
BITMAP
1810
1830
0830
0E60
07E0
0100
0000
0F8C
1FEC
3CEC
703C
701C
E01C
E00C
E00C
E00C
E00C
701C
701C
383C
3FEC
0FCC
0000
0000
0000
0380
0380
0180
ENDCHAR
STARTCHAR uni1EB1.ss01
ENCODING -1
SWIDTH 587 0
DWIDTH 18 0
BBX 14 25 1 0
BITMAP
0400
0E00
0600
0300
1910
1830
0C70
07E0
0180
0000
0F8C
1FEC
3CEC
703C
701C
E01C
E00C
E00C
E00C
E00C
701C
701C
383C
3FEC
0FCC
ENDCHAR
STARTCHAR uni1EB3.ss01
ENCODING -1
SWIDTH 587 0
DWIDTH 18 0
BBX 14 24 1 0
BITMAP
07C0
0060
00C0
1990
1830
0C70
07E0
0180
0000
0F8C
1FEC
3CEC
703C
701C
E01C
E00C
E00C
E00C
E00C
701C
701C
383C
3FEC
0FCC
ENDCHAR
STARTCHAR uni1EB5.ss01
ENCODING -1
SWIDTH 587 0
DWIDTH 18 0
BBX 14 24 1 0
BITMAP
0F10
19F0
1060
0000
1810
1C70
0FE0
0180
0000
0F8C
1FEC
3CEC
703C
701C
E01C
E00C
E00C
E00C
E00C
701C
701C
383C
3FEC
0FCC
ENDCHAR
STARTCHAR uni01CE.ss01
ENCODING -1
SWIDTH 587 0
DWIDTH 18 0
BBX 14 23 1 0
BITMAP
0830
0C30
0C60
06E0
07C0
03C0
0180
0000
0F8C
1FEC
3CEC
703C
701C
E01C
E00C
E00C
E00C
E00C
701C
701C
383C
3FEC
0FCC
ENDCHAR
STARTCHAR acircumflex.ss01
ENCODING -1
SWIDTH 587 0
DWIDTH 18 0
BBX 14 23 1 0
BITMAP
0380
03C0
07C0
0660
0C60
0C30
0810
0000
0F8C
1FEC
3CEC
703C
701C
E01C
E00C
E00C
E00C
E00C
701C
701C
383C
3FEC
0FCC
ENDCHAR
STARTCHAR uni1EA5.ss01
ENCODING -1
SWIDTH 587 0
DWIDTH 18 0
BBX 15 24 1 0
BITMAP
0006
000C
018C
03D8
07D0
0E60
0C30
0810
0000
0F8C
1FEC
3CEC
703C
701C
E01C
E00C
E00C
E00C
E00C
701C
701C
383C
3FEC
0FCC
ENDCHAR
STARTCHAR uni1EAD.ss01
ENCODING -1
SWIDTH 587 0
DWIDTH 18 0
BBX 14 29 1 -6
BITMAP
0380
03C0
07C0
0660
0C60
0C30
0810
0000
0F8C
1FEC
3CEC
703C
701C
E01C
E00C
E00C
E00C
E00C
701C
701C
383C
3FEC
0FCC
0000
0000
0000
0380
0380
0180
ENDCHAR
STARTCHAR uni1EA7.ss01
ENCODING -1
SWIDTH 587 0
DWIDTH 18 0
BBX 14 24 1 0
BITMAP
0060
0030
01B8
03D8
07C8
0E60
0C30
0810
0000
0F8C
1FEC
3CEC
703C
701C
E01C
E00C
E00C
E00C
E00C
701C
701C
383C
3FEC
0FCC
ENDCHAR
STARTCHAR uni1EA9.ss01
ENCODING -1
SWIDTH 587 0
DWIDTH 18 0
BBX 15 24 1 0
BITMAP
007C
000E
018C
03D8
07D0
0E60
0C30
0810
0000
0F8C
1FEC
3CEC
703C
701C
E01C
E00C
E00C
E00C
E00C
701C
701C
383C
3FEC
0FCC
ENDCHAR
STARTCHAR uni1EAB.ss01
ENCODING -1
SWIDTH 587 0
DWIDTH 18 0
BBX 14 24 1 0
BITMAP
0F10
19F0
1060
0180
03C0
06E0
0C70
0810
0000
0F8C
1FEC
3CEC
703C
701C
E01C
E00C
E00C
E00C
E00C
701C
701C
383C
3FEC
0FCC
ENDCHAR
STARTCHAR uni0201.ss01
ENCODING -1
SWIDTH 587 0
DWIDTH 18 0
BBX 14 23 1 0
BITMAP
1980
1980
1980
0CC0
0CC0
0440
0440
0000
0F8C
1FEC
3CEC
703C
701C
E01C
E00C
E00C
E00C
E00C
701C
701C
383C
3FEC
0FCC
ENDCHAR
STARTCHAR adieresis.ss01
ENCODING -1
SWIDTH 587 0
DWIDTH 18 0
BBX 14 21 1 0
BITMAP
0C70
0E70
0C70
0000
0000
0000
0F8C
1FEC
3CEC
703C
701C
E01C
E00C
E00C
E00C
E00C
701C
701C
383C
3FEC
0FCC
ENDCHAR
STARTCHAR uni0227.ss01
ENCODING -1
SWIDTH 587 0
DWIDTH 18 0
BBX 14 21 1 0
BITMAP
0380
0380
0180
0000
0000
0000
0F8C
1FEC
3CEC
703C
701C
E01C
E00C
E00C
E00C
E00C
701C
701C
383C
3FEC
0FCC
ENDCHAR
STARTCHAR uni1EA1.ss01
ENCODING -1
SWIDTH 587 0
DWIDTH 18 0
BBX 14 21 1 -6
BITMAP
0F8C
1FEC
3CEC
703C
701C
E01C
E00C
E00C
E00C
E00C
701C
701C
383C
3FEC
0FCC
0000
0000
0000
0380
0380
0180
ENDCHAR
STARTCHAR agrave.ss01
ENCODING -1
SWIDTH 587 0
DWIDTH 18 0
BBX 14 23 1 0
BITMAP
0C00
1C00
0E00
0600
0700
0300
0100
0000
0F8C
1FEC
3CEC
703C
701C
E01C
E00C
E00C
E00C
E00C
701C
701C
383C
3FEC
0FCC
ENDCHAR
STARTCHAR uni1EA3.ss01
ENCODING -1
SWIDTH 587 0
DWIDTH 18 0
BBX 14 23 1 0
BITMAP
03C0
07E0
0060
00E0
0180
0180
0100
0000
0F8C
1FEC
3CEC
703C
701C
E01C
E00C
E00C
E00C
E00C
701C
701C
383C
3FEC
0FCC
ENDCHAR
STARTCHAR uni0203.ss01
ENCODING -1
SWIDTH 587 0
DWIDTH 18 0
BBX 14 22 1 0
BITMAP
07C0
0EE0
0C30
1830
1810
1010
0000
0F8C
1FEC
3CEC
703C
701C
E01C
E00C
E00C
E00C
E00C
701C
701C
383C
3FEC
0FCC
ENDCHAR
STARTCHAR amacron.ss01
ENCODING -1
SWIDTH 587 0
DWIDTH 18 0
BBX 14 20 1 0
BITMAP
1FF0
0000
0000
0000
0000
0F8C
1FEC
3CEC
703C
701C
E01C
E00C
E00C
E00C
E00C
701C
701C
383C
3FEC
0FCC
ENDCHAR
STARTCHAR aogonek.ss01
ENCODING -1
SWIDTH 587 0
DWIDTH 18 0
BBX 16 21 1 -6
BITMAP
0F8C
1FEC
3CEC
703C
701C
E01C
E00C
E00C
E00C
E00C
701C
701C
383C
3FEC
0FCC
0018
0030
0030
0030
003F
000E
ENDCHAR
STARTCHAR aring.ss01
ENCODING -1
SWIDTH 587 0
DWIDTH 18 0
BBX 14 23 1 0
BITMAP
07C0
0C60
0C20
0C20
0C60
07C0
0100
0000
0F8C
1FEC
3CEC
703C
701C
E01C
E00C
E00C
E00C
E00C
701C
701C
383C
3FEC
0FCC
ENDCHAR
STARTCHAR aringacute.ss01
ENCODING -1
SWIDTH 587 0
DWIDTH 18 0
BBX 14 25 1 0
BITMAP
0008
0018
03F0
0660
0C20
0C20
0C60
07C0
0380
0000
0F8C
1FEC
3CEC
703C
701C
E01C
E00C
E00C
E00C
E00C
701C
701C
383C
3FEC
0FCC
ENDCHAR
STARTCHAR atilde.ss01
ENCODING -1
SWIDTH 587 0
DWIDTH 18 0
BBX 14 22 1 0
BITMAP
0E08
1F18
19F8
30F0
0000
0000
0000
0F8C
1FEC
3CEC
703C
701C
E01C
E00C
E00C
E00C
E00C
701C
701C
383C
3FEC
0FCC
ENDCHAR
STARTCHAR l.ss02
ENCODING -1
SWIDTH 237 0
DWIDTH 7 0
BBX 3 21 2 0
BITMAP
E0
E0
E0
E0
E0
E0
E0
E0
E0
E0
E0
E0
E0
E0
E0
E0
E0
E0
E0
E0
E0
ENDCHAR
STARTCHAR lacute.ss02
ENCODING -1
SWIDTH 237 0
DWIDTH 7 0
BBX 6 28 2 0
BITMAP
0C
1C
38
30
60
00
00
E0
E0
E0
E0
E0
E0
E0
E0
E0
E0
E0
E0
E0
E0
E0
E0
E0
E0
E0
E0
E0
ENDCHAR
STARTCHAR lcaron.ss02
ENCODING -1
SWIDTH 237 0
DWIDTH 7 0
BBX 6 21 2 0
BITMAP
EC
EC
EC
EC
EC
E8
E0
E0
E0
E0
E0
E0
E0
E0
E0
E0
E0
E0
E0
E0
E0
ENDCHAR
STARTCHAR uni013C.ss02
ENCODING -1
SWIDTH 237 0
DWIDTH 7 0
BBX 3 29 2 -8
BITMAP
E0
E0
E0
E0
E0
E0
E0
E0
E0
E0
E0
E0
E0
E0
E0
E0
E0
E0
E0
E0
E0
00
00
C0
E0
E0
60
60
40
ENDCHAR
STARTCHAR ldot.ss02
ENCODING -1
SWIDTH 300 0
DWIDTH 9 0
BBX 8 21 2 0
BITMAP
E0
E0
E0
E0
E0
E0
E0
E0
E0
EF
EF
E6
E0
E0
E0
E0
E0
E0
E0
E0
E0
ENDCHAR
STARTCHAR uni1E37.ss02
ENCODING -1
SWIDTH 237 0
DWIDTH 7 0
BBX 3 27 2 -6
BITMAP
E0
E0
E0
E0
E0
E0
E0
E0
E0
E0
E0
E0
E0
E0
E0
E0
E0
E0
E0
E0
E0
00
00
00
E0
E0
60
ENDCHAR
STARTCHAR uni01C9.ss02
ENCODING -1
SWIDTH 478 0
DWIDTH 14 0
BBX 11 27 2 -6
BITMAP
E1C0
E1E0
E1C0
E000
E000
E000
E0C0
E1C0
E1C0
E1C0
E1C0
E1C0
E1C0
E1C0
E1C0
E1C0
E1C0
E1C0
E1C0
E1C0
E1C0
01C0
01C0
01C0
0780
1F80
0C00
ENDCHAR
STARTCHAR uni1E3B.ss02
ENCODING -1
SWIDTH 237 0
DWIDTH 7 0
BBX 9 26 -1 -5
BITMAP
1C00
1C00
1C00
1C00
1C00
1C00
1C00
1C00
1C00
1C00
1C00
1C00
1C00
1C00
1C00
1C00
1C00
1C00
1C00
1C00
1C00
0000
0000
0000
FF80
FF80
ENDCHAR
STARTCHAR lslash.ss02
ENCODING -1
SWIDTH 295 0
DWIDTH 9 0
BBX 9 21 0 0
BITMAP
1C00
1C00
1C00
1C00
1C00
1C00
1C00
1D80
1F80
1F00
3C00
FC00
FC00
1C00
1C00
1C00
1C00
1C00
1C00
1C00
1C00
ENDCHAR
STARTCHAR i_j.loclNLD
ENCODING -1
SWIDTH 478 0
DWIDTH 14 0
BBX 11 27 2 -6
BITMAP
E1C0
E1E0
E1C0
0000
0000
0000
40C0
E1C0
E1C0
E1C0
E1C0
E1C0
E1C0
E1C0
E1C0
E1C0
E1C0
E1C0
E1C0
E1C0
E1C0
01C0
01C0
01C0
0780
1F80
0C00
ENDCHAR
STARTCHAR fl.ss02
ENCODING -1
SWIDTH 577 0
DWIDTH 17 0
BBX 15 21 0 0
BITMAP
03EE
07CE
0E0E
1C0E
1C0E
1C0E
7F8E
FFCE
1C0E
1C0E
1C0E
1C0E
1C0E
1C0E
1C0E
1C0E
1C0E
1C0E
1C0E
1C0E
1C06
ENDCHAR
STARTCHAR uni0492.loclBSH
ENCODING -1
SWIDTH 551 0
DWIDTH 17 0
BBX 13 21 3 0
BITMAP
FFF8
FFF8
C000
C000
C000
C000
C000
C000
C000
FFF0
FFF0
C000
C000
C000
C000
C000
C000
C000
C000
C000
C000
ENDCHAR
STARTCHAR uni0406.loclBSH
ENCODING -1
SWIDTH 262 0
DWIDTH 8 0
BBX 4 27 2 0
BITMAP
60
F0
60
00
00
00
60
60
60
60
60
60
60
60
60
60
60
60
60
60
60
60
60
60
60
60
60
ENDCHAR
STARTCHAR uni0498.loclBSH
ENCODING -1
SWIDTH 639 0
DWIDTH 19 0
BBX 16 26 1 -5
BITMAP
1FF8
3FFC
781E
600F
0007
0007
0007
0006
000E
0FFC
0FFC
003E
0007
0007
0003
0003
0007
E007
F81E
7FFE
1FF8
01C0
01C0
01C0
01C0
01C0
ENDCHAR
STARTCHAR uni04AA.loclBSH
ENCODING -1
SWIDTH 675 0
DWIDTH 20 0
BBX 17 26 2 -5
BITMAP
07FC00
0FFF00
3E0780
380180
700000
700000
E00000
E00000
E00000
E00000
E00000
E00000
E00000
E00000
E00000
700000
780000
3C0380
1F0F80
0FFF00
03FC00
00E000
00E000
00E000
00E000
00C000
ENDCHAR
STARTCHAR uni0498.loclCHU
ENCODING -1
SWIDTH 639 0
DWIDTH 19 0
BBX 16 27 1 -6
BITMAP
1FF8
3FFC
781E
600F
0007
0007
0007
0006
000E
0FFC
0FFC
003E
0007
0007
0003
0003
0007
E007
F81E
7FFE
1FF8
0180
01E0
0170
0030
03F0
03C0
ENDCHAR
STARTCHAR uni04AA.loclCHU
ENCODING -1
SWIDTH 675 0
DWIDTH 20 0
BBX 17 27 2 -6
BITMAP
07FC00
0FFF00
3E0780
380180
700000
700000
E00000
E00000
E00000
E00000
E00000
E00000
E00000
E00000
E00000
700000
780000
3C0380
1F0F80
0FFF00
03FC00
00C000
00F000
00B800
001800
01F800
00E000
ENDCHAR
STARTCHAR uni0493.loclBSH
ENCODING -1
SWIDTH 440 0
DWIDTH 13 0
BBX 11 15 2 0
BITMAP
3FC0
FFE0
FFC0
E000
E000
E000
E000
FF00
FF80
E000
E000
E000
E000
E000
E000
ENDCHAR
STARTCHAR uni0456.loclBSH
ENCODING -1
SWIDTH 248 0
DWIDTH 7 0
BBX 3 15 2 0
BITMAP
40
E0
E0
E0
E0
E0
E0
E0
E0
E0
E0
E0
E0
E0
60
ENDCHAR
STARTCHAR uni0499.loclBSH
ENCODING -1
SWIDTH 502 0
DWIDTH 15 0
BBX 13 19 1 -4
BITMAP
1F80
7FE0
F0F0
0070
0030
0070
01E0
1FC0
0FF0
0030
0038
0038
E070
FFF0
3FC0
0700
0700
0700
0600
ENDCHAR
STARTCHAR uni04AB.loclBSH
ENCODING -1
SWIDTH 472 0
DWIDTH 14 0
BBX 13 19 1 -4
BITMAP
07C0
1FF0
3E78
7810
7000
7000
6000
E000
6000
6000
7000
7000
3C30
1FF0
0FE0
0380
0380
0380
0380
ENDCHAR
STARTCHAR uni0499.loclCHU
ENCODING -1
SWIDTH 502 0
DWIDTH 15 0
BBX 13 21 1 -6
BITMAP
1F80
7FE0
F0F0
0070
0030
0070
01E0
1FC0
0FF0
0030
0038
0038
E070
FFF0
3FC0
0600
0780
05C0
00C0
0FC0
0700
ENDCHAR
STARTCHAR uni04AB.loclCHU
ENCODING -1
SWIDTH 476 0
DWIDTH 14 0
BBX 13 21 1 -6
BITMAP
07C0
1FF0
3E78
7810
7000
7000
6000
E000
E000
6000
7000
7000
3C30
1FF0
0FE0
0300
03C0
02E0
0060
07E0
0780
ENDCHAR
STARTCHAR one.ss01
ENCODING -1
SWIDTH 600 0
DWIDTH 18 0
BBX 8 21 4 0
BITMAP
07
0F
3F
7B
E3
43
03
03
03
03
03
03
03
03
03
03
03
03
03
03
03
ENDCHAR
STARTCHAR zero.tosf
ENCODING -1
SWIDTH 600 0
DWIDTH 18 0
BBX 16 15 1 0
BITMAP
07E0
1FF8
3E7C
381C
700E
700E
6006
E007
6006
600E
700E
700E
3C3C
1FF8
0FF0
ENDCHAR
STARTCHAR one.tosf
ENCODING -1
SWIDTH 600 0
DWIDTH 18 0
BBX 12 15 4 0
BITMAP
0600
1E00
3E00
F600
E600
0600
0600
0600
0600
0600
0600
0600
0600
FFF0
FFF0
ENDCHAR
STARTCHAR two.tosf
ENCODING -1
SWIDTH 600 0
DWIDTH 18 0
BBX 14 15 2 0
BITMAP
0FC0
7FF0
F8F0
4038
0038
0038
0038
0070
00E0
01C0
0380
0F00
3C00
7FFC
7FFC
ENDCHAR
STARTCHAR three.tosf
ENCODING -1
SWIDTH 600 0
DWIDTH 18 0
BBX 14 21 2 -6
BITMAP
0FC0
7FF0
F8F8
4038
0038
0018
0038
0038
0070
1FE0
1FE0
00F8
0038
001C
001C
001C
001C
E038
FFF8
3FE0
0380
ENDCHAR
STARTCHAR four.tosf
ENCODING -1
SWIDTH 600 0
DWIDTH 18 0
BBX 16 21 1 -6
BITMAP
0010
0038
0078
00F8
01F8
01B8
0338
0738
0E38
1C38
1838
3838
7038
FFFF
7FFF
0038
0038
0038
0038
0038
0010
ENDCHAR
STARTCHAR five.tosf
ENCODING -1
SWIDTH 600 0
DWIDTH 18 0
BBX 14 21 2 -6
BITMAP
3FF8
7FF8
7FF8
7000
7000
7000
7000
7000
77E0
7FF0
7878
701C
001C
001C
001C
001C
001C
E038
FFF8
3FF0
0780
ENDCHAR
STARTCHAR six.tosf
ENCODING -1
SWIDTH 600 0
DWIDTH 18 0
BBX 14 21 2 0
BITMAP
0FF0
1FFC
3C1C
7004
7000
6000
E000
E000
E7E0
EFF0
FC38
F01C
F01C
E00C
E00C
E00C
700C
701C
3838
1FF0
0FE0
ENDCHAR
STARTCHAR seven.tosf
ENCODING -1
SWIDTH 600 0
DWIDTH 18 0
BBX 14 20 2 -5
BITMAP
7FF8
FFFC
7FFC
0038
0038
0070
0070
00E0
00E0
01C0
0180
0380
0700
0700
0E00
0E00
1C00
1C00
3800
3800
ENDCHAR
STARTCHAR eight.tosf
ENCODING -1
SWIDTH 600 0
DWIDTH 18 0
BBX 16 21 1 0
BITMAP
0FF0
3FFC
381C
700E
700E
700E
700E
700E
381C
1FF8
1FF8
3E7C
700E
6006
E006
E007
6006
700E
781E
3FFC
0FF0
ENDCHAR
STARTCHAR nine.tosf
ENCODING -1
SWIDTH 600 0
DWIDTH 18 0
BBX 14 21 2 -6
BITMAP
0F80
3FE0
78F0
E078
E038
C018
C01C
C01C
C03C
E03C
F07C
7FDC
3F9C
041C
001C
0038
0038
C070
FFE0
7FC0
0E00
ENDCHAR
STARTCHAR one.tosf.ss01
ENCODING -1
SWIDTH 600 0
DWIDTH 18 0
BBX 8 15 4 0
BITMAP
06
0F
3F
7F
E7
C7
07
07
07
07
07
07
07
07
06
ENDCHAR
STARTCHAR zero.dnom
ENCODING -1
SWIDTH 380 0
DWIDTH 11 0
BBX 9 13 1 0
BITMAP
1E00
7F00
6380
E180
C180
C180
C180
C180
C180
E180
6380
7F00
3E00
ENDCHAR
STARTCHAR one.dnom
ENCODING -1
SWIDTH 380 0
DWIDTH 11 0
BBX 8 13 2 0
BITMAP
08
3C
FC
DC
1C
1C
1C
1C
1C
1C
1C
FF
FF
ENDCHAR
STARTCHAR two.dnom
ENCODING -1
SWIDTH 380 0
DWIDTH 11 0
BBX 9 13 1 0
BITMAP
3C00
7F00
C700
0380
0300
0300
0700
0E00
1C00
3800
7000
7F80
FF80
ENDCHAR
STARTCHAR three.dnom
ENCODING -1
SWIDTH 380 0
DWIDTH 11 0
BBX 9 13 1 0
BITMAP
3E00
7F00
E380
0380
0380
0F00
3E00
1F00
0180
0180
C380
FF00
7E00
ENDCHAR
STARTCHAR four.dnom
ENCODING -1
SWIDTH 380 0
DWIDTH 11 0
BBX 10 13 1 0
BITMAP
0300
0700
0F00
0F00
1B00
3300
3300
6300
C300
FFC0
FF80
0300
0300
ENDCHAR
STARTCHAR five.dnom
ENCODING -1
SWIDTH 380 0
DWIDTH 11 0
BBX 9 13 1 0
BITMAP
7F00
7F80
6000
6000
6000
7F00
7F80
4180
0180
0180
4180
FF80
3E00
ENDCHAR
STARTCHAR six.dnom
ENCODING -1
SWIDTH 380 0
DWIDTH 11 0
BBX 9 13 1 0
BITMAP
0F00
3F80
7080
6000
E000
CF00
FF80
E180
E180
E180
6180
7F80
3F00
ENDCHAR
STARTCHAR seven.dnom
ENCODING -1
SWIDTH 380 0
DWIDTH 11 0
BBX 9 13 1 0
BITMAP
7F80
FF80
0380
0300
0700
0600
0E00
0C00
1C00
1800
3800
3000
3000
ENDCHAR
STARTCHAR eight.dnom
ENCODING -1
SWIDTH 380 0
DWIDTH 11 0
BBX 10 13 1 0
BITMAP
1E00
7F00
E180
C180
C180
6380
3E00
7780
C180
C1C0
C180
7F80
3F00
ENDCHAR
STARTCHAR nine.dnom
ENCODING -1
SWIDTH 380 0
DWIDTH 11 0
BBX 9 13 1 0
BITMAP
1C00
7F00
E300
C180
C180
C380
E780
7D80
0180
0180
8300
FF00
7C00
ENDCHAR
STARTCHAR zero.numr
ENCODING -1
SWIDTH 380 0
DWIDTH 11 0
BBX 9 13 1 8
BITMAP
1E00
7F00
6380
E180
C180
C180
C180
C180
C180
E180
6380
7F00
3E00
ENDCHAR
STARTCHAR one.numr
ENCODING -1
SWIDTH 380 0
DWIDTH 11 0
BBX 8 13 2 8
BITMAP
08
3C
FC
DC
1C
1C
1C
1C
1C
1C
1C
FF
FF
ENDCHAR
STARTCHAR two.numr
ENCODING -1
SWIDTH 380 0
DWIDTH 11 0
BBX 9 13 1 8
BITMAP
3C00
7F00
C700
0380
0300
0300
0700
0E00
1C00
3800
7000
7F80
FF80
ENDCHAR
STARTCHAR three.numr
ENCODING -1
SWIDTH 380 0
DWIDTH 11 0
BBX 9 13 1 8
BITMAP
3E00
7F00
E380
0380
0380
0F00
3E00
1F00
0180
0180
C380
FF00
7E00
ENDCHAR
STARTCHAR four.numr
ENCODING -1
SWIDTH 380 0
DWIDTH 11 0
BBX 10 13 1 8
BITMAP
0300
0700
0F00
0F00
1B00
3300
3300
6300
C300
FFC0
FF80
0300
0300
ENDCHAR
STARTCHAR five.numr
ENCODING -1
SWIDTH 380 0
DWIDTH 11 0
BBX 9 13 1 8
BITMAP
7F00
7F80
6000
6000
6000
7F00
7F80
4180
0180
0180
4180
FF80
3E00
ENDCHAR
STARTCHAR six.numr
ENCODING -1
SWIDTH 380 0
DWIDTH 11 0
BBX 9 13 1 8
BITMAP
0F00
3F80
7080
6000
E000
CF00
FF80
E180
E180
E180
6180
7F80
3F00
ENDCHAR
STARTCHAR seven.numr
ENCODING -1
SWIDTH 380 0
DWIDTH 11 0
BBX 9 13 1 8
BITMAP
7F80
FF80
0380
0300
0700
0600
0E00
0C00
1C00
1800
3800
3000
3000
ENDCHAR
STARTCHAR eight.numr
ENCODING -1
SWIDTH 380 0
DWIDTH 11 0
BBX 10 13 1 8
BITMAP
1E00
7F00
E180
C180
C180
6380
3E00
7780
C180
C1C0
C180
7F80
3F00
ENDCHAR
STARTCHAR nine.numr
ENCODING -1
SWIDTH 380 0
DWIDTH 11 0
BBX 9 13 1 8
BITMAP
1C00
7F00
E300
C180
C180
C380
E780
7D80
0180
0180
8300
FF00
7C00
ENDCHAR
STARTCHAR periodcentered.loclCAT
ENCODING -1
SWIDTH 62 0
DWIDTH 2 0
BBX 4 3 -1 9
BITMAP
F0
F0
60
ENDCHAR
STARTCHAR uni03060301
ENCODING -1
SWIDTH 0 0
DWIDTH 0 0
BBX 10 9 -5 16
BITMAP
0100
0300
0700
0600
CCC0
40C0
6180
3F00
0800
ENDCHAR
STARTCHAR uni03060300
ENCODING -1
SWIDTH 0 0
DWIDTH 0 0
BBX 10 9 -5 16
BITMAP
2000
3000
3800
1800
CCC0
C080
6180
3F00
0800
ENDCHAR
STARTCHAR uni03060309
ENCODING -1
SWIDTH 0 0
DWIDTH 0 0
BBX 10 8 -5 16
BITMAP
3F00
0300
0200
CEC0
C080
6180
3F00
0800
ENDCHAR
STARTCHAR uni03060303
ENCODING -1
SWIDTH 0 0
DWIDTH 0 0
BBX 10 8 -5 16
BITMAP
78C0
CF80
C300
0000
C0C0
6180
3F00
0800
ENDCHAR
STARTCHAR uni03020301
ENCODING -1
SWIDTH 0 0
DWIDTH 0 0
BBX 11 8 -4 16
BITMAP
0060
0060
18C0
3D80
7F00
6600
C300
8100
ENDCHAR
STARTCHAR uni03020300
ENCODING -1
SWIDTH 0 0
DWIDTH 0 0
BBX 10 8 -4 16
BITMAP
0700
0300
1980
3C80
7EC0
6600
C300
8100
ENDCHAR
STARTCHAR uni03020309
ENCODING -1
SWIDTH 0 0
DWIDTH 0 0
BBX 11 8 -4 16
BITMAP
07C0
0060
1860
3CC0
7F00
6600
C300
8100
ENDCHAR
STARTCHAR uni03020303
ENCODING -1
SWIDTH 0 0
DWIDTH 0 0
BBX 10 8 -5 16
BITMAP
78C0
CF80
C300
0C00
1E00
3300
6180
4080
ENDCHAR
STARTCHAR brevecombcy
ENCODING -1
SWIDTH 0 0
DWIDTH 0 0
BBX 10 5 -5 16
BITMAP
C0C0
C0C0
6180
3F00
0800
ENDCHAR
STARTCHAR brevecombcy.case
ENCODING -1
SWIDTH 0 0
DWIDTH 0 0
BBX 12 4 -6 23
BITMAP
C030
6060
3FC0
1F80
ENDCHAR
STARTCHAR uni03080301
ENCODING -1
SWIDTH 0 0
DWIDTH 0 0
BBX 8 9 -4 16
BITMAP
02
07
06
0C
18
00
E7
E7
42
ENDCHAR
STARTCHAR uni03080304
ENCODING -1
SWIDTH 0 0
DWIDTH 0 0
BBX 10 6 -5 17
BITMAP
FFC0
7F80
0000
2100
7380
6180
ENDCHAR
STARTCHAR uni03070304
ENCODING -1
SWIDTH 0 0
DWIDTH 0 0
BBX 10 6 -5 17
BITMAP
FFC0
7F80
0000
0C00
1E00
0C00
ENDCHAR
STARTCHAR uni03010307
ENCODING -1
SWIDTH 0 0
DWIDTH 0 0
BBX 7 9 -3 16
BITMAP
E0
E0
06
06
0E
0C
18
38
10
ENDCHAR
STARTCHAR uni030C.alt
ENCODING -1
SWIDTH 0 0
DWIDTH 0 0
BBX 2 6 0 15
BITMAP
C0
C0
C0
C0
80
80
ENDCHAR
STARTCHAR uni030C0307
ENCODING -1
SWIDTH 0 0
DWIDTH 0 0
BBX 8 9 -4 16
BITMAP
18
3C
00
81
C3
66
7E
3C
18
ENDCHAR
STARTCHAR uni030A0301
ENCODING -1
SWIDTH 0 0
DWIDTH 0 0
BBX 10 9 -4 16
BITMAP
0080
01C0
3F00
6600
4200
C300
4200
7E00
1800
ENDCHAR
STARTCHAR uni03030308
ENCODING -1
SWIDTH 0 0
DWIDTH 0 0
BBX 10 7 -5 16
BITMAP
7380
7380
0000
30C0
7CC0
CF80
4300
ENDCHAR
STARTCHAR tildecomb_acutecomb
ENCODING -1
SWIDTH 0 0
DWIDTH 0 0
BBX 10 9 -5 16
BITMAP
0100
0380
0300
0600
0C00
30C0
7CC0
CF80
4300
ENDCHAR
STARTCHAR uni03030304
ENCODING -1
SWIDTH 0 0
DWIDTH 0 0
BBX 10 7 -5 16
BITMAP
FFC0
7F80
0000
30C0
7CC0
CF80
4300
ENDCHAR
STARTCHAR uni03040308
ENCODING -1
SWIDTH 0 0
DWIDTH 0 0
BBX 10 6 -5 17
BITMAP
7380
7380
0000
0000
FFC0
7F80
ENDCHAR
STARTCHAR uni03040300
ENCODING -1
SWIDTH 0 0
DWIDTH 0 0
BBX 10 8 -5 17
BITMAP
2000
7000
3000
1800
0C00
0000
7FC0
FF80
ENDCHAR
STARTCHAR uni03040301
ENCODING -1
SWIDTH 0 0
DWIDTH 0 0
BBX 10 8 -5 17
BITMAP
0100
0380
0300
0600
0C00
0000
7FC0
FF80
ENDCHAR
STARTCHAR uni0308.case
ENCODING -1
SWIDTH 0 0
DWIDTH 0 0
BBX 8 3 -4 24
BITMAP
C3
E7
E7
ENDCHAR
STARTCHAR uni03080301.case
ENCODING -1
SWIDTH 0 0
DWIDTH 0 0
BBX 8 8 -4 23
BITMAP
07
06
0E
0C
18
42
E7
E7
ENDCHAR
STARTCHAR uni03080304.case
ENCODING -1
SWIDTH 0 0
DWIDTH 0 0
BBX 10 6 -5 24
BITMAP
7F80
FFC0
0000
0000
7380
7380
ENDCHAR
STARTCHAR uni0307.case
ENCODING -1
SWIDTH 0 0
DWIDTH 0 0
BBX 4 3 -2 24
BITMAP
60
F0
60
ENDCHAR
STARTCHAR uni03070304.case
ENCODING -1
SWIDTH 0 0
DWIDTH 0 0
BBX 10 6 -5 24
BITMAP
7F80
FFC0
0000
0000
1E00
0C00
ENDCHAR
STARTCHAR gravecomb.case
ENCODING -1
SWIDTH 0 0
DWIDTH 0 0
BBX 5 5 -5 23
BITMAP
E0
70
30
18
08
ENDCHAR
STARTCHAR acutecomb.case
ENCODING -1
SWIDTH 0 0
DWIDTH 0 0
BBX 5 5 0 23
BITMAP
38
70
60
C0
C0
ENDCHAR
STARTCHAR uni03010307.case
ENCODING -1
SWIDTH 0 0
DWIDTH 0 0
BBX 8 8 -3 23
BITMAP
40
E0
E2
07
0E
0C
18
18
ENDCHAR
STARTCHAR uni030B.case
ENCODING -1
SWIDTH 0 0
DWIDTH 0 0
BBX 8 5 -2 23
BITMAP
33
66
EE
CC
98
ENDCHAR
STARTCHAR uni030C.alt.case
ENCODING -1
SWIDTH 0 0
DWIDTH 0 0
BBX 2 7 0 14
BITMAP
C0
C0
C0
C0
C0
C0
C0
ENDCHAR
STARTCHAR uni0302.case
ENCODING -1
SWIDTH 0 0
DWIDTH 0 0
BBX 8 5 -4 23
BITMAP
3C
3C
66
C3
C3
ENDCHAR
STARTCHAR uni03020300.case
ENCODING -1
SWIDTH 0 0
DWIDTH 0 0
BBX 10 8 -4 23
BITMAP
0200
0700
0300
1980
3CC0
6600
E700
C300
ENDCHAR
STARTCHAR uni03020301.case
ENCODING -1
SWIDTH 0 0
DWIDTH 0 0
BBX 11 8 -4 23
BITMAP
0060
0060
00C0
18C0
3D80
6600
E700
C300
ENDCHAR
STARTCHAR uni03020303.case
ENCODING -1
SWIDTH 0 0
DWIDTH 0 0
BBX 10 8 -5 23
BITMAP
30C0
7CC0
C780
0000
1E00
1E00
3300
6180
ENDCHAR
STARTCHAR uni03020309.case
ENCODING -1
SWIDTH 0 0
DWIDTH 0 0
BBX 11 8 -4 23
BITMAP
0380
07E0
0060
18C0
3D80
6600
E700
C300
ENDCHAR
STARTCHAR uni030C.case
ENCODING -1
SWIDTH 0 0
DWIDTH 0 0
BBX 8 5 -4 23
BITMAP
C3
C3
66
3C
3C
ENDCHAR
STARTCHAR uni030C0307.case
ENCODING -1
SWIDTH 0 0
DWIDTH 0 0
BBX 8 8 -4 23
BITMAP
3C
18
00
81
C3
66
3C
3C
ENDCHAR
STARTCHAR uni0306.case
ENCODING -1
SWIDTH 0 0
DWIDTH 0 0
BBX 10 5 -5 23
BITMAP
C0C0
C0C0
E1C0
7F80
3F00
ENDCHAR
STARTCHAR uni03060300.case
ENCODING -1
SWIDTH 0 0
DWIDTH 0 0
BBX 10 8 -5 23
BITMAP
3000
3000
3800
5880
CCC0
6180
7F80
3F00
ENDCHAR
STARTCHAR uni03060301.case
ENCODING -1
SWIDTH 0 0
DWIDTH 0 0
BBX 10 8 -5 23
BITMAP
0300
0300
0700
4680
CCC0
6180
7F80
3F00
ENDCHAR
STARTCHAR uni03060303.case
ENCODING -1
SWIDTH 0 0
DWIDTH 0 0
BBX 10 8 -5 23
BITMAP
30C0
7CC0
C780
0000
0000
C0C0
7F80
3F00
ENDCHAR
STARTCHAR uni03060309.case
ENCODING -1
SWIDTH 0 0
DWIDTH 0 0
BBX 10 8 -5 23
BITMAP
1C00
3F00
0300
4680
CCC0
6180
7F80
3F00
ENDCHAR
STARTCHAR uni030A.case
ENCODING -1
SWIDTH 0 0
DWIDTH 0 0
BBX 8 7 -4 23
BITMAP
18
7E
42
C3
C3
66
3C
ENDCHAR
STARTCHAR uni030A0301.case
ENCODING -1
SWIDTH 0 0
DWIDTH 0 0
BBX 10 8 -4 23
BITMAP
00C0
0B80
7F00
4200
C300
4200
6600
3C00
ENDCHAR
STARTCHAR tildecomb.case
ENCODING -1
SWIDTH 0 0
DWIDTH 0 0
BBX 12 5 -6 23
BITMAP
1010
7C30
EF70
83E0
8080
ENDCHAR
STARTCHAR uni03030308.case
ENCODING -1
SWIDTH 0 0
DWIDTH 0 0
BBX 10 7 -5 23
BITMAP
6180
7380
6180
0000
78C0
FF80
C780
ENDCHAR
STARTCHAR tildecomb_acutecomb.case
ENCODING -1
SWIDTH 0 0
DWIDTH 0 0
BBX 10 8 -5 23
BITMAP
0380
0300
0700
0600
0C00
78C0
FF80
C780
ENDCHAR
STARTCHAR uni03030304.case
ENCODING -1
SWIDTH 0 0
DWIDTH 0 0
BBX 10 7 -5 23
BITMAP
7F80
FFC0
0000
0000
78C0
FF80
C780
ENDCHAR
STARTCHAR uni0304.case
ENCODING -1
SWIDTH 0 0
DWIDTH 0 0
BBX 10 2 -5 24
BITMAP
FFC0
7F80
ENDCHAR
STARTCHAR uni03040308.case
ENCODING -1
SWIDTH 0 0
DWIDTH 0 0
BBX 10 6 -5 24
BITMAP
2180
7380
7180
0000
7F80
FFC0
ENDCHAR
STARTCHAR uni03040300.case
ENCODING -1
SWIDTH 0 0
DWIDTH 0 0
BBX 10 7 -5 24
BITMAP
7000
3000
3800
1800
0C00
0000
FFC0
ENDCHAR
STARTCHAR uni03040301.case
ENCODING -1
SWIDTH 0 0
DWIDTH 0 0
BBX 10 7 -5 24
BITMAP
0380
0300
0700
0600
0C00
0000
FFC0
ENDCHAR
STARTCHAR hookabovecomb.case
ENCODING -1
SWIDTH 0 0
DWIDTH 0 0
BBX 6 5 -3 23
BITMAP
FC
0C
0C
38
30
ENDCHAR
STARTCHAR uni030F.case
ENCODING -1
SWIDTH 0 0
DWIDTH 0 0
BBX 8 5 -6 23
BITMAP
CC
66
77
33
11
ENDCHAR
STARTCHAR uni0311.case
ENCODING -1
SWIDTH 0 0
DWIDTH 0 0
BBX 10 5 -5 23
BITMAP
1E00
7F80
6180
C0C0
C0C0
ENDCHAR
STARTCHAR uni0312.case
ENCODING -1
SWIDTH 0 0
DWIDTH 0 0
BBX 4 6 -2 23
BITMAP
20
60
40
E0
F0
60
ENDCHAR
STARTCHAR uni031B.case
ENCODING -1
SWIDTH 0 0
DWIDTH 0 0
BBX 6 5 0 20
BITMAP
1C
1C
18
38
F0
ENDCHAR
STARTCHAR uni0335.case
ENCODING -1
SWIDTH 0 0
DWIDTH 0 0
BBX 12 2 -6 10
BITMAP
FFF0
FFF0
ENDCHAR
STARTCHAR uni0337.case
ENCODING -1
SWIDTH 0 0
DWIDTH 0 0
BBX 12 7 -6 8
BITMAP
0070
01F0
07C0
0F00
3C00
F800
E000
ENDCHAR
STARTCHAR uni0338.case
ENCODING -1
SWIDTH 0 0
DWIDTH 0 0
BBX 14 24 -7 -1
BITMAP
0004
000C
000C
0018
0038
0030
0070
0060
00E0
01C0
0180
0380
0300
0700
0600
0C00
1C00
1800
3800
3000
7000
E000
C000
C000
ENDCHAR
STARTCHAR uni0335.cy
ENCODING -1
SWIDTH 0 0
DWIDTH 0 0
BBX 14 2 -7 9
BITMAP
FFFC
7FF8
ENDCHAR
STARTCHAR tildecomb.o
ENCODING -1
SWIDTH 0 0
DWIDTH 0 0
BBX 10 4 -5 18
BITMAP
7040
F8C0
CFC0
8780
ENDCHAR
STARTCHAR uni030C.alt.t
ENCODING -1
SWIDTH 0 0
DWIDTH 0 0
BBX 2 5 0 16
BITMAP
C0
C0
C0
C0
80
ENDCHAR
STARTCHAR uni0335.t
ENCODING -1
SWIDTH 0 0
DWIDTH 0 0
BBX 8 1 -4 7
BITMAP
FF
ENDCHAR
STARTCHAR tildecomb.case.O
ENCODING -1
SWIDTH 0 0
DWIDTH 0 0
BBX 12 5 -6 23
BITMAP
1030
7C30
EFE0
C3E0
8080
ENDCHAR
STARTCHAR uni031B.O.case
ENCODING -1
SWIDTH 0 0
DWIDTH 0 0
BBX 8 5 0 20
BITMAP
07
07
06
0E
FC
ENDCHAR
STARTCHAR uni02BF.case
ENCODING -1
SWIDTH 500 0
DWIDTH 15 0
BBX 4 6 4 23
BITMAP
30
60
40
C0
60
70
ENDCHAR
STARTCHAR uni02BE.case
ENCODING -1
SWIDTH 500 0
DWIDTH 15 0
BBX 4 6 7 23
BITMAP
C0
60
20
30
60
C0
ENDCHAR
ENDFONT
