STARTFONT 2.1
FONT -FontForge-Nunito Medium-Medium-R-Normal--40-380-75-75-P-212-ISO10646-1
SIZE 38 75 75
FONTBOUNDINGBOX 62 53 -10 -11
COMMENT "Generated by fontforge, http://fontforge.sourceforge.net"
COMMENT "Copyright 2014 The Nunito Project Authors (https://github.com/googlefonts/nunito)"
STARTPROPERTIES 41
FOUNDRY "FontForge"
FAMILY_NAME "Nunito Medium"
WEIGHT_NAME "Medium"
SLANT "R"
SETWIDTH_NAME "Normal"
ADD_STYLE_NAME ""
PIXEL_SIZE 40
POINT_SIZE 380
RESOLUTION_X 75
RESOLUTION_Y 75
SPACING "P"
AVERAGE_WIDTH 212
CHARSET_REGISTRY "ISO10646"
CHARSET_ENCODING "1"
FONTNAME_REGISTRY ""
CHARSET_COLLECTIONS "ISO8859-2 ISO8859-5 ISO8859-9 ISO8859-4 ISO10646-1"
FONT_NAME "Nunito-Medium"
FACE_NAME "Nunito Medium"
COPYRIGHT "Copyright 2014 The Nunito Project Authors (https://github.com/googlefonts/nunito)"
FONT_VERSION "3.602"
FONT_ASCENT 32
FONT_DESCENT 8
UNDERLINE_POSITION -4
UNDERLINE_THICKNESS 2
X_HEIGHT 19
CAP_HEIGHT 27
DEFAULT_CHAR 851
RAW_ASCENT 800
RAW_DESCENT 200
NORM_SPACE 10
RELATIVE_WEIGHT 50
RELATIVE_SETWIDTH 50
SUPERSCRIPT_X 0
SUPERSCRIPT_Y 14
SUPERSCRIPT_SIZE 24
SUBSCRIPT_X 0
SUBSCRIPT_Y 3
SUBSCRIPT_SIZE 24
FIGURE_WIDTH 24
AVG_LOWERCASE_WIDTH 214
AVG_UPPERCASE_WIDTH 277
ENDPROPERTIES
CHARS 1098
STARTCHAR NULL
ENCODING 0
SWIDTH 0 0
DWIDTH 0 0
BBX 1 1 0 0
BITMAP
00
ENDCHAR
STARTCHAR CR
ENCODING 13
SWIDTH 261 0
DWIDTH 10 0
BBX 1 1 0 0
BITMAP
00
ENDCHAR
STARTCHAR space
ENCODING 32
SWIDTH 261 0
DWIDTH 10 0
BBX 1 1 0 0
BITMAP
00
ENDCHAR
STARTCHAR exclam
ENCODING 33
SWIDTH 233 0
DWIDTH 9 0
BBX 5 28 2 0
BITMAP
78
78
78
78
78
78
78
70
70
70
70
70
70
70
70
70
70
70
70
70
20
00
00
20
78
F8
F8
70
ENDCHAR
STARTCHAR quotedbl
ENCODING 34
SWIDTH 405 0
DWIDTH 16 0
BBX 11 11 3 17
BITMAP
E1C0
E1E0
E1E0
E1C0
E1C0
E1C0
E1C0
E1C0
E1C0
E1C0
E0C0
ENDCHAR
STARTCHAR numbersign
ENCODING 35
SWIDTH 600 0
DWIDTH 24 0
BBX 22 28 1 0
BITMAP
00C060
00C0E0
01C0E0
01C0E0
01C0E0
01C0C0
0181C0
7FFFFC
7FFFFC
0381C0
038180
030380
070380
070380
070380
070300
060700
0E0700
7FFFF0
FFFFF8
7FFFF0
0E0600
0C0E00
1C0E00
1C0E00
1C0C00
1C0C00
181C00
ENDCHAR
STARTCHAR dollar
ENCODING 36
SWIDTH 600 0
DWIDTH 24 0
BBX 20 38 2 -5
BITMAP
007000
007000
007000
007000
007000
07FE00
0FFF80
3FFFE0
3E03E0
7800E0
780000
F00000
F00000
F00000
F00000
780000
7E0000
3FC000
1FFC00
07FF80
00FFC0
0007E0
0001F0
0000F0
0000F0
0000F0
0000F0
4000F0
E001F0
FC07E0
7FFFC0
3FFF80
07FE00
007000
007000
007000
007000
006000
ENDCHAR
STARTCHAR percent
ENCODING 37
SWIDTH 933 0
DWIDTH 37 0
BBX 33 30 2 -1
BITMAP
0100018000
1FE001C000
3FF0038000
7878038000
7038070000
70380F0000
E01C0E0000
E01C1E0000
E01C1C0000
E01C380000
E01C380000
E01C700000
7038F0F800
7038E3FC00
7879E7FE00
3FF1C70F00
1FE38E0780
07078E0380
00070E0380
000F0E0380
000E1E0380
001E1E0380
001C0E0380
00380E0380
00780E0380
00700F0700
00F0078F00
00E003FE00
01E001FC00
00C0000000
ENDCHAR
STARTCHAR ampersand
ENCODING 38
SWIDTH 701 0
DWIDTH 28 0
BBX 24 29 2 0
BITMAP
002000
01FE00
07FF00
0F8F80
0F0380
0E0380
0E0380
0E0380
0E0780
0F0700
079F00
07FE00
03FC0E
03F00E
07F00E
0FF80E
1E3C1E
3C1E1C
780F1C
78079C
7003F8
F003F8
F001F8
7000F8
7801FC
7C03FE
3FFF9E
1FFF0F
07FC07
ENDCHAR
STARTCHAR quotesingle
ENCODING 39
SWIDTH 226 0
DWIDTH 9 0
BBX 3 11 3 17
BITMAP
E0
E0
E0
E0
E0
E0
E0
E0
E0
E0
E0
ENDCHAR
STARTCHAR parenleft
ENCODING 40
SWIDTH 326 0
DWIDTH 13 0
BBX 7 36 4 -7
BITMAP
04
0E
0E
1E
1C
3C
3C
38
78
78
78
78
70
F0
F0
F0
F0
F0
F0
F0
F0
F0
F0
F0
70
78
78
78
78
3C
3C
3C
1C
1E
0E
0E
ENDCHAR
STARTCHAR parenright
ENCODING 41
SWIDTH 326 0
DWIDTH 13 0
BBX 7 36 2 -7
BITMAP
40
E0
E0
F0
70
78
78
38
3C
3C
3C
3C
1E
1E
1E
1E
1E
1E
1E
1E
1E
1E
1E
1E
1E
3C
3C
3C
3C
38
78
78
70
F0
E0
E0
ENDCHAR
STARTCHAR asterisk
ENCODING 42
SWIDTH 451 0
DWIDTH 18 0
BBX 16 14 1 14
BITMAP
0C30
1C38
0E70
0660
07E0
73C6
FFFF
7FFE
03C0
07E0
0E70
0E70
1C38
0810
ENDCHAR
STARTCHAR plus
ENCODING 43
SWIDTH 600 0
DWIDTH 24 0
BBX 20 20 2 1
BITMAP
006000
006000
006000
006000
006000
006000
006000
006000
FFFFF0
FFFFF0
FFFFF0
006000
006000
006000
006000
006000
006000
006000
006000
006000
ENDCHAR
STARTCHAR comma
ENCODING 44
SWIDTH 233 0
DWIDTH 9 0
BBX 5 10 2 -5
BITMAP
20
78
F8
F8
78
38
38
70
60
20
ENDCHAR
STARTCHAR hyphen
ENCODING 45
SWIDTH 427 0
DWIDTH 17 0
BBX 12 3 3 9
BITMAP
FFE0
FFF0
FFE0
ENDCHAR
STARTCHAR period
ENCODING 46
SWIDTH 233 0
DWIDTH 9 0
BBX 5 5 2 0
BITMAP
20
78
F8
F8
70
ENDCHAR
STARTCHAR slash
ENCODING 47
SWIDTH 290 0
DWIDTH 12 0
BBX 12 32 0 -2
BITMAP
0070
0070
0070
00E0
00E0
00E0
01E0
01C0
01C0
03C0
0380
0380
0780
0700
0700
0F00
0E00
0E00
1E00
1C00
1C00
3C00
3800
3800
3800
7000
7000
7000
E000
E000
E000
C000
ENDCHAR
STARTCHAR zero
ENCODING 48
SWIDTH 600 0
DWIDTH 24 0
BBX 20 29 2 0
BITMAP
002000
07FE00
0FFF00
1FFF80
3E07C0
3C03C0
7801E0
7801E0
7000E0
F000E0
F000F0
F000F0
F000F0
F000F0
F000F0
F000F0
F000F0
F000F0
F000F0
F000F0
7000E0
7000E0
7801E0
7801E0
3C03C0
3E07C0
1FFF80
0FFF00
03FC00
ENDCHAR
STARTCHAR one
ENCODING 49
SWIDTH 600 0
DWIDTH 24 0
BBX 16 28 5 0
BITMAP
03C0
0FC0
1FC0
7FC0
FFC0
F3C0
E3C0
03C0
03C0
03C0
03C0
03C0
03C0
03C0
03C0
03C0
03C0
03C0
03C0
03C0
03C0
03C0
03C0
03C0
03C0
FFFF
FFFF
FFFF
ENDCHAR
STARTCHAR two
ENCODING 50
SWIDTH 600 0
DWIDTH 24 0
BBX 19 29 3 0
BITMAP
008000
1FFC00
7FFE00
FFFF00
F00F80
C00780
000780
000380
0003C0
000380
000780
000780
000780
000F00
001E00
003E00
003C00
007800
00F000
01E000
03C000
078000
0F0000
1E0000
3C0000
7C0000
FFFFE0
FFFFE0
7FFFE0
ENDCHAR
STARTCHAR three
ENCODING 51
SWIDTH 600 0
DWIDTH 24 0
BBX 19 29 2 0
BITMAP
004000
0FFE00
3FFF00
7FFF80
7807C0
6003C0
0001C0
0001C0
0001C0
0001C0
0003C0
000380
000F80
03FF00
07FC00
07FF00
001FC0
0003C0
0001E0
0001E0
0000E0
0000E0
0001E0
0001E0
E003E0
FC07C0
7FFF80
3FFF00
0FFE00
ENDCHAR
STARTCHAR four
ENCODING 52
SWIDTH 600 0
DWIDTH 24 0
BBX 21 28 2 0
BITMAP
000700
000F80
000F80
001F80
003F80
007F80
007780
00F780
01E780
01C780
03C780
078780
070780
0E0780
1E0780
1C0780
380780
780780
700780
FFFFF8
FFFFF8
FFFFF8
000780
000780
000780
000780
000780
000700
ENDCHAR
STARTCHAR five
ENCODING 53
SWIDTH 600 0
DWIDTH 24 0
BBX 19 28 3 0
BITMAP
7FFFC0
7FFFC0
7FFF80
780000
780000
780000
780000
780000
780000
780000
78F000
7BFE00
7FFF80
7FBF80
7C07C0
7803E0
3001E0
0001E0
0001E0
0000E0
0001E0
0001E0
0001E0
E003C0
FC07C0
7FFF80
3FFF00
0FFC00
ENDCHAR
STARTCHAR six
ENCODING 54
SWIDTH 600 0
DWIDTH 24 0
BBX 20 29 2 0
BITMAP
001800
01FF80
07FFC0
0FFFF0
1F00F0
1E0060
3C0000
380000
780000
780000
700000
707C00
71FF00
F3FF80
F78FC0
FE03E0
FC01E0
FC00F0
7800F0
7800F0
7800F0
7800F0
7800F0
3C00E0
3E01E0
1F03E0
0FFFC0
07FF80
01FE00
ENDCHAR
STARTCHAR seven
ENCODING 55
SWIDTH 600 0
DWIDTH 24 0
BBX 20 28 2 0
BITMAP
FFFFE0
FFFFF0
7FFFE0
0001E0
0003C0
0003C0
000780
000780
000F00
000F00
001E00
001E00
003C00
003C00
007800
007800
00F000
00F000
01E000
01E000
03C000
03C000
078000
078000
0F0000
0F0000
1E0000
1E0000
ENDCHAR
STARTCHAR eight
ENCODING 56
SWIDTH 600 0
DWIDTH 24 0
BBX 20 29 2 0
BITMAP
007000
07FE00
1FFF80
3FFFC0
7C03E0
7801E0
7000E0
7000E0
7000E0
7000E0
7801E0
7801E0
3E07C0
1FFF80
07FE00
1FFF80
3F0FC0
7801E0
F000F0
F000F0
E00070
E00070
E00070
F000F0
F000F0
7C03E0
3FFFC0
1FFF80
07FE00
ENDCHAR
STARTCHAR nine
ENCODING 57
SWIDTH 600 0
DWIDTH 24 0
BBX 20 29 2 0
BITMAP
008000
07FC00
1FFE00
3FFF00
7C0780
7803C0
F003C0
F001E0
F001E0
F001E0
F001E0
F001E0
F003E0
7803F0
7C06F0
3FFEF0
1FFCE0
0FF8E0
0080E0
0001E0
0001E0
0001E0
0003C0
0003C0
E00780
F81F00
7FFF00
3FFC00
0FF800
ENDCHAR
STARTCHAR colon
ENCODING 58
SWIDTH 233 0
DWIDTH 9 0
BBX 5 20 2 0
BITMAP
30
78
F8
F8
70
00
00
00
00
00
00
00
00
00
00
20
78
F8
F8
70
ENDCHAR
STARTCHAR semicolon
ENCODING 59
SWIDTH 233 0
DWIDTH 9 0
BBX 5 25 2 -5
BITMAP
30
78
F8
F8
70
00
00
00
00
00
00
00
00
00
00
20
78
F8
F8
78
38
38
70
60
20
ENDCHAR
STARTCHAR less
ENCODING 60
SWIDTH 600 0
DWIDTH 24 0
BBX 20 19 2 2
BITMAP
000070
0001F0
0007F0
001F80
00FE00
03F800
0FE000
3F0000
FC0000
F00000
FC0000
3F0000
0FC000
03F800
00FE00
003F80
0007E0
0001F0
000070
ENDCHAR
STARTCHAR equal
ENCODING 61
SWIDTH 600 0
DWIDTH 24 0
BBX 20 11 2 6
BITMAP
FFFFF0
FFFFF0
FFFFF0
000000
000000
000000
000000
000000
FFFFF0
FFFFF0
FFFFF0
ENDCHAR
STARTCHAR greater
ENCODING 62
SWIDTH 600 0
DWIDTH 24 0
BBX 20 19 2 2
BITMAP
E00000
F80000
7E0000
1F8000
07F000
01FC00
003F00
000FC0
0003F0
0000F0
0003F0
000FC0
003F00
01FC00
07F000
1FC000
7E0000
F80000
E00000
ENDCHAR
STARTCHAR question
ENCODING 63
SWIDTH 447 0
DWIDTH 18 0
BBX 17 29 0 0
BITMAP
00C000
0FFC00
3FFE00
7FFF00
F80F80
E00780
000780
000780
000780
000780
000F00
001E00
001E00
003C00
007800
00F000
00E000
00E000
01C000
01C000
01C000
008000
000000
000000
008000
03C000
03E000
03E000
01C000
ENDCHAR
STARTCHAR at
ENCODING 64
SWIDTH 947 0
DWIDTH 38 0
BBX 34 36 2 -7
BITMAP
0000700000
001FFF0000
007FFFC000
01F803F000
03E0007800
0780001C00
0F00000E00
1E00000700
1C00000700
3801E08380
3807F98380
700FFF8180
701E0F8180
703C078180
6038078180
E0700381C0
E070030180
E070070180
E070070180
E070070180
E070070380
60700F0300
70701F0700
70383F0E00
703FF3FE00
381FE3FC00
3807806000
1C00000000
1C00000000
0E00000000
0780003800
03C0007800
01F803F000
007FFFC000
001FFF0000
0001400000
ENDCHAR
STARTCHAR A
ENCODING 65
SWIDTH 733 0
DWIDTH 29 0
BBX 27 28 1 0
BITMAP
000E0000
001F0000
001F0000
003F8000
003B8000
003BC000
0079C000
0071E000
00F0E000
00E0F000
01E0F000
01C07000
03C07800
03C03800
03803C00
07801C00
07001E00
0F001E00
0FFFFF00
1FFFFF00
1FFFFF00
1C000780
3C000380
380003C0
780003C0
700001E0
F00001E0
E00000E0
ENDCHAR
STARTCHAR B
ENCODING 66
SWIDTH 679 0
DWIDTH 27 0
BBX 22 28 3 0
BITMAP
7FFF00
FFFFC0
FFFFE0
F001F0
F000F8
F00078
F00078
F00078
F00078
F00078
F000F0
F001F0
FFFFC0
FFFF80
FFFFE0
F001F0
F00078
F00038
F0003C
F0003C
F0003C
F0003C
F00038
F00078
F001F8
FFFFF0
FFFFE0
7FFF00
ENDCHAR
STARTCHAR C
ENCODING 67
SWIDTH 675 0
DWIDTH 27 0
BBX 23 29 2 0
BITMAP
000E00
00FFF0
03FFF8
07FFFE
0FC03E
1F000E
3E0000
3C0000
7C0000
780000
780000
780000
F00000
F00000
F00000
F00000
F00000
F00000
780000
780000
780000
7C0000
3C0000
3E0004
1F000E
0FE07E
07FFFE
03FFF8
00FFE0
ENDCHAR
STARTCHAR D
ENCODING 68
SWIDTH 747 0
DWIDTH 30 0
BBX 25 28 3 0
BITMAP
7FFF0000
FFFFC000
FFFFF000
F003F800
F000FC00
F0003C00
F0001E00
F0001E00
F0000F00
F0000F00
F0000F00
F0000F00
F0000700
F0000780
F0000780
F0000700
F0000F00
F0000F00
F0000F00
F0000F00
F0001E00
F0003E00
F0003C00
F000FC00
F007F800
FFFFE000
FFFFC000
7FFE0000
ENDCHAR
STARTCHAR E
ENCODING 69
SWIDTH 586 0
DWIDTH 23 0
BBX 19 28 3 0
BITMAP
7FFFE0
FFFFE0
FFFFC0
F00000
F00000
F00000
F00000
F00000
F00000
F00000
F00000
F00000
FFFF80
FFFFC0
FFFFC0
F00000
F00000
F00000
F00000
F00000
F00000
F00000
F00000
F00000
F00000
FFFFC0
FFFFE0
7FFFC0
ENDCHAR
STARTCHAR F
ENCODING 70
SWIDTH 551 0
DWIDTH 22 0
BBX 18 28 3 0
BITMAP
7FFFC0
FFFFC0
FFFFC0
F00000
F00000
F00000
F00000
F00000
F00000
F00000
F00000
F00000
FFFF80
FFFFC0
FFFF80
F00000
F00000
F00000
F00000
F00000
F00000
F00000
F00000
F00000
F00000
F00000
F00000
700000
ENDCHAR
STARTCHAR G
ENCODING 71
SWIDTH 729 0
DWIDTH 29 0
BBX 24 29 2 0
BITMAP
000F00
00FFF0
03FFFC
07FFFE
0FC01F
1F0007
3E0000
3C0000
7C0000
780000
780000
780000
F00000
F00000
F003FE
F003FF
F003FF
F00007
780007
780007
780007
7C0007
3C0007
3E0007
1F0007
0FE01F
07FFFF
03FFFE
007FF8
ENDCHAR
STARTCHAR H
ENCODING 72
SWIDTH 764 0
DWIDTH 31 0
BBX 24 28 3 0
BITMAP
700007
F0000F
F0000F
F0000F
F0000F
F0000F
F0000F
F0000F
F0000F
F0000F
F0000F
F0000F
FFFFFF
FFFFFF
FFFFFF
F0000F
F0000F
F0000F
F0000F
F0000F
F0000F
F0000F
F0000F
F0000F
F0000F
F0000F
F0000F
700007
ENDCHAR
STARTCHAR I
ENCODING 73
SWIDTH 262 0
DWIDTH 10 0
BBX 4 28 3 0
BITMAP
70
F0
F0
F0
F0
F0
F0
F0
F0
F0
F0
F0
F0
F0
F0
F0
F0
F0
F0
F0
F0
F0
F0
F0
F0
F0
F0
70
ENDCHAR
STARTCHAR J
ENCODING 74
SWIDTH 331 0
DWIDTH 13 0
BBX 11 28 -1 0
BITMAP
01E0
01E0
01E0
01E0
01E0
01E0
01E0
01E0
01E0
01E0
01E0
01E0
01E0
01E0
01E0
01E0
01E0
01E0
01E0
01E0
01E0
01E0
01E0
03C0
07C0
7F80
FF00
7E00
ENDCHAR
STARTCHAR K
ENCODING 75
SWIDTH 634 0
DWIDTH 25 0
BBX 21 28 3 0
BITMAP
700078
F000F0
F001E0
F003C0
F00780
F00F00
F01E00
F07C00
F0F800
F1F000
F3E000
F7C000
FF8000
FF0000
FF8000
F7C000
F3E000
F1F000
F0F800
F07C00
F03E00
F01F00
F00F80
F003C0
F001E0
F000F8
F00078
700038
ENDCHAR
STARTCHAR L
ENCODING 76
SWIDTH 548 0
DWIDTH 22 0
BBX 19 28 3 0
BITMAP
700000
F00000
F00000
F00000
F00000
F00000
F00000
F00000
F00000
F00000
F00000
F00000
F00000
F00000
F00000
F00000
F00000
F00000
F00000
F00000
F00000
F00000
F00000
F00000
F00000
FFFFC0
FFFFE0
7FFFC0
ENDCHAR
STARTCHAR M
ENCODING 77
SWIDTH 858 0
DWIDTH 34 0
BBX 28 28 3 0
BITMAP
700000F0
F80000F0
F80001F0
FC0001F0
FC0003F0
FE0003F0
FE0007F0
FF000770
F7000F70
F7800E70
F3801C70
F3C01C70
F1C03870
F1E03870
F0E07070
F070F070
F078E070
F039E070
F03DC070
F01FC070
F01F8070
F00F8070
F00F0070
F0060070
F0000070
F0000070
F0000070
70000070
ENDCHAR
STARTCHAR N
ENCODING 78
SWIDTH 741 0
DWIDTH 30 0
BBX 23 28 3 0
BITMAP
70000E
F8000E
F8000E
FC000E
FE000E
FF000E
FF000E
F7800E
F3C00E
F1E00E
F1E00E
F0F00E
F0780E
F03C0E
F03C0E
F01E0E
F00F0E
F0078E
F0078E
F003CE
F001EE
F000FE
F000FE
F0007E
F0003E
F0001E
F0001E
70000E
ENDCHAR
STARTCHAR O
ENCODING 79
SWIDTH 771 0
DWIDTH 31 0
BBX 26 29 2 0
BITMAP
00040000
00FFE000
03FFF800
07FFFC00
0FC07E00
1F001F00
3E000F00
3C000780
78000780
780003C0
780003C0
780003C0
F00003C0
F00001C0
F00001C0
F00001C0
F00001C0
F00003C0
780003C0
780003C0
780003C0
7C000780
3C000780
3E000F00
1F001F00
0FC07E00
07FFFC00
03FFF000
00FFC000
ENDCHAR
STARTCHAR P
ENCODING 80
SWIDTH 637 0
DWIDTH 25 0
BBX 21 28 3 0
BITMAP
7FFF00
FFFFC0
FFFFE0
F001F0
F000F8
F00078
F00078
F00038
F00038
F00078
F00078
F00078
F000F0
F003F0
FFFFE0
FFFFC0
FFFE00
F00000
F00000
F00000
F00000
F00000
F00000
F00000
F00000
F00000
F00000
700000
ENDCHAR
STARTCHAR Q
ENCODING 81
SWIDTH 771 0
DWIDTH 31 0
BBX 26 37 2 -8
BITMAP
00040000
00FFE000
03FFF800
07FFFC00
0FC07E00
1F001F00
3E000F00
3C000780
78000780
780003C0
780003C0
780003C0
F00003C0
F00001C0
F00001C0
F00001C0
F00001C0
F00003C0
780003C0
780003C0
780003C0
7C000780
3C000780
3E000F00
1F001F00
0FC07E00
07FFFC00
03FFF000
00FFE000
0001F000
00007800
00003C00
00003C00
00001E00
00000F00
00000F00
00000600
ENDCHAR
STARTCHAR R
ENCODING 82
SWIDTH 673 0
DWIDTH 27 0
BBX 22 28 3 0
BITMAP
7FFF00
FFFFC0
FFFFE0
F001F0
F000F8
F00078
F00078
F00038
F00038
F00078
F00078
F000F8
F001F0
FFFFE0
FFFFC0
FFFF00
F01F00
F00780
F003C0
F003C0
F001E0
F001E0
F000F0
F000F0
F00078
F0007C
F0003C
70001C
ENDCHAR
STARTCHAR S
ENCODING 83
SWIDTH 618 0
DWIDTH 25 0
BBX 21 29 2 0
BITMAP
003000
03FF80
0FFFE0
1FFFF0
3E00F0
7C0070
780000
700000
700000
700000
780000
780000
7E0000
3FE000
1FFE00
07FFC0
00FFE0
0007F0
0000F8
000078
000078
000078
000078
400078
E000F8
FC01F0
7FFFE0
3FFFC0
07FF00
ENDCHAR
STARTCHAR T
ENCODING 84
SWIDTH 607 0
DWIDTH 24 0
BBX 24 28 0 0
BITMAP
FFFFFF
FFFFFF
FFFFFF
003C00
003C00
003C00
003C00
003C00
003C00
003C00
003C00
003C00
003C00
003C00
003C00
003C00
003C00
003C00
003C00
003C00
003C00
003C00
003C00
003C00
003C00
003C00
003C00
001C00
ENDCHAR
STARTCHAR U
ENCODING 85
SWIDTH 731 0
DWIDTH 29 0
BBX 23 28 3 0
BITMAP
F0001E
F0001E
F0001E
F0001E
F0001E
F0001E
F0001E
F0001E
F0001E
F0001E
F0001E
F0001E
F0001E
F0001E
F0001E
F0001E
F0001E
F0001E
F0001E
F0001E
70001E
78003C
78003C
3C007C
3F01F8
1FFFF0
0FFFE0
03FF80
ENDCHAR
STARTCHAR V
ENCODING 86
SWIDTH 694 0
DWIDTH 28 0
BBX 26 28 1 0
BITMAP
E00001C0
F00003C0
F00003C0
70000780
78000780
78000700
3C000F00
3C000F00
1E001E00
1E001E00
0E003C00
0F003C00
0F003800
07807800
07807000
03C0F000
03C0F000
01C1E000
01E1E000
00E1C000
00F3C000
00F38000
007F8000
007F8000
003F0000
003F0000
001E0000
001E0000
ENDCHAR
STARTCHAR W
ENCODING 87
SWIDTH 1104 0
DWIDTH 44 0
BBX 41 28 2 0
BITMAP
E0001C000700
F0003C000780
F0003E000F00
F0007E000F00
78007E000E00
78007F001E00
3800FF001E00
3C00E7001C00
3C00E7803C00
1C01E7803C00
1E01C3803800
1E01C3C07800
0E03C1C07800
0F0381C07000
0F0381E0F000
070780E0F000
078700E0E000
078F00F1E000
038F0071C000
03CE0071C000
03DE007BC000
01DC003B8000
01FC003B8000
01FC003F8000
00F8001F0000
00F8001F0000
0078001F0000
0070000E0000
ENDCHAR
STARTCHAR X
ENCODING 88
SWIDTH 655 0
DWIDTH 26 0
BBX 23 28 2 0
BITMAP
F0001C
F0003C
780078
7C00F8
3E00F0
1E01E0
0F03E0
0F83C0
078780
03CF00
01FF00
01FE00
00FC00
007800
00FC00
00FE00
01FE00
03CF00
07C780
0787C0
0F03C0
1E01E0
3E00F0
3C00F8
780078
F0003C
F0003E
E0001C
ENDCHAR
STARTCHAR Y
ENCODING 89
SWIDTH 601 0
DWIDTH 24 0
BBX 22 28 1 0
BITMAP
E0001C
F0003C
F8003C
780078
3C00F0
3E01F0
1F01E0
0F03C0
078780
07CF80
03CF00
01FE00
00FE00
00FC00
007800
007800
007800
007800
007800
007800
007800
007800
007800
007800
007800
007800
007800
007800
ENDCHAR
STARTCHAR Z
ENCODING 90
SWIDTH 593 0
DWIDTH 24 0
BBX 21 28 2 0
BITMAP
FFFFF0
FFFFF0
FFFFF0
0001F0
0001E0
0003C0
000780
000780
000F00
001E00
003E00
003C00
007800
00F000
00F000
01E000
03C000
07C000
078000
0F0000
1E0000
1E0000
3C0000
780000
F80000
FFFFF8
FFFFF8
FFFFF8
ENDCHAR
STARTCHAR bracketleft
ENCODING 91
SWIDTH 324 0
DWIDTH 13 0
BBX 9 35 4 -7
BITMAP
7F80
FF80
FF00
F000
F000
F000
F000
F000
F000
F000
F000
F000
F000
F000
F000
F000
F000
F000
F000
F000
F000
F000
F000
F000
F000
F000
F000
F000
F000
F000
F000
F000
FF00
FF80
7F80
ENDCHAR
STARTCHAR backslash
ENCODING 92
SWIDTH 290 0
DWIDTH 12 0
BBX 12 32 0 -2
BITMAP
C000
E000
E000
E000
F000
7000
7000
7800
3800
3800
3C00
1C00
1C00
1C00
0E00
0E00
0E00
0700
0700
0700
0380
0380
0380
01C0
01C0
01C0
00E0
00E0
00E0
00F0
0070
0070
ENDCHAR
STARTCHAR bracketright
ENCODING 93
SWIDTH 324 0
DWIDTH 13 0
BBX 9 35 0 -7
BITMAP
FF00
FF80
7F80
0780
0780
0780
0780
0780
0780
0780
0780
0780
0780
0780
0780
0780
0780
0780
0780
0780
0780
0780
0780
0780
0780
0780
0780
0780
0780
0780
0780
0780
7F80
FF80
FF00
ENDCHAR
STARTCHAR asciicircum
ENCODING 94
SWIDTH 600 0
DWIDTH 24 0
BBX 20 20 2 5
BITMAP
00F000
00F000
01F800
01F800
019800
039C00
039C00
070E00
070E00
0E0700
0E0700
1C0380
1C0380
180180
3801C0
3801C0
7000E0
7000E0
E00070
400060
ENDCHAR
STARTCHAR underscore
ENCODING 95
SWIDTH 500 0
DWIDTH 20 0
BBX 18 2 1 -2
BITMAP
FFFFC0
FFFFC0
ENDCHAR
STARTCHAR grave
ENCODING 96
SWIDTH 361 0
DWIDTH 14 0
BBX 6 9 4 22
BITMAP
40
E0
F0
70
78
38
1C
1C
0C
ENDCHAR
STARTCHAR a
ENCODING 97
SWIDTH 533 0
DWIDTH 21 0
BBX 17 20 2 0
BITMAP
03F000
1FFC00
7FFE00
7C1F00
200F00
000700
000700
000780
000780
0FFF80
3FFF80
7C0780
F00780
F00780
F00780
F00F80
F81F80
7C7F80
3FF780
1FE700
ENDCHAR
STARTCHAR b
ENCODING 98
SWIDTH 587 0
DWIDTH 23 0
BBX 19 28 3 0
BITMAP
E00000
F00000
F00000
F00000
F00000
F00000
F00000
F00000
F0F800
F3FE00
FFFF00
FE0F80
F80780
F803C0
F003C0
F001C0
F001E0
F001E0
F001E0
F001E0
F001E0
F001C0
F003C0
F803C0
FC0F80
FFFF00
F7FE00
E3FC00
ENDCHAR
STARTCHAR c
ENCODING 99
SWIDTH 465 0
DWIDTH 19 0
BBX 16 20 2 0
BITMAP
03F0
0FFC
1FFF
3E0F
7C02
7800
F000
F000
F000
F000
E000
F000
F000
F000
F000
7800
7C07
3FFF
1FFE
07F8
ENDCHAR
STARTCHAR d
ENCODING 100
SWIDTH 587 0
DWIDTH 23 0
BBX 19 28 2 0
BITMAP
0001C0
0001E0
0001E0
0001E0
0001E0
0001E0
0001E0
0001E0
03E1E0
0FF9E0
3FFDE0
3E1FE0
7807E0
7803E0
F003E0
F001E0
F001E0
E001E0
E001E0
E001E0
F001E0
F003E0
F003E0
7807E0
7C0FE0
3FFDE0
1FFDE0
0FF1C0
ENDCHAR
STARTCHAR e
ENCODING 101
SWIDTH 534 0
DWIDTH 21 0
BBX 18 20 2 0
BITMAP
01F000
0FFC00
1FFE00
3C0F00
780780
700380
F00380
F001C0
E001C0
FFFFC0
FFFFC0
E00000
E00000
F00000
F00000
780000
7C0380
3FFF80
1FFF00
07FC00
ENDCHAR
STARTCHAR f
ENCODING 102
SWIDTH 340 0
DWIDTH 14 0
BBX 14 28 0 0
BITMAP
00FC
01FC
03F0
0780
0700
0F00
0F00
0F00
0F00
FFF8
FFF8
0F00
0F00
0F00
0F00
0F00
0F00
0F00
0F00
0F00
0F00
0F00
0F00
0F00
0F00
0F00
0F00
0E00
ENDCHAR
STARTCHAR g
ENCODING 103
SWIDTH 590 0
DWIDTH 24 0
BBX 19 28 2 -8
BITMAP
03E0C0
0FF9E0
3FFDE0
3E0FE0
7807E0
F803E0
F003E0
F001E0
F001E0
E001E0
E001E0
F001E0
F001E0
F003E0
7803E0
7C07E0
3FBFE0
1FFDE0
0FF1E0
0081E0
0001E0
0001C0
0003C0
7007C0
7F1F80
3FFF00
0FFE00
006000
ENDCHAR
STARTCHAR h
ENCODING 104
SWIDTH 572 0
DWIDTH 23 0
BBX 17 28 3 0
BITMAP
E00000
F00000
F00000
F00000
F00000
F00000
F00000
F00000
F0F800
F3FE00
FFFF00
FE1F00
F80780
F00780
F00780
F00780
F00780
F00780
F00780
F00780
F00780
F00780
F00780
F00780
F00780
F00780
F00780
E00380
ENDCHAR
STARTCHAR i
ENCODING 105
SWIDTH 237 0
DWIDTH 9 0
BBX 5 28 2 0
BITMAP
78
F8
F8
70
00
00
00
00
30
70
78
78
78
78
78
78
78
78
78
78
78
78
78
78
78
78
78
70
ENDCHAR
STARTCHAR j
ENCODING 106
SWIDTH 241 0
DWIDTH 10 0
BBX 9 36 -2 -8
BITMAP
0780
0780
0780
0700
0000
0000
0000
0000
0300
0780
0780
0780
0780
0780
0780
0780
0780
0780
0780
0780
0780
0780
0780
0780
0780
0780
0780
0780
0780
0780
0780
0F00
1F00
FE00
FC00
4000
ENDCHAR
STARTCHAR k
ENCODING 107
SWIDTH 508 0
DWIDTH 20 0
BBX 16 28 3 0
BITMAP
E000
F000
F000
F000
F000
F000
F000
F000
F006
F01E
F03E
F07C
F0F8
F1F0
F3E0
F7C0
FF80
FF00
FF00
FF80
F7C0
F3E0
F1F0
F0F8
F03C
F01E
F00F
E007
ENDCHAR
STARTCHAR l
ENCODING 108
SWIDTH 301 0
DWIDTH 12 0
BBX 9 28 3 0
BITMAP
E000
F000
F000
F000
F000
F000
F000
F000
F000
F000
F000
F000
F000
F000
F000
F000
F000
F000
F000
F000
F000
F000
F000
F000
F800
7F80
7F80
1F80
ENDCHAR
STARTCHAR m
ENCODING 109
SWIDTH 861 0
DWIDTH 34 0
BBX 29 20 3 0
BITMAP
61F00F80
E7FC3FC0
FFFEFFE0
FE3EE1F0
F80FC0F0
F00F8070
F00F0070
F00F0078
F00F0078
F00F0078
F00F0078
F00F0078
F00F0078
F00F0078
F00F0078
F00F0078
F00F0078
F00F0078
F00F0078
E0070070
ENDCHAR
STARTCHAR n
ENCODING 110
SWIDTH 572 0
DWIDTH 23 0
BBX 17 20 3 0
BITMAP
40F800
E3FE00
EFFF00
EE1F00
F80780
F00780
F00780
F00780
F00780
F00780
F00780
F00780
F00780
F00780
F00780
F00780
F00780
F00780
F00780
E00380
ENDCHAR
STARTCHAR o
ENCODING 111
SWIDTH 560 0
DWIDTH 22 0
BBX 19 20 2 0
BITMAP
03F000
0FFC00
1FFF00
3E1F80
780780
7803C0
F003C0
F001C0
F001E0
E001E0
E001E0
E001E0
F001C0
F003C0
F003C0
7807C0
7C0F80
3FFF00
1FFE00
07F800
ENDCHAR
STARTCHAR p
ENCODING 112
SWIDTH 587 0
DWIDTH 23 0
BBX 19 27 3 -7
BITMAP
40F800
E3FE00
FFFF00
FE0F80
F80780
F803C0
F003C0
F001C0
F001E0
F001E0
F001E0
F001E0
F001E0
F001C0
F003C0
F803C0
FC0F80
FFFF80
F7FF00
F3FC00
F00000
F00000
F00000
F00000
F00000
F00000
E00000
ENDCHAR
STARTCHAR q
ENCODING 113
SWIDTH 587 0
DWIDTH 23 0
BBX 19 27 2 -7
BITMAP
03E080
0FF9C0
3FFDE0
3E1FE0
7807E0
7803E0
F003E0
F001E0
F001E0
E001E0
E001E0
E001E0
F001E0
F003E0
F003E0
7807E0
7C0FE0
3FFDE0
1FF9E0
0FF1E0
0001E0
0001E0
0001E0
0001E0
0001E0
0001E0
0001C0
ENDCHAR
STARTCHAR r
ENCODING 114
SWIDTH 365 0
DWIDTH 15 0
BBX 11 20 3 0
BITMAP
40E0
E3E0
EFE0
EF00
FC00
F800
F000
F000
F000
F000
F000
F000
F000
F000
F000
F000
F000
F000
F000
E000
ENDCHAR
STARTCHAR s
ENCODING 115
SWIDTH 483 0
DWIDTH 19 0
BBX 16 20 2 0
BITMAP
07E0
1FFC
3FFE
781E
7004
F000
F000
7000
7C00
3FE0
1FF8
03FC
001E
000E
000F
000E
E01E
FE7E
7FFC
1FF0
ENDCHAR
STARTCHAR t
ENCODING 116
SWIDTH 358 0
DWIDTH 14 0
BBX 15 26 0 0
BITMAP
0400
0E00
0F00
0F00
0F00
0F00
0F00
FFFC
FFFC
0F00
0F00
0F00
0F00
0F00
0F00
0F00
0F00
0F00
0F00
0F00
0F00
0F00
0F80
07FC
03FE
01FC
ENDCHAR
STARTCHAR u
ENCODING 117
SWIDTH 565 0
DWIDTH 23 0
BBX 17 20 3 0
BITMAP
400300
E00780
E00780
E00780
E00780
E00780
E00780
E00780
E00780
E00780
E00780
E00780
E00780
F00780
F00F80
F00F80
F81F80
7FFF80
3FF780
1FE700
ENDCHAR
STARTCHAR v
ENCODING 118
SWIDTH 518 0
DWIDTH 21 0
BBX 19 20 1 0
BITMAP
6000C0
F001E0
F001E0
7001C0
7803C0
780380
3C0780
3C0700
1C0F00
1E0F00
0E0E00
0F1E00
0F1C00
073C00
07B800
03B800
03F800
01F000
01F000
00E000
ENDCHAR
STARTCHAR w
ENCODING 119
SWIDTH 844 0
DWIDTH 34 0
BBX 31 20 1 0
BITMAP
60018006
F003C00E
7003C00E
7807E01E
7807E01C
3807E01C
3C0FF03C
3C0E7038
1C0E7078
1E1C7878
0E1C3870
0E3C38F0
0F383CE0
07381CE0
07F81DE0
07F00FC0
03F00FC0
03F00FC0
01E00780
01E00780
ENDCHAR
STARTCHAR x
ENCODING 120
SWIDTH 530 0
DWIDTH 21 0
BBX 17 20 2 0
BITMAP
600300
F00780
780780
7C0F00
3C1E00
1E3C00
0F7C00
07F800
07F000
03E000
03E000
07F000
0FF800
0F7C00
1E3C00
3C1E00
780F00
F80780
F00780
E00380
ENDCHAR
STARTCHAR y
ENCODING 121
SWIDTH 517 0
DWIDTH 21 0
BBX 19 27 1 -7
BITMAP
6000C0
F001E0
F001E0
7003C0
7803C0
780380
3C0780
3C0700
1C0F00
1E0F00
0E0E00
0F1E00
0F1C00
073C00
07B800
03B800
03F800
01F000
01F000
01E000
01E000
01C000
03C000
03C000
078000
078000
070000
ENDCHAR
STARTCHAR z
ENCODING 122
SWIDTH 466 0
DWIDTH 19 0
BBX 16 19 2 0
BITMAP
FFFE
FFFE
001E
003C
0078
0070
00F0
01E0
03C0
0380
0700
0F00
1E00
1C00
3800
7800
FFFE
FFFF
FFFE
ENDCHAR
STARTCHAR braceleft
ENCODING 123
SWIDTH 361 0
DWIDTH 14 0
BBX 12 35 2 -7
BITMAP
07F0
0FF0
0FE0
0F00
0E00
0E00
0E00
0E00
0E00
0E00
0E00
0E00
0E00
0E00
0E00
1E00
FC00
F000
FC00
1E00
0E00
0E00
0E00
0E00
0E00
0E00
0E00
0E00
0E00
0E00
0E00
0F00
0FE0
0FF0
07F0
ENDCHAR
STARTCHAR bar
ENCODING 124
SWIDTH 270 0
DWIDTH 11 0
BBX 3 36 4 -8
BITMAP
E0
E0
E0
E0
E0
E0
E0
E0
E0
E0
E0
E0
E0
E0
E0
E0
E0
E0
E0
E0
E0
E0
E0
E0
E0
E0
E0
E0
E0
E0
E0
E0
E0
E0
E0
40
ENDCHAR
STARTCHAR braceright
ENCODING 125
SWIDTH 361 0
DWIDTH 14 0
BBX 13 35 0 -7
BITMAP
FE00
FF00
7F00
0780
0780
0780
0780
0780
0780
0780
0780
0780
0780
0780
0780
03C0
03F8
00F8
03F8
07C0
0780
0780
0780
0780
0780
0780
0780
0780
0780
0780
0780
0780
7F00
FF00
FE00
ENDCHAR
STARTCHAR asciitilde
ENCODING 126
SWIDTH 600 0
DWIDTH 24 0
BBX 20 5 2 9
BITMAP
1F8020
7FE070
79F9E0
E07FE0
401F80
ENDCHAR
STARTCHAR uni00A0
ENCODING 160
SWIDTH 261 0
DWIDTH 10 0
BBX 1 1 0 0
BITMAP
00
ENDCHAR
STARTCHAR exclamdown
ENCODING 161
SWIDTH 233 0
DWIDTH 9 0
BBX 5 27 2 -7
BITMAP
30
78
F8
F8
70
00
00
00
30
70
70
70
70
70
70
70
70
70
70
70
70
78
78
78
78
78
70
ENDCHAR
STARTCHAR cent
ENCODING 162
SWIDTH 600 0
DWIDTH 24 0
BBX 16 30 4 -5
BITMAP
0080
01C0
01C0
01C0
01C0
01F0
0FFC
1FFF
3F1F
7C03
7800
F000
F000
E000
E000
E000
E000
F000
F000
F000
7800
7C07
3FFF
1FFE
07F8
01C0
01C0
01C0
01C0
00C0
ENDCHAR
STARTCHAR sterling
ENCODING 163
SWIDTH 600 0
DWIDTH 24 0
BBX 21 29 2 0
BITMAP
000800
01FFC0
03FFE0
07FFF8
078078
0F0030
0F0000
0E0000
0E0000
0E0000
0E0000
0E0000
0E0000
0E0000
FFFE00
FFFE00
0E0000
0E0000
0E0000
0E0000
0E0000
0E0000
0E0000
0E0000
0E0000
0E0000
FFFFF0
FFFFF0
FFFFF0
ENDCHAR
STARTCHAR currency
ENCODING 164
SWIDTH 600 0
DWIDTH 24 0
BBX 20 21 2 -1
BITMAP
C0F030
E7FE70
7FFFE0
3F9FC0
3C03C0
7801C0
7801E0
7000E0
F000E0
F000F0
F000F0
F000F0
7000E0
7000E0
7801E0
3C03C0
3E07C0
7FFFE0
F7FEF0
E1F870
C00030
ENDCHAR
STARTCHAR yen
ENCODING 165
SWIDTH 600 0
DWIDTH 24 0
BBX 22 28 1 0
BITMAP
E0001C
F0003C
780078
780078
3C00F0
1E01E0
1F03E0
0F03C0
078780
03CF00
03CF00
01FE00
3FFFF0
3FFFF0
3FFFF0
007800
007800
007800
1FFFE0
3FFFF0
3FFFF0
007800
007800
007800
007800
007800
007800
007800
ENDCHAR
STARTCHAR brokenbar
ENCODING 166
SWIDTH 270 0
DWIDTH 11 0
BBX 3 35 4 -7
BITMAP
E0
E0
E0
E0
E0
E0
E0
E0
E0
E0
E0
E0
E0
00
00
00
00
00
00
00
00
00
E0
E0
E0
E0
E0
E0
E0
E0
E0
E0
E0
E0
E0
ENDCHAR
STARTCHAR section
ENCODING 167
SWIDTH 551 0
DWIDTH 22 0
BBX 18 37 2 -8
BITMAP
006000
07FE00
0FFF80
1F0FC0
3C0180
380000
780000
780000
780000
780000
3C0000
7F0000
7FC000
E7F000
E3FC00
E0FF00
E01F80
E00F80
F003C0
7C01C0
7E01C0
1FC1C0
0FF1C0
03F9C0
00FF80
003F80
000F00
000780
000780
000780
000780
000700
600F00
FC3E00
7FFE00
3FF800
008000
ENDCHAR
STARTCHAR dieresis
ENCODING 168
SWIDTH 478 0
DWIDTH 19 0
BBX 11 4 4 24
BITMAP
F0E0
F1E0
F1E0
60C0
ENDCHAR
STARTCHAR copyright
ENCODING 169
SWIDTH 815 0
DWIDTH 33 0
BBX 29 29 2 0
BITMAP
00030000
007FF000
01F07C00
07800E00
0E000380
1C000180
380700C0
303FE060
607FF860
60F03830
E1E00030
C1C00030
C1C00018
C1C00018
C3C00018
C3C00018
C1C00018
C1C00018
C1E00030
60E00030
60F87830
707FF060
303FE0E0
180300C0
1C000180
0E000700
07801E00
01FFFC00
007FE000
ENDCHAR
STARTCHAR ordfeminine
ENCODING 170
SWIDTH 330 0
DWIDTH 13 0
BBX 11 13 1 16
BITMAP
0C00
7F80
7BC0
00E0
00E0
00E0
7FE0
E0E0
E0E0
E0E0
F3E0
7EE0
0C40
ENDCHAR
STARTCHAR guillemotleft
ENCODING 171
SWIDTH 453 0
DWIDTH 18 0
BBX 14 15 2 3
BITMAP
0C08
1C1C
1C3C
3C38
3878
7870
F0F0
F0E0
70F0
7870
3878
3C38
1C3C
0C1C
0408
ENDCHAR
STARTCHAR logicalnot
ENCODING 172
SWIDTH 600 0
DWIDTH 24 0
BBX 20 11 2 6
BITMAP
FFFFE0
FFFFF0
7FFFF0
000070
000070
000070
000070
000070
000070
000070
000070
ENDCHAR
STARTCHAR uni00AD
ENCODING 173
SWIDTH 427 0
DWIDTH 17 0
BBX 12 3 3 9
BITMAP
FFE0
FFF0
FFE0
ENDCHAR
STARTCHAR registered
ENCODING 174
SWIDTH 815 0
DWIDTH 33 0
BBX 29 29 2 0
BITMAP
00030000
007FF000
01F07C00
07800E00
0E000380
1C000180
383F80C0
307FE060
60FFF060
60E03830
E0E03830
C0E03830
C0E03818
C0E03818
C0FFF018
C0FFE018
C0FFC018
C0E0E018
C0E07030
60E07030
60E07030
70E03860
30E038E0
184010C0
1C000180
0E000700
07801E00
01FFFC00
007FE000
ENDCHAR
STARTCHAR macron
ENCODING 175
SWIDTH 507 0
DWIDTH 20 0
BBX 12 2 4 25
BITMAP
FFF0
FFF0
ENDCHAR
STARTCHAR degree
ENCODING 176
SWIDTH 373 0
DWIDTH 15 0
BBX 12 12 1 17
BITMAP
0200
1FC0
3FE0
7070
6070
E030
E030
6030
7070
78F0
3FE0
1FC0
ENDCHAR
STARTCHAR plusminus
ENCODING 177
SWIDTH 600 0
DWIDTH 24 0
BBX 20 21 2 0
BITMAP
006000
006000
006000
006000
006000
006000
7FFFE0
FFFFF0
FFFFF0
006000
006000
006000
006000
006000
006000
006000
000000
000000
7FFFE0
FFFFF0
FFFFF0
ENDCHAR
STARTCHAR uni00B2
ENCODING 178
SWIDTH 380 0
DWIDTH 15 0
BBX 12 17 2 11
BITMAP
3F00
FFC0
FFC0
C1E0
01E0
01E0
01C0
01C0
0380
0780
0F00
1E00
3C00
7800
FFE0
FFF0
FFE0
ENDCHAR
STARTCHAR uni00B3
ENCODING 179
SWIDTH 380 0
DWIDTH 15 0
BBX 12 17 1 11
BITMAP
1F80
7FE0
7FE0
60F0
0070
0070
00E0
1FC0
1FC0
1FE0
0070
0070
0070
4070
F9F0
7FE0
1FC0
ENDCHAR
STARTCHAR acute
ENCODING 180
SWIDTH 361 0
DWIDTH 14 0
BBX 6 9 4 22
BITMAP
08
1C
1C
3C
38
70
70
E0
C0
ENDCHAR
STARTCHAR uni00B5
ENCODING 181
SWIDTH 600 0
DWIDTH 24 0
BBX 16 27 4 -7
BITMAP
6002
E007
E007
E007
E007
E007
E007
E007
E007
E007
E007
E007
E007
E007
E00F
F01F
F83F
FFF7
FFF7
EFE7
E000
E000
E000
E000
E000
E000
E000
ENDCHAR
STARTCHAR paragraph
ENCODING 182
SWIDTH 596 0
DWIDTH 24 0
BBX 18 35 2 -7
BITMAP
0FFFC0
1FFFC0
7FFFC0
7FE0C0
FFE0C0
FFE0C0
FFE0C0
FFE0C0
FFE0C0
FFE0C0
FFE0C0
FFE0C0
7FE0C0
3FE0C0
1FE0C0
07E0C0
00E0C0
00E0C0
00E0C0
00E0C0
00E0C0
00E0C0
00E0C0
00E0C0
00E0C0
00E0C0
00E0C0
00E0C0
00E0C0
00E0C0
00E0C0
00E0C0
00E0C0
00E0C0
00E0C0
ENDCHAR
STARTCHAR periodcentered
ENCODING 183
SWIDTH 233 0
DWIDTH 9 0
BBX 5 5 2 8
BITMAP
70
F8
F8
78
30
ENDCHAR
STARTCHAR cedilla
ENCODING 184
SWIDTH 407 0
DWIDTH 16 0
BBX 8 9 4 -8
BITMAP
38
30
30
3E
07
03
C7
FE
7C
ENDCHAR
STARTCHAR uni00B9
ENCODING 185
SWIDTH 380 0
DWIDTH 15 0
BBX 10 17 3 11
BITMAP
0E00
3E00
7E00
FE00
EE00
0E00
0E00
0E00
0E00
0E00
0E00
0E00
0E00
0E00
7F80
FFC0
FFC0
ENDCHAR
STARTCHAR ordmasculine
ENCODING 186
SWIDTH 342 0
DWIDTH 14 0
BBX 12 13 1 16
BITMAP
0400
3F80
7BC0
60E0
E070
E070
C070
C070
E070
60E0
7FC0
3F80
0400
ENDCHAR
STARTCHAR guillemotright
ENCODING 187
SWIDTH 453 0
DWIDTH 18 0
BBX 14 15 2 3
BITMAP
60C0
E0E0
F0E0
70F0
7878
3C78
3C3C
1C3C
3C3C
3C78
7870
70F0
F0E0
E0E0
4040
ENDCHAR
STARTCHAR onequarter
ENCODING 188
SWIDTH 898 0
DWIDTH 36 0
BBX 32 30 3 -1
BITMAP
00000180
0E000380
3E000780
7E000700
FE000F00
EE000E00
0E001C00
0E001C00
0E003800
0E007800
0E007000
0E00F000
0E00E018
0E01C03C
0E01C07C
7F83807C
FFC780FC
FFC701DC
000F019C
000E039C
001C071C
001C0E1C
00380E1C
00781FFF
00701FFF
00E00FFF
00E0001C
01C0001C
01C00018
00800000
ENDCHAR
STARTCHAR onehalf
ENCODING 189
SWIDTH 942 0
DWIDTH 38 0
BBX 33 30 3 -1
BITMAP
0000018000
0E00038000
3E00078000
7E00070000
FE000F0000
EE000E0000
0E001C0000
0E001C0000
0E00380000
0E00780000
0E00700000
0E00F00000
0E00E0FC00
0E01C3FE00
0E01C7FF00
7F83860700
FFC7800700
FFC7000700
000F000700
000E000E00
001C001E00
001C001C00
0038003800
0078007000
007000E000
00E001C000
00E003FF00
01C007FF80
01C003FF80
0080000000
ENDCHAR
STARTCHAR threequarters
ENCODING 190
SWIDTH 898 0
DWIDTH 36 0
BBX 34 30 1 -1
BITMAP
0000006000
1F8000E000
7FE001E000
7FE001C000
60F003C000
0070038000
0070070000
00E0070000
1FC00E0000
1FC01E0000
1FE01C0000
00703C0000
0070380600
0070700F00
4070701F00
F9F0E01F00
7FE1E03F00
1FC1C07700
0003C06700
000380E700
000701C700
0007038700
000E038700
001E07FFC0
001C07FFC0
003803FFC0
0038000700
0070000700
0070000600
0020000000
ENDCHAR
STARTCHAR questiondown
ENCODING 191
SWIDTH 447 0
DWIDTH 18 0
BBX 17 28 1 -8
BITMAP
008000
03E000
03E000
03E000
01C000
000000
000000
000000
018000
01C000
01C000
038000
038000
070000
0F0000
1E0000
3C0000
780000
700000
F00000
F00000
F00000
F00300
F80F80
7FFF00
3FFE00
1FF800
018000
ENDCHAR
STARTCHAR Agrave
ENCODING 192
SWIDTH 733 0
DWIDTH 29 0
BBX 27 38 1 0
BITMAP
00C00000
00E00000
00F00000
00700000
00380000
001C0000
000C0000
00040000
00000000
00000000
000E0000
001F0000
001F0000
003F8000
003B8000
003BC000
0079C000
0071E000
00F0E000
00E0F000
01E0F000
01C07000
03C07800
03C03800
03803C00
07801C00
07001E00
0F001E00
0FFFFF00
1FFFFF00
1FFFFF00
1C000780
3C000380
380003C0
780003C0
700001E0
F00001E0
E00000E0
ENDCHAR
STARTCHAR Aacute
ENCODING 193
SWIDTH 733 0
DWIDTH 29 0
BBX 27 38 1 0
BITMAP
00006000
0000F000
0000E000
0001C000
0003C000
00038000
00070000
00020000
00000000
00000000
000E0000
001F0000
001F0000
003F8000
003B8000
003BC000
0079C000
0071E000
00F0E000
00E0F000
01E0F000
01C07000
03C07800
03C03800
03803C00
07801C00
07001E00
0F001E00
0FFFFF00
1FFFFF00
1FFFFF00
1C000780
3C000380
380003C0
780003C0
700001E0
F00001E0
E00000E0
ENDCHAR
STARTCHAR Acircumflex
ENCODING 194
SWIDTH 733 0
DWIDTH 29 0
BBX 27 38 1 0
BITMAP
000E0000
001F0000
001F8000
003B8000
0071C000
00E0E000
00E07000
00C02000
00000000
00000000
000E0000
001F0000
001F0000
003F8000
003B8000
003BC000
0079C000
0071E000
00F0E000
00E0F000
01E0F000
01C07000
03C07800
03C03800
03803C00
07801C00
07001E00
0F001E00
0FFFFF00
1FFFFF00
1FFFFF00
1C000780
3C000380
380003C0
780003C0
700001E0
F00001E0
E00000E0
ENDCHAR
STARTCHAR Atilde
ENCODING 195
SWIDTH 733 0
DWIDTH 29 0
BBX 27 37 1 0
BITMAP
00F00C00
01FC0C00
03FE1C00
030FF800
0703F000
0600C000
00000000
00000000
00000000
000E0000
001F0000
001F0000
003F8000
003B8000
003BC000
0079C000
0071E000
00F0E000
00E0F000
01E0F000
01C07000
03C07800
03C03800
03803C00
07801C00
07001E00
0F001E00
0FFFFF00
1FFFFF00
1FFFFF00
1C000780
3C000380
380003C0
780003C0
700001E0
F00001E0
E00000E0
ENDCHAR
STARTCHAR Adieresis
ENCODING 196
SWIDTH 733 0
DWIDTH 29 0
BBX 27 36 1 0
BITMAP
0070E000
00F1E000
00F1E000
0070E000
00000000
00000000
00000000
00000000
000E0000
001F0000
001F0000
003F8000
003B8000
003BC000
0079C000
0071E000
00F0E000
00E0F000
01E0F000
01C07000
03C07800
03C03800
03803C00
07801C00
07001E00
0F001E00
0FFFFF00
1FFFFF00
1FFFFF00
1C000780
3C000380
380003C0
780003C0
700001E0
F00001E0
E00000E0
ENDCHAR
STARTCHAR Aring
ENCODING 197
SWIDTH 733 0
DWIDTH 29 0
BBX 27 40 1 0
BITMAP
000E0000
003F8000
0031C000
0060C000
0060C000
0060C000
0060C000
0031C000
003F8000
000E0000
00000000
00000000
000E0000
001F0000
001F0000
003F8000
003B8000
003BC000
0079C000
0071E000
00F0E000
00E0F000
01E0F000
01C07000
03C07800
03C03800
03803C00
07801C00
07001E00
0F001E00
0FFFFF00
1FFFFF00
1FFFFF00
1C000780
3C000380
380003C0
780003C0
700001E0
F00001E0
E00000E0
ENDCHAR
STARTCHAR AE
ENCODING 198
SWIDTH 984 0
DWIDTH 39 0
BBX 38 28 0 0
BITMAP
0000FFFFF8
0001FFFFFC
0001FFFFF8
0003F80000
0003F80000
0007B80000
000F380000
000E380000
001E3C0000
003C1C0000
003C1C0000
00781C0000
00701FFFF0
00F01FFFF8
01E00FFFF8
01E00E0000
03C00E0000
03800F0000
07FFFF0000
0FFFFF0000
0FFFFF0000
1E00070000
1C00078000
3C00038000
7800038000
780003FFF8
F00003FFFC
E00001FFF8
ENDCHAR
STARTCHAR Ccedilla
ENCODING 199
SWIDTH 675 0
DWIDTH 27 0
BBX 23 37 2 -8
BITMAP
000E00
00FFF0
03FFF8
07FFFE
0FC03E
1F000E
3E0000
3C0000
7C0000
780000
780000
780000
F00000
F00000
F00000
F00000
F00000
F00000
780000
780000
780000
7C0000
3C0000
3E0004
1F000E
0FE07E
07FFFE
03FFF8
00FFE0
000C00
000C00
000F80
0001C0
0000C0
0033C0
003F80
000E00
ENDCHAR
STARTCHAR Egrave
ENCODING 200
SWIDTH 586 0
DWIDTH 23 0
BBX 19 38 3 0
BITMAP
060000
0E0000
0F0000
078000
038000
01C000
00E000
004000
000000
000000
7FFFE0
FFFFE0
FFFFC0
F00000
F00000
F00000
F00000
F00000
F00000
F00000
F00000
F00000
FFFF80
FFFFC0
FFFFC0
F00000
F00000
F00000
F00000
F00000
F00000
F00000
F00000
F00000
F00000
FFFFC0
FFFFE0
7FFFC0
ENDCHAR
STARTCHAR Eacute
ENCODING 201
SWIDTH 586 0
DWIDTH 23 0
BBX 19 38 3 0
BITMAP
000600
000700
000F00
001E00
001C00
003800
007000
002000
000000
000000
7FFFE0
FFFFE0
FFFFC0
F00000
F00000
F00000
F00000
F00000
F00000
F00000
F00000
F00000
FFFF80
FFFFC0
FFFFC0
F00000
F00000
F00000
F00000
F00000
F00000
F00000
F00000
F00000
F00000
FFFFC0
FFFFE0
7FFFC0
ENDCHAR
STARTCHAR Ecircumflex
ENCODING 202
SWIDTH 586 0
DWIDTH 23 0
BBX 19 38 3 0
BITMAP
006000
00F000
01F800
039C00
079E00
070E00
0E0700
040200
000000
000000
7FFFE0
FFFFE0
FFFFC0
F00000
F00000
F00000
F00000
F00000
F00000
F00000
F00000
F00000
FFFF80
FFFFC0
FFFFC0
F00000
F00000
F00000
F00000
F00000
F00000
F00000
F00000
F00000
F00000
FFFFC0
FFFFE0
7FFFC0
ENDCHAR
STARTCHAR Edieresis
ENCODING 203
SWIDTH 586 0
DWIDTH 23 0
BBX 19 36 3 0
BITMAP
070E00
0F0E00
0F0F00
070E00
000000
000000
000000
000000
7FFFE0
FFFFE0
FFFFC0
F00000
F00000
F00000
F00000
F00000
F00000
F00000
F00000
F00000
FFFF80
FFFFC0
FFFFC0
F00000
F00000
F00000
F00000
F00000
F00000
F00000
F00000
F00000
F00000
FFFFC0
FFFFE0
7FFFC0
ENDCHAR
STARTCHAR Igrave
ENCODING 204
SWIDTH 262 0
DWIDTH 10 0
BBX 8 38 -1 0
BITMAP
60
F0
70
38
3C
1C
0E
04
00
00
07
0F
0F
0F
0F
0F
0F
0F
0F
0F
0F
0F
0F
0F
0F
0F
0F
0F
0F
0F
0F
0F
0F
0F
0F
0F
0F
07
ENDCHAR
STARTCHAR Iacute
ENCODING 205
SWIDTH 262 0
DWIDTH 10 0
BBX 8 38 3 0
BITMAP
03
07
0F
0E
1C
38
30
20
00
00
70
F0
F0
F0
F0
F0
F0
F0
F0
F0
F0
F0
F0
F0
F0
F0
F0
F0
F0
F0
F0
F0
F0
F0
F0
F0
F0
70
ENDCHAR
STARTCHAR Icircumflex
ENCODING 206
SWIDTH 262 0
DWIDTH 10 0
BBX 12 38 -1 0
BITMAP
0700
0F80
1F80
3DC0
38E0
7060
E070
4030
0000
0000
0700
0F00
0F00
0F00
0F00
0F00
0F00
0F00
0F00
0F00
0F00
0F00
0F00
0F00
0F00
0F00
0F00
0F00
0F00
0F00
0F00
0F00
0F00
0F00
0F00
0F00
0F00
0700
ENDCHAR
STARTCHAR Idieresis
ENCODING 207
SWIDTH 262 0
DWIDTH 10 0
BBX 11 36 0 0
BITMAP
E1C0
F1E0
F1E0
E1C0
0000
0000
0000
0000
0E00
1E00
1E00
1E00
1E00
1E00
1E00
1E00
1E00
1E00
1E00
1E00
1E00
1E00
1E00
1E00
1E00
1E00
1E00
1E00
1E00
1E00
1E00
1E00
1E00
1E00
1E00
0E00
ENDCHAR
STARTCHAR Eth
ENCODING 208
SWIDTH 747 0
DWIDTH 30 0
BBX 28 28 0 0
BITMAP
0FFFE000
1FFFF800
1FFFFE00
1E007F00
1E001F80
1E000780
1E0003C0
1E0003C0
1E0001E0
1E0001E0
1E0001E0
1E0001E0
FFFC00E0
FFFE00F0
FFFE00F0
1E0000E0
1E0001E0
1E0001E0
1E0001E0
1E0001E0
1E0003C0
1E0007C0
1E000780
1E001F80
1E00FF00
1FFFFC00
1FFFF800
0FFFC000
ENDCHAR
STARTCHAR Ntilde
ENCODING 209
SWIDTH 741 0
DWIDTH 30 0
BBX 23 37 3 0
BITMAP
01C030
07F030
0FFC70
0C3FE0
1C0FE0
080100
000000
000000
000000
70000E
F8000E
F8000E
FC000E
FE000E
FF000E
FF000E
F7800E
F3C00E
F1E00E
F1E00E
F0F00E
F0780E
F03C0E
F03C0E
F01E0E
F00F0E
F0078E
F0078E
F003CE
F001EE
F000FE
F000FE
F0007E
F0003E
F0001E
F0001E
70000E
ENDCHAR
STARTCHAR Ograve
ENCODING 210
SWIDTH 771 0
DWIDTH 31 0
BBX 26 38 2 0
BITMAP
00C00000
01E00000
00E00000
00700000
00380000
00380000
001C0000
00080000
00000000
00040000
00FFE000
03FFF800
07FFFC00
0FC07E00
1F001F00
3E000F00
3C000780
78000780
780003C0
780003C0
780003C0
F00003C0
F00001C0
F00001C0
F00001C0
F00001C0
F00003C0
780003C0
780003C0
780003C0
7C000780
3C000780
3E000F00
1F001F00
0FC07E00
07FFFC00
03FFF000
00FFC000
ENDCHAR
STARTCHAR Oacute
ENCODING 211
SWIDTH 771 0
DWIDTH 31 0
BBX 26 38 2 0
BITMAP
00006000
0000E000
0001E000
0001C000
00038000
00070000
00070000
00040000
00000000
00040000
00FFE000
03FFF800
07FFFC00
0FC07E00
1F001F00
3E000F00
3C000780
78000780
780003C0
780003C0
780003C0
F00003C0
F00001C0
F00001C0
F00001C0
F00001C0
F00003C0
780003C0
780003C0
780003C0
7C000780
3C000780
3E000F00
1F001F00
0FC07E00
07FFFC00
03FFF000
00FFC000
ENDCHAR
STARTCHAR Ocircumflex
ENCODING 212
SWIDTH 771 0
DWIDTH 31 0
BBX 26 38 2 0
BITMAP
000E0000
001F0000
003F8000
003B8000
0071C000
00E0E000
00C06000
00806000
00000000
00040000
00FFE000
03FFF800
07FFFC00
0FC07E00
1F001F00
3E000F00
3C000780
78000780
780003C0
780003C0
780003C0
F00003C0
F00001C0
F00001C0
F00001C0
F00001C0
F00003C0
780003C0
780003C0
780003C0
7C000780
3C000780
3E000F00
1F001F00
0FC07E00
07FFFC00
03FFF000
00FFC000
ENDCHAR
STARTCHAR Otilde
ENCODING 213
SWIDTH 771 0
DWIDTH 31 0
BBX 26 37 2 0
BITMAP
00E00C00
01FC1C00
03FE1800
070FF800
0603F000
0600C000
00000000
00000000
00040000
00FFE000
03FFF800
07FFFC00
0FC07E00
1F001F00
3E000F00
3C000780
78000780
780003C0
780003C0
780003C0
F00003C0
F00001C0
F00001C0
F00001C0
F00001C0
F00003C0
780003C0
780003C0
780003C0
7C000780
3C000780
3E000F00
1F001F00
0FC07E00
07FFFC00
03FFF000
00FFC000
ENDCHAR
STARTCHAR Odieresis
ENCODING 214
SWIDTH 771 0
DWIDTH 31 0
BBX 26 36 2 0
BITMAP
0060C000
00F1E000
00F1E000
00E1E000
00000000
00000000
00000000
00040000
00FFE000
03FFF800
07FFFC00
0FC07E00
1F001F00
3E000F00
3C000780
78000780
780003C0
780003C0
780003C0
F00003C0
F00001C0
F00001C0
F00001C0
F00001C0
F00003C0
780003C0
780003C0
780003C0
7C000780
3C000780
3E000F00
1F001F00
0FC07E00
07FFFC00
03FFF000
00FFC000
ENDCHAR
STARTCHAR multiply
ENCODING 215
SWIDTH 600 0
DWIDTH 24 0
BBX 18 19 3 2
BITMAP
400000
E001C0
F003C0
780780
3C0F00
1E1E00
0F3C00
07F800
03F000
01E000
03F000
07F800
0F3C00
1E1E00
3C0F00
780780
F003C0
E001C0
400080
ENDCHAR
STARTCHAR Oslash
ENCODING 216
SWIDTH 771 0
DWIDTH 31 0
BBX 26 32 2 -2
BITMAP
00000600
00040E00
00FFEE00
03FFFC00
07FFFC00
0FC07E00
1F007F00
3E007F00
3C00E780
7801E780
7801C3C0
7803C3C0
780383C0
F00703C0
F00701C0
F00E01C0
F01E01C0
F01C01C0
F03C03C0
783803C0
787003C0
78F003C0
7CE00780
3DE00780
3FC00F00
1F801F00
0FC07E00
07FFFC00
0FFFF000
0EFFC000
0E000000
0C000000
ENDCHAR
STARTCHAR Ugrave
ENCODING 217
SWIDTH 731 0
DWIDTH 29 0
BBX 23 38 3 0
BITMAP
030000
038000
03C000
01C000
00E000
007000
003000
001000
000000
000000
F0001E
F0001E
F0001E
F0001E
F0001E
F0001E
F0001E
F0001E
F0001E
F0001E
F0001E
F0001E
F0001E
F0001E
F0001E
F0001E
F0001E
F0001E
F0001E
F0001E
70001E
78003C
78003C
3C007C
3F01F8
1FFFF0
0FFFE0
03FF80
ENDCHAR
STARTCHAR Uacute
ENCODING 218
SWIDTH 731 0
DWIDTH 29 0
BBX 23 38 3 0
BITMAP
000180
0003C0
000380
000700
000F00
000E00
001C00
000800
000000
000000
F0001E
F0001E
F0001E
F0001E
F0001E
F0001E
F0001E
F0001E
F0001E
F0001E
F0001E
F0001E
F0001E
F0001E
F0001E
F0001E
F0001E
F0001E
F0001E
F0001E
70001E
78003C
78003C
3C007C
3F01F8
1FFFF0
0FFFE0
03FF80
ENDCHAR
STARTCHAR Ucircumflex
ENCODING 219
SWIDTH 731 0
DWIDTH 29 0
BBX 23 38 3 0
BITMAP
003800
007C00
007E00
00EE00
01C700
038380
0381C0
030080
000000
000000
F0001E
F0001E
F0001E
F0001E
F0001E
F0001E
F0001E
F0001E
F0001E
F0001E
F0001E
F0001E
F0001E
F0001E
F0001E
F0001E
F0001E
F0001E
F0001E
F0001E
70001E
78003C
78003C
3C007C
3F01F8
1FFFF0
0FFFE0
03FF80
ENDCHAR
STARTCHAR Udieresis
ENCODING 220
SWIDTH 731 0
DWIDTH 29 0
BBX 23 36 3 0
BITMAP
018380
03C780
03C780
01C380
000000
000000
000000
000000
F0001E
F0001E
F0001E
F0001E
F0001E
F0001E
F0001E
F0001E
F0001E
F0001E
F0001E
F0001E
F0001E
F0001E
F0001E
F0001E
F0001E
F0001E
F0001E
F0001E
70001E
78003C
78003C
3C007C
3F01F8
1FFFF0
0FFFE0
03FF80
ENDCHAR
STARTCHAR Yacute
ENCODING 221
SWIDTH 601 0
DWIDTH 24 0
BBX 22 38 1 0
BITMAP
000300
000380
000780
000F00
000E00
001C00
003800
001000
000000
000000
E0001C
F0003C
F8003C
780078
3C00F0
3E01F0
1F01E0
0F03C0
078780
07CF80
03CF00
01FE00
00FE00
00FC00
007800
007800
007800
007800
007800
007800
007800
007800
007800
007800
007800
007800
007800
007800
ENDCHAR
STARTCHAR Thorn
ENCODING 222
SWIDTH 639 0
DWIDTH 26 0
BBX 21 28 3 0
BITMAP
700000
F00000
F00000
F00000
F00000
FFFF00
FFFFC0
FFFFE0
F001F0
F000F8
F00078
F00078
F00038
F00038
F00038
F00078
F00078
F000F0
F003F0
FFFFE0
FFFFC0
FFFE00
F00000
F00000
F00000
F00000
F00000
700000
ENDCHAR
STARTCHAR germandbls
ENCODING 223
SWIDTH 624 0
DWIDTH 25 0
BBX 21 29 3 0
BITMAP
00E000
0FFC00
1FFE00
3F1F00
780F00
780700
F00700
F00F00
F00E00
F01E00
F03C00
F07800
F0F000
F0E000
F0E000
F0E000
F0F000
F0FE00
F07F80
F01FE0
F003F0
F000F8
F00078
F00078
F00078
F38070
F3FBF0
F1FFE0
E07FC0
ENDCHAR
STARTCHAR agrave
ENCODING 224
SWIDTH 533 0
DWIDTH 21 0
BBX 17 31 2 0
BITMAP
0C0000
1C0000
1E0000
0E0000
070000
070000
038000
018000
01C000
000000
000000
03F000
1FFC00
7FFE00
7C1F00
200F00
000700
000700
000780
000780
0FFF80
3FFF80
7C0780
F00780
F00780
F00780
F00F80
F81F80
7C7F80
3FF780
1FE700
ENDCHAR
STARTCHAR aacute
ENCODING 225
SWIDTH 533 0
DWIDTH 21 0
BBX 17 31 2 0
BITMAP
000C00
001E00
001C00
003C00
003800
007000
007000
00E000
00E000
000000
000000
03F000
1FFC00
7FFE00
7C1F00
200F00
000700
000700
000780
000780
0FFF80
3FFF80
7C0780
F00780
F00780
F00780
F00F80
F81F80
7C7F80
3FF780
1FE700
ENDCHAR
STARTCHAR acircumflex
ENCODING 226
SWIDTH 533 0
DWIDTH 21 0
BBX 17 31 2 0
BITMAP
00C000
01E000
03F000
03F000
073800
063800
0E1C00
0C0C00
1C0C00
000000
000000
03F000
1FFC00
7FFE00
7C1F00
200F00
000700
000700
000780
000780
0FFF80
3FFF80
7C0780
F00780
F00780
F00780
F00F80
F81F80
7C7F80
3FF780
1FE700
ENDCHAR
STARTCHAR atilde
ENCODING 227
SWIDTH 533 0
DWIDTH 21 0
BBX 17 29 2 0
BITMAP
0F0300
1F8300
3FE700
30FE00
303C00
200000
000000
000000
000000
03F000
1FFC00
7FFE00
7C1F00
200F00
000700
000700
000780
000780
0FFF80
3FFF80
7C0780
F00780
F00780
F00780
F00F80
F81F80
7C7F80
3FF780
1FE700
ENDCHAR
STARTCHAR adieresis
ENCODING 228
SWIDTH 533 0
DWIDTH 21 0
BBX 17 28 2 0
BITMAP
0E1C00
1E3C00
1E1C00
0E1C00
000000
000000
000000
000000
03F000
1FFC00
7FFE00
7C1F00
200F00
000700
000700
000780
000780
0FFF80
3FFF80
7C0780
F00780
F00780
F00780
F00F80
F81F80
7C7F80
3FF780
1FE700
ENDCHAR
STARTCHAR aring
ENCODING 229
SWIDTH 533 0
DWIDTH 21 0
BBX 17 31 2 0
BITMAP
03F000
07F800
061800
0C0C00
0C0C00
0C0C00
061800
07F800
03E000
000000
000000
03F000
1FFC00
7FFE00
7C1F00
200F00
000700
000700
000780
000780
0FFF80
3FFF80
7C0780
F00780
F00780
F00780
F00F80
F81F80
7C7F80
3FF780
1FE700
ENDCHAR
STARTCHAR ae
ENCODING 230
SWIDTH 862 0
DWIDTH 34 0
BBX 31 20 2 0
BITMAP
03F00F80
1FFC3FE0
7FFEFFF0
7C1EF078
200FC03C
0007C01C
0007801E
0007800E
0007800E
0FFFFFFE
3FFFFFFE
7C078000
F0078000
F0078000
F007C000
F00FC000
F81DE01E
7C7CFFFE
3FF87FFC
1FE01FF0
ENDCHAR
STARTCHAR ccedilla
ENCODING 231
SWIDTH 465 0
DWIDTH 19 0
BBX 16 28 2 -8
BITMAP
03F0
0FFC
1FFF
3E0F
7C02
7800
F000
F000
F000
F000
E000
F000
F000
F000
F000
7800
7C07
3FFF
1FFE
07F8
00C0
00C0
01F8
001C
001C
023C
03F8
01E0
ENDCHAR
STARTCHAR egrave
ENCODING 232
SWIDTH 534 0
DWIDTH 21 0
BBX 18 31 2 0
BITMAP
0C0000
0E0000
0E0000
0F0000
070000
038000
038000
01C000
00C000
000000
000000
01F000
0FFC00
1FFE00
3C0F00
780780
700380
F00380
F001C0
E001C0
FFFFC0
FFFFC0
E00000
E00000
F00000
F00000
780000
7C0380
3FFF80
1FFF00
07FC00
ENDCHAR
STARTCHAR eacute
ENCODING 233
SWIDTH 534 0
DWIDTH 21 0
BBX 18 31 2 0
BITMAP
000C00
000E00
001E00
001C00
003800
003800
007000
006000
00E000
000000
000000
01F000
0FFC00
1FFE00
3C0F00
780780
700380
F00380
F001C0
E001C0
FFFFC0
FFFFC0
E00000
E00000
F00000
F00000
780000
7C0380
3FFF80
1FFF00
07FC00
ENDCHAR
STARTCHAR ecircumflex
ENCODING 234
SWIDTH 534 0
DWIDTH 21 0
BBX 18 31 2 0
BITMAP
004000
01E000
01F000
03F000
033800
071800
0E1C00
0E0E00
0C0600
000000
000000
01F000
0FFC00
1FFE00
3C0F00
780780
700380
F00380
F001C0
E001C0
FFFFC0
FFFFC0
E00000
E00000
F00000
F00000
780000
7C0380
3FFF80
1FFF00
07FC00
ENDCHAR
STARTCHAR edieresis
ENCODING 235
SWIDTH 534 0
DWIDTH 21 0
BBX 18 28 2 0
BITMAP
0E1C00
0F1E00
0F1E00
0E0C00
000000
000000
000000
000000
01F000
0FFC00
1FFE00
3C0F00
780780
700380
F00380
F001C0
E001C0
FFFFC0
FFFFC0
E00000
E00000
F00000
F00000
780000
7C0380
3FFF80
1FFF00
07FC00
ENDCHAR
STARTCHAR igrave
ENCODING 236
SWIDTH 237 0
DWIDTH 9 0
BBX 8 31 -1 0
BITMAP
40
E0
F0
70
38
38
1C
0C
0C
00
00
06
0E
0F
0F
0F
0F
0F
0F
0F
0F
0F
0F
0F
0F
0F
0F
0F
0F
0F
0E
ENDCHAR
STARTCHAR iacute
ENCODING 237
SWIDTH 237 0
DWIDTH 9 0
BBX 7 31 3 0
BITMAP
04
0E
0E
1E
1C
38
38
70
60
00
00
60
E0
F0
F0
F0
F0
F0
F0
F0
F0
F0
F0
F0
F0
F0
F0
F0
F0
F0
E0
ENDCHAR
STARTCHAR icircumflex
ENCODING 238
SWIDTH 237 0
DWIDTH 9 0
BBX 11 31 -1 0
BITMAP
0400
0F00
1F00
1F80
3980
71C0
70C0
E0E0
C060
0000
0000
0600
0E00
0F00
0F00
0F00
0F00
0F00
0F00
0F00
0F00
0F00
0F00
0F00
0F00
0F00
0F00
0F00
0F00
0F00
0E00
ENDCHAR
STARTCHAR idieresis
ENCODING 239
SWIDTH 237 0
DWIDTH 9 0
BBX 11 28 -1 0
BITMAP
70E0
F1E0
F1E0
70E0
0000
0000
0000
0000
0600
0E00
0F00
0F00
0F00
0F00
0F00
0F00
0F00
0F00
0F00
0F00
0F00
0F00
0F00
0F00
0F00
0F00
0F00
0E00
ENDCHAR
STARTCHAR eth
ENCODING 240
SWIDTH 565 0
DWIDTH 23 0
BBX 19 28 2 0
BITMAP
1F0380
0FDF80
07FE00
01F800
0FFC00
1F1E00
3C0F00
000700
000780
000380
07F3C0
1FFDC0
3FFFC0
7C0FE0
7807E0
F003E0
F001E0
F001E0
E001E0
E001E0
F001C0
F001C0
F003C0
780380
7C0780
3FFF00
1FFE00
07F800
ENDCHAR
STARTCHAR ntilde
ENCODING 241
SWIDTH 572 0
DWIDTH 23 0
BBX 17 29 3 0
BITMAP
1F0300
3F8700
3BCE00
70FE00
607C00
200000
000000
000000
000000
40F800
E3FE00
EFFF00
EE1F00
F80780
F00780
F00780
F00780
F00780
F00780
F00780
F00780
F00780
F00780
F00780
F00780
F00780
F00780
F00780
E00380
ENDCHAR
STARTCHAR ograve
ENCODING 242
SWIDTH 560 0
DWIDTH 22 0
BBX 19 31 2 0
BITMAP
0C0000
1E0000
0E0000
0F0000
070000
038000
038000
01C000
00C000
000000
000000
03F000
0FFC00
1FFF00
3E1F80
780780
7803C0
F003C0
F001C0
F001E0
E001E0
E001E0
E001E0
F001C0
F003C0
F003C0
7807C0
7C0F80
3FFF00
1FFE00
07F800
ENDCHAR
STARTCHAR oacute
ENCODING 243
SWIDTH 560 0
DWIDTH 22 0
BBX 19 31 2 0
BITMAP
000C00
000E00
001E00
001C00
003800
003800
007000
006000
00E000
000000
000000
03F000
0FFC00
1FFF00
3E1F80
780780
7803C0
F003C0
F001C0
F001E0
E001E0
E001E0
E001E0
F001C0
F003C0
F003C0
7807C0
7C0F80
3FFF00
1FFE00
07F800
ENDCHAR
STARTCHAR ocircumflex
ENCODING 244
SWIDTH 560 0
DWIDTH 22 0
BBX 19 31 2 0
BITMAP
00C000
01E000
01F000
03F000
033800
071800
0E1C00
0C0E00
0C0600
000000
000000
03F000
0FFC00
1FFF00
3E1F80
780780
7803C0
F003C0
F001C0
F001E0
E001E0
E001E0
E001E0
F001C0
F003C0
F003C0
7807C0
7C0F80
3FFF00
1FFE00
07F800
ENDCHAR
STARTCHAR otilde
ENCODING 245
SWIDTH 560 0
DWIDTH 22 0
BBX 19 29 2 0
BITMAP
0F0300
1FC300
1DE700
307E00
303E00
100000
000000
000000
000000
03F000
0FFC00
1FFF00
3E1F80
780780
7803C0
F003C0
F001C0
F001E0
E001E0
E001E0
E001E0
F001C0
F003C0
F003C0
7807C0
7C0F80
3FFF00
1FFE00
07F800
ENDCHAR
STARTCHAR odieresis
ENCODING 246
SWIDTH 560 0
DWIDTH 22 0
BBX 19 28 2 0
BITMAP
0E1C00
0F1E00
0F1E00
0E0C00
000000
000000
000000
000000
03F000
0FFC00
1FFF00
3E1F80
780780
7803C0
F003C0
F001C0
F001E0
E001E0
E001E0
E001E0
F001C0
F003C0
F003C0
7807C0
7C0F80
3FFF00
1FFE00
07F800
ENDCHAR
STARTCHAR divide
ENCODING 247
SWIDTH 600 0
DWIDTH 24 0
BBX 20 19 2 2
BITMAP
00E000
00F000
00E000
000000
000000
000000
000000
000000
FFFFF0
FFFFF0
FFFFF0
000000
000000
000000
000000
000000
00E000
00F000
00E000
ENDCHAR
STARTCHAR oslash
ENCODING 248
SWIDTH 560 0
DWIDTH 22 0
BBX 19 23 2 -2
BITMAP
000300
03F700
0FFF00
1FFF00
3E1F80
781F80
781BC0
F03BC0
F071C0
F071E0
E0E1E0
E0E1E0
E1C1E0
F181C0
F383C0
F703C0
7F07C0
7E0F80
3FFF00
1FFE00
3FF800
380000
300000
ENDCHAR
STARTCHAR ugrave
ENCODING 249
SWIDTH 565 0
DWIDTH 23 0
BBX 17 31 3 0
BITMAP
080000
1C0000
1C0000
1E0000
0E0000
070000
070000
038000
018000
000000
000000
400300
E00780
E00780
E00780
E00780
E00780
E00780
E00780
E00780
E00780
E00780
E00780
E00780
F00780
F00F80
F00F80
F81F80
7FFF80
3FF780
1FE700
ENDCHAR
STARTCHAR uacute
ENCODING 250
SWIDTH 565 0
DWIDTH 23 0
BBX 17 31 3 0
BITMAP
000800
001C00
003C00
003800
007800
007000
00E000
00E000
00C000
000000
000000
400300
E00780
E00780
E00780
E00780
E00780
E00780
E00780
E00780
E00780
E00780
E00780
E00780
F00780
F00F80
F00F80
F81F80
7FFF80
3FF780
1FE700
ENDCHAR
STARTCHAR ucircumflex
ENCODING 251
SWIDTH 565 0
DWIDTH 23 0
BBX 17 31 3 0
BITMAP
008000
03C000
03E000
07E000
067000
0E3800
1C3800
1C1C00
180C00
000000
000000
400300
E00780
E00780
E00780
E00780
E00780
E00780
E00780
E00780
E00780
E00780
E00780
E00780
F00780
F00F80
F00F80
F81F80
7FFF80
3FF780
1FE700
ENDCHAR
STARTCHAR udieresis
ENCODING 252
SWIDTH 565 0
DWIDTH 23 0
BBX 17 28 3 0
BITMAP
1C3800
1E3C00
1E3C00
1C1800
000000
000000
000000
000000
400300
E00780
E00780
E00780
E00780
E00780
E00780
E00780
E00780
E00780
E00780
E00780
E00780
F00780
F00F80
F00F80
F81F80
7FFF80
3FF780
1FE700
ENDCHAR
STARTCHAR yacute
ENCODING 253
SWIDTH 517 0
DWIDTH 21 0
BBX 19 38 1 -7
BITMAP
000400
000E00
001E00
001C00
003C00
003800
007000
007000
006000
000000
000000
6000C0
F001E0
F001E0
7003C0
7803C0
780380
3C0780
3C0700
1C0F00
1E0F00
0E0E00
0F1E00
0F1C00
073C00
07B800
03B800
03F800
01F000
01F000
01E000
01E000
01C000
03C000
03C000
078000
078000
070000
ENDCHAR
STARTCHAR thorn
ENCODING 254
SWIDTH 587 0
DWIDTH 23 0
BBX 19 35 3 -7
BITMAP
E00000
F00000
F00000
F00000
F00000
F00000
F00000
F00000
F0F800
F3FE00
FFFF00
FE0F80
F80780
F803C0
F003C0
F001C0
F001E0
F001E0
F001E0
F001E0
F001E0
F001C0
F003C0
F803C0
FC0F80
FFFF80
F7FF00
F3FC00
F00000
F00000
F00000
F00000
F00000
F00000
E00000
ENDCHAR
STARTCHAR ydieresis
ENCODING 255
SWIDTH 517 0
DWIDTH 21 0
BBX 19 35 1 -7
BITMAP
0E1C00
0F1E00
0F1E00
0E0C00
000000
000000
000000
000000
6000C0
F001E0
F001E0
7003C0
7803C0
780380
3C0780
3C0700
1C0F00
1E0F00
0E0E00
0F1E00
0F1C00
073C00
07B800
03B800
03F800
01F000
01F000
01E000
01E000
01C000
03C000
03C000
078000
078000
070000
ENDCHAR
STARTCHAR Amacron
ENCODING 256
SWIDTH 733 0
DWIDTH 29 0
BBX 27 35 1 0
BITMAP
01FFF000
01FFF000
00000000
00000000
00000000
00000000
00000000
000E0000
001F0000
001F0000
003F8000
003B8000
003BC000
0079C000
0071E000
00F0E000
00E0F000
01E0F000
01C07000
03C07800
03C03800
03803C00
07801C00
07001E00
0F001E00
0FFFFF00
1FFFFF00
1FFFFF00
1C000780
3C000380
380003C0
780003C0
700001E0
F00001E0
E00000E0
ENDCHAR
STARTCHAR amacron
ENCODING 257
SWIDTH 533 0
DWIDTH 21 0
BBX 17 27 2 0
BITMAP
1FFE00
1FFE00
000000
000000
000000
000000
000000
03F000
1FFC00
7FFE00
7C1F00
200F00
000700
000700
000780
000780
0FFF80
3FFF80
7C0780
F00780
F00780
F00780
F00F80
F81F80
7C7F80
3FF780
1FE700
ENDCHAR
STARTCHAR Abreve
ENCODING 258
SWIDTH 733 0
DWIDTH 29 0
BBX 27 37 1 0
BITMAP
01803000
01803000
01C07000
00E0E000
007FE000
003FC000
00040000
00000000
00000000
000E0000
001F0000
001F0000
003F8000
003B8000
003BC000
0079C000
0071E000
00F0E000
00E0F000
01E0F000
01C07000
03C07800
03C03800
03803C00
07801C00
07001E00
0F001E00
0FFFFF00
1FFFFF00
1FFFFF00
1C000780
3C000380
380003C0
780003C0
700001E0
F00001E0
E00000E0
ENDCHAR
STARTCHAR abreve
ENCODING 259
SWIDTH 533 0
DWIDTH 21 0
BBX 17 30 2 0
BITMAP
180600
180600
180600
1C0E00
0C0C00
0F3C00
07F800
03F000
000000
000000
03F000
1FFC00
7FFE00
7C1F00
200F00
000700
000700
000780
000780
0FFF80
3FFF80
7C0780
F00780
F00780
F00780
F00F80
F81F80
7C7F80
3FF780
1FE700
ENDCHAR
STARTCHAR Aogonek
ENCODING 260
SWIDTH 733 0
DWIDTH 29 0
BBX 29 36 1 -8
BITMAP
000E0000
001F0000
001F0000
003F8000
003B8000
003BC000
0079C000
0071E000
00F0E000
00E0F000
01E0F000
01C07000
03C07800
03C03800
03803C00
07801C00
07001E00
0F001E00
0FFFFF00
1FFFFF00
1FFFFF00
3C000780
3C000380
380003C0
780003C0
700001E0
F00001E0
E00000E0
000001C0
00000380
00000300
00000300
00000300
000003D8
000001F8
00000070
ENDCHAR
STARTCHAR aogonek
ENCODING 261
SWIDTH 533 0
DWIDTH 21 0
BBX 18 28 2 -8
BITMAP
03F000
1FFC00
7FFE00
7C1F00
200F00
000700
000700
000780
000780
0FFF80
3FFF80
7C0780
F00780
F00780
F00780
F00F80
F81F80
7C7F80
3FF780
1FE700
000E00
001C00
001800
001800
001800
001EC0
000FC0
000780
ENDCHAR
STARTCHAR Cacute
ENCODING 262
SWIDTH 675 0
DWIDTH 27 0
BBX 23 38 2 0
BITMAP
000060
0000F0
0001E0
0001C0
000380
000780
000700
000200
000000
000E00
00FFF0
03FFF8
07FFFE
0FC03E
1F000E
3E0000
3C0000
7C0000
780000
780000
780000
F00000
F00000
F00000
F00000
F00000
F00000
780000
780000
780000
7C0000
3C0000
3E0004
1F000E
0FE07E
07FFFE
03FFF8
00FFE0
ENDCHAR
STARTCHAR cacute
ENCODING 263
SWIDTH 465 0
DWIDTH 19 0
BBX 16 31 2 0
BITMAP
000C
000E
001E
001C
0038
0038
0070
0060
00E0
0000
0000
03F0
0FFC
1FFF
3E0F
7C02
7800
F000
F000
F000
F000
E000
F000
F000
F000
F000
7800
7C07
3FFF
1FFE
07F8
ENDCHAR
STARTCHAR Ccircumflex
ENCODING 264
SWIDTH 675 0
DWIDTH 27 0
BBX 23 38 2 0
BITMAP
000E00
001F00
003F80
003B80
0071C0
00E0E0
00C060
008020
000000
000E00
00FFF0
03FFF8
07FFFE
0FC03E
1F000E
3E0000
3C0000
7C0000
780000
780000
780000
F00000
F00000
F00000
F00000
F00000
F00000
780000
780000
780000
7C0000
3C0000
3E0004
1F000E
0FE07E
07FFFE
03FFF8
00FFE0
ENDCHAR
STARTCHAR ccircumflex
ENCODING 265
SWIDTH 465 0
DWIDTH 19 0
BBX 16 31 2 0
BITMAP
00C0
01E0
01F0
03F0
0738
0718
0E1C
0C0C
0C0E
0000
0000
03F0
0FFC
1FFF
3E0F
7C02
7800
F000
F000
F000
F000
E000
F000
F000
F000
F000
7800
7C07
3FFF
1FFE
07F8
ENDCHAR
STARTCHAR Cdotaccent
ENCODING 266
SWIDTH 675 0
DWIDTH 27 0
BBX 23 36 2 0
BITMAP
000E00
001F00
001F00
000E00
000000
000000
000000
000E00
00FFF0
03FFF8
07FFFE
0FC03E
1F000E
3E0000
3C0000
7C0000
780000
780000
780000
F00000
F00000
F00000
F00000
F00000
F00000
780000
780000
780000
7C0000
3C0000
3E0004
1F000E
0FE07E
07FFFE
03FFF8
00FFE0
ENDCHAR
STARTCHAR cdotaccent
ENCODING 267
SWIDTH 465 0
DWIDTH 19 0
BBX 16 28 2 0
BITMAP
01E0
01E0
01E0
00E0
0000
0000
0000
0000
03F0
0FFC
1FFF
3E0F
7C02
7800
F000
F000
F000
F000
E000
F000
F000
F000
F000
7800
7C07
3FFF
1FFE
07F8
ENDCHAR
STARTCHAR Ccaron
ENCODING 268
SWIDTH 675 0
DWIDTH 27 0
BBX 23 38 2 0
BITMAP
00C060
00C060
00E0E0
0071C0
003B80
001F80
001F00
000E00
000000
000E00
00FFF0
03FFF8
07FFFE
0FC03E
1F000E
3E0000
3C0000
7C0000
780000
780000
780000
F00000
F00000
F00000
F00000
F00000
F00000
780000
780000
780000
7C0000
3C0000
3E0004
1F000E
0FE07E
07FFFE
03FFF8
00FFE0
ENDCHAR
STARTCHAR ccaron
ENCODING 269
SWIDTH 465 0
DWIDTH 19 0
BBX 16 30 2 0
BITMAP
0C0E
0E0C
061C
0738
0338
03F0
01F0
01E0
0000
0000
03F0
0FFC
1FFF
3E0F
7C02
7800
F000
F000
F000
F000
E000
F000
F000
F000
F000
7800
7C07
3FFF
1FFE
07F8
ENDCHAR
STARTCHAR Dcaron
ENCODING 270
SWIDTH 747 0
DWIDTH 30 0
BBX 25 38 3 0
BITMAP
03008000
0381C000
01C38000
01C70000
00EF0000
007E0000
003C0000
00180000
00000000
00000000
7FFF0000
FFFFC000
FFFFF000
F003F800
F000FC00
F0003C00
F0001E00
F0001E00
F0000F00
F0000F00
F0000F00
F0000F00
F0000700
F0000780
F0000780
F0000700
F0000F00
F0000F00
F0000F00
F0000F00
F0001E00
F0003E00
F0003C00
F000FC00
F007F800
FFFFE000
FFFFC000
7FFE0000
ENDCHAR
STARTCHAR dcaron
ENCODING 271
SWIDTH 587 0
DWIDTH 23 0
BBX 23 28 2 0
BITMAP
0001CE
0001EE
0001EE
0001EE
0001EC
0001EC
0001EC
0001E4
03E1E0
0FF9E0
3FFDE0
3E1FE0
7807E0
7803E0
F003E0
F001E0
F001E0
E001E0
E001E0
E001E0
F001E0
F003E0
F003E0
7807E0
7C0FE0
3FFDE0
1FFDE0
0FF1C0
ENDCHAR
STARTCHAR Dcroat
ENCODING 272
SWIDTH 747 0
DWIDTH 30 0
BBX 28 28 0 0
BITMAP
0FFFE000
1FFFF800
1FFFFE00
1E007F00
1E001F80
1E000780
1E0003C0
1E0003C0
1E0001E0
1E0001E0
1E0001E0
1E0001E0
FFFC00E0
FFFE00F0
FFFE00F0
1E0000E0
1E0001E0
1E0001E0
1E0001E0
1E0001E0
1E0003C0
1E0007C0
1E000780
1E001F80
1E00FF00
1FFFFC00
1FFFF800
0FFFC000
ENDCHAR
STARTCHAR dcroat
ENCODING 273
SWIDTH 587 0
DWIDTH 23 0
BBX 22 28 2 0
BITMAP
0001C0
0001E0
0001E0
00FFFC
01FFFC
01FFFC
0001E0
0001E0
03E1E0
0FF9E0
3FFDE0
3E0FE0
7807E0
7803E0
F003E0
F001E0
F001E0
F001E0
E001E0
F001E0
F001E0
F001E0
F003E0
7807E0
7C0FE0
3FFDE0
1FFDE0
0FF1C0
ENDCHAR
STARTCHAR Emacron
ENCODING 274
SWIDTH 586 0
DWIDTH 23 0
BBX 19 35 3 0
BITMAP
0FFF00
1FFF80
000000
000000
000000
000000
000000
7FFFE0
FFFFE0
FFFFC0
F00000
F00000
F00000
F00000
F00000
F00000
F00000
F00000
F00000
FFFF80
FFFFC0
FFFFC0
F00000
F00000
F00000
F00000
F00000
F00000
F00000
F00000
F00000
F00000
FFFFC0
FFFFE0
7FFFC0
ENDCHAR
STARTCHAR emacron
ENCODING 275
SWIDTH 534 0
DWIDTH 21 0
BBX 18 27 2 0
BITMAP
1FFE00
1FFE00
000000
000000
000000
000000
000000
01F000
0FFC00
1FFE00
3C0F00
780780
700380
F00380
F001C0
E001C0
FFFFC0
FFFFC0
E00000
E00000
F00000
F00000
780000
7C0380
3FFF80
1FFF00
07FC00
ENDCHAR
STARTCHAR Ebreve
ENCODING 276
SWIDTH 586 0
DWIDTH 23 0
BBX 19 37 3 0
BITMAP
1C0380
1C0380
0C0300
0E0700
07FE00
03FC00
006000
000000
000000
7FFFE0
FFFFE0
FFFFC0
F00000
F00000
F00000
F00000
F00000
F00000
F00000
F00000
F00000
FFFF80
FFFFC0
FFFFC0
F00000
F00000
F00000
F00000
F00000
F00000
F00000
F00000
F00000
F00000
FFFFC0
FFFFE0
7FFFC0
ENDCHAR
STARTCHAR ebreve
ENCODING 277
SWIDTH 534 0
DWIDTH 21 0
BBX 18 30 2 0
BITMAP
180600
180600
1C0600
1C0600
0E0E00
0FBC00
07F800
01F000
000000
000000
01F000
0FFC00
1FFE00
3C0F00
780780
700380
F00380
F001C0
E001C0
FFFFC0
FFFFC0
E00000
E00000
F00000
F00000
780000
7C0380
3FFF80
1FFF00
07FC00
ENDCHAR
STARTCHAR Edotaccent
ENCODING 278
SWIDTH 586 0
DWIDTH 23 0
BBX 19 36 3 0
BITMAP
00F000
00F000
00F000
007000
000000
000000
000000
000000
7FFFE0
FFFFE0
FFFFC0
F00000
F00000
F00000
F00000
F00000
F00000
F00000
F00000
F00000
FFFF80
FFFFC0
FFFFC0
F00000
F00000
F00000
F00000
F00000
F00000
F00000
F00000
F00000
F00000
FFFFC0
FFFFE0
7FFFC0
ENDCHAR
STARTCHAR edotaccent
ENCODING 279
SWIDTH 534 0
DWIDTH 21 0
BBX 18 28 2 0
BITMAP
00E000
01E000
01E000
00E000
000000
000000
000000
000000
01F000
0FFC00
1FFE00
3C0F00
780780
700380
F00380
F001C0
E001C0
FFFFC0
FFFFC0
E00000
E00000
F00000
F00000
780000
7C0380
3FFF80
1FFF00
07FC00
ENDCHAR
STARTCHAR Eogonek
ENCODING 280
SWIDTH 586 0
DWIDTH 23 0
BBX 19 36 3 -8
BITMAP
7FFFE0
FFFFE0
FFFFC0
F00000
F00000
F00000
F00000
F00000
F00000
F00000
F00000
F00000
FFFF80
FFFFC0
FFFFC0
F00000
F00000
F00000
F00000
F00000
F00000
F00000
F00000
F00000
F00000
FFFFC0
FFFFE0
7FFFC0
000700
000E00
000C00
000C00
000C00
000F60
0007E0
0001C0
ENDCHAR
STARTCHAR eogonek
ENCODING 281
SWIDTH 534 0
DWIDTH 21 0
BBX 18 28 2 -8
BITMAP
01F000
0FFC00
1FFE00
3C0F00
780780
700380
F00380
F001C0
E001C0
FFFFC0
FFFFC0
E00000
E00000
F00000
F00000
780000
7C0380
3FFF80
1FFF00
07FC00
00E000
00C000
01C000
01C000
01C000
00F400
00FE00
003800
ENDCHAR
STARTCHAR Ecaron
ENCODING 282
SWIDTH 586 0
DWIDTH 23 0
BBX 19 38 3 0
BITMAP
0C0300
0E0700
070E00
039C00
039C00
01F800
00F000
006000
000000
000000
7FFFE0
FFFFE0
FFFFC0
F00000
F00000
F00000
F00000
F00000
F00000
F00000
F00000
F00000
FFFF80
FFFFC0
FFFFC0
F00000
F00000
F00000
F00000
F00000
F00000
F00000
F00000
F00000
F00000
FFFFC0
FFFFE0
7FFFC0
ENDCHAR
STARTCHAR ecaron
ENCODING 283
SWIDTH 534 0
DWIDTH 21 0
BBX 18 30 2 0
BITMAP
0C0E00
0E0C00
061C00
071800
03B800
03F000
01F000
01E000
000000
000000
01F000
0FFC00
1FFE00
3C0F00
780780
700380
F00380
F001C0
E001C0
FFFFC0
FFFFC0
E00000
E00000
F00000
F00000
780000
7C0380
3FFF80
1FFF00
07FC00
ENDCHAR
STARTCHAR Gcircumflex
ENCODING 284
SWIDTH 729 0
DWIDTH 29 0
BBX 24 38 2 0
BITMAP
000E00
001F00
001F80
003BC0
0071C0
0070E0
00E070
00C020
000000
000F00
00FFF0
03FFFC
07FFFE
0FC01F
1F0007
3E0000
3C0000
7C0000
780000
780000
780000
F00000
F00000
F003FE
F003FF
F003FF
F00007
780007
780007
780007
7C0007
3C0007
3E0007
1F0007
0FE01F
07FFFF
03FFFE
007FF8
ENDCHAR
STARTCHAR gcircumflex
ENCODING 285
SWIDTH 590 0
DWIDTH 24 0
BBX 19 39 2 -8
BITMAP
006000
00F000
01F000
01F800
039C00
031C00
070E00
060600
0E0600
000000
000000
03E0C0
0FF9E0
3FFDE0
3E0FE0
7807E0
F803E0
F003E0
F001E0
F001E0
E001E0
E001E0
F001E0
F001E0
F003E0
7803E0
7C07E0
3FBFE0
1FFDE0
0FF1E0
0081E0
0001E0
0001C0
0003C0
7007C0
7F1F80
3FFF00
0FFE00
006000
ENDCHAR
STARTCHAR Gbreve
ENCODING 286
SWIDTH 729 0
DWIDTH 29 0
BBX 24 37 2 0
BITMAP
018038
01C030
01C070
00E0F0
007FE0
003FC0
000C00
000000
000F00
00FFF0
03FFFC
07FFFE
0FC01F
1F0007
3E0000
3C0000
7C0000
780000
780000
780000
F00000
F00000
F003FE
F003FF
F003FF
F00007
780007
780007
780007
7C0007
3C0007
3E0007
1F0007
0FE01F
07FFFF
03FFFE
007FF8
ENDCHAR
STARTCHAR gbreve
ENCODING 287
SWIDTH 590 0
DWIDTH 24 0
BBX 19 38 2 -8
BITMAP
0C0300
0C0300
0C0300
0E0700
060600
079E00
03FC00
01F000
000000
000000
03E0C0
0FF9E0
3FFDE0
3E0FE0
7807E0
F803E0
F003E0
F001E0
F001E0
E001E0
E001E0
F001E0
F001E0
F003E0
7803E0
7C07E0
3FBFE0
1FFDE0
0FF1E0
0081E0
0001E0
0001C0
0003C0
7007C0
7F1F80
3FFF00
0FFE00
006000
ENDCHAR
STARTCHAR Gdotaccent
ENCODING 288
SWIDTH 729 0
DWIDTH 29 0
BBX 24 36 2 0
BITMAP
000E00
000F00
000F00
000E00
000000
000000
000000
000F00
00FFF0
03FFFC
07FFFE
0FC01F
1F0007
3E0000
3C0000
7C0000
780000
780000
780000
F00000
F00000
F003FE
F003FF
F003FF
F00007
780007
780007
780007
7C0007
3C0007
3E0007
1F0007
0FE01F
07FFFF
03FFFE
007FF8
ENDCHAR
STARTCHAR gdotaccent
ENCODING 289
SWIDTH 590 0
DWIDTH 24 0
BBX 19 36 2 -8
BITMAP
00F000
00F000
00F000
006000
000000
000000
000000
000000
03E0C0
0FF9E0
3FFDE0
3E0FE0
7807E0
F803E0
F003E0
F001E0
F001E0
E001E0
E001E0
F001E0
F001E0
F003E0
7803E0
7C07E0
3FBFE0
1FFDE0
0FF1E0
0081E0
0001E0
0001C0
0003C0
7007C0
7F1F80
3FFF00
0FFE00
006000
ENDCHAR
STARTCHAR uni0122
ENCODING 290
SWIDTH 729 0
DWIDTH 29 0
BBX 24 40 2 -11
BITMAP
000F00
00FFF0
03FFFC
07FFFE
0FC01F
1F0007
3E0000
3C0000
7C0000
780000
780000
780000
F00000
F00000
F003FE
F003FF
F003FF
F00007
780007
780007
780007
7C0007
3C0007
3E0007
1F0007
0FE01F
07FFFF
03FFFE
007FF8
000000
000000
000000
000F00
000F00
000F00
000700
000300
000700
000600
000400
ENDCHAR
STARTCHAR uni0123
ENCODING 291
SWIDTH 590 0
DWIDTH 24 0
BBX 19 38 2 -8
BITMAP
006000
00E000
00C000
00C000
00F000
00F000
00F000
004000
000000
000000
03E0C0
0FF9E0
3FFDE0
3E0FE0
7807E0
F803E0
F003E0
F001E0
F001E0
E001E0
E001E0
F001E0
F001E0
F003E0
7803E0
7C07E0
3FBFE0
1FFDE0
0FF1E0
0081E0
0001E0
0001C0
0003C0
7007C0
7F1F80
3FFF00
0FFE00
006000
ENDCHAR
STARTCHAR Hcircumflex
ENCODING 292
SWIDTH 764 0
DWIDTH 31 0
BBX 24 38 3 0
BITMAP
001C00
003E00
007E00
00F700
00E380
01C180
0381C0
0100C0
000000
000000
700007
F0000F
F0000F
F0000F
F0000F
F0000F
F0000F
F0000F
F0000F
F0000F
F0000F
F0000F
FFFFFF
FFFFFF
FFFFFF
F0000F
F0000F
F0000F
F0000F
F0000F
F0000F
F0000F
F0000F
F0000F
F0000F
F0000F
F0000F
700007
ENDCHAR
STARTCHAR hcircumflex
ENCODING 293
SWIDTH 572 0
DWIDTH 23 0
BBX 17 38 3 0
BITMAP
01C000
03E000
07F000
077000
0E3800
1C1C00
180C00
100400
000000
000000
E00000
F00000
F00000
F00000
F00000
F00000
F00000
F00000
F0F800
F3FE00
FFFF00
FE1F00
F80780
F00780
F00780
F00780
F00780
F00780
F00780
F00780
F00780
F00780
F00780
F00780
F00780
F00780
F00780
E00380
ENDCHAR
STARTCHAR Hbar
ENCODING 294
SWIDTH 802 0
DWIDTH 32 0
BBX 32 28 0 0
BITMAP
0F0000F0
0F0000F0
0F0000F0
0F0000F0
3FFFFFFE
FFFFFFFF
FFFFFFFF
0F0000F0
0F0000F0
0F0000F0
0F0000F0
0F0000F0
0FFFFFF0
0FFFFFF0
0FFFFFF0
0FFFFFF0
0F0000F0
0F0000F0
0F0000F0
0F0000F0
0F0000F0
0F0000F0
0F0000F0
0F0000F0
0F0000F0
0F0000F0
0F0000F0
0F0000F0
ENDCHAR
STARTCHAR hbar
ENCODING 295
SWIDTH 572 0
DWIDTH 23 0
BBX 21 28 -1 0
BITMAP
0E0000
0F0000
0F0000
7FFE00
FFFE00
7FFE00
0F0000
0F0000
0F0F80
0F3FE0
0FFFF0
0FE1F0
0F8078
0F0078
0F0078
0F0078
0F0078
0F0078
0F0078
0F0078
0F0078
0F0078
0F0078
0F0078
0F0078
0F0078
0F0078
0E0038
ENDCHAR
STARTCHAR Itilde
ENCODING 296
SWIDTH 262 0
DWIDTH 10 0
BBX 17 37 -3 0
BITMAP
1C0180
7F0380
7FC300
E1FF00
C0FE00
C01800
000000
000000
000000
01C000
03C000
03C000
03C000
03C000
03C000
03C000
03C000
03C000
03C000
03C000
03C000
03C000
03C000
03C000
03C000
03C000
03C000
03C000
03C000
03C000
03C000
03C000
03C000
03C000
03C000
03C000
01C000
ENDCHAR
STARTCHAR itilde
ENCODING 297
SWIDTH 237 0
DWIDTH 9 0
BBX 15 29 -3 0
BITMAP
1E06
3F06
77CC
61FC
E0F8
4000
0000
0000
0000
0180
0380
03C0
03C0
03C0
03C0
03C0
03C0
03C0
03C0
03C0
03C0
03C0
03C0
03C0
03C0
03C0
03C0
03C0
0380
ENDCHAR
STARTCHAR Imacron
ENCODING 298
SWIDTH 262 0
DWIDTH 10 0
BBX 13 35 -1 0
BITMAP
FFF8
FFF8
0000
0000
0000
0000
0000
0700
0F00
0F00
0F00
0F00
0F00
0F00
0F00
0F00
0F00
0F00
0F00
0F00
0F00
0F00
0F00
0F00
0F00
0F00
0F00
0F00
0F00
0F00
0F00
0F00
0F00
0F00
0700
ENDCHAR
STARTCHAR imacron
ENCODING 299
SWIDTH 237 0
DWIDTH 9 0
BBX 12 27 -1 0
BITMAP
FFF0
FFF0
0000
0000
0000
0000
0000
0600
0E00
0F00
0F00
0F00
0F00
0F00
0F00
0F00
0F00
0F00
0F00
0F00
0F00
0F00
0F00
0F00
0F00
0F00
0E00
ENDCHAR
STARTCHAR Ibreve
ENCODING 300
SWIDTH 262 0
DWIDTH 10 0
BBX 14 37 -2 0
BITMAP
E00C
601C
7018
7838
3FF0
1FE0
0180
0000
0000
0380
0780
0780
0780
0780
0780
0780
0780
0780
0780
0780
0780
0780
0780
0780
0780
0780
0780
0780
0780
0780
0780
0780
0780
0780
0780
0780
0380
ENDCHAR
STARTCHAR ibreve
ENCODING 301
SWIDTH 237 0
DWIDTH 9 0
BBX 13 30 -2 0
BITMAP
4018
E018
6038
6030
7070
3DF0
1FE0
0F80
0000
0000
0300
0700
0780
0780
0780
0780
0780
0780
0780
0780
0780
0780
0780
0780
0780
0780
0780
0780
0780
0700
ENDCHAR
STARTCHAR Iogonek
ENCODING 302
SWIDTH 262 0
DWIDTH 10 0
BBX 8 36 1 -8
BITMAP
1C
3C
3C
3C
3C
3C
3C
3C
3C
3C
3C
3C
3C
3C
3C
3C
3C
3C
3C
3C
3C
3C
3C
3C
3C
3C
3C
1C
38
70
60
E0
E0
7B
7F
1E
ENDCHAR
STARTCHAR iogonek
ENCODING 303
SWIDTH 237 0
DWIDTH 9 0
BBX 7 36 1 -8
BITMAP
3C
7C
7C
38
00
00
00
00
18
38
3C
3C
3C
3C
3C
3C
3C
3C
3C
3C
3C
3C
3C
3C
3C
3C
3C
38
70
E0
C0
C0
E0
F6
7E
1C
ENDCHAR
STARTCHAR Idotaccent
ENCODING 304
SWIDTH 262 0
DWIDTH 10 0
BBX 4 36 3 0
BITMAP
70
F0
F0
70
00
00
00
00
70
F0
F0
F0
F0
F0
F0
F0
F0
F0
F0
F0
F0
F0
F0
F0
F0
F0
F0
F0
F0
F0
F0
F0
F0
F0
F0
70
ENDCHAR
STARTCHAR dotlessi
ENCODING 305
SWIDTH 237 0
DWIDTH 9 0
BBX 4 20 3 0
BITMAP
60
E0
F0
F0
F0
F0
F0
F0
F0
F0
F0
F0
F0
F0
F0
F0
F0
F0
F0
E0
ENDCHAR
STARTCHAR IJ
ENCODING 306
SWIDTH 593 0
DWIDTH 24 0
BBX 17 28 3 0
BITMAP
700380
F00380
F00380
F00380
F00380
F00380
F00380
F00380
F00380
F00380
F00380
F00380
F00380
F00380
F00380
F00380
F00380
F00380
F00380
F00380
F00380
F00380
F00780
F00780
F00F00
F0FF00
F1FE00
71F800
ENDCHAR
STARTCHAR Jcircumflex
ENCODING 308
SWIDTH 331 0
DWIDTH 13 0
BBX 15 38 -1 0
BITMAP
00C0
01E0
03F0
0738
0F38
0E1C
1C0E
0804
0000
0000
01E0
01E0
01E0
01E0
01E0
01E0
01E0
01E0
01E0
01E0
01E0
01E0
01E0
01E0
01E0
01E0
01E0
01E0
01E0
01E0
01E0
01E0
01E0
03C0
07C0
7F80
FF00
7E00
ENDCHAR
STARTCHAR jcircumflex
ENCODING 309
SWIDTH 241 0
DWIDTH 10 0
BBX 12 39 -2 -8
BITMAP
0300
0780
0F80
0FC0
1CE0
18E0
3870
3030
7030
0000
0000
0300
0780
0780
0780
0780
0780
0780
0780
0780
0780
0780
0780
0780
0780
0780
0780
0780
0780
0780
0780
0780
0780
0780
0F00
1F00
FE00
FC00
4000
ENDCHAR
STARTCHAR uni0136
ENCODING 310
SWIDTH 634 0
DWIDTH 25 0
BBX 21 39 3 -11
BITMAP
700078
F000F0
F001E0
F003C0
F00780
F00F00
F01E00
F07C00
F0F800
F1F000
F3E000
F7C000
FF8000
FF0000
FF8000
F7C000
F3E000
F1F000
F0F800
F07C00
F03E00
F01F00
F00F80
F003C0
F001E0
F000F8
F00078
700038
000000
000000
000000
00E000
00F000
00F000
00F000
003000
006000
006000
004000
ENDCHAR
STARTCHAR uni0137
ENCODING 311
SWIDTH 508 0
DWIDTH 20 0
BBX 16 39 3 -11
BITMAP
E000
F000
F000
F000
F000
F000
F000
F000
F006
F01E
F03E
F07C
F0F8
F1F0
F3E0
F7C0
FF80
FF00
FF00
FF80
F7C0
F3E0
F1F0
F0F8
F03C
F01E
F00F
E007
0000
0000
0000
0380
0780
0780
0380
0180
0180
0300
0200
ENDCHAR
STARTCHAR kgreenlandic
ENCODING 312
SWIDTH 508 0
DWIDTH 20 0
BBX 16 20 3 0
BITMAP
4006
E01E
F03E
F07C
F0F8
F1F0
F3E0
F7C0
FF80
FF00
FF00
FF80
F7C0
F3E0
F1F0
F0F8
F03C
F01E
F00F
E007
ENDCHAR
STARTCHAR Lacute
ENCODING 313
SWIDTH 548 0
DWIDTH 22 0
BBX 19 38 3 0
BITMAP
030000
070000
0F0000
0E0000
1C0000
380000
300000
200000
000000
000000
700000
F00000
F00000
F00000
F00000
F00000
F00000
F00000
F00000
F00000
F00000
F00000
F00000
F00000
F00000
F00000
F00000
F00000
F00000
F00000
F00000
F00000
F00000
F00000
F00000
FFFFC0
FFFFE0
7FFFC0
ENDCHAR
STARTCHAR lacute
ENCODING 314
SWIDTH 301 0
DWIDTH 12 0
BBX 9 38 3 0
BITMAP
0600
0F00
0E00
1C00
3C00
3800
7000
2000
0000
0000
E000
F000
F000
F000
F000
F000
F000
F000
F000
F000
F000
F000
F000
F000
F000
F000
F000
F000
F000
F000
F000
F000
F000
F000
F800
7F80
7F80
1F80
ENDCHAR
STARTCHAR uni013B
ENCODING 315
SWIDTH 548 0
DWIDTH 22 0
BBX 19 39 3 -11
BITMAP
700000
F00000
F00000
F00000
F00000
F00000
F00000
F00000
F00000
F00000
F00000
F00000
F00000
F00000
F00000
F00000
F00000
F00000
F00000
F00000
F00000
F00000
F00000
F00000
F00000
FFFFC0
FFFFE0
7FFFC0
000000
000000
000000
00E000
01E000
01F000
00E000
006000
006000
00C000
008000
ENDCHAR
STARTCHAR uni013C
ENCODING 316
SWIDTH 301 0
DWIDTH 12 0
BBX 9 39 3 -11
BITMAP
E000
F000
F000
F000
F000
F000
F000
F000
F000
F000
F000
F000
F000
F000
F000
F000
F000
F000
F000
F000
F000
F000
F000
F000
F800
7F80
7F80
1F80
0000
0000
0000
1C00
3E00
3E00
1E00
0C00
0C00
1C00
0800
ENDCHAR
STARTCHAR Lcaron
ENCODING 317
SWIDTH 548 0
DWIDTH 22 0
BBX 19 28 3 0
BITMAP
707000
F07000
F06000
F06000
F06000
F06000
F06000
F06000
F06000
F00000
F00000
F00000
F00000
F00000
F00000
F00000
F00000
F00000
F00000
F00000
F00000
F00000
F00000
F00000
F00000
FFFFC0
FFFFE0
7FFFC0
ENDCHAR
STARTCHAR lcaron
ENCODING 318
SWIDTH 301 0
DWIDTH 12 0
BBX 9 28 3 0
BITMAP
E700
F700
F700
F700
F600
F600
F600
F200
F000
F000
F000
F000
F000
F000
F000
F000
F000
F000
F000
F000
F000
F000
F000
F000
F800
7F80
7F80
1F80
ENDCHAR
STARTCHAR Ldot
ENCODING 319
SWIDTH 548 0
DWIDTH 22 0
BBX 19 28 3 0
BITMAP
700000
F00000
F00000
F00000
F00000
F00000
F00000
F00000
F00000
F00000
F01E00
F01F00
F01F00
F00E00
F00000
F00000
F00000
F00000
F00000
F00000
F00000
F00000
F00000
F00000
F00000
FFFFC0
FFFFE0
7FFFC0
ENDCHAR
STARTCHAR ldot
ENCODING 320
SWIDTH 341 0
DWIDTH 12 0
BBX 11 28 3 0
BITMAP
E000
F000
F000
F000
F000
F000
F000
F000
F000
F000
F000
F000
F1E0
F3E0
F3E0
F1C0
F000
F000
F000
F000
F000
F000
F000
F000
F800
7F80
7F80
1F80
ENDCHAR
STARTCHAR Lslash
ENCODING 321
SWIDTH 548 0
DWIDTH 22 0
BBX 23 28 -1 0
BITMAP
070000
0F0000
0F0000
0F0000
0F0000
0F0000
0F0000
0F0200
0F0F00
0F3F00
0F7E00
0FF800
0FE000
0F8000
3F0000
FF0000
FF0000
6F0000
0F0000
0F0000
0F0000
0F0000
0F0000
0F0000
0F0000
0FFFFC
0FFFFE
07FFFC
ENDCHAR
STARTCHAR lslash
ENCODING 322
SWIDTH 301 0
DWIDTH 12 0
BBX 13 28 -1 0
BITMAP
0E00
0F00
0F00
0F00
0F00
0F00
0F00
0F00
0F00
0F00
0F70
0FF0
0FE0
0F80
3F00
FF00
FF00
6F00
0F00
0F00
0F00
0F00
0F00
0F00
0F80
07F8
07F8
01F8
ENDCHAR
STARTCHAR Nacute
ENCODING 323
SWIDTH 741 0
DWIDTH 30 0
BBX 23 38 3 0
BITMAP
000180
0001C0
000380
000780
000F00
000E00
001C00
000800
000000
000000
70000E
F8000E
F8000E
FC000E
FE000E
FF000E
FF000E
F7800E
F3C00E
F1E00E
F1E00E
F0F00E
F0780E
F03C0E
F03C0E
F01E0E
F00F0E
F0078E
F0078E
F003CE
F001EE
F000FE
F000FE
F0007E
F0003E
F0001E
F0001E
70000E
ENDCHAR
STARTCHAR nacute
ENCODING 324
SWIDTH 572 0
DWIDTH 23 0
BBX 17 31 3 0
BITMAP
000800
001C00
003C00
003800
007800
007000
00E000
00E000
00C000
000000
000000
40F800
E3FE00
EFFF00
EE1F00
F80780
F00780
F00780
F00780
F00780
F00780
F00780
F00780
F00780
F00780
F00780
F00780
F00780
F00780
F00780
E00380
ENDCHAR
STARTCHAR uni0145
ENCODING 325
SWIDTH 741 0
DWIDTH 30 0
BBX 23 39 3 -11
BITMAP
70000E
F8000E
F8000E
FC000E
FE000E
FF000E
FF000E
F7800E
F3C00E
F1E00E
F1E00E
F0F00E
F0780E
F03C0E
F03C0E
F01E0E
F00F0E
F0078E
F0078E
F003CE
F001EE
F000FE
F000FE
F0007E
F0003E
F0001E
F0001E
70000E
000000
000000
000000
003800
003C00
003C00
003C00
000C00
001800
001800
001000
ENDCHAR
STARTCHAR uni0146
ENCODING 326
SWIDTH 572 0
DWIDTH 23 0
BBX 17 31 3 -11
BITMAP
40F800
E3FE00
EFFF00
EE1F00
F80780
F00780
F00780
F00780
F00780
F00780
F00780
F00780
F00780
F00780
F00780
F00780
F00780
F00780
F00780
E00380
000000
000000
000000
01C000
03E000
03E000
01E000
00C000
00C000
01C000
008000
ENDCHAR
STARTCHAR Ncaron
ENCODING 327
SWIDTH 741 0
DWIDTH 30 0
BBX 23 38 3 0
BITMAP
030080
0381C0
01C380
01C700
00EF00
007E00
003C00
001800
000000
000000
70000E
F8000E
F8000E
FC000E
FE000E
FF000E
FF000E
F7800E
F3C00E
F1E00E
F1E00E
F0F00E
F0780E
F03C0E
F03C0E
F01E0E
F00F0E
F0078E
F0078E
F003CE
F001EE
F000FE
F000FE
F0007E
F0003E
F0001E
F0001E
70000E
ENDCHAR
STARTCHAR ncaron
ENCODING 328
SWIDTH 572 0
DWIDTH 23 0
BBX 17 30 3 0
BITMAP
180C00
1C1C00
0E3800
0E3800
077000
076000
03E000
01C000
000000
000000
40F800
E3FE00
EFFF00
EE1F00
F80780
F00780
F00780
F00780
F00780
F00780
F00780
F00780
F00780
F00780
F00780
F00780
F00780
F00780
F00780
E00380
ENDCHAR
STARTCHAR napostrophe
ENCODING 329
SWIDTH 572 0
DWIDTH 23 0
BBX 21 31 -1 0
BITMAP
200000
F00000
F80000
F80000
300000
300000
300000
600000
000000
000000
000000
040F80
0E3FE0
0EFFF0
0EE1F0
0F8078
0F0078
0F0078
0F0078
0F0078
0F0078
0F0078
0F0078
0F0078
0F0078
0F0078
0F0078
0F0078
0F0078
0F0078
0E0038
ENDCHAR
STARTCHAR Eng
ENCODING 330
SWIDTH 741 0
DWIDTH 30 0
BBX 23 36 3 -8
BITMAP
70000E
F8000E
F8000E
FC000E
FE000E
FF000E
FF000E
F7800E
F3C00E
F1E00E
F1E00E
F0F00E
F0780E
F03C0E
F03C0E
F01E0E
F00F0E
F0078E
F0078E
F003CE
F001EE
F000FE
F000FE
F0007E
F0003E
F0001E
F0001E
70000E
00000E
00000E
00001E
00001E
00007C
0003FC
0003F0
000180
ENDCHAR
STARTCHAR eng
ENCODING 331
SWIDTH 572 0
DWIDTH 23 0
BBX 17 28 3 -8
BITMAP
40F800
E3FE00
EFFF00
EE1F00
F80780
F00780
F00780
F00780
F00780
F00780
F00780
F00780
F00780
F00780
F00780
F00780
F00780
F00780
F00780
E00780
000780
000780
000780
000780
001F00
00FE00
00FC00
006000
ENDCHAR
STARTCHAR Omacron
ENCODING 332
SWIDTH 771 0
DWIDTH 31 0
BBX 26 35 2 0
BITMAP
01FFF000
01FFF000
00000000
00000000
00000000
00000000
00040000
00FFE000
03FFF800
07FFFC00
0FC07E00
1F001F00
3E000F00
3C000780
78000780
780003C0
780003C0
780003C0
F00003C0
F00001C0
F00001C0
F00001C0
F00001C0
F00003C0
780003C0
780003C0
780003C0
7C000780
3C000780
3E000F00
1F001F00
0FC07E00
07FFFC00
03FFF000
00FFC000
ENDCHAR
STARTCHAR omacron
ENCODING 333
SWIDTH 560 0
DWIDTH 22 0
BBX 19 27 2 0
BITMAP
1FFE00
1FFE00
000000
000000
000000
000000
000000
03F000
0FFC00
1FFF00
3E1F80
780780
7803C0
F003C0
F001C0
F001E0
E001E0
E001E0
E001E0
F001C0
F003C0
F003C0
7807C0
7C0F80
3FFF00
1FFE00
07F800
ENDCHAR
STARTCHAR Obreve
ENCODING 334
SWIDTH 771 0
DWIDTH 31 0
BBX 26 37 2 0
BITMAP
01803000
01803000
01C07000
00E0E000
00FFC000
003F8000
00040000
00000000
00040000
00FFE000
03FFF800
07FFFC00
0FC07E00
1F001F00
3E000F00
3C000780
78000780
780003C0
780003C0
780003C0
F00003C0
F00001C0
F00001C0
F00001C0
F00001C0
F00003C0
780003C0
780003C0
780003C0
7C000780
3C000780
3E000F00
1F001F00
0FC07E00
07FFFC00
03FFF000
00FFC000
ENDCHAR
STARTCHAR obreve
ENCODING 335
SWIDTH 560 0
DWIDTH 22 0
BBX 19 30 2 0
BITMAP
180600
180600
1C0600
1C0600
0E0E00
0F3C00
07F800
01F000
000000
000000
03F000
0FFC00
1FFF00
3E1F80
780780
7803C0
F003C0
F001C0
F001E0
E001E0
E001E0
E001E0
F001C0
F003C0
F003C0
7807C0
7C0F80
3FFF00
1FFE00
07F800
ENDCHAR
STARTCHAR Ohungarumlaut
ENCODING 336
SWIDTH 771 0
DWIDTH 31 0
BBX 26 38 2 0
BITMAP
00061800
00073800
000E3800
000E7000
001CE000
0018C000
0039C000
00308000
00000000
00040000
00FFE000
03FFF800
07FFFC00
0FC07E00
1F001F00
3E000F00
3C000780
78000780
780003C0
780003C0
780003C0
F00003C0
F00001C0
F00001C0
F00001C0
F00001C0
F00003C0
780003C0
780003C0
780003C0
7C000780
3C000780
3E000F00
1F001F00
0FC07E00
07FFFC00
03FFF000
00FFC000
ENDCHAR
STARTCHAR ohungarumlaut
ENCODING 337
SWIDTH 560 0
DWIDTH 22 0
BBX 19 31 2 0
BITMAP
00C200
01C700
01CF00
01CE00
018E00
038C00
039C00
031800
031800
000000
000000
03F000
0FFC00
1FFF00
3E1F80
780780
7803C0
F003C0
F001C0
F001E0
E001E0
E001E0
E001E0
F001C0
F003C0
F003C0
7807C0
7C0F80
3FFF00
1FFE00
07F800
ENDCHAR
STARTCHAR OE
ENCODING 338
SWIDTH 1049 0
DWIDTH 42 0
BBX 38 28 2 0
BITMAP
007FFFFFFC
01FFFFFFFC
07FFFFFFFC
0FE00E0000
1F000E0000
3E000E0000
3C000E0000
7C000E0000
78000E0000
78000E0000
78000E0000
F0000E0000
F0000FFFF8
F0000FFFF8
F0000FFFF8
F0000E0000
70000E0000
78000E0000
78000E0000
78000E0000
3C000E0000
3C000E0000
1E000E0000
1F800E0000
0FF00E0000
07FFFFFFFC
01FFFFFFFC
003FFFFFFC
ENDCHAR
STARTCHAR oe
ENCODING 339
SWIDTH 911 0
DWIDTH 36 0
BBX 33 20 2 0
BITMAP
03F003E000
0FFC0FF800
1FFE3FFC00
3E1F3C1E00
7807F00F00
7803F00700
F003E00700
F001E00380
F001E00380
E001FFFF80
E001FFFF80
E001E00000
F001E00000
F003E00000
F003E00000
7807F00000
7C0F780780
3FFF3FFF00
1FFE1FFF00
07F807FC00
ENDCHAR
STARTCHAR Racute
ENCODING 340
SWIDTH 673 0
DWIDTH 27 0
BBX 22 38 3 0
BITMAP
000300
000780
000700
000E00
001E00
001C00
003800
001000
000000
000000
7FFF00
FFFFC0
FFFFE0
F001F0
F000F8
F00078
F00078
F00038
F00038
F00078
F00078
F000F8
F001F0
FFFFE0
FFFFC0
FFFF00
F01F00
F00780
F003C0
F003C0
F001E0
F001E0
F000F0
F000F0
F00078
F0007C
F0003C
70001C
ENDCHAR
STARTCHAR racute
ENCODING 341
SWIDTH 365 0
DWIDTH 15 0
BBX 11 31 3 0
BITMAP
0040
00E0
00E0
01E0
01C0
0380
0380
0700
0600
0000
0000
40E0
E3E0
EFE0
EF00
FC00
F800
F000
F000
F000
F000
F000
F000
F000
F000
F000
F000
F000
F000
F000
E000
ENDCHAR
STARTCHAR uni0156
ENCODING 342
SWIDTH 673 0
DWIDTH 27 0
BBX 22 39 3 -11
BITMAP
7FFF00
FFFFC0
FFFFE0
F001F0
F000F8
F00078
F00078
F00038
F00038
F00078
F00078
F000F8
F001F0
FFFFE0
FFFFC0
FFFF00
F01F00
F00780
F003C0
F003C0
F001E0
F001E0
F000F0
F000F0
F00078
F0007C
F0003C
70001C
000000
000000
000000
007000
007800
007800
007800
003800
003000
003000
002000
ENDCHAR
STARTCHAR uni0157
ENCODING 343
SWIDTH 365 0
DWIDTH 15 0
BBX 11 31 3 -11
BITMAP
40E0
E3E0
EFE0
EF00
FC00
F800
F000
F000
F000
F000
F000
F000
F000
F000
F000
F000
F000
F000
F000
E000
0000
0000
0000
E000
F000
F000
F000
3000
6000
6000
4000
ENDCHAR
STARTCHAR Rcaron
ENCODING 344
SWIDTH 673 0
DWIDTH 27 0
BBX 22 38 3 0
BITMAP
060100
070380
030700
038E00
01DC00
00FC00
00F800
003000
000000
000000
7FFF00
FFFFC0
FFFFE0
F001F0
F000F8
F00078
F00078
F00038
F00038
F00078
F00078
F000F8
F001F0
FFFFE0
FFFFC0
FFFF00
F01F00
F00780
F003C0
F003C0
F001E0
F001E0
F000F0
F000F0
F00078
F0007C
F0003C
70001C
ENDCHAR
STARTCHAR rcaron
ENCODING 345
SWIDTH 365 0
DWIDTH 15 0
BBX 11 30 3 0
BITMAP
E060
60E0
70C0
31C0
3B80
1F80
1F00
0F00
0000
0000
40E0
E3E0
EFE0
EF00
FC00
F800
F000
F000
F000
F000
F000
F000
F000
F000
F000
F000
F000
F000
F000
E000
ENDCHAR
STARTCHAR Sacute
ENCODING 346
SWIDTH 618 0
DWIDTH 25 0
BBX 21 38 2 0
BITMAP
000300
000780
000700
000E00
001E00
001C00
003800
001000
000000
003000
03FF80
0FFFE0
1FFFF0
3E00F0
7C0070
780000
700000
700000
700000
780000
780000
7E0000
3FE000
1FFE00
07FFC0
00FFE0
0007F0
0000F8
000078
000078
000078
000078
400078
E000F8
FC01F0
7FFFE0
3FFFC0
07FF00
ENDCHAR
STARTCHAR sacute
ENCODING 347
SWIDTH 483 0
DWIDTH 19 0
BBX 16 31 2 0
BITMAP
0018
001C
003C
0078
0070
00F0
00E0
01C0
01C0
0000
0000
07E0
1FFC
3FFE
781E
7004
F000
F000
7000
7C00
3FE0
1FF8
03FC
001E
000E
000F
000E
E01E
FE7E
7FFC
1FF0
ENDCHAR
STARTCHAR Scircumflex
ENCODING 348
SWIDTH 618 0
DWIDTH 25 0
BBX 21 38 2 0
BITMAP
007000
00F800
00FC00
01DC00
038E00
070700
070380
060100
000000
003000
03FF80
0FFFE0
1FFFF0
3E00F0
7C0070
780000
700000
700000
700000
780000
780000
7E0000
3FE000
1FFE00
07FFC0
00FFE0
0007F0
0000F8
000078
000078
000078
000078
400078
E000F8
FC01F0
7FFFE0
3FFFC0
07FF00
ENDCHAR
STARTCHAR scircumflex
ENCODING 349
SWIDTH 483 0
DWIDTH 19 0
BBX 16 31 2 0
BITMAP
0180
03C0
07E0
07E0
0E70
0E70
1C38
1818
381C
0000
0000
07E0
1FFC
3FFE
781E
7004
F000
F000
7000
7C00
3FE0
1FF8
03FC
001E
000E
000F
000E
E01E
FE7E
7FFC
1FF0
ENDCHAR
STARTCHAR Scedilla
ENCODING 350
SWIDTH 618 0
DWIDTH 25 0
BBX 21 37 2 -8
BITMAP
003000
03FF80
0FFFE0
1FFFF0
3E00F0
7C0070
780000
700000
700000
700000
780000
780000
7E0000
3FE000
1FFE00
07FFC0
00FFE0
0007F0
0000F8
000078
000078
000078
000078
400078
E000F8
FC01F0
7FFFE0
3FFFC0
07FF00
006000
006000
007E00
000600
000600
018E00
01FC00
007800
ENDCHAR
STARTCHAR scedilla
ENCODING 351
SWIDTH 483 0
DWIDTH 19 0
BBX 16 28 2 -8
BITMAP
07E0
1FFC
3FFE
781E
7004
F000
F000
7000
7C00
3FE0
1FF8
03FC
001E
000E
000F
000E
E01E
FE7E
7FFC
1FF0
0300
0300
03E0
0070
0030
0C70
0FE0
0380
ENDCHAR
STARTCHAR Scaron
ENCODING 352
SWIDTH 618 0
DWIDTH 25 0
BBX 21 38 2 0
BITMAP
060100
070380
070700
038E00
01DC00
00FC00
00F800
007000
000000
003000
03FF80
0FFFE0
1FFFF0
3E00F0
7C0070
780000
700000
700000
700000
780000
780000
7E0000
3FE000
1FFE00
07FFC0
00FFE0
0007F0
0000F8
000078
000078
000078
000078
400078
E000F8
FC01F0
7FFFE0
3FFFC0
07FF00
ENDCHAR
STARTCHAR scaron
ENCODING 353
SWIDTH 483 0
DWIDTH 19 0
BBX 16 30 2 0
BITMAP
381C
1818
1C38
0E70
0E70
07E0
03C0
03C0
0000
0000
07E0
1FFC
3FFE
781E
7004
F000
F000
7000
7C00
3FE0
1FF8
03FC
001E
000E
000F
000E
E01E
FE7E
7FFC
1FF0
ENDCHAR
STARTCHAR uni0162
ENCODING 354
SWIDTH 607 0
DWIDTH 24 0
BBX 24 36 0 -8
BITMAP
FFFFFF
FFFFFF
FFFFFF
003C00
003C00
003C00
003C00
003C00
003C00
003C00
003C00
003C00
003C00
003C00
003C00
003C00
003C00
003C00
003C00
003C00
003C00
003C00
003C00
003C00
003C00
003C00
003C00
001C00
001800
001800
003F00
000380
000380
004780
007F00
003C00
ENDCHAR
STARTCHAR uni0163
ENCODING 355
SWIDTH 358 0
DWIDTH 14 0
BBX 15 34 0 -8
BITMAP
0400
0E00
0F00
0F00
0F00
0F00
0F00
FFFC
FFFC
0F00
0F00
0F00
0F00
0F00
0F00
0F00
0F00
0F00
0F00
0F00
0F00
0F00
0F80
07FC
03FE
01FC
01C0
0180
01F8
0018
0018
0638
07F0
01E0
ENDCHAR
STARTCHAR Tcaron
ENCODING 356
SWIDTH 607 0
DWIDTH 24 0
BBX 24 38 0 0
BITMAP
0100C0
0381C0
01C380
00E380
00F700
007E00
003C00
001800
000000
000000
FFFFFF
FFFFFF
FFFFFF
003C00
003C00
003C00
003C00
003C00
003C00
003C00
003C00
003C00
003C00
003C00
003C00
003C00
003C00
003C00
003C00
003C00
003C00
003C00
003C00
003C00
003C00
003C00
003C00
001C00
ENDCHAR
STARTCHAR tcaron
ENCODING 357
SWIDTH 358 0
DWIDTH 14 0
BBX 15 28 0 0
BITMAP
0038
0038
0438
0E30
0F30
0F30
0F30
0F00
0F00
FFFC
FFFC
0F00
0F00
0F00
0F00
0F00
0F00
0F00
0F00
0F00
0F00
0F00
0F00
0F00
0F80
07FC
03FE
01FC
ENDCHAR
STARTCHAR Tbar
ENCODING 358
SWIDTH 607 0
DWIDTH 24 0
BBX 24 28 0 0
BITMAP
FFFFFF
FFFFFF
FFFFFF
003C00
003C00
003C00
003C00
003C00
003C00
003C00
003C00
003C00
07FFE0
0FFFF0
07FFF0
003C00
003C00
003C00
003C00
003C00
003C00
003C00
003C00
003C00
003C00
003C00
003C00
001C00
ENDCHAR
STARTCHAR tbar
ENCODING 359
SWIDTH 358 0
DWIDTH 14 0
BBX 15 26 0 0
BITMAP
0400
0E00
0F00
0F00
0F00
0F00
0F00
FFFC
FFFC
0F00
0F00
0F00
0F00
0F00
7FF8
7FF8
0F00
0F00
0F00
0F00
0F00
0F00
0F80
07FC
03FE
01FC
ENDCHAR
STARTCHAR Utilde
ENCODING 360
SWIDTH 731 0
DWIDTH 29 0
BBX 23 37 3 0
BITMAP
038030
07F030
0FF870
0C3FE0
1C0FC0
180300
000000
000000
000000
F0001E
F0001E
F0001E
F0001E
F0001E
F0001E
F0001E
F0001E
F0001E
F0001E
F0001E
F0001E
F0001E
F0001E
F0001E
F0001E
F0001E
F0001E
F0001E
F0001E
70001E
78003C
78003C
3C007C
3F01F8
1FFFF0
0FFFE0
03FF80
ENDCHAR
STARTCHAR utilde
ENCODING 361
SWIDTH 565 0
DWIDTH 23 0
BBX 17 29 3 0
BITMAP
1E0700
3F8600
3BCE00
70FC00
607C00
200000
000000
000000
000000
400300
E00780
E00780
E00780
E00780
E00780
E00780
E00780
E00780
E00780
E00780
E00780
E00780
F00780
F00F80
F00F80
F81F80
7FFF80
3FF780
1FE700
ENDCHAR
STARTCHAR Umacron
ENCODING 362
SWIDTH 731 0
DWIDTH 29 0
BBX 23 35 3 0
BITMAP
07FFC0
07FFC0
000000
000000
000000
000000
000000
F0001E
F0001E
F0001E
F0001E
F0001E
F0001E
F0001E
F0001E
F0001E
F0001E
F0001E
F0001E
F0001E
F0001E
F0001E
F0001E
F0001E
F0001E
F0001E
F0001E
70001E
78003C
78003C
3C007C
3F01F8
1FFFF0
0FFFE0
03FF80
ENDCHAR
STARTCHAR umacron
ENCODING 363
SWIDTH 565 0
DWIDTH 23 0
BBX 17 27 3 0
BITMAP
3FFC00
3FFC00
000000
000000
000000
000000
000000
400300
E00780
E00780
E00780
E00780
E00780
E00780
E00780
E00780
E00780
E00780
E00780
E00780
F00780
F00F80
F00F80
F81F80
7FFF80
3FF780
1FE700
ENDCHAR
STARTCHAR Ubreve
ENCODING 364
SWIDTH 731 0
DWIDTH 29 0
BBX 23 37 3 0
BITMAP
0600C0
0600C0
0701C0
038380
01FF80
00FF00
001000
000000
000000
F0001E
F0001E
F0001E
F0001E
F0001E
F0001E
F0001E
F0001E
F0001E
F0001E
F0001E
F0001E
F0001E
F0001E
F0001E
F0001E
F0001E
F0001E
F0001E
F0001E
70001E
78003C
78003C
3C007C
3F01F8
1FFFF0
0FFFE0
03FF80
ENDCHAR
STARTCHAR ubreve
ENCODING 365
SWIDTH 565 0
DWIDTH 23 0
BBX 17 30 3 0
BITMAP
300C00
300C00
380C00
180C00
1C1C00
1F7800
0FF000
03E000
000000
000000
400300
E00780
E00780
E00780
E00780
E00780
E00780
E00780
E00780
E00780
E00780
E00780
E00780
F00780
F00F80
F00F80
F81F80
7FFF80
3FF780
1FE700
ENDCHAR
STARTCHAR Uring
ENCODING 366
SWIDTH 731 0
DWIDTH 29 0
BBX 23 40 3 0
BITMAP
003800
00FE00
00C700
018300
018300
018300
018300
00C700
00FE00
003800
000000
000000
F0001E
F0001E
F0001E
F0001E
F0001E
F0001E
F0001E
F0001E
F0001E
F0001E
F0001E
F0001E
F0001E
F0001E
F0001E
F0001E
F0001E
F0001E
F0001E
F0001E
70001E
78003C
78003C
3C007C
3F01F8
1FFFF0
0FFFE0
03FF80
ENDCHAR
STARTCHAR uring
ENCODING 367
SWIDTH 565 0
DWIDTH 23 0
BBX 17 31 3 0
BITMAP
03E000
07F000
0C3800
0C1800
181800
0C1800
0C3800
07F000
03E000
000000
000000
400300
E00780
E00780
E00780
E00780
E00780
E00780
E00780
E00780
E00780
E00780
E00780
E00780
F00780
F00F80
F00F80
F81F80
7FFF80
3FF780
1FE700
ENDCHAR
STARTCHAR Uhungarumlaut
ENCODING 368
SWIDTH 731 0
DWIDTH 29 0
BBX 23 38 3 0
BITMAP
000860
001CE0
0038E0
0039C0
007180
006380
00E300
004200
000000
000000
F0001E
F0001E
F0001E
F0001E
F0001E
F0001E
F0001E
F0001E
F0001E
F0001E
F0001E
F0001E
F0001E
F0001E
F0001E
F0001E
F0001E
F0001E
F0001E
F0001E
70001E
78003C
78003C
3C007C
3F01F8
1FFFF0
0FFFE0
03FF80
ENDCHAR
STARTCHAR uhungarumlaut
ENCODING 369
SWIDTH 565 0
DWIDTH 23 0
BBX 17 31 3 0
BITMAP
018400
01CE00
038E00
039C00
031C00
071800
071800
063800
063000
000000
000000
400300
E00780
E00780
E00780
E00780
E00780
E00780
E00780
E00780
E00780
E00780
E00780
E00780
F00780
F00F80
F00F80
F81F80
7FFF80
3FF780
1FE700
ENDCHAR
STARTCHAR Uogonek
ENCODING 370
SWIDTH 731 0
DWIDTH 29 0
BBX 23 36 3 -8
BITMAP
F0001E
F0001E
F0001E
F0001E
F0001E
F0001E
F0001E
F0001E
F0001E
F0001E
F0001E
F0001E
F0001E
F0001E
F0001E
F0001E
F0001E
F0001E
F0001E
F0001E
70001E
78003C
78003C
3C007C
3F01F8
1FFFF0
0FFFE0
03FF80
003800
007000
006000
006000
007000
007B00
003F00
001E00
ENDCHAR
STARTCHAR uogonek
ENCODING 371
SWIDTH 565 0
DWIDTH 23 0
BBX 18 28 3 -8
BITMAP
400300
E00780
E00780
E00780
E00780
E00780
E00780
E00780
E00780
E00780
E00780
E00780
E00780
F00780
F00F80
F00F80
F81F80
7FFF80
3FF780
1FE700
000E00
001C00
001800
001800
001C00
001EC0
000FC0
000380
ENDCHAR
STARTCHAR Wcircumflex
ENCODING 372
SWIDTH 1104 0
DWIDTH 44 0
BBX 41 38 2 0
BITMAP
000018000000
00003C000000
00007E000000
0000E7000000
0000E3800000
0001C3800000
000381C00000
000100C00000
000000000000
000000000000
E0001C000700
F0003C000780
F0003E000F00
F0007E000F00
78007E000E00
78007F001E00
3800FF001E00
3C00E7001C00
3C00E7803C00
1C01E7803C00
1E01C3803800
1E01C3C07800
0E03C1C07800
0F0381C07000
0F0381E0F000
070780E0F000
078700E0E000
078F00F1E000
038F0071C000
03CE0071C000
03DE007BC000
01DC003B8000
01FC003B8000
01FC003F8000
00F8001F0000
00F8001F0000
0078001F0000
0070000E0000
ENDCHAR
STARTCHAR wcircumflex
ENCODING 373
SWIDTH 844 0
DWIDTH 34 0
BBX 31 31 1 0
BITMAP
00018000
0003C000
0007C000
0007E000
000E7000
000C7000
001C3800
00181800
00381800
00000000
00000000
60018006
F003C00E
7003C00E
7807E01E
7807E01C
3807E01C
3C0FF03C
3C0E7038
1C0E7078
1E1C7878
0E1C3870
0E3C38F0
0F383CE0
07381CE0
07F81DE0
07F00FC0
03F00FC0
03F00FC0
01E00780
01E00780
ENDCHAR
STARTCHAR Ycircumflex
ENCODING 374
SWIDTH 601 0
DWIDTH 24 0
BBX 22 38 1 0
BITMAP
003000
007800
00FC00
01CE00
03CF00
038700
070380
020100
000000
000000
E0001C
F0003C
F8003C
780078
3C00F0
3E01F0
1F01E0
0F03C0
078780
07CF80
03CF00
01FE00
00FE00
00FC00
007800
007800
007800
007800
007800
007800
007800
007800
007800
007800
007800
007800
007800
007800
ENDCHAR
STARTCHAR ycircumflex
ENCODING 375
SWIDTH 517 0
DWIDTH 21 0
BBX 19 38 1 -7
BITMAP
004000
01E000
01F000
03B800
03B800
071C00
061C00
0E0E00
0C0600
000000
000000
6000C0
F001E0
F001E0
7003C0
7803C0
780380
3C0780
3C0700
1C0F00
1E0F00
0E0E00
0F1E00
0F1C00
073C00
07B800
03B800
03F800
01F000
01F000
01E000
01E000
01C000
03C000
03C000
078000
078000
070000
ENDCHAR
STARTCHAR Ydieresis
ENCODING 376
SWIDTH 601 0
DWIDTH 24 0
BBX 22 36 1 0
BITMAP
038700
078700
078780
038700
000000
000000
000000
000000
E0001C
F0003C
F8003C
780078
3C00F0
3E01F0
1F01E0
0F03C0
078780
07CF80
03CF00
01FE00
00FE00
00FC00
007800
007800
007800
007800
007800
007800
007800
007800
007800
007800
007800
007800
007800
007800
ENDCHAR
STARTCHAR Zacute
ENCODING 377
SWIDTH 593 0
DWIDTH 24 0
BBX 21 38 2 0
BITMAP
000300
000700
000F00
000E00
001C00
003800
003000
002000
000000
000000
FFFFF0
FFFFF0
FFFFF0
0001F0
0001E0
0003C0
000780
000780
000F00
001E00
003E00
003C00
007800
00F000
00F000
01E000
03C000
07C000
078000
0F0000
1E0000
1E0000
3C0000
780000
F80000
FFFFF8
FFFFF8
FFFFF8
ENDCHAR
STARTCHAR zacute
ENCODING 378
SWIDTH 466 0
DWIDTH 19 0
BBX 16 31 2 0
BITMAP
0010
0038
0038
0070
0070
00E0
00E0
01C0
0180
0000
0000
0000
FFFE
FFFE
001E
003C
0078
0070
00F0
01E0
03C0
0380
0700
0F00
1E00
1C00
3800
7800
FFFE
FFFF
FFFE
ENDCHAR
STARTCHAR Zdotaccent
ENCODING 379
SWIDTH 593 0
DWIDTH 24 0
BBX 21 36 2 0
BITMAP
007000
00F000
00F000
007000
000000
000000
000000
000000
FFFFF0
FFFFF0
FFFFF0
0001F0
0001E0
0003C0
000780
000780
000F00
001E00
003E00
003C00
007800
00F000
00F000
01E000
03C000
07C000
078000
0F0000
1E0000
1E0000
3C0000
780000
F80000
FFFFF8
FFFFF8
FFFFF8
ENDCHAR
STARTCHAR zdotaccent
ENCODING 380
SWIDTH 466 0
DWIDTH 19 0
BBX 16 28 2 0
BITMAP
0380
07C0
03C0
0380
0000
0000
0000
0000
0000
FFFE
FFFE
001E
003C
0078
0070
00F0
01E0
03C0
0380
0700
0F00
1E00
1C00
3800
7800
FFFE
FFFF
FFFE
ENDCHAR
STARTCHAR Zcaron
ENCODING 381
SWIDTH 593 0
DWIDTH 24 0
BBX 21 38 2 0
BITMAP
040300
0E0700
070600
038E00
01DC00
01F800
00F800
007000
000000
000000
FFFFF0
FFFFF0
FFFFF0
0001F0
0001E0
0003C0
000780
000780
000F00
001E00
003E00
003C00
007800
00F000
00F000
01E000
03C000
07C000
078000
0F0000
1E0000
1E0000
3C0000
780000
F80000
FFFFF8
FFFFF8
FFFFF8
ENDCHAR
STARTCHAR zcaron
ENCODING 382
SWIDTH 466 0
DWIDTH 19 0
BBX 16 30 2 0
BITMAP
3018
3838
1C30
1C70
0EE0
07E0
07C0
0380
0000
0000
0000
FFFE
FFFE
001E
003C
0078
0070
00F0
01E0
03C0
0380
0700
0F00
1E00
1C00
3800
7800
FFFE
FFFF
FFFE
ENDCHAR
STARTCHAR uni0181
ENCODING 385
SWIDTH 809 0
DWIDTH 32 0
BBX 30 28 0 0
BITMAP
0FFFFF80
3FFFFFE0
7FFFFFF0
F07001F0
F0700078
E0700078
E0700038
E0700038
E0700038
00700078
00700070
007001F0
007FFFE0
007FFF80
007FFFE0
007001F0
00700078
00700038
0070003C
0070003C
0070003C
0070003C
0070003C
00700078
007000F8
007FFFF0
007FFFE0
007FFF80
ENDCHAR
STARTCHAR uni018A
ENCODING 394
SWIDTH 877 0
DWIDTH 35 0
BBX 33 28 0 0
BITMAP
1FFFFF0000
3FFFFFC000
7FFFFFF000
F07003F800
F070007C00
E070003E00
E070001E00
E070001F00
E070000F00
0070000F00
0070000F00
0070000780
0070000780
0070000780
0070000780
0070000780
0070000780
0070000F00
0070000F00
0070000F00
0070001F00
0070001E00
0070003C00
007000FC00
007003F800
007FFFF000
007FFFC000
007FFE0000
ENDCHAR
STARTCHAR uni018F
ENCODING 399
SWIDTH 771 0
DWIDTH 31 0
BBX 26 29 2 0
BITMAP
00080000
03FFE000
0FFFF000
3FFFFC00
3E007E00
38001F00
00000F00
00000780
00000780
000003C0
000003C0
000003C0
000003C0
7FFFFFC0
FFFFFFC0
FFFFFFC0
F00001C0
F00003C0
700003C0
780003C0
780003C0
78000780
3C000780
3E000F00
1F001F00
0FC07E00
07FFFC00
03FFF800
00FFE000
ENDCHAR
STARTCHAR florin
ENCODING 402
SWIDTH 600 0
DWIDTH 24 0
BBX 22 37 1 -8
BITMAP
000010
0001FC
0003FC
0007E0
000780
000F00
000E00
000E00
001E00
001E00
03FFF0
03FFF0
003C00
003C00
003C00
003800
003800
007800
007800
007800
007000
007000
00F000
00F000
00F000
00E000
01E000
01E000
01E000
01C000
01C000
03C000
038000
0F8000
FF0000
FE0000
200000
ENDCHAR
STARTCHAR Ohorn
ENCODING 416
SWIDTH 771 0
DWIDTH 31 0
BBX 26 34 2 0
BITMAP
00000080
000001C0
000001C0
000001C0
000003C0
00040780
00FFFF80
03FFFE00
07FFFC00
0FC07E00
1F001F00
3E000F00
3C000780
78000780
780003C0
780003C0
780003C0
F00003C0
F00001C0
F00001C0
F00001C0
F00001C0
F00003C0
780003C0
780003C0
780003C0
7C000780
3C000780
3E000F00
1F001F00
0FC07E00
07FFFC00
03FFF000
00FFC000
ENDCHAR
STARTCHAR ohorn
ENCODING 417
SWIDTH 560 0
DWIDTH 22 0
BBX 19 25 2 0
BITMAP
0000C0
0000E0
0000E0
0001E0
0001C0
03FFC0
0FFF80
1FFF00
3E1F80
780780
7803C0
F003C0
F001C0
F001E0
E001E0
E001E0
E001E0
F001C0
F003C0
F003C0
7807C0
7C0F80
3FFF00
1FFE00
07F800
ENDCHAR
STARTCHAR Uhorn
ENCODING 431
SWIDTH 731 0
DWIDTH 29 0
BBX 28 34 3 0
BITMAP
00000020
000000F0
000000F0
000000E0
000000E0
000003E0
F0001FC0
F0001F00
F0001E00
F0001E00
F0001E00
F0001E00
F0001E00
F0001E00
F0001E00
F0001E00
F0001E00
F0001E00
F0001E00
F0001E00
F0001E00
F0001E00
F0001E00
F0001E00
F0001E00
F0001E00
70001E00
78003C00
78003C00
3C007C00
3F01F800
1FFFF000
0FFFE000
03FF8000
ENDCHAR
STARTCHAR uhorn
ENCODING 432
SWIDTH 565 0
DWIDTH 23 0
BBX 21 25 3 0
BITMAP
000018
000038
000038
000038
000078
4001F0
E007E0
E00780
E00780
E00780
E00780
E00780
E00780
E00780
E00780
E00780
E00780
E00780
F00780
F00F80
F00F80
F81F80
7FFF80
3FF780
1FE700
ENDCHAR
STARTCHAR uni01B3
ENCODING 435
SWIDTH 614 0
DWIDTH 25 0
BBX 26 29 1 0
BITMAP
00000100
E0001FC0
F0003FC0
F8007E00
78007800
3C00F000
3E01E000
1F01E000
0F03C000
07878000
07CF8000
03CF0000
01FE0000
00FC0000
00FC0000
00780000
00780000
00780000
00780000
00780000
00780000
00780000
00780000
00780000
00780000
00780000
00780000
00780000
00780000
ENDCHAR
STARTCHAR uni01B4
ENCODING 436
SWIDTH 556 0
DWIDTH 22 0
BBX 23 27 1 -7
BITMAP
60003C
F000FE
F001FE
7001E0
7803C0
780380
3C0780
3C0700
1C0F00
1E0F00
0E0E00
0F1E00
0F1C00
073C00
07B800
03B800
03F800
01F000
01F000
01E000
01E000
01C000
03C000
03C000
078000
078000
070000
ENDCHAR
STARTCHAR uni01C4
ENCODING 452
SWIDTH 1325 0
DWIDTH 53 0
BBX 49 38 3 0
BITMAP
00000000601000
00000000703000
00000000707000
0000000038E000
000000001DC000
000000000FC000
000000000F8000
00000000070000
00000000000000
00000000000000
7FFF000FFFFF00
FFFFC00FFFFF80
FFFFF00FFFFF00
F003F800000F00
F000FC00001E00
F0003C00003C00
F0001E00003C00
F0001E00007800
F0000F0000F000
F0000F0001F000
F0000F0001E000
F0000F0003C000
F0000700078000
F0000780078000
F00007800F0000
F00007001E0000
F0000F003E0000
F0000F003C0000
F0000F00780000
F0000F00F00000
F0001E00F00000
F0003E01E00000
F0003C03C00000
F000FC07C00000
F007F807800000
FFFFE00FFFFF80
FFFFC00FFFFF80
7FFE000FFFFF80
ENDCHAR
STARTCHAR uni01C5
ENCODING 453
SWIDTH 1213 0
DWIDTH 49 0
BBX 45 30 3 0
BITMAP
0000000180C0
00000001C1C0
7FFF0000E380
FFFFC000E380
FFFFF0007700
F003F8007600
F000FC003E00
F0003C001C00
F0001E000000
F0001E000000
F0000F000000
F0000F07FFF0
F0000F07FFF0
F0000F0000E0
F000070001E0
F000078003C0
F00007800780
F00007000700
F0000F000F00
F0000F001E00
F0000F003C00
F0000F003800
F0001E007800
F0003E00F000
F0003C01E000
F000FC01C000
F007F803C000
FFFFE007FFF0
FFFFC007FFF8
7FFE0007FFF0
ENDCHAR
STARTCHAR uni01C6
ENCODING 454
SWIDTH 1053 0
DWIDTH 42 0
BBX 39 30 2 0
BITMAP
0000003038
0000003830
0001C03870
0001E01CE0
0001E00CE0
0001E00FC0
0001E007C0
0001E00780
0001E00000
0001E00000
03E1E00000
0FF9E1FFFE
3FFDE1FFFE
3E1FE0003C
7807E00038
7803E00078
F003E000F0
F001E001E0
F001E001C0
E001E00380
E001E00780
E001E00F00
F001E00E00
F003E01C00
F003E03C00
7807E07800
7C0FE0F000
3FFDE0FFFE
1FFDE1FFFE
0FF1C0FFFE
ENDCHAR
STARTCHAR uni01C7
ENCODING 455
SWIDTH 918 0
DWIDTH 37 0
BBX 30 28 3 0
BITMAP
7000001C
F000001C
F000001C
F000001C
F000001C
F000001C
F000001C
F000001C
F000001C
F000001C
F000001C
F000001C
F000001C
F000001C
F000001C
F000001C
F000001C
F000001C
F000001C
F000001C
F000001C
F000001C
F000003C
F000003C
F000007C
FFFFCFF8
FFFFEFF0
7FFFCFC0
ENDCHAR
STARTCHAR uni01C8
ENCODING 456
SWIDTH 789 0
DWIDTH 32 0
BBX 26 36 3 -8
BITMAP
700003C0
F00007C0
F00003C0
F0000380
F0000000
F0000000
F0000000
F0000000
F0000180
F00003C0
F00003C0
F00003C0
F00003C0
F00003C0
F00003C0
F00003C0
F00003C0
F00003C0
F00003C0
F00003C0
F00003C0
F00003C0
F00003C0
F00003C0
F00003C0
FFFFC3C0
FFFFE3C0
7FFFC3C0
000003C0
000003C0
00000380
00000780
00000F80
00007F00
00007E00
00003000
ENDCHAR
STARTCHAR uni01C9
ENCODING 457
SWIDTH 542 0
DWIDTH 22 0
BBX 16 36 3 -8
BITMAP
E00F
F00F
F00F
F00F
F000
F000
F000
F000
F006
F00F
F00F
F00F
F00F
F00F
F00F
F00F
F00F
F00F
F00F
F00F
F00F
F00F
F00F
F00F
F80F
7F8F
7F8F
1F8F
000F
000F
000F
001E
003E
01FC
01F8
0080
ENDCHAR
STARTCHAR uni01CA
ENCODING 458
SWIDTH 1072 0
DWIDTH 43 0
BBX 36 28 3 0
BITMAP
70000E0070
F8000E0070
F8000E0070
FC000E0070
FE000E0070
FF000E0070
FF000E0070
F7800E0070
F3C00E0070
F1E00E0070
F1E00E0070
F0F00E0070
F0780E0070
F03C0E0070
F03C0E0070
F01E0E0070
F00F0E0070
F0078E0070
F0078E0070
F003CE0070
F001EE0070
F000FE0070
F000FE00F0
F0007E00F0
F0003E01F0
F0001E1FE0
F0001E3FC0
70000E3F00
ENDCHAR
STARTCHAR uni01CB
ENCODING 459
SWIDTH 982 0
DWIDTH 39 0
BBX 34 36 3 -8
BITMAP
70000E0380
F8000E07C0
F8000E07C0
FC000E0380
FE000E0000
FF000E0000
FF000E0000
F7800E0000
F3C00E0100
F1E00E0380
F1E00E0380
F0F00E0380
F0780E0380
F03C0E0380
F03C0E0380
F01E0E0380
F00F0E0380
F0078E0380
F0078E0380
F003CE0380
F001EE0380
F000FE0380
F000FE0380
F0007E0380
F0003E0380
F0001E0380
F0001E0380
70000E0380
0000000380
0000000380
0000000780
0000000780
0000001F00
0000007F00
000000FC00
0000006000
ENDCHAR
STARTCHAR uni01CC
ENCODING 460
SWIDTH 813 0
DWIDTH 33 0
BBX 27 36 3 -8
BITMAP
000001E0
000003E0
000001E0
000001C0
00000000
00000000
00000000
00000000
40F800C0
E3FE01E0
EFFF01E0
EE1F01E0
F80781E0
F00781E0
F00781E0
F00781E0
F00781E0
F00781E0
F00781E0
F00781E0
F00781E0
F00781E0
F00781E0
F00781E0
F00781E0
F00781E0
F00781E0
E00381E0
000001E0
000001E0
000001C0
000003C0
000007C0
00003F80
00003F00
00003800
ENDCHAR
STARTCHAR uni01CD
ENCODING 461
SWIDTH 733 0
DWIDTH 29 0
BBX 27 38 1 0
BITMAP
00C02000
00E07000
0060E000
0071C000
003B8000
001F8000
001F0000
00060000
00000000
00000000
000E0000
001F0000
001F0000
003F8000
003B8000
003BC000
0079C000
0071E000
00F0E000
00E0F000
01E0F000
01C07000
03C07800
03C03800
03803C00
07801C00
07001E00
0F001E00
0FFFFF00
1FFFFF00
1FFFFF00
1C000780
3C000380
380003C0
780003C0
700001E0
F00001E0
E00000E0
ENDCHAR
STARTCHAR uni01CE
ENCODING 462
SWIDTH 533 0
DWIDTH 21 0
BBX 17 30 2 0
BITMAP
1C0C00
0C1C00
0E1C00
073800
073000
03F000
03E000
01E000
000000
000000
03F000
1FFC00
7FFE00
7C1F00
200F00
000700
000700
000780
000780
0FFF80
3FFF80
7C0780
F00780
F00780
F00780
F00F80
F81F80
7C7F80
3FF780
1FE700
ENDCHAR
STARTCHAR uni01D4
ENCODING 468
SWIDTH 565 0
DWIDTH 23 0
BBX 17 30 3 0
BITMAP
181C00
1C1800
0C3800
0E3000
077000
07E000
03E000
03C000
000000
000000
400300
E00780
E00780
E00780
E00780
E00780
E00780
E00780
E00780
E00780
E00780
E00780
E00780
F00780
F00F80
F00F80
F81F80
7FFF80
3FF780
1FE700
ENDCHAR
STARTCHAR uni01E5
ENCODING 485
SWIDTH 590 0
DWIDTH 24 0
BBX 21 28 2 -8
BITMAP
03E0C0
0FF9E0
3FFDE0
3E0FE0
7807E0
F003E0
F001E0
F001E0
E001E0
E001E0
F001E0
F001E0
F003E0
7803E0
7C07E0
3FBFE0
1FFDE0
0FF9E0
0001E0
0001E0
003FF8
003FF8
0003C0
7007C0
7E1F80
3FFF00
0FFE00
004000
ENDCHAR
STARTCHAR Gcaron
ENCODING 486
SWIDTH 729 0
DWIDTH 29 0
BBX 24 38 2 0
BITMAP
00C020
00E070
0070E0
0071C0
003BC0
001F80
001F00
000600
000000
000F00
00FFF0
03FFFC
07FFFE
0FC01F
1F0007
3E0000
3C0000
7C0000
780000
780000
780000
F00000
F00000
F003FE
F003FF
F003FF
F00007
780007
780007
780007
7C0007
3C0007
3E0007
1F0007
0FE01F
07FFFF
03FFFE
007FF8
ENDCHAR
STARTCHAR gcaron
ENCODING 487
SWIDTH 590 0
DWIDTH 24 0
BBX 19 38 2 -8
BITMAP
0E0600
060E00
070E00
039C00
039800
01F800
01F000
00F000
000000
000000
03E0C0
0FF9E0
3FFDE0
3E0FE0
7807E0
F803E0
F003E0
F001E0
F001E0
E001E0
E001E0
F001E0
F001E0
F003E0
7803E0
7C07E0
3FBFE0
1FFDE0
0FF1E0
0081E0
0001E0
0001C0
0003C0
7007C0
7F1F80
3FFF00
0FFE00
006000
ENDCHAR
STARTCHAR uni01E9
ENCODING 489
SWIDTH 508 0
DWIDTH 20 0
BBX 16 38 3 0
BITMAP
180C
180C
1C1C
0E38
0770
07F0
03E0
01C0
0000
0000
E000
F000
F000
F000
F000
F000
F000
F000
F006
F01E
F03E
F07C
F0F8
F1F0
F3E0
F7C0
FF80
FF00
FF00
FF80
F7C0
F3E0
F1F0
F0F8
F03C
F01E
F00F
E007
ENDCHAR
STARTCHAR uni01EA
ENCODING 490
SWIDTH 771 0
DWIDTH 31 0
BBX 26 37 2 -8
BITMAP
00040000
00FFE000
03FFF800
07FFFC00
0FC07E00
1F001F00
3E000F00
3C000780
78000780
780003C0
780003C0
780003C0
F00003C0
F00001C0
F00001C0
F00001C0
F00001C0
F00003C0
780003C0
780003C0
780003C0
7C000780
3C000780
3E000F00
1F001F00
0FC07E00
07FFFC00
03FFF000
00FFC000
000E0000
001C0000
00180000
00180000
00180000
001EC000
000FC000
00078000
ENDCHAR
STARTCHAR uni01EB
ENCODING 491
SWIDTH 560 0
DWIDTH 22 0
BBX 19 28 2 -8
BITMAP
03F000
0FFC00
1FFF00
3E1F80
780780
7803C0
F003C0
F001C0
F001E0
E001E0
E001E0
E001E0
F001C0
F003C0
F003C0
7807C0
7C0F80
3FFF00
1FFE00
07F800
00E000
01C000
018000
038000
038000
01EC00
01FC00
007800
ENDCHAR
STARTCHAR uni01EF
ENCODING 495
SWIDTH 500 0
DWIDTH 20 0
BBX 19 38 0 -8
BITMAP
0C0600
0E0E00
071C00
071C00
03B800
03F000
01F000
00E000
000000
000000
000000
7FFFC0
7FFFC0
000780
000F00
001E00
003C00
007800
007000
00F000
01E000
03C000
07FE00
07FF00
000F80
0003C0
0003C0
0001E0
0001E0
0001E0
0001E0
0001C0
0003C0
6007C0
FE3F80
7FFF00
1FFC00
006000
ENDCHAR
STARTCHAR Aringacute
ENCODING 506
SWIDTH 733 0
DWIDTH 29 0
BBX 27 42 1 0
BITMAP
00001800
00003800
00007000
001FE000
0039C000
0060C000
0060C000
0060C000
0060C000
0031C000
003F8000
000E0000
00000000
00000000
000E0000
001F0000
001F0000
003F8000
003B8000
003BC000
0079C000
0071E000
00F0E000
00E0F000
01E0F000
01C07000
03C07800
03C03800
03803C00
07801C00
07001E00
0F001E00
0FFFFF00
1FFFFF00
1FFFFF00
1C000780
3C000380
380003C0
780003C0
700001E0
F00001E0
E00000E0
ENDCHAR
STARTCHAR aringacute
ENCODING 507
SWIDTH 533 0
DWIDTH 21 0
BBX 17 33 2 0
BITMAP
000300
000700
01EE00
03FC00
061800
0C1800
0C0C00
0C0C00
061800
07F800
03F000
000000
000000
03F000
1FFC00
7FFE00
7C1F00
200F00
000700
000700
000780
000780
0FFF80
3FFF80
7C0780
F00780
F00780
F00780
F00F80
F81F80
7C7F80
3FF780
1FE700
ENDCHAR
STARTCHAR AEacute
ENCODING 508
SWIDTH 984 0
DWIDTH 39 0
BBX 38 38 0 0
BITMAP
0000018000
000003C000
0000078000
0000070000
00000E0000
00001E0000
00001C0000
0000080000
0000000000
0000000000
0000FFFFF8
0001FFFFFC
0001FFFFF8
0003F80000
0003F80000
0007B80000
000F380000
000E380000
001E3C0000
003C1C0000
003C1C0000
00781C0000
00701FFFF0
00F01FFFF8
01E00FFFF8
01E00E0000
03C00E0000
03800F0000
07FFFF0000
0FFFFF0000
0FFFFF0000
1E00070000
1C00078000
3C00038000
7800038000
780003FFF8
F00003FFFC
E00001FFF8
ENDCHAR
STARTCHAR aeacute
ENCODING 509
SWIDTH 862 0
DWIDTH 34 0
BBX 31 31 2 0
BITMAP
00002000
00007000
00007000
0000F000
0000E000
0001C000
0001C000
00038000
00030000
00000000
00000000
03F00F80
1FFC3FE0
7FFEFFF0
7C1EF078
200FC03C
0007C01C
0007801E
0007800E
0007800E
0FFFFFFE
3FFFFFFE
7C078000
F0078000
F0078000
F007C000
F00FC000
F81DE01E
7C7CFFFE
3FF87FFC
1FE01FF0
ENDCHAR
STARTCHAR Oslashacute
ENCODING 510
SWIDTH 771 0
DWIDTH 31 0
BBX 26 40 2 -2
BITMAP
00006000
0000E000
0001E000
0001C000
00038000
00070000
00070000
00040000
00000600
00040E00
00FFEE00
03FFFC00
07FFFC00
0FC07E00
1F007F00
3E007F00
3C00E780
7801E780
7801C3C0
7803C3C0
780383C0
F00703C0
F00701C0
F00E01C0
F01E01C0
F01C01C0
F03C03C0
783803C0
787003C0
78F003C0
7CE00780
3DE00780
3FC00F00
1F801F00
0FC07E00
07FFFC00
0FFFF000
0EFFC000
0E000000
0C000000
ENDCHAR
STARTCHAR oslashacute
ENCODING 511
SWIDTH 560 0
DWIDTH 22 0
BBX 19 33 2 -2
BITMAP
000C00
000E00
001E00
001C00
003800
003800
007000
006000
00E000
000000
000300
03F700
0FFF00
1FFF00
3E1F80
781F80
781BC0
F03BC0
F071C0
F071E0
E0E1E0
E0E1E0
E1C1E0
F181C0
F383C0
F703C0
7F07C0
7E0F80
3FFF00
1FFE00
3FF800
380000
300000
ENDCHAR
STARTCHAR uni0200
ENCODING 512
SWIDTH 733 0
DWIDTH 29 0
BBX 27 38 1 0
BITMAP
030C0000
039C0000
03CE0000
01C60000
00E70000
00630000
00718000
00208000
00000000
00000000
000E0000
001F0000
001F0000
003F8000
003B8000
003BC000
0079C000
0071E000
00F0E000
00E0F000
01E0F000
01C07000
03C07800
03C03800
03803C00
07801C00
07001E00
0F001E00
0FFFFF00
1FFFFF00
1FFFFF00
1C000780
3C000380
380003C0
780003C0
700001E0
F00001E0
E00000E0
ENDCHAR
STARTCHAR uni0201
ENCODING 513
SWIDTH 533 0
DWIDTH 21 0
BBX 17 31 2 0
BITMAP
10C000
38E000
1CE000
1CE000
1C6000
0C7000
0E3000
063000
063000
000000
000000
03F000
1FFC00
7FFE00
7C1F00
200F00
000700
000700
000780
000780
0FFF80
3FFF80
7C0780
F00780
F00780
F00780
F00F80
F81F80
7C7F80
3FF780
1FE700
ENDCHAR
STARTCHAR uni0202
ENCODING 514
SWIDTH 733 0
DWIDTH 29 0
BBX 27 37 1 0
BITMAP
003F8000
007FE000
00E0E000
01C07000
01C03000
01803000
00801000
00000000
00000000
000E0000
001F0000
001F0000
003F8000
003B8000
003BC000
0079C000
0071E000
00F0E000
00E0F000
01E0F000
01C07000
03C07800
03C03800
03803C00
07801C00
07001E00
0F001E00
0FFFFF00
1FFFFF00
1FFFFF00
1C000780
3C000380
380003C0
780003C0
700001E0
F00001E0
E00000E0
ENDCHAR
STARTCHAR uni0203
ENCODING 515
SWIDTH 533 0
DWIDTH 21 0
BBX 17 30 2 0
BITMAP
01E000
07F800
0FFC00
0E1C00
1C0E00
180600
180600
180600
000000
000000
03F000
1FFC00
7FFE00
7C1F00
200F00
000700
000700
000780
000780
0FFF80
3FFF80
7C0780
F00780
F00780
F00780
F00F80
F81F80
7C7F80
3FF780
1FE700
ENDCHAR
STARTCHAR uni0204
ENCODING 516
SWIDTH 586 0
DWIDTH 23 0
BBX 19 38 3 0
BITMAP
18C000
38E000
1CE000
0C7000
0E3000
063800
031800
010800
000000
000000
7FFFE0
FFFFE0
FFFFC0
F00000
F00000
F00000
F00000
F00000
F00000
F00000
F00000
F00000
FFFF80
FFFFC0
FFFFC0
F00000
F00000
F00000
F00000
F00000
F00000
F00000
F00000
F00000
F00000
FFFFC0
FFFFE0
7FFFC0
ENDCHAR
STARTCHAR uni0205
ENCODING 517
SWIDTH 534 0
DWIDTH 21 0
BBX 18 31 2 0
BITMAP
184000
1CE000
1CE000
1C7000
0C7000
0E7000
063000
063800
061800
000000
000000
01F000
0FFC00
1FFE00
3C0F00
780780
700380
F00380
F001C0
E001C0
FFFFC0
FFFFC0
E00000
E00000
F00000
F00000
780000
7C0380
3FFF80
1FFF00
07FC00
ENDCHAR
STARTCHAR uni0206
ENCODING 518
SWIDTH 586 0
DWIDTH 23 0
BBX 19 37 3 0
BITMAP
03FC00
07FE00
0F0F00
0C0300
1C0380
1C0380
080100
000000
000000
7FFFE0
FFFFE0
FFFFC0
F00000
F00000
F00000
F00000
F00000
F00000
F00000
F00000
F00000
FFFF80
FFFFC0
FFFFC0
F00000
F00000
F00000
F00000
F00000
F00000
F00000
F00000
F00000
F00000
FFFFC0
FFFFE0
7FFFC0
ENDCHAR
STARTCHAR uni0207
ENCODING 519
SWIDTH 534 0
DWIDTH 21 0
BBX 18 30 2 0
BITMAP
01E000
07F800
07FC00
0E0E00
0C0E00
1C0600
180600
180600
000000
000000
01F000
0FFC00
1FFE00
3C0F00
780780
700380
F00380
F001C0
E001C0
FFFFC0
FFFFC0
E00000
E00000
F00000
F00000
780000
7C0380
3FFF80
1FFF00
07FC00
ENDCHAR
STARTCHAR uni0208
ENCODING 520
SWIDTH 262 0
DWIDTH 10 0
BBX 11 38 -2 0
BITMAP
C600
E700
E700
7380
7180
39C0
18E0
0840
0000
0000
0380
0780
0780
0780
0780
0780
0780
0780
0780
0780
0780
0780
0780
0780
0780
0780
0780
0780
0780
0780
0780
0780
0780
0780
0780
0780
0780
0380
ENDCHAR
STARTCHAR uni0209
ENCODING 521
SWIDTH 237 0
DWIDTH 9 0
BBX 10 31 -2 0
BITMAP
4300
E700
E380
7380
7180
31C0
39C0
18C0
18C0
0000
0000
0300
0700
0780
0780
0780
0780
0780
0780
0780
0780
0780
0780
0780
0780
0780
0780
0780
0780
0780
0700
ENDCHAR
STARTCHAR uni020A
ENCODING 522
SWIDTH 262 0
DWIDTH 10 0
BBX 14 37 -2 0
BITMAP
0FE0
3FF0
3838
7018
601C
E00C
4008
0000
0000
0380
0780
0780
0780
0780
0780
0780
0780
0780
0780
0780
0780
0780
0780
0780
0780
0780
0780
0780
0780
0780
0780
0780
0780
0780
0780
0780
0380
ENDCHAR
STARTCHAR uni020B
ENCODING 523
SWIDTH 237 0
DWIDTH 9 0
BBX 13 30 -2 0
BITMAP
0780
1FC0
3FE0
7070
7030
6038
E018
6018
0000
0000
0300
0700
0780
0780
0780
0780
0780
0780
0780
0780
0780
0780
0780
0780
0780
0780
0780
0780
0780
0700
ENDCHAR
STARTCHAR uni020C
ENCODING 524
SWIDTH 771 0
DWIDTH 31 0
BBX 26 38 2 0
BITMAP
030C0000
039C0000
038E0000
01CE0000
00C70000
00E30000
00638000
00210000
00000000
00040000
00FFE000
03FFF800
07FFFC00
0FC07E00
1F001F00
3E000F00
3C000780
78000780
780003C0
780003C0
780003C0
F00003C0
F00001C0
F00001C0
F00001C0
F00001C0
F00003C0
780003C0
780003C0
780003C0
7C000780
3C000780
3E000F00
1F001F00
0FC07E00
07FFFC00
03FFF000
00FFC000
ENDCHAR
STARTCHAR uni020D
ENCODING 525
SWIDTH 560 0
DWIDTH 22 0
BBX 19 31 2 0
BITMAP
184000
1CE000
1CE000
1C6000
0C7000
0E7000
063000
063800
061800
000000
000000
03F000
0FFC00
1FFF00
3E1F80
780780
7803C0
F003C0
F001C0
F001E0
E001E0
E001E0
E001E0
F001C0
F003C0
F003C0
7807C0
7C0F80
3FFF00
1FFE00
07F800
ENDCHAR
STARTCHAR uni020E
ENCODING 526
SWIDTH 771 0
DWIDTH 31 0
BBX 26 37 2 0
BITMAP
003F8000
00FFC000
00E0E000
01C07000
01803000
01803000
01002000
00000000
00040000
00FFE000
03FFF800
07FFFC00
0FC07E00
1F001F00
3E000F00
3C000780
78000780
780003C0
780003C0
780003C0
F00003C0
F00001C0
F00001C0
F00001C0
F00001C0
F00003C0
780003C0
780003C0
780003C0
7C000780
3C000780
3E000F00
1F001F00
0FC07E00
07FFFC00
03FFF000
00FFC000
ENDCHAR
STARTCHAR uni020F
ENCODING 527
SWIDTH 560 0
DWIDTH 22 0
BBX 19 30 2 0
BITMAP
01E000
07F800
07FC00
0E0C00
1C0E00
1C0600
180600
180600
000000
000000
03F000
0FFC00
1FFF00
3E1F80
780780
7803C0
F003C0
F001C0
F001E0
E001E0
E001E0
E001E0
F001C0
F003C0
F003C0
7807C0
7C0F80
3FFF00
1FFE00
07F800
ENDCHAR
STARTCHAR uni0210
ENCODING 528
SWIDTH 673 0
DWIDTH 27 0
BBX 22 38 3 0
BITMAP
186000
1CE000
1E7000
0E3000
073800
031800
038C00
010400
000000
000000
7FFF00
FFFFC0
FFFFE0
F001F0
F000F8
F00078
F00078
F00038
F00038
F00078
F00078
F000F8
F001F0
FFFFE0
FFFFC0
FFFF00
F01F00
F00780
F003C0
F003C0
F001E0
F001E0
F000F0
F000F0
F00078
F0007C
F0003C
70001C
ENDCHAR
STARTCHAR uni0211
ENCODING 529
SWIDTH 365 0
DWIDTH 15 0
BBX 12 31 2 0
BITMAP
4300
E700
E380
7380
7180
31C0
39C0
18C0
18C0
0000
0000
2070
71F0
77F0
7780
7E00
7C00
7800
7800
7800
7800
7800
7800
7800
7800
7800
7800
7800
7800
7800
7000
ENDCHAR
STARTCHAR uni0212
ENCODING 530
SWIDTH 673 0
DWIDTH 27 0
BBX 22 37 3 0
BITMAP
01FC00
03FF00
070700
0E0380
0E0180
0C0180
040080
000000
000000
7FFF00
FFFFC0
FFFFE0
F001F0
F000F8
F00078
F00078
F00038
F00038
F00078
F00078
F000F8
F001F0
FFFFE0
FFFFC0
FFFF00
F01F00
F00780
F003C0
F003C0
F001E0
F001E0
F000F0
F000F0
F00078
F0007C
F0003C
70001C
ENDCHAR
STARTCHAR uni0213
ENCODING 531
SWIDTH 365 0
DWIDTH 15 0
BBX 13 30 2 0
BITMAP
0780
1FC0
3FE0
7070
7030
6038
E018
6018
0000
0000
2070
71F0
77F0
7780
7E00
7C00
7800
7800
7800
7800
7800
7800
7800
7800
7800
7800
7800
7800
7800
7000
ENDCHAR
STARTCHAR uni0214
ENCODING 532
SWIDTH 731 0
DWIDTH 29 0
BBX 23 38 3 0
BITMAP
0C3000
0E7000
0F3800
073800
039C00
018C00
01C600
008600
000000
000000
F0001E
F0001E
F0001E
F0001E
F0001E
F0001E
F0001E
F0001E
F0001E
F0001E
F0001E
F0001E
F0001E
F0001E
F0001E
F0001E
F0001E
F0001E
F0001E
F0001E
70001E
78003C
78003C
3C007C
3F01F8
1FFFF0
0FFFE0
03FF80
ENDCHAR
STARTCHAR uni0215
ENCODING 533
SWIDTH 565 0
DWIDTH 23 0
BBX 17 31 3 0
BITMAP
308000
39C000
39C000
38E000
1CE000
1C6000
0C6000
0C7000
0E3000
000000
000000
400300
E00780
E00780
E00780
E00780
E00780
E00780
E00780
E00780
E00780
E00780
E00780
E00780
F00780
F00F80
F00F80
F81F80
7FFF80
3FF780
1FE700
ENDCHAR
STARTCHAR uni0216
ENCODING 534
SWIDTH 731 0
DWIDTH 29 0
BBX 23 37 3 0
BITMAP
00FE00
01FF80
038380
0701C0
0700C0
0600C0
020040
000000
000000
F0001E
F0001E
F0001E
F0001E
F0001E
F0001E
F0001E
F0001E
F0001E
F0001E
F0001E
F0001E
F0001E
F0001E
F0001E
F0001E
F0001E
F0001E
F0001E
F0001E
70001E
78003C
78003C
3C007C
3F01F8
1FFFF0
0FFFE0
03FF80
ENDCHAR
STARTCHAR uni0217
ENCODING 535
SWIDTH 565 0
DWIDTH 23 0
BBX 17 30 3 0
BITMAP
03C000
07F000
0FF800
1C1C00
181C00
380C00
300C00
300C00
000000
000000
400300
E00780
E00780
E00780
E00780
E00780
E00780
E00780
E00780
E00780
E00780
E00780
E00780
F00780
F00F80
F00F80
F81F80
7FFF80
3FF780
1FE700
ENDCHAR
STARTCHAR uni0218
ENCODING 536
SWIDTH 618 0
DWIDTH 25 0
BBX 21 40 2 -11
BITMAP
003000
03FF80
0FFFE0
1FFFF0
3E00F0
7C0070
780000
700000
700000
700000
780000
780000
7E0000
3FE000
1FFE00
07FFC0
00FFE0
0007F0
0000F8
000078
000078
000078
000078
400078
E000F8
FC01F0
7FFFE0
3FFFC0
07FF00
000000
000000
000000
007000
007800
007800
007800
003800
003000
003000
002000
ENDCHAR
STARTCHAR uni0219
ENCODING 537
SWIDTH 483 0
DWIDTH 19 0
BBX 16 31 2 -11
BITMAP
07E0
1FFC
3FFE
781E
7004
F000
F000
7000
7C00
3FE0
1FF8
03FC
001E
000E
000F
000E
E01E
FE7E
7FFC
1FF0
0000
0000
0000
0380
07C0
03C0
03C0
01C0
0180
0380
0100
ENDCHAR
STARTCHAR uni021A
ENCODING 538
SWIDTH 607 0
DWIDTH 24 0
BBX 24 39 0 -11
BITMAP
FFFFFF
FFFFFF
FFFFFF
003C00
003C00
003C00
003C00
003C00
003C00
003C00
003C00
003C00
003C00
003C00
003C00
003C00
003C00
003C00
003C00
003C00
003C00
003C00
003C00
003C00
003C00
003C00
003C00
001C00
000000
000000
000000
001C00
003C00
003C00
001C00
000C00
000C00
001800
001000
ENDCHAR
STARTCHAR uni021B
ENCODING 539
SWIDTH 358 0
DWIDTH 14 0
BBX 15 37 0 -11
BITMAP
0400
0E00
0F00
0F00
0F00
0F00
0F00
FFFC
FFFC
0F00
0F00
0F00
0F00
0F00
0F00
0F00
0F00
0F00
0F00
0F00
0F00
0F00
0F80
07FC
03FE
01FC
0000
0000
0000
01C0
01E0
01E0
01E0
0060
00C0
00C0
0080
ENDCHAR
STARTCHAR uni021F
ENCODING 543
SWIDTH 572 0
DWIDTH 23 0
BBX 17 38 3 0
BITMAP
180C00
180C00
1C1C00
0E3800
077000
07F000
03E000
01C000
000000
000000
E00000
F00000
F00000
F00000
F00000
F00000
F00000
F00000
F0F800
F3FE00
FFFF00
FE1F00
F80780
F00780
F00780
F00780
F00780
F00780
F00780
F00780
F00780
F00780
F00780
F00780
F00780
F00780
F00780
E00380
ENDCHAR
STARTCHAR uni0226
ENCODING 550
SWIDTH 733 0
DWIDTH 29 0
BBX 27 36 1 0
BITMAP
000E0000
000F0000
000F0000
000E0000
00000000
00000000
00000000
00000000
000E0000
001F0000
001F0000
003F8000
003B8000
003BC000
0079C000
0071E000
00F0E000
00E0F000
01E0F000
01C07000
03C07800
03C03800
03803C00
07801C00
07001E00
0F001E00
0FFFFF00
1FFFFF00
1FFFFF00
1C000780
3C000380
380003C0
780003C0
700001E0
F00001E0
E00000E0
ENDCHAR
STARTCHAR uni0227
ENCODING 551
SWIDTH 533 0
DWIDTH 21 0
BBX 17 28 2 0
BITMAP
01E000
01E000
01E000
00C000
000000
000000
000000
000000
03F000
1FFC00
7FFE00
7C1F00
200F00
000700
000700
000780
000780
0FFF80
3FFF80
7C0780
F00780
F00780
F00780
F00F80
F81F80
7C7F80
3FF780
1FE700
ENDCHAR
STARTCHAR uni0228
ENCODING 552
SWIDTH 586 0
DWIDTH 23 0
BBX 19 36 3 -8
BITMAP
7FFFE0
FFFFE0
FFFFC0
F00000
F00000
F00000
F00000
F00000
F00000
F00000
F00000
F00000
FFFF80
FFFFC0
FFFFC0
F00000
F00000
F00000
F00000
F00000
F00000
F00000
F00000
F00000
F00000
FFFFC0
FFFFE0
7FFFC0
006000
00E000
00FC00
000E00
000E00
011C00
03FC00
00F000
ENDCHAR
STARTCHAR uni022A
ENCODING 554
SWIDTH 771 0
DWIDTH 31 0
BBX 26 39 2 0
BITMAP
01FFF000
01FFE000
00000000
00000000
00E1E000
00F1E000
00F1E000
00000000
00000000
00000000
00040000
00FFE000
03FFF800
07FFFC00
0FC07E00
1F001F00
3E000F00
3C000780
78000780
780003C0
780003C0
780003C0
F00003C0
F00001C0
F00001C0
F00001C0
F00001C0
F00003C0
780003C0
780003C0
780003C0
7C000780
3C000780
3E000F00
1F001F00
0FC07E00
07FFFC00
03FFF000
00FFC000
ENDCHAR
STARTCHAR uni022B
ENCODING 555
SWIDTH 560 0
DWIDTH 22 0
BBX 19 31 2 0
BITMAP
0FFC00
1FFE00
0FFE00
000000
000000
0E1E00
0F1E00
0E1C00
000000
000000
000000
03F000
0FFC00
1FFF00
3E1F80
780780
7803C0
F003C0
F001C0
F001E0
E001E0
E001E0
E001E0
F001C0
F003C0
F003C0
7807C0
7C0F80
3FFF00
1FFE00
07F800
ENDCHAR
STARTCHAR uni022C
ENCODING 556
SWIDTH 771 0
DWIDTH 31 0
BBX 26 39 2 0
BITMAP
01FFF000
01FFE000
00000000
00000000
00783000
00FC7000
01CFE000
0183C000
00000000
00000000
00040000
00FFE000
03FFF800
07FFFC00
0FC07E00
1F001F00
3E000F00
3C000780
78000780
780003C0
780003C0
780003C0
F00003C0
F00001C0
F00001C0
F00001C0
F00001C0
F00003C0
780003C0
780003C0
780003C0
7C000780
3C000780
3E000F00
1F001F00
0FC07E00
07FFFC00
03FFF000
00FFC000
ENDCHAR
STARTCHAR uni022D
ENCODING 557
SWIDTH 560 0
DWIDTH 22 0
BBX 19 31 2 0
BITMAP
0FFC00
1FFE00
0FFE00
000000
000000
0F8300
1FC600
18FE00
183C00
000000
000000
03F000
0FFC00
1FFF00
3E1F80
780780
7803C0
F003C0
F001C0
F001E0
E001E0
E001E0
E001E0
F001C0
F003C0
F003C0
7807C0
7C0F80
3FFF00
1FFE00
07F800
ENDCHAR
STARTCHAR uni0230
ENCODING 560
SWIDTH 771 0
DWIDTH 31 0
BBX 26 39 2 0
BITMAP
01FFF000
01FFE000
00000000
00000000
000E0000
001E0000
000E0000
00000000
00000000
00000000
00040000
00FFE000
03FFF800
07FFFC00
0FC07E00
1F001F00
3E000F00
3C000780
78000780
780003C0
780003C0
780003C0
F00003C0
F00001C0
F00001C0
F00001C0
F00001C0
F00003C0
780003C0
780003C0
780003C0
7C000780
3C000780
3E000F00
1F001F00
0FC07E00
07FFFC00
03FFF000
00FFC000
ENDCHAR
STARTCHAR uni0231
ENCODING 561
SWIDTH 560 0
DWIDTH 22 0
BBX 19 31 2 0
BITMAP
0FFC00
1FFE00
0FFE00
000000
000000
01E000
01E000
00E000
000000
000000
000000
03F000
0FFC00
1FFF00
3E1F80
780780
7803C0
F003C0
F001C0
F001E0
E001E0
E001E0
E001E0
F001C0
F003C0
F003C0
7807C0
7C0F80
3FFF00
1FFE00
07F800
ENDCHAR
STARTCHAR uni0232
ENCODING 562
SWIDTH 601 0
DWIDTH 24 0
BBX 22 35 1 0
BITMAP
07FF80
0FFFC0
000000
000000
000000
000000
000000
E0001C
F0003C
F8003C
780078
3C00F0
3E01F0
1F01E0
0F03C0
078780
07CF80
03CF00
01FE00
00FE00
00FC00
007800
007800
007800
007800
007800
007800
007800
007800
007800
007800
007800
007800
007800
007800
ENDCHAR
STARTCHAR uni0233
ENCODING 563
SWIDTH 517 0
DWIDTH 21 0
BBX 19 34 1 -7
BITMAP
1FFF00
1FFE00
000000
000000
000000
000000
000000
6000C0
F001E0
F001E0
7003C0
7803C0
780380
3C0780
3C0700
1C0F00
1E0F00
0E0E00
0F1E00
0F1C00
073C00
07B800
03B800
03F800
01F000
01F000
01E000
01E000
01C000
03C000
03C000
078000
078000
070000
ENDCHAR
STARTCHAR uni0237
ENCODING 567
SWIDTH 241 0
DWIDTH 10 0
BBX 9 28 -2 -8
BITMAP
0300
0780
0780
0780
0780
0780
0780
0780
0780
0780
0780
0780
0780
0780
0780
0780
0780
0780
0780
0780
0780
0780
0780
0F00
1F00
FE00
FC00
4000
ENDCHAR
STARTCHAR uni0253
ENCODING 595
SWIDTH 587 0
DWIDTH 23 0
BBX 19 29 3 0
BITMAP
020000
1F8000
7F8000
7E8000
F00000
F00000
F00000
F00000
F00000
F0F800
F3FE00
FFFF00
FE0F80
F80780
F803C0
F003C0
F001C0
F001E0
F001E0
F001E0
F001E0
F001E0
F001C0
F003C0
F803C0
FC0F80
FFFF00
F7FE00
E3FC00
ENDCHAR
STARTCHAR uni0257
ENCODING 599
SWIDTH 587 0
DWIDTH 23 0
BBX 24 29 2 0
BITMAP
000004
00003F
0000FF
0000FD
0001E0
0001E0
0001E0
0001E0
0001E0
03E1E0
0FF9E0
3FFDE0
3E1FE0
7807E0
7803E0
F003E0
F001E0
F001E0
E001E0
E001E0
E001E0
F001E0
F003E0
F003E0
7807E0
7C0FE0
3FFDE0
1FFDE0
0FF1C0
ENDCHAR
STARTCHAR uni0259
ENCODING 601
SWIDTH 535 0
DWIDTH 21 0
BBX 18 20 2 0
BITMAP
07E000
3FF800
FFFE00
F83E00
C00F00
000780
000780
000380
0003C0
7FFFC0
FFFFC0
FFFFC0
E00380
E00380
E00780
F00700
780F00
3E3E00
1FFC00
0FF000
ENDCHAR
STARTCHAR uni0292
ENCODING 658
SWIDTH 500 0
DWIDTH 20 0
BBX 19 27 0 -8
BITMAP
7FFFC0
7FFFC0
000780
000F00
001E00
003C00
007800
007000
00F000
01E000
03C000
07FE00
07FF00
000F80
0003C0
0003C0
0001E0
0001E0
0001E0
0001E0
0001C0
0003C0
6007C0
FE3F80
7FFF00
1FFC00
006000
ENDCHAR
STARTCHAR uni02B9
ENCODING 697
SWIDTH 226 0
DWIDTH 9 0
BBX 3 11 3 17
BITMAP
E0
E0
E0
E0
E0
E0
E0
E0
E0
E0
E0
ENDCHAR
STARTCHAR uni02BA
ENCODING 698
SWIDTH 405 0
DWIDTH 16 0
BBX 11 11 3 17
BITMAP
E1C0
E1E0
E1E0
E1C0
E1C0
E1C0
E1C0
E1C0
E1C0
E1C0
E0C0
ENDCHAR
STARTCHAR uni02BB
ENCODING 699
SWIDTH 500 0
DWIDTH 20 0
BBX 4 8 8 22
BITMAP
60
60
C0
C0
F0
F0
F0
20
ENDCHAR
STARTCHAR uni02BC
ENCODING 700
SWIDTH 330 0
DWIDTH 13 0
BBX 5 8 4 23
BITMAP
20
70
F8
78
38
30
30
60
ENDCHAR
STARTCHAR uni02BE
ENCODING 702
SWIDTH 500 0
DWIDTH 20 0
BBX 4 8 10 22
BITMAP
C0
E0
30
30
30
70
E0
C0
ENDCHAR
STARTCHAR uni02BF
ENCODING 703
SWIDTH 500 0
DWIDTH 20 0
BBX 4 8 6 22
BITMAP
30
70
C0
C0
C0
E0
70
30
ENDCHAR
STARTCHAR circumflex
ENCODING 710
SWIDTH 477 0
DWIDTH 19 0
BBX 11 9 4 22
BITMAP
0400
1F00
1F00
3B80
3B80
71C0
60C0
E0E0
C060
ENDCHAR
STARTCHAR caron
ENCODING 711
SWIDTH 477 0
DWIDTH 19 0
BBX 11 8 4 22
BITMAP
C060
E0E0
71C0
71C0
3B80
1B80
1F00
0E00
ENDCHAR
STARTCHAR uni02C8
ENCODING 712
SWIDTH 500 0
DWIDTH 20 0
BBX 2 8 9 24
BITMAP
C0
C0
C0
C0
C0
C0
C0
C0
ENDCHAR
STARTCHAR uni02C9
ENCODING 713
SWIDTH 500 0
DWIDTH 20 0
BBX 12 2 4 25
BITMAP
FFF0
FFF0
ENDCHAR
STARTCHAR uni02CA
ENCODING 714
SWIDTH 500 0
DWIDTH 20 0
BBX 7 9 9 22
BITMAP
0C
0E
1C
3C
38
78
70
E0
E0
ENDCHAR
STARTCHAR uni02CB
ENCODING 715
SWIDTH 500 0
DWIDTH 20 0
BBX 7 9 4 22
BITMAP
60
F0
70
78
38
3C
1C
0E
0E
ENDCHAR
STARTCHAR uni02CC
ENCODING 716
SWIDTH 500 0
DWIDTH 20 0
BBX 2 9 9 -11
BITMAP
80
C0
C0
C0
C0
C0
C0
C0
C0
ENDCHAR
STARTCHAR breve
ENCODING 728
SWIDTH 511 0
DWIDTH 20 0
BBX 12 8 4 22
BITMAP
C030
C030
E030
E030
7070
79E0
3FC0
0F80
ENDCHAR
STARTCHAR dotaccent
ENCODING 729
SWIDTH 306 0
DWIDTH 12 0
BBX 4 4 4 24
BITMAP
F0
F0
F0
70
ENDCHAR
STARTCHAR ring
ENCODING 730
SWIDTH 441 0
DWIDTH 18 0
BBX 10 9 4 22
BITMAP
3E00
7F80
E180
C180
C0C0
C180
E180
7F00
3E00
ENDCHAR
STARTCHAR ogonek
ENCODING 731
SWIDTH 388 0
DWIDTH 16 0
BBX 8 9 4 -8
BITMAP
38
70
60
E0
E0
E0
F6
7F
1C
ENDCHAR
STARTCHAR tilde
ENCODING 732
SWIDTH 562 0
DWIDTH 22 0
BBX 14 6 4 23
BITMAP
3C0C
7F0C
779C
E1F8
C0F8
C000
ENDCHAR
STARTCHAR hungarumlaut
ENCODING 733
SWIDTH 452 0
DWIDTH 18 0
BBX 10 9 4 22
BITMAP
1080
39C0
79C0
7180
7380
6380
E300
C700
C600
ENDCHAR
STARTCHAR gravecomb
ENCODING 768
SWIDTH 0 0
DWIDTH 0 0
BBX 7 9 -6 22
BITMAP
60
F0
70
78
38
3C
1C
0E
0E
ENDCHAR
STARTCHAR acutecomb
ENCODING 769
SWIDTH 0 0
DWIDTH 0 0
BBX 7 9 -1 22
BITMAP
0C
0E
1E
3C
38
78
70
E0
E0
ENDCHAR
STARTCHAR uni0302
ENCODING 770
SWIDTH 0 0
DWIDTH 0 0
BBX 12 9 -6 22
BITMAP
0600
0F00
1F80
1F80
39C0
39C0
70E0
6060
E070
ENDCHAR
STARTCHAR tildecomb
ENCODING 771
SWIDTH 0 0
DWIDTH 0 0
BBX 14 6 -7 23
BITMAP
3C0C
7E0C
FF9C
C3F8
C0F0
8000
ENDCHAR
STARTCHAR uni0304
ENCODING 772
SWIDTH 0 0
DWIDTH 0 0
BBX 12 2 -6 25
BITMAP
FFF0
FFF0
ENDCHAR
STARTCHAR uni0306
ENCODING 774
SWIDTH 0 0
DWIDTH 0 0
BBX 12 8 -6 22
BITMAP
C030
C030
C030
E070
6060
79E0
3FC0
1F80
ENDCHAR
STARTCHAR uni0307
ENCODING 775
SWIDTH 0 0
DWIDTH 0 0
BBX 4 4 -2 24
BITMAP
F0
F0
F0
60
ENDCHAR
STARTCHAR uni0308
ENCODING 776
SWIDTH 0 0
DWIDTH 0 0
BBX 12 4 -6 24
BITMAP
70E0
F0F0
70F0
70E0
ENDCHAR
STARTCHAR hookabovecomb
ENCODING 777
SWIDTH 0 0
DWIDTH 0 0
BBX 8 8 -4 22
BITMAP
7E
FF
07
07
0E
1C
18
18
ENDCHAR
STARTCHAR uni030A
ENCODING 778
SWIDTH 0 0
DWIDTH 0 0
BBX 10 9 -5 22
BITMAP
3F00
7F80
6180
C0C0
C0C0
C0C0
6180
7F80
1E00
ENDCHAR
STARTCHAR uni030B
ENCODING 779
SWIDTH 0 0
DWIDTH 0 0
BBX 11 9 -4 22
BITMAP
18C0
38E0
39C0
39C0
7180
7380
6380
6300
E300
ENDCHAR
STARTCHAR uni030C
ENCODING 780
SWIDTH 0 0
DWIDTH 0 0
BBX 12 8 -6 22
BITMAP
E070
6060
70E0
39C0
39C0
1F80
0F00
0F00
ENDCHAR
STARTCHAR uni030F
ENCODING 783
SWIDTH 0 0
DWIDTH 0 0
BBX 11 9 -7 22
BITMAP
6300
E380
7380
7380
31C0
39C0
38C0
18C0
18E0
ENDCHAR
STARTCHAR uni0311
ENCODING 785
SWIDTH 0 0
DWIDTH 0 0
BBX 12 8 -6 22
BITMAP
0F00
3FC0
7FE0
70E0
E070
C030
C030
C030
ENDCHAR
STARTCHAR uni0312
ENCODING 786
SWIDTH 0 0
DWIDTH 0 0
BBX 4 8 -2 22
BITMAP
60
60
C0
C0
F0
F0
F0
20
ENDCHAR
STARTCHAR uni031B
ENCODING 795
SWIDTH 0 0
DWIDTH 0 0
BBX 7 8 0 17
BITMAP
06
0E
0E
0E
1E
FC
F8
20
ENDCHAR
STARTCHAR dotbelowcomb
ENCODING 803
SWIDTH 0 0
DWIDTH 0 0
BBX 4 4 -2 -8
BITMAP
F0
F0
F0
60
ENDCHAR
STARTCHAR uni0324
ENCODING 804
SWIDTH 0 0
DWIDTH 0 0
BBX 12 5 -6 -8
BITMAP
2040
70E0
F0F0
70E0
2040
ENDCHAR
STARTCHAR uni0326
ENCODING 806
SWIDTH 0 0
DWIDTH 0 0
BBX 4 8 -2 -11
BITMAP
F0
F0
F0
70
30
70
60
40
ENDCHAR
STARTCHAR uni0327
ENCODING 807
SWIDTH 0 0
DWIDTH 0 0
BBX 9 9 -4 -8
BITMAP
1800
1800
3800
3F00
0380
0380
4700
FF00
3C00
ENDCHAR
STARTCHAR uni0328
ENCODING 808
SWIDTH 0 0
DWIDTH 0 0
BBX 7 9 -5 -8
BITMAP
38
70
E0
E0
C0
E0
F6
7E
1C
ENDCHAR
STARTCHAR uni032E
ENCODING 814
SWIDTH 0 0
DWIDTH 0 0
BBX 12 7 -6 -9
BITMAP
C030
C030
E070
E070
7FE0
3FC0
0600
ENDCHAR
STARTCHAR uni0331
ENCODING 817
SWIDTH 0 0
DWIDTH 0 0
BBX 12 2 -6 -6
BITMAP
FFF0
FFF0
ENDCHAR
STARTCHAR uni0335
ENCODING 821
SWIDTH 0 0
DWIDTH 0 0
BBX 16 3 -8 21
BITMAP
7FFE
FFFF
7FFE
ENDCHAR
STARTCHAR uni0337
ENCODING 823
SWIDTH 0 0
DWIDTH 0 0
BBX 12 8 -6 10
BITMAP
0070
01F0
07E0
1F80
3F00
FC00
F000
4000
ENDCHAR
STARTCHAR uni0338
ENCODING 824
SWIDTH 0 0
DWIDTH 0 0
BBX 14 23 -7 -2
BITMAP
000C
001C
0018
0038
0070
0070
00E0
00E0
01C0
0180
0380
0700
0700
0E00
0C00
1C00
3800
3800
7000
7000
E000
C000
C000
ENDCHAR
STARTCHAR uni0394
ENCODING 916
SWIDTH 733 0
DWIDTH 29 0
BBX 25 28 2 0
BITMAP
001C0000
003E0000
003E0000
007F0000
00770000
00778000
00F38000
00E3C000
01E1C000
01C1C000
03C1E000
0380E000
0380F000
07807000
07007800
0F003800
0E003C00
1E003C00
1C001C00
3C001E00
3C000E00
38000F00
78000700
70000780
F0000780
FFFFFF80
FFFFFF80
FFFFFF80
ENDCHAR
STARTCHAR Sigma
ENCODING 931
SWIDTH 600 0
DWIDTH 24 0
BBX 21 35 2 -7
BITMAP
FFFFF0
FFFFF8
FFFFF0
F80000
780000
3C0000
1E0000
1F0000
0F0000
078000
03C000
03C000
01E000
00F000
00F800
007800
003C00
001C00
003C00
007800
00F800
00F000
01E000
03C000
03C000
078000
0F0000
1F0000
1E0000
3C0000
780000
F80000
FFFFF0
FFFFF8
FFFFF0
ENDCHAR
STARTCHAR uni03A9
ENCODING 937
SWIDTH 783 0
DWIDTH 31 0
BBX 29 29 1 0
BITMAP
00070000
007FF800
01FFFE00
07FFFF00
0FC01F80
1F8007C0
1E0003E0
3E0001E0
3C0001E0
3C0000F0
780000F0
780000F0
780000F0
780000F0
780000F0
780000F0
380000F0
3C0000F0
3C0001E0
1C0001E0
1E0003C0
0F0003C0
07000780
07800F00
01C01E00
00F03800
7FF07FF8
FFF87FF8
7FF07FF8
ENDCHAR
STARTCHAR uni03BC
ENCODING 956
SWIDTH 565 0
DWIDTH 23 0
BBX 17 27 3 -7
BITMAP
400300
E00780
E00780
E00780
E00780
E00780
E00780
E00780
E00780
E00780
E00780
E00780
E00780
F00780
F00F80
F00F80
F81F80
FFFF80
FFF780
EFE700
E00000
E00000
E00000
E00000
E00000
E00000
E00000
ENDCHAR
STARTCHAR pi
ENCODING 960
SWIDTH 595 0
DWIDTH 24 0
BBX 24 19 0 0
BITMAP
FFFFFC
FFFFFC
0F03C0
0F03C0
0F03C0
0F03C0
0F03C0
0E03C0
0E03C0
0E03C0
1E03C0
1E03C0
1E03C0
1E03C0
1C03C0
3C03E0
3C01FE
3C00FF
38007E
ENDCHAR
STARTCHAR uni0400
ENCODING 1024
SWIDTH 586 0
DWIDTH 23 0
BBX 19 38 3 0
BITMAP
060000
0E0000
0F0000
078000
038000
01C000
00E000
004000
000000
000000
7FFFE0
FFFFE0
FFFFC0
F00000
F00000
F00000
F00000
F00000
F00000
F00000
F00000
F00000
FFFF80
FFFFC0
FFFFC0
F00000
F00000
F00000
F00000
F00000
F00000
F00000
F00000
F00000
F00000
FFFFC0
FFFFE0
7FFFC0
ENDCHAR
STARTCHAR uni0401
ENCODING 1025
SWIDTH 586 0
DWIDTH 23 0
BBX 19 36 3 0
BITMAP
070E00
0F0E00
0F0F00
070E00
000000
000000
000000
000000
7FFFE0
FFFFE0
FFFFC0
F00000
F00000
F00000
F00000
F00000
F00000
F00000
F00000
F00000
FFFF80
FFFFC0
FFFFC0
F00000
F00000
F00000
F00000
F00000
F00000
F00000
F00000
F00000
F00000
FFFFC0
FFFFE0
7FFFC0
ENDCHAR
STARTCHAR uni0402
ENCODING 1026
SWIDTH 848 0
DWIDTH 34 0
BBX 32 36 0 -8
BITMAP
FFFFFF00
FFFFFF00
FFFFFF00
003C0000
003C0000
003C0000
003C0000
003C0000
003C0000
003C0000
003C0000
003DFFC0
003FFFF0
003FFFF8
003F00FC
003C003C
003C003E
003C001E
003C001E
003C000F
003C000F
003C000F
003C000F
003C000F
003C000F
003C000F
003C000F
001C000F
0000000E
0000001E
0000001E
0000003E
00001FFC
00003FF8
00001FF0
00000380
ENDCHAR
STARTCHAR uni0403
ENCODING 1027
SWIDTH 546 0
DWIDTH 22 0
BBX 19 38 3 0
BITMAP
000C00
001C00
003C00
007800
007000
00E000
00C000
008000
000000
000000
7FFFC0
FFFFE0
FFFFC0
F00000
F00000
F00000
F00000
F00000
F00000
F00000
F00000
F00000
F00000
F00000
F00000
F00000
F00000
F00000
F00000
F00000
F00000
F00000
F00000
F00000
F00000
F00000
F00000
700000
ENDCHAR
STARTCHAR uni0404
ENCODING 1028
SWIDTH 675 0
DWIDTH 27 0
BBX 23 29 2 0
BITMAP
000E00
00FFF0
03FFF8
07FFFE
0FC03E
1F000E
3E0000
3C0000
7C0000
780000
780000
780000
F00000
FFFFC0
FFFFC0
FFFFC0
F00000
F00000
780000
780000
780000
7C0000
3C0000
3E0004
1F000E
0FE07E
07FFFE
03FFF8
00FFE0
ENDCHAR
STARTCHAR uni0405
ENCODING 1029
SWIDTH 618 0
DWIDTH 25 0
BBX 21 29 2 0
BITMAP
003000
03FF80
0FFFE0
1FFFF0
3E00F0
7C0070
780000
700000
700000
700000
780000
780000
7E0000
3FE000
1FFE00
07FFC0
00FFE0
0007F0
0000F8
000078
000078
000078
000078
400078
E000F8
FC01F0
7FFFE0
3FFFC0
07FF00
ENDCHAR
STARTCHAR uni0406
ENCODING 1030
SWIDTH 262 0
DWIDTH 10 0
BBX 4 28 3 0
BITMAP
70
F0
F0
F0
F0
F0
F0
F0
F0
F0
F0
F0
F0
F0
F0
F0
F0
F0
F0
F0
F0
F0
F0
F0
F0
F0
F0
70
ENDCHAR
STARTCHAR uni0407
ENCODING 1031
SWIDTH 262 0
DWIDTH 10 0
BBX 11 36 0 0
BITMAP
E1C0
F1E0
F1E0
E1C0
0000
0000
0000
0000
0E00
1E00
1E00
1E00
1E00
1E00
1E00
1E00
1E00
1E00
1E00
1E00
1E00
1E00
1E00
1E00
1E00
1E00
1E00
1E00
1E00
1E00
1E00
1E00
1E00
1E00
1E00
0E00
ENDCHAR
STARTCHAR uni0408
ENCODING 1032
SWIDTH 331 0
DWIDTH 13 0
BBX 11 28 -1 0
BITMAP
01E0
01E0
01E0
01E0
01E0
01E0
01E0
01E0
01E0
01E0
01E0
01E0
01E0
01E0
01E0
01E0
01E0
01E0
01E0
01E0
01E0
01E0
01E0
03C0
07C0
7F80
FF00
7E00
ENDCHAR
STARTCHAR uni0409
ENCODING 1033
SWIDTH 1130 0
DWIDTH 45 0
BBX 42 28 1 0
BITMAP
01FFFF000000
03FFFF800000
03FFFF800000
03C007800000
03C007800000
03C007800000
03C007800000
03C007800000
03C007800000
03C007800000
03C007800000
03C007800000
03C007FFF800
03C007FFFE00
03C007FFFF00
038007800F80
0380078007C0
0380078003C0
0780078001C0
0780078001C0
0700078001C0
0F00078001C0
1F00078003C0
1E00078003C0
3C0007800F80
FC0007FFFF80
F80007FFFE00
E00003FFF800
ENDCHAR
STARTCHAR uni040A
ENCODING 1034
SWIDTH 1165 0
DWIDTH 47 0
BBX 42 28 3 0
BITMAP
700007000000
F0000F000000
F0000F000000
F0000F000000
F0000F000000
F0000F000000
F0000F000000
F0000F000000
F0000F000000
F0000F000000
F0000F000000
F0000F000000
FFFFFFFFF000
FFFFFFFFFE00
FFFFFFFFFF00
F0000F001F80
F0000F000780
F0000F0003C0
F0000F0003C0
F0000F0003C0
F0000F0003C0
F0000F0003C0
F0000F0003C0
F0000F000780
F0000F001F80
F0000FFFFF00
F0000FFFFE00
700007FFF000
ENDCHAR
STARTCHAR uni040B
ENCODING 1035
SWIDTH 852 0
DWIDTH 34 0
BBX 32 28 0 0
BITMAP
FFFFFF00
FFFFFF00
FFFFFF00
003C0000
003C0000
003C0000
003C0000
003C0000
003C0000
003C0000
003C0000
003DFFC0
003FFFF0
003FFFF8
003F00FC
003C003C
003C001E
003C001E
003C000E
003C000F
003C000F
003C000F
003C000F
003C000F
003C000F
003C000F
003C000F
001C000F
ENDCHAR
STARTCHAR uni040C
ENCODING 1036
SWIDTH 649 0
DWIDTH 26 0
BBX 22 38 3 0
BITMAP
000300
000700
000F00
001E00
001C00
003800
003000
002000
000000
000000
7000F0
F000F0
F001E0
F001E0
F003C0
F00780
F00780
F00F00
F01E00
F01E00
F03C00
F07800
FFF800
FFFC00
FFFE00
F07F00
F00F80
F00780
F003C0
F001C0
F001E0
F001E0
F000F0
F000F0
F00078
F00078
F0003C
700038
ENDCHAR
STARTCHAR uni040D
ENCODING 1037
SWIDTH 741 0
DWIDTH 30 0
BBX 23 38 3 0
BITMAP
030000
038000
03C000
01E000
00E000
007000
003000
001000
000000
000000
70000E
F0001E
F0003E
F0003E
F0007E
F000FE
F001EE
F001EE
F003CE
F0078E
F00F0E
F00F0E
F01E0E
F03C0E
F0780E
F0780E
F0F00E
F1E00E
F3C00E
F3C00E
F7800E
FF000E
FE000E
FE000E
FC000E
F8000E
F0000E
70000E
ENDCHAR
STARTCHAR uni040E
ENCODING 1038
SWIDTH 647 0
DWIDTH 26 0
BBX 24 36 1 0
BITMAP
060060
070060
0781E0
03FFC0
00FF00
003C00
000000
000000
E00007
F0000F
F8000F
78001E
3C001E
3C003C
1E003C
0F0078
0F0078
0780F0
0780F0
03C1E0
01E1E0
01E3C0
00F3C0
007F80
007F80
003F00
003F00
001E00
001E00
003C00
003800
007800
007000
00F000
00E000
00E000
ENDCHAR
STARTCHAR uni040F
ENCODING 1039
SWIDTH 758 0
DWIDTH 30 0
BBX 24 35 3 -7
BITMAP
70000F
F0000F
F0000F
F0000F
F0000F
F0000F
F0000F
F0000F
F0000F
F0000F
F0000F
F0000F
F0000F
F0000F
F0000F
F0000F
F0000F
F0000F
F0000F
F0000F
F0000F
F0000F
F0000F
F0000F
F0000F
FFFFFF
FFFFFF
7FFFFE
001C00
001C00
001C00
001C00
001C00
001C00
000800
ENDCHAR
STARTCHAR uni0410
ENCODING 1040
SWIDTH 733 0
DWIDTH 29 0
BBX 27 28 1 0
BITMAP
000E0000
001F0000
001F0000
003F8000
003B8000
003BC000
0079C000
0071E000
00F0E000
00E0F000
01E0F000
01C07000
03C07800
03C03800
03803C00
07801C00
07001E00
0F001E00
0FFFFF00
1FFFFF00
1FFFFF00
1C000780
3C000380
380003C0
780003C0
700001E0
F00001E0
E00000E0
ENDCHAR
STARTCHAR uni0411
ENCODING 1041
SWIDTH 663 0
DWIDTH 27 0
BBX 22 28 3 0
BITMAP
7FFFE0
FFFFE0
FFFFE0
F00000
F00000
F00000
F00000
F00000
F00000
F00000
F00000
F00000
FFFF00
FFFFC0
FFFFF0
F001F8
F00078
F00038
F0003C
F0003C
F0003C
F0003C
F00038
F00078
F001F8
FFFFF0
FFFFE0
7FFF00
ENDCHAR
STARTCHAR uni0412
ENCODING 1042
SWIDTH 679 0
DWIDTH 27 0
BBX 22 28 3 0
BITMAP
7FFF00
FFFFC0
FFFFE0
F001F0
F000F8
F00078
F00078
F00078
F00078
F00078
F000F0
F001F0
FFFFC0
FFFF80
FFFFE0
F001F0
F00078
F00038
F0003C
F0003C
F0003C
F0003C
F00038
F00078
F001F8
FFFFF0
FFFFE0
7FFF00
ENDCHAR
STARTCHAR uni0413
ENCODING 1043
SWIDTH 546 0
DWIDTH 22 0
BBX 19 28 3 0
BITMAP
7FFFC0
FFFFE0
FFFFC0
F00000
F00000
F00000
F00000
F00000
F00000
F00000
F00000
F00000
F00000
F00000
F00000
F00000
F00000
F00000
F00000
F00000
F00000
F00000
F00000
F00000
F00000
F00000
F00000
700000
ENDCHAR
STARTCHAR uni0414
ENCODING 1044
SWIDTH 783 0
DWIDTH 31 0
BBX 29 35 1 -7
BITMAP
01FFFF80
03FFFF80
03FFFF80
03C00380
03C00380
03C00380
03C00380
03C00380
03C00380
03C00380
03C00380
03C00380
03C00380
03C00380
03C00380
03800380
03800380
03800380
07800380
07800380
07000380
0F000380
0F000380
1E000380
1E000380
FFFFFFF8
FFFFFFF8
FFFFFFF8
E0000038
E0000038
E0000038
E0000038
E0000038
E0000038
40000010
ENDCHAR
STARTCHAR uni0415
ENCODING 1045
SWIDTH 586 0
DWIDTH 23 0
BBX 19 28 3 0
BITMAP
7FFFE0
FFFFE0
FFFFC0
F00000
F00000
F00000
F00000
F00000
F00000
F00000
F00000
F00000
FFFF80
FFFFC0
FFFFC0
F00000
F00000
F00000
F00000
F00000
F00000
F00000
F00000
F00000
F00000
FFFFC0
FFFFE0
7FFFC0
ENDCHAR
STARTCHAR uni0416
ENCODING 1046
SWIDTH 979 0
DWIDTH 39 0
BBX 37 28 1 0
BITMAP
3C007000E0
3C007001E0
1E007003E0
1E007003C0
0F00700780
0780700F80
0780700F00
03C0701E00
01E0703E00
01E0703C00
00F0707800
007870F800
007FFFF000
00FFFFF800
01FFFFFC00
03F870FE00
07C0701F00
0F80700F80
0F00700780
1E007003C0
1E007003C0
3C007001E0
3C007001E0
78007000F0
78007000F0
7800700078
F000700078
F000700038
ENDCHAR
STARTCHAR uni0417
ENCODING 1047
SWIDTH 639 0
DWIDTH 26 0
BBX 22 29 1 0
BITMAP
001000
07FF80
1FFFE0
3FFFF0
7C01F8
300078
000078
000038
000038
000038
000078
000078
0001F0
03FFE0
07FF80
07FFE0
0001F0
000078
00003C
00003C
00003C
00003C
00003C
20003C
70007C
FE01F8
7FFFF0
1FFFE0
07FF80
ENDCHAR
STARTCHAR uni0418
ENCODING 1048
SWIDTH 741 0
DWIDTH 30 0
BBX 23 28 3 0
BITMAP
70000E
F0001E
F0003E
F0003E
F0007E
F000FE
F001EE
F001EE
F003CE
F0078E
F00F0E
F00F0E
F01E0E
F03C0E
F0780E
F0780E
F0F00E
F1E00E
F3C00E
F3C00E
F7800E
FF000E
FE000E
FE000E
FC000E
F8000E
F0000E
70000E
ENDCHAR
STARTCHAR uni0419
ENCODING 1049
SWIDTH 741 0
DWIDTH 30 0
BBX 23 36 3 0
BITMAP
0E0060
0600E0
0781C0
03FF80
01FF00
001800
000000
000000
70000E
F0001E
F0003E
F0003E
F0007E
F000FE
F001EE
F001EE
F003CE
F0078E
F00F0E
F00F0E
F01E0E
F03C0E
F0780E
F0780E
F0F00E
F1E00E
F3C00E
F3C00E
F7800E
FF000E
FE000E
FE000E
FC000E
F8000E
F0000E
70000E
ENDCHAR
STARTCHAR uni041A
ENCODING 1050
SWIDTH 649 0
DWIDTH 26 0
BBX 22 28 3 0
BITMAP
7000F0
F000F0
F001E0
F001E0
F003C0
F00780
F00780
F00F00
F01E00
F01E00
F03C00
F07800
FFF800
FFFC00
FFFE00
F07F00
F00F80
F00780
F003C0
F001C0
F001E0
F001E0
F000F0
F000F0
F00078
F00078
F0003C
700038
ENDCHAR
STARTCHAR uni041B
ENCODING 1051
SWIDTH 743 0
DWIDTH 30 0
BBX 25 28 1 0
BITMAP
01FFFF80
03FFFF80
03FFFF80
03C00380
03C00380
03C00380
03C00380
03C00380
03C00380
03C00380
03C00380
03C00380
03C00380
03C00380
03C00380
03800380
03800380
03800380
07800380
07800380
07000380
0F000380
1F000380
1E000380
3C000380
FC000380
F8000380
E0000380
ENDCHAR
STARTCHAR uni041C
ENCODING 1052
SWIDTH 858 0
DWIDTH 34 0
BBX 28 28 3 0
BITMAP
700000F0
F80000F0
F80001F0
FC0001F0
FC0003F0
FE0003F0
FE0007F0
FF000770
F7000F70
F7800E70
F3801C70
F3C01C70
F1C03870
F1E03870
F0E07070
F070F070
F078E070
F039E070
F03DC070
F01FC070
F01F8070
F00F8070
F00F0070
F0060070
F0000070
F0000070
F0000070
70000070
ENDCHAR
STARTCHAR uni041D
ENCODING 1053
SWIDTH 764 0
DWIDTH 31 0
BBX 24 28 3 0
BITMAP
700007
F0000F
F0000F
F0000F
F0000F
F0000F
F0000F
F0000F
F0000F
F0000F
F0000F
F0000F
FFFFFF
FFFFFF
FFFFFF
F0000F
F0000F
F0000F
F0000F
F0000F
F0000F
F0000F
F0000F
F0000F
F0000F
F0000F
F0000F
700007
ENDCHAR
STARTCHAR uni041E
ENCODING 1054
SWIDTH 771 0
DWIDTH 31 0
BBX 26 29 2 0
BITMAP
00040000
00FFE000
03FFF800
07FFFC00
0FC07E00
1F001F00
3E000F00
3C000780
78000780
780003C0
780003C0
780003C0
F00003C0
F00001C0
F00001C0
F00001C0
F00001C0
F00003C0
780003C0
780003C0
780003C0
7C000780
3C000780
3E000F00
1F001F00
0FC07E00
07FFFC00
03FFF000
00FFC000
ENDCHAR
STARTCHAR uni041F
ENCODING 1055
SWIDTH 758 0
DWIDTH 30 0
BBX 24 28 3 0
BITMAP
7FFFFF
FFFFFF
FFFFFF
F0000F
F0000F
F0000F
F0000F
F0000F
F0000F
F0000F
F0000F
F0000F
F0000F
F0000F
F0000F
F0000F
F0000F
F0000F
F0000F
F0000F
F0000F
F0000F
F0000F
F0000F
F0000F
F0000F
F0000F
70000F
ENDCHAR
STARTCHAR uni0420
ENCODING 1056
SWIDTH 637 0
DWIDTH 25 0
BBX 21 28 3 0
BITMAP
7FFF00
FFFFC0
FFFFE0
F001F0
F000F8
F00078
F00078
F00038
F00038
F00078
F00078
F00078
F000F0
F003F0
FFFFE0
FFFFC0
FFFE00
F00000
F00000
F00000
F00000
F00000
F00000
F00000
F00000
F00000
F00000
700000
ENDCHAR
STARTCHAR uni0421
ENCODING 1057
SWIDTH 675 0
DWIDTH 27 0
BBX 23 29 2 0
BITMAP
000E00
00FFF0
03FFF8
07FFFE
0FC03E
1F000E
3E0000
3C0000
7C0000
780000
780000
780000
F00000
F00000
F00000
F00000
F00000
F00000
780000
780000
780000
7C0000
3C0000
3E0004
1F000E
0FE07E
07FFFE
03FFF8
00FFE0
ENDCHAR
STARTCHAR uni0422
ENCODING 1058
SWIDTH 607 0
DWIDTH 24 0
BBX 24 28 0 0
BITMAP
FFFFFF
FFFFFF
FFFFFF
003C00
003C00
003C00
003C00
003C00
003C00
003C00
003C00
003C00
003C00
003C00
003C00
003C00
003C00
003C00
003C00
003C00
003C00
003C00
003C00
003C00
003C00
003C00
003C00
001C00
ENDCHAR
STARTCHAR uni0423
ENCODING 1059
SWIDTH 647 0
DWIDTH 26 0
BBX 24 28 1 0
BITMAP
E00007
F0000F
F8000F
78001E
3C001E
3C003C
1E003C
0F0078
0F0078
0780F0
0780F0
03C1E0
01E1E0
01E3C0
00F3C0
007F80
007F80
003F00
003F00
001E00
001E00
003C00
003800
007800
007000
00F000
00E000
00E000
ENDCHAR
STARTCHAR uni0424
ENCODING 1060
SWIDTH 854 0
DWIDTH 34 0
BBX 30 31 2 -1
BITMAP
00010000
00078000
00078000
00078000
00FFFE00
07FFFF80
0FFFFFC0
1F0783E0
3E0781F0
3C0780F0
78078078
78078078
78078038
F007803C
F007803C
F007803C
F007803C
F007803C
7807803C
78078078
78078078
3C0780F8
3E0780F0
1F0783E0
0FC78FC0
07FFFF80
01FFFE00
003FF000
00078000
00078000
00038000
ENDCHAR
STARTCHAR uni0425
ENCODING 1061
SWIDTH 655 0
DWIDTH 26 0
BBX 23 28 2 0
BITMAP
F0001C
F0003C
780078
7C00F8
3E00F0
1E01E0
0F03E0
0F83C0
078780
03CF00
01FF00
01FE00
00FC00
007800
00FC00
00FE00
01FE00
03CF00
07C780
0787C0
0F03C0
1E01E0
3E00F0
3C00F8
780078
F0003C
F0003E
E0001C
ENDCHAR
STARTCHAR uni0426
ENCODING 1062
SWIDTH 796 0
DWIDTH 32 0
BBX 28 35 3 -7
BITMAP
70000F00
F0000F00
F0000F00
F0000F00
F0000F00
F0000F00
F0000F00
F0000F00
F0000F00
F0000F00
F0000F00
F0000F00
F0000F00
F0000F00
F0000F00
F0000F00
F0000F00
F0000F00
F0000F00
F0000F00
F0000F00
F0000F00
F0000F00
F0000F00
F0000F00
FFFFFFF0
FFFFFFF0
7FFFFFF0
00000070
00000070
00000070
00000070
00000070
00000070
00000020
ENDCHAR
STARTCHAR uni0427
ENCODING 1063
SWIDTH 680 0
DWIDTH 27 0
BBX 22 28 2 0
BITMAP
F0003C
F0003C
F0003C
F0003C
F0003C
F0003C
F0003C
F0003C
F0003C
70003C
78003C
78003C
3C003C
3F007C
1FFFFC
0FFFFC
07FFFC
00783C
00003C
00003C
00003C
00003C
00003C
00003C
00003C
00003C
00003C
00003C
ENDCHAR
STARTCHAR uni0428
ENCODING 1064
SWIDTH 1057 0
DWIDTH 42 0
BBX 36 28 3 0
BITMAP
7000F000F0
F000F000F0
F000F000F0
F000F000F0
F000F000F0
F000F000F0
F000F000F0
F000F000F0
F000F000F0
F000F000F0
F000F000F0
F000F000F0
F000F000F0
F000F000F0
F000F000F0
F000F000F0
F000F000F0
F000F000F0
F000F000F0
F000F000F0
F000F000F0
F000F000F0
F000F000F0
F000F000F0
F000F000F0
FFFFFFFFF0
FFFFFFFFF0
7FFFFFFFE0
ENDCHAR
STARTCHAR uni0429
ENCODING 1065
SWIDTH 1094 0
DWIDTH 44 0
BBX 40 35 3 -7
BITMAP
7000F000F0
F000F000F0
F000F000F0
F000F000F0
F000F000F0
F000F000F0
F000F000F0
F000F000F0
F000F000F0
F000F000F0
F000F000F0
F000F000F0
F000F000F0
F000F000F0
F000F000F0
F000F000F0
F000F000F0
F000F000F0
F000F000F0
F000F000F0
F000F000F0
F000F000F0
F000F000F0
F000F000F0
F000F000F0
FFFFFFFFFF
FFFFFFFFFF
7FFFFFFFFF
0000000007
0000000007
0000000007
0000000007
0000000007
0000000007
0000000002
ENDCHAR
STARTCHAR uni042A
ENCODING 1066
SWIDTH 794 0
DWIDTH 32 0
BBX 30 28 0 0
BITMAP
FFF00000
FFF00000
FFF00000
00700000
00700000
00700000
00700000
00700000
00700000
00700000
00700000
00700000
007FFF00
007FFFE0
007FFFF0
007001F8
00700078
0070003C
0070003C
0070003C
0070003C
0070003C
0070003C
00700078
007001F8
007FFFF0
007FFFE0
007FFF00
ENDCHAR
STARTCHAR uni042B
ENCODING 1067
SWIDTH 865 0
DWIDTH 35 0
BBX 28 28 3 0
BITMAP
70000070
F00000F0
F00000F0
F00000F0
F00000F0
F00000F0
F00000F0
F00000F0
F00000F0
F00000F0
F00000F0
F00000F0
FFFE00F0
FFFF80F0
FFFFE0F0
F003E0F0
F000F0F0
F000F0F0
F00070F0
F00078F0
F00078F0
F00070F0
F000F0F0
F000F0F0
F003E0F0
FFFFE0F0
FFFF80F0
7FFE0070
ENDCHAR
STARTCHAR uni042C
ENCODING 1068
SWIDTH 663 0
DWIDTH 27 0
BBX 22 28 3 0
BITMAP
700000
F00000
F00000
F00000
F00000
F00000
F00000
F00000
F00000
F00000
F00000
F00000
FFFF00
FFFFC0
FFFFF0
F001F8
F00078
F00038
F0003C
F0003C
F0003C
F0003C
F00038
F00078
F001F8
FFFFF0
FFFFE0
7FFF00
ENDCHAR
STARTCHAR uni042D
ENCODING 1069
SWIDTH 675 0
DWIDTH 27 0
BBX 23 29 2 0
BITMAP
004000
0FFE00
3FFF80
FFFFC0
F807E0
E001F0
0000F8
000078
00007C
00003C
00003C
00003C
00001C
07FFFE
07FFFE
07FFFE
00001E
00001C
00003C
00003C
00003C
000078
000078
4000F8
E001F0
FC0FE0
FFFFC0
3FFF80
0FFC00
ENDCHAR
STARTCHAR uni042E
ENCODING 1070
SWIDTH 1021 0
DWIDTH 41 0
BBX 35 29 3 0
BITMAP
0000020000
70007FF000
F000FFFC00
F003FFFE00
F007E01F00
F007800F80
F00F0007C0
F01F0003C0
F01E0003C0
F01E0001E0
F01C0001E0
F03C0001E0
F03C0001E0
FFFC0000E0
FFFC0000E0
FFFC0000E0
F03C0001E0
F03C0001E0
F03C0001E0
F01C0001E0
F01E0001E0
F01E0003C0
F00F0003C0
F00F800780
F007C00F80
F003E03F00
F001FFFE00
F000FFFC00
70003FF000
ENDCHAR
STARTCHAR uni042F
ENCODING 1071
SWIDTH 674 0
DWIDTH 27 0
BBX 22 28 2 0
BITMAP
03FFF8
0FFFFC
1FFFFC
3E003C
7C003C
78003C
78003C
70003C
70003C
70003C
78003C
78003C
3E003C
1FFFFC
0FFFFC
03FFFC
03E03C
07C03C
07803C
0F003C
0F003C
1E003C
3E003C
3C003C
78003C
78003C
F0003C
700038
ENDCHAR
STARTCHAR uni0430
ENCODING 1072
SWIDTH 544 0
DWIDTH 22 0
BBX 17 20 2 0
BITMAP
03F000
1FFC00
3FFE00
7C1F00
200700
000780
000780
000780
000780
0FFF80
3FFF80
7C0780
700780
F00780
F00780
F00F80
781F80
7C3F80
3FF780
0FE300
ENDCHAR
STARTCHAR uni0431
ENCODING 1073
SWIDTH 571 0
DWIDTH 23 0
BBX 19 29 2 0
BITMAP
000100
000F80
00FF80
03FF00
0FF000
1F8000
3E0000
3C0000
780000
700000
F3FC00
F7FF00
EFBF80
EC0780
F803C0
F003C0
F001E0
F001E0
F001E0
F001E0
F001E0
F001E0
F001C0
7803C0
7803C0
3C0780
3FFF00
0FFE00
07FC00
ENDCHAR
STARTCHAR uni0432
ENCODING 1074
SWIDTH 552 0
DWIDTH 22 0
BBX 17 19 3 0
BITMAP
FFFC00
FFFF00
F00F00
F00780
F00780
F00780
F00700
F00F00
FFFC00
FFFE00
F00F00
F00780
F00380
F00380
F00380
F00780
F01F00
FFFF00
7FFC00
ENDCHAR
STARTCHAR uni0433
ENCODING 1075
SWIDTH 440 0
DWIDTH 18 0
BBX 14 19 3 0
BITMAP
FFFC
FFFC
F000
F000
F000
F000
F000
F000
F000
F000
F000
F000
F000
F000
F000
F000
F000
F000
F000
ENDCHAR
STARTCHAR uni0434
ENCODING 1076
SWIDTH 598 0
DWIDTH 24 0
BBX 22 24 1 -5
BITMAP
07FFE0
07FFE0
0701E0
0701E0
0701E0
0701E0
0701E0
0701E0
0F01E0
0F01E0
0E01E0
0E01E0
0E01E0
1E01E0
1C01E0
1C01E0
7FFFF8
FFFFFC
FFFFFC
E0001C
E0001C
E0001C
E0001C
E0001C
ENDCHAR
STARTCHAR uni0435
ENCODING 1077
SWIDTH 545 0
DWIDTH 22 0
BBX 18 20 2 0
BITMAP
01F000
0FFC00
1FFE00
3E0F00
780780
780380
7001C0
F001C0
F001C0
FFFFC0
FFFFC0
E00000
F00000
F00000
700000
780000
3C03C0
1FFFC0
0FFF80
07FE00
ENDCHAR
STARTCHAR uni0436
ENCODING 1078
SWIDTH 794 0
DWIDTH 32 0
BBX 30 20 1 0
BITMAP
30020020
78078070
380780F0
3C0780F0
1E0781E0
0F0783C0
07878780
07878F00
03C78F00
03FFFF00
07FFFF80
0FC78FC0
1F0783C0
1E0781E0
3C0780F0
3C0780F0
78078078
F0078078
F007803C
E007001C
ENDCHAR
STARTCHAR uni0437
ENCODING 1079
SWIDTH 502 0
DWIDTH 20 0
BBX 17 20 1 0
BITMAP
03F000
3FFE00
7FFF00
780F00
400700
000780
000780
000700
001F00
07FC00
07FE00
003F00
000780
000380
000380
000380
600780
FF3F00
7FFF00
1FFC00
ENDCHAR
STARTCHAR uni0438
ENCODING 1080
SWIDTH 588 0
DWIDTH 24 0
BBX 17 20 3 0
BITMAP
400180
E00380
E00780
E00F80
E01F80
E01F80
E03B80
E07B80
E0F380
E0E380
E1C380
E3C380
E78380
E70380
EE0380
FE0380
FC0380
F80380
F00380
F00380
ENDCHAR
STARTCHAR uni0439
ENCODING 1081
SWIDTH 588 0
DWIDTH 24 0
BBX 17 28 3 0
BITMAP
300300
380600
380E00
1E1C00
0FF800
03F000
000000
000000
400180
E00380
E00780
E00F80
E01F80
E01F80
E03B80
E07B80
E0F380
E0E380
E1C380
E3C380
E78380
E70380
EE0380
FE0380
FC0380
F80380
F00380
F00380
ENDCHAR
STARTCHAR uni043A
ENCODING 1082
SWIDTH 534 0
DWIDTH 21 0
BBX 17 20 3 0
BITMAP
400200
F00700
F00F00
F01E00
F03C00
F03C00
F07800
F0F000
F1E000
FFE000
FFF000
F1F800
F03C00
F01E00
F01E00
F00F00
F00F00
F00780
F00380
F00380
ENDCHAR
STARTCHAR uni043B
ENCODING 1083
SWIDTH 579 0
DWIDTH 23 0
BBX 19 19 1 0
BITMAP
07FFE0
07FFE0
0701E0
0701E0
0701E0
0701E0
0701E0
0F01E0
0F01E0
0F01E0
0F01E0
0E01E0
0E01E0
1E01E0
1E01E0
3C01E0
F801E0
F801E0
E000E0
ENDCHAR
STARTCHAR uni043C
ENCODING 1084
SWIDTH 665 0
DWIDTH 27 0
BBX 20 20 3 0
BITMAP
600030
F00070
F000F0
F800F0
F801F0
FC01F0
FE03F0
EE03F0
E70770
E70E70
E38E70
E39C70
E1DC70
E1F870
E0F870
E07070
E06070
E00070
E00070
E00070
ENDCHAR
STARTCHAR uni043D
ENCODING 1085
SWIDTH 592 0
DWIDTH 24 0
BBX 18 20 3 0
BITMAP
600100
F00380
F003C0
F003C0
F003C0
F003C0
F003C0
F003C0
F003C0
FFFFC0
FFFFC0
F003C0
F003C0
F003C0
F003C0
F003C0
F003C0
F003C0
F003C0
F00380
ENDCHAR
STARTCHAR uni043E
ENCODING 1086
SWIDTH 571 0
DWIDTH 23 0
BBX 19 20 2 0
BITMAP
01F000
0FFE00
1FFF00
3E0F80
7C0780
7803C0
F001C0
F001E0
F001E0
F001E0
F001E0
F001E0
F001E0
F001C0
7003C0
7803C0
3C0780
3FFF00
1FFE00
07FC00
ENDCHAR
STARTCHAR uni043F
ENCODING 1087
SWIDTH 589 0
DWIDTH 24 0
BBX 17 19 3 0
BITMAP
FFFF80
FFFF80
F00380
F00380
F00380
F00380
F00380
F00380
F00380
F00380
F00380
F00380
F00380
F00380
F00380
F00380
F00380
F00380
F00380
ENDCHAR
STARTCHAR uni0440
ENCODING 1088
SWIDTH 598 0
DWIDTH 24 0
BBX 19 27 3 -7
BITMAP
60F800
F3FE00
F7FF00
FE0F80
FC07C0
F803C0
F001C0
F001E0
F001E0
F001E0
F001E0
F001E0
F001E0
F001E0
F803C0
F803C0
FC0780
FFFF80
F7FF00
F1FC00
F00000
F00000
F00000
F00000
F00000
F00000
F00000
ENDCHAR
STARTCHAR uni0441
ENCODING 1089
SWIDTH 476 0
DWIDTH 19 0
BBX 16 20 2 0
BITMAP
01F0
0FFE
1FFF
3F0F
7C02
7800
F000
F000
F000
F000
F000
F000
F000
F000
7800
7800
3C07
3FFF
0FFE
07FC
ENDCHAR
STARTCHAR uni0442
ENCODING 1090
SWIDTH 450 0
DWIDTH 18 0
BBX 18 19 0 0
BITMAP
FFFFC0
FFFFC0
01E000
01E000
01E000
01E000
01E000
01E000
01E000
01E000
01E000
01E000
01E000
01E000
01E000
01E000
01E000
01E000
01E000
ENDCHAR
STARTCHAR uni0443
ENCODING 1091
SWIDTH 528 0
DWIDTH 21 0
BBX 19 27 1 -7
BITMAP
6000C0
F000E0
F001E0
7801C0
7803C0
380380
3C0780
3C0780
1E0700
1E0F00
0E0E00
0F1E00
071C00
079C00
07BC00
03B800
03F800
01F000
01F000
00E000
01E000
01E000
03C000
03C000
078000
078000
070000
ENDCHAR
STARTCHAR uni0444
ENCODING 1092
SWIDTH 804 0
DWIDTH 32 0
BBX 28 35 2 -7
BITMAP
000F0000
000F0000
000F0000
000F0000
000F0000
000F0000
000F0000
000F0000
078F1E00
1FEF7F80
3FFFFFC0
3C3FC3E0
781F81E0
700F80F0
F00F00F0
F00F00F0
F00F00F0
F00F0070
F00F0070
F00F00F0
F00F00F0
F00F00F0
700F00F0
781F81E0
781FC1E0
3FFFFFC0
1FEF7FC0
0FCF3F00
000F0000
000F0000
000F0000
000F0000
000F0000
000F0000
000F0000
ENDCHAR
STARTCHAR uni0445
ENCODING 1093
SWIDTH 540 0
DWIDTH 22 0
BBX 18 20 2 0
BITMAP
600100
F00780
780780
7C0F00
3E1E00
1E3E00
0F3C00
07F800
03F000
03E000
03E000
07F000
07F800
0F3C00
1E3E00
3C1E00
7C0F00
780780
F003C0
E00380
ENDCHAR
STARTCHAR uni0446
ENCODING 1094
SWIDTH 603 0
DWIDTH 24 0
BBX 20 25 3 -5
BITMAP
600300
F00780
F00780
F00780
F00780
F00780
F00780
F00780
F00780
F00780
F00780
F00780
F00780
F00780
F00780
F00780
F00780
FFFFE0
FFFFF0
7FFFF0
000070
000070
000070
000070
000070
ENDCHAR
STARTCHAR uni0447
ENCODING 1095
SWIDTH 557 0
DWIDTH 22 0
BBX 17 20 2 0
BITMAP
600100
F00380
F00380
F00380
F00380
F00380
F00380
F00380
780380
780780
7FBF80
3FFF80
1FFB80
018380
000380
000380
000380
000380
000380
000380
ENDCHAR
STARTCHAR uni0448
ENCODING 1096
SWIDTH 807 0
DWIDTH 32 0
BBX 26 20 3 0
BITMAP
600C0080
F01E01C0
F01E01C0
F01E01C0
F01E01C0
F01E01C0
F01E01C0
F01E01C0
F01E01C0
F01E01C0
F01E01C0
F01E01C0
F01E01C0
F01E01C0
F01E01C0
F01E01C0
F01E01C0
FFFFFFC0
FFFFFFC0
7FFFFFC0
ENDCHAR
STARTCHAR uni0449
ENCODING 1097
SWIDTH 833 0
DWIDTH 33 0
BBX 29 25 3 -5
BITMAP
600C0080
F01E01C0
F01E01C0
F01E01C0
F01E01C0
F01E01C0
F01E01C0
F01E01C0
F01E01C0
F01E01C0
F01E01C0
F01E01C0
F01E01C0
F01E01C0
F01E01C0
F01E01C0
F01E01C0
FFFFFFF8
FFFFFFF8
7FFFFFF8
00000038
00000038
00000038
00000038
00000038
ENDCHAR
STARTCHAR uni044A
ENCODING 1098
SWIDTH 619 0
DWIDTH 25 0
BBX 23 19 0 0
BITMAP
FFC000
FFC000
03C000
03C000
03C000
03C000
03FF80
03FFF8
03FFFC
03C03E
03C01E
03C00E
03C00E
03C00E
03C01E
03C01E
03FFFC
03FFF8
01FFE0
ENDCHAR
STARTCHAR uni044B
ENCODING 1099
SWIDTH 740 0
DWIDTH 30 0
BBX 23 20 3 0
BITMAP
600004
F0000E
F0000E
F0000E
F0000E
F0000E
F0000E
FFF00E
FFFC0E
FFFF0E
F00F0E
F0078E
F0078E
F0038E
F0038E
F0078E
F00F0E
FFFF0E
FFFE0E
7FF80E
ENDCHAR
STARTCHAR uni044C
ENCODING 1100
SWIDTH 541 0
DWIDTH 22 0
BBX 17 20 3 0
BITMAP
600000
F00000
F00000
F00000
F00000
F00000
F00000
FFF000
FFFC00
FFFF00
F00F00
F00780
F00780
F00380
F00380
F00780
F00F00
FFFF00
FFFE00
7FF800
ENDCHAR
STARTCHAR uni044D
ENCODING 1101
SWIDTH 495 0
DWIDTH 20 0
BBX 17 20 1 0
BITMAP
0FC000
3FF800
FFFC00
F03E00
401E00
000F00
000700
000780
000780
1FFF80
1FFF80
000780
000780
000700
000F00
000F00
E01E00
FCFC00
7FF800
1FF000
ENDCHAR
STARTCHAR uni044E
ENCODING 1102
SWIDTH 780 0
DWIDTH 31 0
BBX 26 20 3 0
BITMAP
6003F000
F00FFC00
F03FFE00
F07C1F00
F0780780
F0F00780
F0F003C0
F0E003C0
F1E003C0
FFE003C0
FFE003C0
F1E003C0
F0E003C0
F0E003C0
F0F003C0
F0F00780
F07C0F80
F03FFF00
F01FFE00
E00FF800
ENDCHAR
STARTCHAR uni044F
ENCODING 1103
SWIDTH 544 0
DWIDTH 22 0
BBX 17 19 2 0
BITMAP
1FFF00
3FFF80
7C0780
780780
F00780
F00780
F00780
700780
780780
3FFF80
1FFF80
07FF80
1F0780
1E0780
3C0780
3C0780
780780
780780
700700
ENDCHAR
STARTCHAR uni0450
ENCODING 1104
SWIDTH 545 0
DWIDTH 22 0
BBX 18 31 2 0
BITMAP
040000
0E0000
0E0000
070000
070000
038000
01C000
01C000
00C000
000000
000000
01F000
0FFC00
1FFE00
3E0F00
780780
780380
7001C0
F001C0
F001C0
FFFFC0
FFFFC0
E00000
F00000
F00000
700000
780000
3C03C0
1FFFC0
0FFF80
07FE00
ENDCHAR
STARTCHAR uni0451
ENCODING 1105
SWIDTH 545 0
DWIDTH 22 0
BBX 18 28 2 0
BITMAP
0E1E00
0F1E00
0F1E00
060C00
000000
000000
000000
000000
01F000
0FFC00
1FFE00
3E0F00
780780
780380
7001C0
F001C0
F001C0
FFFFC0
FFFFC0
E00000
F00000
F00000
700000
780000
3C03C0
1FFFC0
0FFF80
07FE00
ENDCHAR
STARTCHAR uni0452
ENCODING 1106
SWIDTH 583 0
DWIDTH 23 0
BBX 21 35 -1 -7
BITMAP
0F0000
0F0000
0F0000
7FFE00
FFFF00
7FFF00
0F0000
0F0000
0F0F80
0F3FE0
0F7FF0
0FE1F0
0FC078
0F8078
0F0038
0F0038
0F0038
0F0038
0F0038
0F0038
0F0038
0F0038
0F0038
0F0038
0F0038
0F0038
0F0038
0F0038
000078
000078
000070
0001F0
0007E0
0007C0
000700
ENDCHAR
STARTCHAR uni0453
ENCODING 1107
SWIDTH 440 0
DWIDTH 18 0
BBX 14 31 3 0
BITMAP
0020
0070
00F0
00E0
01E0
01C0
0380
0380
0300
0000
0000
0000
FFFC
FFFC
F000
F000
F000
F000
F000
F000
F000
F000
F000
F000
F000
F000
F000
F000
F000
F000
F000
ENDCHAR
STARTCHAR uni0454
ENCODING 1108
SWIDTH 496 0
DWIDTH 20 0
BBX 17 20 2 0
BITMAP
01F800
0FFE00
1FFF80
3E0780
780100
780000
F00000
F00000
F00000
FFF800
FFF800
E00000
F00000
F00000
700000
780000
3C0380
1F9F80
0FFF00
07FC00
ENDCHAR
STARTCHAR uni0455
ENCODING 1109
SWIDTH 493 0
DWIDTH 20 0
BBX 16 20 2 0
BITMAP
07E0
1FFC
3FFE
780E
7004
7000
7000
7800
7C00
3FE0
1FF8
01FE
001E
000F
000F
000F
E00E
FE7E
7FFC
1FF0
ENDCHAR
STARTCHAR uni0456
ENCODING 1110
SWIDTH 248 0
DWIDTH 10 0
BBX 4 28 3 0
BITMAP
F0
F0
F0
F0
00
00
00
00
60
F0
F0
F0
F0
F0
F0
F0
F0
F0
F0
F0
F0
F0
F0
F0
F0
F0
F0
E0
ENDCHAR
STARTCHAR uni0457
ENCODING 1111
SWIDTH 248 0
DWIDTH 10 0
BBX 12 28 -1 0
BITMAP
70E0
F0F0
F0E0
70E0
0000
0000
0000
0000
0600
0F00
0F00
0F00
0F00
0F00
0F00
0F00
0F00
0F00
0F00
0F00
0F00
0F00
0F00
0F00
0F00
0F00
0F00
0E00
ENDCHAR
STARTCHAR uni0458
ENCODING 1112
SWIDTH 252 0
DWIDTH 10 0
BBX 9 36 -2 -8
BITMAP
0780
0780
0780
0380
0000
0000
0000
0000
0300
0780
0780
0780
0780
0780
0780
0780
0780
0780
0780
0780
0780
0780
0780
0780
0780
0780
0780
0780
0780
0780
0780
0F00
1F00
FE00
FC00
4000
ENDCHAR
STARTCHAR uni0459
ENCODING 1113
SWIDTH 871 0
DWIDTH 35 0
BBX 32 19 1 0
BITMAP
07FFE000
07FFE000
0701E000
0701E000
0701E000
0701E000
0701FFC0
0F01FFFC
0F01FFFE
0F01E01F
0F01E00F
0E01E007
0E01E007
1E01E007
1E01E00F
3C01E00F
F801FFFE
F801FFFC
E000FFF0
ENDCHAR
STARTCHAR uni045A
ENCODING 1114
SWIDTH 885 0
DWIDTH 35 0
BBX 31 20 3 0
BITMAP
60010000
F0038000
F003C000
F003C000
F003C000
F003C000
F003C000
F003FF00
F003FFF0
FFFFFFF8
FFFFC03C
F003C01E
F003C01E
F003C01E
F003C01E
F003C01E
F003C03C
F003FFFC
F003FFF8
F003FFE0
ENDCHAR
STARTCHAR uni045B
ENCODING 1115
SWIDTH 583 0
DWIDTH 23 0
BBX 21 28 -1 0
BITMAP
0F0000
0F0000
0F0000
7FFE00
FFFF00
7FFE00
0F0000
0F0000
0F0F80
0F3FE0
0F7FF0
0FE1F0
0FC078
0F8078
0F0078
0F0038
0F0038
0F0038
0F0038
0F0038
0F0038
0F0038
0F0038
0F0038
0F0038
0F0038
0F0038
0F0038
ENDCHAR
STARTCHAR uni045C
ENCODING 1116
SWIDTH 534 0
DWIDTH 21 0
BBX 17 31 3 0
BITMAP
000C00
001C00
001C00
003C00
003800
007000
007000
00E000
00C000
000000
000000
400200
F00700
F00F00
F01E00
F03C00
F03C00
F07800
F0F000
F1E000
FFE000
FFF000
F1F800
F03C00
F01E00
F01E00
F00F00
F00F00
F00780
F00380
F00380
ENDCHAR
STARTCHAR uni045D
ENCODING 1117
SWIDTH 588 0
DWIDTH 24 0
BBX 17 31 3 0
BITMAP
0C0000
1C0000
1E0000
0E0000
070000
070000
038000
018000
01C000
000000
000000
400180
E00380
E00780
E00F80
E01F80
E01F80
E03B80
E07B80
E0F380
E0E380
E1C380
E3C380
E78380
E70380
EE0380
FE0380
FC0380
F80380
F00380
F00380
ENDCHAR
STARTCHAR uni045E
ENCODING 1118
SWIDTH 528 0
DWIDTH 21 0
BBX 19 35 1 -7
BITMAP
180300
180300
1C0700
0F1E00
07FC00
01F000
000000
000000
6000C0
F000E0
F001E0
7801C0
7803C0
380380
3C0780
3C0780
1E0700
1E0F00
0E0E00
0F1E00
071C00
079C00
07BC00
03B800
03F800
01F000
01F000
00E000
01E000
01E000
03C000
03C000
078000
078000
070000
ENDCHAR
STARTCHAR uni045F
ENCODING 1119
SWIDTH 589 0
DWIDTH 24 0
BBX 17 25 3 -5
BITMAP
600300
F00380
F00380
F00380
F00380
F00380
F00380
F00380
F00380
F00380
F00380
F00380
F00380
F00380
F00380
F00380
F00380
FFFF80
FFFF80
7FFF80
01C000
01C000
01C000
01C000
01C000
ENDCHAR
STARTCHAR uni0462
ENCODING 1122
SWIDTH 729 0
DWIDTH 29 0
BBX 28 28 -1 0
BITMAP
01E00000
01E00000
01E00000
01E00000
FFFFF000
FFFFF800
7FFFF000
01E00000
01E00000
01E00000
01E00000
01E00000
01FFFE00
01FFFF80
01FFFFC0
01E007E0
01E001F0
01E000F0
01E000F0
01E00070
01E00070
01E00070
01E000F0
01E001F0
01E003E0
01FFFFC0
01FFFF80
00FFFE00
ENDCHAR
STARTCHAR uni0463
ENCODING 1123
SWIDTH 619 0
DWIDTH 25 0
BBX 23 28 0 0
BITMAP
03C000
03C000
03C000
03C000
03C000
03C000
03C000
03C000
03C000
FFFF80
FFFF80
03C000
03C000
03C000
03C000
03FF80
03FFF8
03FFFC
03C03E
03C01E
03C00E
03C00E
03C00E
03C01E
03C01E
03FFFC
03FFF8
01FFE0
ENDCHAR
STARTCHAR uni046A
ENCODING 1130
SWIDTH 968 0
DWIDTH 39 0
BBX 36 28 1 0
BITMAP
03FFFFFE00
07FFFFFE00
03FFFFFC00
01E0003C00
00F0007800
007800F000
003801E000
001C03C000
001E038000
000F070000
00078F0000
0003DE0000
001FFFC000
00FFFFF000
01FFFFFC00
03F8F0FE00
07C0F01F00
0F80F00F00
0F00F00780
1E00F00780
1E00F003C0
1C00F003C0
3C00F001E0
3C00F001E0
7800F000F0
7800F000F0
F000F00070
F000700070
ENDCHAR
STARTCHAR uni046B
ENCODING 1131
SWIDTH 794 0
DWIDTH 32 0
BBX 30 19 1 0
BITMAP
07FFFF00
03FFFF00
01C00E00
00E01C00
00F03800
00787800
003CF000
001FE000
03FFFE00
07FFFF80
0FFFFFC0
0F0783C0
1E0781E0
3C0781E0
3C0780F0
78078078
70078078
F007803C
E0070018
ENDCHAR
STARTCHAR uni0472
ENCODING 1138
SWIDTH 772 0
DWIDTH 31 0
BBX 26 29 2 0
BITMAP
00040000
00FFE000
03FFF800
07FFFC00
0FC07E00
1F001F00
3E000F00
3C000780
78000780
780003C0
780003C0
780003C0
F00003C0
FFFFFFC0
FFFFFFC0
FFFFFFC0
F00001C0
F00003C0
780003C0
780003C0
780003C0
7C000780
3C000780
3E000F00
1F001F00
0FC07E00
07FFFC00
03FFF000
00FFC000
ENDCHAR
STARTCHAR uni0473
ENCODING 1139
SWIDTH 571 0
DWIDTH 23 0
BBX 19 20 2 0
BITMAP
01F000
0FFE00
1FFF00
3E0F80
7C0780
7803C0
F001C0
F001E0
F001E0
FFFFE0
FFFFE0
F001E0
F001E0
F001E0
7803C0
7803C0
3C0780
3FFF00
0FFE00
07FC00
ENDCHAR
STARTCHAR uni0474
ENCODING 1140
SWIDTH 749 0
DWIDTH 30 0
BBX 30 29 1 0
BITMAP
00000008
E00000FC
F00001FC
F00003F8
700007C0
78000780
78000F00
3C000F00
3C001E00
1E001E00
1E001C00
0E003C00
0F003800
0F007800
07807800
0780F000
03C0F000
03C0E000
01C1E000
01E1E000
00E3C000
00F3C000
00F38000
007F8000
007F0000
003F0000
003F0000
001E0000
001E0000
ENDCHAR
STARTCHAR uni0475
ENCODING 1141
SWIDTH 555 0
DWIDTH 22 0
BBX 22 20 1 0
BITMAP
600038
F000FC
F001FC
7801F0
7803C0
3803C0
3C0780
3C0780
1E0700
1E0F00
0E0E00
0F1E00
071C00
079C00
03BC00
03B800
03F800
01F000
01F000
00E000
ENDCHAR
STARTCHAR uni048A
ENCODING 1162
SWIDTH 761 0
DWIDTH 30 0
BBX 27 43 3 -7
BITMAP
0E006000
0600E000
0701C000
03FFC000
01FF0000
00180000
00000000
00000000
70000E00
F0001E00
F0003E00
F0003E00
F0007E00
F000FE00
F001EE00
F001EE00
F003CE00
F0078E00
F00F0E00
F00F0E00
F01E0E00
F03C0E00
F0780E00
F0780E00
F0F00E00
F1E00E00
F3C00E00
F3C00E00
F7800E00
FF000E00
FE000E00
FE000E00
FC000E00
F8000FE0
F0000FE0
70000FE0
000001E0
000001C0
000001C0
000003C0
00000380
00000380
00000100
ENDCHAR
STARTCHAR uni048B
ENCODING 1163
SWIDTH 614 0
DWIDTH 25 0
BBX 20 34 3 -6
BITMAP
300300
380600
380E00
1E1C00
0FF800
03F000
000000
000000
400180
E00380
E00780
E00F80
E01F80
E01F80
E03B80
E07B80
E0F380
E0E380
E1C380
E3C380
E78380
E70380
EE0380
FE0380
FC0380
F803F0
F003F0
F001F0
000070
0000E0
0000E0
0000E0
0001C0
000080
ENDCHAR
STARTCHAR uni048C
ENCODING 1164
SWIDTH 719 0
DWIDTH 29 0
BBX 27 28 0 0
BITMAP
03800000
03800000
03800000
03800000
FFFE0000
FFFE0000
7FFC0000
03800000
03800000
03800000
03800000
03800000
03FFF800
03FFFF00
03FFFF80
03800FC0
038003C0
038001E0
038001E0
038001E0
038001E0
038001E0
038001E0
038003C0
03800FC0
03FFFF80
03FFFF00
03FFFC00
ENDCHAR
STARTCHAR uni048D
ENCODING 1165
SWIDTH 619 0
DWIDTH 25 0
BBX 23 28 0 0
BITMAP
03C000
03C000
03C000
03C000
03C000
03C000
03C000
03C000
03C000
FFFF80
FFFF80
03C000
03C000
03C000
03C000
03FF80
03FFF8
03FFFC
03C03E
03C01E
03C00E
03C00E
03C00E
03C01E
03C01E
03FFFC
03FFF8
01FFE0
ENDCHAR
STARTCHAR uni048E
ENCODING 1166
SWIDTH 638 0
DWIDTH 26 0
BBX 21 28 3 0
BITMAP
7FFF00
FFFFC0
FFFFE0
F001F0
F000F8
F00078
F00078
F00038
F00038
F00078
F01878
F01C78
F01EF0
F00FF0
FFFFE0
FFFFC0
FFFF80
F001C0
F001C0
F000C0
F00000
F00000
F00000
F00000
F00000
F00000
F00000
700000
ENDCHAR
STARTCHAR uni048F
ENCODING 1167
SWIDTH 597 0
DWIDTH 24 0
BBX 19 27 3 -7
BITMAP
60F800
F3FE00
F7FF00
FE0F80
FC07C0
F803C0
F001C0
F001E0
F001E0
F001E0
F001E0
F001E0
F001E0
F031E0
F83BC0
F81FC0
FC1F80
FFFF80
F7FF00
F1FF80
F00180
F00180
F00000
F00000
F00000
F00000
F00000
ENDCHAR
STARTCHAR uni0490
ENCODING 1168
SWIDTH 546 0
DWIDTH 22 0
BBX 18 35 3 0
BITMAP
0000C0
0001C0
0001C0
0001C0
0001C0
0001C0
0001C0
7FFFC0
FFFFC0
FFFFC0
F00000
F00000
F00000
F00000
F00000
F00000
F00000
F00000
F00000
F00000
F00000
F00000
F00000
F00000
F00000
F00000
F00000
F00000
F00000
F00000
F00000
F00000
F00000
F00000
700000
ENDCHAR
STARTCHAR uni0491
ENCODING 1169
SWIDTH 440 0
DWIDTH 18 0
BBX 14 24 3 0
BITMAP
001C
001C
001C
001C
001C
FFFC
FFFC
F000
F000
F000
F000
F000
F000
F000
F000
F000
F000
F000
F000
F000
F000
F000
F000
F000
ENDCHAR
STARTCHAR uni0492
ENCODING 1170
SWIDTH 583 0
DWIDTH 23 0
BBX 22 28 1 0
BITMAP
0FFFFC
0FFFFC
0FFFFC
0F0000
0F0000
0F0000
0F0000
0F0000
0F0000
0F0000
0F0000
0F0000
0F0000
FFFE00
FFFE00
0F0000
0F0000
0F0000
0F0000
0F0000
0F0000
0F0000
0F0000
0F0000
0F0000
0F0000
0F0000
0E0000
ENDCHAR
STARTCHAR uni0493
ENCODING 1171
SWIDTH 461 0
DWIDTH 18 0
BBX 18 19 0 0
BITMAP
0FFFC0
0FFFC0
0F0000
0F0000
0F0000
0F0000
0F0000
0F0000
7FF800
FFFC00
FFF800
0F0000
0F0000
0F0000
0F0000
0F0000
0F0000
0F0000
0E0000
ENDCHAR
STARTCHAR uni0494
ENCODING 1172
SWIDTH 676 0
DWIDTH 27 0
BBX 22 36 3 -8
BITMAP
7FFFE0
FFFFE0
FFFFE0
F00000
F00000
F00000
F00000
F00000
F00000
F00000
F00000
F7FF00
FFFFC0
FFFFE0
FC03F0
F000F0
F00078
F00078
F00038
F0003C
F0003C
F0003C
F0003C
F0003C
F0003C
F0003C
F0003C
70003C
00003C
000078
000078
0000F8
007FF0
00FFE0
007FC0
000C00
ENDCHAR
STARTCHAR uni0495
ENCODING 1173
SWIDTH 557 0
DWIDTH 22 0
BBX 17 26 3 -7
BITMAP
FFFC00
FFFC00
F00000
F00000
F00000
F00000
F0F800
F3FE00
F7FF00
FE0F80
FC0780
F80780
F00380
F00380
F00380
F00380
F00380
F00380
F00380
000380
000780
000780
000F00
003E00
007C00
007800
ENDCHAR
STARTCHAR uni0496
ENCODING 1174
SWIDTH 988 0
DWIDTH 40 0
BBX 40 35 1 -7
BITMAP
3C007000E0
3C007001E0
1E007003E0
1E007003C0
0F00700780
0780700F80
0780700F00
03C0701E00
01E0703E00
01E0703C00
00F0707800
007870F800
007FFFF000
00FFFFF800
01FFFFFC00
03F870FE00
07C0701F00
0F80700F80
0F00700780
1E007003C0
1E007003C0
3C007001E0
3C007001E0
78007000F0
78007000F0
780070007E
F00070007F
F00070003F
000000000F
000000000F
000000000F
000000000F
000000000F
0000000007
0000000002
ENDCHAR
STARTCHAR uni0497
ENCODING 1175
SWIDTH 838 0
DWIDTH 34 0
BBX 32 25 1 -5
BITMAP
30020020
78078070
380780F0
3C0780F0
1E0781E0
0F0783C0
07878780
07878F00
03C78F00
03FFFF00
07FFFF80
0FC78FC0
1F0783C0
1E0781E0
3C0780F0
3C0780F0
78078078
F007807E
F007803F
E007001F
00000007
00000007
00000007
00000007
00000007
ENDCHAR
STARTCHAR uni0498
ENCODING 1176
SWIDTH 639 0
DWIDTH 26 0
BBX 22 36 1 -7
BITMAP
001000
07FF80
1FFFE0
3FFFF0
7C01F8
300078
000078
000038
000038
000038
000078
000078
0001F0
03FFE0
07FF80
07FFE0
0001F0
000078
00003C
00003C
00003C
00003C
00003C
20003C
70007C
FE01F8
7FFFF0
1FFFE0
07FF80
003800
003800
003800
003800
003800
003800
001000
ENDCHAR
STARTCHAR uni0499
ENCODING 1177
SWIDTH 502 0
DWIDTH 20 0
BBX 17 26 1 -6
BITMAP
03F000
3FFE00
7FFF00
780F00
400700
000780
000780
000700
001F00
07FC00
07FE00
003F00
000780
000380
000380
000380
600780
FF3F00
7FFF00
1FFC00
01C000
01C000
01C000
01C000
01C000
008000
ENDCHAR
STARTCHAR uni049A
ENCODING 1178
SWIDTH 658 0
DWIDTH 26 0
BBX 25 35 3 -7
BITMAP
7000F000
F000F000
F001E000
F001E000
F003C000
F0078000
F0078000
F00F0000
F01E0000
F01E0000
F03C0000
F0780000
FFF80000
FFFC0000
FFFE0000
F07F0000
F00F8000
F0078000
F003C000
F001C000
F001E000
F000E000
F000F000
F000F000
F0007800
F0007F00
F0003F80
70001F80
00000780
00000780
00000780
00000780
00000780
00000780
00000200
ENDCHAR
STARTCHAR uni049B
ENCODING 1179
SWIDTH 574 0
DWIDTH 23 0
BBX 19 25 3 -5
BITMAP
400200
F00700
F00F00
F01E00
F03C00
F03C00
F07800
F0F000
F1E000
FFE000
FFF000
F1F800
F03C00
F01E00
F01E00
F00F00
F00F00
F007E0
F003E0
F003E0
0000E0
0000E0
0000E0
0000E0
0000E0
ENDCHAR
STARTCHAR uni049C
ENCODING 1180
SWIDTH 684 0
DWIDTH 27 0
BBX 23 28 3 0
BITMAP
700038
F00078
F00078
F000F0
F001E0
F081E0
F1C3C0
F1C780
F1C780
F1CF00
F1DE00
F1DE00
FFFC00
FFFE00
FFFF80
F1DFC0
F1C3C0
F1C1E0
F1C1E0
F1C0F0
F1C0F0
F18078
F00078
F0003C
F0003C
F0001E
F0001E
70000E
ENDCHAR
STARTCHAR uni049D
ENCODING 1181
SWIDTH 572 0
DWIDTH 23 0
BBX 19 20 3 0
BITMAP
400180
F003C0
F00780
F00780
F30F00
F39E00
F3BC00
F3BC00
F3F800
FFF800
FFFC00
F3FE00
F39F00
F38F00
F38780
F30780
F103C0
F001C0
F001E0
F000E0
ENDCHAR
STARTCHAR uni049E
ENCODING 1182
SWIDTH 690 0
DWIDTH 28 0
BBX 27 28 -1 0
BITMAP
03C001C0
03C003C0
03C00780
03C00780
FFFF0F00
FFFF1E00
3FFC1E00
03C03C00
03C07800
03C07800
03C0F000
03C1E000
03FFE000
03FFE000
03FFF800
03C1FC00
03C03C00
03C01E00
03C01E00
03C00F00
03C00F00
03C00780
03C00780
03C003C0
03C003C0
03C001E0
03C001E0
03C000E0
ENDCHAR
STARTCHAR uni049F
ENCODING 1183
SWIDTH 535 0
DWIDTH 21 0
BBX 21 28 -1 0
BITMAP
0F0000
0F0000
0F0000
7FFE00
FFFF00
7FFF00
0F0000
0F0000
0F0020
0F0070
0F00F0
0F01E0
0F03C0
0F03C0
0F0780
0F0F00
0F1E00
0FFE00
0FFF00
0F1F80
0F03C0
0F01E0
0F01E0
0F00F0
0F00F0
0F0078
0F0038
0F0038
ENDCHAR
STARTCHAR uni04A0
ENCODING 1184
SWIDTH 780 0
DWIDTH 31 0
BBX 30 28 0 0
BITMAP
FFF00070
FFF000F0
FFF001F0
007001E0
007003C0
007007C0
00700780
00700F00
00700F00
00701E00
00703C00
00703C00
007FF800
007FFC00
007FFE00
00707F00
00700F80
007007C0
007003C0
007001E0
007001E0
007000F0
007000F0
00700078
00700078
0070003C
0070003C
0070001C
ENDCHAR
STARTCHAR uni04A1
ENCODING 1185
SWIDTH 612 0
DWIDTH 24 0
BBX 23 20 0 0
BITMAP
000008
FFC01C
FFC03C
03C078
03C0F8
03C0F0
03C1E0
03C3C0
03C780
03FF80
03FFE0
03C7E0
03C0F0
03C078
03C078
03C03C
03C01C
03C01E
03C00E
01C00E
ENDCHAR
STARTCHAR uni04A2
ENCODING 1186
SWIDTH 804 0
DWIDTH 32 0
BBX 28 35 3 -7
BITMAP
70000700
F0000F00
F0000F00
F0000F00
F0000F00
F0000F00
F0000F00
F0000F00
F0000F00
F0000F00
F0000F00
F0000F00
FFFFFF00
FFFFFF00
FFFFFF00
F0000F00
F0000F00
F0000F00
F0000F00
F0000F00
F0000F00
F0000F00
F0000F00
F0000F00
F0000F00
F0000FF0
F0000FF0
700007F0
00000070
00000070
00000070
00000070
00000070
00000070
00000020
ENDCHAR
STARTCHAR uni04A3
ENCODING 1187
SWIDTH 618 0
DWIDTH 25 0
BBX 21 25 3 -5
BITMAP
600100
F00380
F003C0
F003C0
F003C0
F003C0
F003C0
F003C0
F003C0
FFFFC0
FFFFC0
F003C0
F003C0
F003C0
F003C0
F003C0
F003C0
F003F0
F003F8
F003F8
000078
000078
000078
000078
000038
ENDCHAR
STARTCHAR uni04A4
ENCODING 1188
SWIDTH 936 0
DWIDTH 37 0
BBX 35 28 3 0
BITMAP
700007FFC0
F0000FFFE0
F0000FFFC0
F0000F0000
F0000F0000
F0000F0000
F0000F0000
F0000F0000
F0000F0000
F0000F0000
F0000F0000
F0000F0000
FFFFFF0000
FFFFFF0000
FFFFFF0000
F0000F0000
F0000F0000
F0000F0000
F0000F0000
F0000F0000
F0000F0000
F0000F0000
F0000F0000
F0000F0000
F0000F0000
F0000F0000
F0000F0000
7000070000
ENDCHAR
STARTCHAR uni04A5
ENCODING 1189
SWIDTH 747 0
DWIDTH 30 0
BBX 27 20 3 0
BITMAP
60000000
F003FFE0
F003FFE0
F003C000
F003C000
F003C000
F003C000
F003C000
F003C000
FFFFC000
FFFFC000
F003C000
F003C000
F003C000
F003C000
F003C000
F003C000
F003C000
F003C000
F0038000
ENDCHAR
STARTCHAR uni04A8
ENCODING 1192
SWIDTH 817 0
DWIDTH 33 0
BBX 31 29 2 0
BITMAP
00060000
00FF0000
03FF0000
07FE0000
0F800000
1F000000
3E000000
3C00FE00
7803FF00
7807FF80
780783C0
780F01E0
F00F01E0
F00E01E0
F00E00E0
F00E00E0
F00E00E0
F00E00E0
780E00E0
780F01E0
780F01E0
780701C0
3C0783C0
3E03C780
1F03EF00
0FC1FF04
07FFFFFE
03FFFFFE
00FFEFFC
ENDCHAR
STARTCHAR uni04A9
ENCODING 1193
SWIDTH 654 0
DWIDTH 26 0
BBX 25 20 2 0
BITMAP
01F00000
0FFC0000
1FFC0000
3E000000
7C000000
7807C000
F01FE000
F03FF000
F0387000
F0703800
F0703800
F0703800
F0703800
F0703800
78387000
78387000
3C1CE000
1F8FC780
0FFFFF80
03FFFF00
ENDCHAR
STARTCHAR uni04AA
ENCODING 1194
SWIDTH 675 0
DWIDTH 27 0
BBX 23 36 2 -7
BITMAP
000E00
00FFF0
03FFF8
07FFFE
0FC03E
1F000E
3E0000
3C0000
7C0000
780000
780000
780000
F00000
F00000
F00000
F00000
F00000
F00000
780000
780000
780000
7C0000
3C0000
3E0004
1F000E
0FE07E
07FFFE
03FFF8
00FFE0
000E00
000E00
000E00
000E00
000E00
000E00
000400
ENDCHAR
STARTCHAR uni04AB
ENCODING 1195
SWIDTH 472 0
DWIDTH 19 0
BBX 16 26 2 -6
BITMAP
01F0
0FFE
1FFF
3F0F
7C02
7800
F000
F000
F000
F000
F000
F000
F000
F000
7800
7800
3C07
3FFF
0FFE
07FC
00E0
00E0
00E0
00E0
00E0
0040
ENDCHAR
STARTCHAR uni04AC
ENCODING 1196
SWIDTH 585 0
DWIDTH 23 0
BBX 24 35 0 -7
BITMAP
FFFFFF
FFFFFF
FFFFFF
003C00
003C00
003C00
003C00
003C00
003C00
003C00
003C00
003C00
003C00
003C00
003C00
003C00
003C00
003C00
003C00
003C00
003C00
003C00
003C00
003C00
003C00
003F80
003FC0
003FC0
0003C0
0003C0
0003C0
0003C0
0003C0
0003C0
000100
ENDCHAR
STARTCHAR uni04AD
ENCODING 1197
SWIDTH 450 0
DWIDTH 18 0
BBX 18 24 0 -5
BITMAP
FFFFC0
FFFFC0
01E000
01E000
01E000
01E000
01E000
01E000
01E000
01E000
01E000
01E000
01E000
01E000
01E000
01E000
01F800
01FC00
00FC00
001C00
001C00
001C00
001C00
001C00
ENDCHAR
STARTCHAR uni04AE
ENCODING 1198
SWIDTH 601 0
DWIDTH 24 0
BBX 22 28 1 0
BITMAP
E0001C
F0003C
F8003C
780078
3C00F0
3E01F0
1F01E0
0F03C0
078780
07CF80
03CF00
01FE00
00FE00
00FC00
007800
007800
007800
007800
007800
007800
007800
007800
007800
007800
007800
007800
007800
007800
ENDCHAR
STARTCHAR uni04AF
ENCODING 1199
SWIDTH 519 0
DWIDTH 21 0
BBX 19 27 1 -7
BITMAP
6000C0
F001E0
F001E0
7001C0
7803C0
780380
3C0780
3C0700
1C0F00
1E0F00
0E0E00
0F1E00
0F1C00
07BC00
07B800
03B800
03F800
01F000
01F000
01E000
00E000
00E000
00E000
00E000
00E000
00E000
00E000
ENDCHAR
STARTCHAR uni04B0
ENCODING 1200
SWIDTH 601 0
DWIDTH 24 0
BBX 22 28 1 0
BITMAP
E0001C
F0003C
F8003C
780078
3C00F0
3E01F0
1F01E0
0F03C0
078780
07CF80
03CF00
01FE00
00FE00
00FC00
1FFFF0
3FFFF0
1FFFE0
007800
007800
007800
007800
007800
007800
007800
007800
007800
007800
007800
ENDCHAR
STARTCHAR uni04B1
ENCODING 1201
SWIDTH 519 0
DWIDTH 21 0
BBX 19 27 1 -7
BITMAP
6000C0
F001E0
F001E0
7001C0
7803C0
780380
3C0780
3C0700
1C0F00
1E0F00
0E0E00
0F1E00
0F1C00
07BC00
07B800
03B800
03F800
01F000
01F000
1FFF00
3FFF00
1FFF00
00E000
00E000
00E000
00E000
00E000
ENDCHAR
STARTCHAR uni04B2
ENCODING 1202
SWIDTH 665 0
DWIDTH 27 0
BBX 25 35 2 -7
BITMAP
F0001C00
F0003C00
78007800
7C00F800
3E00F000
1E01E000
0F03E000
0F83C000
07878000
03CF0000
01FF0000
01FE0000
00FC0000
00780000
00FC0000
00FE0000
01FE0000
03CF0000
07C78000
0787C000
0F03C000
1E01E000
3E00F000
3C00F800
78007800
F0003F80
F0001F80
E0001F80
00000380
00000380
00000380
00000380
00000380
00000380
00000100
ENDCHAR
STARTCHAR uni04B3
ENCODING 1203
SWIDTH 560 0
DWIDTH 22 0
BBX 20 25 2 -5
BITMAP
600180
F00380
780780
3C0F00
3E1E00
1E3E00
0F3C00
07F800
03F000
03E000
03E000
07F000
07F800
0F3C00
1E3E00
3C1E00
7C0F00
7807E0
F003F0
E003F0
0000F0
0000F0
0000F0
0000F0
000070
ENDCHAR
STARTCHAR uni04B4
ENCODING 1204
SWIDTH 927 0
DWIDTH 37 0
BBX 36 35 0 -7
BITMAP
FFFFF80700
FFFFF80F00
FFFFF80F00
0070000F00
0070000F00
0070000F00
0070000F00
0070000F00
0070000F00
0070000F00
0070000F00
0070000F00
0070000F00
0070000F00
0070000F00
0070000F00
0070000F00
0070000F00
0070000F00
0070000F00
0070000F00
0070000F00
0070000F00
0070000F00
0070000F00
007FFFFFF0
007FFFFFF0
007FFFFFF0
0000000070
0000000070
0000000070
0000000070
0000000070
0000000070
0000000020
ENDCHAR
STARTCHAR uni04B5
ENCODING 1205
SWIDTH 700 0
DWIDTH 28 0
BBX 27 25 0 -5
BITMAP
00000600
FFFF0F00
FFFF0F00
03C00F00
03C00F00
03C00F00
03C00F00
03C00F00
03C00F00
03C00F00
03C00F00
03C00F00
03C00F00
03C00F00
03C00F00
03C00F00
03C00F00
03FFFFC0
03FFFFE0
01FFFFE0
000000E0
000000E0
000000E0
000000E0
000000E0
ENDCHAR
STARTCHAR uni04B6
ENCODING 1206
SWIDTH 721 0
DWIDTH 29 0
BBX 26 35 2 -7
BITMAP
F0003C00
F0003C00
F0003C00
F0003C00
F0003C00
F0003C00
F0003C00
F0003C00
F0003C00
70003C00
78003C00
78003C00
3C003C00
3F007C00
1FFFFC00
0FFFFC00
07FFFC00
00783C00
00003C00
00003C00
00003C00
00003C00
00003C00
00003C00
00003C00
00003F80
00003FC0
00001FC0
000003C0
000003C0
000003C0
000003C0
000003C0
000001C0
00000080
ENDCHAR
STARTCHAR uni04B7
ENCODING 1207
SWIDTH 583 0
DWIDTH 23 0
BBX 20 25 2 -5
BITMAP
600100
F00380
F00380
F00380
F00380
F00380
F00380
F00380
780380
780780
7FBF80
3FFF80
1FFB80
018380
000380
000380
000380
0003E0
0003F0
0003F0
000070
000070
000070
000070
000070
ENDCHAR
STARTCHAR uni04B8
ENCODING 1208
SWIDTH 680 0
DWIDTH 27 0
BBX 22 28 2 0
BITMAP
F0003C
F0003C
F0003C
F0003C
F0003C
F0003C
F0003C
F0103C
F0383C
70383C
78383C
78383C
3C383C
3F387C
1FFFFC
0FFFFC
03FFFC
00783C
00383C
00383C
00383C
00383C
00383C
00303C
00003C
00003C
00003C
00003C
ENDCHAR
STARTCHAR uni04B9
ENCODING 1209
SWIDTH 576 0
DWIDTH 23 0
BBX 18 20 2 0
BITMAP
600180
F003C0
F003C0
F003C0
F003C0
F043C0
F0E3C0
F0E3C0
78E3C0
78E3C0
3FFFC0
3FFFC0
0FFFC0
00E3C0
00E3C0
00E3C0
00E3C0
0043C0
0003C0
0001C0
ENDCHAR
STARTCHAR uni04BA
ENCODING 1210
SWIDTH 680 0
DWIDTH 27 0
BBX 22 28 3 0
BITMAP
700000
F00000
F00000
F00000
F00000
F00000
F00000
F00000
F00000
F00000
F1FC00
FFFF80
FFFFE0
FFCFF0
F801F0
F000F8
F00078
F00038
F0003C
F0003C
F0003C
F0003C
F0003C
F0003C
F0003C
F0003C
F0003C
70003C
ENDCHAR
STARTCHAR uni04BB
ENCODING 1211
SWIDTH 583 0
DWIDTH 23 0
BBX 17 28 3 0
BITMAP
F00000
F00000
F00000
F00000
F00000
F00000
F00000
F00000
F0F800
F3FE00
F7FF00
FE1F00
FC0780
F80780
F00780
F00380
F00380
F00380
F00380
F00380
F00380
F00380
F00380
F00380
F00380
F00380
F00380
F00380
ENDCHAR
STARTCHAR uni04BC
ENCODING 1212
SWIDTH 932 0
DWIDTH 37 0
BBX 34 29 1 0
BITMAP
00000C0000
0001FFE000
0003FFF800
000FFFFC00
001F807E00
003E001E00
003C000F00
E078000780
E078000780
E078000780
E0F0000380
F0F00003C0
F0F00003C0
7FFFFFFFC0
7FFFFFFFC0
3FFFFFFFC0
07FFFFFF00
00F0000000
00F0000000
00F0000000
0078000000
0078000000
007C000000
003E000000
001F000780
000FC01F80
0007FFFF00
0003FFFE00
00007FF000
ENDCHAR
STARTCHAR uni04BD
ENCODING 1213
SWIDTH 636 0
DWIDTH 25 0
BBX 23 20 1 0
BITMAP
000FC0
003FF0
007FF8
00F03C
C1E01C
E3C00E
E3C00E
E3800E
F3800E
7FFFFE
3FFFFE
078000
038000
038000
03C000
01E000
01F00E
00FFFE
007FFC
001FF0
ENDCHAR
STARTCHAR uni04BE
ENCODING 1214
SWIDTH 932 0
DWIDTH 37 0
BBX 34 37 1 -8
BITMAP
00000C0000
0001FFE000
0003FFF800
000FFFFC00
001F807E00
003E001E00
003C000F00
E078000780
E078000780
E078000780
E0F0000380
F0F00003C0
F0F00003C0
7FFFFFFFC0
7FFFFFFFC0
3FFFFFFFC0
07FFFFFF00
00F0000000
00F0000000
00F0000000
0078000000
0078000000
007C000000
003E000000
001F000780
000FC01F80
0007FFFF00
0003FFFE00
00007FF000
00000E0000
00000C0000
00001C0000
00001C0000
00001C0000
00001E4000
00000FE000
0000038000
ENDCHAR
STARTCHAR uni04BF
ENCODING 1215
SWIDTH 636 0
DWIDTH 25 0
BBX 23 28 1 -8
BITMAP
000FC0
003FF0
007FF8
00F03C
C1E01C
E3C00E
E3C00E
E3800E
F3800E
7FFFFE
3FFFFE
078000
038000
038000
03C000
01E000
01F00E
00FFFE
007FFC
001FF0
000380
000700
000E00
000E00
000E00
0007B0
0007F0
0001C0
ENDCHAR
STARTCHAR uni04C0
ENCODING 1216
SWIDTH 262 0
DWIDTH 10 0
BBX 4 28 3 0
BITMAP
70
F0
F0
F0
F0
F0
F0
F0
F0
F0
F0
F0
F0
F0
F0
F0
F0
F0
F0
F0
F0
F0
F0
F0
F0
F0
F0
70
ENDCHAR
STARTCHAR uni04C1
ENCODING 1217
SWIDTH 979 0
DWIDTH 39 0
BBX 37 36 1 0
BITMAP
001800C000
001C01C000
000E038000
0007FF0000
0003FE0000
0000200000
0000000000
0000000000
3C007000E0
3C007001E0
1E007003E0
1E007003C0
0F00700780
0780700F80
0780700F00
03C0701E00
01E0703E00
01E0703C00
00F0707800
007870F800
007FFFF000
00FFFFF800
01FFFFFC00
03F870FE00
07C0701F00
0F80700F80
0F00700780
1E007003C0
1E007003C0
3C007001E0
3C007001E0
78007000F0
78007000F0
7800700078
F000700078
F000700038
ENDCHAR
STARTCHAR uni04C2
ENCODING 1218
SWIDTH 794 0
DWIDTH 32 0
BBX 30 28 1 0
BITMAP
00C00C00
00E01C00
00703800
00787000
003FE000
000FC000
00000000
00000000
30020020
78078070
380780F0
3C0780F0
1E0781E0
0F0783C0
07878780
07878F00
03C78F00
03FFFF00
07FFFF80
0FC78FC0
1F0783C0
1E0781E0
3C0780F0
3C0780F0
78078078
F0078078
F007803C
E007001C
ENDCHAR
STARTCHAR uni04C3
ENCODING 1219
SWIDTH 676 0
DWIDTH 27 0
BBX 22 36 3 -8
BITMAP
700070
F000F0
F001E0
F001E0
F003C0
F00780
F00780
F00F00
F01E00
F01E00
F03C00
F07800
FFFC00
FFFF80
FFFFC0
F00FE0
F001F0
F000F8
F00078
F00078
F0003C
F0003C
F0003C
F0003C
F0003C
F0003C
F0003C
70003C
00003C
000078
000078
0000F8
007FF0
00FFE0
007FC0
000C00
ENDCHAR
STARTCHAR uni04C4
ENCODING 1220
SWIDTH 547 0
DWIDTH 22 0
BBX 17 27 3 -7
BITMAP
400200
F00700
F00F00
F01E00
F03C00
F03C00
F07800
F0F000
F1E000
FFF800
FFFE00
F07F00
F00F00
F00780
F00780
F00780
F00780
F00780
F00780
F00780
000780
000780
000F00
001F00
007E00
007C00
007000
ENDCHAR
STARTCHAR uni04C5
ENCODING 1221
SWIDTH 763 0
DWIDTH 31 0
BBX 29 35 1 -7
BITMAP
01FFFF80
03FFFF80
03FFFF80
03C00380
03C00380
03C00380
03C00380
03C00380
03C00380
03C00380
03C00380
03C00380
03C00380
03C00380
03C00380
03800380
03800380
03800380
07800380
07800380
07000380
0F000380
1F000380
1E000380
3C000380
FC0003F8
F80003F8
E00003F8
00000078
00000070
00000070
00000070
000000E0
000000E0
00000040
ENDCHAR
STARTCHAR uni04C6
ENCODING 1222
SWIDTH 605 0
DWIDTH 24 0
BBX 22 25 1 -6
BITMAP
07FFE0
07FFE0
0701E0
0701E0
0701E0
0701E0
0701E0
0F01E0
0F01E0
0F01E0
0F01E0
0E01E0
0E01E0
1E01E0
1E01E0
3C01E0
F801F8
F801FC
E000FC
000038
000038
000078
000070
000070
000020
ENDCHAR
STARTCHAR uni04C7
ENCODING 1223
SWIDTH 764 0
DWIDTH 31 0
BBX 24 36 3 -8
BITMAP
700007
F0000F
F0000F
F0000F
F0000F
F0000F
F0000F
F0000F
F0000F
F0000F
F0000F
F0000F
FFFFFF
FFFFFF
FFFFFF
F0000F
F0000F
F0000F
F0000F
F0000F
F0000F
F0000F
F0000F
F0000F
F0000F
F0000F
F0000F
70000F
00000F
00000F
00000F
00000F
00003E
0001FC
0001F8
0000C0
ENDCHAR
STARTCHAR uni04C8
ENCODING 1224
SWIDTH 592 0
DWIDTH 24 0
BBX 18 28 3 -8
BITMAP
600100
F00380
F003C0
F003C0
F003C0
F003C0
F003C0
F003C0
F003C0
FFFFC0
FFFFC0
F003C0
F003C0
F003C0
F003C0
F003C0
F003C0
F003C0
F003C0
F003C0
0003C0
0003C0
000380
000780
000F80
007F00
007E00
007000
ENDCHAR
STARTCHAR uni04C9
ENCODING 1225
SWIDTH 783 0
DWIDTH 31 0
BBX 28 35 3 -7
BITMAP
70000700
F0000F00
F0000F00
F0000F00
F0000F00
F0000F00
F0000F00
F0000F00
F0000F00
F0000F00
F0000F00
F0000F00
FFFFFF00
FFFFFF00
FFFFFF00
F0000F00
F0000F00
F0000F00
F0000F00
F0000F00
F0000F00
F0000F00
F0000F00
F0000F00
F0000F00
F0000FF0
F0000FF0
700007F0
000000F0
000000E0
000000E0
000001E0
000001C0
000001C0
00000080
ENDCHAR
STARTCHAR uni04CA
ENCODING 1226
SWIDTH 618 0
DWIDTH 25 0
BBX 20 26 3 -6
BITMAP
600100
F00380
F003C0
F003C0
F003C0
F003C0
F003C0
F003C0
F003C0
FFFFC0
FFFFC0
F003C0
F003C0
F003C0
F003C0
F003C0
F003C0
F003F0
F003F0
F003F0
000070
0000E0
0000E0
0000E0
0001C0
000080
ENDCHAR
STARTCHAR uni04CB
ENCODING 1227
SWIDTH 689 0
DWIDTH 28 0
BBX 22 35 2 -7
BITMAP
F0003C
F0003C
F0003C
F0003C
F0003C
F0003C
F0003C
F0003C
F0003C
70003C
78003C
78003C
3C003C
3F007C
1FFFFC
0FFFFC
07FFFC
00783C
00003C
00003C
00003C
00003C
00003C
00003C
00003C
0001FC
0003FC
0003F8
000380
000380
000380
000380
000380
000380
000100
ENDCHAR
STARTCHAR uni04CC
ENCODING 1228
SWIDTH 557 0
DWIDTH 22 0
BBX 17 25 2 -5
BITMAP
600100
F00380
F00380
F00380
F00380
F00380
F00380
F00380
780380
780780
7FBF80
3FFF80
1FFB80
018380
000380
000380
000380
000380
001F80
003F80
003C00
003C00
003C00
003C00
001C00
ENDCHAR
STARTCHAR uni04CD
ENCODING 1229
SWIDTH 878 0
DWIDTH 35 0
BBX 32 35 3 -7
BITMAP
700000F0
F80000F0
F80001F0
FC0001F0
FC0003F0
FE0003F0
FE0007F0
FF000770
F7000F70
F7800E70
F3801C70
F3C01C70
F1C03870
F1E03870
F0E07070
F070F070
F078E070
F039E070
F03DC070
F01FC070
F01F8070
F00F8070
F00F0070
F0060070
F0000070
F000007F
F000007F
7000007F
0000000E
0000000E
0000001E
0000001C
0000001C
0000001C
00000008
ENDCHAR
STARTCHAR uni04CE
ENCODING 1230
SWIDTH 691 0
DWIDTH 28 0
BBX 23 26 3 -6
BITMAP
600030
F00070
F000F0
F800F0
F801F0
FC01F0
FE03F0
EE03F0
E70770
E70E70
E38E70
E39C70
E1DC70
E1F870
E0F870
E07070
E06070
E0007E
E0007E
E0003E
00000E
00001E
00001C
00001C
000018
000010
ENDCHAR
STARTCHAR uni04CF
ENCODING 1231
SWIDTH 248 0
DWIDTH 10 0
BBX 4 28 3 0
BITMAP
F0
F0
F0
F0
F0
F0
F0
F0
F0
F0
F0
F0
F0
F0
F0
F0
F0
F0
F0
F0
F0
F0
F0
F0
F0
F0
F0
F0
ENDCHAR
STARTCHAR uni04D0
ENCODING 1232
SWIDTH 733 0
DWIDTH 29 0
BBX 27 36 1 0
BITMAP
03801800
03803800
01C07000
00FFE000
007FC000
00040000
00000000
00000000
000E0000
001F0000
001F0000
003F8000
003B8000
003BC000
0079C000
0071E000
00F0E000
00E0F000
01E0F000
01C07000
03C07800
03C03800
03803C00
07801C00
07001E00
0F001E00
0FFFFF00
1FFFFF00
1FFFFF00
1C000780
3C000380
380003C0
780003C0
700001E0
F00001E0
E00000E0
ENDCHAR
STARTCHAR uni04D1
ENCODING 1233
SWIDTH 544 0
DWIDTH 22 0
BBX 17 28 2 0
BITMAP
100300
380700
1C0600
0E1E00
07FC00
03F000
000000
000000
03F000
1FFC00
3FFE00
7C1F00
200700
000780
000780
000780
000780
0FFF80
3FFF80
7C0780
700780
F00780
F00780
F00F80
781F80
7C3F80
3FF780
0FE300
ENDCHAR
STARTCHAR uni04D2
ENCODING 1234
SWIDTH 733 0
DWIDTH 29 0
BBX 27 36 1 0
BITMAP
0060E000
00F1E000
00F1E000
0070E000
00000000
00000000
00000000
00000000
000E0000
001F0000
001F0000
003F8000
003B8000
003BC000
0079C000
0071E000
00F0E000
00E0F000
01E0F000
01C07000
03C07800
03C03800
03803C00
07801C00
07001E00
0F001E00
0FFFFF00
1FFFFF00
1FFFFF00
1C000780
3C000380
380003C0
780003C0
700001E0
F00001E0
E00000E0
ENDCHAR
STARTCHAR uni04D3
ENCODING 1235
SWIDTH 544 0
DWIDTH 22 0
BBX 17 28 2 0
BITMAP
0E1C00
0F1E00
0F1E00
0E1C00
000000
000000
000000
000000
03F000
1FFC00
3FFE00
7C1F00
200700
000780
000780
000780
000780
0FFF80
3FFF80
7C0780
700780
F00780
F00780
F00F80
781F80
7C3F80
3FF780
0FE300
ENDCHAR
STARTCHAR uni04D4
ENCODING 1236
SWIDTH 984 0
DWIDTH 39 0
BBX 38 28 0 0
BITMAP
0000FFFFF8
0001FFFFFC
0001FFFFF8
0003F80000
0003F80000
0007B80000
000F380000
000E380000
001E3C0000
003C1C0000
003C1C0000
00781C0000
00701FFFF0
00F01FFFF8
01E00FFFF8
01E00E0000
03C00E0000
03800F0000
07FFFF0000
0FFFFF0000
0FFFFF0000
1E00070000
1C00078000
3C00038000
7800038000
780003FFF8
F00003FFFC
E00001FFF8
ENDCHAR
STARTCHAR uni04D5
ENCODING 1237
SWIDTH 872 0
DWIDTH 35 0
BBX 31 20 2 0
BITMAP
03F00F80
1FFC3FE0
3FFE7FF8
7C1FF078
2007E01C
0007C01C
0007800E
0007800E
0007800E
0FFFFFFE
3FFFFFFE
7C078000
70078000
F0078000
F007C000
F00FC000
781DE00E
7E3CFFFE
3FF87FFC
0FE01FF0
ENDCHAR
STARTCHAR uni04D6
ENCODING 1238
SWIDTH 586 0
DWIDTH 23 0
BBX 19 36 3 0
BITMAP
380180
1C0380
1E0700
0FFF00
03FC00
00E000
000000
000000
7FFFE0
FFFFE0
FFFFC0
F00000
F00000
F00000
F00000
F00000
F00000
F00000
F00000
F00000
FFFF80
FFFFC0
FFFFC0
F00000
F00000
F00000
F00000
F00000
F00000
F00000
F00000
F00000
F00000
FFFFC0
FFFFE0
7FFFC0
ENDCHAR
STARTCHAR uni04D7
ENCODING 1239
SWIDTH 545 0
DWIDTH 22 0
BBX 18 28 2 0
BITMAP
180300
180300
1C0700
0F1E00
07FC00
03F000
000000
000000
01F000
0FFC00
1FFE00
3E0F00
780780
780380
7001C0
F001C0
F001C0
FFFFC0
FFFFC0
E00000
F00000
F00000
700000
780000
3C03C0
1FFFC0
0FFF80
07FE00
ENDCHAR
STARTCHAR uni04D8
ENCODING 1240
SWIDTH 772 0
DWIDTH 31 0
BBX 26 29 2 0
BITMAP
00080000
03FFE000
0FFFF000
3FFFFC00
3E007E00
38001F00
00000F00
00000780
00000780
000003C0
000003C0
000003C0
000003C0
7FFFFFC0
FFFFFFC0
FFFFFFC0
F00001C0
F00003C0
700003C0
780003C0
780003C0
78000780
3C000780
3E000F00
1F001F00
0FC07E00
07FFFC00
03FFF800
00FFE000
ENDCHAR
STARTCHAR uni04D9
ENCODING 1241
SWIDTH 546 0
DWIDTH 22 0
BBX 18 20 2 0
BITMAP
07E000
3FF800
7FFE00
F83F00
E00F00
000780
000380
0003C0
0003C0
7FFFC0
FFFFC0
FFFFC0
E003C0
E00380
F00380
700780
780F00
3E3E00
1FFC00
0FF800
ENDCHAR
STARTCHAR uni04DA
ENCODING 1242
SWIDTH 772 0
DWIDTH 31 0
BBX 26 36 2 0
BITMAP
00E1C000
00F1E000
00F1E000
00E1C000
00000000
00000000
00000000
00080000
03FFE000
0FFFF000
3FFFFC00
3E007E00
38001F00
00000F00
00000780
00000780
000003C0
000003C0
000003C0
000003C0
7FFFFFC0
FFFFFFC0
FFFFFFC0
F00001C0
F00003C0
700003C0
780003C0
780003C0
78000780
3C000780
3E000F00
1F001F00
0FC07E00
07FFFC00
03FFF800
00FFE000
ENDCHAR
STARTCHAR uni04DB
ENCODING 1243
SWIDTH 546 0
DWIDTH 22 0
BBX 18 28 2 0
BITMAP
1C3800
3C3C00
3C3800
1C3800
000000
000000
000000
000000
07E000
3FF800
7FFE00
F83F00
E00F00
000780
000380
0003C0
0003C0
7FFFC0
FFFFC0
FFFFC0
E003C0
E00380
F00380
700780
780F00
3E3E00
1FFC00
0FF800
ENDCHAR
STARTCHAR uni04DC
ENCODING 1244
SWIDTH 979 0
DWIDTH 39 0
BBX 37 36 1 0
BITMAP
0003060000
00078F0000
00078F0000
0003870000
0000000000
0000000000
0000000000
0000000000
3C007000E0
3C007001E0
1E007003E0
1E007003C0
0F00700780
0780700F80
0780700F00
03C0701E00
01E0703E00
01E0703C00
00F0707800
007870F800
007FFFF000
00FFFFF800
01FFFFFC00
03F870FE00
07C0701F00
0F80700F80
0F00700780
1E007003C0
1E007003C0
3C007001E0
3C007001E0
78007000F0
78007000F0
7800700078
F000700078
F000700038
ENDCHAR
STARTCHAR uni04DD
ENCODING 1245
SWIDTH 794 0
DWIDTH 32 0
BBX 30 28 1 0
BITMAP
00387000
0078F000
00787000
00387000
00000000
00000000
00000000
00000000
30020020
78078070
380780F0
3C0780F0
1E0781E0
0F0783C0
07878780
07878F00
03C78F00
03FFFF00
07FFFF80
0FC78FC0
1F0783C0
1E0781E0
3C0780F0
3C0780F0
78078078
F0078078
F007803C
E007001C
ENDCHAR
STARTCHAR uni04DE
ENCODING 1246
SWIDTH 639 0
DWIDTH 26 0
BBX 22 36 1 0
BITMAP
018300
03C780
03C780
03C380
000000
000000
000000
001000
07FF80
1FFFE0
3FFFF0
7C01F8
300078
000078
000038
000038
000038
000078
000078
0001F0
03FFE0
07FF80
07FFE0
0001F0
000078
00003C
00003C
00003C
00003C
00003C
20003C
70007C
FE01F8
7FFFF0
1FFFE0
07FF80
ENDCHAR
STARTCHAR uni04DF
ENCODING 1247
SWIDTH 502 0
DWIDTH 20 0
BBX 17 28 1 0
BITMAP
0E1C00
1E3C00
1E1C00
0E1C00
000000
000000
000000
000000
03F000
3FFE00
7FFF00
780F00
400700
000780
000780
000700
001F00
07FC00
07FE00
003F00
000780
000380
000380
000380
600780
FF3F00
7FFF00
1FFC00
ENDCHAR
STARTCHAR uni04E0
ENCODING 1248
SWIDTH 639 0
DWIDTH 26 0
BBX 21 28 2 0
BITMAP
FFFFF0
FFFFF0
FFFFF0
0001E0
0003C0
000780
000F00
001E00
003C00
007800
00F000
01F000
01FE00
03FFC0
03FFE0
0007F0
0000F0
000078
000078
000078
000078
000078
400078
E000F0
FC03F0
FFFFE0
3FFFC0
0FFF00
ENDCHAR
STARTCHAR uni04E1
ENCODING 1249
SWIDTH 500 0
DWIDTH 20 0
BBX 19 27 0 -8
BITMAP
7FFFC0
7FFFC0
000780
000F00
001E00
003C00
007800
007000
00F000
01E000
03C000
07FE00
07FF00
000F80
0003C0
0003C0
0001E0
0001E0
0001E0
0001E0
0001C0
0003C0
6007C0
FE3F80
7FFF00
1FFC00
006000
ENDCHAR
STARTCHAR uni04E2
ENCODING 1250
SWIDTH 741 0
DWIDTH 30 0
BBX 23 35 3 0
BITMAP
07FFC0
07FFE0
000000
000000
000000
000000
000000
70000E
F0001E
F0003E
F0003E
F0007E
F000FE
F001EE
F001EE
F003CE
F0078E
F00F0E
F00F0E
F01E0E
F03C0E
F0780E
F0780E
F0F00E
F1E00E
F3C00E
F3C00E
F7800E
FF000E
FE000E
FE000E
FC000E
F8000E
F0000E
70000E
ENDCHAR
STARTCHAR uni04E3
ENCODING 1251
SWIDTH 588 0
DWIDTH 24 0
BBX 17 27 3 0
BITMAP
1FFE00
1FFE00
000000
000000
000000
000000
000000
400180
E00380
E00780
E00F80
E01F80
E01F80
E03B80
E07B80
E0F380
E0E380
E1C380
E3C380
E78380
E70380
EE0380
FE0380
FC0380
F80380
F00380
F00380
ENDCHAR
STARTCHAR uni04E4
ENCODING 1252
SWIDTH 741 0
DWIDTH 30 0
BBX 23 36 3 0
BITMAP
01C380
03C780
03C780
01C380
000000
000000
000000
000000
70000E
F0001E
F0003E
F0003E
F0007E
F000FE
F001EE
F001EE
F003CE
F0078E
F00F0E
F00F0E
F01E0E
F03C0E
F0780E
F0780E
F0F00E
F1E00E
F3C00E
F3C00E
F7800E
FF000E
FE000E
FE000E
FC000E
F8000E
F0000E
70000E
ENDCHAR
STARTCHAR uni04E5
ENCODING 1253
SWIDTH 588 0
DWIDTH 24 0
BBX 17 28 3 0
BITMAP
0E1C00
1E3C00
1E3C00
0C1C00
000000
000000
000000
000000
400180
E00380
E00780
E00F80
E01F80
E01F80
E03B80
E07B80
E0F380
E0E380
E1C380
E3C380
E78380
E70380
EE0380
FE0380
FC0380
F80380
F00380
F00380
ENDCHAR
STARTCHAR uni04E6
ENCODING 1254
SWIDTH 771 0
DWIDTH 31 0
BBX 26 36 2 0
BITMAP
00E0C000
00F1E000
00F1E000
00E1C000
00000000
00000000
00000000
00040000
00FFE000
03FFF800
07FFFC00
0FC07E00
1F001F00
3E000F00
3C000780
78000780
780003C0
780003C0
780003C0
F00003C0
F00001C0
F00001C0
F00001C0
F00001C0
F00003C0
780003C0
780003C0
780003C0
7C000780
3C000780
3E000F00
1F001F00
0FC07E00
07FFFC00
03FFF000
00FFC000
ENDCHAR
STARTCHAR uni04E7
ENCODING 1255
SWIDTH 571 0
DWIDTH 23 0
BBX 19 28 2 0
BITMAP
0E1E00
0F1E00
0F1E00
060C00
000000
000000
000000
000000
01F000
0FFE00
1FFF00
3E0F80
7C0780
7803C0
F001C0
F001E0
F001E0
F001E0
F001E0
F001E0
F001E0
F001C0
7003C0
7803C0
3C0780
3FFF00
1FFE00
07FC00
ENDCHAR
STARTCHAR uni04E8
ENCODING 1256
SWIDTH 772 0
DWIDTH 31 0
BBX 26 29 2 0
BITMAP
00040000
00FFE000
03FFF800
07FFFC00
0FC07E00
1F001F00
3E000F00
3C000780
78000780
780003C0
780003C0
780003C0
F00003C0
FFFFFFC0
FFFFFFC0
FFFFFFC0
F00001C0
F00003C0
780003C0
780003C0
780003C0
7C000780
3C000780
3E000F00
1F001F00
0FC07E00
07FFFC00
03FFF000
00FFC000
ENDCHAR
STARTCHAR uni04E9
ENCODING 1257
SWIDTH 571 0
DWIDTH 23 0
BBX 19 20 2 0
BITMAP
01F000
0FFE00
1FFF00
3E0F80
7C0780
7803C0
F001C0
F001E0
F001E0
FFFFE0
FFFFE0
F001E0
F001E0
F001E0
7803C0
7803C0
3C0780
3FFF00
0FFE00
07FC00
ENDCHAR
STARTCHAR uni04EA
ENCODING 1258
SWIDTH 772 0
DWIDTH 31 0
BBX 26 36 2 0
BITMAP
00E0C000
00F1E000
00F1E000
00E1C000
00000000
00000000
00000000
00040000
00FFE000
03FFF800
07FFFC00
0FC07E00
1F001F00
3E000F00
3C000780
78000780
780003C0
780003C0
780003C0
F00003C0
FFFFFFC0
FFFFFFC0
FFFFFFC0
F00001C0
F00003C0
780003C0
780003C0
780003C0
7C000780
3C000780
3E000F00
1F001F00
0FC07E00
07FFFC00
03FFF000
00FFC000
ENDCHAR
STARTCHAR uni04EB
ENCODING 1259
SWIDTH 571 0
DWIDTH 23 0
BBX 19 28 2 0
BITMAP
0E1E00
0F1E00
0F1E00
060C00
000000
000000
000000
000000
01F000
0FFE00
1FFF00
3E0F80
7C0780
7803C0
F001C0
F001E0
F001E0
FFFFE0
FFFFE0
F001E0
F001E0
F001E0
7803C0
7803C0
3C0780
3FFF00
0FFE00
07FC00
ENDCHAR
STARTCHAR uni04EC
ENCODING 1260
SWIDTH 675 0
DWIDTH 27 0
BBX 23 36 2 0
BITMAP
070E00
0F0E00
0F0F00
070E00
000000
000000
000000
004000
0FFE00
3FFF80
FFFFC0
F807E0
E001F0
0000F8
000078
00007C
00003C
00003C
00003C
00001C
07FFFE
07FFFE
07FFFE
00001E
00001C
00003C
00003C
00003C
000078
000078
4000F8
E001F0
FC0FE0
FFFFC0
3FFF80
0FFC00
ENDCHAR
STARTCHAR uni04ED
ENCODING 1261
SWIDTH 495 0
DWIDTH 20 0
BBX 17 28 1 0
BITMAP
1C3800
3C7800
3C7800
183800
000000
000000
000000
000000
0FC000
3FF800
FFFC00
F03E00
401E00
000F00
000700
000780
000780
1FFF80
1FFF80
000780
000780
000700
000F00
000F00
E01E00
FCFC00
7FF800
1FF000
ENDCHAR
STARTCHAR uni04EE
ENCODING 1262
SWIDTH 647 0
DWIDTH 26 0
BBX 24 35 1 0
BITMAP
03FFE0
07FFE0
000000
000000
000000
000000
000000
E00007
F0000F
F8000F
78001E
3C001E
3C003C
1E003C
0F0078
0F0078
0780F0
0780F0
03C1E0
01E1E0
01E3C0
00F3C0
007F80
007F80
003F00
003F00
001E00
001E00
003C00
003800
007800
007000
00F000
00E000
00E000
ENDCHAR
STARTCHAR uni04EF
ENCODING 1263
SWIDTH 528 0
DWIDTH 21 0
BBX 19 34 1 -7
BITMAP
1FFF00
0FFF00
000000
000000
000000
000000
000000
6000C0
F000E0
F001E0
7801C0
7803C0
380380
3C0780
3C0780
1E0700
1E0F00
0E0E00
0F1E00
071C00
079C00
07BC00
03B800
03F800
01F000
01F000
00E000
01E000
01E000
03C000
03C000
078000
078000
070000
ENDCHAR
STARTCHAR uni04F0
ENCODING 1264
SWIDTH 647 0
DWIDTH 26 0
BBX 24 36 1 0
BITMAP
01C380
01C3C0
03E3C0
01C380
000000
000000
000000
000000
E00007
F0000F
F8000F
78001E
3C001E
3C003C
1E003C
0F0078
0F0078
0780F0
0780F0
03C1E0
01E1E0
01E3C0
00F3C0
007F80
007F80
003F00
003F00
001E00
001E00
003C00
003800
007800
007000
00F000
00E000
00E000
ENDCHAR
STARTCHAR uni04F1
ENCODING 1265
SWIDTH 528 0
DWIDTH 21 0
BBX 19 35 1 -7
BITMAP
0F0E00
0F1E00
0F1E00
060C00
000000
000000
000000
000000
6000C0
F000E0
F001E0
7801C0
7803C0
380380
3C0780
3C0780
1E0700
1E0F00
0E0E00
0F1E00
071C00
079C00
07BC00
03B800
03F800
01F000
01F000
00E000
01E000
01E000
03C000
03C000
078000
078000
070000
ENDCHAR
STARTCHAR uni04F2
ENCODING 1266
SWIDTH 647 0
DWIDTH 26 0
BBX 24 38 1 0
BITMAP
000C60
001C70
001CE0
0038E0
0039C0
007180
006300
004300
000000
000000
E00007
F0000F
F8000F
78001E
3C001E
3C003C
1E003C
0F0078
0F0078
0780F0
0780F0
03C1E0
01E1E0
01E3C0
00F3C0
007F80
007F80
003F00
003F00
001E00
001E00
003C00
003800
007800
007000
00F000
00E000
00E000
ENDCHAR
STARTCHAR uni04F3
ENCODING 1267
SWIDTH 528 0
DWIDTH 21 0
BBX 19 38 1 -7
BITMAP
004200
00E700
00E700
01C600
01CE00
018E00
038C00
030C00
031800
000000
000000
6000C0
F000E0
F001E0
7801C0
7803C0
380380
3C0780
3C0780
1E0700
1E0F00
0E0E00
0F1E00
071C00
079C00
07BC00
03B800
03F800
01F000
01F000
00E000
01E000
01E000
03C000
03C000
078000
078000
070000
ENDCHAR
STARTCHAR uni04F4
ENCODING 1268
SWIDTH 680 0
DWIDTH 27 0
BBX 22 36 2 0
BITMAP
038700
078F00
078F00
038700
000000
000000
000000
000000
F0003C
F0003C
F0003C
F0003C
F0003C
F0003C
F0003C
F0003C
F0003C
70003C
78003C
78003C
3C003C
3F007C
1FFFFC
0FFFFC
07FFFC
00783C
00003C
00003C
00003C
00003C
00003C
00003C
00003C
00003C
00003C
00003C
ENDCHAR
STARTCHAR uni04F5
ENCODING 1269
SWIDTH 557 0
DWIDTH 22 0
BBX 17 28 2 0
BITMAP
0E1C00
1E3C00
1E3C00
0E1C00
000000
000000
000000
000000
600100
F00380
F00380
F00380
F00380
F00380
F00380
F00380
780380
780780
7FBF80
3FFF80
1FFB80
018380
000380
000380
000380
000380
000380
000380
ENDCHAR
STARTCHAR uni04F6
ENCODING 1270
SWIDTH 546 0
DWIDTH 22 0
BBX 19 35 3 -7
BITMAP
7FFFC0
FFFFE0
FFFFC0
F00000
F00000
F00000
F00000
F00000
F00000
F00000
F00000
F00000
F00000
F00000
F00000
F00000
F00000
F00000
F00000
F00000
F00000
F00000
F00000
F00000
F00000
FF0000
FF0000
7F0000
070000
070000
070000
070000
070000
070000
020000
ENDCHAR
STARTCHAR uni04F7
ENCODING 1271
SWIDTH 440 0
DWIDTH 18 0
BBX 14 24 3 -5
BITMAP
FFFC
FFFC
F000
F000
F000
F000
F000
F000
F000
F000
F000
F000
F000
F000
F000
F000
FC00
FE00
7E00
0E00
0E00
0E00
0E00
0E00
ENDCHAR
STARTCHAR uni04F8
ENCODING 1272
SWIDTH 865 0
DWIDTH 35 0
BBX 28 36 3 0
BITMAP
00706000
0078F000
0078F000
0070E000
00000000
00000000
00000000
00000000
70000070
F00000F0
F00000F0
F00000F0
F00000F0
F00000F0
F00000F0
F00000F0
F00000F0
F00000F0
F00000F0
F00000F0
FFFE00F0
FFFF80F0
FFFFE0F0
F003E0F0
F000F0F0
F000F0F0
F00070F0
F00078F0
F00078F0
F00070F0
F000F0F0
F000F0F0
F003E0F0
FFFFE0F0
FFFF80F0
7FFE0070
ENDCHAR
STARTCHAR uni04F9
ENCODING 1273
SWIDTH 740 0
DWIDTH 30 0
BBX 23 28 3 0
BITMAP
01C380
03C780
03C780
01C380
000000
000000
000000
000000
600004
F0000E
F0000E
F0000E
F0000E
F0000E
F0000E
FFF00E
FFFC0E
FFFF0E
F00F0E
F0078E
F0078E
F0038E
F0038E
F0078E
F00F0E
FFFF0E
FFFE0E
7FF80E
ENDCHAR
STARTCHAR uni04FA
ENCODING 1274
SWIDTH 583 0
DWIDTH 23 0
BBX 22 35 1 -7
BITMAP
0FFFFC
0FFFFC
0FFFFC
0F0000
0F0000
0F0000
0F0000
0F0000
0F0000
0F0000
0F0000
0F0000
0F0000
FFFE00
FFFE00
0F0000
0F0000
0F0000
0F0000
0F0000
0F0000
0F0000
0F0000
0F0000
0F0000
0FE000
0FF000
0FF000
00F000
00E000
00E000
01E000
0FC000
3FC000
3F0000
ENDCHAR
STARTCHAR uni04FB
ENCODING 1275
SWIDTH 461 0
DWIDTH 18 0
BBX 18 26 0 -7
BITMAP
0FFFC0
0FFFC0
0F0000
0F0000
0F0000
0F0000
0F0000
0F0000
FFF800
FFFC00
FFF800
0F0000
0F0000
0F0000
0F0000
0F0000
0FE000
0FE000
0FE000
00E000
00E000
01E000
01C000
07C000
1F8000
1F0000
ENDCHAR
STARTCHAR uni04FC
ENCODING 1276
SWIDTH 655 0
DWIDTH 26 0
BBX 22 35 2 -7
BITMAP
F0001C
F0003C
780078
7C00F8
3E00F0
1E01E0
0F03E0
0F83C0
078780
03CF00
01FF00
01FE00
00FC00
007800
00FC00
00FE00
01FE00
03CF00
07C780
0787C0
0F03C0
1E01E0
3E00F0
3C00F0
780078
F0003C
F0003C
E0003C
00003C
00003C
00003C
00007C
0003F8
0003F0
0003C0
ENDCHAR
STARTCHAR uni04FD
ENCODING 1277
SWIDTH 540 0
DWIDTH 22 0
BBX 18 27 2 -7
BITMAP
600100
F00380
780780
7C0F00
3E1E00
1E3E00
0F3C00
07F800
03F000
03E000
03E000
07F000
07F800
0F3C00
1E3E00
3C1E00
7C0F00
780780
F00780
E003C0
0001C0
0001C0
0001C0
0003C0
000FC0
001F80
001E00
ENDCHAR
STARTCHAR uni04FE
ENCODING 1278
SWIDTH 655 0
DWIDTH 26 0
BBX 23 28 2 0
BITMAP
F0001C
F0003C
780078
7C00F8
3E00F0
1E01E0
0F03E0
0F83C0
078780
03CF00
01FF00
01FE00
1FFFE0
3FFFF0
1FFFE0
00FE00
01FE00
03CF00
07C780
0787C0
0F03C0
1E01E0
3E00F0
3C00F8
780078
F0003C
F0003E
E0001C
ENDCHAR
STARTCHAR uni04FF
ENCODING 1279
SWIDTH 540 0
DWIDTH 22 0
BBX 18 20 2 0
BITMAP
600100
F00780
780780
7C0F00
3E1E00
1E3E00
0F3C00
07F800
03F000
FFFF80
FFFFC0
7FFF80
07F800
0F3C00
1E3E00
3C1E00
7C0F00
780780
F003C0
E00380
ENDCHAR
STARTCHAR uni0510
ENCODING 1296
SWIDTH 639 0
DWIDTH 26 0
BBX 22 29 2 0
BITMAP
003800
07FF80
0FFFE0
1FFFF8
3E00F8
7C0038
780000
780000
780000
780000
780000
3C0000
1E0000
0FFF80
07FF80
1FFF80
3F0000
7C0000
780000
700000
F00000
F00000
F00000
780008
78003C
3E00FC
3FFFF8
1FFFF0
07FF80
ENDCHAR
STARTCHAR uni0511
ENCODING 1297
SWIDTH 502 0
DWIDTH 20 0
BBX 17 20 2 0
BITMAP
07E000
1FFE00
3FFF00
780F00
700200
F00000
700000
700000
7C0000
1FF000
3FF000
7E0000
F00000
E00000
E00000
E00000
F00380
7E7F80
3FFF00
1FFC00
ENDCHAR
STARTCHAR uni0512
ENCODING 1298
SWIDTH 743 0
DWIDTH 30 0
BBX 25 36 1 -8
BITMAP
01FFFF80
03FFFF80
03FFFF80
03C00380
03C00380
03C00380
03C00380
03C00380
03C00380
03C00380
03C00380
03C00380
03C00380
03C00380
03C00380
03800380
03800380
03800380
07800380
07800380
07000380
0F000380
1F000380
1E000380
3C000380
FC000380
F8000380
E0000380
00000380
00000380
00000780
00000780
00001F00
0000FF00
0000FC00
00006000
ENDCHAR
STARTCHAR uni0513
ENCODING 1299
SWIDTH 579 0
DWIDTH 23 0
BBX 19 27 1 -8
BITMAP
07FFE0
07FFE0
0701E0
0701E0
0701E0
0701E0
0701E0
0F01E0
0F01E0
0F01E0
0F01E0
0E01E0
0E01E0
1E01E0
1E01E0
3C01E0
F801E0
F801E0
E001E0
0001E0
0001E0
0001E0
0001E0
0007C0
003F80
003F00
001800
ENDCHAR
STARTCHAR uni051A
ENCODING 1306
SWIDTH 771 0
DWIDTH 31 0
BBX 26 37 2 -8
BITMAP
00040000
00FFE000
03FFF800
07FFFC00
0FC07E00
1F001F00
3E000F00
3C000780
78000780
780003C0
780003C0
780003C0
F00003C0
F00001C0
F00001C0
F00001C0
F00001C0
F00003C0
780003C0
780003C0
780003C0
7C000780
3C000780
3E000F00
1F001F00
0FC07E00
07FFFC00
03FFF000
00FFE000
0001F000
00007800
00003C00
00003C00
00001E00
00000F00
00000F00
00000600
ENDCHAR
STARTCHAR uni051B
ENCODING 1307
SWIDTH 598 0
DWIDTH 24 0
BBX 19 27 2 -7
BITMAP
03E0C0
0FF9E0
1FFDE0
3E0FE0
7C07E0
7803E0
F001E0
F001E0
F001E0
F001E0
F001E0
F001E0
F001E0
F001E0
7003E0
7803E0
7C07E0
3FFFE0
1FFDE0
07F1E0
0001E0
0001E0
0001E0
0001E0
0001E0
0001E0
0001E0
ENDCHAR
STARTCHAR uni051C
ENCODING 1308
SWIDTH 1104 0
DWIDTH 44 0
BBX 41 28 2 0
BITMAP
E0001C000700
F0003C000780
F0003E000F00
F0007E000F00
78007E000E00
78007F001E00
3800FF001E00
3C00E7001C00
3C00E7803C00
1C01E7803C00
1E01C3803800
1E01C3C07800
0E03C1C07800
0F0381C07000
0F0381E0F000
070780E0F000
078700E0E000
078F00F1E000
038F0071C000
03CE0071C000
03DE007BC000
01DC003B8000
01FC003B8000
01FC003F8000
00F8001F0000
00F8001F0000
0078001F0000
0070000E0000
ENDCHAR
STARTCHAR uni051D
ENCODING 1309
SWIDTH 854 0
DWIDTH 34 0
BBX 30 20 2 0
BITMAP
C003000C
E007801C
E007801C
F007C03C
700FC03C
780FC038
781FE078
381CE078
3C1CF070
3C3C70F0
1C3870E0
1E3878E0
0E7839E0
0E7039C0
0F703DC0
07E01FC0
07E01F80
07E01F80
03C00F00
03C00F00
ENDCHAR
STARTCHAR uni0524
ENCODING 1316
SWIDTH 798 0
DWIDTH 32 0
BBX 28 35 3 -7
BITMAP
7FFFFF00
FFFFFF00
FFFFFF00
F0000F00
F0000F00
F0000F00
F0000F00
F0000F00
F0000F00
F0000F00
F0000F00
F0000F00
F0000F00
F0000F00
F0000F00
F0000F00
F0000F00
F0000F00
F0000F00
F0000F00
F0000F00
F0000F00
F0000F00
F0000F00
F0000F00
F0000FF0
F0000FF0
700007F0
00000070
00000070
00000070
00000070
00000070
00000070
00000060
ENDCHAR
STARTCHAR uni0525
ENCODING 1317
SWIDTH 615 0
DWIDTH 25 0
BBX 21 24 3 -5
BITMAP
FFFF80
FFFF80
F00380
F00380
F00380
F00380
F00380
F00380
F00380
F00380
F00380
F00380
F00380
F00380
F00380
F00380
F003F0
F003F0
F003F8
000078
000078
000078
000078
000070
ENDCHAR
STARTCHAR uni0526
ENCODING 1318
SWIDTH 721 0
DWIDTH 29 0
BBX 26 35 3 -7
BITMAP
70000000
F0000000
F0000000
F0000000
F0000000
F0000000
F0000000
F0000000
F0000000
F0000000
F1FC0000
FFFF8000
FFFFE000
FFCFF000
F801F000
F000F800
F0007800
F0003800
F0003C00
F0003C00
F0003C00
F0003C00
F0003C00
F0003C00
F0003C00
F0003FC0
F0003FC0
70001FC0
000001C0
000001C0
000001C0
000001C0
000001C0
000001C0
00000180
ENDCHAR
STARTCHAR uni0527
ENCODING 1319
SWIDTH 595 0
DWIDTH 24 0
BBX 20 33 3 -5
BITMAP
F00000
F00000
F00000
F00000
F00000
F00000
F00000
F00000
F0F800
F3FE00
F7FF00
FE1F00
FC0780
F80780
F00780
F00380
F00380
F00380
F00380
F00380
F00380
F00380
F00380
F00380
F00380
F003F0
F003F0
F003F0
000070
000070
000070
000070
000070
ENDCHAR
STARTCHAR uni0528
ENCODING 1320
SWIDTH 770 0
DWIDTH 31 0
BBX 29 36 -2 -8
BITMAP
03800038
07800078
07800078
07800078
07800078
07800078
07800078
07800078
07800078
07800078
07800078
07800078
07FFFFF8
07FFFFF8
07FFFFF8
07800078
07800078
07800078
07800078
07800078
07800078
07800078
07800078
07800078
07800078
07800078
07800078
07800038
07800000
07800000
07800000
07800000
1F000000
FE000000
FC000000
60000000
ENDCHAR
STARTCHAR uni0529
ENCODING 1321
SWIDTH 592 0
DWIDTH 24 0
BBX 23 28 -2 -8
BITMAP
030008
07801C
07801E
07801E
07801E
07801E
07801E
07801E
07801E
07FFFE
07FFFE
07801E
07801E
07801E
07801E
07801E
07801E
07801E
07801E
07801C
078000
078000
078000
0F0000
1F0000
FE0000
FC0000
400000
ENDCHAR
STARTCHAR uni052E
ENCODING 1326
SWIDTH 784 0
DWIDTH 31 0
BBX 29 35 1 -7
BITMAP
01FFFF80
03FFFF80
03FFFF80
03C00380
03C00380
03C00380
03C00380
03C00380
03C00380
03C00380
03C00380
03C00380
03C00380
03C00380
03C00380
03800380
03800380
03800380
07800380
07800380
07000380
0F000380
1F000380
1E000380
3C000380
FC0003F8
F80003F8
E00003F8
00000038
00000038
00000038
00000038
00000038
00000038
00000010
ENDCHAR
STARTCHAR uni052F
ENCODING 1327
SWIDTH 605 0
DWIDTH 24 0
BBX 22 24 1 -5
BITMAP
07FFE0
07FFE0
0701E0
0701E0
0701E0
0701E0
0701E0
0F01E0
0F01E0
0F01E0
0F01E0
0E01E0
0E01E0
1E01E0
1E01E0
3C01E0
F801F8
F801FC
E000FC
00001C
00001C
00001C
00001C
00001C
ENDCHAR
STARTCHAR uni1E08
ENCODING 7688
SWIDTH 675 0
DWIDTH 27 0
BBX 23 46 2 -8
BITMAP
000060
0000F0
0001E0
0001C0
000380
000780
000700
000200
000000
000E00
00FFF0
03FFF8
07FFFE
0FC03E
1F000E
3E0000
3C0000
7C0000
780000
780000
780000
F00000
F00000
F00000
F00000
F00000
F00000
780000
780000
780000
7C0000
3C0000
3E0004
1F000E
0FE07E
07FFFE
03FFF8
00FFE0
000C00
000C00
000F80
0001C0
0000C0
0033C0
003F80
000E00
ENDCHAR
STARTCHAR uni1E09
ENCODING 7689
SWIDTH 465 0
DWIDTH 19 0
BBX 16 39 2 -8
BITMAP
000C
000E
001E
001C
0038
0038
0070
0060
00E0
0000
0000
03F0
0FFC
1FFF
3E0F
7C02
7800
F000
F000
F000
F000
E000
F000
F000
F000
F000
7800
7C07
3FFF
1FFE
07F8
00C0
00C0
01F8
001C
001C
023C
03F8
01E0
ENDCHAR
STARTCHAR uni1E0C
ENCODING 7692
SWIDTH 747 0
DWIDTH 30 0
BBX 25 36 3 -8
BITMAP
7FFF0000
FFFFC000
FFFFF000
F003F800
F000FC00
F0003C00
F0001E00
F0001E00
F0000F00
F0000F00
F0000F00
F0000F00
F0000700
F0000780
F0000780
F0000700
F0000F00
F0000F00
F0000F00
F0000F00
F0001E00
F0003E00
F0003C00
F000FC00
F007F800
FFFFE000
FFFFC000
7FFE0000
00000000
00000000
00000000
00000000
003C0000
003C0000
003C0000
00180000
ENDCHAR
STARTCHAR uni1E0D
ENCODING 7693
SWIDTH 587 0
DWIDTH 23 0
BBX 19 36 2 -8
BITMAP
0001C0
0001E0
0001E0
0001E0
0001E0
0001E0
0001E0
0001E0
03E1E0
0FF9E0
3FFDE0
3E1FE0
7807E0
7803E0
F003E0
F001E0
F001E0
E001E0
E001E0
E001E0
F001E0
F003E0
F003E0
7807E0
7C0FE0
3FFDE0
1FFDE0
0FF1C0
000000
000000
000000
000000
00F000
00F000
00F000
006000
ENDCHAR
STARTCHAR uni1E0E
ENCODING 7694
SWIDTH 747 0
DWIDTH 30 0
BBX 25 34 3 -6
BITMAP
7FFF0000
FFFFC000
FFFFF000
F003F800
F000FC00
F0003C00
F0001E00
F0001E00
F0000F00
F0000F00
F0000F00
F0000F00
F0000700
F0000780
F0000780
F0000700
F0000F00
F0000F00
F0000F00
F0000F00
F0001E00
F0003E00
F0003C00
F000FC00
F007F800
FFFFE000
FFFFC000
7FFE0000
00000000
00000000
00000000
00000000
03FFC000
03FFC000
ENDCHAR
STARTCHAR uni1E0F
ENCODING 7695
SWIDTH 587 0
DWIDTH 23 0
BBX 19 34 2 -6
BITMAP
0001C0
0001E0
0001E0
0001E0
0001E0
0001E0
0001E0
0001E0
03E1E0
0FF9E0
3FFDE0
3E1FE0
7807E0
7803E0
F003E0
F001E0
F001E0
E001E0
E001E0
E001E0
F001E0
F003E0
F003E0
7807E0
7C0FE0
3FFDE0
1FFDE0
0FF1C0
000000
000000
000000
000000
0FFF00
0FFF00
ENDCHAR
STARTCHAR uni1E14
ENCODING 7700
SWIDTH 586 0
DWIDTH 23 0
BBX 19 42 3 0
BITMAP
020000
070000
078000
038000
01C000
00E000
006000
000000
0FFF00
0FFF00
000000
000000
000000
000000
7FFFE0
FFFFE0
FFFFC0
F00000
F00000
F00000
F00000
F00000
F00000
F00000
F00000
F00000
FFFF80
FFFFC0
FFFFC0
F00000
F00000
F00000
F00000
F00000
F00000
F00000
F00000
F00000
F00000
FFFFC0
FFFFE0
7FFFC0
ENDCHAR
STARTCHAR uni1E15
ENCODING 7701
SWIDTH 534 0
DWIDTH 21 0
BBX 18 33 2 0
BITMAP
060000
0F0000
070000
038000
018000
01C000
00C000
000000
1FFE00
1FFE00
000000
000000
000000
01F000
0FFC00
1FFE00
3C0F00
780780
700380
F00380
F001C0
E001C0
FFFFC0
FFFFC0
E00000
E00000
F00000
F00000
780000
7C0380
3FFF80
1FFF00
07FC00
ENDCHAR
STARTCHAR uni1E16
ENCODING 7702
SWIDTH 586 0
DWIDTH 23 0
BBX 19 42 3 0
BITMAP
000400
000E00
001E00
001C00
003800
007000
006000
000000
0FFF00
0FFF00
000000
000000
000000
000000
7FFFE0
FFFFE0
FFFFC0
F00000
F00000
F00000
F00000
F00000
F00000
F00000
F00000
F00000
FFFF80
FFFFC0
FFFFC0
F00000
F00000
F00000
F00000
F00000
F00000
F00000
F00000
F00000
F00000
FFFFC0
FFFFE0
7FFFC0
ENDCHAR
STARTCHAR uni1E17
ENCODING 7703
SWIDTH 534 0
DWIDTH 21 0
BBX 18 33 2 0
BITMAP
000800
001C00
003C00
003800
007000
00E000
004000
000000
1FFE00
1FFE00
000000
000000
000000
01F000
0FFC00
1FFE00
3C0F00
780780
700380
F00380
F001C0
E001C0
FFFFC0
FFFFC0
E00000
E00000
F00000
F00000
780000
7C0380
3FFF80
1FFF00
07FC00
ENDCHAR
STARTCHAR uni1E1C
ENCODING 7708
SWIDTH 586 0
DWIDTH 23 0
BBX 19 45 3 -8
BITMAP
1C0380
1C0380
0C0300
0E0700
07FE00
03FC00
006000
000000
000000
7FFFE0
FFFFE0
FFFFC0
F00000
F00000
F00000
F00000
F00000
F00000
F00000
F00000
F00000
FFFF80
FFFFC0
FFFFC0
F00000
F00000
F00000
F00000
F00000
F00000
F00000
F00000
F00000
F00000
FFFFC0
FFFFE0
7FFFC0
006000
00E000
00FC00
000E00
000E00
011C00
03FC00
00F000
ENDCHAR
STARTCHAR uni1E1D
ENCODING 7709
SWIDTH 534 0
DWIDTH 21 0
BBX 18 38 2 -8
BITMAP
180600
180600
1C0600
1C0600
0E0E00
0FBC00
07F800
01F000
000000
000000
01F000
0FFC00
1FFE00
3C0F00
780780
700380
F00380
F001C0
E001C0
FFFFC0
FFFFC0
E00000
E00000
F00000
F00000
780000
7C0380
3FFF80
1FFF00
07FC00
00C000
00C000
01F800
001C00
001C00
033C00
03F800
01E000
ENDCHAR
STARTCHAR uni1E20
ENCODING 7712
SWIDTH 729 0
DWIDTH 29 0
BBX 24 35 2 0
BITMAP
01FFF0
01FFF8
000000
000000
000000
000000
000F00
00FFF0
03FFFC
07FFFE
0FC01F
1F0007
3E0000
3C0000
7C0000
780000
780000
780000
F00000
F00000
F003FE
F003FF
F003FF
F00007
780007
780007
780007
7C0007
3C0007
3E0007
1F0007
0FE01F
07FFFF
03FFFE
007FF8
ENDCHAR
STARTCHAR uni1E21
ENCODING 7713
SWIDTH 590 0
DWIDTH 24 0
BBX 19 35 2 -8
BITMAP
0FFF00
0FFF00
000000
000000
000000
000000
000000
03E0C0
0FF9E0
3FFDE0
3E0FE0
7807E0
F803E0
F003E0
F001E0
F001E0
E001E0
E001E0
F001E0
F001E0
F003E0
7803E0
7C07E0
3FBFE0
1FFDE0
0FF1E0
0081E0
0001E0
0001C0
0003C0
7007C0
7F1F80
3FFF00
0FFE00
006000
ENDCHAR
STARTCHAR uni1E24
ENCODING 7716
SWIDTH 764 0
DWIDTH 31 0
BBX 24 36 3 -8
BITMAP
700007
F0000F
F0000F
F0000F
F0000F
F0000F
F0000F
F0000F
F0000F
F0000F
F0000F
F0000F
FFFFFF
FFFFFF
FFFFFF
F0000F
F0000F
F0000F
F0000F
F0000F
F0000F
F0000F
F0000F
F0000F
F0000F
F0000F
F0000F
700007
000000
000000
000000
000000
003C00
003C00
003C00
001800
ENDCHAR
STARTCHAR uni1E25
ENCODING 7717
SWIDTH 572 0
DWIDTH 23 0
BBX 17 36 3 -8
BITMAP
E00000
F00000
F00000
F00000
F00000
F00000
F00000
F00000
F0F800
F3FE00
FFFF00
FE1F00
F80780
F00780
F00780
F00780
F00780
F00780
F00780
F00780
F00780
F00780
F00780
F00780
F00780
F00780
F00780
E00380
000000
000000
000000
000000
01C000
03E000
03E000
01C000
ENDCHAR
STARTCHAR uni1E2A
ENCODING 7722
SWIDTH 764 0
DWIDTH 31 0
BBX 24 37 3 -9
BITMAP
700007
F0000F
F0000F
F0000F
F0000F
F0000F
F0000F
F0000F
F0000F
F0000F
F0000F
F0000F
FFFFFF
FFFFFF
FFFFFF
F0000F
F0000F
F0000F
F0000F
F0000F
F0000F
F0000F
F0000F
F0000F
F0000F
F0000F
F0000F
700007
000000
000000
030040
0300C0
0380C0
01C1C0
01FF80
00FF00
000C00
ENDCHAR
STARTCHAR uni1E2B
ENCODING 7723
SWIDTH 572 0
DWIDTH 23 0
BBX 17 37 3 -9
BITMAP
E00000
F00000
F00000
F00000
F00000
F00000
F00000
F00000
F0F800
F3FE00
FFFF00
FE1F00
F80780
F00780
F00780
F00780
F00780
F00780
F00780
F00780
F00780
F00780
F00780
F00780
F00780
F00780
F00780
E00380
000000
000000
100400
380E00
180C00
1C1C00
0FF800
07F000
008000
ENDCHAR
STARTCHAR uni1E2E
ENCODING 7726
SWIDTH 262 0
DWIDTH 10 0
BBX 11 42 0 0
BITMAP
0080
01C0
03C0
0380
0700
0600
0E00
0000
E1C0
F1E0
E1E0
0000
0000
0000
0E00
1E00
1E00
1E00
1E00
1E00
1E00
1E00
1E00
1E00
1E00
1E00
1E00
1E00
1E00
1E00
1E00
1E00
1E00
1E00
1E00
1E00
1E00
1E00
1E00
1E00
1E00
0E00
ENDCHAR
STARTCHAR uni1E2F
ENCODING 7727
SWIDTH 237 0
DWIDTH 9 0
BBX 11 33 -1 0
BITMAP
00C0
01C0
01C0
0380
0300
0700
0600
0000
F1E0
F1E0
70E0
0000
0000
0600
0E00
0F00
0F00
0F00
0F00
0F00
0F00
0F00
0F00
0F00
0F00
0F00
0F00
0F00
0F00
0F00
0F00
0F00
0E00
ENDCHAR
STARTCHAR uni1E36
ENCODING 7734
SWIDTH 548 0
DWIDTH 22 0
BBX 19 36 3 -8
BITMAP
700000
F00000
F00000
F00000
F00000
F00000
F00000
F00000
F00000
F00000
F00000
F00000
F00000
F00000
F00000
F00000
F00000
F00000
F00000
F00000
F00000
F00000
F00000
F00000
F00000
FFFFC0
FFFFE0
7FFFC0
000000
000000
000000
000000
00E000
01E000
01E000
00E000
ENDCHAR
STARTCHAR uni1E37
ENCODING 7735
SWIDTH 301 0
DWIDTH 12 0
BBX 9 36 3 -8
BITMAP
E000
F000
F000
F000
F000
F000
F000
F000
F000
F000
F000
F000
F000
F000
F000
F000
F000
F000
F000
F000
F000
F000
F000
F000
F800
7F80
7F80
1F80
0000
0000
0000
0000
1C00
3E00
3E00
1C00
ENDCHAR
STARTCHAR uni1E3A
ENCODING 7738
SWIDTH 548 0
DWIDTH 22 0
BBX 19 34 3 -6
BITMAP
700000
F00000
F00000
F00000
F00000
F00000
F00000
F00000
F00000
F00000
F00000
F00000
F00000
F00000
F00000
F00000
F00000
F00000
F00000
F00000
F00000
F00000
F00000
F00000
F00000
FFFFC0
FFFFE0
7FFFC0
000000
000000
000000
000000
1FFE00
1FFE00
ENDCHAR
STARTCHAR uni1E3B
ENCODING 7739
SWIDTH 301 0
DWIDTH 12 0
BBX 13 34 1 -6
BITMAP
3800
3C00
3C00
3C00
3C00
3C00
3C00
3C00
3C00
3C00
3C00
3C00
3C00
3C00
3C00
3C00
3C00
3C00
3C00
3C00
3C00
3C00
3C00
3C00
3E00
1FE0
1FE0
07E0
0000
0000
0000
0000
7FF0
FFF8
ENDCHAR
STARTCHAR uni1E42
ENCODING 7746
SWIDTH 858 0
DWIDTH 34 0
BBX 28 36 3 -8
BITMAP
700000F0
F80000F0
F80001F0
FC0001F0
FC0003F0
FE0003F0
FE0007F0
FF000770
F7000F70
F7800E70
F3801C70
F3C01C70
F1C03870
F1E03870
F0E07070
F070F070
F078E070
F039E070
F03DC070
F01FC070
F01F8070
F00F8070
F00F0070
F0060070
F0000070
F0000070
F0000070
70000070
00000000
00000000
00000000
00000000
000F0000
000F0000
000F0000
00060000
ENDCHAR
STARTCHAR uni1E43
ENCODING 7747
SWIDTH 861 0
DWIDTH 34 0
BBX 29 28 3 -8
BITMAP
61F00F80
E7FC3FC0
FFFEFFE0
FE3EE1F0
F80FC0F0
F00F8070
F00F0070
F00F0078
F00F0078
F00F0078
F00F0078
F00F0078
F00F0078
F00F0078
F00F0078
F00F0078
F00F0078
F00F0078
F00F0078
E0070070
00000000
00000000
00000000
00000000
000F0000
000F0000
000F0000
00060000
ENDCHAR
STARTCHAR uni1E44
ENCODING 7748
SWIDTH 741 0
DWIDTH 30 0
BBX 23 36 3 0
BITMAP
003800
003C00
003C00
003800
000000
000000
000000
000000
70000E
F8000E
F8000E
FC000E
FE000E
FF000E
FF000E
F7800E
F3C00E
F1E00E
F1E00E
F0F00E
F0780E
F03C0E
F03C0E
F01E0E
F00F0E
F0078E
F0078E
F003CE
F001EE
F000FE
F000FE
F0007E
F0003E
F0001E
F0001E
70000E
ENDCHAR
STARTCHAR uni1E45
ENCODING 7749
SWIDTH 572 0
DWIDTH 23 0
BBX 17 28 3 0
BITMAP
01C000
03E000
03E000
01C000
000000
000000
000000
000000
40F800
E3FE00
EFFF00
EE1F00
F80780
F00780
F00780
F00780
F00780
F00780
F00780
F00780
F00780
F00780
F00780
F00780
F00780
F00780
F00780
E00380
ENDCHAR
STARTCHAR uni1E46
ENCODING 7750
SWIDTH 741 0
DWIDTH 30 0
BBX 23 36 3 -8
BITMAP
70000E
F8000E
F8000E
FC000E
FE000E
FF000E
FF000E
F7800E
F3C00E
F1E00E
F1E00E
F0F00E
F0780E
F03C0E
F03C0E
F01E0E
F00F0E
F0078E
F0078E
F003CE
F001EE
F000FE
F000FE
F0007E
F0003E
F0001E
F0001E
70000E
000000
000000
000000
000000
003C00
003C00
003C00
001800
ENDCHAR
STARTCHAR uni1E47
ENCODING 7751
SWIDTH 572 0
DWIDTH 23 0
BBX 17 28 3 -8
BITMAP
40F800
E3FE00
EFFF00
EE1F00
F80780
F00780
F00780
F00780
F00780
F00780
F00780
F00780
F00780
F00780
F00780
F00780
F00780
F00780
F00780
E00380
000000
000000
000000
000000
01C000
03E000
03E000
01C000
ENDCHAR
STARTCHAR uni1E48
ENCODING 7752
SWIDTH 741 0
DWIDTH 30 0
BBX 23 34 3 -6
BITMAP
70000E
F8000E
F8000E
FC000E
FE000E
FF000E
FF000E
F7800E
F3C00E
F1E00E
F1E00E
F0F00E
F0780E
F03C0E
F03C0E
F01E0E
F00F0E
F0078E
F0078E
F003CE
F001EE
F000FE
F000FE
F0007E
F0003E
F0001E
F0001E
70000E
000000
000000
000000
000000
03FFC0
03FFC0
ENDCHAR
STARTCHAR uni1E49
ENCODING 7753
SWIDTH 572 0
DWIDTH 23 0
BBX 17 26 3 -6
BITMAP
40F800
E3FE00
EFFF00
EE1F00
F80780
F00780
F00780
F00780
F00780
F00780
F00780
F00780
F00780
F00780
F00780
F00780
F00780
F00780
F00780
E00380
000000
000000
000000
000000
1FFC00
3FFE00
ENDCHAR
STARTCHAR uni1E4C
ENCODING 7756
SWIDTH 771 0
DWIDTH 31 0
BBX 26 42 2 0
BITMAP
00008000
0001C000
0001C000
00038000
00070000
00070000
00060000
00783000
00FC7000
01CFE000
0183C000
00000000
00000000
00040000
00FFE000
03FFF800
07FFFC00
0FC07E00
1F001F00
3E000F00
3C000780
78000780
780003C0
780003C0
780003C0
F00003C0
F00001C0
F00001C0
F00001C0
F00001C0
F00003C0
780003C0
780003C0
780003C0
7C000780
3C000780
3E000F00
1F001F00
0FC07E00
07FFFC00
03FFF000
00FFC000
ENDCHAR
STARTCHAR uni1E4D
ENCODING 7757
SWIDTH 560 0
DWIDTH 22 0
BBX 19 33 2 0
BITMAP
000800
001C00
003C00
003800
007000
00E000
004000
0F8300
1FC600
18FE00
183C00
000000
000000
03F000
0FFC00
1FFF00
3E1F80
780780
7803C0
F003C0
F001C0
F001E0
E001E0
E001E0
E001E0
F001C0
F003C0
F003C0
7807C0
7C0F80
3FFF00
1FFE00
07F800
ENDCHAR
STARTCHAR uni1E4E
ENCODING 7758
SWIDTH 771 0
DWIDTH 31 0
BBX 26 40 2 0
BITMAP
0040C000
00F1E000
00F1E000
0060C000
00000000
00783000
00FC7000
01CFE000
0183C000
00000000
00000000
00040000
00FFE000
03FFF800
07FFFC00
0FC07E00
1F001F00
3E000F00
3C000780
78000780
780003C0
780003C0
780003C0
F00003C0
F00001C0
F00001C0
F00001C0
F00001C0
F00003C0
780003C0
780003C0
780003C0
7C000780
3C000780
3E000F00
1F001F00
0FC07E00
07FFFC00
03FFF000
00FFC000
ENDCHAR
STARTCHAR uni1E4F
ENCODING 7759
SWIDTH 560 0
DWIDTH 22 0
BBX 19 31 2 0
BITMAP
0E1C00
0F1E00
0F1E00
000000
000000
0F8300
1FC600
18FE00
183C00
000000
000000
03F000
0FFC00
1FFF00
3E1F80
780780
7803C0
F003C0
F001C0
F001E0
E001E0
E001E0
E001E0
F001C0
F003C0
F003C0
7807C0
7C0F80
3FFF00
1FFE00
07F800
ENDCHAR
STARTCHAR uni1E50
ENCODING 7760
SWIDTH 771 0
DWIDTH 31 0
BBX 26 42 2 0
BITMAP
00200000
00700000
00700000
00380000
00380000
001C0000
000C0000
00000000
00FFE000
01FFF000
00000000
00000000
00000000
00040000
00FFE000
03FFF800
07FFFC00
0FC07E00
1F001F00
3E000F00
3C000780
78000780
780003C0
780003C0
780003C0
F00003C0
F00001C0
F00001C0
F00001C0
F00001C0
F00003C0
780003C0
780003C0
780003C0
7C000780
3C000780
3E000F00
1F001F00
0FC07E00
07FFFC00
03FFF000
00FFC000
ENDCHAR
STARTCHAR uni1E51
ENCODING 7761
SWIDTH 560 0
DWIDTH 22 0
BBX 19 33 2 0
BITMAP
060000
0F0000
070000
038000
038000
01C000
00C000
000000
1FFE00
1FFE00
000000
000000
000000
03F000
0FFC00
1FFF00
3E1F80
780780
7803C0
F003C0
F001C0
F001E0
E001E0
E001E0
E001E0
F001C0
F003C0
F003C0
7807C0
7C0F80
3FFF00
1FFE00
07F800
ENDCHAR
STARTCHAR uni1E52
ENCODING 7762
SWIDTH 771 0
DWIDTH 31 0
BBX 26 42 2 0
BITMAP
00008000
0001C000
0001C000
00038000
00070000
00070000
00060000
00000000
00FFE000
01FFF000
00000000
00000000
00000000
00040000
00FFE000
03FFF800
07FFFC00
0FC07E00
1F001F00
3E000F00
3C000780
78000780
780003C0
780003C0
780003C0
F00003C0
F00001C0
F00001C0
F00001C0
F00001C0
F00003C0
780003C0
780003C0
780003C0
7C000780
3C000780
3E000F00
1F001F00
0FC07E00
07FFFC00
03FFF000
00FFC000
ENDCHAR
STARTCHAR uni1E53
ENCODING 7763
SWIDTH 560 0
DWIDTH 22 0
BBX 19 33 2 0
BITMAP
000800
001C00
003C00
003800
007000
00E000
004000
000000
1FFE00
1FFE00
000000
000000
000000
03F000
0FFC00
1FFF00
3E1F80
780780
7803C0
F003C0
F001C0
F001E0
E001E0
E001E0
E001E0
F001C0
F003C0
F003C0
7807C0
7C0F80
3FFF00
1FFE00
07F800
ENDCHAR
STARTCHAR uni1E5A
ENCODING 7770
SWIDTH 673 0
DWIDTH 27 0
BBX 22 36 3 -8
BITMAP
7FFF00
FFFFC0
FFFFE0
F001F0
F000F8
F00078
F00078
F00038
F00038
F00078
F00078
F000F8
F001F0
FFFFE0
FFFFC0
FFFF00
F01F00
F00780
F003C0
F003C0
F001E0
F001E0
F000F0
F000F0
F00078
F0007C
F0003C
70001C
000000
000000
000000
000000
007800
007800
007800
003000
ENDCHAR
STARTCHAR uni1E5B
ENCODING 7771
SWIDTH 365 0
DWIDTH 15 0
BBX 11 28 3 -8
BITMAP
40E0
E3E0
EFE0
EF00
FC00
F800
F000
F000
F000
F000
F000
F000
F000
F000
F000
F000
F000
F000
F000
E000
0000
0000
0000
0000
F000
F000
F000
E000
ENDCHAR
STARTCHAR uni1E5E
ENCODING 7774
SWIDTH 673 0
DWIDTH 27 0
BBX 22 34 3 -6
BITMAP
7FFF00
FFFFC0
FFFFE0
F001F0
F000F8
F00078
F00078
F00038
F00038
F00078
F00078
F000F8
F001F0
FFFFE0
FFFFC0
FFFF00
F01F00
F00780
F003C0
F003C0
F001E0
F001E0
F000F0
F000F0
F00078
F0007C
F0003C
70001C
000000
000000
000000
000000
07FF80
07FF80
ENDCHAR
STARTCHAR uni1E5F
ENCODING 7775
SWIDTH 365 0
DWIDTH 15 0
BBX 15 26 -1 -6
BITMAP
040E
0E3E
0EFE
0EF0
0FC0
0F80
0F00
0F00
0F00
0F00
0F00
0F00
0F00
0F00
0F00
0F00
0F00
0F00
0F00
0E00
0000
0000
0000
0000
FFF0
FFF0
ENDCHAR
STARTCHAR uni1E60
ENCODING 7776
SWIDTH 618 0
DWIDTH 25 0
BBX 21 36 2 0
BITMAP
007000
007800
007800
007000
000000
000000
000000
003000
03FF80
0FFFE0
1FFFF0
3E00F0
7C0070
780000
700000
700000
700000
780000
780000
7E0000
3FE000
1FFE00
07FFC0
00FFE0
0007F0
0000F8
000078
000078
000078
000078
400078
E000F8
FC01F0
7FFFE0
3FFFC0
07FF00
ENDCHAR
STARTCHAR uni1E61
ENCODING 7777
SWIDTH 483 0
DWIDTH 19 0
BBX 16 28 2 0
BITMAP
03C0
03C0
03C0
0180
0000
0000
0000
0000
07E0
1FFC
3FFE
781E
7004
F000
F000
7000
7C00
3FE0
1FF8
03FC
001E
000E
000F
000E
E01E
FE7E
7FFC
1FF0
ENDCHAR
STARTCHAR uni1E62
ENCODING 7778
SWIDTH 618 0
DWIDTH 25 0
BBX 21 37 2 -8
BITMAP
003000
03FF80
0FFFE0
1FFFF0
3E00F0
7C0070
780000
700000
700000
700000
780000
780000
7E0000
3FE000
1FFE00
07FFC0
00FFE0
0007F0
0000F8
000078
000078
000078
000078
400078
E000F8
FC01F0
7FFFE0
3FFFC0
07FF00
000000
000000
000000
000000
007800
007800
007800
003000
ENDCHAR
STARTCHAR uni1E63
ENCODING 7779
SWIDTH 483 0
DWIDTH 19 0
BBX 16 28 2 -8
BITMAP
07E0
1FFC
3FFE
781E
7004
F000
F000
7000
7C00
3FE0
1FF8
03FC
001E
000E
000F
000E
E01E
FE7E
7FFC
1FF0
0000
0000
0000
0000
0380
03C0
03C0
0380
ENDCHAR
STARTCHAR uni1E64
ENCODING 7780
SWIDTH 618 0
DWIDTH 25 0
BBX 21 41 2 0
BITMAP
00C000
01E000
01E000
008300
000780
000700
000E00
001E00
001C00
003800
001000
000000
003000
03FF80
0FFFE0
1FFFF0
3E00F0
7C0070
780000
700000
700000
700000
780000
780000
7E0000
3FE000
1FFE00
07FFC0
00FFE0
0007F0
0000F8
000078
000078
000078
000078
400078
E000F8
FC01F0
7FFFE0
3FFFC0
07FF00
ENDCHAR
STARTCHAR uni1E65
ENCODING 7781
SWIDTH 483 0
DWIDTH 19 0
BBX 16 33 2 0
BITMAP
0F00
0F00
0718
001C
003C
0038
0070
00F0
00E0
01C0
01C0
0000
0000
07E0
1FFC
3FFE
781E
7004
F000
F000
7000
7C00
3FE0
1FF8
03FC
001E
000E
000F
000E
E01E
FE7E
7FFC
1FF0
ENDCHAR
STARTCHAR uni1E66
ENCODING 7782
SWIDTH 618 0
DWIDTH 25 0
BBX 21 42 2 0
BITMAP
007000
007800
007800
000000
060100
060300
030700
038E00
01DC00
00FC00
00F800
007000
000000
003000
03FF80
0FFFE0
1FFFF0
3E00F0
7C0070
780000
700000
700000
700000
780000
780000
7E0000
3FE000
1FFE00
07FFC0
00FFE0
0007F0
0000F8
000078
000078
000078
000078
400078
E000F8
FC01F0
7FFFE0
3FFFC0
07FF00
ENDCHAR
STARTCHAR uni1E67
ENCODING 7783
SWIDTH 483 0
DWIDTH 19 0
BBX 16 33 2 0
BITMAP
03C0
03C0
01C0
0000
300C
1818
1C38
0E70
07E0
07E0
03C0
0000
0000
07E0
1FFC
3FFE
781E
7004
F000
F000
7000
7C00
3FE0
1FF8
03FC
001E
000E
000F
000E
E01E
FE7E
7FFC
1FF0
ENDCHAR
STARTCHAR uni1E68
ENCODING 7784
SWIDTH 618 0
DWIDTH 25 0
BBX 21 44 2 -8
BITMAP
007000
007800
007800
007000
000000
000000
000000
003000
03FF80
0FFFE0
1FFFF0
3E00F0
7C0070
780000
700000
700000
700000
780000
780000
7E0000
3FE000
1FFE00
07FFC0
00FFE0
0007F0
0000F8
000078
000078
000078
000078
400078
E000F8
FC01F0
7FFFE0
3FFFC0
07FF00
000000
000000
000000
000000
007800
007800
007800
003000
ENDCHAR
STARTCHAR uni1E69
ENCODING 7785
SWIDTH 483 0
DWIDTH 19 0
BBX 16 36 2 -8
BITMAP
03C0
03C0
03C0
0180
0000
0000
0000
0000
07E0
1FFC
3FFE
781E
7004
F000
F000
7000
7C00
3FE0
1FF8
03FC
001E
000E
000F
000E
E01E
FE7E
7FFC
1FF0
0000
0000
0000
0000
0380
03C0
03C0
0380
ENDCHAR
STARTCHAR uni1E6C
ENCODING 7788
SWIDTH 607 0
DWIDTH 24 0
BBX 24 36 0 -8
BITMAP
FFFFFF
FFFFFF
FFFFFF
003C00
003C00
003C00
003C00
003C00
003C00
003C00
003C00
003C00
003C00
003C00
003C00
003C00
003C00
003C00
003C00
003C00
003C00
003C00
003C00
003C00
003C00
003C00
003C00
001C00
000000
000000
000000
000000
003C00
003C00
003C00
001800
ENDCHAR
STARTCHAR uni1E6D
ENCODING 7789
SWIDTH 358 0
DWIDTH 14 0
BBX 15 34 0 -8
BITMAP
0400
0E00
0F00
0F00
0F00
0F00
0F00
FFFC
FFFC
0F00
0F00
0F00
0F00
0F00
0F00
0F00
0F00
0F00
0F00
0F00
0F00
0F00
0F80
07FC
03FE
01FC
0000
0000
0000
0000
01E0
01E0
01E0
01C0
ENDCHAR
STARTCHAR uni1E6E
ENCODING 7790
SWIDTH 607 0
DWIDTH 24 0
BBX 24 34 0 -6
BITMAP
FFFFFF
FFFFFF
FFFFFF
003C00
003C00
003C00
003C00
003C00
003C00
003C00
003C00
003C00
003C00
003C00
003C00
003C00
003C00
003C00
003C00
003C00
003C00
003C00
003C00
003C00
003C00
003C00
003C00
001C00
000000
000000
000000
000000
03FFC0
03FFC0
ENDCHAR
STARTCHAR uni1E6F
ENCODING 7791
SWIDTH 358 0
DWIDTH 14 0
BBX 15 32 0 -6
BITMAP
0400
0E00
0F00
0F00
0F00
0F00
0F00
FFFC
FFFC
0F00
0F00
0F00
0F00
0F00
0F00
0F00
0F00
0F00
0F00
0F00
0F00
0F00
0F80
07FC
03FE
01FC
0000
0000
0000
0000
1FFE
1FFE
ENDCHAR
STARTCHAR uni1E78
ENCODING 7800
SWIDTH 731 0
DWIDTH 29 0
BBX 23 42 3 0
BITMAP
000200
000700
000700
000E00
000E00
001C00
001800
01E0C0
03F0C0
033F80
060F80
000000
000000
000000
F0001E
F0001E
F0001E
F0001E
F0001E
F0001E
F0001E
F0001E
F0001E
F0001E
F0001E
F0001E
F0001E
F0001E
F0001E
F0001E
F0001E
F0001E
F0001E
F0001E
70001E
78003C
78003C
3C007C
3F01F8
1FFFF0
0FFFE0
03FF80
ENDCHAR
STARTCHAR uni1E79
ENCODING 7801
SWIDTH 565 0
DWIDTH 23 0
BBX 17 33 3 0
BITMAP
001800
003800
007800
007000
00E000
00C000
008000
0F0600
1F8C00
31FC00
307800
000000
000000
400300
E00780
E00780
E00780
E00780
E00780
E00780
E00780
E00780
E00780
E00780
E00780
E00780
F00780
F00F80
F00F80
F81F80
7FFF80
3FF780
1FE700
ENDCHAR
STARTCHAR uni1E7A
ENCODING 7802
SWIDTH 731 0
DWIDTH 29 0
BBX 23 40 3 0
BITMAP
008100
03C780
03C780
018300
000000
000000
03FFC0
07FFC0
000000
000000
000000
000000
F0001E
F0001E
F0001E
F0001E
F0001E
F0001E
F0001E
F0001E
F0001E
F0001E
F0001E
F0001E
F0001E
F0001E
F0001E
F0001E
F0001E
F0001E
F0001E
F0001E
70001E
78003C
78003C
3C007C
3F01F8
1FFFF0
0FFFE0
03FF80
ENDCHAR
STARTCHAR uni1E7B
ENCODING 7803
SWIDTH 565 0
DWIDTH 23 0
BBX 17 31 3 0
BITMAP
0C1800
1E3C00
1E3C00
081000
000000
000000
3FFC00
3FFC00
000000
000000
000000
400300
E00780
E00780
E00780
E00780
E00780
E00780
E00780
E00780
E00780
E00780
E00780
E00780
F00780
F00F80
F00F80
F81F80
7FFF80
3FF780
1FE700
ENDCHAR
STARTCHAR Wgrave
ENCODING 7808
SWIDTH 1104 0
DWIDTH 44 0
BBX 41 38 2 0
BITMAP
000180000000
000380000000
0003C0000000
0001E0000000
0000E0000000
000070000000
000038000000
000010000000
000000000000
000000000000
E0001C000700
F0003C000780
F0003E000F00
F0007E000F00
78007E000E00
78007F001E00
3800FF001E00
3C00E7001C00
3C00E7803C00
1C01E7803C00
1E01C3803800
1E01C3C07800
0E03C1C07800
0F0381C07000
0F0381E0F000
070780E0F000
078700E0E000
078F00F1E000
038F0071C000
03CE0071C000
03DE007BC000
01DC003B8000
01FC003B8000
01FC003F8000
00F8001F0000
00F8001F0000
0078001F0000
0070000E0000
ENDCHAR
STARTCHAR wgrave
ENCODING 7809
SWIDTH 844 0
DWIDTH 34 0
BBX 31 31 1 0
BITMAP
00180000
00380000
003C0000
001C0000
000E0000
000E0000
00070000
00030000
00038000
00000000
00000000
60018006
F003C00E
7003C00E
7807E01E
7807E01C
3807E01C
3C0FF03C
3C0E7038
1C0E7078
1E1C7878
0E1C3870
0E3C38F0
0F383CE0
07381CE0
07F81DE0
07F00FC0
03F00FC0
03F00FC0
01E00780
01E00780
ENDCHAR
STARTCHAR Wacute
ENCODING 7810
SWIDTH 1104 0
DWIDTH 44 0
BBX 41 38 2 0
BITMAP
000001C00000
000001C00000
000003C00000
000007800000
000007000000
00000E000000
00001C000000
000008000000
000000000000
000000000000
E0001C000700
F0003C000780
F0003E000F00
F0007E000F00
78007E000E00
78007F001E00
3800FF001E00
3C00E7001C00
3C00E7803C00
1C01E7803C00
1E01C3803800
1E01C3C07800
0E03C1C07800
0F0381C07000
0F0381E0F000
070780E0F000
078700E0E000
078F00F1E000
038F0071C000
03CE0071C000
03DE007BC000
01DC003B8000
01FC003B8000
01FC003F8000
00F8001F0000
00F8001F0000
0078001F0000
0070000E0000
ENDCHAR
STARTCHAR wacute
ENCODING 7811
SWIDTH 844 0
DWIDTH 34 0
BBX 31 31 1 0
BITMAP
00001800
00003C00
00003800
00007800
00007000
0000E000
0000E000
0001C000
00018000
00000000
00000000
60018006
F003C00E
7003C00E
7807E01E
7807E01C
3807E01C
3C0FF03C
3C0E7038
1C0E7078
1E1C7878
0E1C3870
0E3C38F0
0F383CE0
07381CE0
07F81DE0
07F00FC0
03F00FC0
03F00FC0
01E00780
01E00780
ENDCHAR
STARTCHAR Wdieresis
ENCODING 7812
SWIDTH 1104 0
DWIDTH 44 0
BBX 41 36 2 0
BITMAP
0001C3800000
0001C3C00000
0001E3C00000
0001C3800000
000000000000
000000000000
000000000000
000000000000
E0001C000700
F0003C000780
F0003E000F00
F0007E000F00
78007E000E00
78007F001E00
3800FF001E00
3C00E7001C00
3C00E7803C00
1C01E7803C00
1E01C3803800
1E01C3C07800
0E03C1C07800
0F0381C07000
0F0381E0F000
070780E0F000
078700E0E000
078F00F1E000
038F0071C000
03CE0071C000
03DE007BC000
01DC003B8000
01FC003B8000
01FC003F8000
00F8001F0000
00F8001F0000
0078001F0000
0070000E0000
ENDCHAR
STARTCHAR wdieresis
ENCODING 7813
SWIDTH 844 0
DWIDTH 34 0
BBX 31 28 1 0
BITMAP
001C3800
003C7800
003C3800
001C3800
00000000
00000000
00000000
00000000
60018006
F003C00E
7003C00E
7807E01E
7807E01C
3807E01C
3C0FF03C
3C0E7038
1C0E7078
1E1C7878
0E1C3870
0E3C38F0
0F383CE0
07381CE0
07F81DE0
07F00FC0
03F00FC0
03F00FC0
01E00780
01E00780
ENDCHAR
STARTCHAR uni1E8E
ENCODING 7822
SWIDTH 601 0
DWIDTH 24 0
BBX 22 36 1 0
BITMAP
007800
007800
007800
003800
000000
000000
000000
000000
E0001C
F0003C
F8003C
780078
3C00F0
3E01F0
1F01E0
0F03C0
078780
07CF80
03CF00
01FE00
00FE00
00FC00
007800
007800
007800
007800
007800
007800
007800
007800
007800
007800
007800
007800
007800
007800
ENDCHAR
STARTCHAR uni1E8F
ENCODING 7823
SWIDTH 517 0
DWIDTH 21 0
BBX 19 35 1 -7
BITMAP
00E000
01E000
01E000
00E000
000000
000000
000000
000000
6000C0
F001E0
F001E0
7003C0
7803C0
780380
3C0780
3C0700
1C0F00
1E0F00
0E0E00
0F1E00
0F1C00
073C00
07B800
03B800
03F800
01F000
01F000
01E000
01E000
01C000
03C000
03C000
078000
078000
070000
ENDCHAR
STARTCHAR uni1E92
ENCODING 7826
SWIDTH 593 0
DWIDTH 24 0
BBX 21 36 2 -8
BITMAP
FFFFF0
FFFFF0
FFFFF0
0001F0
0001E0
0003C0
000780
000780
000F00
001E00
003E00
003C00
007800
00F000
00F000
01E000
03C000
07C000
078000
0F0000
1E0000
1E0000
3C0000
780000
F80000
FFFFF8
FFFFF8
FFFFF8
000000
000000
000000
000000
007000
00F000
00F000
007000
ENDCHAR
STARTCHAR uni1E93
ENCODING 7827
SWIDTH 466 0
DWIDTH 19 0
BBX 16 27 2 -8
BITMAP
FFFE
FFFE
001E
003C
0078
0070
00F0
01E0
03C0
0380
0700
0F00
1E00
1C00
3800
7800
FFFE
FFFF
FFFE
0000
0000
0000
0000
0380
07C0
03C0
0380
ENDCHAR
STARTCHAR uni1E97
ENCODING 7831
SWIDTH 358 0
DWIDTH 14 0
BBX 15 33 0 0
BITMAP
70E0
F1E0
F1E0
70E0
0000
0000
0000
0400
0E00
0F00
0F00
0F00
0F00
0F00
FFFC
FFFC
0F00
0F00
0F00
0F00
0F00
0F00
0F00
0F00
0F00
0F00
0F00
0F00
0F00
0F80
07FC
03FE
01FC
ENDCHAR
STARTCHAR uni1E9E
ENCODING 7838
SWIDTH 716 0
DWIDTH 29 0
BBX 23 29 3 0
BITMAP
001800
03FFC0
0FFFE0
1FFFF0
3E00F8
7C0078
78003C
78003C
70003C
F0003C
F00038
F00078
F000F0
F07FE0
F0FFC0
F0FFF0
F001FC
F0003C
F0001E
F0001E
F0000E
F0000E
F0001E
F0001E
F0001E
F1C07C
F1FFFC
F0FFF8
707FE0
ENDCHAR
STARTCHAR uni1EA0
ENCODING 7840
SWIDTH 733 0
DWIDTH 29 0
BBX 27 36 1 -8
BITMAP
000E0000
001F0000
001F0000
003F8000
003B8000
003BC000
0079C000
0071E000
00F0E000
00E0F000
01E0F000
01C07000
03C07800
03C03800
03803C00
07801C00
07001E00
0F001E00
0FFFFF00
1FFFFF00
1FFFFF00
1C000780
3C000380
380003C0
780003C0
700001E0
F00001E0
E00000E0
00000000
00000000
00000000
00000000
000E0000
000F0000
000F0000
00060000
ENDCHAR
STARTCHAR uni1EA1
ENCODING 7841
SWIDTH 533 0
DWIDTH 21 0
BBX 17 28 2 -8
BITMAP
03F000
1FFC00
7FFE00
7C1F00
200F00
000700
000700
000780
000780
0FFF80
3FFF80
7C0780
F00780
F00780
F00780
F00F80
F81F80
7C7F80
3FF780
1FE700
000000
000000
000000
000000
01E000
01E000
01E000
00C000
ENDCHAR
STARTCHAR uni1EA2
ENCODING 7842
SWIDTH 733 0
DWIDTH 29 0
BBX 27 38 1 0
BITMAP
000F0000
003F8000
0033C000
0001C000
00038000
00070000
000E0000
00060000
00000000
00000000
000E0000
001F0000
001F0000
003F8000
003B8000
003BC000
0079C000
0071E000
00F0E000
00E0F000
01E0F000
01C07000
03C07800
03C03800
03803C00
07801C00
07001E00
0F001E00
0FFFFF00
1FFFFF00
1FFFFF00
1C000780
3C000380
380003C0
780003C0
700001E0
F00001E0
E00000E0
ENDCHAR
STARTCHAR uni1EA3
ENCODING 7843
SWIDTH 533 0
DWIDTH 21 0
BBX 17 30 2 0
BITMAP
07F000
07F800
003800
003800
007000
00E000
00C000
00C000
000000
000000
03F000
1FFC00
7FFE00
7C1F00
200F00
000700
000700
000780
000780
0FFF80
3FFF80
7C0780
F00780
F00780
F00780
F00F80
F81F80
7C7F80
3FF780
1FE700
ENDCHAR
STARTCHAR uni1EA4
ENCODING 7844
SWIDTH 733 0
DWIDTH 29 0
BBX 27 41 1 0
BITMAP
00000600
00000E00
00000E00
00041C00
000F1800
001F3000
003BB000
0039C000
0070C000
00E06000
00406000
00000000
00000000
000E0000
001F0000
001F0000
003F8000
003B8000
003BC000
0079C000
0071E000
00F0E000
00E0F000
01E0F000
01C07000
03C07800
03C03800
03803C00
07801C00
07001E00
0F001E00
0FFFFF00
1FFFFF00
1FFFFF00
1C000780
3C000380
380003C0
780003C0
700001E0
F00001E0
E00000E0
ENDCHAR
STARTCHAR uni1EA5
ENCODING 7845
SWIDTH 533 0
DWIDTH 21 0
BBX 19 33 2 0
BITMAP
000040
0000E0
0001C0
0001C0
01E380
01E300
03F600
073800
0E3800
0E1C00
1C0C00
000000
000000
03F000
1FFC00
7FFE00
7C1F00
200F00
000700
000700
000780
000780
0FFF80
3FFF80
7C0780
F00780
F00780
F00780
F00F80
F81F80
7C7F80
3FF780
1FE700
ENDCHAR
STARTCHAR uni1EA6
ENCODING 7846
SWIDTH 733 0
DWIDTH 29 0
BBX 27 41 1 0
BITMAP
0000C000
0000E000
0000E000
00047000
000F3000
001F1800
003B9800
0039C000
0070C000
00E06000
00406000
00000000
00000000
000E0000
001F0000
001F0000
003F8000
003B8000
003BC000
0079C000
0071E000
00F0E000
00E0F000
01E0F000
01C07000
03C07800
03C03800
03803C00
07801C00
07001E00
0F001E00
0FFFFF00
1FFFFF00
1FFFFF00
1C000780
3C000380
380003C0
780003C0
700001E0
F00001E0
E00000E0
ENDCHAR
STARTCHAR uni1EA7
ENCODING 7847
SWIDTH 533 0
DWIDTH 21 0
BBX 17 33 2 0
BITMAP
000800
001C00
001C00
000E00
01E600
01E700
03F300
073800
0E3800
0E1C00
1C0C00
000000
000000
03F000
1FFC00
7FFE00
7C1F00
200F00
000700
000700
000780
000780
0FFF80
3FFF80
7C0780
F00780
F00780
F00780
F00F80
F81F80
7C7F80
3FF780
1FE700
ENDCHAR
STARTCHAR uni1EA8
ENCODING 7848
SWIDTH 733 0
DWIDTH 29 0
BBX 27 41 1 0
BITMAP
0000F800
0000FE00
00000E00
00040E00
000F1C00
001F3800
003BA000
0039C000
0070C000
00E06000
00406000
00000000
00000000
000E0000
001F0000
001F0000
003F8000
003B8000
003BC000
0079C000
0071E000
00F0E000
00E0F000
01E0F000
01C07000
03C07800
03C03800
03803C00
07801C00
07001E00
0F001E00
0FFFFF00
1FFFFF00
1FFFFF00
1C000780
3C000380
380003C0
780003C0
700001E0
F00001E0
E00000E0
ENDCHAR
STARTCHAR uni1EA9
ENCODING 7849
SWIDTH 533 0
DWIDTH 21 0
BBX 18 32 2 0
BITMAP
001F80
001BC0
0001C0
01E1C0
01E380
03F600
073800
0E3800
0E1C00
1C0C00
000000
000000
03F000
1FFC00
7FFE00
7C1F00
200F00
000700
000700
000780
000780
0FFF80
3FFF80
7C0780
F00780
F00780
F00780
F00F80
F81F80
7C7F80
3FF780
1FE700
ENDCHAR
STARTCHAR uni1EAA
ENCODING 7850
SWIDTH 733 0
DWIDTH 29 0
BBX 27 41 1 0
BITMAP
00783000
00FE3000
00C7E000
0183C000
00000000
000F0000
001F8000
003B8000
0071C000
00E0E000
00402000
00000000
00000000
000E0000
001F0000
001F0000
003F8000
003B8000
003BC000
0079C000
0071E000
00F0E000
00E0F000
01E0F000
01C07000
03C07800
03C03800
03803C00
07801C00
07001E00
0F001E00
0FFFFF00
1FFFFF00
1FFFFF00
1C000780
3C000380
380003C0
780003C0
700001E0
F00001E0
E00000E0
ENDCHAR
STARTCHAR uni1EAB
ENCODING 7851
SWIDTH 533 0
DWIDTH 21 0
BBX 17 33 2 0
BITMAP
020200
0F8600
1FFE00
187C00
101000
00C000
01E000
03F000
073800
0E1C00
0C0C00
000000
000000
03F000
1FFC00
7FFE00
7C1F00
200F00
000700
000700
000780
000780
0FFF80
3FFF80
7C0780
F00780
F00780
F00780
F00F80
F81F80
7C7F80
3FF780
1FE700
ENDCHAR
STARTCHAR uni1EAC
ENCODING 7852
SWIDTH 733 0
DWIDTH 29 0
BBX 27 46 1 -8
BITMAP
000E0000
001F0000
001F8000
003B8000
0071C000
00E0E000
00E07000
00C02000
00000000
00000000
000E0000
001F0000
001F0000
003F8000
003B8000
003BC000
0079C000
0071E000
00F0E000
00E0F000
01E0F000
01C07000
03C07800
03C03800
03803C00
07801C00
07001E00
0F001E00
0FFFFF00
1FFFFF00
1FFFFF00
1C000780
3C000380
380003C0
780003C0
700001E0
F00001E0
E00000E0
00000000
00000000
00000000
00000000
000E0000
000F0000
000F0000
00060000
ENDCHAR
STARTCHAR uni1EAD
ENCODING 7853
SWIDTH 533 0
DWIDTH 21 0
BBX 17 39 2 -8
BITMAP
00C000
01E000
03F000
03F000
073800
063800
0E1C00
0C0C00
1C0C00
000000
000000
03F000
1FFC00
7FFE00
7C1F00
200F00
000700
000700
000780
000780
0FFF80
3FFF80
7C0780
F00780
F00780
F00780
F00F80
F81F80
7C7F80
3FF780
1FE700
000000
000000
000000
000000
01E000
01E000
01E000
00C000
ENDCHAR
STARTCHAR uni1EAE
ENCODING 7854
SWIDTH 733 0
DWIDTH 29 0
BBX 27 41 1 0
BITMAP
0001C000
0001C000
00038000
00038000
00873000
01C63000
00C07000
00E0E000
007FE000
003F8000
00060000
00000000
00000000
000E0000
001F0000
001F0000
003F8000
003B8000
003BC000
0079C000
0071E000
00F0E000
00E0F000
01E0F000
01C07000
03C07800
03C03800
03803C00
07801C00
07001E00
0F001E00
0FFFFF00
1FFFFF00
1FFFFF00
1C000780
3C000380
380003C0
780003C0
700001E0
F00001E0
E00000E0
ENDCHAR
STARTCHAR uni1EAF
ENCODING 7855
SWIDTH 533 0
DWIDTH 21 0
BBX 17 33 2 0
BITMAP
001800
003800
003800
007000
006000
18E600
18C600
1C0E00
0E1C00
07F800
03F000
000000
000000
03F000
1FFC00
7FFE00
7C1F00
200F00
000700
000700
000780
000780
0FFF80
3FFF80
7C0780
F00780
F00780
F00780
F00F80
F81F80
7C7F80
3FF780
1FE700
ENDCHAR
STARTCHAR uni1EB0
ENCODING 7856
SWIDTH 733 0
DWIDTH 29 0
BBX 27 41 1 0
BITMAP
00700000
00780000
00380000
001C0000
008C3000
01CE3000
00C07000
00E0E000
007FE000
003F8000
00060000
00000000
00000000
000E0000
001F0000
001F0000
003F8000
003B8000
003BC000
0079C000
0071E000
00F0E000
00E0F000
01E0F000
01C07000
03C07800
03C03800
03803C00
07801C00
07001E00
0F001E00
0FFFFF00
1FFFFF00
1FFFFF00
1C000780
3C000380
380003C0
780003C0
700001E0
F00001E0
E00000E0
ENDCHAR
STARTCHAR uni1EB1
ENCODING 7857
SWIDTH 533 0
DWIDTH 21 0
BBX 17 33 2 0
BITMAP
060000
0F0000
070000
038000
038000
19C600
18C600
1C0E00
0E1C00
07F800
03F000
000000
000000
03F000
1FFC00
7FFE00
7C1F00
200F00
000700
000700
000780
000780
0FFF80
3FFF80
7C0780
F00780
F00780
F00780
F00F80
F81F80
7C7F80
3FF780
1FE700
ENDCHAR
STARTCHAR uni1EB2
ENCODING 7858
SWIDTH 733 0
DWIDTH 29 0
BBX 27 41 1 0
BITMAP
001F0000
003F8000
00018000
00018000
0083B000
01C63000
00C07000
00E0E000
007FE000
003F8000
00060000
00000000
00000000
000E0000
001F0000
001F0000
003F8000
003B8000
003BC000
0079C000
0071E000
00F0E000
00E0F000
01E0F000
01C07000
03C07800
03C03800
03803C00
07801C00
07001E00
0F001E00
0FFFFF00
1FFFFF00
1FFFFF00
1C000780
3C000380
380003C0
780003C0
700001E0
F00001E0
E00000E0
ENDCHAR
STARTCHAR uni1EB3
ENCODING 7859
SWIDTH 533 0
DWIDTH 21 0
BBX 17 33 2 0
BITMAP
00C000
03F000
003800
003800
003000
18E600
18C600
1C0E00
0E1C00
07F800
03F000
000000
000000
03F000
1FFC00
7FFE00
7C1F00
200F00
000700
000700
000780
000780
0FFF80
3FFF80
7C0780
F00780
F00780
F00780
F00F80
F81F80
7C7F80
3FF780
1FE700
ENDCHAR
STARTCHAR uni1EB4
ENCODING 7860
SWIDTH 733 0
DWIDTH 29 0
BBX 27 41 1 0
BITMAP
00783000
00FE3000
00CFE000
0183E000
00000000
00000000
00C03000
00E07000
007FE000
003FC000
00060000
00000000
00000000
000E0000
001F0000
001F0000
003F8000
003B8000
003BC000
0079C000
0071E000
00F0E000
00E0F000
01E0F000
01C07000
03C07800
03C03800
03803C00
07801C00
07001E00
0F001E00
0FFFFF00
1FFFFF00
1FFFFF00
1C000780
3C000380
380003C0
780003C0
700001E0
F00001E0
E00000E0
ENDCHAR
STARTCHAR uni1EB5
ENCODING 7861
SWIDTH 533 0
DWIDTH 21 0
BBX 17 33 2 0
BITMAP
020200
0F8600
1FFE00
187C00
101000
000000
180600
180E00
1E1C00
0FFC00
03F000
000000
000000
03F000
1FFC00
7FFE00
7C1F00
200F00
000700
000700
000780
000780
0FFF80
3FFF80
7C0780
F00780
F00780
F00780
F00F80
F81F80
7C7F80
3FF780
1FE700
ENDCHAR
STARTCHAR uni1EB6
ENCODING 7862
SWIDTH 733 0
DWIDTH 29 0
BBX 27 45 1 -8
BITMAP
01803000
01803000
01C07000
00E0E000
007FE000
003FC000
00040000
00000000
00000000
000E0000
001F0000
001F0000
003F8000
003B8000
003BC000
0079C000
0071E000
00F0E000
00E0F000
01E0F000
01C07000
03C07800
03C03800
03803C00
07801C00
07001E00
0F001E00
0FFFFF00
1FFFFF00
1FFFFF00
1C000780
3C000380
380003C0
780003C0
700001E0
F00001E0
E00000E0
00000000
00000000
00000000
00000000
000E0000
000F0000
000F0000
00060000
ENDCHAR
STARTCHAR uni1EB7
ENCODING 7863
SWIDTH 533 0
DWIDTH 21 0
BBX 17 38 2 -8
BITMAP
180600
180600
180600
1C0E00
0C0C00
0F3C00
07F800
03F000
000000
000000
03F000
1FFC00
7FFE00
7C1F00
200F00
000700
000700
000780
000780
0FFF80
3FFF80
7C0780
F00780
F00780
F00780
F00F80
F81F80
7C7F80
3FF780
1FE700
000000
000000
000000
000000
01E000
01E000
01E000
00C000
ENDCHAR
STARTCHAR uni1EB8
ENCODING 7864
SWIDTH 586 0
DWIDTH 23 0
BBX 19 36 3 -8
BITMAP
7FFFE0
FFFFE0
FFFFC0
F00000
F00000
F00000
F00000
F00000
F00000
F00000
F00000
F00000
FFFF80
FFFFC0
FFFFC0
F00000
F00000
F00000
F00000
F00000
F00000
F00000
F00000
F00000
F00000
FFFFC0
FFFFE0
7FFFC0
000000
000000
000000
000000
00F000
00F000
00F000
006000
ENDCHAR
STARTCHAR uni1EB9
ENCODING 7865
SWIDTH 534 0
DWIDTH 21 0
BBX 18 28 2 -8
BITMAP
01F000
0FFC00
1FFE00
3C0F00
780780
700380
F00380
F001C0
E001C0
FFFFC0
FFFFC0
E00000
E00000
F00000
F00000
780000
7C0380
3FFF80
1FFF00
07FC00
000000
000000
000000
000000
01E000
01E000
01E000
00E000
ENDCHAR
STARTCHAR uni1EBA
ENCODING 7866
SWIDTH 586 0
DWIDTH 23 0
BBX 19 38 3 0
BITMAP
00F000
03FC00
011C00
001C00
003800
007000
006000
006000
000000
000000
7FFFE0
FFFFE0
FFFFC0
F00000
F00000
F00000
F00000
F00000
F00000
F00000
F00000
F00000
FFFF80
FFFFC0
FFFFC0
F00000
F00000
F00000
F00000
F00000
F00000
F00000
F00000
F00000
F00000
FFFFC0
FFFFE0
7FFFC0
ENDCHAR
STARTCHAR uni1EBB
ENCODING 7867
SWIDTH 534 0
DWIDTH 21 0
BBX 18 30 2 0
BITMAP
03F800
03F800
003800
003800
007000
00E000
00E000
00C000
000000
000000
01F000
0FFC00
1FFE00
3C0F00
780780
700380
F00380
F001C0
E001C0
FFFFC0
FFFFC0
E00000
E00000
F00000
F00000
780000
7C0380
3FFF80
1FFF00
07FC00
ENDCHAR
STARTCHAR uni1EBC
ENCODING 7868
SWIDTH 586 0
DWIDTH 23 0
BBX 19 37 3 0
BITMAP
0700C0
1FC0C0
3FF1C0
307F80
303F80
200600
000000
000000
000000
7FFFE0
FFFFE0
FFFFC0
F00000
F00000
F00000
F00000
F00000
F00000
F00000
F00000
F00000
FFFF80
FFFFC0
FFFFC0
F00000
F00000
F00000
F00000
F00000
F00000
F00000
F00000
F00000
F00000
FFFFC0
FFFFE0
7FFFC0
ENDCHAR
STARTCHAR uni1EBD
ENCODING 7869
SWIDTH 534 0
DWIDTH 21 0
BBX 18 29 2 0
BITMAP
0F0300
1FC300
1DE700
387E00
303E00
300000
000000
000000
000000
01F000
0FFC00
1FFE00
3C0F00
780780
700380
F00380
F001C0
E001C0
FFFFC0
FFFFC0
E00000
E00000
F00000
F00000
780000
7C0380
3FFF80
1FFF00
07FC00
ENDCHAR
STARTCHAR uni1EBE
ENCODING 7870
SWIDTH 586 0
DWIDTH 23 0
BBX 20 41 3 0
BITMAP
000070
000070
0000E0
0021C0
00F180
01FB80
01FB00
039C00
070E00
060600
040200
000000
000000
7FFFE0
FFFFE0
FFFFC0
F00000
F00000
F00000
F00000
F00000
F00000
F00000
F00000
F00000
FFFF80
FFFFC0
FFFFC0
F00000
F00000
F00000
F00000
F00000
F00000
F00000
F00000
F00000
F00000
FFFFC0
FFFFE0
7FFFC0
ENDCHAR
STARTCHAR uni1EBF
ENCODING 7871
SWIDTH 534 0
DWIDTH 21 0
BBX 19 33 2 0
BITMAP
000040
0000E0
0000E0
0001C0
00E380
01F300
03F300
07B800
071C00
0E0C00
0C0600
000000
000000
01F000
0FFC00
1FFE00
3C0F00
780780
700380
F00380
F001C0
E001C0
FFFFC0
FFFFC0
E00000
E00000
F00000
F00000
780000
7C0380
3FFF80
1FFF00
07FC00
ENDCHAR
STARTCHAR uni1EC0
ENCODING 7872
SWIDTH 586 0
DWIDTH 23 0
BBX 19 41 3 0
BITMAP
000C00
000E00
000700
002700
00F380
01F980
01F880
039C00
070E00
060600
040200
000000
000000
7FFFE0
FFFFE0
FFFFC0
F00000
F00000
F00000
F00000
F00000
F00000
F00000
F00000
F00000
FFFF80
FFFFC0
FFFFC0
F00000
F00000
F00000
F00000
F00000
F00000
F00000
F00000
F00000
F00000
FFFFC0
FFFFE0
7FFFC0
ENDCHAR
STARTCHAR uni1EC1
ENCODING 7873
SWIDTH 534 0
DWIDTH 21 0
BBX 18 33 2 0
BITMAP
000800
001C00
000E00
000E00
00E700
01F300
03F180
07B800
071C00
0E0C00
0C0600
000000
000000
01F000
0FFC00
1FFE00
3C0F00
780780
700380
F00380
F001C0
E001C0
FFFFC0
FFFFC0
E00000
E00000
F00000
F00000
780000
7C0380
3FFF80
1FFF00
07FC00
ENDCHAR
STARTCHAR uni1EC2
ENCODING 7874
SWIDTH 586 0
DWIDTH 23 0
BBX 19 41 3 0
BITMAP
0007C0
000FE0
0000E0
0020E0
00F0C0
01FB80
01F900
039C00
070E00
060600
040200
000000
000000
7FFFE0
FFFFE0
FFFFC0
F00000
F00000
F00000
F00000
F00000
F00000
F00000
F00000
F00000
FFFF80
FFFFC0
FFFFC0
F00000
F00000
F00000
F00000
F00000
F00000
F00000
F00000
F00000
F00000
FFFFC0
FFFFE0
7FFFC0
ENDCHAR
STARTCHAR uni1EC3
ENCODING 7875
SWIDTH 534 0
DWIDTH 21 0
BBX 18 32 2 0
BITMAP
001FC0
001BC0
0000C0
00E1C0
01F380
03F300
07B800
071C00
0E0C00
0C0600
000000
000000
01F000
0FFC00
1FFE00
3C0F00
780780
700380
F00380
F001C0
E001C0
FFFFC0
FFFFC0
E00000
E00000
F00000
F00000
780000
7C0380
3FFF80
1FFF00
07FC00
ENDCHAR
STARTCHAR uni1EC4
ENCODING 7876
SWIDTH 586 0
DWIDTH 23 0
BBX 19 41 3 0
BITMAP
078300
0FE300
0C7F00
0C3E00
000000
00F000
01F800
03FC00
070E00
060600
040200
000000
000000
7FFFE0
FFFFE0
FFFFC0
F00000
F00000
F00000
F00000
F00000
F00000
F00000
F00000
F00000
FFFF80
FFFFC0
FFFFC0
F00000
F00000
F00000
F00000
F00000
F00000
F00000
F00000
F00000
F00000
FFFFC0
FFFFE0
7FFFC0
ENDCHAR
STARTCHAR uni1EC5
ENCODING 7877
SWIDTH 534 0
DWIDTH 21 0
BBX 18 33 2 0
BITMAP
020200
0FC700
1FFE00
187E00
181000
004000
01F000
03F000
073800
0E1C00
0C0E00
000000
000000
01F000
0FFC00
1FFE00
3C0F00
780780
700380
F00380
F001C0
E001C0
FFFFC0
FFFFC0
E00000
E00000
F00000
F00000
780000
7C0380
3FFF80
1FFF00
07FC00
ENDCHAR
STARTCHAR uni1EC6
ENCODING 7878
SWIDTH 586 0
DWIDTH 23 0
BBX 19 46 3 -8
BITMAP
006000
00F000
01F800
039C00
079E00
070E00
0E0700
040200
000000
000000
7FFFE0
FFFFE0
FFFFC0
F00000
F00000
F00000
F00000
F00000
F00000
F00000
F00000
F00000
FFFF80
FFFFC0
FFFFC0
F00000
F00000
F00000
F00000
F00000
F00000
F00000
F00000
F00000
F00000
FFFFC0
FFFFE0
7FFFC0
000000
000000
000000
000000
00F000
00F000
00F000
006000
ENDCHAR
STARTCHAR uni1EC7
ENCODING 7879
SWIDTH 534 0
DWIDTH 21 0
BBX 18 39 2 -8
BITMAP
004000
01E000
01F000
03F000
033800
071800
0E1C00
0E0E00
0C0600
000000
000000
01F000
0FFC00
1FFE00
3C0F00
780780
700380
F00380
F001C0
E001C0
FFFFC0
FFFFC0
E00000
E00000
F00000
F00000
780000
7C0380
3FFF80
1FFF00
07FC00
000000
000000
000000
000000
01E000
01E000
01E000
00E000
ENDCHAR
STARTCHAR uni1EC8
ENCODING 7880
SWIDTH 262 0
DWIDTH 10 0
BBX 7 38 2 0
BITMAP
78
FE
8E
0E
1E
38
38
10
00
00
38
78
78
78
78
78
78
78
78
78
78
78
78
78
78
78
78
78
78
78
78
78
78
78
78
78
78
38
ENDCHAR
STARTCHAR uni1EC9
ENCODING 7881
SWIDTH 237 0
DWIDTH 9 0
BBX 8 30 1 0
BITMAP
FE
FF
07
07
0E
1C
18
18
00
00
18
38
3C
3C
3C
3C
3C
3C
3C
3C
3C
3C
3C
3C
3C
3C
3C
3C
3C
38
ENDCHAR
STARTCHAR uni1ECA
ENCODING 7882
SWIDTH 262 0
DWIDTH 10 0
BBX 4 36 3 -8
BITMAP
70
F0
F0
F0
F0
F0
F0
F0
F0
F0
F0
F0
F0
F0
F0
F0
F0
F0
F0
F0
F0
F0
F0
F0
F0
F0
F0
70
00
00
00
00
F0
F0
F0
70
ENDCHAR
STARTCHAR uni1ECB
ENCODING 7883
SWIDTH 237 0
DWIDTH 9 0
BBX 5 36 2 -8
BITMAP
78
F8
F8
70
00
00
00
00
30
70
78
78
78
78
78
78
78
78
78
78
78
78
78
78
78
78
78
70
00
00
00
00
78
78
78
30
ENDCHAR
STARTCHAR uni1ECC
ENCODING 7884
SWIDTH 771 0
DWIDTH 31 0
BBX 26 37 2 -8
BITMAP
00040000
00FFE000
03FFF800
07FFFC00
0FC07E00
1F001F00
3E000F00
3C000780
78000780
780003C0
780003C0
780003C0
F00003C0
F00001C0
F00001C0
F00001C0
F00001C0
F00003C0
780003C0
780003C0
780003C0
7C000780
3C000780
3E000F00
1F001F00
0FC07E00
07FFFC00
03FFF000
00FFC000
00000000
00000000
00000000
00000000
000E0000
001F0000
001E0000
000E0000
ENDCHAR
STARTCHAR uni1ECD
ENCODING 7885
SWIDTH 560 0
DWIDTH 22 0
BBX 19 28 2 -8
BITMAP
03F000
0FFC00
1FFF00
3E1F80
780780
7803C0
F003C0
F001C0
F001E0
E001E0
E001E0
E001E0
F001C0
F003C0
F003C0
7807C0
7C0F80
3FFF00
1FFE00
07F800
000000
000000
000000
000000
01E000
01E000
01E000
00C000
ENDCHAR
STARTCHAR uni1ECE
ENCODING 7886
SWIDTH 771 0
DWIDTH 31 0
BBX 26 38 2 0
BITMAP
001F0000
003F8000
0023C000
00038000
00038000
00060000
000E0000
00040000
00000000
00040000
00FFE000
03FFF800
07FFFC00
0FC07E00
1F001F00
3E000F00
3C000780
78000780
780003C0
780003C0
780003C0
F00003C0
F00001C0
F00001C0
F00001C0
F00001C0
F00003C0
780003C0
780003C0
780003C0
7C000780
3C000780
3E000F00
1F001F00
0FC07E00
07FFFC00
03FFF000
00FFC000
ENDCHAR
STARTCHAR uni1ECF
ENCODING 7887
SWIDTH 560 0
DWIDTH 22 0
BBX 19 30 2 0
BITMAP
07F800
03F800
003800
003800
007000
00E000
00E000
00C000
000000
000000
03F000
0FFC00
1FFF00
3E1F80
780780
7803C0
F003C0
F001C0
F001E0
E001E0
E001E0
E001E0
F001C0
F003C0
F003C0
7807C0
7C0F80
3FFF00
1FFE00
07F800
ENDCHAR
STARTCHAR uni1ED0
ENCODING 7888
SWIDTH 771 0
DWIDTH 31 0
BBX 26 41 2 0
BITMAP
00000600
00000E00
00001C00
00041C00
001E3800
001F3000
003BA000
0071C000
0061C000
00E0E000
00C06000
00000000
00040000
00FFE000
03FFF800
07FFFC00
0FC07E00
1F001F00
3E000F00
3C000780
78000780
780003C0
780003C0
780003C0
F00003C0
F00001C0
F00001C0
F00001C0
F00001C0
F00003C0
780003C0
780003C0
780003C0
7C000780
3C000780
3E000F00
1F001F00
0FC07E00
07FFFC00
03FFF000
00FFC000
ENDCHAR
STARTCHAR uni1ED1
ENCODING 7889
SWIDTH 560 0
DWIDTH 22 0
BBX 19 33 2 0
BITMAP
000040
0000E0
0000E0
0001C0
00E380
01F300
03F700
07B800
071C00
0E0C00
0C0E00
000000
000000
03F000
0FFC00
1FFF00
3E1F80
780780
7803C0
F003C0
F001C0
F001E0
E001E0
E001E0
E001E0
F001C0
F003C0
F003C0
7807C0
7C0F80
3FFF00
1FFE00
07F800
ENDCHAR
STARTCHAR uni1ED2
ENCODING 7890
SWIDTH 771 0
DWIDTH 31 0
BBX 26 41 2 0
BITMAP
0000C000
0001C000
0000E000
00047000
001E3000
001F3800
003B9800
0071C000
0061C000
00E0E000
00C06000
00000000
00040000
00FFE000
03FFF800
07FFFC00
0FC07E00
1F001F00
3E000F00
3C000780
78000780
780003C0
780003C0
780003C0
F00003C0
F00001C0
F00001C0
F00001C0
F00001C0
F00003C0
780003C0
780003C0
780003C0
7C000780
3C000780
3E000F00
1F001F00
0FC07E00
07FFFC00
03FFF000
00FFC000
ENDCHAR
STARTCHAR uni1ED3
ENCODING 7891
SWIDTH 560 0
DWIDTH 22 0
BBX 19 33 2 0
BITMAP
000800
001C00
000E00
000E00
00E700
01F300
03F180
07B800
071C00
0E0C00
0C0E00
000000
000000
03F000
0FFC00
1FFF00
3E1F80
780780
7803C0
F003C0
F001C0
F001E0
E001E0
E001E0
E001E0
F001C0
F003C0
F003C0
7807C0
7C0F80
3FFF00
1FFE00
07F800
ENDCHAR
STARTCHAR uni1ED4
ENCODING 7892
SWIDTH 771 0
DWIDTH 31 0
BBX 26 41 2 0
BITMAP
0000F800
0001FC00
00000C00
00040C00
001E1C00
001F3800
003BA000
0071C000
0061C000
00E0E000
00C06000
00000000
00040000
00FFE000
03FFF800
07FFFC00
0FC07E00
1F001F00
3E000F00
3C000780
78000780
780003C0
780003C0
780003C0
F00003C0
F00001C0
F00001C0
F00001C0
F00001C0
F00003C0
780003C0
780003C0
780003C0
7C000780
3C000780
3E000F00
1F001F00
0FC07E00
07FFFC00
03FFF000
00FFC000
ENDCHAR
STARTCHAR uni1ED5
ENCODING 7893
SWIDTH 560 0
DWIDTH 22 0
BBX 19 32 2 0
BITMAP
001FC0
001BC0
0000C0
00E1C0
01F380
03F700
07B800
071C00
0E0C00
0C0E00
000000
000000
03F000
0FFC00
1FFF00
3E1F80
780780
7803C0
F003C0
F001C0
F001E0
E001E0
E001E0
E001E0
F001C0
F003C0
F003C0
7807C0
7C0F80
3FFF00
1FFE00
07F800
ENDCHAR
STARTCHAR uni1ED6
ENCODING 7894
SWIDTH 771 0
DWIDTH 31 0
BBX 26 41 2 0
BITMAP
00783000
00FC7000
01CFE000
0183C000
00000000
000E0000
001F0000
003B8000
0071C000
00E0E000
00C06000
00000000
00040000
00FFE000
03FFF800
07FFFC00
0FC07E00
1F001F00
3E000F00
3C000780
78000780
780003C0
780003C0
780003C0
F00003C0
F00001C0
F00001C0
F00001C0
F00001C0
F00003C0
780003C0
780003C0
780003C0
7C000780
3C000780
3E000F00
1F001F00
0FC07E00
07FFFC00
03FFF000
00FFC000
ENDCHAR
STARTCHAR uni1ED7
ENCODING 7895
SWIDTH 560 0
DWIDTH 22 0
BBX 19 33 2 0
BITMAP
020200
0F8700
1FFE00
187E00
101000
004000
01F000
03F000
073800
0E1C00
0C0E00
000000
000000
03F000
0FFC00
1FFF00
3E1F80
780780
7803C0
F003C0
F001C0
F001E0
E001E0
E001E0
E001E0
F001C0
F003C0
F003C0
7807C0
7C0F80
3FFF00
1FFE00
07F800
ENDCHAR
STARTCHAR uni1ED8
ENCODING 7896
SWIDTH 771 0
DWIDTH 31 0
BBX 26 46 2 -8
BITMAP
000E0000
001F0000
003F8000
003B8000
0071C000
00E0E000
00C06000
00806000
00000000
00040000
00FFE000
03FFF800
07FFFC00
0FC07E00
1F001F00
3E000F00
3C000780
78000780
780003C0
780003C0
780003C0
F00003C0
F00001C0
F00001C0
F00001C0
F00001C0
F00003C0
780003C0
780003C0
780003C0
7C000780
3C000780
3E000F00
1F001F00
0FC07E00
07FFFC00
03FFF000
00FFC000
00000000
00000000
00000000
00000000
000E0000
001F0000
001E0000
000E0000
ENDCHAR
STARTCHAR uni1ED9
ENCODING 7897
SWIDTH 560 0
DWIDTH 22 0
BBX 19 39 2 -8
BITMAP
00C000
01E000
01F000
03F000
033800
071800
0E1C00
0C0E00
0C0600
000000
000000
03F000
0FFC00
1FFF00
3E1F80
780780
7803C0
F003C0
F001C0
F001E0
E001E0
E001E0
E001E0
F001C0
F003C0
F003C0
7807C0
7C0F80
3FFF00
1FFE00
07F800
000000
000000
000000
000000
01E000
01E000
01E000
00C000
ENDCHAR
STARTCHAR uni1EDA
ENCODING 7898
SWIDTH 771 0
DWIDTH 31 0
BBX 26 38 2 0
BITMAP
00006000
0000E000
0001E000
0001C000
00038080
000701C0
000601C0
000401C0
000003C0
00040780
00FFFF80
03FFFE00
07FFFC00
0FC07E00
1F001F00
3E000F00
3C000780
78000780
780003C0
780003C0
780003C0
F00003C0
F00001C0
F00001C0
F00001C0
F00001C0
F00003C0
780003C0
780003C0
780003C0
7C000780
3C000780
3E000F00
1F001F00
0FC07E00
07FFFC00
03FFF000
00FFC000
ENDCHAR
STARTCHAR uni1EDB
ENCODING 7899
SWIDTH 560 0
DWIDTH 22 0
BBX 19 31 2 0
BITMAP
000C00
000E00
001E00
001C00
003800
003800
0070C0
0060E0
00E0E0
0001E0
0001C0
03FFC0
0FFF80
1FFF00
3E1F80
780780
7803C0
F003C0
F001C0
F001E0
E001E0
E001E0
E001E0
F001C0
F003C0
F003C0
7807C0
7C0F80
3FFF00
1FFE00
07F800
ENDCHAR
STARTCHAR uni1EDC
ENCODING 7900
SWIDTH 771 0
DWIDTH 31 0
BBX 26 38 2 0
BITMAP
00C00000
01E00000
00E00000
00700000
00780080
003801C0
001C01C0
000801C0
000003C0
00040780
00FFFF80
03FFFE00
07FFFC00
0FC07E00
1F001F00
3E000F00
3C000780
78000780
780003C0
780003C0
780003C0
F00003C0
F00001C0
F00001C0
F00001C0
F00001C0
F00003C0
780003C0
780003C0
780003C0
7C000780
3C000780
3E000F00
1F001F00
0FC07E00
07FFFC00
03FFF000
00FFC000
ENDCHAR
STARTCHAR uni1EDD
ENCODING 7901
SWIDTH 560 0
DWIDTH 22 0
BBX 19 31 2 0
BITMAP
0C0000
1E0000
0E0000
0F0000
070000
038000
0380C0
01C0E0
00C0E0
0001E0
0001C0
03FFC0
0FFF80
1FFF00
3E1F80
780780
7803C0
F003C0
F001C0
F001E0
E001E0
E001E0
E001E0
F001C0
F003C0
F003C0
7807C0
7C0F80
3FFF00
1FFE00
07F800
ENDCHAR
STARTCHAR uni1EDE
ENCODING 7902
SWIDTH 771 0
DWIDTH 31 0
BBX 26 38 2 0
BITMAP
001F0000
003F8000
00238000
00038000
00078080
000E01C0
000E01C0
000C01C0
000003C0
00040780
00FFFF80
03FFFE00
07FFFC00
0FC07E00
1F001F00
3E000F00
3C000780
78000780
780003C0
780003C0
780003C0
F00003C0
F00001C0
F00001C0
F00001C0
F00001C0
F00003C0
780003C0
780003C0
780003C0
7C000780
3C000780
3E000F00
1F001F00
0FC07E00
07FFFC00
03FFF000
00FFC000
ENDCHAR
STARTCHAR uni1EDF
ENCODING 7903
SWIDTH 560 0
DWIDTH 22 0
BBX 19 30 2 0
BITMAP
07F800
03F800
003800
003800
007000
00E0C0
00E0E0
00C0E0
0001E0
0001C0
03FFC0
0FFF80
1FFF00
3E1F80
780780
7803C0
F003C0
F001C0
F001E0
E001E0
E001E0
E001E0
F001C0
F003C0
F003C0
7807C0
7C0F80
3FFF00
1FFE00
07F800
ENDCHAR
STARTCHAR uni1EE0
ENCODING 7904
SWIDTH 771 0
DWIDTH 31 0
BBX 26 37 2 0
BITMAP
00F01800
01F81800
03FE3000
030FF080
0707E1C0
060181C0
000001C0
000003C0
00040780
00FFFF80
03FFFE00
07FFFC00
0FC07E00
1F001F00
3E000F00
3C000780
78000780
780003C0
780003C0
780003C0
F00003C0
F00001C0
F00001C0
F00001C0
F00001C0
F00003C0
780003C0
780003C0
780003C0
7C000780
3C000780
3E000F00
1F001F00
0FC07E00
07FFFC00
03FFF000
00FFC000
ENDCHAR
STARTCHAR uni1EE1
ENCODING 7905
SWIDTH 560 0
DWIDTH 22 0
BBX 19 29 2 0
BITMAP
0F0300
1F8300
1DE700
30FE00
303CC0
1000E0
0000E0
0001E0
0001C0
03FFC0
0FFF80
1FFF00
3E1F80
780780
7803C0
F003C0
F001C0
F001E0
E001E0
E001E0
E001E0
F001C0
F003C0
F003C0
7807C0
7C0F80
3FFF00
1FFE00
07F800
ENDCHAR
STARTCHAR uni1EE2
ENCODING 7906
SWIDTH 771 0
DWIDTH 31 0
BBX 26 42 2 -8
BITMAP
00000080
000001C0
000001C0
000001C0
000003C0
00040780
00FFFF80
03FFFE00
07FFFC00
0FC07E00
1F001F00
3E000F00
3C000780
78000780
780003C0
780003C0
780003C0
F00003C0
F00001C0
F00001C0
F00001C0
F00001C0
F00003C0
780003C0
780003C0
780003C0
7C000780
3C000780
3E000F00
1F001F00
0FC07E00
07FFFC00
03FFF000
00FFC000
00000000
00000000
00000000
00000000
000E0000
001E0000
001E0000
000E0000
ENDCHAR
STARTCHAR uni1EE3
ENCODING 7907
SWIDTH 560 0
DWIDTH 22 0
BBX 19 33 2 -8
BITMAP
0000C0
0000E0
0000E0
0001E0
0001C0
03FFC0
0FFF80
1FFF00
3E1F80
780780
7803C0
F003C0
F001C0
F001E0
E001E0
E001E0
E001E0
F001C0
F003C0
F003C0
7807C0
7C0F80
3FFF00
1FFE00
07F800
000000
000000
000000
000000
01E000
01E000
01E000
00C000
ENDCHAR
STARTCHAR uni1EE4
ENCODING 7908
SWIDTH 731 0
DWIDTH 29 0
BBX 23 36 3 -8
BITMAP
F0001E
F0001E
F0001E
F0001E
F0001E
F0001E
F0001E
F0001E
F0001E
F0001E
F0001E
F0001E
F0001E
F0001E
F0001E
F0001E
F0001E
F0001E
F0001E
F0001E
70001E
78003C
78003C
3C007C
3F01F8
1FFFF0
0FFFE0
03FF80
000000
000000
000000
000000
003800
003C00
003C00
003800
ENDCHAR
STARTCHAR uni1EE5
ENCODING 7909
SWIDTH 565 0
DWIDTH 23 0
BBX 17 28 3 -8
BITMAP
400300
E00780
E00780
E00780
E00780
E00780
E00780
E00780
E00780
E00780
E00780
E00780
E00780
F00780
F00F80
F00F80
F81F80
7FFF80
3FF780
1FE700
000000
000000
000000
000000
03C000
03C000
03C000
018000
ENDCHAR
STARTCHAR uni1EE6
ENCODING 7910
SWIDTH 731 0
DWIDTH 29 0
BBX 23 38 3 0
BITMAP
003C00
00FE00
00CF00
000700
000E00
001C00
003800
001800
000000
000000
F0001E
F0001E
F0001E
F0001E
F0001E
F0001E
F0001E
F0001E
F0001E
F0001E
F0001E
F0001E
F0001E
F0001E
F0001E
F0001E
F0001E
F0001E
F0001E
F0001E
70001E
78003C
78003C
3C007C
3F01F8
1FFFF0
0FFFE0
03FF80
ENDCHAR
STARTCHAR uni1EE7
ENCODING 7911
SWIDTH 565 0
DWIDTH 23 0
BBX 17 30 3 0
BITMAP
07F000
07F000
007000
007000
00F000
00C000
01C000
018000
000000
000000
400300
E00780
E00780
E00780
E00780
E00780
E00780
E00780
E00780
E00780
E00780
E00780
E00780
F00780
F00F80
F00F80
F81F80
7FFF80
3FF780
1FE700
ENDCHAR
STARTCHAR uni1EE8
ENCODING 7912
SWIDTH 731 0
DWIDTH 29 0
BBX 28 38 3 0
BITMAP
00018000
0003C000
00038000
00070000
000F0020
000E00F0
001C00F0
000800E0
000000E0
000003E0
F0001FC0
F0001F00
F0001E00
F0001E00
F0001E00
F0001E00
F0001E00
F0001E00
F0001E00
F0001E00
F0001E00
F0001E00
F0001E00
F0001E00
F0001E00
F0001E00
F0001E00
F0001E00
F0001E00
F0001E00
70001E00
78003C00
78003C00
3C007C00
3F01F800
1FFFF000
0FFFE000
03FF8000
ENDCHAR
STARTCHAR uni1EE9
ENCODING 7913
SWIDTH 565 0
DWIDTH 23 0
BBX 21 31 3 0
BITMAP
000800
001C00
003C00
003800
007800
007000
00E018
00E038
00C038
000038
000078
4001F0
E007E0
E00780
E00780
E00780
E00780
E00780
E00780
E00780
E00780
E00780
E00780
E00780
F00780
F00F80
F00F80
F81F80
7FFF80
3FF780
1FE700
ENDCHAR
STARTCHAR uni1EEA
ENCODING 7914
SWIDTH 731 0
DWIDTH 29 0
BBX 28 38 3 0
BITMAP
03000000
03800000
03C00000
01C00000
00E00020
007000F0
003000F0
001000E0
000000E0
000003E0
F0001FC0
F0001F00
F0001E00
F0001E00
F0001E00
F0001E00
F0001E00
F0001E00
F0001E00
F0001E00
F0001E00
F0001E00
F0001E00
F0001E00
F0001E00
F0001E00
F0001E00
F0001E00
F0001E00
F0001E00
70001E00
78003C00
78003C00
3C007C00
3F01F800
1FFFF000
0FFFE000
03FF8000
ENDCHAR
STARTCHAR uni1EEB
ENCODING 7915
SWIDTH 565 0
DWIDTH 23 0
BBX 21 31 3 0
BITMAP
080000
1C0000
1C0000
1E0000
0E0000
070000
070018
038038
018038
000038
000078
4001F0
E007E0
E00780
E00780
E00780
E00780
E00780
E00780
E00780
E00780
E00780
E00780
E00780
F00780
F00F80
F00F80
F81F80
7FFF80
3FF780
1FE700
ENDCHAR
STARTCHAR uni1EEC
ENCODING 7916
SWIDTH 731 0
DWIDTH 29 0
BBX 28 38 3 0
BITMAP
003C0000
00FE0000
00CF0000
00070000
000E0020
001C00F0
003800F0
001800E0
000000E0
000003E0
F0001FC0
F0001F00
F0001E00
F0001E00
F0001E00
F0001E00
F0001E00
F0001E00
F0001E00
F0001E00
F0001E00
F0001E00
F0001E00
F0001E00
F0001E00
F0001E00
F0001E00
F0001E00
F0001E00
F0001E00
70001E00
78003C00
78003C00
3C007C00
3F01F800
1FFFF000
0FFFE000
03FF8000
ENDCHAR
STARTCHAR uni1EED
ENCODING 7917
SWIDTH 565 0
DWIDTH 23 0
BBX 21 30 3 0
BITMAP
07F000
07F000
007000
007000
00F000
00C018
01C038
018038
000038
000078
4001F0
E007E0
E00780
E00780
E00780
E00780
E00780
E00780
E00780
E00780
E00780
E00780
E00780
F00780
F00F80
F00F80
F81F80
7FFF80
3FF780
1FE700
ENDCHAR
STARTCHAR uni1EEE
ENCODING 7918
SWIDTH 731 0
DWIDTH 29 0
BBX 28 37 3 0
BITMAP
01C06000
07E06000
0FF8E000
0C3FC020
0C0FC0F0
080300F0
000000E0
000000E0
000003E0
F0001FC0
F0001F00
F0001E00
F0001E00
F0001E00
F0001E00
F0001E00
F0001E00
F0001E00
F0001E00
F0001E00
F0001E00
F0001E00
F0001E00
F0001E00
F0001E00
F0001E00
F0001E00
F0001E00
F0001E00
70001E00
78003C00
78003C00
3C007C00
3F01F800
1FFFF000
0FFFE000
03FF8000
ENDCHAR
STARTCHAR uni1EEF
ENCODING 7919
SWIDTH 565 0
DWIDTH 23 0
BBX 21 29 3 0
BITMAP
1E0600
3F0600
3BCE00
70FC00
607818
200038
000038
000038
000078
4001F0
E007E0
E00780
E00780
E00780
E00780
E00780
E00780
E00780
E00780
E00780
E00780
E00780
F00780
F00F80
F00F80
F81F80
7FFF80
3FF780
1FE700
ENDCHAR
STARTCHAR uni1EF0
ENCODING 7920
SWIDTH 731 0
DWIDTH 29 0
BBX 28 42 3 -8
BITMAP
00000020
000000F0
000000F0
000000E0
000000E0
000003E0
F0001FC0
F0001F00
F0001E00
F0001E00
F0001E00
F0001E00
F0001E00
F0001E00
F0001E00
F0001E00
F0001E00
F0001E00
F0001E00
F0001E00
F0001E00
F0001E00
F0001E00
F0001E00
F0001E00
F0001E00
70001E00
78003C00
78003C00
3C007C00
3F01F800
1FFFF000
0FFFE000
03FF8000
00000000
00000000
00000000
00000000
00380000
003C0000
003C0000
00380000
ENDCHAR
STARTCHAR uni1EF1
ENCODING 7921
SWIDTH 565 0
DWIDTH 23 0
BBX 21 33 3 -8
BITMAP
000018
000038
000038
000038
000078
4001F0
E007E0
E00780
E00780
E00780
E00780
E00780
E00780
E00780
E00780
E00780
E00780
E00780
F00780
F00F80
F00F80
F81F80
7FFF80
3FF780
1FE700
000000
000000
000000
000000
01C000
03C000
03C000
01C000
ENDCHAR
STARTCHAR Ygrave
ENCODING 7922
SWIDTH 601 0
DWIDTH 24 0
BBX 22 38 1 0
BITMAP
030000
070000
078000
03C000
01C000
00E000
007000
002000
000000
000000
E0001C
F0003C
F8003C
780078
3C00F0
3E01F0
1F01E0
0F03C0
078780
07CF80
03CF00
01FE00
00FE00
00FC00
007800
007800
007800
007800
007800
007800
007800
007800
007800
007800
007800
007800
007800
007800
ENDCHAR
STARTCHAR ygrave
ENCODING 7923
SWIDTH 517 0
DWIDTH 21 0
BBX 19 38 1 -7
BITMAP
0C0000
0E0000
0E0000
070000
070000
038000
038000
01C000
00C000
000000
000000
6000C0
F001E0
F001E0
7003C0
7803C0
780380
3C0780
3C0700
1C0F00
1E0F00
0E0E00
0F1E00
0F1C00
073C00
07B800
03B800
03F800
01F000
01F000
01E000
01E000
01C000
03C000
03C000
078000
078000
070000
ENDCHAR
STARTCHAR uni1EF4
ENCODING 7924
SWIDTH 601 0
DWIDTH 24 0
BBX 22 36 1 -8
BITMAP
E0001C
F0003C
F8003C
780078
3C00F0
3E01F0
1F01E0
0F03C0
078780
07CF80
03CF00
01FE00
00FE00
00FC00
007800
007800
007800
007800
007800
007800
007800
007800
007800
007800
007800
007800
007800
007800
000000
000000
000000
000000
007800
007800
007800
003000
ENDCHAR
STARTCHAR uni1EF5
ENCODING 7925
SWIDTH 517 0
DWIDTH 21 0
BBX 19 28 1 -8
BITMAP
6000C0
F001E0
F001E0
7003C0
7803C0
780380
3C0780
3C0700
1C0F00
1E0F00
0E0E00
0F1E00
0F1C00
073C00
07B800
03B800
03F800
01F000
01F000
01E000
01E000
01C000
03C000
03C000
078780
078780
070780
000700
ENDCHAR
STARTCHAR uni1EF6
ENCODING 7926
SWIDTH 601 0
DWIDTH 24 0
BBX 22 38 1 0
BITMAP
007800
01FE00
008E00
000E00
001C00
003800
003000
003000
000000
000000
E0001C
F0003C
F8003C
780078
3C00F0
3E01F0
1F01E0
0F03C0
078780
07CF80
03CF00
01FE00
00FE00
00FC00
007800
007800
007800
007800
007800
007800
007800
007800
007800
007800
007800
007800
007800
007800
ENDCHAR
STARTCHAR uni1EF7
ENCODING 7927
SWIDTH 517 0
DWIDTH 21 0
BBX 19 37 1 -7
BITMAP
03F800
03F800
001C00
003800
007800
006000
00E000
00E000
000000
000000
6000C0
F001E0
F001E0
7003C0
7803C0
780380
3C0780
3C0700
1C0F00
1E0F00
0E0E00
0F1E00
0F1C00
073C00
07B800
03B800
03F800
01F000
01F000
01E000
01E000
01C000
03C000
03C000
078000
078000
070000
ENDCHAR
STARTCHAR uni1EF8
ENCODING 7928
SWIDTH 601 0
DWIDTH 24 0
BBX 22 37 1 0
BITMAP
038060
0FE060
1FF8E0
183FC0
181FC0
100300
000000
000000
000000
E0001C
F0003C
F8003C
780078
3C00F0
3E01F0
1F01E0
0F03C0
078780
07CF80
03CF00
01FE00
00FE00
00FC00
007800
007800
007800
007800
007800
007800
007800
007800
007800
007800
007800
007800
007800
007800
ENDCHAR
STARTCHAR uni1EF9
ENCODING 7929
SWIDTH 517 0
DWIDTH 21 0
BBX 19 36 1 -7
BITMAP
0F0180
1FC300
1DE700
387F00
303E00
100000
000000
000000
000000
6000C0
F001E0
F001E0
7003C0
7803C0
780380
3C0780
3C0700
1C0F00
1E0F00
0E0E00
0F1E00
0F1C00
073C00
07B800
03B800
03F800
01F000
01F000
01E000
01E000
01C000
03C000
03C000
078000
078000
070000
ENDCHAR
STARTCHAR uni2007
ENCODING 8199
SWIDTH 600 0
DWIDTH 24 0
BBX 1 1 0 0
BITMAP
00
ENDCHAR
STARTCHAR uni2008
ENCODING 8200
SWIDTH 233 0
DWIDTH 9 0
BBX 1 1 0 0
BITMAP
00
ENDCHAR
STARTCHAR uni2009
ENCODING 8201
SWIDTH 200 0
DWIDTH 8 0
BBX 1 1 0 0
BITMAP
00
ENDCHAR
STARTCHAR uni200A
ENCODING 8202
SWIDTH 100 0
DWIDTH 4 0
BBX 1 1 0 0
BITMAP
00
ENDCHAR
STARTCHAR uni200B
ENCODING 8203
SWIDTH 0 0
DWIDTH 0 0
BBX 1 1 0 0
BITMAP
00
ENDCHAR
STARTCHAR uni2010
ENCODING 8208
SWIDTH 427 0
DWIDTH 17 0
BBX 12 3 3 9
BITMAP
FFE0
FFF0
FFE0
ENDCHAR
STARTCHAR figuredash
ENCODING 8210
SWIDTH 600 0
DWIDTH 24 0
BBX 18 2 3 10
BITMAP
FFFFC0
FFFFC0
ENDCHAR
STARTCHAR endash
ENCODING 8211
SWIDTH 500 0
DWIDTH 20 0
BBX 20 2 0 10
BITMAP
FFFFF0
FFFFF0
ENDCHAR
STARTCHAR emdash
ENCODING 8212
SWIDTH 1000 0
DWIDTH 40 0
BBX 40 2 0 10
BITMAP
FFFFFFFFFF
FFFFFFFFFF
ENDCHAR
STARTCHAR uni2015
ENCODING 8213
SWIDTH 1000 0
DWIDTH 40 0
BBX 40 2 0 10
BITMAP
FFFFFFFFFF
FFFFFFFFFF
ENDCHAR
STARTCHAR quoteleft
ENCODING 8216
SWIDTH 233 0
DWIDTH 9 0
BBX 5 9 2 19
BITMAP
30
70
60
60
F0
F8
F8
78
70
ENDCHAR
STARTCHAR quoteright
ENCODING 8217
SWIDTH 233 0
DWIDTH 9 0
BBX 5 9 2 19
BITMAP
70
F8
F8
78
38
38
30
70
60
ENDCHAR
STARTCHAR quotesinglbase
ENCODING 8218
SWIDTH 233 0
DWIDTH 9 0
BBX 5 10 2 -5
BITMAP
20
78
F8
F8
78
38
38
70
60
20
ENDCHAR
STARTCHAR quotedblleft
ENCODING 8220
SWIDTH 405 0
DWIDTH 16 0
BBX 12 9 2 19
BITMAP
3060
70E0
60C0
61C0
F1E0
F9F0
F9F0
79F0
70E0
ENDCHAR
STARTCHAR quotedblright
ENCODING 8221
SWIDTH 405 0
DWIDTH 16 0
BBX 12 9 2 19
BITMAP
70E0
F9F0
F9F0
78F0
3870
3860
3060
70C0
60C0
ENDCHAR
STARTCHAR quotedblbase
ENCODING 8222
SWIDTH 405 0
DWIDTH 16 0
BBX 12 10 2 -5
BITMAP
2040
79E0
F9F0
F9F0
78F0
3870
3860
70E0
60C0
2080
ENDCHAR
STARTCHAR dagger
ENCODING 8224
SWIDTH 329 0
DWIDTH 13 0
BBX 12 22 1 6
BITMAP
0E00
0E00
0E00
0E00
7FE0
FFF0
FFE0
0E00
0E00
0E00
0E00
0E00
0E00
0E00
0E00
0E00
0E00
0E00
0E00
0E00
0E00
0600
ENDCHAR
STARTCHAR daggerdbl
ENCODING 8225
SWIDTH 329 0
DWIDTH 13 0
BBX 12 22 1 6
BITMAP
0E00
0E00
0E00
0E00
7FE0
FFF0
FFE0
0E00
0E00
0E00
0E00
0E00
0E00
0E00
0E00
FFF0
FFE0
0E00
0E00
0E00
0E00
0600
ENDCHAR
STARTCHAR bullet
ENCODING 8226
SWIDTH 524 0
DWIDTH 21 0
BBX 15 14 3 4
BITMAP
0380
1FF0
3FF8
7FFC
7FFC
FFFC
FFFE
FFFE
FFFE
7FFC
7FFC
3FF8
3FF0
0FE0
ENDCHAR
STARTCHAR ellipsis
ENCODING 8230
SWIDTH 700 0
DWIDTH 28 0
BBX 24 5 2 0
BITMAP
201804
783C1E
F83C1F
F83C1F
703C0E
ENDCHAR
STARTCHAR perthousand
ENCODING 8240
SWIDTH 1330 0
DWIDTH 53 0
BBX 49 30 2 -1
BITMAP
01000180000000
1FE001C0000000
3FF00380000000
78780380000000
70380700000000
70380F00000000
E01C0E00000000
E01C1E00000000
E01C1C00000000
E01C3800000000
E01C3800000000
E01C7000000000
7038F0F800F000
7038E3FC03FC00
7879E7FE07FE00
3FF1C70F0F0F00
1FE38E078E0700
07078E038E0380
00070E039E0380
000F0E039C0380
000E1E039C0380
001E1E039C0380
001C0E039E0380
00380E038E0380
00780E038E0780
00700F070F0700
00F0078F078F00
00E003FE03FE00
01E001FC01FC00
00C00000000000
ENDCHAR
STARTCHAR minute
ENCODING 8242
SWIDTH 226 0
DWIDTH 9 0
BBX 3 11 3 17
BITMAP
E0
E0
E0
E0
E0
E0
E0
E0
E0
E0
E0
ENDCHAR
STARTCHAR second
ENCODING 8243
SWIDTH 405 0
DWIDTH 16 0
BBX 11 11 3 17
BITMAP
E1C0
E1E0
E1E0
E1C0
E1C0
E1C0
E1C0
E1C0
E1C0
E1C0
E0C0
ENDCHAR
STARTCHAR guilsinglleft
ENCODING 8249
SWIDTH 266 0
DWIDTH 11 0
BBX 6 15 2 3
BITMAP
0C
1C
1C
3C
38
78
F0
F0
70
78
38
3C
1C
0C
04
ENDCHAR
STARTCHAR guilsinglright
ENCODING 8250
SWIDTH 266 0
DWIDTH 11 0
BBX 6 15 2 3
BITMAP
60
E0
F0
70
78
3C
3C
1C
3C
3C
78
70
F0
E0
40
ENDCHAR
STARTCHAR fraction
ENCODING 8260
SWIDTH 176 0
DWIDTH 7 0
BBX 19 30 -6 -1
BITMAP
0000C0
0000E0
0001C0
0003C0
000380
000780
000700
000E00
000E00
001C00
003C00
003800
007800
007000
00E000
00E000
01C000
03C000
038000
070000
070000
0E0000
1E0000
1C0000
3C0000
380000
700000
700000
E00000
400000
ENDCHAR
STARTCHAR uni2052
ENCODING 8274
SWIDTH 600 0
DWIDTH 24 0
BBX 16 32 4 -2
BITMAP
0006
000E
000E
701E
F81C
F81C
F838
7038
0078
0070
0070
00E0
00E0
01E0
01C0
01C0
0380
0380
0380
0700
0700
0F00
0E00
0E00
1C0E
1C1F
3C1F
381F
3804
7000
7000
7000
ENDCHAR
STARTCHAR uni2070
ENCODING 8304
SWIDTH 380 0
DWIDTH 15 0
BBX 13 17 1 11
BITMAP
0F80
3FE0
3DF0
7070
7070
7038
E038
E038
E038
E038
E038
7038
7070
7070
38F0
3FE0
0F80
ENDCHAR
STARTCHAR uni2074
ENCODING 8308
SWIDTH 380 0
DWIDTH 15 0
BBX 13 17 1 11
BITMAP
00E0
01E0
01E0
03E0
07E0
0EE0
0EE0
1CE0
38E0
38E0
70E0
FFF8
FFF8
7FF8
00E0
00E0
00E0
ENDCHAR
STARTCHAR uni2075
ENCODING 8309
SWIDTH 380 0
DWIDTH 15 0
BBX 12 17 2 11
BITMAP
7FE0
FFE0
FFC0
E000
E000
E000
E700
FFC0
FFE0
60F0
0070
0070
0070
C0F0
F1E0
FFC0
3F80
ENDCHAR
STARTCHAR uni2076
ENCODING 8310
SWIDTH 380 0
DWIDTH 15 0
BBX 13 17 1 11
BITMAP
07E0
1FF0
3E78
3810
7000
7000
7180
6FE0
EFF0
F878
7038
7038
7038
7038
3870
1FE0
0FC0
ENDCHAR
STARTCHAR uni2077
ENCODING 8311
SWIDTH 380 0
DWIDTH 15 0
BBX 12 17 2 11
BITMAP
FFE0
FFF0
FFE0
00E0
01C0
01C0
0380
0380
0700
0700
0E00
0E00
1C00
1C00
3800
3800
3000
ENDCHAR
STARTCHAR uni2078
ENCODING 8312
SWIDTH 380 0
DWIDTH 15 0
BBX 13 17 1 11
BITMAP
1FC0
3FE0
78F0
7030
6038
6030
7070
3FE0
1FC0
7FF0
7038
E038
E038
E038
7078
7FF0
1FC0
ENDCHAR
STARTCHAR uni2079
ENCODING 8313
SWIDTH 380 0
DWIDTH 15 0
BBX 13 17 1 11
BITMAP
1F80
3FC0
78E0
6070
E070
E070
E078
7078
7FF8
3FB8
0C38
0070
0070
00F0
F3E0
7FC0
3F80
ENDCHAR
STARTCHAR uni2080
ENCODING 8320
SWIDTH 380 0
DWIDTH 15 0
BBX 13 17 1 0
BITMAP
0F80
3FE0
3DF0
7070
7070
7038
E038
E038
E038
E038
E038
7038
7070
7070
38F0
3FE0
0F80
ENDCHAR
STARTCHAR uni2081
ENCODING 8321
SWIDTH 380 0
DWIDTH 15 0
BBX 10 17 3 0
BITMAP
0E00
3E00
7E00
FE00
EE00
0E00
0E00
0E00
0E00
0E00
0E00
0E00
0E00
0E00
7F80
FFC0
FFC0
ENDCHAR
STARTCHAR uni2082
ENCODING 8322
SWIDTH 380 0
DWIDTH 15 0
BBX 12 17 2 0
BITMAP
3F00
FFC0
FFC0
C1E0
01E0
01E0
01C0
01C0
0380
0780
0F00
1E00
3C00
7800
FFE0
FFF0
FFE0
ENDCHAR
STARTCHAR uni2083
ENCODING 8323
SWIDTH 380 0
DWIDTH 15 0
BBX 12 17 1 0
BITMAP
1F80
7FE0
7FE0
60F0
0070
0070
00E0
1FC0
1FC0
1FE0
0070
0070
0070
4070
F9F0
7FE0
1FC0
ENDCHAR
STARTCHAR uni2084
ENCODING 8324
SWIDTH 380 0
DWIDTH 15 0
BBX 13 17 1 0
BITMAP
00E0
01E0
01E0
03E0
07E0
0EE0
0EE0
1CE0
38E0
38E0
70E0
FFF8
FFF8
7FF8
00E0
00E0
00E0
ENDCHAR
STARTCHAR uni2085
ENCODING 8325
SWIDTH 380 0
DWIDTH 15 0
BBX 12 17 2 0
BITMAP
7FE0
FFE0
FFC0
E000
E000
E000
E700
FFC0
FFE0
60F0
0070
0070
0070
C0F0
F1E0
FFC0
3F80
ENDCHAR
STARTCHAR uni2086
ENCODING 8326
SWIDTH 380 0
DWIDTH 15 0
BBX 13 17 1 0
BITMAP
07E0
1FF0
3E78
3810
7000
7000
7180
6FE0
EFF0
F878
7038
7038
7038
7038
3870
1FE0
0FC0
ENDCHAR
STARTCHAR uni2087
ENCODING 8327
SWIDTH 380 0
DWIDTH 15 0
BBX 12 17 2 0
BITMAP
FFE0
FFF0
FFE0
00E0
01C0
01C0
0380
0380
0700
0700
0E00
0E00
1C00
1C00
3800
3800
3000
ENDCHAR
STARTCHAR uni2088
ENCODING 8328
SWIDTH 380 0
DWIDTH 15 0
BBX 13 17 1 0
BITMAP
1FC0
3FE0
78F0
7030
6038
6030
7070
3FE0
1FC0
7FF0
7038
E038
E038
E038
7078
7FF0
1FC0
ENDCHAR
STARTCHAR uni2089
ENCODING 8329
SWIDTH 380 0
DWIDTH 15 0
BBX 13 17 1 0
BITMAP
1F80
3FC0
78E0
6070
E070
E070
E078
7078
7FF8
3FB8
0C38
0070
0070
00F0
F3E0
7FC0
3F80
ENDCHAR
STARTCHAR colonmonetary
ENCODING 8353
SWIDTH 600 0
DWIDTH 24 0
BBX 21 38 2 -5
BITMAP
001870
001C70
001870
003860
0038E0
00FFE0
03FFE0
0FFFF0
1FC0F8
1F0030
3E0000
3C0000
780000
780000
780000
780000
F00000
F00000
F00000
F00000
F00000
F00000
780000
780000
780000
7C0000
3C0000
3E0020
1F0070
1FC1F8
1FFFF0
1BFFC0
38FF00
38E000
30E000
70E000
70C000
20C000
ENDCHAR
STARTCHAR franc
ENCODING 8355
SWIDTH 600 0
DWIDTH 24 0
BBX 21 28 1 0
BITMAP
0FFFF8
1FFFF8
1FFFF8
1E0000
1E0000
1E0000
1E0000
1E0000
1E0000
1E0000
1E0000
1E0000
1FFFF0
1FFFF0
1FFFF0
1E0000
1E0000
1E0000
1E0000
1E0000
FFFF00
FFFF00
7FFE00
1E0000
1E0000
1E0000
1E0000
0E0000
ENDCHAR
STARTCHAR lira
ENCODING 8356
SWIDTH 600 0
DWIDTH 24 0
BBX 20 29 2 0
BITMAP
000800
01FFC0
03FFE0
07FFF0
078070
0F0030
0F0000
0E0000
0E0000
0E0000
7FFC00
FFFE00
FFFE00
0E0000
0E0000
0E0000
0E0000
FFFE00
FFFE00
0E0000
0E0000
0E0000
0E0000
0E0000
0E0000
0E0000
FFFFF0
FFFFF0
FFFFF0
ENDCHAR
STARTCHAR uni20A6
ENCODING 8358
SWIDTH 600 0
DWIDTH 24 0
BBX 24 28 0 0
BITMAP
0700F0
0F00F0
0F80F0
0F80F0
0FC0F0
0FC0F0
0FE0F0
0FE0F0
0FE0F0
3FF0FC
FF70FF
7F78FE
0F38F0
0F3CF0
0F3CF0
0F1CF0
FF1EFF
FF0EFF
0F0FF0
0F07F0
0F07F0
0F03F0
0F03F0
0F03F0
0F01F0
0F01F0
0F00F0
0600E0
ENDCHAR
STARTCHAR peseta
ENCODING 8359
SWIDTH 600 0
DWIDTH 24 0
BBX 24 28 0 0
BITMAP
07FE00
0FFF80
0FFFC0
0F03E0
0F00F0
0F00F0
0F0070
0F0070
FF007F
FF007F
0F0070
0F0070
0F00F0
0F01E0
0F03E0
0FFFC0
0FFF80
0FFE00
0F0000
0F0000
0F0000
0F0000
0F0000
0F0000
0F0000
0F0000
0F0000
070000
ENDCHAR
STARTCHAR uni20A9
ENCODING 8361
SWIDTH 600 0
DWIDTH 24 0
BBX 23 28 0 0
BITMAP
38181C
181818
1C3C18
1C3C38
1C3C38
1C3C38
1C3C38
1C3C38
1C7E38
7C7E3C
FC663E
7E667E
0E6670
0E6670
0EE770
0EE770
FEC37E
7EC37E
06C360
06C360
07C3E0
07C3E0
0781E0
0781E0
0381C0
0381C0
0381C0
0381C0
ENDCHAR
STARTCHAR dong
ENCODING 8363
SWIDTH 600 0
DWIDTH 24 0
BBX 21 34 2 -6
BITMAP
0001C0
0003C0
0003C0
007FF0
00FFF8
007FF8
0003C0
0003C0
03E3C0
0FFBC0
1FFFC0
3E1FC0
3C07C0
7807C0
7803C0
7003C0
F003C0
F003C0
F003C0
F003C0
7003C0
7003C0
7803C0
7807C0
3C0FC0
3FFDC0
1FF9C0
07F1C0
000000
000000
000000
7FFFC0
7FFFC0
3FFFC0
ENDCHAR
STARTCHAR Euro
ENCODING 8364
SWIDTH 600 0
DWIDTH 24 0
BBX 22 29 1 0
BITMAP
000600
003FE0
00FFF8
01FFFC
03E03C
03C00C
078000
078000
0F0000
0F0000
7FF800
FFFC00
FFFC00
1E0000
1E0000
1E0000
0E0000
FFFC00
FFFC00
0F0000
0F0000
0F0000
078000
078000
03C00C
03F03C
01FFFC
00FFF8
003FE0
ENDCHAR
STARTCHAR uni20AD
ENCODING 8365
SWIDTH 600 0
DWIDTH 24 0
BBX 22 28 0 0
BITMAP
07001C
0F003C
0F0078
0F00F0
0F01E0
0F03C0
0F07C0
0F0780
0F0F00
0F1E00
0F3C00
0F7800
0FF000
FFFFFC
7FFFFC
0FF000
0F7800
0F3C00
0F1E00
0F0F00
0F0780
0F03C0
0F03E0
0F01E0
0F00F0
0F0078
0F003C
07001C
ENDCHAR
STARTCHAR uni20AE
ENCODING 8366
SWIDTH 600 0
DWIDTH 24 0
BBX 24 28 0 0
BITMAP
FFFFFF
FFFFFF
7FFFFE
003C00
003C00
003C00
003C00
003C70
003DF0
003FE0
003F80
007E00
00FC00
03FC00
0FBC70
0E3DF0
003FC0
003F00
007C00
01FC00
07FC00
0FBC00
0E3C00
003C00
003C00
003C00
003C00
003C00
ENDCHAR
STARTCHAR uni20B1
ENCODING 8369
SWIDTH 600 0
DWIDTH 24 0
BBX 24 28 0 0
BITMAP
07FE00
0FFF80
0FFFC0
0F03E0
0F00E0
FF00FF
7F007F
0F0070
0F0070
0F0070
0F0070
FF007F
FF00FF
0F01E0
0F03E0
0FFFC0
0FFF80
0FFE00
0F0000
0F0000
0F0000
0F0000
0F0000
0F0000
0F0000
0F0000
0F0000
070000
ENDCHAR
STARTCHAR uni20B2
ENCODING 8370
SWIDTH 600 0
DWIDTH 24 0
BBX 20 38 2 -5
BITMAP
003800
003800
003800
003800
003800
01FF00
07FFC0
0FFFF0
1F81F0
3E0070
3C0000
780000
780000
780000
F00000
F00000
F00000
F00000
F00FE0
F01FF0
F01FF0
F00070
F00070
F00070
780070
780070
7C0070
3C0070
3E0070
1F81F0
0FFFF0
03FFE0
00FF00
003800
003800
003800
003800
001800
ENDCHAR
STARTCHAR uni20B4
ENCODING 8372
SWIDTH 600 0
DWIDTH 24 0
BBX 20 29 2 0
BITMAP
001000
03FF00
0FFFC0
3FFFC0
3C03E0
1001E0
0001E0
0001E0
0003C0
0003C0
3FFFC0
FFFFF0
7FFFE0
007C00
00F000
01E000
03C000
FFFFF0
FFFFF0
1E0000
3C0000
380000
780000
780000
7C00E0
3E03E0
3FFFE0
1FFF80
07FE00
ENDCHAR
STARTCHAR uni20B5
ENCODING 8373
SWIDTH 600 0
DWIDTH 24 0
BBX 21 38 2 -5
BITMAP
001800
003800
003800
003800
003800
00FF80
03FFE0
0FFFF0
1FC0F8
1F0030
3E0000
3C0000
780000
780000
780000
780000
F00000
F00000
F00000
F00000
F00000
F00000
780000
780000
780000
7C0000
3C0000
3E0010
1F0078
0FC3F8
07FFF0
03FFC0
00FF00
003800
003800
003800
003800
001800
ENDCHAR
STARTCHAR uni20B8
ENCODING 8376
SWIDTH 600 0
DWIDTH 24 0
BBX 24 28 0 0
BITMAP
FFFFFE
FFFFFF
000000
000000
000000
000000
7FFFFE
FFFFFF
3FFFFC
003C00
003C00
003C00
003C00
003C00
003C00
003C00
003C00
003C00
003C00
003C00
003C00
003C00
003C00
003C00
003C00
003C00
003C00
003C00
ENDCHAR
STARTCHAR uni20B9
ENCODING 8377
SWIDTH 600 0
DWIDTH 24 0
BBX 22 28 1 0
BITMAP
FFFFFC
FFFFFC
00FF00
000780
0003C0
0003C0
FFFFFC
FFFFFC
7FFFF8
0003C0
0003C0
0007C0
000F80
FFFF00
FFFE00
FFF800
00F800
007C00
003E00
001E00
001F00
000F00
000780
0007C0
0003C0
0001E0
0001F0
0000E0
ENDCHAR
STARTCHAR uni20BA
ENCODING 8378
SWIDTH 600 0
DWIDTH 24 0
BBX 20 28 2 0
BITMAP
070000
0F0000
0F0000
0F0000
0F0F00
0F1E00
0F7C00
0FF000
0FE000
1F8000
3F0600
FF0F00
EF3E00
0FF800
0FE000
0FC000
3F0000
7F0000
FF0070
CF0070
0F0070
0F0070
0F0070
0F00F0
0F01F0
0FFFE0
0FFFC0
07FF00
ENDCHAR
STARTCHAR uni20BC
ENCODING 8380
SWIDTH 600 0
DWIDTH 24 0
BBX 20 28 2 0
BITMAP
006000
00F000
00F000
00F000
00F000
07FE00
0FFF00
1FFF80
1EF780
3CF3C0
38F1C0
78F1E0
78F1E0
70F0E0
70F0E0
F0F0F0
F0F0F0
F0F0F0
F0F0F0
F0F0F0
F0F0F0
F060F0
F000F0
F000F0
F000F0
F000F0
F000F0
F000F0
ENDCHAR
STARTCHAR uni20BD
ENCODING 8381
SWIDTH 600 0
DWIDTH 24 0
BBX 23 28 0 0
BITMAP
07FFC0
0FFFF0
0FFFF8
0F00FC
0F003C
0F001E
0F001E
0F001E
0F001E
0F001E
0F001E
0F003C
0F007C
7FFFF8
FFFFF0
7FFF80
0F0000
0F0000
0F0000
3FFC00
FFFE00
7FFE00
0F0000
0F0000
0F0000
0F0000
0F0000
070000
ENDCHAR
STARTCHAR uni2113
ENCODING 8467
SWIDTH 600 0
DWIDTH 24 0
BBX 14 29 4 0
BITMAP
0080
03F0
07F8
0F38
0E18
0E18
0E18
0E38
0E30
0E30
0E70
0E60
0EC0
0FC0
0F80
0F00
0E00
1E00
3E00
7E00
EE00
4E00
0E00
0E00
0E00
0F0C
0FFC
07F8
03F0
ENDCHAR
STARTCHAR uni2116
ENCODING 8470
SWIDTH 1085 0
DWIDTH 43 0
BBX 39 29 3 0
BITMAP
0000000060
70000E03F8
F8000E07BC
F8000E0E0E
FC000E0C06
FE000E0C06
FF000E1C06
FF000E0C06
F7800E0C06
F3C00E0E0E
F1E00E07BC
F1E00E03F8
F0F00E0060
F0780E0000
F03C0E0000
F03C0E0000
F01E0E0FFE
F00F0E0FFE
F0078E0FFE
F0078E0000
F003CE0000
F001EE0000
F000FE0000
F000FE0000
F0007E0000
F0003E0000
F0001E0000
F0001E0000
70000E0000
ENDCHAR
STARTCHAR trademark
ENCODING 8482
SWIDTH 931 0
DWIDTH 37 0
BBX 34 17 0 11
BITMAP
FFFE7001C0
FFFE7803C0
7FF87803C0
03807C07C0
03807C07C0
03807E0FC0
03807E0FC0
0380771DC0
0380739DC0
038073B9C0
038071F1C0
038071F1C0
038070E1C0
038070E1C0
03807001C0
03807001C0
03007000C0
ENDCHAR
STARTCHAR uni2126
ENCODING 8486
SWIDTH 600 0
DWIDTH 24 0
BBX 22 29 1 0
BITMAP
002000
03FF00
07FF80
0FFFC0
1F03E0
3E01F0
3C00F0
3C00F0
780078
780078
780078
780078
780078
780078
780078
780078
780078
780078
380070
3C00F0
3C00F0
1C00E0
1E01E0
0E01C0
0703C0
078780
7F87F8
FFCFFC
7F87F8
ENDCHAR
STARTCHAR estimated
ENCODING 8494
SWIDTH 894 0
DWIDTH 36 0
BBX 32 28 2 0
BITMAP
003FFC00
00F00F80
038001C0
060000F0
0C000070
1C000038
3C00003C
3C00003C
7C00003E
7C00003E
FC00003E
FC00003F
FC00003F
FC00003F
FFFFFFFF
FC000000
FC000000
FC000000
7C000000
7C000000
3C000000
3C000000
1C000008
0E000070
070000E0
038003C0
00F00F00
003FFC00
ENDCHAR
STARTCHAR partialdiff
ENCODING 8706
SWIDTH 600 0
DWIDTH 24 0
BBX 20 29 2 0
BITMAP
060000
1FF000
1FFC00
01FE00
001F00
000F80
0003C0
0003C0
0001E0
0001E0
01F0E0
0FFCE0
1FFEF0
3F0FF0
7C03F0
7801F0
7000F0
F000F0
F000F0
F000F0
F000F0
F000E0
F001E0
7801E0
7803C0
3E07C0
1FFF80
0FFF00
07FC00
ENDCHAR
STARTCHAR emptyset
ENCODING 8709
SWIDTH 600 0
DWIDTH 24 0
BBX 24 27 0 -1
BITMAP
000006
00000E
00FF1C
03FFF8
0F81F0
1E0078
3C00FC
3801DC
70038E
70038E
E00707
E00E07
E01C07
E01807
E03807
E07007
70E006
71C00E
39C01C
3F801C
1F0078
0F81F0
0FFFE0
1CFF80
380000
700000
200000
ENDCHAR
STARTCHAR uni2206
ENCODING 8710
SWIDTH 600 0
DWIDTH 24 0
BBX 22 28 1 0
BITMAP
007800
007800
007800
00FC00
00FC00
01FE00
01CE00
01CE00
038700
038700
038700
070380
070380
070380
0E01C0
0E01C0
1E01E0
1C00E0
1C00E0
3C00F0
380070
380070
780038
700038
70003C
FFFFFC
FFFFFC
7FFFF8
ENDCHAR
STARTCHAR product
ENCODING 8719
SWIDTH 600 0
DWIDTH 24 0
BBX 20 35 2 -7
BITMAP
7FFFE0
FFFFF0
FFFFF0
F000F0
F000F0
F000F0
F000F0
F000F0
F000F0
F000F0
F000F0
F000F0
F000F0
F000F0
F000F0
F000F0
F000F0
F000F0
F000F0
F000F0
F000F0
F000F0
F000F0
F000F0
F000F0
F000F0
F000F0
F000F0
F000F0
F000F0
F000F0
F000F0
F000F0
F000F0
F000F0
ENDCHAR
STARTCHAR summation
ENCODING 8721
SWIDTH 600 0
DWIDTH 24 0
BBX 21 35 2 -7
BITMAP
FFFFF0
FFFFF8
FFFFF0
F80000
780000
3C0000
1E0000
1F0000
0F0000
078000
03C000
03C000
01E000
00F000
00F800
007800
003C00
001C00
003C00
007800
00F800
00F000
01E000
03C000
03C000
078000
0F0000
1F0000
1E0000
3C0000
780000
F80000
FFFFF0
FFFFF8
FFFFF0
ENDCHAR
STARTCHAR minus
ENCODING 8722
SWIDTH 600 0
DWIDTH 24 0
BBX 20 3 2 10
BITMAP
FFFFF0
FFFFF0
FFFFF0
ENDCHAR
STARTCHAR uni2215
ENCODING 8725
SWIDTH 600 0
DWIDTH 24 0
BBX 12 32 6 -2
BITMAP
0030
0070
0070
00F0
00E0
00E0
00E0
01C0
01C0
01C0
0380
0380
0380
0700
0700
0700
0E00
0E00
0E00
1E00
1C00
1C00
3C00
3800
3800
7800
7000
7000
F000
E000
E000
E000
ENDCHAR
STARTCHAR uni2219
ENCODING 8729
SWIDTH 600 0
DWIDTH 24 0
BBX 4 5 10 8
BITMAP
70
F0
F0
F0
60
ENDCHAR
STARTCHAR radical
ENCODING 8730
SWIDTH 600 0
DWIDTH 24 0
BBX 23 38 0 -7
BITMAP
000004
00000E
00000E
00001E
00001C
00001C
00001C
00003C
000038
000038
000038
000078
000070
000070
0000F0
0000E0
0000E0
0000E0
7C01E0
FE01C0
FE01C0
0E01C0
0F0380
070380
070380
078780
038700
038700
03C700
01CE00
01CE00
01CE00
00EE00
00FC00
00FC00
007C00
007800
007800
ENDCHAR
STARTCHAR infinity
ENCODING 8734
SWIDTH 600 0
DWIDTH 24 0
BBX 20 11 2 6
BITMAP
3F0FC0
7F9FE0
F3FCF0
E0F070
C0E030
C06030
C06030
E0F070
F1F8F0
7F9FE0
3F0FC0
ENDCHAR
STARTCHAR integral
ENCODING 8747
SWIDTH 600 0
DWIDTH 24 0
BBX 16 37 4 -8
BITMAP
0004
007F
00FF
01F8
01E0
03C0
03C0
03C0
03C0
03C0
03C0
03C0
03C0
03C0
03C0
03C0
03C0
03C0
03C0
03C0
03C0
03C0
03C0
03C0
03C0
03C0
03C0
03C0
03C0
03C0
03C0
03C0
0780
1F80
FF00
FE00
6000
ENDCHAR
STARTCHAR approxequal
ENCODING 8776
SWIDTH 600 0
DWIDTH 24 0
BBX 20 13 2 5
BITMAP
1F8020
7FE070
79F9E0
E07FE0
401F80
000000
000000
000000
1F8020
7FE070
79F9E0
E07FE0
401F80
ENDCHAR
STARTCHAR notequal
ENCODING 8800
SWIDTH 600 0
DWIDTH 24 0
BBX 20 21 2 1
BITMAP
000E00
000E00
000E00
001C00
001C00
FFFFF0
FFFFF0
FFFFF0
007000
007000
00E000
00E000
01C000
FFFFF0
FFFFF0
FFFFF0
038000
070000
070000
070000
060000
ENDCHAR
STARTCHAR lessequal
ENCODING 8804
SWIDTH 600 0
DWIDTH 24 0
BBX 20 21 2 0
BITMAP
000070
0003F0
001FE0
00FF00
03FC00
1FE000
FF0000
F80000
FC0000
7F8000
0FF000
03FE00
007F80
000FF0
0001F0
000030
000000
000000
7FFFE0
FFFFF0
FFFFF0
ENDCHAR
STARTCHAR greaterequal
ENCODING 8805
SWIDTH 600 0
DWIDTH 24 0
BBX 20 21 2 0
BITMAP
E00000
FC0000
7F8000
1FF000
03FC00
007F80
000FF0
0001F0
0003F0
001FE0
00FF00
07FC00
1FE000
FF0000
F80000
C00000
000000
000000
7FFFE0
FFFFF0
FFFFF0
ENDCHAR
STARTCHAR lozenge
ENCODING 9674
SWIDTH 600 0
DWIDTH 24 0
BBX 20 39 2 -8
BITMAP
004000
00F000
00F000
01F800
01F800
039C00
039C00
030C00
070E00
070E00
0E0700
0E0700
1C0380
1C0380
3801C0
3801C0
7000E0
7000E0
700060
E00070
E00070
7000E0
7000E0
3801C0
3801C0
3801C0
1C0380
1C0380
0E0700
0E0700
070E00
070E00
039C00
039C00
01F800
01F800
01F800
00F000
00F000
ENDCHAR
STARTCHAR uni27E8
ENCODING 10216
SWIDTH 600 0
DWIDTH 24 0
BBX 6 30 9 -1
BITMAP
04
0C
0C
18
18
18
30
30
30
60
60
60
C0
C0
C0
C0
C0
C0
60
60
60
30
30
30
18
18
18
0C
0C
04
ENDCHAR
STARTCHAR uni27E9
ENCODING 10217
SWIDTH 600 0
DWIDTH 24 0
BBX 6 30 9 -1
BITMAP
80
C0
C0
40
60
60
30
30
30
18
18
18
0C
0C
0C
0C
0C
0C
18
18
18
30
30
30
60
60
60
C0
C0
80
ENDCHAR
STARTCHAR uniF8FF
ENCODING 63743
SWIDTH 658 0
DWIDTH 26 0
BBX 23 22 2 1
BITMAP
001000
003000
003000
003800
007800
007800
007C00
00FC00
FFFFFE
FFFFFC
3FB7F8
1F97E0
0FB7C0
03A780
03B700
03FF00
07FF80
07FF80
07CF80
0703C0
0E01C0
0C0040
ENDCHAR
STARTCHAR fi
ENCODING 64257
SWIDTH 570 0
DWIDTH 23 0
BBX 20 28 0 0
BITMAP
00FCF0
01FCF0
03F8F0
078070
070000
0F0000
0F0000
0F0000
0F0000
FFFFF0
FFFFF0
0F00F0
0F00F0
0F00F0
0F00F0
0F00F0
0F00F0
0F00F0
0F00F0
0F00F0
0F00F0
0F00F0
0F00F0
0F00F0
0F00F0
0F00F0
0F00F0
0E0070
ENDCHAR
STARTCHAR fl
ENCODING 64258
SWIDTH 641 0
DWIDTH 26 0
BBX 26 28 0 0
BITMAP
00FC7000
01FC7000
03F07000
07807000
07007000
0F007000
0F007000
0F007000
0F007000
FFF87000
FFF87000
0F007000
0F007000
0F007000
0F007000
0F007000
0F007000
0F007000
0F007000
0F007000
0F007000
0F007000
0F007000
0F007800
0F007800
0F007F80
0F003FC0
0E001F80
ENDCHAR
STARTCHAR .notdef
ENCODING -1
SWIDTH 500 0
DWIDTH 20 0
BBX 16 35 2 -7
BITMAP
FFFF
FFFF
C003
C003
C003
C003
C003
C003
C003
C003
C003
C003
C003
C003
C003
C003
C003
C003
C003
C003
C003
C003
C003
C003
C003
C003
C003
C003
C003
C003
C003
C003
C003
FFFF
FFFF
ENDCHAR
STARTCHAR Iacute_J.loclNLD
ENCODING -1
SWIDTH 593 0
DWIDTH 24 0
BBX 22 38 3 0
BITMAP
030018
07003C
0F0078
0E0070
1C00E0
3801E0
3001C0
200080
000000
000000
700380
F00380
F00380
F00380
F00380
F00380
F00380
F00380
F00380
F00380
F00380
F00380
F00380
F00380
F00380
F00380
F00380
F00380
F00380
F00380
F00380
F00380
F00780
F00780
F00F00
F0FF00
F1FE00
71F800
ENDCHAR
STARTCHAR I_J.loclNLD
ENCODING -1
SWIDTH 593 0
DWIDTH 24 0
BBX 17 28 3 0
BITMAP
700380
F00380
F00380
F00380
F00380
F00380
F00380
F00380
F00380
F00380
F00380
F00380
F00380
F00380
F00380
F00380
F00380
F00380
F00380
F00380
F00380
F00380
F00780
F00780
F00F00
F0FF00
F1FE00
71F800
ENDCHAR
STARTCHAR i.loclTRK
ENCODING -1
SWIDTH 237 0
DWIDTH 9 0
BBX 4 28 3 0
BITMAP
E0
F0
F0
E0
00
00
00
00
60
E0
F0
F0
F0
F0
F0
F0
F0
F0
F0
F0
F0
F0
F0
F0
F0
F0
F0
E0
ENDCHAR
STARTCHAR germandbls.calt
ENCODING -1
SWIDTH 716 0
DWIDTH 29 0
BBX 23 29 3 0
BITMAP
001800
03FFC0
0FFFE0
1FFFF0
3E00F8
7C0078
78003C
78003C
70003C
F0003C
F00038
F00078
F000F0
F07FE0
F0FFC0
F0FFF0
F001FC
F0003C
F0001E
F0001E
F0000E
F0000E
F0001E
F0001E
F0001E
F1C07C
F1FFFC
F0FFF8
707FE0
ENDCHAR
STARTCHAR iacute_j.loclNLD
ENCODING -1
SWIDTH 478 0
DWIDTH 19 0
BBX 17 39 3 -8
BITMAP
040100
0E0380
0E0780
1E0700
1C0F00
380E00
381C00
701C00
601800
000000
000000
601000
E03800
F03800
F03800
F03800
F03800
F03800
F03800
F03800
F03800
F03800
F03800
F03800
F03800
F03800
F03800
F03800
F03800
F03800
E03800
003800
007800
007800
007800
01F000
0FF000
0FC000
060000
ENDCHAR
STARTCHAR a.ss01
ENCODING -1
SWIDTH 587 0
DWIDTH 23 0
BBX 19 20 2 0
BITMAP
03E080
0FF9C0
3FFDE0
3E1FE0
7807E0
7803E0
F003E0
F001E0
F001E0
E001E0
E001E0
E001E0
F001E0
F003E0
F003E0
7807E0
7C0FE0
3FFDE0
1FFDE0
0FF1C0
ENDCHAR
STARTCHAR aacute.ss01
ENCODING -1
SWIDTH 587 0
DWIDTH 23 0
BBX 19 31 2 0
BITMAP
000400
000E00
000E00
001E00
001C00
003800
003800
007000
006000
000000
000000
03E080
0FF9C0
3FFDE0
3E1FE0
7807E0
7803E0
F003E0
F001E0
F001E0
E001E0
E001E0
E001E0
F001E0
F003E0
F003E0
7807E0
7C0FE0
3FFDE0
1FFDE0
0FF1C0
ENDCHAR
STARTCHAR abreve.ss01
ENCODING -1
SWIDTH 587 0
DWIDTH 23 0
BBX 19 30 2 0
BITMAP
080300
1C0300
0C0700
0C0600
0E0E00
07BC00
03FC00
01F000
000000
000000
03E080
0FF9C0
3FFDE0
3E1FE0
7807E0
7803E0
F003E0
F001E0
F001E0
E001E0
E001E0
E001E0
F001E0
F003E0
F003E0
7807E0
7C0FE0
3FFDE0
1FFDE0
0FF1C0
ENDCHAR
STARTCHAR uni1EAF.ss01
ENCODING -1
SWIDTH 587 0
DWIDTH 23 0
BBX 19 33 2 0
BITMAP
000800
001C00
003C00
003800
007000
186300
1C4300
0C0600
0F1E00
07FC00
01F000
000000
000000
03E080
0FF9C0
3FFDE0
3E1FE0
7807E0
7803E0
F003E0
F001E0
F001E0
E001E0
E001E0
E001E0
F001E0
F003E0
F003E0
7807E0
7C0FE0
3FFDE0
1FFDE0
0FF1C0
ENDCHAR
STARTCHAR uni1EB7.ss01
ENCODING -1
SWIDTH 587 0
DWIDTH 23 0
BBX 19 38 2 -8
BITMAP
080300
1C0300
0C0700
0C0600
0E0E00
07BC00
03FC00
01F000
000000
000000
03E080
0FF9C0
3FFDE0
3E1FE0
7807E0
7803E0
F003E0
F001E0
F001E0
E001E0
E001E0
E001E0
F001E0
F003E0
F003E0
7807E0
7C0FE0
3FFDE0
1FFDE0
0FF1C0
000000
000000
000000
000000
00E000
00F000
00F000
00E000
ENDCHAR
STARTCHAR uni1EB1.ss01
ENCODING -1
SWIDTH 587 0
DWIDTH 23 0
BBX 19 33 2 0
BITMAP
030000
070000
078000
038000
01C000
18E300
1C4300
0C0600
0F1E00
07FC00
01F000
000000
000000
03E080
0FF9C0
3FFDE0
3E1FE0
7807E0
7803E0
F003E0
F001E0
F001E0
E001E0
E001E0
E001E0
F001E0
F003E0
F003E0
7807E0
7C0FE0
3FFDE0
1FFDE0
0FF1C0
ENDCHAR
STARTCHAR uni1EB3.ss01
ENCODING -1
SWIDTH 587 0
DWIDTH 23 0
BBX 19 33 2 0
BITMAP
00E000
03F800
003800
001800
003800
187300
1C4300
0C0600
0F1E00
07FC00
01F000
000000
000000
03E080
0FF9C0
3FFDE0
3E1FE0
7807E0
7803E0
F003E0
F001E0
F001E0
E001E0
E001E0
E001E0
F001E0
F003E0
F003E0
7807E0
7C0FE0
3FFDE0
1FFDE0
0FF1C0
ENDCHAR
STARTCHAR uni1EB5.ss01
ENCODING -1
SWIDTH 587 0
DWIDTH 23 0
BBX 19 33 2 0
BITMAP
010200
0FC300
0FFF00
1C7E00
081800
000000
080300
1C0700
0F1E00
07FC00
01F800
000000
000000
03E080
0FF9C0
3FFDE0
3E1FE0
7807E0
7803E0
F003E0
F001E0
F001E0
E001E0
E001E0
E001E0
F001E0
F003E0
F003E0
7807E0
7C0FE0
3FFDE0
1FFDE0
0FF1C0
ENDCHAR
STARTCHAR uni01CE.ss01
ENCODING -1
SWIDTH 587 0
DWIDTH 23 0
BBX 19 30 2 0
BITMAP
0C0600
0E0E00
070C00
031C00
03B800
01F800
01F000
00F000
000000
000000
03E080
0FF9C0
3FFDE0
3E1FE0
7807E0
7803E0
F003E0
F001E0
F001E0
E001E0
E001E0
E001E0
F001E0
F003E0
F003E0
7807E0
7C0FE0
3FFDE0
1FFDE0
0FF1C0
ENDCHAR
STARTCHAR acircumflex.ss01
ENCODING -1
SWIDTH 587 0
DWIDTH 23 0
BBX 19 31 2 0
BITMAP
004000
00F000
01F000
03B800
03B800
071C00
070C00
0E0E00
0C0600
000000
000000
03E080
0FF9C0
3FFDE0
3E1FE0
7807E0
7803E0
F003E0
F001E0
F001E0
E001E0
E001E0
E001E0
F001E0
F003E0
F003E0
7807E0
7C0FE0
3FFDE0
1FFDE0
0FF1C0
ENDCHAR
STARTCHAR uni1EA5.ss01
ENCODING -1
SWIDTH 587 0
DWIDTH 23 0
BBX 19 33 2 0
BITMAP
000060
000060
0000E0
0001C0
00E1C0
01F380
01FB00
03B800
071C00
060E00
0C0600
000000
000000
03E080
0FF9C0
3FFDE0
3E1FE0
7807E0
7803E0
F003E0
F001E0
F001E0
E001E0
E001E0
E001E0
F001E0
F003E0
F003E0
7807E0
7C0FE0
3FFDE0
1FFDE0
0FF1C0
ENDCHAR
STARTCHAR uni1EAD.ss01
ENCODING -1
SWIDTH 587 0
DWIDTH 23 0
BBX 19 39 2 -8
BITMAP
004000
00F000
01F000
03B800
03B800
071C00
070C00
0E0E00
0C0600
000000
000000
03E080
0FF9C0
3FFDE0
3E1FE0
7807E0
7803E0
F003E0
F001E0
F001E0
E001E0
E001E0
E001E0
F001E0
F003E0
F003E0
7807E0
7C0FE0
3FFDE0
1FFDE0
0FF1C0
000000
000000
000000
000000
00E000
00F000
00F000
00E000
ENDCHAR
STARTCHAR uni1EA7.ss01
ENCODING -1
SWIDTH 587 0
DWIDTH 23 0
BBX 19 33 2 0
BITMAP
000C00
000C00
000E00
000700
00E700
01F380
01F980
03B800
071C00
060E00
0C0600
000000
000000
03E080
0FF9C0
3FFDE0
3E1FE0
7807E0
7803E0
F003E0
F001E0
F001E0
E001E0
E001E0
E001E0
F001E0
F003E0
F003E0
7807E0
7C0FE0
3FFDE0
1FFDE0
0FF1C0
ENDCHAR
STARTCHAR uni1EA9.ss01
ENCODING -1
SWIDTH 587 0
DWIDTH 23 0
BBX 19 32 2 0
BITMAP
000FC0
0009E0
0000E0
00E0C0
01F180
01FB00
03B800
071C00
060E00
0C0600
000000
000000
03E080
0FF9C0
3FFDE0
3E1FE0
7807E0
7803E0
F003E0
F001E0
F001E0
E001E0
E001E0
E001E0
F001E0
F003E0
F003E0
7807E0
7C0FE0
3FFDE0
1FFDE0
0FF1C0
ENDCHAR
STARTCHAR uni1EAB.ss01
ENCODING -1
SWIDTH 587 0
DWIDTH 23 0
BBX 19 33 2 0
BITMAP
010200
0FC300
0FFF00
1C7E00
081800
006000
01F000
03F800
039C00
070E00
0C0600
000000
000000
03E080
0FF9C0
3FFDE0
3E1FE0
7807E0
7803E0
F003E0
F001E0
F001E0
E001E0
E001E0
E001E0
F001E0
F003E0
F003E0
7807E0
7C0FE0
3FFDE0
1FFDE0
0FF1C0
ENDCHAR
STARTCHAR uni0201.ss01
ENCODING -1
SWIDTH 587 0
DWIDTH 23 0
BBX 19 31 2 0
BITMAP
084000
1CE000
1C7000
0E7000
0E7000
063000
063800
071800
031800
000000
000000
03E080
0FF9C0
3FFDE0
3E1FE0
7807E0
7803E0
F003E0
F001E0
F001E0
E001E0
E001E0
E001E0
F001E0
F003E0
F003E0
7807E0
7C0FE0
3FFDE0
1FFDE0
0FF1C0
ENDCHAR
STARTCHAR adieresis.ss01
ENCODING -1
SWIDTH 587 0
DWIDTH 23 0
BBX 19 28 2 0
BITMAP
070E00
0F1E00
0F1E00
060C00
000000
000000
000000
000000
03E080
0FF9C0
3FFDE0
3E1FE0
7807E0
7803E0
F003E0
F001E0
F001E0
E001E0
E001E0
E001E0
F001E0
F003E0
F003E0
7807E0
7C0FE0
3FFDE0
1FFDE0
0FF1C0
ENDCHAR
STARTCHAR uni0227.ss01
ENCODING -1
SWIDTH 587 0
DWIDTH 23 0
BBX 19 28 2 0
BITMAP
00E000
00F000
00F000
00E000
000000
000000
000000
000000
03E080
0FF9C0
3FFDE0
3E1FE0
7807E0
7803E0
F003E0
F001E0
F001E0
E001E0
E001E0
E001E0
F001E0
F003E0
F003E0
7807E0
7C0FE0
3FFDE0
1FFDE0
0FF1C0
ENDCHAR
STARTCHAR uni1EA1.ss01
ENCODING -1
SWIDTH 587 0
DWIDTH 23 0
BBX 19 28 2 -8
BITMAP
03E080
0FF9C0
3FFDE0
3E1FE0
7807E0
7803E0
F003E0
F001E0
F001E0
E001E0
E001E0
E001E0
F001E0
F003E0
F003E0
7807E0
7C0FE0
3FFDE0
1FFDE0
0FF1C0
000000
000000
000000
000000
00E000
00F000
00F000
00E000
ENDCHAR
STARTCHAR agrave.ss01
ENCODING -1
SWIDTH 587 0
DWIDTH 23 0
BBX 19 31 2 0
BITMAP
040000
0E0000
0F0000
070000
078000
038000
01C000
01C000
00C000
000000
000000
03E080
0FF9C0
3FFDE0
3E1FE0
7807E0
7803E0
F003E0
F001E0
F001E0
E001E0
E001E0
E001E0
F001E0
F003E0
F003E0
7807E0
7C0FE0
3FFDE0
1FFDE0
0FF1C0
ENDCHAR
STARTCHAR uni1EA3.ss01
ENCODING -1
SWIDTH 587 0
DWIDTH 23 0
BBX 19 30 2 0
BITMAP
03F800
03FC00
001C00
001C00
003800
007000
00E000
00E000
000000
000000
03E080
0FF9C0
3FFDE0
3E1FE0
7807E0
7803E0
F003E0
F001E0
F001E0
E001E0
E001E0
E001E0
F001E0
F003E0
F003E0
7807E0
7C0FE0
3FFDE0
1FFDE0
0FF1C0
ENDCHAR
STARTCHAR uni0203.ss01
ENCODING -1
SWIDTH 587 0
DWIDTH 23 0
BBX 19 30 2 0
BITMAP
00F000
03F800
07FC00
0E0E00
0C0600
0C0700
1C0700
0C0300
000000
000000
03E080
0FF9C0
3FFDE0
3E1FE0
7807E0
7803E0
F003E0
F001E0
F001E0
E001E0
E001E0
E001E0
F001E0
F003E0
F003E0
7807E0
7C0FE0
3FFDE0
1FFDE0
0FF1C0
ENDCHAR
STARTCHAR amacron.ss01
ENCODING -1
SWIDTH 587 0
DWIDTH 23 0
BBX 19 27 2 0
BITMAP
0FFF00
0FFF00
000000
000000
000000
000000
000000
03E080
0FF9C0
3FFDE0
3E1FE0
7807E0
7803E0
F003E0
F001E0
F001E0
E001E0
E001E0
E001E0
F001E0
F003E0
F003E0
7807E0
7C0FE0
3FFDE0
1FFDE0
0FF1C0
ENDCHAR
STARTCHAR aogonek.ss01
ENCODING -1
SWIDTH 587 0
DWIDTH 23 0
BBX 20 28 2 -8
BITMAP
03E080
0FF9C0
3FFDE0
3E1FE0
7807E0
7803E0
F003E0
F001E0
F001E0
E001E0
E001E0
E001E0
F001E0
F003E0
F003E0
7807E0
7C0FE0
3FFDE0
1FFDE0
0FF1C0
000380
000700
000600
000600
000600
0007B0
0003F0
0000E0
ENDCHAR
STARTCHAR aring.ss01
ENCODING -1
SWIDTH 587 0
DWIDTH 23 0
BBX 19 31 2 0
BITMAP
01F000
03F800
070C00
060C00
060C00
060C00
070C00
03F800
01F000
000000
000000
03E080
0FF9C0
3FFDE0
3E1FE0
7807E0
7803E0
F003E0
F001E0
F001E0
E001E0
E001E0
E001E0
F001E0
F003E0
F003E0
7807E0
7C0FE0
3FFDE0
1FFDE0
0FF1C0
ENDCHAR
STARTCHAR aringacute.ss01
ENCODING -1
SWIDTH 587 0
DWIDTH 23 0
BBX 19 33 2 0
BITMAP
000180
000380
00F700
03FE00
071C00
060C00
060C00
060C00
060C00
03F800
01F000
000000
000000
03E080
0FF9C0
3FFDE0
3E1FE0
7807E0
7803E0
F003E0
F001E0
F001E0
E001E0
E001E0
E001E0
F001E0
F003E0
F003E0
7807E0
7C0FE0
3FFDE0
1FFDE0
0FF1C0
ENDCHAR
STARTCHAR atilde.ss01
ENCODING -1
SWIDTH 587 0
DWIDTH 23 0
BBX 19 29 2 0
BITMAP
078180
0FC380
1DF300
187F00
383E00
100000
000000
000000
000000
03E080
0FF9C0
3FFDE0
3E1FE0
7807E0
7803E0
F003E0
F001E0
F001E0
E001E0
E001E0
E001E0
F001E0
F003E0
F003E0
7807E0
7C0FE0
3FFDE0
1FFDE0
0FF1C0
ENDCHAR
STARTCHAR l.ss02
ENCODING -1
SWIDTH 237 0
DWIDTH 9 0
BBX 4 28 3 0
BITMAP
E0
F0
F0
F0
F0
F0
F0
F0
F0
F0
F0
F0
F0
F0
F0
F0
F0
F0
F0
F0
F0
F0
F0
F0
F0
F0
F0
E0
ENDCHAR
STARTCHAR lacute.ss02
ENCODING -1
SWIDTH 237 0
DWIDTH 9 0
BBX 8 38 3 0
BITMAP
06
0F
0E
1C
3C
38
70
20
00
00
E0
F0
F0
F0
F0
F0
F0
F0
F0
F0
F0
F0
F0
F0
F0
F0
F0
F0
F0
F0
F0
F0
F0
F0
F0
F0
F0
E0
ENDCHAR
STARTCHAR lcaron.ss02
ENCODING -1
SWIDTH 237 0
DWIDTH 9 0
BBX 8 28 3 0
BITMAP
E7
F7
F7
F7
F6
F6
F6
F2
F0
F0
F0
F0
F0
F0
F0
F0
F0
F0
F0
F0
F0
F0
F0
F0
F0
F0
F0
E0
ENDCHAR
STARTCHAR uni013C.ss02
ENCODING -1
SWIDTH 237 0
DWIDTH 9 0
BBX 4 39 3 -11
BITMAP
E0
F0
F0
F0
F0
F0
F0
F0
F0
F0
F0
F0
F0
F0
F0
F0
F0
F0
F0
F0
F0
F0
F0
F0
F0
F0
F0
E0
00
00
00
E0
F0
F0
F0
70
60
60
40
ENDCHAR
STARTCHAR ldot.ss02
ENCODING -1
SWIDTH 300 0
DWIDTH 12 0
BBX 10 28 3 0
BITMAP
E000
F000
F000
F000
F000
F000
F000
F000
F000
F000
F000
F000
F3C0
F7C0
F7C0
F380
F000
F000
F000
F000
F000
F000
F000
F000
F000
F000
F000
E000
ENDCHAR
STARTCHAR uni1E37.ss02
ENCODING -1
SWIDTH 237 0
DWIDTH 9 0
BBX 4 36 3 -8
BITMAP
E0
F0
F0
F0
F0
F0
F0
F0
F0
F0
F0
F0
F0
F0
F0
F0
F0
F0
F0
F0
F0
F0
F0
F0
F0
F0
F0
E0
00
00
00
00
F0
F0
F0
60
ENDCHAR
STARTCHAR uni01C9.ss02
ENCODING -1
SWIDTH 478 0
DWIDTH 19 0
BBX 14 36 3 -8
BITMAP
E078
F07C
F07C
F038
F000
F000
F000
F000
F010
F038
F038
F038
F038
F038
F038
F038
F038
F038
F038
F038
F038
F038
F038
F038
F038
F038
F038
E038
0038
0078
0078
0078
01F0
0FF0
0FC0
0600
ENDCHAR
STARTCHAR uni1E3B.ss02
ENCODING -1
SWIDTH 237 0
DWIDTH 9 0
BBX 12 34 -1 -6
BITMAP
0E00
0F00
0F00
0F00
0F00
0F00
0F00
0F00
0F00
0F00
0F00
0F00
0F00
0F00
0F00
0F00
0F00
0F00
0F00
0F00
0F00
0F00
0F00
0F00
0F00
0F00
0F00
0E00
0000
0000
0000
0000
FFF0
FFF0
ENDCHAR
STARTCHAR lslash.ss02
ENCODING -1
SWIDTH 295 0
DWIDTH 12 0
BBX 12 28 0 0
BITMAP
0F00
0F00
0F00
0F00
0F00
0F00
0F00
0F00
0F00
0F00
0FF0
0FF0
0FE0
1F80
3F00
FF00
FF00
4F00
0F00
0F00
0F00
0F00
0F00
0F00
0F00
0F00
0F00
0E00
ENDCHAR
STARTCHAR i_j.loclNLD
ENCODING -1
SWIDTH 478 0
DWIDTH 19 0
BBX 15 36 2 -8
BITMAP
783C
F83E
F83E
701C
0000
0000
0000
0000
3008
701C
781C
781C
781C
781C
781C
781C
781C
781C
781C
781C
781C
781C
781C
781C
781C
781C
781C
701C
001C
003C
003C
003C
00F8
07F8
07E0
0300
ENDCHAR
STARTCHAR fl.ss02
ENCODING -1
SWIDTH 577 0
DWIDTH 23 0
BBX 20 28 0 0
BITMAP
00FC70
01FC70
03F070
078070
070070
0F0070
0F0070
0F0070
0F0070
FFF870
FFF870
0F0070
0F0070
0F0070
0F0070
0F0070
0F0070
0F0070
0F0070
0F0070
0F0070
0F0070
0F0070
0F0070
0F0070
0F0070
0F0070
0E0070
ENDCHAR
STARTCHAR uni0492.loclBSH
ENCODING -1
SWIDTH 551 0
DWIDTH 22 0
BBX 18 28 3 0
BITMAP
7FFFC0
FFFFC0
FFFFC0
F00000
F00000
F00000
F00000
F00000
F00000
F00000
F00000
F00000
FFFF80
FFFFC0
FFFF80
F00000
F00000
F00000
F00000
F00000
F00000
F00000
F00000
F00000
F00000
F00000
F00000
700000
ENDCHAR
STARTCHAR uni0406.loclBSH
ENCODING -1
SWIDTH 262 0
DWIDTH 10 0
BBX 4 36 3 0
BITMAP
70
F0
F0
70
00
00
00
00
70
F0
F0
F0
F0
F0
F0
F0
F0
F0
F0
F0
F0
F0
F0
F0
F0
F0
F0
F0
F0
F0
F0
F0
F0
F0
F0
70
ENDCHAR
STARTCHAR uni0498.loclBSH
ENCODING -1
SWIDTH 639 0
DWIDTH 26 0
BBX 22 36 1 -7
BITMAP
001000
07FF80
1FFFE0
3FFFF0
7C01F8
300078
000078
000038
000038
000038
000078
000078
0001F0
03FFE0
07FF80
07FFE0
0001F0
000078
00003C
00003C
00003C
00003C
00003C
20003C
70007C
FE01F8
7FFFF0
1FFFE0
07FF80
003800
003800
003800
003800
003800
003800
001000
ENDCHAR
STARTCHAR uni04AA.loclBSH
ENCODING -1
SWIDTH 675 0
DWIDTH 27 0
BBX 23 36 2 -7
BITMAP
000E00
00FFF0
03FFF8
07FFFE
0FC03E
1F000E
3E0000
3C0000
7C0000
780000
780000
780000
F00000
F00000
F00000
F00000
F00000
F00000
780000
780000
780000
7C0000
3C0000
3E0004
1F000E
0FE07E
07FFFE
03FFF8
00FFE0
000E00
000E00
000E00
000E00
000E00
000E00
000400
ENDCHAR
STARTCHAR uni0498.loclCHU
ENCODING -1
SWIDTH 639 0
DWIDTH 26 0
BBX 22 37 1 -8
BITMAP
001000
07FF80
1FFFE0
3FFFF0
7C01F8
300078
000078
000038
000038
000038
000078
000078
0001F0
03FFE0
07FF80
07FFE0
0001F0
000078
00003C
00003C
00003C
00003C
00003C
20003C
70007C
FE01F8
7FFFF0
1FFFE0
07FF80
003000
003000
003F00
000700
000300
00C700
00FE00
003C00
ENDCHAR
STARTCHAR uni04AA.loclCHU
ENCODING -1
SWIDTH 675 0
DWIDTH 27 0
BBX 23 37 2 -8
BITMAP
000E00
00FFF0
03FFF8
07FFFE
0FC03E
1F000E
3E0000
3C0000
7C0000
780000
780000
780000
F00000
F00000
F00000
F00000
F00000
F00000
780000
780000
780000
7C0000
3C0000
3E0004
1F000E
0FE07E
07FFFE
03FFF8
00FFE0
000C00
000C00
000F80
0001C0
0000C0
0033C0
003F80
000E00
ENDCHAR
STARTCHAR uni0493.loclBSH
ENCODING -1
SWIDTH 440 0
DWIDTH 18 0
BBX 14 19 3 0
BITMAP
FFFC
FFFC
F000
F000
F000
F000
F000
F000
F000
FFE0
FFE0
F000
F000
F000
F000
F000
F000
F000
F000
ENDCHAR
STARTCHAR uni0456.loclBSH
ENCODING -1
SWIDTH 248 0
DWIDTH 10 0
BBX 4 20 3 0
BITMAP
60
F0
F0
F0
F0
F0
F0
F0
F0
F0
F0
F0
F0
F0
F0
F0
F0
F0
F0
E0
ENDCHAR
STARTCHAR uni0499.loclBSH
ENCODING -1
SWIDTH 502 0
DWIDTH 20 0
BBX 17 26 1 -6
BITMAP
03F000
3FFE00
7FFF00
780F00
400700
000780
000780
000700
001F00
07FC00
07FE00
003F00
000780
000380
000380
000380
600780
FF3F00
7FFF00
1FFC00
01C000
01C000
01C000
01C000
01C000
008000
ENDCHAR
STARTCHAR uni04AB.loclBSH
ENCODING -1
SWIDTH 472 0
DWIDTH 19 0
BBX 16 26 2 -6
BITMAP
01F0
0FFE
1FFF
3F0F
7C02
7800
F000
F000
F000
F000
F000
F000
F000
F000
7800
7800
3C07
3FFF
0FFE
07FC
00E0
00E0
00E0
00E0
00E0
0040
ENDCHAR
STARTCHAR uni0499.loclCHU
ENCODING -1
SWIDTH 502 0
DWIDTH 20 0
BBX 17 28 1 -8
BITMAP
03F000
3FFE00
7FFF00
780F00
400700
000780
000780
000700
001F00
07FC00
07FE00
003F00
000780
000380
000380
000380
600780
FF3F00
7FFF00
1FFC00
00C000
01C000
01F800
001C00
001C00
023800
07F800
01E000
ENDCHAR
STARTCHAR uni04AB.loclCHU
ENCODING -1
SWIDTH 476 0
DWIDTH 19 0
BBX 16 28 2 -8
BITMAP
01F0
0FFE
1FFF
3F0F
7C02
7800
F000
F000
F000
F000
F000
F000
F000
F000
7800
7800
3C07
3FFF
0FFE
07FC
00C0
00C0
00F8
001C
000C
033C
03F8
00E0
ENDCHAR
STARTCHAR one.ss01
ENCODING -1
SWIDTH 600 0
DWIDTH 24 0
BBX 10 28 6 0
BITMAP
03C0
07C0
1FC0
3FC0
FDC0
F9C0
E1C0
01C0
01C0
01C0
01C0
01C0
01C0
01C0
01C0
01C0
01C0
01C0
01C0
01C0
01C0
01C0
01C0
01C0
01C0
01C0
01C0
01C0
ENDCHAR
STARTCHAR zero.tosf
ENCODING -1
SWIDTH 600 0
DWIDTH 24 0
BBX 20 20 2 0
BITMAP
01F800
07FE00
1FFF80
3F0FC0
3C03C0
7801E0
7000E0
F000F0
F000F0
F000F0
F000F0
F000F0
F000F0
F000F0
7801E0
7801E0
3E07C0
1FFF80
0FFF00
03FC00
ENDCHAR
STARTCHAR one.tosf
ENCODING -1
SWIDTH 600 0
DWIDTH 24 0
BBX 16 20 5 0
BITMAP
0180
03C0
0FC0
1FC0
7FC0
FBC0
E3C0
03C0
03C0
03C0
03C0
03C0
03C0
03C0
03C0
03C0
03C0
FFFF
FFFF
FFFF
ENDCHAR
STARTCHAR two.tosf
ENCODING -1
SWIDTH 600 0
DWIDTH 24 0
BBX 18 20 3 0
BITMAP
03F000
3FFC00
7FFF00
F81F00
600780
000780
000780
000780
000780
000F00
001F00
003E00
007C00
00F800
03E000
07C000
1F0000
7FFFC0
7FFFC0
7FFFC0
ENDCHAR
STARTCHAR three.tosf
ENCODING -1
SWIDTH 600 0
DWIDTH 24 0
BBX 19 28 2 -8
BITMAP
01F800
1FFE00
3FFF80
7C0F80
3003C0
0003C0
0001C0
0001C0
0001C0
0003C0
0003C0
000F80
03FF00
07FE00
07FF80
000FC0
0003C0
0001E0
0001E0
0000E0
0000E0
0001E0
6001E0
F803C0
7F1FC0
3FFF80
0FFE00
006000
ENDCHAR
STARTCHAR four.tosf
ENCODING -1
SWIDTH 600 0
DWIDTH 24 0
BBX 20 27 2 -7
BITMAP
000200
000700
000F00
001F00
003F00
003F00
007700
00E700
01E700
03C700
038700
070700
0F0700
1E0700
1C0700
380700
780700
FFFFF0
FFFFF0
FFFFF0
000700
000700
000700
000700
000700
000700
000700
ENDCHAR
STARTCHAR five.tosf
ENCODING -1
SWIDTH 600 0
DWIDTH 24 0
BBX 19 27 3 -8
BITMAP
7FFFC0
7FFFC0
780000
780000
780000
780000
780000
780000
780000
782000
7BFE00
7FFF00
7F3F80
7C07C0
7003C0
2003C0
0001E0
0001E0
0001E0
0001E0
0001C0
C003C0
F00780
FE1F80
7FFF00
1FFC00
01E000
ENDCHAR
STARTCHAR six.tosf
ENCODING -1
SWIDTH 600 0
DWIDTH 24 0
BBX 19 29 3 0
BITMAP
003000
03FF00
0FFF80
1FCFE0
3E01E0
3C0040
780000
700000
F00000
F00000
E00000
E00000
E1FE00
E7FF00
EF9F80
FC07C0
F803C0
F801E0
F001E0
F001E0
F001E0
F001E0
7001E0
7801C0
7803C0
3C0780
1FFF80
0FFF00
03FC00
ENDCHAR
STARTCHAR seven.tosf
ENCODING -1
SWIDTH 600 0
DWIDTH 24 0
BBX 18 26 3 -7
BITMAP
FFFFC0
FFFFC0
0003C0
000380
000780
000F00
000F00
001E00
001E00
003C00
003C00
007800
007800
00F000
00F000
01E000
01C000
03C000
078000
078000
0F0000
0F0000
1E0000
1E0000
3C0000
1C0000
ENDCHAR
STARTCHAR eight.tosf
ENCODING -1
SWIDTH 600 0
DWIDTH 24 0
BBX 20 29 2 0
BITMAP
006000
07FE00
1FFF80
3F9FC0
7C03E0
7801E0
7000E0
7000E0
7000E0
7000E0
7801E0
7801E0
3E07C0
1FFF80
07FE00
1FFF80
3E07C0
7801E0
F000E0
F000F0
E00070
E00070
E00070
F000F0
F000F0
7C03E0
3FFFC0
1FFF80
07FE00
ENDCHAR
STARTCHAR nine.tosf
ENCODING -1
SWIDTH 600 0
DWIDTH 24 0
BBX 19 28 2 -8
BITMAP
03F000
0FFC00
1FFF00
3E0F80
780780
7803C0
F001C0
F001E0
F001E0
F001E0
F001E0
F001E0
7003E0
7807E0
3E0EE0
3FFCE0
1FF8E0
07F0E0
0001E0
0001E0
0001C0
0003C0
400780
F00F80
FE7F00
7FFE00
1FF800
01C000
ENDCHAR
STARTCHAR one.tosf.ss01
ENCODING -1
SWIDTH 600 0
DWIDTH 24 0
BBX 10 20 5 0
BITMAP
00C0
03C0
0FC0
1FC0
7FC0
F9C0
F1C0
C1C0
01C0
01C0
01C0
01C0
01C0
01C0
01C0
01C0
01C0
01C0
01C0
01C0
ENDCHAR
STARTCHAR zero.dnom
ENCODING -1
SWIDTH 380 0
DWIDTH 15 0
BBX 13 17 1 0
BITMAP
0F80
3FE0
3DF0
7070
7070
7038
E038
E038
E038
E038
E038
7038
7070
7070
38F0
3FE0
0F80
ENDCHAR
STARTCHAR one.dnom
ENCODING -1
SWIDTH 380 0
DWIDTH 15 0
BBX 10 17 3 0
BITMAP
0E00
3E00
7E00
FE00
EE00
0E00
0E00
0E00
0E00
0E00
0E00
0E00
0E00
0E00
7F80
FFC0
FFC0
ENDCHAR
STARTCHAR two.dnom
ENCODING -1
SWIDTH 380 0
DWIDTH 15 0
BBX 12 17 2 0
BITMAP
3F00
FFC0
FFC0
C1E0
01E0
01E0
01C0
01C0
0380
0780
0F00
1E00
3C00
7800
FFE0
FFF0
FFE0
ENDCHAR
STARTCHAR three.dnom
ENCODING -1
SWIDTH 380 0
DWIDTH 15 0
BBX 12 17 1 0
BITMAP
1F80
7FE0
7FE0
60F0
0070
0070
00E0
1FC0
1FC0
1FE0
0070
0070
0070
4070
F9F0
7FE0
1FC0
ENDCHAR
STARTCHAR four.dnom
ENCODING -1
SWIDTH 380 0
DWIDTH 15 0
BBX 13 17 1 0
BITMAP
00E0
01E0
01E0
03E0
07E0
0EE0
0EE0
1CE0
38E0
38E0
70E0
FFF8
FFF8
7FF8
00E0
00E0
00E0
ENDCHAR
STARTCHAR five.dnom
ENCODING -1
SWIDTH 380 0
DWIDTH 15 0
BBX 12 17 2 0
BITMAP
7FE0
FFE0
FFC0
E000
E000
E000
E700
FFC0
FFE0
60F0
0070
0070
0070
C0F0
F1E0
FFC0
3F80
ENDCHAR
STARTCHAR six.dnom
ENCODING -1
SWIDTH 380 0
DWIDTH 15 0
BBX 13 17 1 0
BITMAP
07E0
1FF0
3E78
3810
7000
7000
7180
6FE0
EFF0
F878
7038
7038
7038
7038
3870
1FE0
0FC0
ENDCHAR
STARTCHAR seven.dnom
ENCODING -1
SWIDTH 380 0
DWIDTH 15 0
BBX 12 17 2 0
BITMAP
FFE0
FFF0
FFE0
00E0
01C0
01C0
0380
0380
0700
0700
0E00
0E00
1C00
1C00
3800
3800
3000
ENDCHAR
STARTCHAR eight.dnom
ENCODING -1
SWIDTH 380 0
DWIDTH 15 0
BBX 13 17 1 0
BITMAP
1FC0
3FE0
78F0
7030
6038
6030
7070
3FE0
1FC0
7FF0
7038
E038
E038
E038
7078
7FF0
1FC0
ENDCHAR
STARTCHAR nine.dnom
ENCODING -1
SWIDTH 380 0
DWIDTH 15 0
BBX 13 17 1 0
BITMAP
1F80
3FC0
78E0
6070
E070
E070
E078
7078
7FF8
3FB8
0C38
0070
0070
00F0
F3E0
7FC0
3F80
ENDCHAR
STARTCHAR zero.numr
ENCODING -1
SWIDTH 380 0
DWIDTH 15 0
BBX 13 17 1 11
BITMAP
0F80
3FE0
3DF0
7070
7070
7038
E038
E038
E038
E038
E038
7038
7070
7070
38F0
3FE0
0F80
ENDCHAR
STARTCHAR one.numr
ENCODING -1
SWIDTH 380 0
DWIDTH 15 0
BBX 10 17 3 11
BITMAP
0E00
3E00
7E00
FE00
EE00
0E00
0E00
0E00
0E00
0E00
0E00
0E00
0E00
0E00
7F80
FFC0
FFC0
ENDCHAR
STARTCHAR two.numr
ENCODING -1
SWIDTH 380 0
DWIDTH 15 0
BBX 12 17 2 11
BITMAP
3F00
FFC0
FFC0
C1E0
01E0
01E0
01C0
01C0
0380
0780
0F00
1E00
3C00
7800
FFE0
FFF0
FFE0
ENDCHAR
STARTCHAR three.numr
ENCODING -1
SWIDTH 380 0
DWIDTH 15 0
BBX 12 17 1 11
BITMAP
1F80
7FE0
7FE0
60F0
0070
0070
00E0
1FC0
1FC0
1FE0
0070
0070
0070
4070
F9F0
7FE0
1FC0
ENDCHAR
STARTCHAR four.numr
ENCODING -1
SWIDTH 380 0
DWIDTH 15 0
BBX 13 17 1 11
BITMAP
00E0
01E0
01E0
03E0
07E0
0EE0
0EE0
1CE0
38E0
38E0
70E0
FFF8
FFF8
7FF8
00E0
00E0
00E0
ENDCHAR
STARTCHAR five.numr
ENCODING -1
SWIDTH 380 0
DWIDTH 15 0
BBX 12 17 2 11
BITMAP
7FE0
FFE0
FFC0
E000
E000
E000
E700
FFC0
FFE0
60F0
0070
0070
0070
C0F0
F1E0
FFC0
3F80
ENDCHAR
STARTCHAR six.numr
ENCODING -1
SWIDTH 380 0
DWIDTH 15 0
BBX 13 17 1 11
BITMAP
07E0
1FF0
3E78
3810
7000
7000
7180
6FE0
EFF0
F878
7038
7038
7038
7038
3870
1FE0
0FC0
ENDCHAR
STARTCHAR seven.numr
ENCODING -1
SWIDTH 380 0
DWIDTH 15 0
BBX 12 17 2 11
BITMAP
FFE0
FFF0
FFE0
00E0
01C0
01C0
0380
0380
0700
0700
0E00
0E00
1C00
1C00
3800
3800
3000
ENDCHAR
STARTCHAR eight.numr
ENCODING -1
SWIDTH 380 0
DWIDTH 15 0
BBX 13 17 1 11
BITMAP
1FC0
3FE0
78F0
7030
6038
6030
7070
3FE0
1FC0
7FF0
7038
E038
E038
E038
7078
7FF0
1FC0
ENDCHAR
STARTCHAR nine.numr
ENCODING -1
SWIDTH 380 0
DWIDTH 15 0
BBX 13 17 1 11
BITMAP
1F80
3FC0
78E0
6070
E070
E070
E078
7078
7FF8
3FB8
0C38
0070
0070
00F0
F3E0
7FC0
3F80
ENDCHAR
STARTCHAR periodcentered.loclCAT
ENCODING -1
SWIDTH 62 0
DWIDTH 2 0
BBX 5 4 -1 12
BITMAP
F0
F8
F8
F0
ENDCHAR
STARTCHAR uni03060301
ENCODING -1
SWIDTH 0 0
DWIDTH 0 0
BBX 12 11 -6 22
BITMAP
00C0
01E0
01C0
0380
0380
C730
C630
E070
70E0
3FC0
1F80
ENDCHAR
STARTCHAR uni03060300
ENCODING -1
SWIDTH 0 0
DWIDTH 0 0
BBX 12 11 -6 22
BITMAP
3000
7800
3800
1C00
1C00
CE30
C630
E070
70E0
3FC0
1F80
ENDCHAR
STARTCHAR uni03060309
ENCODING -1
SWIDTH 0 0
DWIDTH 0 0
BBX 12 11 -6 22
BITMAP
0600
1F80
01C0
01C0
0180
C730
C230
E070
70E0
3FC0
1F80
ENDCHAR
STARTCHAR uni03060303
ENCODING -1
SWIDTH 0 0
DWIDTH 0 0
BBX 12 11 -6 22
BITMAP
1010
7C30
FFF0
C3E0
8080
0000
C030
C030
F0E0
7FE0
1F80
ENDCHAR
STARTCHAR uni03020301
ENCODING -1
SWIDTH 0 0
DWIDTH 0 0
BBX 15 11 -5 22
BITMAP
0004
000E
001C
001C
1E38
1E30
3F60
7380
6180
E1C0
C0C0
ENDCHAR
STARTCHAR uni03020300
ENCODING -1
SWIDTH 0 0
DWIDTH 0 0
BBX 12 11 -5 22
BITMAP
0080
01C0
01C0
00E0
1E60
1E30
3F30
7380
6180
E1C0
C0C0
ENDCHAR
STARTCHAR uni03020309
ENCODING -1
SWIDTH 0 0
DWIDTH 0 0
BBX 14 10 -5 22
BITMAP
01FC
01BC
001C
1E1C
1E38
3F60
7380
6180
E1C0
C0C0
ENDCHAR
STARTCHAR uni03020303
ENCODING -1
SWIDTH 0 0
DWIDTH 0 0
BBX 12 11 -6 22
BITMAP
1010
7C30
FFF0
C3E0
8080
0600
0F00
1F80
39C0
70E0
6060
ENDCHAR
STARTCHAR brevecombcy
ENCODING -1
SWIDTH 0 0
DWIDTH 0 0
BBX 14 6 -7 22
BITMAP
C00C
E01C
7038
7870
3FF0
0FC0
ENDCHAR
STARTCHAR brevecombcy.case
ENCODING -1
SWIDTH 0 0
DWIDTH 0 0
BBX 15 6 -8 30
BITMAP
E006
700E
781C
3FFC
0FF0
0380
ENDCHAR
STARTCHAR uni03080301
ENCODING -1
SWIDTH 0 0
DWIDTH 0 0
BBX 12 11 -6 22
BITMAP
00C0
00E0
01C0
03C0
0380
0700
0200
0000
70E0
F0F0
70E0
ENDCHAR
STARTCHAR uni03080304
ENCODING -1
SWIDTH 0 0
DWIDTH 0 0
BBX 12 8 -6 23
BITMAP
7FE0
FFF0
7FF0
0000
0000
70E0
F0F0
70E0
ENDCHAR
STARTCHAR uni03070304
ENCODING -1
SWIDTH 0 0
DWIDTH 0 0
BBX 12 8 -6 23
BITMAP
7FE0
FFF0
7FF0
0000
0000
0F00
0F00
0F00
ENDCHAR
STARTCHAR uni03010307
ENCODING -1
SWIDTH 0 0
DWIDTH 0 0
BBX 10 11 -4 22
BITMAP
F000
F000
7180
01C0
03C0
0380
0700
0F00
0E00
1C00
1C00
ENDCHAR
STARTCHAR uni030C.alt
ENCODING -1
SWIDTH 0 0
DWIDTH 0 0
BBX 3 8 0 20
BITMAP
E0
E0
C0
C0
C0
C0
C0
80
ENDCHAR
STARTCHAR uni030C0307
ENCODING -1
SWIDTH 0 0
DWIDTH 0 0
BBX 12 11 -6 22
BITMAP
0F00
0F00
0700
0000
C030
6060
70E0
39C0
1F80
1F80
0F00
ENDCHAR
STARTCHAR uni030A0301
ENCODING -1
SWIDTH 0 0
DWIDTH 0 0
BBX 13 11 -5 22
BITMAP
0038
0070
1EE0
3FC0
6180
C0C0
C0C0
C0C0
6180
7F80
3F00
ENDCHAR
STARTCHAR uni03030308
ENCODING -1
SWIDTH 0 0
DWIDTH 0 0
BBX 12 9 -6 22
BITMAP
70E0
F0F0
70E0
0000
0000
7C30
FE30
C7F0
C1E0
ENDCHAR
STARTCHAR tildecomb_acutecomb
ENCODING -1
SWIDTH 0 0
DWIDTH 0 0
BBX 12 11 -6 22
BITMAP
00C0
00E0
01C0
03C0
0380
0700
0200
7C30
FE30
C7F0
C1E0
ENDCHAR
STARTCHAR uni03030304
ENCODING -1
SWIDTH 0 0
DWIDTH 0 0
BBX 12 9 -6 22
BITMAP
7FE0
FFF0
7FF0
0000
0000
7C30
FE30
C7F0
C1E0
ENDCHAR
STARTCHAR uni03040308
ENCODING -1
SWIDTH 0 0
DWIDTH 0 0
BBX 12 8 -6 23
BITMAP
70E0
F0F0
70E0
2040
0000
0000
FFF0
FFF0
ENDCHAR
STARTCHAR uni03040300
ENCODING -1
SWIDTH 0 0
DWIDTH 0 0
BBX 12 10 -6 23
BITMAP
3000
7000
3800
3C00
1C00
0E00
0600
0000
FFF0
FFF0
ENDCHAR
STARTCHAR uni03040301
ENCODING -1
SWIDTH 0 0
DWIDTH 0 0
BBX 12 10 -6 23
BITMAP
00C0
00E0
01C0
03C0
0380
0700
0600
0000
FFF0
FFF0
ENDCHAR
STARTCHAR uni0308.case
ENCODING -1
SWIDTH 0 0
DWIDTH 0 0
BBX 12 4 -6 32
BITMAP
70E0
F0E0
F0F0
70E0
ENDCHAR
STARTCHAR uni03080301.case
ENCODING -1
SWIDTH 0 0
DWIDTH 0 0
BBX 12 11 -6 31
BITMAP
0040
00E0
01E0
01C0
0380
0700
0600
0000
70E0
F0F0
70E0
ENDCHAR
STARTCHAR uni03080304.case
ENCODING -1
SWIDTH 0 0
DWIDTH 0 0
BBX 12 7 -6 32
BITMAP
FFF0
FFF0
0000
0000
70E0
F0F0
70E0
ENDCHAR
STARTCHAR uni0307.case
ENCODING -1
SWIDTH 0 0
DWIDTH 0 0
BBX 4 4 -2 32
BITMAP
F0
F0
F0
F0
ENDCHAR
STARTCHAR uni03070304.case
ENCODING -1
SWIDTH 0 0
DWIDTH 0 0
BBX 12 7 -6 32
BITMAP
FFF0
FFF0
0000
0000
0F00
0F00
0F00
ENDCHAR
STARTCHAR gravecomb.case
ENCODING -1
SWIDTH 0 0
DWIDTH 0 0
BBX 7 8 -6 30
BITMAP
60
E0
F0
78
38
1C
0E
04
ENDCHAR
STARTCHAR acutecomb.case
ENCODING -1
SWIDTH 0 0
DWIDTH 0 0
BBX 7 8 -1 30
BITMAP
0C
0E
1E
3C
38
70
E0
40
ENDCHAR
STARTCHAR uni03010307.case
ENCODING -1
SWIDTH 0 0
DWIDTH 0 0
BBX 10 11 -4 30
BITMAP
6000
F000
F000
21C0
01C0
03C0
0780
0700
0E00
1C00
0800
ENDCHAR
STARTCHAR uni030B.case
ENCODING -1
SWIDTH 0 0
DWIDTH 0 0
BBX 11 8 -3 30
BITMAP
18C0
38E0
39C0
7180
6380
E300
C600
8400
ENDCHAR
STARTCHAR uni030C.alt.case
ENCODING -1
SWIDTH 0 0
DWIDTH 0 0
BBX 3 9 0 19
BITMAP
E0
E0
E0
E0
E0
E0
C0
C0
C0
ENDCHAR
STARTCHAR uni0302.case
ENCODING -1
SWIDTH 0 0
DWIDTH 0 0
BBX 12 8 -6 30
BITMAP
0600
0F00
1F80
39C0
79E0
70E0
E070
4020
ENDCHAR
STARTCHAR uni03020300.case
ENCODING -1
SWIDTH 0 0
DWIDTH 0 0
BBX 12 11 -5 30
BITMAP
0180
01C0
00E0
04E0
1E70
3F30
3F10
7380
E1C0
C0C0
8040
ENDCHAR
STARTCHAR uni03020301.case
ENCODING -1
SWIDTH 0 0
DWIDTH 0 0
BBX 15 11 -5 30
BITMAP
000E
000E
001C
0438
1E30
3F70
3F60
7380
E1C0
C0C0
8040
ENDCHAR
STARTCHAR uni03020303.case
ENCODING -1
SWIDTH 0 0
DWIDTH 0 0
BBX 12 11 -6 30
BITMAP
7830
FE30
C7F0
C3E0
0000
0F00
1F80
3FC0
70E0
6060
4020
ENDCHAR
STARTCHAR uni03020309.case
ENCODING -1
SWIDTH 0 0
DWIDTH 0 0
BBX 14 11 -5 30
BITMAP
00F8
01FC
001C
041C
1E18
3F70
3F20
7380
E1C0
C0C0
8040
ENDCHAR
STARTCHAR uni030C.case
ENCODING -1
SWIDTH 0 0
DWIDTH 0 0
BBX 12 8 -6 30
BITMAP
C030
E070
70E0
39C0
39C0
1F80
0F00
0600
ENDCHAR
STARTCHAR uni030C0307.case
ENCODING -1
SWIDTH 0 0
DWIDTH 0 0
BBX 12 12 -6 30
BITMAP
0700
0F00
0F00
0000
4020
E070
70E0
39C0
39C0
1F80
0F00
0600
ENDCHAR
STARTCHAR uni0306.case
ENCODING -1
SWIDTH 0 0
DWIDTH 0 0
BBX 14 7 -7 30
BITMAP
E01C
E01C
6018
7038
3FF0
1FE0
0300
ENDCHAR
STARTCHAR uni03060300.case
ENCODING -1
SWIDTH 0 0
DWIDTH 0 0
BBX 12 11 -6 30
BITMAP
3000
7800
3800
1C00
8E10
C630
C030
E070
7FE0
3FC0
0600
ENDCHAR
STARTCHAR uni03060301.case
ENCODING -1
SWIDTH 0 0
DWIDTH 0 0
BBX 12 11 -6 30
BITMAP
00C0
01E0
01C0
0380
8710
C630
C030
E070
7FE0
3FC0
0600
ENDCHAR
STARTCHAR uni03060303.case
ENCODING -1
SWIDTH 0 0
DWIDTH 0 0
BBX 12 11 -6 30
BITMAP
7830
FE30
C7F0
C3E0
0000
0000
C030
E070
7FE0
3FC0
0600
ENDCHAR
STARTCHAR uni03060309.case
ENCODING -1
SWIDTH 0 0
DWIDTH 0 0
BBX 12 11 -6 30
BITMAP
1F80
1FC0
01C0
01C0
8390
C730
C030
E070
7FE0
3FC0
0600
ENDCHAR
STARTCHAR uni030A.case
ENCODING -1
SWIDTH 0 0
DWIDTH 0 0
BBX 10 10 -5 30
BITMAP
0C00
3F00
7380
E1C0
C0C0
C0C0
E1C0
7380
3F00
1E00
ENDCHAR
STARTCHAR uni030A0301.case
ENCODING -1
SWIDTH 0 0
DWIDTH 0 0
BBX 13 12 -5 30
BITMAP
0010
0038
0070
3FE0
7380
6180
C0C0
C0C0
6180
6180
3F00
0E00
ENDCHAR
STARTCHAR tildecomb.case
ENCODING -1
SWIDTH 0 0
DWIDTH 0 0
BBX 16 6 -8 31
BITMAP
1C03
7F03
FFC7
C1FE
C0FE
8018
ENDCHAR
STARTCHAR uni03030308.case
ENCODING -1
SWIDTH 0 0
DWIDTH 0 0
BBX 12 9 -6 31
BITMAP
3040
F0F0
F0E0
20C0
0000
3810
FE30
EFF0
C3E0
ENDCHAR
STARTCHAR tildecomb_acutecomb.case
ENCODING -1
SWIDTH 0 0
DWIDTH 0 0
BBX 12 11 -6 31
BITMAP
0040
00E0
01E0
01C0
0380
0700
0600
3810
FE30
EFF0
C3E0
ENDCHAR
STARTCHAR uni03030304.case
ENCODING -1
SWIDTH 0 0
DWIDTH 0 0
BBX 12 8 -6 31
BITMAP
FFF0
FFF0
0000
0000
3810
FE30
EFF0
C3E0
ENDCHAR
STARTCHAR uni0304.case
ENCODING -1
SWIDTH 0 0
DWIDTH 0 0
BBX 14 2 -7 33
BITMAP
7FF8
FFFC
ENDCHAR
STARTCHAR uni03040308.case
ENCODING -1
SWIDTH 0 0
DWIDTH 0 0
BBX 12 8 -6 32
BITMAP
2040
70E0
F0F0
70E0
0000
0000
FFF0
FFF0
ENDCHAR
STARTCHAR uni03040300.case
ENCODING -1
SWIDTH 0 0
DWIDTH 0 0
BBX 12 10 -6 32
BITMAP
2000
7000
7800
3800
1C00
0E00
0600
0000
FFF0
FFF0
ENDCHAR
STARTCHAR uni03040301.case
ENCODING -1
SWIDTH 0 0
DWIDTH 0 0
BBX 12 10 -6 32
BITMAP
0040
00E0
01E0
01C0
0380
0700
0600
0000
FFF0
FFF0
ENDCHAR
STARTCHAR hookabovecomb.case
ENCODING -1
SWIDTH 0 0
DWIDTH 0 0
BBX 8 8 -4 30
BITMAP
3C
FF
47
07
0E
1C
18
18
ENDCHAR
STARTCHAR uni030F.case
ENCODING -1
SWIDTH 0 0
DWIDTH 0 0
BBX 11 8 -8 30
BITMAP
6300
E380
7380
31C0
38C0
18E0
0C60
0420
ENDCHAR
STARTCHAR uni0311.case
ENCODING -1
SWIDTH 0 0
DWIDTH 0 0
BBX 14 7 -7 30
BITMAP
1FE0
3FF0
7878
6018
E01C
E01C
4008
ENDCHAR
STARTCHAR uni0312.case
ENCODING -1
SWIDTH 0 0
DWIDTH 0 0
BBX 4 8 -2 30
BITMAP
60
60
C0
C0
F0
F0
F0
60
ENDCHAR
STARTCHAR uni031B.case
ENCODING -1
SWIDTH 0 0
DWIDTH 0 0
BBX 8 8 0 26
BITMAP
04
0F
0E
0E
0E
3E
FC
70
ENDCHAR
STARTCHAR uni0335.case
ENCODING -1
SWIDTH 0 0
DWIDTH 0 0
BBX 16 3 -8 13
BITMAP
7FFE
FFFF
FFFF
ENDCHAR
STARTCHAR uni0337.case
ENCODING -1
SWIDTH 0 0
DWIDTH 0 0
BBX 16 11 -8 10
BITMAP
0002
000F
003F
007E
01F8
07E0
0F80
3F00
FC00
F000
4000
ENDCHAR
STARTCHAR uni0338.case
ENCODING -1
SWIDTH 0 0
DWIDTH 0 0
BBX 20 32 -10 -2
BITMAP
000070
000070
0000F0
0000E0
0001C0
0003C0
000380
000780
000700
000E00
001E00
001C00
003C00
003800
007000
007000
00E000
01E000
01C000
03C000
038000
070000
0F0000
0E0000
1E0000
1C0000
380000
380000
700000
F00000
E00000
400000
ENDCHAR
STARTCHAR uni0335.cy
ENCODING -1
SWIDTH 0 0
DWIDTH 0 0
BBX 18 3 -9 12
BITMAP
7FFF80
FFFFC0
7FFF80
ENDCHAR
STARTCHAR tildecomb.o
ENCODING -1
SWIDTH 0 0
DWIDTH 0 0
BBX 14 6 -7 23
BITMAP
3C0C
7E1C
FFB8
C3F8
C1F0
8000
ENDCHAR
STARTCHAR uni030C.alt.t
ENCODING -1
SWIDTH 0 0
DWIDTH 0 0
BBX 3 7 0 21
BITMAP
E0
E0
C0
C0
C0
C0
C0
ENDCHAR
STARTCHAR uni0335.t
ENCODING -1
SWIDTH 0 0
DWIDTH 0 0
BBX 12 2 -6 9
BITMAP
FFF0
FFF0
ENDCHAR
STARTCHAR tildecomb.case.O
ENCODING -1
SWIDTH 0 0
DWIDTH 0 0
BBX 16 6 -8 31
BITMAP
1C03
3F06
7F86
E1FE
C0FC
C030
ENDCHAR
STARTCHAR uni031B.O.case
ENCODING -1
SWIDTH 0 0
DWIDTH 0 0
BBX 11 8 -1 26
BITMAP
0040
00E0
00E0
00E0
01E0
87C0
7F80
3F00
ENDCHAR
STARTCHAR uni02BF.case
ENCODING -1
SWIDTH 500 0
DWIDTH 20 0
BBX 4 8 6 30
BITMAP
70
E0
C0
C0
C0
E0
70
10
ENDCHAR
STARTCHAR uni02BE.case
ENCODING -1
SWIDTH 500 0
DWIDTH 20 0
BBX 4 8 10 30
BITMAP
E0
70
30
30
30
70
E0
80
ENDCHAR
ENDFONT
