ISO-10303-21;
HEADER;
FILE_DESCRIPTION(('KiCad electronic assembly'),'2;1');
FILE_NAME('GlucoBit-v2.step','2026-06-18T20:27:49',('Pcbnew'),('Kicad'),
  'Open CASCADE STEP processor 7.8','KiCad to STEP converter','Unknown'
  );
FILE_SCHEMA(('AUTOMOTIVE_DESIGN { 1 0 10303 214 1 1 1 1 }'));
ENDSEC;
DATA;
#1 = APPLICATION_PROTOCOL_DEFINITION('international standard',
  'automotive_design',2000,#2);
#2 = APPLICATION_CONTEXT(
  'core data for automotive mechanical design processes');
#3 = SHAPE_DEFINITION_REPRESENTATION(#4,#10);
#4 = PRODUCT_DEFINITION_SHAPE('','',#5);
#5 = PRODUCT_DEFINITION('design','',#6,#9);
#6 = PRODUCT_DEFINITION_FORMATION('','',#7);
#7 = PRODUCT('GlucoBit-v2 1','GlucoBit-v2 1','',(#8));
#8 = PRODUCT_CONTEXT('',#2,'mechanical');
#9 = PRODUCT_DEFINITION_CONTEXT('part definition',#2,'design');
#10 = SHAPE_REPRESENTATION('',(#11,#15,#19,#23,#27,#31,#35,#39,#43,#47,
    #51,#55,#59,#63,#67,#71,#75,#79,#83,#87,#91,#95,#99,#103,#107,#111,
    #115,#119,#123,#127,#131,#135,#139,#143,#147,#151),#155);
#11 = AXIS2_PLACEMENT_3D('',#12,#13,#14);
#12 = CARTESIAN_POINT('',(0.,0.,0.));
#13 = DIRECTION('',(0.,0.,1.));
#14 = DIRECTION('',(1.,0.,-0.));
#15 = AXIS2_PLACEMENT_3D('',#16,#17,#18);
#16 = CARTESIAN_POINT('',(131.875,-100.573836,1.595));
#17 = DIRECTION('',(-0.,0.,1.));
#18 = DIRECTION('',(1.110223024625E-16,-1.,0.));
#19 = AXIS2_PLACEMENT_3D('',#20,#21,#22);
#20 = CARTESIAN_POINT('',(124.675,-79.748836,1.595));
#21 = DIRECTION('',(0.,0.,1.));
#22 = DIRECTION('',(-1.,1.224646799147E-16,0.));
#23 = AXIS2_PLACEMENT_3D('',#24,#25,#26);
#24 = CARTESIAN_POINT('',(126.675,-101.998836,1.595));
#25 = DIRECTION('',(0.,0.,1.));
#26 = DIRECTION('',(-1.,1.224646799147E-16,0.));
#27 = AXIS2_PLACEMENT_3D('',#28,#29,#30);
#28 = CARTESIAN_POINT('',(136.1,-100.436336,1.595));
#29 = DIRECTION('',(-0.,0.,1.));
#30 = DIRECTION('',(1.110223024625E-16,-1.,0.));
#31 = AXIS2_PLACEMENT_3D('',#32,#33,#34);
#32 = CARTESIAN_POINT('',(157.8,-100.423836,1.595));
#33 = DIRECTION('',(-0.,0.,1.));
#34 = DIRECTION('',(1.110223024625E-16,-1.,0.));
#35 = AXIS2_PLACEMENT_3D('',#36,#37,#38);
#36 = CARTESIAN_POINT('',(122.9125,-101.998836,1.595));
#37 = DIRECTION('',(0.,0.,1.));
#38 = DIRECTION('',(1.,0.,0.));
#39 = AXIS2_PLACEMENT_3D('',#40,#41,#42);
#40 = CARTESIAN_POINT('',(120.9,-99.498836,1.595));
#41 = DIRECTION('',(0.,0.,1.));
#42 = DIRECTION('',(1.,0.,0.));
#43 = AXIS2_PLACEMENT_3D('',#44,#45,#46);
#44 = CARTESIAN_POINT('',(132.325,-93.248836,1.595));
#45 = DIRECTION('',(0.,0.,1.));
#46 = DIRECTION('',(1.,0.,0.));
#47 = AXIS2_PLACEMENT_3D('',#48,#49,#50);
#48 = CARTESIAN_POINT('',(127.6,-94.448836,1.595));
#49 = DIRECTION('',(-0.,0.,1.));
#50 = DIRECTION('',(1.110223024625E-16,-1.,0.));
#51 = AXIS2_PLACEMENT_3D('',#52,#53,#54);
#52 = CARTESIAN_POINT('',(124.6,-83.823836,1.595));
#53 = DIRECTION('',(0.,-0.,1.));
#54 = DIRECTION('',(1.110223024625E-16,1.,0.));
#55 = AXIS2_PLACEMENT_3D('',#56,#57,#58);
#56 = CARTESIAN_POINT('',(119.65,-78.248836,1.595));
#57 = DIRECTION('',(0.,0.,1.));
#58 = DIRECTION('',(1.,0.,0.));
#59 = AXIS2_PLACEMENT_3D('',#60,#61,#62);
#60 = CARTESIAN_POINT('',(130.275,-100.573836,1.595));
#61 = DIRECTION('',(-0.,0.,1.));
#62 = DIRECTION('',(1.110223024625E-16,-1.,0.));
#63 = AXIS2_PLACEMENT_3D('',#64,#65,#66);
#64 = CARTESIAN_POINT('',(135.35,-86.173836,1.595));
#65 = DIRECTION('',(0.,-0.,1.));
#66 = DIRECTION('',(1.110223024625E-16,1.,0.));
#67 = AXIS2_PLACEMENT_3D('',#68,#69,#70);
#68 = CARTESIAN_POINT('',(131.35,-83.508836,1.595));
#69 = DIRECTION('',(0.,0.,1.));
#70 = DIRECTION('',(1.,0.,0.));
#71 = AXIS2_PLACEMENT_3D('',#72,#73,#74);
#72 = CARTESIAN_POINT('',(130.302,-75.123836,1.595));
#73 = DIRECTION('',(0.,0.,1.));
#74 = DIRECTION('',(1.,0.,0.));
#75 = AXIS2_PLACEMENT_3D('',#76,#77,#78);
#76 = CARTESIAN_POINT('',(133.9875,-89.698836,1.595));
#77 = DIRECTION('',(0.,0.,1.));
#78 = DIRECTION('',(1.,0.,0.));
#79 = AXIS2_PLACEMENT_3D('',#80,#81,#82);
#80 = CARTESIAN_POINT('',(154.5,-100.473836,1.595));
#81 = DIRECTION('',(0.,-0.,1.));
#82 = DIRECTION('',(1.110223024625E-16,1.,0.));
#83 = AXIS2_PLACEMENT_3D('',#84,#85,#86);
#84 = CARTESIAN_POINT('',(137.1,-90.823836,1.595));
#85 = DIRECTION('',(-0.,0.,1.));
#86 = DIRECTION('',(1.110223024625E-16,-1.,0.));
#87 = AXIS2_PLACEMENT_3D('',#88,#89,#90);
#88 = CARTESIAN_POINT('',(124.85,-76.498836,1.595));
#89 = DIRECTION('',(0.,-1.,1.110223024625E-16));
#90 = DIRECTION('',(1.,0.,0.));
#91 = AXIS2_PLACEMENT_3D('',#92,#93,#94);
#92 = CARTESIAN_POINT('',(137.1,-87.573836,1.595));
#93 = DIRECTION('',(-0.,0.,1.));
#94 = DIRECTION('',(1.110223024625E-16,-1.,0.));
#95 = AXIS2_PLACEMENT_3D('',#96,#97,#98);
#96 = CARTESIAN_POINT('',(129.65,-94.448836,1.595));
#97 = DIRECTION('',(-0.,0.,1.));
#98 = DIRECTION('',(1.110223024625E-16,-1.,0.));
#99 = AXIS2_PLACEMENT_3D('',#100,#101,#102);
#100 = CARTESIAN_POINT('',(158.4,-76.248836,1.595));
#101 = DIRECTION('',(0.,-0.,1.));
#102 = DIRECTION('',(1.110223024625E-16,1.,0.));
#103 = AXIS2_PLACEMENT_3D('',#104,#105,#106);
#104 = CARTESIAN_POINT('',(124.775,-97.498836,1.595));
#105 = DIRECTION('',(0.,0.,1.));
#106 = DIRECTION('',(-1.,1.224646799147E-16,0.));
#107 = AXIS2_PLACEMENT_3D('',#108,#109,#110);
#108 = CARTESIAN_POINT('',(130.3,-77.1,1.595));
#109 = DIRECTION('',(0.,0.,1.));
#110 = DIRECTION('',(1.,0.,0.));
#111 = AXIS2_PLACEMENT_3D('',#112,#113,#114);
#112 = CARTESIAN_POINT('',(133.9,-96.673836,1.595));
#113 = DIRECTION('',(0.,-0.,1.));
#114 = DIRECTION('',(1.110223024625E-16,1.,0.));
#115 = AXIS2_PLACEMENT_3D('',#116,#117,#118);
#116 = CARTESIAN_POINT('',(132.4,-86.248836,1.595));
#117 = DIRECTION('',(0.,0.,1.));
#118 = DIRECTION('',(1.,0.,0.));
#119 = AXIS2_PLACEMENT_3D('',#120,#121,#122);
#120 = CARTESIAN_POINT('',(156.1,-100.423836,1.595));
#121 = DIRECTION('',(0.,-0.,1.));
#122 = DIRECTION('',(1.110223024625E-16,1.,0.));
#123 = AXIS2_PLACEMENT_3D('',#124,#125,#126);
#124 = CARTESIAN_POINT('',(160.65,-76.923836,1.595));
#125 = DIRECTION('',(0.,-0.,1.));
#126 = DIRECTION('',(1.110223024625E-16,1.,0.));
#127 = AXIS2_PLACEMENT_3D('',#128,#129,#130);
#128 = CARTESIAN_POINT('',(124.775,-95.748836,1.595));
#129 = DIRECTION('',(0.,0.,1.));
#130 = DIRECTION('',(1.,0.,0.));
#131 = AXIS2_PLACEMENT_3D('',#132,#133,#134);
#132 = CARTESIAN_POINT('',(136.225,-96.873836,1.595));
#133 = DIRECTION('',(0.,-0.,1.));
#134 = DIRECTION('',(1.110223024625E-16,1.,0.));
#135 = AXIS2_PLACEMENT_3D('',#136,#137,#138);
#136 = CARTESIAN_POINT('',(135.825,-94.248836,1.595));
#137 = DIRECTION('',(0.,0.,1.));
#138 = DIRECTION('',(-1.,1.224646799147E-16,0.));
#139 = AXIS2_PLACEMENT_3D('',#140,#141,#142);
#140 = CARTESIAN_POINT('',(133.825,-100.436336,1.595));
#141 = DIRECTION('',(-0.,0.,1.));
#142 = DIRECTION('',(1.110223024625E-16,-1.,0.));
#143 = AXIS2_PLACEMENT_3D('',#144,#145,#146);
#144 = CARTESIAN_POINT('',(143.9,-102.,1.595));
#145 = DIRECTION('',(0.,-0.,1.));
#146 = DIRECTION('',(1.110223024625E-16,1.,0.));
#147 = AXIS2_PLACEMENT_3D('',#148,#149,#150);
#148 = CARTESIAN_POINT('',(136.2,-75.692,1.595));
#149 = DIRECTION('',(0.,0.,1.));
#150 = DIRECTION('',(1.,0.,0.));
#151 = AXIS2_PLACEMENT_3D('',#152,#153,#154);
#152 = CARTESIAN_POINT('',(0.,0.,0.));
#153 = DIRECTION('',(0.,0.,1.));
#154 = DIRECTION('',(1.,0.,-0.));
#155 = ( GEOMETRIC_REPRESENTATION_CONTEXT(3) 
GLOBAL_UNCERTAINTY_ASSIGNED_CONTEXT((#159)) GLOBAL_UNIT_ASSIGNED_CONTEXT
((#156,#157,#158)) REPRESENTATION_CONTEXT('Context #1',
  '3D Context with UNIT and UNCERTAINTY') );
#156 = ( LENGTH_UNIT() NAMED_UNIT(*) SI_UNIT(.MILLI.,.METRE.) );
#157 = ( NAMED_UNIT(*) PLANE_ANGLE_UNIT() SI_UNIT($,.RADIAN.) );
#158 = ( NAMED_UNIT(*) SI_UNIT($,.STERADIAN.) SOLID_ANGLE_UNIT() );
#159 = UNCERTAINTY_MEASURE_WITH_UNIT(LENGTH_MEASURE(1.E-07),#156,
  'distance_accuracy_value','confusion accuracy');
#160 = PRODUCT_RELATED_PRODUCT_CATEGORY('part',$,(#7));
#161 = SHAPE_DEFINITION_REPRESENTATION(#162,#168);
#162 = PRODUCT_DEFINITION_SHAPE('','',#163);
#163 = PRODUCT_DEFINITION('design','',#164,#167);
#164 = PRODUCT_DEFINITION_FORMATION('','',#165);
#165 = PRODUCT('R_0603_1608Metric','R_0603_1608Metric','',(#166));
#166 = PRODUCT_CONTEXT('',#2,'mechanical');
#167 = PRODUCT_DEFINITION_CONTEXT('part definition',#2,'design');
#168 = ADVANCED_BREP_SHAPE_REPRESENTATION('',(#11,#169),#959);
#169 = MANIFOLD_SOLID_BREP('',#170);
#170 = CLOSED_SHELL('',(#171,#211,#294,#319,#344,#411,#428,#445,#494,
    #511,#528,#577,#594,#663,#694,#718,#787,#811,#828,#845,#862,#879,
    #896,#913,#930,#947));
#171 = ADVANCED_FACE('',(#172),#206,.F.);
#172 = FACE_BOUND('',#173,.F.);
#173 = EDGE_LOOP('',(#174,#184,#192,#200));
#174 = ORIENTED_EDGE('',*,*,#175,.F.);
#175 = EDGE_CURVE('',#176,#178,#180,.T.);
#176 = VERTEX_POINT('',#177);
#177 = CARTESIAN_POINT('',(-0.8,-0.4,4.5E-02));
#178 = VERTEX_POINT('',#179);
#179 = CARTESIAN_POINT('',(-0.8,-0.4,0.405));
#180 = LINE('',#181,#182);
#181 = CARTESIAN_POINT('',(-0.8,-0.4,0.));
#182 = VECTOR('',#183,1.);
#183 = DIRECTION('',(0.,0.,1.));
#184 = ORIENTED_EDGE('',*,*,#185,.T.);
#185 = EDGE_CURVE('',#176,#186,#188,.T.);
#186 = VERTEX_POINT('',#187);
#187 = CARTESIAN_POINT('',(-0.8,0.4,4.5E-02));
#188 = LINE('',#189,#190);
#189 = CARTESIAN_POINT('',(-0.8,-0.4,4.5E-02));
#190 = VECTOR('',#191,1.);
#191 = DIRECTION('',(0.,1.,0.));
#192 = ORIENTED_EDGE('',*,*,#193,.T.);
#193 = EDGE_CURVE('',#186,#194,#196,.T.);
#194 = VERTEX_POINT('',#195);
#195 = CARTESIAN_POINT('',(-0.8,0.4,0.405));
#196 = LINE('',#197,#198);
#197 = CARTESIAN_POINT('',(-0.8,0.4,0.));
#198 = VECTOR('',#199,1.);
#199 = DIRECTION('',(0.,0.,1.));
#200 = ORIENTED_EDGE('',*,*,#201,.F.);
#201 = EDGE_CURVE('',#178,#194,#202,.T.);
#202 = LINE('',#203,#204);
#203 = CARTESIAN_POINT('',(-0.8,-0.4,0.405));
#204 = VECTOR('',#205,1.);
#205 = DIRECTION('',(0.,1.,0.));
#206 = PLANE('',#207);
#207 = AXIS2_PLACEMENT_3D('',#208,#209,#210);
#208 = CARTESIAN_POINT('',(-0.8,-0.4,0.));
#209 = DIRECTION('',(1.,0.,0.));
#210 = DIRECTION('',(0.,0.,1.));
#211 = ADVANCED_FACE('',(#212),#289,.F.);
#212 = FACE_BOUND('',#213,.F.);
#213 = EDGE_LOOP('',(#214,#224,#231,#232,#241,#249,#258,#266,#274,#282)
  );
#214 = ORIENTED_EDGE('',*,*,#215,.F.);
#215 = EDGE_CURVE('',#216,#218,#220,.T.);
#216 = VERTEX_POINT('',#217);
#217 = CARTESIAN_POINT('',(-0.755,-0.4,-2.775557561563E-17));
#218 = VERTEX_POINT('',#219);
#219 = CARTESIAN_POINT('',(-0.545,-0.4,-2.775557561563E-17));
#220 = LINE('',#221,#222);
#221 = CARTESIAN_POINT('',(-0.8,-0.4,0.));
#222 = VECTOR('',#223,1.);
#223 = DIRECTION('',(1.,0.,0.));
#224 = ORIENTED_EDGE('',*,*,#225,.F.);
#225 = EDGE_CURVE('',#176,#216,#226,.T.);
#226 = CIRCLE('',#227,4.5E-02);
#227 = AXIS2_PLACEMENT_3D('',#228,#229,#230);
#228 = CARTESIAN_POINT('',(-0.755,-0.4,4.5E-02));
#229 = DIRECTION('',(0.,-1.,0.));
#230 = DIRECTION('',(0.,0.,1.));
#231 = ORIENTED_EDGE('',*,*,#175,.T.);
#232 = ORIENTED_EDGE('',*,*,#233,.T.);
#233 = EDGE_CURVE('',#178,#234,#236,.T.);
#234 = VERTEX_POINT('',#235);
#235 = CARTESIAN_POINT('',(-0.755,-0.4,0.45));
#236 = CIRCLE('',#237,4.5E-02);
#237 = AXIS2_PLACEMENT_3D('',#238,#239,#240);
#238 = CARTESIAN_POINT('',(-0.755,-0.4,0.405));
#239 = DIRECTION('',(0.,1.,0.));
#240 = DIRECTION('',(0.,-0.,1.));
#241 = ORIENTED_EDGE('',*,*,#242,.T.);
#242 = EDGE_CURVE('',#234,#243,#245,.T.);
#243 = VERTEX_POINT('',#244);
#244 = CARTESIAN_POINT('',(-0.545,-0.4,0.45));
#245 = LINE('',#246,#247);
#246 = CARTESIAN_POINT('',(-0.8,-0.4,0.45));
#247 = VECTOR('',#248,1.);
#248 = DIRECTION('',(1.,0.,0.));
#249 = ORIENTED_EDGE('',*,*,#250,.F.);
#250 = EDGE_CURVE('',#251,#243,#253,.T.);
#251 = VERTEX_POINT('',#252);
#252 = CARTESIAN_POINT('',(-0.5,-0.4,0.405));
#253 = CIRCLE('',#254,4.5E-02);
#254 = AXIS2_PLACEMENT_3D('',#255,#256,#257);
#255 = CARTESIAN_POINT('',(-0.545,-0.4,0.405));
#256 = DIRECTION('',(0.,-1.,0.));
#257 = DIRECTION('',(0.,0.,1.));
#258 = ORIENTED_EDGE('',*,*,#259,.F.);
#259 = EDGE_CURVE('',#260,#251,#262,.T.);
#260 = VERTEX_POINT('',#261);
#261 = CARTESIAN_POINT('',(-0.755,-0.4,0.405));
#262 = LINE('',#263,#264);
#263 = CARTESIAN_POINT('',(-0.755,-0.4,0.405));
#264 = VECTOR('',#265,1.);
#265 = DIRECTION('',(1.,0.,0.));
#266 = ORIENTED_EDGE('',*,*,#267,.F.);
#267 = EDGE_CURVE('',#268,#260,#270,.T.);
#268 = VERTEX_POINT('',#269);
#269 = CARTESIAN_POINT('',(-0.755,-0.4,4.5E-02));
#270 = LINE('',#271,#272);
#271 = CARTESIAN_POINT('',(-0.755,-0.4,4.5E-02));
#272 = VECTOR('',#273,1.);
#273 = DIRECTION('',(0.,0.,1.));
#274 = ORIENTED_EDGE('',*,*,#275,.T.);
#275 = EDGE_CURVE('',#268,#276,#278,.T.);
#276 = VERTEX_POINT('',#277);
#277 = CARTESIAN_POINT('',(-0.5,-0.4,4.5E-02));
#278 = LINE('',#279,#280);
#279 = CARTESIAN_POINT('',(-0.755,-0.4,4.5E-02));
#280 = VECTOR('',#281,1.);
#281 = DIRECTION('',(1.,0.,0.));
#282 = ORIENTED_EDGE('',*,*,#283,.T.);
#283 = EDGE_CURVE('',#276,#218,#284,.T.);
#284 = CIRCLE('',#285,4.5E-02);
#285 = AXIS2_PLACEMENT_3D('',#286,#287,#288);
#286 = CARTESIAN_POINT('',(-0.545,-0.4,4.5E-02));
#287 = DIRECTION('',(0.,1.,0.));
#288 = DIRECTION('',(0.,-0.,1.));
#289 = PLANE('',#290);
#290 = AXIS2_PLACEMENT_3D('',#291,#292,#293);
#291 = CARTESIAN_POINT('',(-0.8,-0.4,0.));
#292 = DIRECTION('',(0.,1.,0.));
#293 = DIRECTION('',(0.,-0.,1.));
#294 = ADVANCED_FACE('',(#295),#314,.T.);
#295 = FACE_BOUND('',#296,.T.);
#296 = EDGE_LOOP('',(#297,#298,#307,#313));
#297 = ORIENTED_EDGE('',*,*,#185,.T.);
#298 = ORIENTED_EDGE('',*,*,#299,.T.);
#299 = EDGE_CURVE('',#186,#300,#302,.T.);
#300 = VERTEX_POINT('',#301);
#301 = CARTESIAN_POINT('',(-0.755,0.4,-2.775557561563E-17));
#302 = CIRCLE('',#303,4.5E-02);
#303 = AXIS2_PLACEMENT_3D('',#304,#305,#306);
#304 = CARTESIAN_POINT('',(-0.755,0.4,4.5E-02));
#305 = DIRECTION('',(0.,-1.,0.));
#306 = DIRECTION('',(0.,0.,1.));
#307 = ORIENTED_EDGE('',*,*,#308,.F.);
#308 = EDGE_CURVE('',#216,#300,#309,.T.);
#309 = LINE('',#310,#311);
#310 = CARTESIAN_POINT('',(-0.755,-0.4,-2.775557561563E-17));
#311 = VECTOR('',#312,1.);
#312 = DIRECTION('',(0.,1.,0.));
#313 = ORIENTED_EDGE('',*,*,#225,.F.);
#314 = CYLINDRICAL_SURFACE('',#315,4.5E-02);
#315 = AXIS2_PLACEMENT_3D('',#316,#317,#318);
#316 = CARTESIAN_POINT('',(-0.755,-0.4,4.5E-02));
#317 = DIRECTION('',(0.,1.,0.));
#318 = DIRECTION('',(-1.,0.,0.));
#319 = ADVANCED_FACE('',(#320),#339,.T.);
#320 = FACE_BOUND('',#321,.T.);
#321 = EDGE_LOOP('',(#322,#323,#331,#338));
#322 = ORIENTED_EDGE('',*,*,#233,.T.);
#323 = ORIENTED_EDGE('',*,*,#324,.T.);
#324 = EDGE_CURVE('',#234,#325,#327,.T.);
#325 = VERTEX_POINT('',#326);
#326 = CARTESIAN_POINT('',(-0.755,0.4,0.45));
#327 = LINE('',#328,#329);
#328 = CARTESIAN_POINT('',(-0.755,-0.4,0.45));
#329 = VECTOR('',#330,1.);
#330 = DIRECTION('',(0.,1.,0.));
#331 = ORIENTED_EDGE('',*,*,#332,.F.);
#332 = EDGE_CURVE('',#194,#325,#333,.T.);
#333 = CIRCLE('',#334,4.5E-02);
#334 = AXIS2_PLACEMENT_3D('',#335,#336,#337);
#335 = CARTESIAN_POINT('',(-0.755,0.4,0.405));
#336 = DIRECTION('',(0.,1.,0.));
#337 = DIRECTION('',(0.,-0.,1.));
#338 = ORIENTED_EDGE('',*,*,#201,.F.);
#339 = CYLINDRICAL_SURFACE('',#340,4.5E-02);
#340 = AXIS2_PLACEMENT_3D('',#341,#342,#343);
#341 = CARTESIAN_POINT('',(-0.755,-0.4,0.405));
#342 = DIRECTION('',(0.,1.,0.));
#343 = DIRECTION('',(-1.,0.,0.));
#344 = ADVANCED_FACE('',(#345),#406,.T.);
#345 = FACE_BOUND('',#346,.T.);
#346 = EDGE_LOOP('',(#347,#355,#356,#357,#358,#366,#375,#383,#391,#399)
  );
#347 = ORIENTED_EDGE('',*,*,#348,.F.);
#348 = EDGE_CURVE('',#300,#349,#351,.T.);
#349 = VERTEX_POINT('',#350);
#350 = CARTESIAN_POINT('',(-0.545,0.4,-2.775557561563E-17));
#351 = LINE('',#352,#353);
#352 = CARTESIAN_POINT('',(-0.8,0.4,0.));
#353 = VECTOR('',#354,1.);
#354 = DIRECTION('',(1.,0.,0.));
#355 = ORIENTED_EDGE('',*,*,#299,.F.);
#356 = ORIENTED_EDGE('',*,*,#193,.T.);
#357 = ORIENTED_EDGE('',*,*,#332,.T.);
#358 = ORIENTED_EDGE('',*,*,#359,.T.);
#359 = EDGE_CURVE('',#325,#360,#362,.T.);
#360 = VERTEX_POINT('',#361);
#361 = CARTESIAN_POINT('',(-0.545,0.4,0.45));
#362 = LINE('',#363,#364);
#363 = CARTESIAN_POINT('',(-0.8,0.4,0.45));
#364 = VECTOR('',#365,1.);
#365 = DIRECTION('',(1.,0.,0.));
#366 = ORIENTED_EDGE('',*,*,#367,.F.);
#367 = EDGE_CURVE('',#368,#360,#370,.T.);
#368 = VERTEX_POINT('',#369);
#369 = CARTESIAN_POINT('',(-0.5,0.4,0.405));
#370 = CIRCLE('',#371,4.5E-02);
#371 = AXIS2_PLACEMENT_3D('',#372,#373,#374);
#372 = CARTESIAN_POINT('',(-0.545,0.4,0.405));
#373 = DIRECTION('',(0.,-1.,0.));
#374 = DIRECTION('',(0.,0.,1.));
#375 = ORIENTED_EDGE('',*,*,#376,.F.);
#376 = EDGE_CURVE('',#377,#368,#379,.T.);
#377 = VERTEX_POINT('',#378);
#378 = CARTESIAN_POINT('',(-0.755,0.4,0.405));
#379 = LINE('',#380,#381);
#380 = CARTESIAN_POINT('',(-0.755,0.4,0.405));
#381 = VECTOR('',#382,1.);
#382 = DIRECTION('',(1.,0.,0.));
#383 = ORIENTED_EDGE('',*,*,#384,.F.);
#384 = EDGE_CURVE('',#385,#377,#387,.T.);
#385 = VERTEX_POINT('',#386);
#386 = CARTESIAN_POINT('',(-0.755,0.4,4.5E-02));
#387 = LINE('',#388,#389);
#388 = CARTESIAN_POINT('',(-0.755,0.4,4.5E-02));
#389 = VECTOR('',#390,1.);
#390 = DIRECTION('',(0.,0.,1.));
#391 = ORIENTED_EDGE('',*,*,#392,.T.);
#392 = EDGE_CURVE('',#385,#393,#395,.T.);
#393 = VERTEX_POINT('',#394);
#394 = CARTESIAN_POINT('',(-0.5,0.4,4.5E-02));
#395 = LINE('',#396,#397);
#396 = CARTESIAN_POINT('',(-0.755,0.4,4.5E-02));
#397 = VECTOR('',#398,1.);
#398 = DIRECTION('',(1.,0.,0.));
#399 = ORIENTED_EDGE('',*,*,#400,.T.);
#400 = EDGE_CURVE('',#393,#349,#401,.T.);
#401 = CIRCLE('',#402,4.5E-02);
#402 = AXIS2_PLACEMENT_3D('',#403,#404,#405);
#403 = CARTESIAN_POINT('',(-0.545,0.4,4.5E-02));
#404 = DIRECTION('',(0.,1.,0.));
#405 = DIRECTION('',(0.,-0.,1.));
#406 = PLANE('',#407);
#407 = AXIS2_PLACEMENT_3D('',#408,#409,#410);
#408 = CARTESIAN_POINT('',(-0.8,0.4,0.));
#409 = DIRECTION('',(0.,1.,0.));
#410 = DIRECTION('',(0.,-0.,1.));
#411 = ADVANCED_FACE('',(#412),#423,.F.);
#412 = FACE_BOUND('',#413,.F.);
#413 = EDGE_LOOP('',(#414,#415,#416,#417));
#414 = ORIENTED_EDGE('',*,*,#348,.F.);
#415 = ORIENTED_EDGE('',*,*,#308,.F.);
#416 = ORIENTED_EDGE('',*,*,#215,.T.);
#417 = ORIENTED_EDGE('',*,*,#418,.T.);
#418 = EDGE_CURVE('',#218,#349,#419,.T.);
#419 = LINE('',#420,#421);
#420 = CARTESIAN_POINT('',(-0.545,-0.4,-2.775557561563E-17));
#421 = VECTOR('',#422,1.);
#422 = DIRECTION('',(0.,1.,0.));
#423 = PLANE('',#424);
#424 = AXIS2_PLACEMENT_3D('',#425,#426,#427);
#425 = CARTESIAN_POINT('',(-0.8,-0.4,0.));
#426 = DIRECTION('',(0.,0.,1.));
#427 = DIRECTION('',(1.,0.,-0.));
#428 = ADVANCED_FACE('',(#429),#440,.T.);
#429 = FACE_BOUND('',#430,.T.);
#430 = EDGE_LOOP('',(#431,#432,#433,#434));
#431 = ORIENTED_EDGE('',*,*,#283,.T.);
#432 = ORIENTED_EDGE('',*,*,#418,.T.);
#433 = ORIENTED_EDGE('',*,*,#400,.F.);
#434 = ORIENTED_EDGE('',*,*,#435,.F.);
#435 = EDGE_CURVE('',#276,#393,#436,.T.);
#436 = LINE('',#437,#438);
#437 = CARTESIAN_POINT('',(-0.5,-0.4,4.5E-02));
#438 = VECTOR('',#439,1.);
#439 = DIRECTION('',(0.,1.,0.));
#440 = CYLINDRICAL_SURFACE('',#441,4.5E-02);
#441 = AXIS2_PLACEMENT_3D('',#442,#443,#444);
#442 = CARTESIAN_POINT('',(-0.545,-0.4,4.5E-02));
#443 = DIRECTION('',(0.,1.,0.));
#444 = DIRECTION('',(1.,0.,0.));
#445 = ADVANCED_FACE('',(#446),#489,.F.);
#446 = FACE_BOUND('',#447,.F.);
#447 = EDGE_LOOP('',(#448,#449,#450,#451,#459,#467,#475,#483));
#448 = ORIENTED_EDGE('',*,*,#275,.F.);
#449 = ORIENTED_EDGE('',*,*,#267,.T.);
#450 = ORIENTED_EDGE('',*,*,#259,.T.);
#451 = ORIENTED_EDGE('',*,*,#452,.T.);
#452 = EDGE_CURVE('',#251,#453,#455,.T.);
#453 = VERTEX_POINT('',#454);
#454 = CARTESIAN_POINT('',(0.5,-0.4,0.405));
#455 = LINE('',#456,#457);
#456 = CARTESIAN_POINT('',(-0.5,-0.4,0.405));
#457 = VECTOR('',#458,1.);
#458 = DIRECTION('',(1.,0.,0.));
#459 = ORIENTED_EDGE('',*,*,#460,.T.);
#460 = EDGE_CURVE('',#453,#461,#463,.T.);
#461 = VERTEX_POINT('',#462);
#462 = CARTESIAN_POINT('',(0.755,-0.4,0.405));
#463 = LINE('',#464,#465);
#464 = CARTESIAN_POINT('',(-0.755,-0.4,0.405));
#465 = VECTOR('',#466,1.);
#466 = DIRECTION('',(1.,0.,0.));
#467 = ORIENTED_EDGE('',*,*,#468,.F.);
#468 = EDGE_CURVE('',#469,#461,#471,.T.);
#469 = VERTEX_POINT('',#470);
#470 = CARTESIAN_POINT('',(0.755,-0.4,4.5E-02));
#471 = LINE('',#472,#473);
#472 = CARTESIAN_POINT('',(0.755,-0.4,4.5E-02));
#473 = VECTOR('',#474,1.);
#474 = DIRECTION('',(0.,0.,1.));
#475 = ORIENTED_EDGE('',*,*,#476,.F.);
#476 = EDGE_CURVE('',#477,#469,#479,.T.);
#477 = VERTEX_POINT('',#478);
#478 = CARTESIAN_POINT('',(0.5,-0.4,4.5E-02));
#479 = LINE('',#480,#481);
#480 = CARTESIAN_POINT('',(-0.755,-0.4,4.5E-02));
#481 = VECTOR('',#482,1.);
#482 = DIRECTION('',(1.,0.,0.));
#483 = ORIENTED_EDGE('',*,*,#484,.F.);
#484 = EDGE_CURVE('',#276,#477,#485,.T.);
#485 = LINE('',#486,#487);
#486 = CARTESIAN_POINT('',(-0.755,-0.4,4.5E-02));
#487 = VECTOR('',#488,1.);
#488 = DIRECTION('',(1.,0.,0.));
#489 = PLANE('',#490);
#490 = AXIS2_PLACEMENT_3D('',#491,#492,#493);
#491 = CARTESIAN_POINT('',(-0.755,-0.4,4.5E-02));
#492 = DIRECTION('',(0.,1.,0.));
#493 = DIRECTION('',(0.,-0.,1.));
#494 = ADVANCED_FACE('',(#495),#506,.T.);
#495 = FACE_BOUND('',#496,.T.);
#496 = EDGE_LOOP('',(#497,#498,#499,#500));
#497 = ORIENTED_EDGE('',*,*,#359,.F.);
#498 = ORIENTED_EDGE('',*,*,#324,.F.);
#499 = ORIENTED_EDGE('',*,*,#242,.T.);
#500 = ORIENTED_EDGE('',*,*,#501,.T.);
#501 = EDGE_CURVE('',#243,#360,#502,.T.);
#502 = LINE('',#503,#504);
#503 = CARTESIAN_POINT('',(-0.545,-0.4,0.45));
#504 = VECTOR('',#505,1.);
#505 = DIRECTION('',(0.,1.,0.));
#506 = PLANE('',#507);
#507 = AXIS2_PLACEMENT_3D('',#508,#509,#510);
#508 = CARTESIAN_POINT('',(-0.8,-0.4,0.45));
#509 = DIRECTION('',(0.,0.,1.));
#510 = DIRECTION('',(1.,0.,-0.));
#511 = ADVANCED_FACE('',(#512),#523,.T.);
#512 = FACE_BOUND('',#513,.T.);
#513 = EDGE_LOOP('',(#514,#520,#521,#522));
#514 = ORIENTED_EDGE('',*,*,#515,.T.);
#515 = EDGE_CURVE('',#251,#368,#516,.T.);
#516 = LINE('',#517,#518);
#517 = CARTESIAN_POINT('',(-0.5,-0.4,0.405));
#518 = VECTOR('',#519,1.);
#519 = DIRECTION('',(0.,1.,0.));
#520 = ORIENTED_EDGE('',*,*,#367,.T.);
#521 = ORIENTED_EDGE('',*,*,#501,.F.);
#522 = ORIENTED_EDGE('',*,*,#250,.F.);
#523 = CYLINDRICAL_SURFACE('',#524,4.5E-02);
#524 = AXIS2_PLACEMENT_3D('',#525,#526,#527);
#525 = CARTESIAN_POINT('',(-0.545,-0.4,0.405));
#526 = DIRECTION('',(0.,1.,0.));
#527 = DIRECTION('',(1.,0.,0.));
#528 = ADVANCED_FACE('',(#529),#572,.T.);
#529 = FACE_BOUND('',#530,.T.);
#530 = EDGE_LOOP('',(#531,#532,#533,#534,#542,#550,#558,#566));
#531 = ORIENTED_EDGE('',*,*,#392,.F.);
#532 = ORIENTED_EDGE('',*,*,#384,.T.);
#533 = ORIENTED_EDGE('',*,*,#376,.T.);
#534 = ORIENTED_EDGE('',*,*,#535,.T.);
#535 = EDGE_CURVE('',#368,#536,#538,.T.);
#536 = VERTEX_POINT('',#537);
#537 = CARTESIAN_POINT('',(0.5,0.4,0.405));
#538 = LINE('',#539,#540);
#539 = CARTESIAN_POINT('',(-0.5,0.4,0.405));
#540 = VECTOR('',#541,1.);
#541 = DIRECTION('',(1.,0.,0.));
#542 = ORIENTED_EDGE('',*,*,#543,.T.);
#543 = EDGE_CURVE('',#536,#544,#546,.T.);
#544 = VERTEX_POINT('',#545);
#545 = CARTESIAN_POINT('',(0.755,0.4,0.405));
#546 = LINE('',#547,#548);
#547 = CARTESIAN_POINT('',(-0.755,0.4,0.405));
#548 = VECTOR('',#549,1.);
#549 = DIRECTION('',(1.,0.,0.));
#550 = ORIENTED_EDGE('',*,*,#551,.F.);
#551 = EDGE_CURVE('',#552,#544,#554,.T.);
#552 = VERTEX_POINT('',#553);
#553 = CARTESIAN_POINT('',(0.755,0.4,4.5E-02));
#554 = LINE('',#555,#556);
#555 = CARTESIAN_POINT('',(0.755,0.4,4.5E-02));
#556 = VECTOR('',#557,1.);
#557 = DIRECTION('',(0.,0.,1.));
#558 = ORIENTED_EDGE('',*,*,#559,.F.);
#559 = EDGE_CURVE('',#560,#552,#562,.T.);
#560 = VERTEX_POINT('',#561);
#561 = CARTESIAN_POINT('',(0.5,0.4,4.5E-02));
#562 = LINE('',#563,#564);
#563 = CARTESIAN_POINT('',(-0.755,0.4,4.5E-02));
#564 = VECTOR('',#565,1.);
#565 = DIRECTION('',(1.,0.,0.));
#566 = ORIENTED_EDGE('',*,*,#567,.F.);
#567 = EDGE_CURVE('',#393,#560,#568,.T.);
#568 = LINE('',#569,#570);
#569 = CARTESIAN_POINT('',(-0.755,0.4,4.5E-02));
#570 = VECTOR('',#571,1.);
#571 = DIRECTION('',(1.,0.,0.));
#572 = PLANE('',#573);
#573 = AXIS2_PLACEMENT_3D('',#574,#575,#576);
#574 = CARTESIAN_POINT('',(-0.755,0.4,4.5E-02));
#575 = DIRECTION('',(0.,1.,0.));
#576 = DIRECTION('',(0.,-0.,1.));
#577 = ADVANCED_FACE('',(#578),#589,.F.);
#578 = FACE_BOUND('',#579,.F.);
#579 = EDGE_LOOP('',(#580,#581,#582,#588));
#580 = ORIENTED_EDGE('',*,*,#435,.F.);
#581 = ORIENTED_EDGE('',*,*,#484,.T.);
#582 = ORIENTED_EDGE('',*,*,#583,.T.);
#583 = EDGE_CURVE('',#477,#560,#584,.T.);
#584 = LINE('',#585,#586);
#585 = CARTESIAN_POINT('',(0.5,-0.4,4.5E-02));
#586 = VECTOR('',#587,1.);
#587 = DIRECTION('',(0.,1.,0.));
#588 = ORIENTED_EDGE('',*,*,#567,.F.);
#589 = PLANE('',#590);
#590 = AXIS2_PLACEMENT_3D('',#591,#592,#593);
#591 = CARTESIAN_POINT('',(-0.755,-0.4,4.5E-02));
#592 = DIRECTION('',(0.,0.,1.));
#593 = DIRECTION('',(1.,0.,-0.));
#594 = ADVANCED_FACE('',(#595),#658,.F.);
#595 = FACE_BOUND('',#596,.F.);
#596 = EDGE_LOOP('',(#597,#607,#614,#615,#616,#617,#626,#634,#643,#651)
  );
#597 = ORIENTED_EDGE('',*,*,#598,.F.);
#598 = EDGE_CURVE('',#599,#601,#603,.T.);
#599 = VERTEX_POINT('',#600);
#600 = CARTESIAN_POINT('',(0.545,-0.4,-2.775557561563E-17));
#601 = VERTEX_POINT('',#602);
#602 = CARTESIAN_POINT('',(0.755,-0.4,-2.775557561563E-17));
#603 = LINE('',#604,#605);
#604 = CARTESIAN_POINT('',(0.5,-0.4,0.));
#605 = VECTOR('',#606,1.);
#606 = DIRECTION('',(1.,0.,0.));
#607 = ORIENTED_EDGE('',*,*,#608,.F.);
#608 = EDGE_CURVE('',#477,#599,#609,.T.);
#609 = CIRCLE('',#610,4.5E-02);
#610 = AXIS2_PLACEMENT_3D('',#611,#612,#613);
#611 = CARTESIAN_POINT('',(0.545,-0.4,4.5E-02));
#612 = DIRECTION('',(0.,-1.,0.));
#613 = DIRECTION('',(0.,0.,1.));
#614 = ORIENTED_EDGE('',*,*,#476,.T.);
#615 = ORIENTED_EDGE('',*,*,#468,.T.);
#616 = ORIENTED_EDGE('',*,*,#460,.F.);
#617 = ORIENTED_EDGE('',*,*,#618,.T.);
#618 = EDGE_CURVE('',#453,#619,#621,.T.);
#619 = VERTEX_POINT('',#620);
#620 = CARTESIAN_POINT('',(0.545,-0.4,0.45));
#621 = CIRCLE('',#622,4.5E-02);
#622 = AXIS2_PLACEMENT_3D('',#623,#624,#625);
#623 = CARTESIAN_POINT('',(0.545,-0.4,0.405));
#624 = DIRECTION('',(0.,1.,0.));
#625 = DIRECTION('',(0.,-0.,1.));
#626 = ORIENTED_EDGE('',*,*,#627,.T.);
#627 = EDGE_CURVE('',#619,#628,#630,.T.);
#628 = VERTEX_POINT('',#629);
#629 = CARTESIAN_POINT('',(0.755,-0.4,0.45));
#630 = LINE('',#631,#632);
#631 = CARTESIAN_POINT('',(0.5,-0.4,0.45));
#632 = VECTOR('',#633,1.);
#633 = DIRECTION('',(1.,0.,0.));
#634 = ORIENTED_EDGE('',*,*,#635,.F.);
#635 = EDGE_CURVE('',#636,#628,#638,.T.);
#636 = VERTEX_POINT('',#637);
#637 = CARTESIAN_POINT('',(0.8,-0.4,0.405));
#638 = CIRCLE('',#639,4.5E-02);
#639 = AXIS2_PLACEMENT_3D('',#640,#641,#642);
#640 = CARTESIAN_POINT('',(0.755,-0.4,0.405));
#641 = DIRECTION('',(0.,-1.,0.));
#642 = DIRECTION('',(0.,0.,1.));
#643 = ORIENTED_EDGE('',*,*,#644,.F.);
#644 = EDGE_CURVE('',#645,#636,#647,.T.);
#645 = VERTEX_POINT('',#646);
#646 = CARTESIAN_POINT('',(0.8,-0.4,4.5E-02));
#647 = LINE('',#648,#649);
#648 = CARTESIAN_POINT('',(0.8,-0.4,0.));
#649 = VECTOR('',#650,1.);
#650 = DIRECTION('',(0.,0.,1.));
#651 = ORIENTED_EDGE('',*,*,#652,.T.);
#652 = EDGE_CURVE('',#645,#601,#653,.T.);
#653 = CIRCLE('',#654,4.5E-02);
#654 = AXIS2_PLACEMENT_3D('',#655,#656,#657);
#655 = CARTESIAN_POINT('',(0.755,-0.4,4.5E-02));
#656 = DIRECTION('',(0.,1.,0.));
#657 = DIRECTION('',(0.,-0.,1.));
#658 = PLANE('',#659);
#659 = AXIS2_PLACEMENT_3D('',#660,#661,#662);
#660 = CARTESIAN_POINT('',(0.5,-0.4,0.));
#661 = DIRECTION('',(0.,1.,0.));
#662 = DIRECTION('',(0.,-0.,1.));
#663 = ADVANCED_FACE('',(#664),#689,.F.);
#664 = FACE_BOUND('',#665,.F.);
#665 = EDGE_LOOP('',(#666,#667,#675,#683));
#666 = ORIENTED_EDGE('',*,*,#452,.F.);
#667 = ORIENTED_EDGE('',*,*,#668,.T.);
#668 = EDGE_CURVE('',#251,#669,#671,.T.);
#669 = VERTEX_POINT('',#670);
#670 = CARTESIAN_POINT('',(-0.5,-0.4,0.45));
#671 = LINE('',#672,#673);
#672 = CARTESIAN_POINT('',(-0.5,-0.4,0.405));
#673 = VECTOR('',#674,1.);
#674 = DIRECTION('',(0.,0.,1.));
#675 = ORIENTED_EDGE('',*,*,#676,.T.);
#676 = EDGE_CURVE('',#669,#677,#679,.T.);
#677 = VERTEX_POINT('',#678);
#678 = CARTESIAN_POINT('',(0.5,-0.4,0.45));
#679 = LINE('',#680,#681);
#680 = CARTESIAN_POINT('',(-0.5,-0.4,0.45));
#681 = VECTOR('',#682,1.);
#682 = DIRECTION('',(1.,0.,0.));
#683 = ORIENTED_EDGE('',*,*,#684,.F.);
#684 = EDGE_CURVE('',#453,#677,#685,.T.);
#685 = LINE('',#686,#687);
#686 = CARTESIAN_POINT('',(0.5,-0.4,0.405));
#687 = VECTOR('',#688,1.);
#688 = DIRECTION('',(0.,0.,1.));
#689 = PLANE('',#690);
#690 = AXIS2_PLACEMENT_3D('',#691,#692,#693);
#691 = CARTESIAN_POINT('',(-0.5,-0.4,0.405));
#692 = DIRECTION('',(0.,1.,0.));
#693 = DIRECTION('',(0.,-0.,1.));
#694 = ADVANCED_FACE('',(#695),#713,.F.);
#695 = FACE_BOUND('',#696,.F.);
#696 = EDGE_LOOP('',(#697,#698,#699,#707));
#697 = ORIENTED_EDGE('',*,*,#668,.F.);
#698 = ORIENTED_EDGE('',*,*,#515,.T.);
#699 = ORIENTED_EDGE('',*,*,#700,.T.);
#700 = EDGE_CURVE('',#368,#701,#703,.T.);
#701 = VERTEX_POINT('',#702);
#702 = CARTESIAN_POINT('',(-0.5,0.4,0.45));
#703 = LINE('',#704,#705);
#704 = CARTESIAN_POINT('',(-0.5,0.4,0.405));
#705 = VECTOR('',#706,1.);
#706 = DIRECTION('',(0.,0.,1.));
#707 = ORIENTED_EDGE('',*,*,#708,.F.);
#708 = EDGE_CURVE('',#669,#701,#709,.T.);
#709 = LINE('',#710,#711);
#710 = CARTESIAN_POINT('',(-0.5,-0.4,0.45));
#711 = VECTOR('',#712,1.);
#712 = DIRECTION('',(0.,1.,0.));
#713 = PLANE('',#714);
#714 = AXIS2_PLACEMENT_3D('',#715,#716,#717);
#715 = CARTESIAN_POINT('',(-0.5,-0.4,0.405));
#716 = DIRECTION('',(1.,0.,0.));
#717 = DIRECTION('',(0.,0.,1.));
#718 = ADVANCED_FACE('',(#719),#782,.T.);
#719 = FACE_BOUND('',#720,.T.);
#720 = EDGE_LOOP('',(#721,#731,#738,#739,#740,#741,#750,#758,#767,#775)
  );
#721 = ORIENTED_EDGE('',*,*,#722,.F.);
#722 = EDGE_CURVE('',#723,#725,#727,.T.);
#723 = VERTEX_POINT('',#724);
#724 = CARTESIAN_POINT('',(0.545,0.4,-2.775557561563E-17));
#725 = VERTEX_POINT('',#726);
#726 = CARTESIAN_POINT('',(0.755,0.4,-2.775557561563E-17));
#727 = LINE('',#728,#729);
#728 = CARTESIAN_POINT('',(0.5,0.4,0.));
#729 = VECTOR('',#730,1.);
#730 = DIRECTION('',(1.,0.,0.));
#731 = ORIENTED_EDGE('',*,*,#732,.F.);
#732 = EDGE_CURVE('',#560,#723,#733,.T.);
#733 = CIRCLE('',#734,4.5E-02);
#734 = AXIS2_PLACEMENT_3D('',#735,#736,#737);
#735 = CARTESIAN_POINT('',(0.545,0.4,4.5E-02));
#736 = DIRECTION('',(0.,-1.,0.));
#737 = DIRECTION('',(0.,0.,1.));
#738 = ORIENTED_EDGE('',*,*,#559,.T.);
#739 = ORIENTED_EDGE('',*,*,#551,.T.);
#740 = ORIENTED_EDGE('',*,*,#543,.F.);
#741 = ORIENTED_EDGE('',*,*,#742,.T.);
#742 = EDGE_CURVE('',#536,#743,#745,.T.);
#743 = VERTEX_POINT('',#744);
#744 = CARTESIAN_POINT('',(0.545,0.4,0.45));
#745 = CIRCLE('',#746,4.5E-02);
#746 = AXIS2_PLACEMENT_3D('',#747,#748,#749);
#747 = CARTESIAN_POINT('',(0.545,0.4,0.405));
#748 = DIRECTION('',(0.,1.,0.));
#749 = DIRECTION('',(0.,-0.,1.));
#750 = ORIENTED_EDGE('',*,*,#751,.T.);
#751 = EDGE_CURVE('',#743,#752,#754,.T.);
#752 = VERTEX_POINT('',#753);
#753 = CARTESIAN_POINT('',(0.755,0.4,0.45));
#754 = LINE('',#755,#756);
#755 = CARTESIAN_POINT('',(0.5,0.4,0.45));
#756 = VECTOR('',#757,1.);
#757 = DIRECTION('',(1.,0.,0.));
#758 = ORIENTED_EDGE('',*,*,#759,.F.);
#759 = EDGE_CURVE('',#760,#752,#762,.T.);
#760 = VERTEX_POINT('',#761);
#761 = CARTESIAN_POINT('',(0.8,0.4,0.405));
#762 = CIRCLE('',#763,4.5E-02);
#763 = AXIS2_PLACEMENT_3D('',#764,#765,#766);
#764 = CARTESIAN_POINT('',(0.755,0.4,0.405));
#765 = DIRECTION('',(0.,-1.,0.));
#766 = DIRECTION('',(0.,0.,1.));
#767 = ORIENTED_EDGE('',*,*,#768,.F.);
#768 = EDGE_CURVE('',#769,#760,#771,.T.);
#769 = VERTEX_POINT('',#770);
#770 = CARTESIAN_POINT('',(0.8,0.4,4.5E-02));
#771 = LINE('',#772,#773);
#772 = CARTESIAN_POINT('',(0.8,0.4,0.));
#773 = VECTOR('',#774,1.);
#774 = DIRECTION('',(0.,0.,1.));
#775 = ORIENTED_EDGE('',*,*,#776,.T.);
#776 = EDGE_CURVE('',#769,#725,#777,.T.);
#777 = CIRCLE('',#778,4.5E-02);
#778 = AXIS2_PLACEMENT_3D('',#779,#780,#781);
#779 = CARTESIAN_POINT('',(0.755,0.4,4.5E-02));
#780 = DIRECTION('',(0.,1.,0.));
#781 = DIRECTION('',(0.,-0.,1.));
#782 = PLANE('',#783);
#783 = AXIS2_PLACEMENT_3D('',#784,#785,#786);
#784 = CARTESIAN_POINT('',(0.5,0.4,0.));
#785 = DIRECTION('',(0.,1.,0.));
#786 = DIRECTION('',(0.,-0.,1.));
#787 = ADVANCED_FACE('',(#788),#806,.T.);
#788 = FACE_BOUND('',#789,.T.);
#789 = EDGE_LOOP('',(#790,#791,#792,#800));
#790 = ORIENTED_EDGE('',*,*,#535,.F.);
#791 = ORIENTED_EDGE('',*,*,#700,.T.);
#792 = ORIENTED_EDGE('',*,*,#793,.T.);
#793 = EDGE_CURVE('',#701,#794,#796,.T.);
#794 = VERTEX_POINT('',#795);
#795 = CARTESIAN_POINT('',(0.5,0.4,0.45));
#796 = LINE('',#797,#798);
#797 = CARTESIAN_POINT('',(-0.5,0.4,0.45));
#798 = VECTOR('',#799,1.);
#799 = DIRECTION('',(1.,0.,0.));
#800 = ORIENTED_EDGE('',*,*,#801,.F.);
#801 = EDGE_CURVE('',#536,#794,#802,.T.);
#802 = LINE('',#803,#804);
#803 = CARTESIAN_POINT('',(0.5,0.4,0.405));
#804 = VECTOR('',#805,1.);
#805 = DIRECTION('',(0.,0.,1.));
#806 = PLANE('',#807);
#807 = AXIS2_PLACEMENT_3D('',#808,#809,#810);
#808 = CARTESIAN_POINT('',(-0.5,0.4,0.405));
#809 = DIRECTION('',(0.,1.,0.));
#810 = DIRECTION('',(0.,-0.,1.));
#811 = ADVANCED_FACE('',(#812),#823,.T.);
#812 = FACE_BOUND('',#813,.T.);
#813 = EDGE_LOOP('',(#814,#815,#816,#822));
#814 = ORIENTED_EDGE('',*,*,#583,.T.);
#815 = ORIENTED_EDGE('',*,*,#732,.T.);
#816 = ORIENTED_EDGE('',*,*,#817,.F.);
#817 = EDGE_CURVE('',#599,#723,#818,.T.);
#818 = LINE('',#819,#820);
#819 = CARTESIAN_POINT('',(0.545,-0.4,-2.775557561563E-17));
#820 = VECTOR('',#821,1.);
#821 = DIRECTION('',(0.,1.,0.));
#822 = ORIENTED_EDGE('',*,*,#608,.F.);
#823 = CYLINDRICAL_SURFACE('',#824,4.5E-02);
#824 = AXIS2_PLACEMENT_3D('',#825,#826,#827);
#825 = CARTESIAN_POINT('',(0.545,-0.4,4.5E-02));
#826 = DIRECTION('',(0.,1.,0.));
#827 = DIRECTION('',(-1.,0.,0.));
#828 = ADVANCED_FACE('',(#829),#840,.F.);
#829 = FACE_BOUND('',#830,.F.);
#830 = EDGE_LOOP('',(#831,#832,#833,#834));
#831 = ORIENTED_EDGE('',*,*,#722,.F.);
#832 = ORIENTED_EDGE('',*,*,#817,.F.);
#833 = ORIENTED_EDGE('',*,*,#598,.T.);
#834 = ORIENTED_EDGE('',*,*,#835,.T.);
#835 = EDGE_CURVE('',#601,#725,#836,.T.);
#836 = LINE('',#837,#838);
#837 = CARTESIAN_POINT('',(0.755,-0.4,-2.775557561563E-17));
#838 = VECTOR('',#839,1.);
#839 = DIRECTION('',(0.,1.,0.));
#840 = PLANE('',#841);
#841 = AXIS2_PLACEMENT_3D('',#842,#843,#844);
#842 = CARTESIAN_POINT('',(0.5,-0.4,0.));
#843 = DIRECTION('',(0.,0.,1.));
#844 = DIRECTION('',(1.,0.,-0.));
#845 = ADVANCED_FACE('',(#846),#857,.T.);
#846 = FACE_BOUND('',#847,.T.);
#847 = EDGE_LOOP('',(#848,#849,#850,#851));
#848 = ORIENTED_EDGE('',*,*,#652,.T.);
#849 = ORIENTED_EDGE('',*,*,#835,.T.);
#850 = ORIENTED_EDGE('',*,*,#776,.F.);
#851 = ORIENTED_EDGE('',*,*,#852,.F.);
#852 = EDGE_CURVE('',#645,#769,#853,.T.);
#853 = LINE('',#854,#855);
#854 = CARTESIAN_POINT('',(0.8,-0.4,4.5E-02));
#855 = VECTOR('',#856,1.);
#856 = DIRECTION('',(0.,1.,0.));
#857 = CYLINDRICAL_SURFACE('',#858,4.5E-02);
#858 = AXIS2_PLACEMENT_3D('',#859,#860,#861);
#859 = CARTESIAN_POINT('',(0.755,-0.4,4.5E-02));
#860 = DIRECTION('',(0.,1.,0.));
#861 = DIRECTION('',(1.,0.,0.));
#862 = ADVANCED_FACE('',(#863),#874,.T.);
#863 = FACE_BOUND('',#864,.T.);
#864 = EDGE_LOOP('',(#865,#866,#867,#868));
#865 = ORIENTED_EDGE('',*,*,#644,.F.);
#866 = ORIENTED_EDGE('',*,*,#852,.T.);
#867 = ORIENTED_EDGE('',*,*,#768,.T.);
#868 = ORIENTED_EDGE('',*,*,#869,.F.);
#869 = EDGE_CURVE('',#636,#760,#870,.T.);
#870 = LINE('',#871,#872);
#871 = CARTESIAN_POINT('',(0.8,-0.4,0.405));
#872 = VECTOR('',#873,1.);
#873 = DIRECTION('',(0.,1.,0.));
#874 = PLANE('',#875);
#875 = AXIS2_PLACEMENT_3D('',#876,#877,#878);
#876 = CARTESIAN_POINT('',(0.8,-0.4,0.));
#877 = DIRECTION('',(1.,0.,0.));
#878 = DIRECTION('',(0.,0.,1.));
#879 = ADVANCED_FACE('',(#880),#891,.T.);
#880 = FACE_BOUND('',#881,.T.);
#881 = EDGE_LOOP('',(#882,#883,#884,#890));
#882 = ORIENTED_EDGE('',*,*,#869,.T.);
#883 = ORIENTED_EDGE('',*,*,#759,.T.);
#884 = ORIENTED_EDGE('',*,*,#885,.F.);
#885 = EDGE_CURVE('',#628,#752,#886,.T.);
#886 = LINE('',#887,#888);
#887 = CARTESIAN_POINT('',(0.755,-0.4,0.45));
#888 = VECTOR('',#889,1.);
#889 = DIRECTION('',(0.,1.,0.));
#890 = ORIENTED_EDGE('',*,*,#635,.F.);
#891 = CYLINDRICAL_SURFACE('',#892,4.5E-02);
#892 = AXIS2_PLACEMENT_3D('',#893,#894,#895);
#893 = CARTESIAN_POINT('',(0.755,-0.4,0.405));
#894 = DIRECTION('',(0.,1.,0.));
#895 = DIRECTION('',(1.,0.,0.));
#896 = ADVANCED_FACE('',(#897),#908,.T.);
#897 = FACE_BOUND('',#898,.T.);
#898 = EDGE_LOOP('',(#899,#900,#906,#907));
#899 = ORIENTED_EDGE('',*,*,#751,.F.);
#900 = ORIENTED_EDGE('',*,*,#901,.F.);
#901 = EDGE_CURVE('',#619,#743,#902,.T.);
#902 = LINE('',#903,#904);
#903 = CARTESIAN_POINT('',(0.545,-0.4,0.45));
#904 = VECTOR('',#905,1.);
#905 = DIRECTION('',(0.,1.,0.));
#906 = ORIENTED_EDGE('',*,*,#627,.T.);
#907 = ORIENTED_EDGE('',*,*,#885,.T.);
#908 = PLANE('',#909);
#909 = AXIS2_PLACEMENT_3D('',#910,#911,#912);
#910 = CARTESIAN_POINT('',(0.5,-0.4,0.45));
#911 = DIRECTION('',(0.,0.,1.));
#912 = DIRECTION('',(1.,0.,-0.));
#913 = ADVANCED_FACE('',(#914),#925,.T.);
#914 = FACE_BOUND('',#915,.T.);
#915 = EDGE_LOOP('',(#916,#917,#918,#919));
#916 = ORIENTED_EDGE('',*,*,#618,.T.);
#917 = ORIENTED_EDGE('',*,*,#901,.T.);
#918 = ORIENTED_EDGE('',*,*,#742,.F.);
#919 = ORIENTED_EDGE('',*,*,#920,.F.);
#920 = EDGE_CURVE('',#453,#536,#921,.T.);
#921 = LINE('',#922,#923);
#922 = CARTESIAN_POINT('',(0.5,-0.4,0.405));
#923 = VECTOR('',#924,1.);
#924 = DIRECTION('',(0.,1.,0.));
#925 = CYLINDRICAL_SURFACE('',#926,4.5E-02);
#926 = AXIS2_PLACEMENT_3D('',#927,#928,#929);
#927 = CARTESIAN_POINT('',(0.545,-0.4,0.405));
#928 = DIRECTION('',(0.,1.,0.));
#929 = DIRECTION('',(-1.,0.,0.));
#930 = ADVANCED_FACE('',(#931),#942,.T.);
#931 = FACE_BOUND('',#932,.T.);
#932 = EDGE_LOOP('',(#933,#934,#935,#936));
#933 = ORIENTED_EDGE('',*,*,#684,.F.);
#934 = ORIENTED_EDGE('',*,*,#920,.T.);
#935 = ORIENTED_EDGE('',*,*,#801,.T.);
#936 = ORIENTED_EDGE('',*,*,#937,.F.);
#937 = EDGE_CURVE('',#677,#794,#938,.T.);
#938 = LINE('',#939,#940);
#939 = CARTESIAN_POINT('',(0.5,-0.4,0.45));
#940 = VECTOR('',#941,1.);
#941 = DIRECTION('',(0.,1.,0.));
#942 = PLANE('',#943);
#943 = AXIS2_PLACEMENT_3D('',#944,#945,#946);
#944 = CARTESIAN_POINT('',(0.5,-0.4,0.405));
#945 = DIRECTION('',(1.,0.,0.));
#946 = DIRECTION('',(0.,0.,1.));
#947 = ADVANCED_FACE('',(#948),#954,.T.);
#948 = FACE_BOUND('',#949,.T.);
#949 = EDGE_LOOP('',(#950,#951,#952,#953));
#950 = ORIENTED_EDGE('',*,*,#708,.F.);
#951 = ORIENTED_EDGE('',*,*,#676,.T.);
#952 = ORIENTED_EDGE('',*,*,#937,.T.);
#953 = ORIENTED_EDGE('',*,*,#793,.F.);
#954 = PLANE('',#955);
#955 = AXIS2_PLACEMENT_3D('',#956,#957,#958);
#956 = CARTESIAN_POINT('',(-0.5,-0.4,0.45));
#957 = DIRECTION('',(0.,0.,1.));
#958 = DIRECTION('',(1.,0.,-0.));
#959 = ( GEOMETRIC_REPRESENTATION_CONTEXT(3) 
GLOBAL_UNCERTAINTY_ASSIGNED_CONTEXT((#963)) GLOBAL_UNIT_ASSIGNED_CONTEXT
((#960,#961,#962)) REPRESENTATION_CONTEXT('Context #1',
  '3D Context with UNIT and UNCERTAINTY') );
#960 = ( LENGTH_UNIT() NAMED_UNIT(*) SI_UNIT(.MILLI.,.METRE.) );
#961 = ( NAMED_UNIT(*) PLANE_ANGLE_UNIT() SI_UNIT($,.RADIAN.) );
#962 = ( NAMED_UNIT(*) SI_UNIT($,.STERADIAN.) SOLID_ANGLE_UNIT() );
#963 = UNCERTAINTY_MEASURE_WITH_UNIT(LENGTH_MEASURE(1.E-07),#960,
  'distance_accuracy_value','confusion accuracy');
#964 = CONTEXT_DEPENDENT_SHAPE_REPRESENTATION(#965,#967);
#965 = ( REPRESENTATION_RELATIONSHIP('','',#168,#10) 
REPRESENTATION_RELATIONSHIP_WITH_TRANSFORMATION(#966) 
SHAPE_REPRESENTATION_RELATIONSHIP() );
#966 = ITEM_DEFINED_TRANSFORMATION('','',#11,#15);
#967 = PRODUCT_DEFINITION_SHAPE('Placement','Placement of an item',#968
  );
#968 = NEXT_ASSEMBLY_USAGE_OCCURRENCE('1','R5','',#5,#163,$);
#969 = PRODUCT_RELATED_PRODUCT_CATEGORY('part',$,(#165));
#970 = CONTEXT_DEPENDENT_SHAPE_REPRESENTATION(#971,#973);
#971 = ( REPRESENTATION_RELATIONSHIP('','',#168,#10) 
REPRESENTATION_RELATIONSHIP_WITH_TRANSFORMATION(#972) 
SHAPE_REPRESENTATION_RELATIONSHIP() );
#972 = ITEM_DEFINED_TRANSFORMATION('','',#11,#19);
#973 = PRODUCT_DEFINITION_SHAPE('Placement','Placement of an item',#974
  );
#974 = NEXT_ASSEMBLY_USAGE_OCCURRENCE('2','R1','',#5,#163,$);
#975 = CONTEXT_DEPENDENT_SHAPE_REPRESENTATION(#976,#978);
#976 = ( REPRESENTATION_RELATIONSHIP('','',#168,#10) 
REPRESENTATION_RELATIONSHIP_WITH_TRANSFORMATION(#977) 
SHAPE_REPRESENTATION_RELATIONSHIP() );
#977 = ITEM_DEFINED_TRANSFORMATION('','',#11,#23);
#978 = PRODUCT_DEFINITION_SHAPE('Placement','Placement of an item',#979
  );
#979 = NEXT_ASSEMBLY_USAGE_OCCURRENCE('3','R7','',#5,#163,$);
#980 = SHAPE_DEFINITION_REPRESENTATION(#981,#987);
#981 = PRODUCT_DEFINITION_SHAPE('','',#982);
#982 = PRODUCT_DEFINITION('design','',#983,#986);
#983 = PRODUCT_DEFINITION_FORMATION('','',#984);
#984 = PRODUCT('LED_0805_2012Metric','LED_0805_2012Metric','',(#985));
#985 = PRODUCT_CONTEXT('',#2,'mechanical');
#986 = PRODUCT_DEFINITION_CONTEXT('part definition',#2,'design');
#987 = ADVANCED_BREP_SHAPE_REPRESENTATION('',(#11,#988),#2511);
#988 = MANIFOLD_SOLID_BREP('',#989);
#989 = CLOSED_SHELL('',(#990,#1030,#1077,#1156,#1180,#1220,#1251,#1268,
    #1301,#1325,#1392,#1513,#1580,#1604,#1635,#1668,#1724,#1748,#1772,
    #1796,#1829,#1841,#1904,#1929,#1946,#1970,#1988,#2006,#2024,#2041,
    #2058,#2089,#2114,#2139,#2163,#2180,#2211,#2235,#2252,#2280,#2305,
    #2329,#2354,#2401,#2418,#2430,#2452,#2464,#2482,#2500));
#990 = ADVANCED_FACE('',(#991),#1025,.F.);
#991 = FACE_BOUND('',#992,.F.);
#992 = EDGE_LOOP('',(#993,#1003,#1011,#1019));
#993 = ORIENTED_EDGE('',*,*,#994,.T.);
#994 = EDGE_CURVE('',#995,#997,#999,.T.);
#995 = VERTEX_POINT('',#996);
#996 = CARTESIAN_POINT('',(-0.65,-0.625,0.465));
#997 = VERTEX_POINT('',#998);
#998 = CARTESIAN_POINT('',(-0.585,-0.625,1.1));
#999 = LINE('',#1000,#1001);
#1000 = CARTESIAN_POINT('',(-0.65,-0.625,0.465));
#1001 = VECTOR('',#1002,1.);
#1002 = DIRECTION('',(0.101830105936,0.,0.994801804142));
#1003 = ORIENTED_EDGE('',*,*,#1004,.T.);
#1004 = EDGE_CURVE('',#997,#1005,#1007,.T.);
#1005 = VERTEX_POINT('',#1006);
#1006 = CARTESIAN_POINT('',(0.585,-0.625,1.1));
#1007 = LINE('',#1008,#1009);
#1008 = CARTESIAN_POINT('',(-0.585,-0.625,1.1));
#1009 = VECTOR('',#1010,1.);
#1010 = DIRECTION('',(1.,0.,0.));
#1011 = ORIENTED_EDGE('',*,*,#1012,.T.);
#1012 = EDGE_CURVE('',#1005,#1013,#1015,.T.);
#1013 = VERTEX_POINT('',#1014);
#1014 = CARTESIAN_POINT('',(0.65,-0.625,0.465));
#1015 = LINE('',#1016,#1017);
#1016 = CARTESIAN_POINT('',(0.585,-0.625,1.1));
#1017 = VECTOR('',#1018,1.);
#1018 = DIRECTION('',(0.101830105936,0.,-0.994801804142));
#1019 = ORIENTED_EDGE('',*,*,#1020,.T.);
#1020 = EDGE_CURVE('',#1013,#995,#1021,.T.);
#1021 = LINE('',#1022,#1023);
#1022 = CARTESIAN_POINT('',(0.65,-0.625,0.465));
#1023 = VECTOR('',#1024,1.);
#1024 = DIRECTION('',(-1.,0.,-4.270088556251E-17));
#1025 = PLANE('',#1026);
#1026 = AXIS2_PLACEMENT_3D('',#1027,#1028,#1029);
#1027 = CARTESIAN_POINT('',(1.481626402817E-17,-0.625,0.771483451357));
#1028 = DIRECTION('',(-5.57234551408E-33,1.,3.18580557984E-32));
#1029 = DIRECTION('',(0.,-3.18580557984E-32,1.));
#1030 = ADVANCED_FACE('',(#1031),#1072,.T.);
#1031 = FACE_BOUND('',#1032,.T.);
#1032 = EDGE_LOOP('',(#1033,#1043,#1051,#1057,#1058,#1066));
#1033 = ORIENTED_EDGE('',*,*,#1034,.T.);
#1034 = EDGE_CURVE('',#1035,#1037,#1039,.T.);
#1035 = VERTEX_POINT('',#1036);
#1036 = CARTESIAN_POINT('',(-0.65,0.625,0.465));
#1037 = VERTEX_POINT('',#1038);
#1038 = CARTESIAN_POINT('',(-0.65,0.46875,0.465));
#1039 = LINE('',#1040,#1041);
#1040 = CARTESIAN_POINT('',(-0.65,0.625,0.465));
#1041 = VECTOR('',#1042,1.);
#1042 = DIRECTION('',(0.,-1.,0.));
#1043 = ORIENTED_EDGE('',*,*,#1044,.F.);
#1044 = EDGE_CURVE('',#1045,#1037,#1047,.T.);
#1045 = VERTEX_POINT('',#1046);
#1046 = CARTESIAN_POINT('',(-0.65,-0.46875,0.465));
#1047 = LINE('',#1048,#1049);
#1048 = CARTESIAN_POINT('',(-0.65,-0.625,0.465));
#1049 = VECTOR('',#1050,1.);
#1050 = DIRECTION('',(0.,1.,0.));
#1051 = ORIENTED_EDGE('',*,*,#1052,.T.);
#1052 = EDGE_CURVE('',#1045,#995,#1053,.T.);
#1053 = LINE('',#1054,#1055);
#1054 = CARTESIAN_POINT('',(-0.65,0.625,0.465));
#1055 = VECTOR('',#1056,1.);
#1056 = DIRECTION('',(0.,-1.,0.));
#1057 = ORIENTED_EDGE('',*,*,#994,.T.);
#1058 = ORIENTED_EDGE('',*,*,#1059,.F.);
#1059 = EDGE_CURVE('',#1060,#997,#1062,.T.);
#1060 = VERTEX_POINT('',#1061);
#1061 = CARTESIAN_POINT('',(-0.585,0.625,1.1));
#1062 = LINE('',#1063,#1064);
#1063 = CARTESIAN_POINT('',(-0.585,0.625,1.1));
#1064 = VECTOR('',#1065,1.);
#1065 = DIRECTION('',(0.,-1.,0.));
#1066 = ORIENTED_EDGE('',*,*,#1067,.F.);
#1067 = EDGE_CURVE('',#1035,#1060,#1068,.T.);
#1068 = LINE('',#1069,#1070);
#1069 = CARTESIAN_POINT('',(-0.65,0.625,0.465));
#1070 = VECTOR('',#1071,1.);
#1071 = DIRECTION('',(0.101830105936,0.,0.994801804142));
#1072 = PLANE('',#1073);
#1073 = AXIS2_PLACEMENT_3D('',#1074,#1075,#1076);
#1074 = CARTESIAN_POINT('',(-0.65,0.625,0.465));
#1075 = DIRECTION('',(-0.994801804142,0.,0.101830105936));
#1076 = DIRECTION('',(0.101830105936,0.,0.994801804142));
#1077 = ADVANCED_FACE('',(#1078),#1151,.F.);
#1078 = FACE_BOUND('',#1079,.F.);
#1079 = EDGE_LOOP('',(#1080,#1090,#1098,#1106,#1112,#1113,#1121,#1129,
    #1137,#1145));
#1080 = ORIENTED_EDGE('',*,*,#1081,.F.);
#1081 = EDGE_CURVE('',#1082,#1084,#1086,.T.);
#1082 = VERTEX_POINT('',#1083);
#1083 = CARTESIAN_POINT('',(-0.965,-0.625,3.5E-02));
#1084 = VERTEX_POINT('',#1085);
#1085 = CARTESIAN_POINT('',(-0.9125,-0.625,3.5E-02));
#1086 = LINE('',#1087,#1088);
#1087 = CARTESIAN_POINT('',(-0.965,-0.625,3.5E-02));
#1088 = VECTOR('',#1089,1.);
#1089 = DIRECTION('',(1.,0.,0.));
#1090 = ORIENTED_EDGE('',*,*,#1091,.T.);
#1091 = EDGE_CURVE('',#1082,#1092,#1094,.T.);
#1092 = VERTEX_POINT('',#1093);
#1093 = CARTESIAN_POINT('',(-0.965,-0.625,0.465));
#1094 = LINE('',#1095,#1096);
#1095 = CARTESIAN_POINT('',(-0.965,-0.625,3.5E-02));
#1096 = VECTOR('',#1097,1.);
#1097 = DIRECTION('',(0.,0.,1.));
#1098 = ORIENTED_EDGE('',*,*,#1099,.T.);
#1099 = EDGE_CURVE('',#1092,#1100,#1102,.T.);
#1100 = VERTEX_POINT('',#1101);
#1101 = CARTESIAN_POINT('',(-0.9125,-0.625,0.465));
#1102 = LINE('',#1103,#1104);
#1103 = CARTESIAN_POINT('',(-0.965,-0.625,0.465));
#1104 = VECTOR('',#1105,1.);
#1105 = DIRECTION('',(1.,0.,0.));
#1106 = ORIENTED_EDGE('',*,*,#1107,.T.);
#1107 = EDGE_CURVE('',#1100,#995,#1108,.T.);
#1108 = LINE('',#1109,#1110);
#1109 = CARTESIAN_POINT('',(-0.965,-0.625,0.465));
#1110 = VECTOR('',#1111,1.);
#1111 = DIRECTION('',(1.,0.,0.));
#1112 = ORIENTED_EDGE('',*,*,#1020,.F.);
#1113 = ORIENTED_EDGE('',*,*,#1114,.T.);
#1114 = EDGE_CURVE('',#1013,#1115,#1117,.T.);
#1115 = VERTEX_POINT('',#1116);
#1116 = CARTESIAN_POINT('',(0.9125,-0.625,0.465));
#1117 = LINE('',#1118,#1119);
#1118 = CARTESIAN_POINT('',(-0.965,-0.625,0.465));
#1119 = VECTOR('',#1120,1.);
#1120 = DIRECTION('',(1.,0.,0.));
#1121 = ORIENTED_EDGE('',*,*,#1122,.T.);
#1122 = EDGE_CURVE('',#1115,#1123,#1125,.T.);
#1123 = VERTEX_POINT('',#1124);
#1124 = CARTESIAN_POINT('',(0.965,-0.625,0.465));
#1125 = LINE('',#1126,#1127);
#1126 = CARTESIAN_POINT('',(-0.965,-0.625,0.465));
#1127 = VECTOR('',#1128,1.);
#1128 = DIRECTION('',(1.,0.,0.));
#1129 = ORIENTED_EDGE('',*,*,#1130,.F.);
#1130 = EDGE_CURVE('',#1131,#1123,#1133,.T.);
#1131 = VERTEX_POINT('',#1132);
#1132 = CARTESIAN_POINT('',(0.965,-0.625,3.5E-02));
#1133 = LINE('',#1134,#1135);
#1134 = CARTESIAN_POINT('',(0.965,-0.625,3.5E-02));
#1135 = VECTOR('',#1136,1.);
#1136 = DIRECTION('',(0.,0.,1.));
#1137 = ORIENTED_EDGE('',*,*,#1138,.F.);
#1138 = EDGE_CURVE('',#1139,#1131,#1141,.T.);
#1139 = VERTEX_POINT('',#1140);
#1140 = CARTESIAN_POINT('',(0.9125,-0.625,3.5E-02));
#1141 = LINE('',#1142,#1143);
#1142 = CARTESIAN_POINT('',(-0.965,-0.625,3.5E-02));
#1143 = VECTOR('',#1144,1.);
#1144 = DIRECTION('',(1.,0.,0.));
#1145 = ORIENTED_EDGE('',*,*,#1146,.F.);
#1146 = EDGE_CURVE('',#1084,#1139,#1147,.T.);
#1147 = LINE('',#1148,#1149);
#1148 = CARTESIAN_POINT('',(-0.965,-0.625,3.5E-02));
#1149 = VECTOR('',#1150,1.);
#1150 = DIRECTION('',(1.,0.,0.));
#1151 = PLANE('',#1152);
#1152 = AXIS2_PLACEMENT_3D('',#1153,#1154,#1155);
#1153 = CARTESIAN_POINT('',(-0.965,-0.625,3.5E-02));
#1154 = DIRECTION('',(0.,1.,0.));
#1155 = DIRECTION('',(0.,-0.,1.));
#1156 = ADVANCED_FACE('',(#1157),#1175,.T.);
#1157 = FACE_BOUND('',#1158,.T.);
#1158 = EDGE_LOOP('',(#1159,#1160,#1161,#1169));
#1159 = ORIENTED_EDGE('',*,*,#1059,.T.);
#1160 = ORIENTED_EDGE('',*,*,#1004,.T.);
#1161 = ORIENTED_EDGE('',*,*,#1162,.F.);
#1162 = EDGE_CURVE('',#1163,#1005,#1165,.T.);
#1163 = VERTEX_POINT('',#1164);
#1164 = CARTESIAN_POINT('',(0.585,0.625,1.1));
#1165 = LINE('',#1166,#1167);
#1166 = CARTESIAN_POINT('',(0.585,0.625,1.1));
#1167 = VECTOR('',#1168,1.);
#1168 = DIRECTION('',(0.,-1.,0.));
#1169 = ORIENTED_EDGE('',*,*,#1170,.F.);
#1170 = EDGE_CURVE('',#1060,#1163,#1171,.T.);
#1171 = LINE('',#1172,#1173);
#1172 = CARTESIAN_POINT('',(-0.585,0.625,1.1));
#1173 = VECTOR('',#1174,1.);
#1174 = DIRECTION('',(1.,0.,0.));
#1175 = PLANE('',#1176);
#1176 = AXIS2_PLACEMENT_3D('',#1177,#1178,#1179);
#1177 = CARTESIAN_POINT('',(-0.585,0.625,1.1));
#1178 = DIRECTION('',(0.,0.,1.));
#1179 = DIRECTION('',(1.,0.,-0.));
#1180 = ADVANCED_FACE('',(#1181),#1215,.T.);
#1181 = FACE_BOUND('',#1182,.T.);
#1182 = EDGE_LOOP('',(#1183,#1184,#1185,#1193,#1201,#1209));
#1183 = ORIENTED_EDGE('',*,*,#1162,.T.);
#1184 = ORIENTED_EDGE('',*,*,#1012,.T.);
#1185 = ORIENTED_EDGE('',*,*,#1186,.F.);
#1186 = EDGE_CURVE('',#1187,#1013,#1189,.T.);
#1187 = VERTEX_POINT('',#1188);
#1188 = CARTESIAN_POINT('',(0.65,-0.46875,0.465));
#1189 = LINE('',#1190,#1191);
#1190 = CARTESIAN_POINT('',(0.65,0.625,0.465));
#1191 = VECTOR('',#1192,1.);
#1192 = DIRECTION('',(0.,-1.,0.));
#1193 = ORIENTED_EDGE('',*,*,#1194,.F.);
#1194 = EDGE_CURVE('',#1195,#1187,#1197,.T.);
#1195 = VERTEX_POINT('',#1196);
#1196 = CARTESIAN_POINT('',(0.65,0.46875,0.465));
#1197 = LINE('',#1198,#1199);
#1198 = CARTESIAN_POINT('',(0.65,0.625,0.465));
#1199 = VECTOR('',#1200,1.);
#1200 = DIRECTION('',(0.,-1.,0.));
#1201 = ORIENTED_EDGE('',*,*,#1202,.F.);
#1202 = EDGE_CURVE('',#1203,#1195,#1205,.T.);
#1203 = VERTEX_POINT('',#1204);
#1204 = CARTESIAN_POINT('',(0.65,0.625,0.465));
#1205 = LINE('',#1206,#1207);
#1206 = CARTESIAN_POINT('',(0.65,0.625,0.465));
#1207 = VECTOR('',#1208,1.);
#1208 = DIRECTION('',(0.,-1.,0.));
#1209 = ORIENTED_EDGE('',*,*,#1210,.F.);
#1210 = EDGE_CURVE('',#1163,#1203,#1211,.T.);
#1211 = LINE('',#1212,#1213);
#1212 = CARTESIAN_POINT('',(0.585,0.625,1.1));
#1213 = VECTOR('',#1214,1.);
#1214 = DIRECTION('',(0.101830105936,0.,-0.994801804142));
#1215 = PLANE('',#1216);
#1216 = AXIS2_PLACEMENT_3D('',#1217,#1218,#1219);
#1217 = CARTESIAN_POINT('',(0.585,0.625,1.1));
#1218 = DIRECTION('',(0.994801804142,0.,0.101830105936));
#1219 = DIRECTION('',(0.101830105936,0.,-0.994801804142));
#1220 = ADVANCED_FACE('',(#1221),#1246,.T.);
#1221 = FACE_BOUND('',#1222,.T.);
#1222 = EDGE_LOOP('',(#1223,#1231,#1239,#1245));
#1223 = ORIENTED_EDGE('',*,*,#1224,.F.);
#1224 = EDGE_CURVE('',#1225,#1035,#1227,.T.);
#1225 = VERTEX_POINT('',#1226);
#1226 = CARTESIAN_POINT('',(-0.9125,0.625,0.465));
#1227 = LINE('',#1228,#1229);
#1228 = CARTESIAN_POINT('',(-0.965,0.625,0.465));
#1229 = VECTOR('',#1230,1.);
#1230 = DIRECTION('',(1.,0.,0.));
#1231 = ORIENTED_EDGE('',*,*,#1232,.F.);
#1232 = EDGE_CURVE('',#1233,#1225,#1235,.T.);
#1233 = VERTEX_POINT('',#1234);
#1234 = CARTESIAN_POINT('',(-0.9125,0.46875,0.465));
#1235 = LINE('',#1236,#1237);
#1236 = CARTESIAN_POINT('',(-0.9125,7.8125E-02,0.465));
#1237 = VECTOR('',#1238,1.);
#1238 = DIRECTION('',(0.,1.,0.));
#1239 = ORIENTED_EDGE('',*,*,#1240,.F.);
#1240 = EDGE_CURVE('',#1037,#1233,#1241,.T.);
#1241 = LINE('',#1242,#1243);
#1242 = CARTESIAN_POINT('',(-0.93875,0.46875,0.465));
#1243 = VECTOR('',#1244,1.);
#1244 = DIRECTION('',(-1.,0.,0.));
#1245 = ORIENTED_EDGE('',*,*,#1034,.F.);
#1246 = PLANE('',#1247);
#1247 = AXIS2_PLACEMENT_3D('',#1248,#1249,#1250);
#1248 = CARTESIAN_POINT('',(-0.965,-0.625,0.465));
#1249 = DIRECTION('',(0.,0.,1.));
#1250 = DIRECTION('',(1.,0.,-0.));
#1251 = ADVANCED_FACE('',(#1252),#1263,.T.);
#1252 = FACE_BOUND('',#1253,.T.);
#1253 = EDGE_LOOP('',(#1254,#1255,#1256,#1257));
#1254 = ORIENTED_EDGE('',*,*,#1067,.T.);
#1255 = ORIENTED_EDGE('',*,*,#1170,.T.);
#1256 = ORIENTED_EDGE('',*,*,#1210,.T.);
#1257 = ORIENTED_EDGE('',*,*,#1258,.T.);
#1258 = EDGE_CURVE('',#1203,#1035,#1259,.T.);
#1259 = LINE('',#1260,#1261);
#1260 = CARTESIAN_POINT('',(0.65,0.625,0.465));
#1261 = VECTOR('',#1262,1.);
#1262 = DIRECTION('',(-1.,0.,-4.270088556251E-17));
#1263 = PLANE('',#1264);
#1264 = AXIS2_PLACEMENT_3D('',#1265,#1266,#1267);
#1265 = CARTESIAN_POINT('',(1.481626402817E-17,0.625,0.771483451357));
#1266 = DIRECTION('',(-5.57234551408E-33,1.,3.18580557984E-32));
#1267 = DIRECTION('',(0.,-3.18580557984E-32,1.));
#1268 = ADVANCED_FACE('',(#1269),#1296,.T.);
#1269 = FACE_BOUND('',#1270,.T.);
#1270 = EDGE_LOOP('',(#1271,#1280,#1288,#1295));
#1271 = ORIENTED_EDGE('',*,*,#1272,.F.);
#1272 = EDGE_CURVE('',#1273,#1037,#1275,.T.);
#1273 = VERTEX_POINT('',#1274);
#1274 = CARTESIAN_POINT('',(-0.685,0.46875,0.5));
#1275 = CIRCLE('',#1276,3.5E-02);
#1276 = AXIS2_PLACEMENT_3D('',#1277,#1278,#1279);
#1277 = CARTESIAN_POINT('',(-0.685,0.46875,0.465));
#1278 = DIRECTION('',(-0.,1.,0.));
#1279 = DIRECTION('',(1.,0.,0.));
#1280 = ORIENTED_EDGE('',*,*,#1281,.F.);
#1281 = EDGE_CURVE('',#1282,#1273,#1284,.T.);
#1282 = VERTEX_POINT('',#1283);
#1283 = CARTESIAN_POINT('',(-0.685,-0.46875,0.5));
#1284 = LINE('',#1285,#1286);
#1285 = CARTESIAN_POINT('',(-0.685,-0.625,0.5));
#1286 = VECTOR('',#1287,1.);
#1287 = DIRECTION('',(0.,1.,0.));
#1288 = ORIENTED_EDGE('',*,*,#1289,.T.);
#1289 = EDGE_CURVE('',#1282,#1045,#1290,.T.);
#1290 = CIRCLE('',#1291,3.5E-02);
#1291 = AXIS2_PLACEMENT_3D('',#1292,#1293,#1294);
#1292 = CARTESIAN_POINT('',(-0.685,-0.46875,0.465));
#1293 = DIRECTION('',(-0.,1.,0.));
#1294 = DIRECTION('',(1.,0.,0.));
#1295 = ORIENTED_EDGE('',*,*,#1044,.T.);
#1296 = CYLINDRICAL_SURFACE('',#1297,3.5E-02);
#1297 = AXIS2_PLACEMENT_3D('',#1298,#1299,#1300);
#1298 = CARTESIAN_POINT('',(-0.685,-0.625,0.465));
#1299 = DIRECTION('',(0.,1.,0.));
#1300 = DIRECTION('',(1.,0.,0.));
#1301 = ADVANCED_FACE('',(#1302),#1320,.T.);
#1302 = FACE_BOUND('',#1303,.T.);
#1303 = EDGE_LOOP('',(#1304,#1312,#1313,#1314));
#1304 = ORIENTED_EDGE('',*,*,#1305,.F.);
#1305 = EDGE_CURVE('',#1100,#1306,#1308,.T.);
#1306 = VERTEX_POINT('',#1307);
#1307 = CARTESIAN_POINT('',(-0.9125,-0.46875,0.465));
#1308 = LINE('',#1309,#1310);
#1309 = CARTESIAN_POINT('',(-0.9125,-0.546875,0.465));
#1310 = VECTOR('',#1311,1.);
#1311 = DIRECTION('',(0.,1.,0.));
#1312 = ORIENTED_EDGE('',*,*,#1107,.T.);
#1313 = ORIENTED_EDGE('',*,*,#1052,.F.);
#1314 = ORIENTED_EDGE('',*,*,#1315,.F.);
#1315 = EDGE_CURVE('',#1306,#1045,#1316,.T.);
#1316 = LINE('',#1317,#1318);
#1317 = CARTESIAN_POINT('',(-2.625E-02,-0.46875,0.465));
#1318 = VECTOR('',#1319,1.);
#1319 = DIRECTION('',(1.,0.,0.));
#1320 = PLANE('',#1321);
#1321 = AXIS2_PLACEMENT_3D('',#1322,#1323,#1324);
#1322 = CARTESIAN_POINT('',(-0.965,-0.625,0.465));
#1323 = DIRECTION('',(0.,0.,1.));
#1324 = DIRECTION('',(1.,0.,-0.));
#1325 = ADVANCED_FACE('',(#1326),#1387,.F.);
#1326 = FACE_BOUND('',#1327,.F.);
#1327 = EDGE_LOOP('',(#1328,#1338,#1347,#1355,#1364,#1372,#1378,#1379,
    #1380,#1381));
#1328 = ORIENTED_EDGE('',*,*,#1329,.F.);
#1329 = EDGE_CURVE('',#1330,#1332,#1334,.T.);
#1330 = VERTEX_POINT('',#1331);
#1331 = CARTESIAN_POINT('',(-0.965,-0.625,-6.938893903907E-18));
#1332 = VERTEX_POINT('',#1333);
#1333 = CARTESIAN_POINT('',(-0.9125,-0.625,0.));
#1334 = LINE('',#1335,#1336);
#1335 = CARTESIAN_POINT('',(-1.,-0.625,0.));
#1336 = VECTOR('',#1337,1.);
#1337 = DIRECTION('',(1.,0.,0.));
#1338 = ORIENTED_EDGE('',*,*,#1339,.F.);
#1339 = EDGE_CURVE('',#1340,#1330,#1342,.T.);
#1340 = VERTEX_POINT('',#1341);
#1341 = CARTESIAN_POINT('',(-1.,-0.625,3.5E-02));
#1342 = CIRCLE('',#1343,3.5E-02);
#1343 = AXIS2_PLACEMENT_3D('',#1344,#1345,#1346);
#1344 = CARTESIAN_POINT('',(-0.965,-0.625,3.5E-02));
#1345 = DIRECTION('',(0.,-1.,0.));
#1346 = DIRECTION('',(0.,0.,1.));
#1347 = ORIENTED_EDGE('',*,*,#1348,.T.);
#1348 = EDGE_CURVE('',#1340,#1349,#1351,.T.);
#1349 = VERTEX_POINT('',#1350);
#1350 = CARTESIAN_POINT('',(-1.,-0.625,0.465));
#1351 = LINE('',#1352,#1353);
#1352 = CARTESIAN_POINT('',(-1.,-0.625,0.));
#1353 = VECTOR('',#1354,1.);
#1354 = DIRECTION('',(0.,0.,1.));
#1355 = ORIENTED_EDGE('',*,*,#1356,.T.);
#1356 = EDGE_CURVE('',#1349,#1357,#1359,.T.);
#1357 = VERTEX_POINT('',#1358);
#1358 = CARTESIAN_POINT('',(-0.965,-0.625,0.5));
#1359 = CIRCLE('',#1360,3.5E-02);
#1360 = AXIS2_PLACEMENT_3D('',#1361,#1362,#1363);
#1361 = CARTESIAN_POINT('',(-0.965,-0.625,0.465));
#1362 = DIRECTION('',(0.,1.,0.));
#1363 = DIRECTION('',(0.,-0.,1.));
#1364 = ORIENTED_EDGE('',*,*,#1365,.T.);
#1365 = EDGE_CURVE('',#1357,#1366,#1368,.T.);
#1366 = VERTEX_POINT('',#1367);
#1367 = CARTESIAN_POINT('',(-0.9125,-0.625,0.5));
#1368 = LINE('',#1369,#1370);
#1369 = CARTESIAN_POINT('',(-1.,-0.625,0.5));
#1370 = VECTOR('',#1371,1.);
#1371 = DIRECTION('',(1.,0.,0.));
#1372 = ORIENTED_EDGE('',*,*,#1373,.F.);
#1373 = EDGE_CURVE('',#1100,#1366,#1374,.T.);
#1374 = LINE('',#1375,#1376);
#1375 = CARTESIAN_POINT('',(-0.9125,-0.625,0.375));
#1376 = VECTOR('',#1377,1.);
#1377 = DIRECTION('',(0.,0.,1.));
#1378 = ORIENTED_EDGE('',*,*,#1099,.F.);
#1379 = ORIENTED_EDGE('',*,*,#1091,.F.);
#1380 = ORIENTED_EDGE('',*,*,#1081,.T.);
#1381 = ORIENTED_EDGE('',*,*,#1382,.F.);
#1382 = EDGE_CURVE('',#1332,#1084,#1383,.T.);
#1383 = LINE('',#1384,#1385);
#1384 = CARTESIAN_POINT('',(-0.9125,-0.625,0.375));
#1385 = VECTOR('',#1386,1.);
#1386 = DIRECTION('',(0.,0.,1.));
#1387 = PLANE('',#1388);
#1388 = AXIS2_PLACEMENT_3D('',#1389,#1390,#1391);
#1389 = CARTESIAN_POINT('',(-1.,-0.625,0.));
#1390 = DIRECTION('',(0.,1.,0.));
#1391 = DIRECTION('',(0.,-0.,1.));
#1392 = ADVANCED_FACE('',(#1393,#1482),#1508,.F.);
#1393 = FACE_BOUND('',#1394,.F.);
#1394 = EDGE_LOOP('',(#1395,#1403,#1404,#1412,#1420,#1428,#1436,#1444,
    #1452,#1460,#1468,#1476));
#1395 = ORIENTED_EDGE('',*,*,#1396,.F.);
#1396 = EDGE_CURVE('',#1084,#1397,#1399,.T.);
#1397 = VERTEX_POINT('',#1398);
#1398 = CARTESIAN_POINT('',(-0.9125,-0.46875,3.5E-02));
#1399 = LINE('',#1400,#1401);
#1400 = CARTESIAN_POINT('',(-0.9125,-0.546875,3.5E-02));
#1401 = VECTOR('',#1402,1.);
#1402 = DIRECTION('',(0.,1.,0.));
#1403 = ORIENTED_EDGE('',*,*,#1146,.T.);
#1404 = ORIENTED_EDGE('',*,*,#1405,.F.);
#1405 = EDGE_CURVE('',#1406,#1139,#1408,.T.);
#1406 = VERTEX_POINT('',#1407);
#1407 = CARTESIAN_POINT('',(0.9125,-0.46875,3.5E-02));
#1408 = LINE('',#1409,#1410);
#1409 = CARTESIAN_POINT('',(0.9125,-0.703125,3.5E-02));
#1410 = VECTOR('',#1411,1.);
#1411 = DIRECTION('',(0.,-1.,0.));
#1412 = ORIENTED_EDGE('',*,*,#1413,.F.);
#1413 = EDGE_CURVE('',#1414,#1406,#1416,.T.);
#1414 = VERTEX_POINT('',#1415);
#1415 = CARTESIAN_POINT('',(0.65,-0.46875,3.5E-02));
#1416 = LINE('',#1417,#1418);
#1417 = CARTESIAN_POINT('',(-2.625E-02,-0.46875,3.5E-02));
#1418 = VECTOR('',#1419,1.);
#1419 = DIRECTION('',(1.,0.,0.));
#1420 = ORIENTED_EDGE('',*,*,#1421,.T.);
#1421 = EDGE_CURVE('',#1414,#1422,#1424,.T.);
#1422 = VERTEX_POINT('',#1423);
#1423 = CARTESIAN_POINT('',(0.65,0.46875,3.5E-02));
#1424 = LINE('',#1425,#1426);
#1425 = CARTESIAN_POINT('',(0.65,-0.625,3.5E-02));
#1426 = VECTOR('',#1427,1.);
#1427 = DIRECTION('',(0.,1.,0.));
#1428 = ORIENTED_EDGE('',*,*,#1429,.F.);
#1429 = EDGE_CURVE('',#1430,#1422,#1432,.T.);
#1430 = VERTEX_POINT('',#1431);
#1431 = CARTESIAN_POINT('',(0.9125,0.46875,3.5E-02));
#1432 = LINE('',#1433,#1434);
#1433 = CARTESIAN_POINT('',(-0.93875,0.46875,3.5E-02));
#1434 = VECTOR('',#1435,1.);
#1435 = DIRECTION('',(-1.,0.,0.));
#1436 = ORIENTED_EDGE('',*,*,#1437,.F.);
#1437 = EDGE_CURVE('',#1438,#1430,#1440,.T.);
#1438 = VERTEX_POINT('',#1439);
#1439 = CARTESIAN_POINT('',(0.9125,0.625,3.5E-02));
#1440 = LINE('',#1441,#1442);
#1441 = CARTESIAN_POINT('',(0.9125,-7.8125E-02,3.5E-02));
#1442 = VECTOR('',#1443,1.);
#1443 = DIRECTION('',(0.,-1.,0.));
#1444 = ORIENTED_EDGE('',*,*,#1445,.F.);
#1445 = EDGE_CURVE('',#1446,#1438,#1448,.T.);
#1446 = VERTEX_POINT('',#1447);
#1447 = CARTESIAN_POINT('',(-0.9125,0.625,3.5E-02));
#1448 = LINE('',#1449,#1450);
#1449 = CARTESIAN_POINT('',(-0.965,0.625,3.5E-02));
#1450 = VECTOR('',#1451,1.);
#1451 = DIRECTION('',(1.,0.,0.));
#1452 = ORIENTED_EDGE('',*,*,#1453,.F.);
#1453 = EDGE_CURVE('',#1454,#1446,#1456,.T.);
#1454 = VERTEX_POINT('',#1455);
#1455 = CARTESIAN_POINT('',(-0.9125,0.46875,3.5E-02));
#1456 = LINE('',#1457,#1458);
#1457 = CARTESIAN_POINT('',(-0.9125,7.8125E-02,3.5E-02));
#1458 = VECTOR('',#1459,1.);
#1459 = DIRECTION('',(0.,1.,0.));
#1460 = ORIENTED_EDGE('',*,*,#1461,.F.);
#1461 = EDGE_CURVE('',#1462,#1454,#1464,.T.);
#1462 = VERTEX_POINT('',#1463);
#1463 = CARTESIAN_POINT('',(-0.65,0.46875,3.5E-02));
#1464 = LINE('',#1465,#1466);
#1465 = CARTESIAN_POINT('',(-0.93875,0.46875,3.5E-02));
#1466 = VECTOR('',#1467,1.);
#1467 = DIRECTION('',(-1.,0.,0.));
#1468 = ORIENTED_EDGE('',*,*,#1469,.F.);
#1469 = EDGE_CURVE('',#1470,#1462,#1472,.T.);
#1470 = VERTEX_POINT('',#1471);
#1471 = CARTESIAN_POINT('',(-0.65,-0.46875,3.5E-02));
#1472 = LINE('',#1473,#1474);
#1473 = CARTESIAN_POINT('',(-0.65,-0.625,3.5E-02));
#1474 = VECTOR('',#1475,1.);
#1475 = DIRECTION('',(0.,1.,0.));
#1476 = ORIENTED_EDGE('',*,*,#1477,.F.);
#1477 = EDGE_CURVE('',#1397,#1470,#1478,.T.);
#1478 = LINE('',#1479,#1480);
#1479 = CARTESIAN_POINT('',(-2.625E-02,-0.46875,3.5E-02));
#1480 = VECTOR('',#1481,1.);
#1481 = DIRECTION('',(1.,0.,0.));
#1482 = FACE_BOUND('',#1483,.F.);
#1483 = EDGE_LOOP('',(#1484,#1494,#1502));
#1484 = ORIENTED_EDGE('',*,*,#1485,.T.);
#1485 = EDGE_CURVE('',#1486,#1488,#1490,.T.);
#1486 = VERTEX_POINT('',#1487);
#1487 = CARTESIAN_POINT('',(0.433012701892,0.5,3.5E-02));
#1488 = VERTEX_POINT('',#1489);
#1489 = CARTESIAN_POINT('',(0.433012701892,-0.5,3.5E-02));
#1490 = LINE('',#1491,#1492);
#1491 = CARTESIAN_POINT('',(0.433012701892,0.5,3.5E-02));
#1492 = VECTOR('',#1493,1.);
#1493 = DIRECTION('',(0.,-1.,0.));
#1494 = ORIENTED_EDGE('',*,*,#1495,.T.);
#1495 = EDGE_CURVE('',#1488,#1496,#1498,.T.);
#1496 = VERTEX_POINT('',#1497);
#1497 = CARTESIAN_POINT('',(-0.433012701892,0.,3.5E-02));
#1498 = LINE('',#1499,#1500);
#1499 = CARTESIAN_POINT('',(0.433012701892,-0.5,3.5E-02));
#1500 = VECTOR('',#1501,1.);
#1501 = DIRECTION('',(-0.866025403784,0.5,0.));
#1502 = ORIENTED_EDGE('',*,*,#1503,.T.);
#1503 = EDGE_CURVE('',#1496,#1486,#1504,.T.);
#1504 = LINE('',#1505,#1506);
#1505 = CARTESIAN_POINT('',(-0.433012701892,0.,3.5E-02));
#1506 = VECTOR('',#1507,1.);
#1507 = DIRECTION('',(0.866025403784,0.5,0.));
#1508 = PLANE('',#1509);
#1509 = AXIS2_PLACEMENT_3D('',#1510,#1511,#1512);
#1510 = CARTESIAN_POINT('',(-0.965,-0.625,3.5E-02));
#1511 = DIRECTION('',(0.,0.,1.));
#1512 = DIRECTION('',(1.,0.,-0.));
#1513 = ADVANCED_FACE('',(#1514),#1575,.F.);
#1514 = FACE_BOUND('',#1515,.F.);
#1515 = EDGE_LOOP('',(#1516,#1526,#1532,#1533,#1534,#1535,#1543,#1551,
    #1560,#1568));
#1516 = ORIENTED_EDGE('',*,*,#1517,.F.);
#1517 = EDGE_CURVE('',#1518,#1520,#1522,.T.);
#1518 = VERTEX_POINT('',#1519);
#1519 = CARTESIAN_POINT('',(0.9125,-0.625,0.));
#1520 = VERTEX_POINT('',#1521);
#1521 = CARTESIAN_POINT('',(0.965,-0.625,-6.938893903907E-18));
#1522 = LINE('',#1523,#1524);
#1523 = CARTESIAN_POINT('',(0.65,-0.625,0.));
#1524 = VECTOR('',#1525,1.);
#1525 = DIRECTION('',(1.,0.,0.));
#1526 = ORIENTED_EDGE('',*,*,#1527,.F.);
#1527 = EDGE_CURVE('',#1139,#1518,#1528,.T.);
#1528 = LINE('',#1529,#1530);
#1529 = CARTESIAN_POINT('',(0.9125,-0.625,0.375));
#1530 = VECTOR('',#1531,1.);
#1531 = DIRECTION('',(0.,0.,-1.));
#1532 = ORIENTED_EDGE('',*,*,#1138,.T.);
#1533 = ORIENTED_EDGE('',*,*,#1130,.T.);
#1534 = ORIENTED_EDGE('',*,*,#1122,.F.);
#1535 = ORIENTED_EDGE('',*,*,#1536,.F.);
#1536 = EDGE_CURVE('',#1537,#1115,#1539,.T.);
#1537 = VERTEX_POINT('',#1538);
#1538 = CARTESIAN_POINT('',(0.9125,-0.625,0.5));
#1539 = LINE('',#1540,#1541);
#1540 = CARTESIAN_POINT('',(0.9125,-0.625,0.375));
#1541 = VECTOR('',#1542,1.);
#1542 = DIRECTION('',(0.,0.,-1.));
#1543 = ORIENTED_EDGE('',*,*,#1544,.T.);
#1544 = EDGE_CURVE('',#1537,#1545,#1547,.T.);
#1545 = VERTEX_POINT('',#1546);
#1546 = CARTESIAN_POINT('',(0.965,-0.625,0.5));
#1547 = LINE('',#1548,#1549);
#1548 = CARTESIAN_POINT('',(0.65,-0.625,0.5));
#1549 = VECTOR('',#1550,1.);
#1550 = DIRECTION('',(1.,0.,0.));
#1551 = ORIENTED_EDGE('',*,*,#1552,.F.);
#1552 = EDGE_CURVE('',#1553,#1545,#1555,.T.);
#1553 = VERTEX_POINT('',#1554);
#1554 = CARTESIAN_POINT('',(1.,-0.625,0.465));
#1555 = CIRCLE('',#1556,3.5E-02);
#1556 = AXIS2_PLACEMENT_3D('',#1557,#1558,#1559);
#1557 = CARTESIAN_POINT('',(0.965,-0.625,0.465));
#1558 = DIRECTION('',(0.,-1.,0.));
#1559 = DIRECTION('',(0.,0.,1.));
#1560 = ORIENTED_EDGE('',*,*,#1561,.F.);
#1561 = EDGE_CURVE('',#1562,#1553,#1564,.T.);
#1562 = VERTEX_POINT('',#1563);
#1563 = CARTESIAN_POINT('',(1.,-0.625,3.5E-02));
#1564 = LINE('',#1565,#1566);
#1565 = CARTESIAN_POINT('',(1.,-0.625,0.));
#1566 = VECTOR('',#1567,1.);
#1567 = DIRECTION('',(0.,0.,1.));
#1568 = ORIENTED_EDGE('',*,*,#1569,.T.);
#1569 = EDGE_CURVE('',#1562,#1520,#1570,.T.);
#1570 = CIRCLE('',#1571,3.5E-02);
#1571 = AXIS2_PLACEMENT_3D('',#1572,#1573,#1574);
#1572 = CARTESIAN_POINT('',(0.965,-0.625,3.5E-02));
#1573 = DIRECTION('',(0.,1.,0.));
#1574 = DIRECTION('',(0.,-0.,1.));
#1575 = PLANE('',#1576);
#1576 = AXIS2_PLACEMENT_3D('',#1577,#1578,#1579);
#1577 = CARTESIAN_POINT('',(0.65,-0.625,0.));
#1578 = DIRECTION('',(0.,1.,0.));
#1579 = DIRECTION('',(0.,-0.,1.));
#1580 = ADVANCED_FACE('',(#1581),#1599,.T.);
#1581 = FACE_BOUND('',#1582,.T.);
#1582 = EDGE_LOOP('',(#1583,#1591,#1592,#1593));
#1583 = ORIENTED_EDGE('',*,*,#1584,.F.);
#1584 = EDGE_CURVE('',#1187,#1585,#1587,.T.);
#1585 = VERTEX_POINT('',#1586);
#1586 = CARTESIAN_POINT('',(0.9125,-0.46875,0.465));
#1587 = LINE('',#1588,#1589);
#1588 = CARTESIAN_POINT('',(-2.625E-02,-0.46875,0.465));
#1589 = VECTOR('',#1590,1.);
#1590 = DIRECTION('',(1.,0.,0.));
#1591 = ORIENTED_EDGE('',*,*,#1186,.T.);
#1592 = ORIENTED_EDGE('',*,*,#1114,.T.);
#1593 = ORIENTED_EDGE('',*,*,#1594,.F.);
#1594 = EDGE_CURVE('',#1585,#1115,#1595,.T.);
#1595 = LINE('',#1596,#1597);
#1596 = CARTESIAN_POINT('',(0.9125,-0.703125,0.465));
#1597 = VECTOR('',#1598,1.);
#1598 = DIRECTION('',(0.,-1.,0.));
#1599 = PLANE('',#1600);
#1600 = AXIS2_PLACEMENT_3D('',#1601,#1602,#1603);
#1601 = CARTESIAN_POINT('',(-0.965,-0.625,0.465));
#1602 = DIRECTION('',(0.,0.,1.));
#1603 = DIRECTION('',(1.,0.,-0.));
#1604 = ADVANCED_FACE('',(#1605),#1630,.T.);
#1605 = FACE_BOUND('',#1606,.T.);
#1606 = EDGE_LOOP('',(#1607,#1615,#1616,#1624));
#1607 = ORIENTED_EDGE('',*,*,#1608,.F.);
#1608 = EDGE_CURVE('',#1203,#1609,#1611,.T.);
#1609 = VERTEX_POINT('',#1610);
#1610 = CARTESIAN_POINT('',(0.9125,0.625,0.465));
#1611 = LINE('',#1612,#1613);
#1612 = CARTESIAN_POINT('',(-0.965,0.625,0.465));
#1613 = VECTOR('',#1614,1.);
#1614 = DIRECTION('',(1.,0.,0.));
#1615 = ORIENTED_EDGE('',*,*,#1202,.T.);
#1616 = ORIENTED_EDGE('',*,*,#1617,.F.);
#1617 = EDGE_CURVE('',#1618,#1195,#1620,.T.);
#1618 = VERTEX_POINT('',#1619);
#1619 = CARTESIAN_POINT('',(0.9125,0.46875,0.465));
#1620 = LINE('',#1621,#1622);
#1621 = CARTESIAN_POINT('',(-0.93875,0.46875,0.465));
#1622 = VECTOR('',#1623,1.);
#1623 = DIRECTION('',(-1.,0.,0.));
#1624 = ORIENTED_EDGE('',*,*,#1625,.F.);
#1625 = EDGE_CURVE('',#1609,#1618,#1626,.T.);
#1626 = LINE('',#1627,#1628);
#1627 = CARTESIAN_POINT('',(0.9125,-7.8125E-02,0.465));
#1628 = VECTOR('',#1629,1.);
#1629 = DIRECTION('',(0.,-1.,0.));
#1630 = PLANE('',#1631);
#1631 = AXIS2_PLACEMENT_3D('',#1632,#1633,#1634);
#1632 = CARTESIAN_POINT('',(-0.965,-0.625,0.465));
#1633 = DIRECTION('',(0.,0.,1.));
#1634 = DIRECTION('',(1.,0.,-0.));
#1635 = ADVANCED_FACE('',(#1636),#1663,.T.);
#1636 = FACE_BOUND('',#1637,.T.);
#1637 = EDGE_LOOP('',(#1638,#1639,#1648,#1656));
#1638 = ORIENTED_EDGE('',*,*,#1194,.T.);
#1639 = ORIENTED_EDGE('',*,*,#1640,.T.);
#1640 = EDGE_CURVE('',#1187,#1641,#1643,.T.);
#1641 = VERTEX_POINT('',#1642);
#1642 = CARTESIAN_POINT('',(0.685,-0.46875,0.5));
#1643 = CIRCLE('',#1644,3.5E-02);
#1644 = AXIS2_PLACEMENT_3D('',#1645,#1646,#1647);
#1645 = CARTESIAN_POINT('',(0.685,-0.46875,0.465));
#1646 = DIRECTION('',(0.,1.,-0.));
#1647 = DIRECTION('',(-1.,0.,0.));
#1648 = ORIENTED_EDGE('',*,*,#1649,.T.);
#1649 = EDGE_CURVE('',#1641,#1650,#1652,.T.);
#1650 = VERTEX_POINT('',#1651);
#1651 = CARTESIAN_POINT('',(0.685,0.46875,0.5));
#1652 = LINE('',#1653,#1654);
#1653 = CARTESIAN_POINT('',(0.685,-0.625,0.5));
#1654 = VECTOR('',#1655,1.);
#1655 = DIRECTION('',(0.,1.,0.));
#1656 = ORIENTED_EDGE('',*,*,#1657,.F.);
#1657 = EDGE_CURVE('',#1195,#1650,#1658,.T.);
#1658 = CIRCLE('',#1659,3.5E-02);
#1659 = AXIS2_PLACEMENT_3D('',#1660,#1661,#1662);
#1660 = CARTESIAN_POINT('',(0.685,0.46875,0.465));
#1661 = DIRECTION('',(0.,1.,-0.));
#1662 = DIRECTION('',(-1.,0.,0.));
#1663 = CYLINDRICAL_SURFACE('',#1664,3.5E-02);
#1664 = AXIS2_PLACEMENT_3D('',#1665,#1666,#1667);
#1665 = CARTESIAN_POINT('',(0.685,-0.625,0.465));
#1666 = DIRECTION('',(0.,1.,0.));
#1667 = DIRECTION('',(-1.,0.,0.));
#1668 = ADVANCED_FACE('',(#1669),#1719,.T.);
#1669 = FACE_BOUND('',#1670,.T.);
#1670 = EDGE_LOOP('',(#1671,#1679,#1687,#1693,#1694,#1695,#1696,#1704,
    #1712,#1718));
#1671 = ORIENTED_EDGE('',*,*,#1672,.F.);
#1672 = EDGE_CURVE('',#1673,#1446,#1675,.T.);
#1673 = VERTEX_POINT('',#1674);
#1674 = CARTESIAN_POINT('',(-0.965,0.625,3.5E-02));
#1675 = LINE('',#1676,#1677);
#1676 = CARTESIAN_POINT('',(-0.965,0.625,3.5E-02));
#1677 = VECTOR('',#1678,1.);
#1678 = DIRECTION('',(1.,0.,0.));
#1679 = ORIENTED_EDGE('',*,*,#1680,.T.);
#1680 = EDGE_CURVE('',#1673,#1681,#1683,.T.);
#1681 = VERTEX_POINT('',#1682);
#1682 = CARTESIAN_POINT('',(-0.965,0.625,0.465));
#1683 = LINE('',#1684,#1685);
#1684 = CARTESIAN_POINT('',(-0.965,0.625,3.5E-02));
#1685 = VECTOR('',#1686,1.);
#1686 = DIRECTION('',(0.,0.,1.));
#1687 = ORIENTED_EDGE('',*,*,#1688,.T.);
#1688 = EDGE_CURVE('',#1681,#1225,#1689,.T.);
#1689 = LINE('',#1690,#1691);
#1690 = CARTESIAN_POINT('',(-0.965,0.625,0.465));
#1691 = VECTOR('',#1692,1.);
#1692 = DIRECTION('',(1.,0.,0.));
#1693 = ORIENTED_EDGE('',*,*,#1224,.T.);
#1694 = ORIENTED_EDGE('',*,*,#1258,.F.);
#1695 = ORIENTED_EDGE('',*,*,#1608,.T.);
#1696 = ORIENTED_EDGE('',*,*,#1697,.T.);
#1697 = EDGE_CURVE('',#1609,#1698,#1700,.T.);
#1698 = VERTEX_POINT('',#1699);
#1699 = CARTESIAN_POINT('',(0.965,0.625,0.465));
#1700 = LINE('',#1701,#1702);
#1701 = CARTESIAN_POINT('',(-0.965,0.625,0.465));
#1702 = VECTOR('',#1703,1.);
#1703 = DIRECTION('',(1.,0.,0.));
#1704 = ORIENTED_EDGE('',*,*,#1705,.F.);
#1705 = EDGE_CURVE('',#1706,#1698,#1708,.T.);
#1706 = VERTEX_POINT('',#1707);
#1707 = CARTESIAN_POINT('',(0.965,0.625,3.5E-02));
#1708 = LINE('',#1709,#1710);
#1709 = CARTESIAN_POINT('',(0.965,0.625,3.5E-02));
#1710 = VECTOR('',#1711,1.);
#1711 = DIRECTION('',(0.,0.,1.));
#1712 = ORIENTED_EDGE('',*,*,#1713,.F.);
#1713 = EDGE_CURVE('',#1438,#1706,#1714,.T.);
#1714 = LINE('',#1715,#1716);
#1715 = CARTESIAN_POINT('',(-0.965,0.625,3.5E-02));
#1716 = VECTOR('',#1717,1.);
#1717 = DIRECTION('',(1.,0.,0.));
#1718 = ORIENTED_EDGE('',*,*,#1445,.F.);
#1719 = PLANE('',#1720);
#1720 = AXIS2_PLACEMENT_3D('',#1721,#1722,#1723);
#1721 = CARTESIAN_POINT('',(-0.965,0.625,3.5E-02));
#1722 = DIRECTION('',(0.,1.,0.));
#1723 = DIRECTION('',(0.,-0.,1.));
#1724 = ADVANCED_FACE('',(#1725),#1743,.F.);
#1725 = FACE_BOUND('',#1726,.F.);
#1726 = EDGE_LOOP('',(#1727,#1735,#1741,#1742));
#1727 = ORIENTED_EDGE('',*,*,#1728,.F.);
#1728 = EDGE_CURVE('',#1729,#1273,#1731,.T.);
#1729 = VERTEX_POINT('',#1730);
#1730 = CARTESIAN_POINT('',(-0.9125,0.46875,0.5));
#1731 = LINE('',#1732,#1733);
#1732 = CARTESIAN_POINT('',(-0.95625,0.46875,0.5));
#1733 = VECTOR('',#1734,1.);
#1734 = DIRECTION('',(1.,0.,0.));
#1735 = ORIENTED_EDGE('',*,*,#1736,.T.);
#1736 = EDGE_CURVE('',#1729,#1233,#1737,.T.);
#1737 = LINE('',#1738,#1739);
#1738 = CARTESIAN_POINT('',(-0.9125,0.46875,0.75));
#1739 = VECTOR('',#1740,1.);
#1740 = DIRECTION('',(-0.,-0.,-1.));
#1741 = ORIENTED_EDGE('',*,*,#1240,.F.);
#1742 = ORIENTED_EDGE('',*,*,#1272,.F.);
#1743 = PLANE('',#1744);
#1744 = AXIS2_PLACEMENT_3D('',#1745,#1746,#1747);
#1745 = CARTESIAN_POINT('',(-0.9125,0.46875,0.75));
#1746 = DIRECTION('',(0.,-1.,0.));
#1747 = DIRECTION('',(1.,0.,0.));
#1748 = ADVANCED_FACE('',(#1749),#1767,.F.);
#1749 = FACE_BOUND('',#1750,.F.);
#1750 = EDGE_LOOP('',(#1751,#1752,#1760,#1766));
#1751 = ORIENTED_EDGE('',*,*,#1736,.F.);
#1752 = ORIENTED_EDGE('',*,*,#1753,.F.);
#1753 = EDGE_CURVE('',#1754,#1729,#1756,.T.);
#1754 = VERTEX_POINT('',#1755);
#1755 = CARTESIAN_POINT('',(-0.9125,0.625,0.5));
#1756 = LINE('',#1757,#1758);
#1757 = CARTESIAN_POINT('',(-0.9125,7.8125E-02,0.5));
#1758 = VECTOR('',#1759,1.);
#1759 = DIRECTION('',(0.,-1.,0.));
#1760 = ORIENTED_EDGE('',*,*,#1761,.F.);
#1761 = EDGE_CURVE('',#1225,#1754,#1762,.T.);
#1762 = LINE('',#1763,#1764);
#1763 = CARTESIAN_POINT('',(-0.9125,0.625,0.375));
#1764 = VECTOR('',#1765,1.);
#1765 = DIRECTION('',(0.,0.,1.));
#1766 = ORIENTED_EDGE('',*,*,#1232,.F.);
#1767 = PLANE('',#1768);
#1768 = AXIS2_PLACEMENT_3D('',#1769,#1770,#1771);
#1769 = CARTESIAN_POINT('',(-0.9125,0.78125,0.75));
#1770 = DIRECTION('',(-1.,0.,0.));
#1771 = DIRECTION('',(0.,-1.,0.));
#1772 = ADVANCED_FACE('',(#1773),#1791,.F.);
#1773 = FACE_BOUND('',#1774,.F.);
#1774 = EDGE_LOOP('',(#1775,#1783,#1789,#1790));
#1775 = ORIENTED_EDGE('',*,*,#1776,.F.);
#1776 = EDGE_CURVE('',#1777,#1306,#1779,.T.);
#1777 = VERTEX_POINT('',#1778);
#1778 = CARTESIAN_POINT('',(-0.9125,-0.46875,0.5));
#1779 = LINE('',#1780,#1781);
#1780 = CARTESIAN_POINT('',(-0.9125,-0.46875,0.75));
#1781 = VECTOR('',#1782,1.);
#1782 = DIRECTION('',(-0.,-0.,-1.));
#1783 = ORIENTED_EDGE('',*,*,#1784,.F.);
#1784 = EDGE_CURVE('',#1282,#1777,#1785,.T.);
#1785 = LINE('',#1786,#1787);
#1786 = CARTESIAN_POINT('',(-4.375E-02,-0.46875,0.5));
#1787 = VECTOR('',#1788,1.);
#1788 = DIRECTION('',(-1.,0.,0.));
#1789 = ORIENTED_EDGE('',*,*,#1289,.T.);
#1790 = ORIENTED_EDGE('',*,*,#1315,.F.);
#1791 = PLANE('',#1792);
#1792 = AXIS2_PLACEMENT_3D('',#1793,#1794,#1795);
#1793 = CARTESIAN_POINT('',(0.9125,-0.46875,0.75));
#1794 = DIRECTION('',(0.,1.,0.));
#1795 = DIRECTION('',(-1.,0.,0.));
#1796 = ADVANCED_FACE('',(#1797),#1824,.T.);
#1797 = FACE_BOUND('',#1798,.T.);
#1798 = EDGE_LOOP('',(#1799,#1807,#1813,#1814,#1820,#1821,#1822,#1823));
#1799 = ORIENTED_EDGE('',*,*,#1800,.F.);
#1800 = EDGE_CURVE('',#1801,#1754,#1803,.T.);
#1801 = VERTEX_POINT('',#1802);
#1802 = CARTESIAN_POINT('',(-0.965,0.625,0.5));
#1803 = LINE('',#1804,#1805);
#1804 = CARTESIAN_POINT('',(-1.,0.625,0.5));
#1805 = VECTOR('',#1806,1.);
#1806 = DIRECTION('',(1.,0.,0.));
#1807 = ORIENTED_EDGE('',*,*,#1808,.F.);
#1808 = EDGE_CURVE('',#1357,#1801,#1809,.T.);
#1809 = LINE('',#1810,#1811);
#1810 = CARTESIAN_POINT('',(-0.965,-0.625,0.5));
#1811 = VECTOR('',#1812,1.);
#1812 = DIRECTION('',(0.,1.,0.));
#1813 = ORIENTED_EDGE('',*,*,#1365,.T.);
#1814 = ORIENTED_EDGE('',*,*,#1815,.F.);
#1815 = EDGE_CURVE('',#1777,#1366,#1816,.T.);
#1816 = LINE('',#1817,#1818);
#1817 = CARTESIAN_POINT('',(-0.9125,-0.546875,0.5));
#1818 = VECTOR('',#1819,1.);
#1819 = DIRECTION('',(0.,-1.,0.));
#1820 = ORIENTED_EDGE('',*,*,#1784,.F.);
#1821 = ORIENTED_EDGE('',*,*,#1281,.T.);
#1822 = ORIENTED_EDGE('',*,*,#1728,.F.);
#1823 = ORIENTED_EDGE('',*,*,#1753,.F.);
#1824 = PLANE('',#1825);
#1825 = AXIS2_PLACEMENT_3D('',#1826,#1827,#1828);
#1826 = CARTESIAN_POINT('',(-1.,-0.625,0.5));
#1827 = DIRECTION('',(0.,0.,1.));
#1828 = DIRECTION('',(1.,0.,-0.));
#1829 = ADVANCED_FACE('',(#1830),#1836,.F.);
#1830 = FACE_BOUND('',#1831,.F.);
#1831 = EDGE_LOOP('',(#1832,#1833,#1834,#1835));
#1832 = ORIENTED_EDGE('',*,*,#1815,.F.);
#1833 = ORIENTED_EDGE('',*,*,#1776,.T.);
#1834 = ORIENTED_EDGE('',*,*,#1305,.F.);
#1835 = ORIENTED_EDGE('',*,*,#1373,.T.);
#1836 = PLANE('',#1837);
#1837 = AXIS2_PLACEMENT_3D('',#1838,#1839,#1840);
#1838 = CARTESIAN_POINT('',(-0.9125,-0.46875,0.75));
#1839 = DIRECTION('',(-1.,0.,0.));
#1840 = DIRECTION('',(0.,-1.,0.));
#1841 = ADVANCED_FACE('',(#1842),#1899,.F.);
#1842 = FACE_BOUND('',#1843,.F.);
#1843 = EDGE_LOOP('',(#1844,#1854,#1860,#1861,#1869,#1877,#1885,#1893));
#1844 = ORIENTED_EDGE('',*,*,#1845,.F.);
#1845 = EDGE_CURVE('',#1846,#1848,#1850,.T.);
#1846 = VERTEX_POINT('',#1847);
#1847 = CARTESIAN_POINT('',(-0.965,0.625,-6.938893903907E-18));
#1848 = VERTEX_POINT('',#1849);
#1849 = CARTESIAN_POINT('',(-0.9125,0.625,0.));
#1850 = LINE('',#1851,#1852);
#1851 = CARTESIAN_POINT('',(-1.,0.625,0.));
#1852 = VECTOR('',#1853,1.);
#1853 = DIRECTION('',(1.,0.,0.));
#1854 = ORIENTED_EDGE('',*,*,#1855,.F.);
#1855 = EDGE_CURVE('',#1330,#1846,#1856,.T.);
#1856 = LINE('',#1857,#1858);
#1857 = CARTESIAN_POINT('',(-0.965,-0.625,-6.938893903907E-18));
#1858 = VECTOR('',#1859,1.);
#1859 = DIRECTION('',(0.,1.,0.));
#1860 = ORIENTED_EDGE('',*,*,#1329,.T.);
#1861 = ORIENTED_EDGE('',*,*,#1862,.F.);
#1862 = EDGE_CURVE('',#1863,#1332,#1865,.T.);
#1863 = VERTEX_POINT('',#1864);
#1864 = CARTESIAN_POINT('',(-0.9125,-0.46875,0.));
#1865 = LINE('',#1866,#1867);
#1866 = CARTESIAN_POINT('',(-0.9125,-0.546875,0.));
#1867 = VECTOR('',#1868,1.);
#1868 = DIRECTION('',(0.,-1.,0.));
#1869 = ORIENTED_EDGE('',*,*,#1870,.F.);
#1870 = EDGE_CURVE('',#1871,#1863,#1873,.T.);
#1871 = VERTEX_POINT('',#1872);
#1872 = CARTESIAN_POINT('',(-0.685,-0.46875,-6.938893903907E-18));
#1873 = LINE('',#1874,#1875);
#1874 = CARTESIAN_POINT('',(-4.375E-02,-0.46875,0.));
#1875 = VECTOR('',#1876,1.);
#1876 = DIRECTION('',(-1.,0.,0.));
#1877 = ORIENTED_EDGE('',*,*,#1878,.T.);
#1878 = EDGE_CURVE('',#1871,#1879,#1881,.T.);
#1879 = VERTEX_POINT('',#1880);
#1880 = CARTESIAN_POINT('',(-0.685,0.46875,-6.938893903907E-18));
#1881 = LINE('',#1882,#1883);
#1882 = CARTESIAN_POINT('',(-0.685,-0.625,-6.938893903907E-18));
#1883 = VECTOR('',#1884,1.);
#1884 = DIRECTION('',(0.,1.,0.));
#1885 = ORIENTED_EDGE('',*,*,#1886,.F.);
#1886 = EDGE_CURVE('',#1887,#1879,#1889,.T.);
#1887 = VERTEX_POINT('',#1888);
#1888 = CARTESIAN_POINT('',(-0.9125,0.46875,0.));
#1889 = LINE('',#1890,#1891);
#1890 = CARTESIAN_POINT('',(-0.95625,0.46875,0.));
#1891 = VECTOR('',#1892,1.);
#1892 = DIRECTION('',(1.,0.,0.));
#1893 = ORIENTED_EDGE('',*,*,#1894,.F.);
#1894 = EDGE_CURVE('',#1848,#1887,#1895,.T.);
#1895 = LINE('',#1896,#1897);
#1896 = CARTESIAN_POINT('',(-0.9125,7.8125E-02,0.));
#1897 = VECTOR('',#1898,1.);
#1898 = DIRECTION('',(0.,-1.,0.));
#1899 = PLANE('',#1900);
#1900 = AXIS2_PLACEMENT_3D('',#1901,#1902,#1903);
#1901 = CARTESIAN_POINT('',(-1.,-0.625,0.));
#1902 = DIRECTION('',(0.,0.,1.));
#1903 = DIRECTION('',(1.,0.,-0.));
#1904 = ADVANCED_FACE('',(#1905),#1924,.T.);
#1905 = FACE_BOUND('',#1906,.T.);
#1906 = EDGE_LOOP('',(#1907,#1915,#1922,#1923));
#1907 = ORIENTED_EDGE('',*,*,#1908,.T.);
#1908 = EDGE_CURVE('',#1340,#1909,#1911,.T.);
#1909 = VERTEX_POINT('',#1910);
#1910 = CARTESIAN_POINT('',(-1.,0.625,3.5E-02));
#1911 = LINE('',#1912,#1913);
#1912 = CARTESIAN_POINT('',(-1.,-0.625,3.5E-02));
#1913 = VECTOR('',#1914,1.);
#1914 = DIRECTION('',(0.,1.,0.));
#1915 = ORIENTED_EDGE('',*,*,#1916,.T.);
#1916 = EDGE_CURVE('',#1909,#1846,#1917,.T.);
#1917 = CIRCLE('',#1918,3.5E-02);
#1918 = AXIS2_PLACEMENT_3D('',#1919,#1920,#1921);
#1919 = CARTESIAN_POINT('',(-0.965,0.625,3.5E-02));
#1920 = DIRECTION('',(0.,-1.,0.));
#1921 = DIRECTION('',(0.,0.,1.));
#1922 = ORIENTED_EDGE('',*,*,#1855,.F.);
#1923 = ORIENTED_EDGE('',*,*,#1339,.F.);
#1924 = CYLINDRICAL_SURFACE('',#1925,3.5E-02);
#1925 = AXIS2_PLACEMENT_3D('',#1926,#1927,#1928);
#1926 = CARTESIAN_POINT('',(-0.965,-0.625,3.5E-02));
#1927 = DIRECTION('',(0.,1.,0.));
#1928 = DIRECTION('',(-1.,0.,0.));
#1929 = ADVANCED_FACE('',(#1930),#1941,.F.);
#1930 = FACE_BOUND('',#1931,.F.);
#1931 = EDGE_LOOP('',(#1932,#1933,#1939,#1940));
#1932 = ORIENTED_EDGE('',*,*,#1396,.T.);
#1933 = ORIENTED_EDGE('',*,*,#1934,.T.);
#1934 = EDGE_CURVE('',#1397,#1863,#1935,.T.);
#1935 = LINE('',#1936,#1937);
#1936 = CARTESIAN_POINT('',(-0.9125,-0.46875,0.75));
#1937 = VECTOR('',#1938,1.);
#1938 = DIRECTION('',(-0.,-0.,-1.));
#1939 = ORIENTED_EDGE('',*,*,#1862,.T.);
#1940 = ORIENTED_EDGE('',*,*,#1382,.T.);
#1941 = PLANE('',#1942);
#1942 = AXIS2_PLACEMENT_3D('',#1943,#1944,#1945);
#1943 = CARTESIAN_POINT('',(-0.9125,-0.46875,0.75));
#1944 = DIRECTION('',(-1.,0.,0.));
#1945 = DIRECTION('',(0.,-1.,0.));
#1946 = ADVANCED_FACE('',(#1947),#1965,.F.);
#1947 = FACE_BOUND('',#1948,.F.);
#1948 = EDGE_LOOP('',(#1949,#1950,#1951,#1959));
#1949 = ORIENTED_EDGE('',*,*,#1348,.F.);
#1950 = ORIENTED_EDGE('',*,*,#1908,.T.);
#1951 = ORIENTED_EDGE('',*,*,#1952,.T.);
#1952 = EDGE_CURVE('',#1909,#1953,#1955,.T.);
#1953 = VERTEX_POINT('',#1954);
#1954 = CARTESIAN_POINT('',(-1.,0.625,0.465));
#1955 = LINE('',#1956,#1957);
#1956 = CARTESIAN_POINT('',(-1.,0.625,0.));
#1957 = VECTOR('',#1958,1.);
#1958 = DIRECTION('',(0.,0.,1.));
#1959 = ORIENTED_EDGE('',*,*,#1960,.F.);
#1960 = EDGE_CURVE('',#1349,#1953,#1961,.T.);
#1961 = LINE('',#1962,#1963);
#1962 = CARTESIAN_POINT('',(-1.,-0.625,0.465));
#1963 = VECTOR('',#1964,1.);
#1964 = DIRECTION('',(0.,1.,0.));
#1965 = PLANE('',#1966);
#1966 = AXIS2_PLACEMENT_3D('',#1967,#1968,#1969);
#1967 = CARTESIAN_POINT('',(-1.,-0.625,0.));
#1968 = DIRECTION('',(1.,0.,0.));
#1969 = DIRECTION('',(0.,0.,1.));
#1970 = ADVANCED_FACE('',(#1971),#1983,.T.);
#1971 = FACE_BOUND('',#1972,.T.);
#1972 = EDGE_LOOP('',(#1973,#1974,#1975,#1982));
#1973 = ORIENTED_EDGE('',*,*,#1356,.T.);
#1974 = ORIENTED_EDGE('',*,*,#1808,.T.);
#1975 = ORIENTED_EDGE('',*,*,#1976,.F.);
#1976 = EDGE_CURVE('',#1953,#1801,#1977,.T.);
#1977 = CIRCLE('',#1978,3.5E-02);
#1978 = AXIS2_PLACEMENT_3D('',#1979,#1980,#1981);
#1979 = CARTESIAN_POINT('',(-0.965,0.625,0.465));
#1980 = DIRECTION('',(0.,1.,0.));
#1981 = DIRECTION('',(0.,-0.,1.));
#1982 = ORIENTED_EDGE('',*,*,#1960,.F.);
#1983 = CYLINDRICAL_SURFACE('',#1984,3.5E-02);
#1984 = AXIS2_PLACEMENT_3D('',#1985,#1986,#1987);
#1985 = CARTESIAN_POINT('',(-0.965,-0.625,0.465));
#1986 = DIRECTION('',(0.,1.,0.));
#1987 = DIRECTION('',(-1.,0.,0.));
#1988 = ADVANCED_FACE('',(#1989),#2001,.F.);
#1989 = FACE_BOUND('',#1990,.F.);
#1990 = EDGE_LOOP('',(#1991,#1992,#1993,#2000));
#1991 = ORIENTED_EDGE('',*,*,#1934,.F.);
#1992 = ORIENTED_EDGE('',*,*,#1477,.T.);
#1993 = ORIENTED_EDGE('',*,*,#1994,.T.);
#1994 = EDGE_CURVE('',#1470,#1871,#1995,.T.);
#1995 = CIRCLE('',#1996,3.5E-02);
#1996 = AXIS2_PLACEMENT_3D('',#1997,#1998,#1999);
#1997 = CARTESIAN_POINT('',(-0.685,-0.46875,3.5E-02));
#1998 = DIRECTION('',(-0.,1.,0.));
#1999 = DIRECTION('',(1.,0.,0.));
#2000 = ORIENTED_EDGE('',*,*,#1870,.T.);
#2001 = PLANE('',#2002);
#2002 = AXIS2_PLACEMENT_3D('',#2003,#2004,#2005);
#2003 = CARTESIAN_POINT('',(0.9125,-0.46875,0.75));
#2004 = DIRECTION('',(0.,1.,0.));
#2005 = DIRECTION('',(-1.,0.,0.));
#2006 = ADVANCED_FACE('',(#2007),#2019,.T.);
#2007 = FACE_BOUND('',#2008,.T.);
#2008 = EDGE_LOOP('',(#2009,#2010,#2011,#2012));
#2009 = ORIENTED_EDGE('',*,*,#1469,.F.);
#2010 = ORIENTED_EDGE('',*,*,#1994,.T.);
#2011 = ORIENTED_EDGE('',*,*,#1878,.T.);
#2012 = ORIENTED_EDGE('',*,*,#2013,.F.);
#2013 = EDGE_CURVE('',#1462,#1879,#2014,.T.);
#2014 = CIRCLE('',#2015,3.5E-02);
#2015 = AXIS2_PLACEMENT_3D('',#2016,#2017,#2018);
#2016 = CARTESIAN_POINT('',(-0.685,0.46875,3.5E-02));
#2017 = DIRECTION('',(-0.,1.,0.));
#2018 = DIRECTION('',(1.,0.,0.));
#2019 = CYLINDRICAL_SURFACE('',#2020,3.5E-02);
#2020 = AXIS2_PLACEMENT_3D('',#2021,#2022,#2023);
#2021 = CARTESIAN_POINT('',(-0.685,-0.625,3.5E-02));
#2022 = DIRECTION('',(0.,1.,0.));
#2023 = DIRECTION('',(1.,0.,0.));
#2024 = ADVANCED_FACE('',(#2025),#2036,.F.);
#2025 = FACE_BOUND('',#2026,.F.);
#2026 = EDGE_LOOP('',(#2027,#2028,#2034,#2035));
#2027 = ORIENTED_EDGE('',*,*,#1461,.T.);
#2028 = ORIENTED_EDGE('',*,*,#2029,.T.);
#2029 = EDGE_CURVE('',#1454,#1887,#2030,.T.);
#2030 = LINE('',#2031,#2032);
#2031 = CARTESIAN_POINT('',(-0.9125,0.46875,0.75));
#2032 = VECTOR('',#2033,1.);
#2033 = DIRECTION('',(-0.,-0.,-1.));
#2034 = ORIENTED_EDGE('',*,*,#1886,.T.);
#2035 = ORIENTED_EDGE('',*,*,#2013,.F.);
#2036 = PLANE('',#2037);
#2037 = AXIS2_PLACEMENT_3D('',#2038,#2039,#2040);
#2038 = CARTESIAN_POINT('',(-0.9125,0.46875,0.75));
#2039 = DIRECTION('',(0.,-1.,0.));
#2040 = DIRECTION('',(1.,0.,0.));
#2041 = ADVANCED_FACE('',(#2042),#2053,.F.);
#2042 = FACE_BOUND('',#2043,.F.);
#2043 = EDGE_LOOP('',(#2044,#2045,#2046,#2052));
#2044 = ORIENTED_EDGE('',*,*,#2029,.F.);
#2045 = ORIENTED_EDGE('',*,*,#1453,.T.);
#2046 = ORIENTED_EDGE('',*,*,#2047,.F.);
#2047 = EDGE_CURVE('',#1848,#1446,#2048,.T.);
#2048 = LINE('',#2049,#2050);
#2049 = CARTESIAN_POINT('',(-0.9125,0.625,0.375));
#2050 = VECTOR('',#2051,1.);
#2051 = DIRECTION('',(0.,0.,1.));
#2052 = ORIENTED_EDGE('',*,*,#1894,.T.);
#2053 = PLANE('',#2054);
#2054 = AXIS2_PLACEMENT_3D('',#2055,#2056,#2057);
#2055 = CARTESIAN_POINT('',(-0.9125,0.78125,0.75));
#2056 = DIRECTION('',(-1.,0.,0.));
#2057 = DIRECTION('',(0.,-1.,0.));
#2058 = ADVANCED_FACE('',(#2059),#2084,.F.);
#2059 = FACE_BOUND('',#2060,.F.);
#2060 = EDGE_LOOP('',(#2061,#2062,#2070,#2078));
#2061 = ORIENTED_EDGE('',*,*,#1437,.T.);
#2062 = ORIENTED_EDGE('',*,*,#2063,.T.);
#2063 = EDGE_CURVE('',#1430,#2064,#2066,.T.);
#2064 = VERTEX_POINT('',#2065);
#2065 = CARTESIAN_POINT('',(0.9125,0.46875,0.));
#2066 = LINE('',#2067,#2068);
#2067 = CARTESIAN_POINT('',(0.9125,0.46875,0.75));
#2068 = VECTOR('',#2069,1.);
#2069 = DIRECTION('',(-0.,-0.,-1.));
#2070 = ORIENTED_EDGE('',*,*,#2071,.T.);
#2071 = EDGE_CURVE('',#2064,#2072,#2074,.T.);
#2072 = VERTEX_POINT('',#2073);
#2073 = CARTESIAN_POINT('',(0.9125,0.625,0.));
#2074 = LINE('',#2075,#2076);
#2075 = CARTESIAN_POINT('',(0.9125,-7.8125E-02,0.));
#2076 = VECTOR('',#2077,1.);
#2077 = DIRECTION('',(0.,1.,0.));
#2078 = ORIENTED_EDGE('',*,*,#2079,.F.);
#2079 = EDGE_CURVE('',#1438,#2072,#2080,.T.);
#2080 = LINE('',#2081,#2082);
#2081 = CARTESIAN_POINT('',(0.9125,0.625,0.375));
#2082 = VECTOR('',#2083,1.);
#2083 = DIRECTION('',(0.,0.,-1.));
#2084 = PLANE('',#2085);
#2085 = AXIS2_PLACEMENT_3D('',#2086,#2087,#2088);
#2086 = CARTESIAN_POINT('',(0.9125,0.46875,0.75));
#2087 = DIRECTION('',(1.,0.,0.));
#2088 = DIRECTION('',(-0.,1.,0.));
#2089 = ADVANCED_FACE('',(#2090),#2109,.F.);
#2090 = FACE_BOUND('',#2091,.F.);
#2091 = EDGE_LOOP('',(#2092,#2093,#2094,#2103));
#2092 = ORIENTED_EDGE('',*,*,#2063,.F.);
#2093 = ORIENTED_EDGE('',*,*,#1429,.T.);
#2094 = ORIENTED_EDGE('',*,*,#2095,.F.);
#2095 = EDGE_CURVE('',#2096,#1422,#2098,.T.);
#2096 = VERTEX_POINT('',#2097);
#2097 = CARTESIAN_POINT('',(0.685,0.46875,-6.938893903907E-18));
#2098 = CIRCLE('',#2099,3.5E-02);
#2099 = AXIS2_PLACEMENT_3D('',#2100,#2101,#2102);
#2100 = CARTESIAN_POINT('',(0.685,0.46875,3.5E-02));
#2101 = DIRECTION('',(0.,1.,-0.));
#2102 = DIRECTION('',(-1.,0.,0.));
#2103 = ORIENTED_EDGE('',*,*,#2104,.T.);
#2104 = EDGE_CURVE('',#2096,#2064,#2105,.T.);
#2105 = LINE('',#2106,#2107);
#2106 = CARTESIAN_POINT('',(-0.13125,0.46875,0.));
#2107 = VECTOR('',#2108,1.);
#2108 = DIRECTION('',(1.,0.,0.));
#2109 = PLANE('',#2110);
#2110 = AXIS2_PLACEMENT_3D('',#2111,#2112,#2113);
#2111 = CARTESIAN_POINT('',(-0.9125,0.46875,0.75));
#2112 = DIRECTION('',(0.,-1.,0.));
#2113 = DIRECTION('',(1.,0.,0.));
#2114 = ADVANCED_FACE('',(#2115),#2134,.T.);
#2115 = FACE_BOUND('',#2116,.T.);
#2116 = EDGE_LOOP('',(#2117,#2118,#2126,#2133));
#2117 = ORIENTED_EDGE('',*,*,#2095,.F.);
#2118 = ORIENTED_EDGE('',*,*,#2119,.F.);
#2119 = EDGE_CURVE('',#2120,#2096,#2122,.T.);
#2120 = VERTEX_POINT('',#2121);
#2121 = CARTESIAN_POINT('',(0.685,-0.46875,-6.938893903907E-18));
#2122 = LINE('',#2123,#2124);
#2123 = CARTESIAN_POINT('',(0.685,-0.625,-6.938893903907E-18));
#2124 = VECTOR('',#2125,1.);
#2125 = DIRECTION('',(0.,1.,0.));
#2126 = ORIENTED_EDGE('',*,*,#2127,.T.);
#2127 = EDGE_CURVE('',#2120,#1414,#2128,.T.);
#2128 = CIRCLE('',#2129,3.5E-02);
#2129 = AXIS2_PLACEMENT_3D('',#2130,#2131,#2132);
#2130 = CARTESIAN_POINT('',(0.685,-0.46875,3.5E-02));
#2131 = DIRECTION('',(0.,1.,-0.));
#2132 = DIRECTION('',(-1.,0.,0.));
#2133 = ORIENTED_EDGE('',*,*,#1421,.T.);
#2134 = CYLINDRICAL_SURFACE('',#2135,3.5E-02);
#2135 = AXIS2_PLACEMENT_3D('',#2136,#2137,#2138);
#2136 = CARTESIAN_POINT('',(0.685,-0.625,3.5E-02));
#2137 = DIRECTION('',(0.,1.,0.));
#2138 = DIRECTION('',(-1.,0.,0.));
#2139 = ADVANCED_FACE('',(#2140),#2158,.F.);
#2140 = FACE_BOUND('',#2141,.F.);
#2141 = EDGE_LOOP('',(#2142,#2143,#2151,#2157));
#2142 = ORIENTED_EDGE('',*,*,#1413,.T.);
#2143 = ORIENTED_EDGE('',*,*,#2144,.T.);
#2144 = EDGE_CURVE('',#1406,#2145,#2147,.T.);
#2145 = VERTEX_POINT('',#2146);
#2146 = CARTESIAN_POINT('',(0.9125,-0.46875,0.));
#2147 = LINE('',#2148,#2149);
#2148 = CARTESIAN_POINT('',(0.9125,-0.46875,0.75));
#2149 = VECTOR('',#2150,1.);
#2150 = DIRECTION('',(-0.,-0.,-1.));
#2151 = ORIENTED_EDGE('',*,*,#2152,.T.);
#2152 = EDGE_CURVE('',#2145,#2120,#2153,.T.);
#2153 = LINE('',#2154,#2155);
#2154 = CARTESIAN_POINT('',(0.78125,-0.46875,0.));
#2155 = VECTOR('',#2156,1.);
#2156 = DIRECTION('',(-1.,0.,0.));
#2157 = ORIENTED_EDGE('',*,*,#2127,.T.);
#2158 = PLANE('',#2159);
#2159 = AXIS2_PLACEMENT_3D('',#2160,#2161,#2162);
#2160 = CARTESIAN_POINT('',(0.9125,-0.46875,0.75));
#2161 = DIRECTION('',(0.,1.,0.));
#2162 = DIRECTION('',(-1.,0.,0.));
#2163 = ADVANCED_FACE('',(#2164),#2175,.F.);
#2164 = FACE_BOUND('',#2165,.F.);
#2165 = EDGE_LOOP('',(#2166,#2167,#2168,#2169));
#2166 = ORIENTED_EDGE('',*,*,#2144,.F.);
#2167 = ORIENTED_EDGE('',*,*,#1405,.T.);
#2168 = ORIENTED_EDGE('',*,*,#1527,.T.);
#2169 = ORIENTED_EDGE('',*,*,#2170,.T.);
#2170 = EDGE_CURVE('',#1518,#2145,#2171,.T.);
#2171 = LINE('',#2172,#2173);
#2172 = CARTESIAN_POINT('',(0.9125,-0.703125,0.));
#2173 = VECTOR('',#2174,1.);
#2174 = DIRECTION('',(0.,1.,0.));
#2175 = PLANE('',#2176);
#2176 = AXIS2_PLACEMENT_3D('',#2177,#2178,#2179);
#2177 = CARTESIAN_POINT('',(0.9125,-0.78125,0.75));
#2178 = DIRECTION('',(1.,0.,0.));
#2179 = DIRECTION('',(-0.,1.,0.));
#2180 = ADVANCED_FACE('',(#2181),#2206,.T.);
#2181 = FACE_BOUND('',#2182,.T.);
#2182 = EDGE_LOOP('',(#2183,#2191,#2192,#2200));
#2183 = ORIENTED_EDGE('',*,*,#2184,.T.);
#2184 = EDGE_CURVE('',#2185,#1486,#2187,.T.);
#2185 = VERTEX_POINT('',#2186);
#2186 = CARTESIAN_POINT('',(0.433012701892,0.5,1.75E-02));
#2187 = LINE('',#2188,#2189);
#2188 = CARTESIAN_POINT('',(0.433012701892,0.5,1.75E-02));
#2189 = VECTOR('',#2190,1.);
#2190 = DIRECTION('',(0.,0.,1.));
#2191 = ORIENTED_EDGE('',*,*,#1485,.T.);
#2192 = ORIENTED_EDGE('',*,*,#2193,.F.);
#2193 = EDGE_CURVE('',#2194,#1488,#2196,.T.);
#2194 = VERTEX_POINT('',#2195);
#2195 = CARTESIAN_POINT('',(0.433012701892,-0.5,1.75E-02));
#2196 = LINE('',#2197,#2198);
#2197 = CARTESIAN_POINT('',(0.433012701892,-0.5,1.75E-02));
#2198 = VECTOR('',#2199,1.);
#2199 = DIRECTION('',(0.,0.,1.));
#2200 = ORIENTED_EDGE('',*,*,#2201,.F.);
#2201 = EDGE_CURVE('',#2185,#2194,#2202,.T.);
#2202 = LINE('',#2203,#2204);
#2203 = CARTESIAN_POINT('',(0.433012701892,0.5,1.75E-02));
#2204 = VECTOR('',#2205,1.);
#2205 = DIRECTION('',(0.,-1.,0.));
#2206 = PLANE('',#2207);
#2207 = AXIS2_PLACEMENT_3D('',#2208,#2209,#2210);
#2208 = CARTESIAN_POINT('',(0.433012701892,0.5,1.75E-02));
#2209 = DIRECTION('',(1.,0.,0.));
#2210 = DIRECTION('',(0.,-1.,0.));
#2211 = ADVANCED_FACE('',(#2212),#2230,.T.);
#2212 = FACE_BOUND('',#2213,.T.);
#2213 = EDGE_LOOP('',(#2214,#2222,#2223,#2224));
#2214 = ORIENTED_EDGE('',*,*,#2215,.T.);
#2215 = EDGE_CURVE('',#2216,#1496,#2218,.T.);
#2216 = VERTEX_POINT('',#2217);
#2217 = CARTESIAN_POINT('',(-0.433012701892,0.,1.75E-02));
#2218 = LINE('',#2219,#2220);
#2219 = CARTESIAN_POINT('',(-0.433012701892,0.,1.75E-02));
#2220 = VECTOR('',#2221,1.);
#2221 = DIRECTION('',(0.,0.,1.));
#2222 = ORIENTED_EDGE('',*,*,#1503,.T.);
#2223 = ORIENTED_EDGE('',*,*,#2184,.F.);
#2224 = ORIENTED_EDGE('',*,*,#2225,.F.);
#2225 = EDGE_CURVE('',#2216,#2185,#2226,.T.);
#2226 = LINE('',#2227,#2228);
#2227 = CARTESIAN_POINT('',(-0.433012701892,0.,1.75E-02));
#2228 = VECTOR('',#2229,1.);
#2229 = DIRECTION('',(0.866025403784,0.5,0.));
#2230 = PLANE('',#2231);
#2231 = AXIS2_PLACEMENT_3D('',#2232,#2233,#2234);
#2232 = CARTESIAN_POINT('',(-0.433012701892,0.,1.75E-02));
#2233 = DIRECTION('',(-0.5,0.866025403784,0.));
#2234 = DIRECTION('',(0.866025403784,0.5,0.));
#2235 = ADVANCED_FACE('',(#2236),#2247,.T.);
#2236 = FACE_BOUND('',#2237,.T.);
#2237 = EDGE_LOOP('',(#2238,#2239,#2240,#2241));
#2238 = ORIENTED_EDGE('',*,*,#2193,.T.);
#2239 = ORIENTED_EDGE('',*,*,#1495,.T.);
#2240 = ORIENTED_EDGE('',*,*,#2215,.F.);
#2241 = ORIENTED_EDGE('',*,*,#2242,.F.);
#2242 = EDGE_CURVE('',#2194,#2216,#2243,.T.);
#2243 = LINE('',#2244,#2245);
#2244 = CARTESIAN_POINT('',(0.433012701892,-0.5,1.75E-02));
#2245 = VECTOR('',#2246,1.);
#2246 = DIRECTION('',(-0.866025403784,0.5,0.));
#2247 = PLANE('',#2248);
#2248 = AXIS2_PLACEMENT_3D('',#2249,#2250,#2251);
#2249 = CARTESIAN_POINT('',(0.433012701892,-0.5,1.75E-02));
#2250 = DIRECTION('',(-0.5,-0.866025403784,0.));
#2251 = DIRECTION('',(-0.866025403784,0.5,0.));
#2252 = ADVANCED_FACE('',(#2253),#2275,.F.);
#2253 = FACE_BOUND('',#2254,.F.);
#2254 = EDGE_LOOP('',(#2255,#2263,#2264,#2265,#2266,#2267,#2268,#2269));
#2255 = ORIENTED_EDGE('',*,*,#2256,.F.);
#2256 = EDGE_CURVE('',#2072,#2257,#2259,.T.);
#2257 = VERTEX_POINT('',#2258);
#2258 = CARTESIAN_POINT('',(0.965,0.625,-6.938893903907E-18));
#2259 = LINE('',#2260,#2261);
#2260 = CARTESIAN_POINT('',(0.65,0.625,0.));
#2261 = VECTOR('',#2262,1.);
#2262 = DIRECTION('',(1.,0.,0.));
#2263 = ORIENTED_EDGE('',*,*,#2071,.F.);
#2264 = ORIENTED_EDGE('',*,*,#2104,.F.);
#2265 = ORIENTED_EDGE('',*,*,#2119,.F.);
#2266 = ORIENTED_EDGE('',*,*,#2152,.F.);
#2267 = ORIENTED_EDGE('',*,*,#2170,.F.);
#2268 = ORIENTED_EDGE('',*,*,#1517,.T.);
#2269 = ORIENTED_EDGE('',*,*,#2270,.T.);
#2270 = EDGE_CURVE('',#1520,#2257,#2271,.T.);
#2271 = LINE('',#2272,#2273);
#2272 = CARTESIAN_POINT('',(0.965,-0.625,-6.938893903907E-18));
#2273 = VECTOR('',#2274,1.);
#2274 = DIRECTION('',(0.,1.,0.));
#2275 = PLANE('',#2276);
#2276 = AXIS2_PLACEMENT_3D('',#2277,#2278,#2279);
#2277 = CARTESIAN_POINT('',(0.65,-0.625,0.));
#2278 = DIRECTION('',(0.,0.,1.));
#2279 = DIRECTION('',(1.,0.,-0.));
#2280 = ADVANCED_FACE('',(#2281),#2300,.T.);
#2281 = FACE_BOUND('',#2282,.T.);
#2282 = EDGE_LOOP('',(#2283,#2284,#2285,#2294));
#2283 = ORIENTED_EDGE('',*,*,#1569,.T.);
#2284 = ORIENTED_EDGE('',*,*,#2270,.T.);
#2285 = ORIENTED_EDGE('',*,*,#2286,.F.);
#2286 = EDGE_CURVE('',#2287,#2257,#2289,.T.);
#2287 = VERTEX_POINT('',#2288);
#2288 = CARTESIAN_POINT('',(1.,0.625,3.5E-02));
#2289 = CIRCLE('',#2290,3.5E-02);
#2290 = AXIS2_PLACEMENT_3D('',#2291,#2292,#2293);
#2291 = CARTESIAN_POINT('',(0.965,0.625,3.5E-02));
#2292 = DIRECTION('',(0.,1.,0.));
#2293 = DIRECTION('',(0.,-0.,1.));
#2294 = ORIENTED_EDGE('',*,*,#2295,.F.);
#2295 = EDGE_CURVE('',#1562,#2287,#2296,.T.);
#2296 = LINE('',#2297,#2298);
#2297 = CARTESIAN_POINT('',(1.,-0.625,3.5E-02));
#2298 = VECTOR('',#2299,1.);
#2299 = DIRECTION('',(0.,1.,0.));
#2300 = CYLINDRICAL_SURFACE('',#2301,3.5E-02);
#2301 = AXIS2_PLACEMENT_3D('',#2302,#2303,#2304);
#2302 = CARTESIAN_POINT('',(0.965,-0.625,3.5E-02));
#2303 = DIRECTION('',(0.,1.,0.));
#2304 = DIRECTION('',(1.,0.,0.));
#2305 = ADVANCED_FACE('',(#2306),#2324,.T.);
#2306 = FACE_BOUND('',#2307,.T.);
#2307 = EDGE_LOOP('',(#2308,#2309,#2310,#2318));
#2308 = ORIENTED_EDGE('',*,*,#1561,.F.);
#2309 = ORIENTED_EDGE('',*,*,#2295,.T.);
#2310 = ORIENTED_EDGE('',*,*,#2311,.T.);
#2311 = EDGE_CURVE('',#2287,#2312,#2314,.T.);
#2312 = VERTEX_POINT('',#2313);
#2313 = CARTESIAN_POINT('',(1.,0.625,0.465));
#2314 = LINE('',#2315,#2316);
#2315 = CARTESIAN_POINT('',(1.,0.625,0.));
#2316 = VECTOR('',#2317,1.);
#2317 = DIRECTION('',(0.,0.,1.));
#2318 = ORIENTED_EDGE('',*,*,#2319,.F.);
#2319 = EDGE_CURVE('',#1553,#2312,#2320,.T.);
#2320 = LINE('',#2321,#2322);
#2321 = CARTESIAN_POINT('',(1.,-0.625,0.465));
#2322 = VECTOR('',#2323,1.);
#2323 = DIRECTION('',(0.,1.,0.));
#2324 = PLANE('',#2325);
#2325 = AXIS2_PLACEMENT_3D('',#2326,#2327,#2328);
#2326 = CARTESIAN_POINT('',(1.,-0.625,0.));
#2327 = DIRECTION('',(1.,0.,0.));
#2328 = DIRECTION('',(0.,0.,1.));
#2329 = ADVANCED_FACE('',(#2330),#2349,.T.);
#2330 = FACE_BOUND('',#2331,.T.);
#2331 = EDGE_LOOP('',(#2332,#2333,#2342,#2348));
#2332 = ORIENTED_EDGE('',*,*,#2319,.T.);
#2333 = ORIENTED_EDGE('',*,*,#2334,.T.);
#2334 = EDGE_CURVE('',#2312,#2335,#2337,.T.);
#2335 = VERTEX_POINT('',#2336);
#2336 = CARTESIAN_POINT('',(0.965,0.625,0.5));
#2337 = CIRCLE('',#2338,3.5E-02);
#2338 = AXIS2_PLACEMENT_3D('',#2339,#2340,#2341);
#2339 = CARTESIAN_POINT('',(0.965,0.625,0.465));
#2340 = DIRECTION('',(0.,-1.,0.));
#2341 = DIRECTION('',(0.,0.,1.));
#2342 = ORIENTED_EDGE('',*,*,#2343,.F.);
#2343 = EDGE_CURVE('',#1545,#2335,#2344,.T.);
#2344 = LINE('',#2345,#2346);
#2345 = CARTESIAN_POINT('',(0.965,-0.625,0.5));
#2346 = VECTOR('',#2347,1.);
#2347 = DIRECTION('',(0.,1.,0.));
#2348 = ORIENTED_EDGE('',*,*,#1552,.F.);
#2349 = CYLINDRICAL_SURFACE('',#2350,3.5E-02);
#2350 = AXIS2_PLACEMENT_3D('',#2351,#2352,#2353);
#2351 = CARTESIAN_POINT('',(0.965,-0.625,0.465));
#2352 = DIRECTION('',(0.,1.,0.));
#2353 = DIRECTION('',(1.,0.,0.));
#2354 = ADVANCED_FACE('',(#2355),#2396,.T.);
#2355 = FACE_BOUND('',#2356,.T.);
#2356 = EDGE_LOOP('',(#2357,#2365,#2373,#2379,#2380,#2388,#2394,#2395));
#2357 = ORIENTED_EDGE('',*,*,#2358,.F.);
#2358 = EDGE_CURVE('',#2359,#2335,#2361,.T.);
#2359 = VERTEX_POINT('',#2360);
#2360 = CARTESIAN_POINT('',(0.9125,0.625,0.5));
#2361 = LINE('',#2362,#2363);
#2362 = CARTESIAN_POINT('',(0.65,0.625,0.5));
#2363 = VECTOR('',#2364,1.);
#2364 = DIRECTION('',(1.,0.,0.));
#2365 = ORIENTED_EDGE('',*,*,#2366,.F.);
#2366 = EDGE_CURVE('',#2367,#2359,#2369,.T.);
#2367 = VERTEX_POINT('',#2368);
#2368 = CARTESIAN_POINT('',(0.9125,0.46875,0.5));
#2369 = LINE('',#2370,#2371);
#2370 = CARTESIAN_POINT('',(0.9125,-7.8125E-02,0.5));
#2371 = VECTOR('',#2372,1.);
#2372 = DIRECTION('',(0.,1.,0.));
#2373 = ORIENTED_EDGE('',*,*,#2374,.F.);
#2374 = EDGE_CURVE('',#1650,#2367,#2375,.T.);
#2375 = LINE('',#2376,#2377);
#2376 = CARTESIAN_POINT('',(-0.13125,0.46875,0.5));
#2377 = VECTOR('',#2378,1.);
#2378 = DIRECTION('',(1.,0.,0.));
#2379 = ORIENTED_EDGE('',*,*,#1649,.F.);
#2380 = ORIENTED_EDGE('',*,*,#2381,.F.);
#2381 = EDGE_CURVE('',#2382,#1641,#2384,.T.);
#2382 = VERTEX_POINT('',#2383);
#2383 = CARTESIAN_POINT('',(0.9125,-0.46875,0.5));
#2384 = LINE('',#2385,#2386);
#2385 = CARTESIAN_POINT('',(0.78125,-0.46875,0.5));
#2386 = VECTOR('',#2387,1.);
#2387 = DIRECTION('',(-1.,0.,0.));
#2388 = ORIENTED_EDGE('',*,*,#2389,.F.);
#2389 = EDGE_CURVE('',#1537,#2382,#2390,.T.);
#2390 = LINE('',#2391,#2392);
#2391 = CARTESIAN_POINT('',(0.9125,-0.703125,0.5));
#2392 = VECTOR('',#2393,1.);
#2393 = DIRECTION('',(0.,1.,0.));
#2394 = ORIENTED_EDGE('',*,*,#1544,.T.);
#2395 = ORIENTED_EDGE('',*,*,#2343,.T.);
#2396 = PLANE('',#2397);
#2397 = AXIS2_PLACEMENT_3D('',#2398,#2399,#2400);
#2398 = CARTESIAN_POINT('',(0.65,-0.625,0.5));
#2399 = DIRECTION('',(0.,0.,1.));
#2400 = DIRECTION('',(1.,0.,-0.));
#2401 = ADVANCED_FACE('',(#2402),#2413,.F.);
#2402 = FACE_BOUND('',#2403,.F.);
#2403 = EDGE_LOOP('',(#2404,#2410,#2411,#2412));
#2404 = ORIENTED_EDGE('',*,*,#2405,.F.);
#2405 = EDGE_CURVE('',#2382,#1585,#2406,.T.);
#2406 = LINE('',#2407,#2408);
#2407 = CARTESIAN_POINT('',(0.9125,-0.46875,0.75));
#2408 = VECTOR('',#2409,1.);
#2409 = DIRECTION('',(-0.,-0.,-1.));
#2410 = ORIENTED_EDGE('',*,*,#2389,.F.);
#2411 = ORIENTED_EDGE('',*,*,#1536,.T.);
#2412 = ORIENTED_EDGE('',*,*,#1594,.F.);
#2413 = PLANE('',#2414);
#2414 = AXIS2_PLACEMENT_3D('',#2415,#2416,#2417);
#2415 = CARTESIAN_POINT('',(0.9125,-0.78125,0.75));
#2416 = DIRECTION('',(1.,0.,0.));
#2417 = DIRECTION('',(-0.,1.,0.));
#2418 = ADVANCED_FACE('',(#2419),#2425,.F.);
#2419 = FACE_BOUND('',#2420,.F.);
#2420 = EDGE_LOOP('',(#2421,#2422,#2423,#2424));
#2421 = ORIENTED_EDGE('',*,*,#2381,.F.);
#2422 = ORIENTED_EDGE('',*,*,#2405,.T.);
#2423 = ORIENTED_EDGE('',*,*,#1584,.F.);
#2424 = ORIENTED_EDGE('',*,*,#1640,.T.);
#2425 = PLANE('',#2426);
#2426 = AXIS2_PLACEMENT_3D('',#2427,#2428,#2429);
#2427 = CARTESIAN_POINT('',(0.9125,-0.46875,0.75));
#2428 = DIRECTION('',(0.,1.,0.));
#2429 = DIRECTION('',(-1.,0.,0.));
#2430 = ADVANCED_FACE('',(#2431),#2447,.F.);
#2431 = FACE_BOUND('',#2432,.F.);
#2432 = EDGE_LOOP('',(#2433,#2434,#2440,#2441));
#2433 = ORIENTED_EDGE('',*,*,#2366,.F.);
#2434 = ORIENTED_EDGE('',*,*,#2435,.T.);
#2435 = EDGE_CURVE('',#2367,#1618,#2436,.T.);
#2436 = LINE('',#2437,#2438);
#2437 = CARTESIAN_POINT('',(0.9125,0.46875,0.75));
#2438 = VECTOR('',#2439,1.);
#2439 = DIRECTION('',(-0.,-0.,-1.));
#2440 = ORIENTED_EDGE('',*,*,#1625,.F.);
#2441 = ORIENTED_EDGE('',*,*,#2442,.F.);
#2442 = EDGE_CURVE('',#2359,#1609,#2443,.T.);
#2443 = LINE('',#2444,#2445);
#2444 = CARTESIAN_POINT('',(0.9125,0.625,0.375));
#2445 = VECTOR('',#2446,1.);
#2446 = DIRECTION('',(0.,0.,-1.));
#2447 = PLANE('',#2448);
#2448 = AXIS2_PLACEMENT_3D('',#2449,#2450,#2451);
#2449 = CARTESIAN_POINT('',(0.9125,0.46875,0.75));
#2450 = DIRECTION('',(1.,0.,0.));
#2451 = DIRECTION('',(-0.,1.,0.));
#2452 = ADVANCED_FACE('',(#2453),#2459,.F.);
#2453 = FACE_BOUND('',#2454,.F.);
#2454 = EDGE_LOOP('',(#2455,#2456,#2457,#2458));
#2455 = ORIENTED_EDGE('',*,*,#2435,.F.);
#2456 = ORIENTED_EDGE('',*,*,#2374,.F.);
#2457 = ORIENTED_EDGE('',*,*,#1657,.F.);
#2458 = ORIENTED_EDGE('',*,*,#1617,.F.);
#2459 = PLANE('',#2460);
#2460 = AXIS2_PLACEMENT_3D('',#2461,#2462,#2463);
#2461 = CARTESIAN_POINT('',(-0.9125,0.46875,0.75));
#2462 = DIRECTION('',(0.,-1.,0.));
#2463 = DIRECTION('',(1.,0.,0.));
#2464 = ADVANCED_FACE('',(#2465),#2477,.T.);
#2465 = FACE_BOUND('',#2466,.T.);
#2466 = EDGE_LOOP('',(#2467,#2468,#2469,#2470,#2471,#2472,#2473,#2474,
    #2475,#2476));
#2467 = ORIENTED_EDGE('',*,*,#1845,.F.);
#2468 = ORIENTED_EDGE('',*,*,#1916,.F.);
#2469 = ORIENTED_EDGE('',*,*,#1952,.T.);
#2470 = ORIENTED_EDGE('',*,*,#1976,.T.);
#2471 = ORIENTED_EDGE('',*,*,#1800,.T.);
#2472 = ORIENTED_EDGE('',*,*,#1761,.F.);
#2473 = ORIENTED_EDGE('',*,*,#1688,.F.);
#2474 = ORIENTED_EDGE('',*,*,#1680,.F.);
#2475 = ORIENTED_EDGE('',*,*,#1672,.T.);
#2476 = ORIENTED_EDGE('',*,*,#2047,.F.);
#2477 = PLANE('',#2478);
#2478 = AXIS2_PLACEMENT_3D('',#2479,#2480,#2481);
#2479 = CARTESIAN_POINT('',(-1.,0.625,0.));
#2480 = DIRECTION('',(0.,1.,0.));
#2481 = DIRECTION('',(0.,-0.,1.));
#2482 = ADVANCED_FACE('',(#2483),#2495,.T.);
#2483 = FACE_BOUND('',#2484,.T.);
#2484 = EDGE_LOOP('',(#2485,#2486,#2487,#2488,#2489,#2490,#2491,#2492,
    #2493,#2494));
#2485 = ORIENTED_EDGE('',*,*,#2256,.F.);
#2486 = ORIENTED_EDGE('',*,*,#2079,.F.);
#2487 = ORIENTED_EDGE('',*,*,#1713,.T.);
#2488 = ORIENTED_EDGE('',*,*,#1705,.T.);
#2489 = ORIENTED_EDGE('',*,*,#1697,.F.);
#2490 = ORIENTED_EDGE('',*,*,#2442,.F.);
#2491 = ORIENTED_EDGE('',*,*,#2358,.T.);
#2492 = ORIENTED_EDGE('',*,*,#2334,.F.);
#2493 = ORIENTED_EDGE('',*,*,#2311,.F.);
#2494 = ORIENTED_EDGE('',*,*,#2286,.T.);
#2495 = PLANE('',#2496);
#2496 = AXIS2_PLACEMENT_3D('',#2497,#2498,#2499);
#2497 = CARTESIAN_POINT('',(0.65,0.625,0.));
#2498 = DIRECTION('',(0.,1.,0.));
#2499 = DIRECTION('',(0.,-0.,1.));
#2500 = ADVANCED_FACE('',(#2501),#2506,.T.);
#2501 = FACE_BOUND('',#2502,.T.);
#2502 = EDGE_LOOP('',(#2503,#2504,#2505));
#2503 = ORIENTED_EDGE('',*,*,#2225,.T.);
#2504 = ORIENTED_EDGE('',*,*,#2201,.T.);
#2505 = ORIENTED_EDGE('',*,*,#2242,.T.);
#2506 = PLANE('',#2507);
#2507 = AXIS2_PLACEMENT_3D('',#2508,#2509,#2510);
#2508 = CARTESIAN_POINT('',(0.144337567297,9.251858538543E-18,1.75E-02)
  );
#2509 = DIRECTION('',(-0.,-0.,-1.));
#2510 = DIRECTION('',(-1.,0.,0.));
#2511 = ( GEOMETRIC_REPRESENTATION_CONTEXT(3) 
GLOBAL_UNCERTAINTY_ASSIGNED_CONTEXT((#2515)) 
GLOBAL_UNIT_ASSIGNED_CONTEXT((#2512,#2513,#2514)) REPRESENTATION_CONTEXT
('Context #1','3D Context with UNIT and UNCERTAINTY') );
#2512 = ( LENGTH_UNIT() NAMED_UNIT(*) SI_UNIT(.MILLI.,.METRE.) );
#2513 = ( NAMED_UNIT(*) PLANE_ANGLE_UNIT() SI_UNIT($,.RADIAN.) );
#2514 = ( NAMED_UNIT(*) SI_UNIT($,.STERADIAN.) SOLID_ANGLE_UNIT() );
#2515 = UNCERTAINTY_MEASURE_WITH_UNIT(LENGTH_MEASURE(1.E-07),#2512,
  'distance_accuracy_value','confusion accuracy');
#2516 = CONTEXT_DEPENDENT_SHAPE_REPRESENTATION(#2517,#2519);
#2517 = ( REPRESENTATION_RELATIONSHIP('','',#987,#10) 
REPRESENTATION_RELATIONSHIP_WITH_TRANSFORMATION(#2518) 
SHAPE_REPRESENTATION_RELATIONSHIP() );
#2518 = ITEM_DEFINED_TRANSFORMATION('','',#11,#27);
#2519 = PRODUCT_DEFINITION_SHAPE('Placement','Placement of an item',
  #2520);
#2520 = NEXT_ASSEMBLY_USAGE_OCCURRENCE('4','D2','',#5,#982,$);
#2521 = PRODUCT_RELATED_PRODUCT_CATEGORY('part',$,(#984));
#2522 = CONTEXT_DEPENDENT_SHAPE_REPRESENTATION(#2523,#2525);
#2523 = ( REPRESENTATION_RELATIONSHIP('','',#168,#10) 
REPRESENTATION_RELATIONSHIP_WITH_TRANSFORMATION(#2524) 
SHAPE_REPRESENTATION_RELATIONSHIP() );
#2524 = ITEM_DEFINED_TRANSFORMATION('','',#11,#31);
#2525 = PRODUCT_DEFINITION_SHAPE('Placement','Placement of an item',
  #2526);
#2526 = NEXT_ASSEMBLY_USAGE_OCCURRENCE('5','R14','',#5,#163,$);
#2527 = CONTEXT_DEPENDENT_SHAPE_REPRESENTATION(#2528,#2530);
#2528 = ( REPRESENTATION_RELATIONSHIP('','',#987,#10) 
REPRESENTATION_RELATIONSHIP_WITH_TRANSFORMATION(#2529) 
SHAPE_REPRESENTATION_RELATIONSHIP() );
#2529 = ITEM_DEFINED_TRANSFORMATION('','',#11,#35);
#2530 = PRODUCT_DEFINITION_SHAPE('Placement','Placement of an item',
  #2531);
#2531 = NEXT_ASSEMBLY_USAGE_OCCURRENCE('6','D3','',#5,#982,$);
#2532 = SHAPE_DEFINITION_REPRESENTATION(#2533,#2539);
#2533 = PRODUCT_DEFINITION_SHAPE('','',#2534);
#2534 = PRODUCT_DEFINITION('design','',#2535,#2538);
#2535 = PRODUCT_DEFINITION_FORMATION('','',#2536);
#2536 = PRODUCT('C_0805_2012Metric','C_0805_2012Metric','',(#2537));
#2537 = PRODUCT_CONTEXT('',#2,'mechanical');
#2538 = PRODUCT_DEFINITION_CONTEXT('part definition',#2,'design');
#2539 = ADVANCED_BREP_SHAPE_REPRESENTATION('',(#11,#2540),#3394);
#2540 = MANIFOLD_SOLID_BREP('',#2541);
#2541 = CLOSED_SHELL('',(#2542,#2618,#2649,#2674,#2699,#2723,#2747,#2772
    ,#2797,#2814,#2900,#2932,#2956,#2981,#3005,#3030,#3054,#3079,#3096,
    #3182,#3213,#3238,#3263,#3287,#3311,#3336,#3361,#3378));
#2542 = ADVANCED_FACE('',(#2543),#2613,.F.);
#2543 = FACE_BOUND('',#2544,.F.);
#2544 = EDGE_LOOP('',(#2545,#2555,#2564,#2572,#2581,#2589,#2598,#2606));
#2545 = ORIENTED_EDGE('',*,*,#2546,.F.);
#2546 = EDGE_CURVE('',#2547,#2549,#2551,.T.);
#2547 = VERTEX_POINT('',#2548);
#2548 = CARTESIAN_POINT('',(-1.,-0.625,4.E-02));
#2549 = VERTEX_POINT('',#2550);
#2550 = CARTESIAN_POINT('',(-1.,-0.625,1.21));
#2551 = LINE('',#2552,#2553);
#2552 = CARTESIAN_POINT('',(-1.,-0.625,0.));
#2553 = VECTOR('',#2554,1.);
#2554 = DIRECTION('',(0.,0.,1.));
#2555 = ORIENTED_EDGE('',*,*,#2556,.T.);
#2556 = EDGE_CURVE('',#2547,#2557,#2559,.T.);
#2557 = VERTEX_POINT('',#2558);
#2558 = CARTESIAN_POINT('',(-1.,-0.585,0.));
#2559 = CIRCLE('',#2560,4.E-02);
#2560 = AXIS2_PLACEMENT_3D('',#2561,#2562,#2563);
#2561 = CARTESIAN_POINT('',(-1.,-0.585,4.E-02));
#2562 = DIRECTION('',(1.,0.,-0.));
#2563 = DIRECTION('',(0.,0.,1.));
#2564 = ORIENTED_EDGE('',*,*,#2565,.T.);
#2565 = EDGE_CURVE('',#2557,#2566,#2568,.T.);
#2566 = VERTEX_POINT('',#2567);
#2567 = CARTESIAN_POINT('',(-1.,0.585,0.));
#2568 = LINE('',#2569,#2570);
#2569 = CARTESIAN_POINT('',(-1.,-0.625,0.));
#2570 = VECTOR('',#2571,1.);
#2571 = DIRECTION('',(0.,1.,0.));
#2572 = ORIENTED_EDGE('',*,*,#2573,.F.);
#2573 = EDGE_CURVE('',#2574,#2566,#2576,.T.);
#2574 = VERTEX_POINT('',#2575);
#2575 = CARTESIAN_POINT('',(-1.,0.625,4.E-02));
#2576 = CIRCLE('',#2577,4.E-02);
#2577 = AXIS2_PLACEMENT_3D('',#2578,#2579,#2580);
#2578 = CARTESIAN_POINT('',(-1.,0.585,4.E-02));
#2579 = DIRECTION('',(-1.,0.,0.));
#2580 = DIRECTION('',(0.,0.,1.));
#2581 = ORIENTED_EDGE('',*,*,#2582,.T.);
#2582 = EDGE_CURVE('',#2574,#2583,#2585,.T.);
#2583 = VERTEX_POINT('',#2584);
#2584 = CARTESIAN_POINT('',(-1.,0.625,1.21));
#2585 = LINE('',#2586,#2587);
#2586 = CARTESIAN_POINT('',(-1.,0.625,0.));
#2587 = VECTOR('',#2588,1.);
#2588 = DIRECTION('',(0.,0.,1.));
#2589 = ORIENTED_EDGE('',*,*,#2590,.T.);
#2590 = EDGE_CURVE('',#2583,#2591,#2593,.T.);
#2591 = VERTEX_POINT('',#2592);
#2592 = CARTESIAN_POINT('',(-1.,0.585,1.25));
#2593 = CIRCLE('',#2594,4.E-02);
#2594 = AXIS2_PLACEMENT_3D('',#2595,#2596,#2597);
#2595 = CARTESIAN_POINT('',(-1.,0.585,1.21));
#2596 = DIRECTION('',(1.,0.,-0.));
#2597 = DIRECTION('',(0.,0.,1.));
#2598 = ORIENTED_EDGE('',*,*,#2599,.F.);
#2599 = EDGE_CURVE('',#2600,#2591,#2602,.T.);
#2600 = VERTEX_POINT('',#2601);
#2601 = CARTESIAN_POINT('',(-1.,-0.585,1.25));
#2602 = LINE('',#2603,#2604);
#2603 = CARTESIAN_POINT('',(-1.,-0.625,1.25));
#2604 = VECTOR('',#2605,1.);
#2605 = DIRECTION('',(0.,1.,0.));
#2606 = ORIENTED_EDGE('',*,*,#2607,.F.);
#2607 = EDGE_CURVE('',#2549,#2600,#2608,.T.);
#2608 = CIRCLE('',#2609,4.E-02);
#2609 = AXIS2_PLACEMENT_3D('',#2610,#2611,#2612);
#2610 = CARTESIAN_POINT('',(-1.,-0.585,1.21));
#2611 = DIRECTION('',(-1.,0.,0.));
#2612 = DIRECTION('',(0.,0.,1.));
#2613 = PLANE('',#2614);
#2614 = AXIS2_PLACEMENT_3D('',#2615,#2616,#2617);
#2615 = CARTESIAN_POINT('',(-1.,-0.625,0.));
#2616 = DIRECTION('',(1.,0.,0.));
#2617 = DIRECTION('',(0.,0.,1.));
#2618 = ADVANCED_FACE('',(#2619),#2644,.F.);
#2619 = FACE_BOUND('',#2620,.F.);
#2620 = EDGE_LOOP('',(#2621,#2631,#2637,#2638));
#2621 = ORIENTED_EDGE('',*,*,#2622,.F.);
#2622 = EDGE_CURVE('',#2623,#2625,#2627,.T.);
#2623 = VERTEX_POINT('',#2624);
#2624 = CARTESIAN_POINT('',(-0.6,-0.625,4.E-02));
#2625 = VERTEX_POINT('',#2626);
#2626 = CARTESIAN_POINT('',(-0.6,-0.625,1.21));
#2627 = LINE('',#2628,#2629);
#2628 = CARTESIAN_POINT('',(-0.6,-0.625,0.));
#2629 = VECTOR('',#2630,1.);
#2630 = DIRECTION('',(0.,0.,1.));
#2631 = ORIENTED_EDGE('',*,*,#2632,.F.);
#2632 = EDGE_CURVE('',#2547,#2623,#2633,.T.);
#2633 = LINE('',#2634,#2635);
#2634 = CARTESIAN_POINT('',(-1.,-0.625,4.E-02));
#2635 = VECTOR('',#2636,1.);
#2636 = DIRECTION('',(1.,0.,0.));
#2637 = ORIENTED_EDGE('',*,*,#2546,.T.);
#2638 = ORIENTED_EDGE('',*,*,#2639,.T.);
#2639 = EDGE_CURVE('',#2549,#2625,#2640,.T.);
#2640 = LINE('',#2641,#2642);
#2641 = CARTESIAN_POINT('',(-1.,-0.625,1.21));
#2642 = VECTOR('',#2643,1.);
#2643 = DIRECTION('',(1.,0.,0.));
#2644 = PLANE('',#2645);
#2645 = AXIS2_PLACEMENT_3D('',#2646,#2647,#2648);
#2646 = CARTESIAN_POINT('',(-1.,-0.625,0.));
#2647 = DIRECTION('',(0.,1.,0.));
#2648 = DIRECTION('',(0.,-0.,1.));
#2649 = ADVANCED_FACE('',(#2650),#2669,.T.);
#2650 = FACE_BOUND('',#2651,.T.);
#2651 = EDGE_LOOP('',(#2652,#2653,#2661,#2668));
#2652 = ORIENTED_EDGE('',*,*,#2556,.T.);
#2653 = ORIENTED_EDGE('',*,*,#2654,.T.);
#2654 = EDGE_CURVE('',#2557,#2655,#2657,.T.);
#2655 = VERTEX_POINT('',#2656);
#2656 = CARTESIAN_POINT('',(-0.6,-0.585,0.));
#2657 = LINE('',#2658,#2659);
#2658 = CARTESIAN_POINT('',(-1.,-0.585,0.));
#2659 = VECTOR('',#2660,1.);
#2660 = DIRECTION('',(1.,0.,0.));
#2661 = ORIENTED_EDGE('',*,*,#2662,.F.);
#2662 = EDGE_CURVE('',#2623,#2655,#2663,.T.);
#2663 = CIRCLE('',#2664,4.E-02);
#2664 = AXIS2_PLACEMENT_3D('',#2665,#2666,#2667);
#2665 = CARTESIAN_POINT('',(-0.6,-0.585,4.E-02));
#2666 = DIRECTION('',(1.,0.,-0.));
#2667 = DIRECTION('',(0.,0.,1.));
#2668 = ORIENTED_EDGE('',*,*,#2632,.F.);
#2669 = CYLINDRICAL_SURFACE('',#2670,4.E-02);
#2670 = AXIS2_PLACEMENT_3D('',#2671,#2672,#2673);
#2671 = CARTESIAN_POINT('',(-1.,-0.585,4.E-02));
#2672 = DIRECTION('',(1.,0.,0.));
#2673 = DIRECTION('',(0.,-1.,0.));
#2674 = ADVANCED_FACE('',(#2675),#2694,.T.);
#2675 = FACE_BOUND('',#2676,.T.);
#2676 = EDGE_LOOP('',(#2677,#2678,#2687,#2693));
#2677 = ORIENTED_EDGE('',*,*,#2639,.T.);
#2678 = ORIENTED_EDGE('',*,*,#2679,.T.);
#2679 = EDGE_CURVE('',#2625,#2680,#2682,.T.);
#2680 = VERTEX_POINT('',#2681);
#2681 = CARTESIAN_POINT('',(-0.6,-0.585,1.25));
#2682 = CIRCLE('',#2683,4.E-02);
#2683 = AXIS2_PLACEMENT_3D('',#2684,#2685,#2686);
#2684 = CARTESIAN_POINT('',(-0.6,-0.585,1.21));
#2685 = DIRECTION('',(-1.,0.,0.));
#2686 = DIRECTION('',(0.,0.,1.));
#2687 = ORIENTED_EDGE('',*,*,#2688,.F.);
#2688 = EDGE_CURVE('',#2600,#2680,#2689,.T.);
#2689 = LINE('',#2690,#2691);
#2690 = CARTESIAN_POINT('',(-1.,-0.585,1.25));
#2691 = VECTOR('',#2692,1.);
#2692 = DIRECTION('',(1.,0.,0.));
#2693 = ORIENTED_EDGE('',*,*,#2607,.F.);
#2694 = CYLINDRICAL_SURFACE('',#2695,4.E-02);
#2695 = AXIS2_PLACEMENT_3D('',#2696,#2697,#2698);
#2696 = CARTESIAN_POINT('',(-1.,-0.585,1.21));
#2697 = DIRECTION('',(1.,0.,0.));
#2698 = DIRECTION('',(0.,-1.,0.));
#2699 = ADVANCED_FACE('',(#2700),#2718,.F.);
#2700 = FACE_BOUND('',#2701,.F.);
#2701 = EDGE_LOOP('',(#2702,#2703,#2704,#2712));
#2702 = ORIENTED_EDGE('',*,*,#2565,.F.);
#2703 = ORIENTED_EDGE('',*,*,#2654,.T.);
#2704 = ORIENTED_EDGE('',*,*,#2705,.T.);
#2705 = EDGE_CURVE('',#2655,#2706,#2708,.T.);
#2706 = VERTEX_POINT('',#2707);
#2707 = CARTESIAN_POINT('',(-0.6,0.585,0.));
#2708 = LINE('',#2709,#2710);
#2709 = CARTESIAN_POINT('',(-0.6,-0.625,0.));
#2710 = VECTOR('',#2711,1.);
#2711 = DIRECTION('',(0.,1.,0.));
#2712 = ORIENTED_EDGE('',*,*,#2713,.F.);
#2713 = EDGE_CURVE('',#2566,#2706,#2714,.T.);
#2714 = LINE('',#2715,#2716);
#2715 = CARTESIAN_POINT('',(-1.,0.585,0.));
#2716 = VECTOR('',#2717,1.);
#2717 = DIRECTION('',(1.,0.,0.));
#2718 = PLANE('',#2719);
#2719 = AXIS2_PLACEMENT_3D('',#2720,#2721,#2722);
#2720 = CARTESIAN_POINT('',(-1.,-0.625,0.));
#2721 = DIRECTION('',(0.,0.,1.));
#2722 = DIRECTION('',(1.,0.,-0.));
#2723 = ADVANCED_FACE('',(#2724),#2742,.T.);
#2724 = FACE_BOUND('',#2725,.T.);
#2725 = EDGE_LOOP('',(#2726,#2727,#2728,#2736));
#2726 = ORIENTED_EDGE('',*,*,#2599,.F.);
#2727 = ORIENTED_EDGE('',*,*,#2688,.T.);
#2728 = ORIENTED_EDGE('',*,*,#2729,.T.);
#2729 = EDGE_CURVE('',#2680,#2730,#2732,.T.);
#2730 = VERTEX_POINT('',#2731);
#2731 = CARTESIAN_POINT('',(-0.6,0.585,1.25));
#2732 = LINE('',#2733,#2734);
#2733 = CARTESIAN_POINT('',(-0.6,-0.625,1.25));
#2734 = VECTOR('',#2735,1.);
#2735 = DIRECTION('',(0.,1.,0.));
#2736 = ORIENTED_EDGE('',*,*,#2737,.F.);
#2737 = EDGE_CURVE('',#2591,#2730,#2738,.T.);
#2738 = LINE('',#2739,#2740);
#2739 = CARTESIAN_POINT('',(-1.,0.585,1.25));
#2740 = VECTOR('',#2741,1.);
#2741 = DIRECTION('',(1.,0.,0.));
#2742 = PLANE('',#2743);
#2743 = AXIS2_PLACEMENT_3D('',#2744,#2745,#2746);
#2744 = CARTESIAN_POINT('',(-1.,-0.625,1.25));
#2745 = DIRECTION('',(0.,0.,1.));
#2746 = DIRECTION('',(1.,0.,-0.));
#2747 = ADVANCED_FACE('',(#2748),#2767,.T.);
#2748 = FACE_BOUND('',#2749,.T.);
#2749 = EDGE_LOOP('',(#2750,#2758,#2765,#2766));
#2750 = ORIENTED_EDGE('',*,*,#2751,.T.);
#2751 = EDGE_CURVE('',#2574,#2752,#2754,.T.);
#2752 = VERTEX_POINT('',#2753);
#2753 = CARTESIAN_POINT('',(-0.6,0.625,4.E-02));
#2754 = LINE('',#2755,#2756);
#2755 = CARTESIAN_POINT('',(-1.,0.625,4.E-02));
#2756 = VECTOR('',#2757,1.);
#2757 = DIRECTION('',(1.,0.,0.));
#2758 = ORIENTED_EDGE('',*,*,#2759,.T.);
#2759 = EDGE_CURVE('',#2752,#2706,#2760,.T.);
#2760 = CIRCLE('',#2761,4.E-02);
#2761 = AXIS2_PLACEMENT_3D('',#2762,#2763,#2764);
#2762 = CARTESIAN_POINT('',(-0.6,0.585,4.E-02));
#2763 = DIRECTION('',(-1.,0.,0.));
#2764 = DIRECTION('',(0.,0.,1.));
#2765 = ORIENTED_EDGE('',*,*,#2713,.F.);
#2766 = ORIENTED_EDGE('',*,*,#2573,.F.);
#2767 = CYLINDRICAL_SURFACE('',#2768,4.E-02);
#2768 = AXIS2_PLACEMENT_3D('',#2769,#2770,#2771);
#2769 = CARTESIAN_POINT('',(-1.,0.585,4.E-02));
#2770 = DIRECTION('',(1.,0.,0.));
#2771 = DIRECTION('',(-0.,1.,0.));
#2772 = ADVANCED_FACE('',(#2773),#2792,.T.);
#2773 = FACE_BOUND('',#2774,.T.);
#2774 = EDGE_LOOP('',(#2775,#2776,#2777,#2786));
#2775 = ORIENTED_EDGE('',*,*,#2590,.T.);
#2776 = ORIENTED_EDGE('',*,*,#2737,.T.);
#2777 = ORIENTED_EDGE('',*,*,#2778,.F.);
#2778 = EDGE_CURVE('',#2779,#2730,#2781,.T.);
#2779 = VERTEX_POINT('',#2780);
#2780 = CARTESIAN_POINT('',(-0.6,0.625,1.21));
#2781 = CIRCLE('',#2782,4.E-02);
#2782 = AXIS2_PLACEMENT_3D('',#2783,#2784,#2785);
#2783 = CARTESIAN_POINT('',(-0.6,0.585,1.21));
#2784 = DIRECTION('',(1.,0.,-0.));
#2785 = DIRECTION('',(0.,0.,1.));
#2786 = ORIENTED_EDGE('',*,*,#2787,.F.);
#2787 = EDGE_CURVE('',#2583,#2779,#2788,.T.);
#2788 = LINE('',#2789,#2790);
#2789 = CARTESIAN_POINT('',(-1.,0.625,1.21));
#2790 = VECTOR('',#2791,1.);
#2791 = DIRECTION('',(1.,0.,0.));
#2792 = CYLINDRICAL_SURFACE('',#2793,4.E-02);
#2793 = AXIS2_PLACEMENT_3D('',#2794,#2795,#2796);
#2794 = CARTESIAN_POINT('',(-1.,0.585,1.21));
#2795 = DIRECTION('',(1.,0.,0.));
#2796 = DIRECTION('',(-0.,1.,0.));
#2797 = ADVANCED_FACE('',(#2798),#2809,.T.);
#2798 = FACE_BOUND('',#2799,.T.);
#2799 = EDGE_LOOP('',(#2800,#2806,#2807,#2808));
#2800 = ORIENTED_EDGE('',*,*,#2801,.F.);
#2801 = EDGE_CURVE('',#2752,#2779,#2802,.T.);
#2802 = LINE('',#2803,#2804);
#2803 = CARTESIAN_POINT('',(-0.6,0.625,0.));
#2804 = VECTOR('',#2805,1.);
#2805 = DIRECTION('',(0.,0.,1.));
#2806 = ORIENTED_EDGE('',*,*,#2751,.F.);
#2807 = ORIENTED_EDGE('',*,*,#2582,.T.);
#2808 = ORIENTED_EDGE('',*,*,#2787,.T.);
#2809 = PLANE('',#2810);
#2810 = AXIS2_PLACEMENT_3D('',#2811,#2812,#2813);
#2811 = CARTESIAN_POINT('',(-1.,0.625,0.));
#2812 = DIRECTION('',(0.,1.,0.));
#2813 = DIRECTION('',(0.,-0.,1.));
#2814 = ADVANCED_FACE('',(#2815,#2825),#2895,.T.);
#2815 = FACE_BOUND('',#2816,.T.);
#2816 = EDGE_LOOP('',(#2817,#2818,#2819,#2820,#2821,#2822,#2823,#2824));
#2817 = ORIENTED_EDGE('',*,*,#2622,.F.);
#2818 = ORIENTED_EDGE('',*,*,#2662,.T.);
#2819 = ORIENTED_EDGE('',*,*,#2705,.T.);
#2820 = ORIENTED_EDGE('',*,*,#2759,.F.);
#2821 = ORIENTED_EDGE('',*,*,#2801,.T.);
#2822 = ORIENTED_EDGE('',*,*,#2778,.T.);
#2823 = ORIENTED_EDGE('',*,*,#2729,.F.);
#2824 = ORIENTED_EDGE('',*,*,#2679,.F.);
#2825 = FACE_BOUND('',#2826,.T.);
#2826 = EDGE_LOOP('',(#2827,#2838,#2846,#2855,#2863,#2872,#2880,#2889));
#2827 = ORIENTED_EDGE('',*,*,#2828,.F.);
#2828 = EDGE_CURVE('',#2829,#2831,#2833,.T.);
#2829 = VERTEX_POINT('',#2830);
#2830 = CARTESIAN_POINT('',(-0.6,-0.585,8.E-02));
#2831 = VERTEX_POINT('',#2832);
#2832 = CARTESIAN_POINT('',(-0.6,-0.545,4.E-02));
#2833 = CIRCLE('',#2834,4.E-02);
#2834 = AXIS2_PLACEMENT_3D('',#2835,#2836,#2837);
#2835 = CARTESIAN_POINT('',(-0.6,-0.545,8.E-02));
#2836 = DIRECTION('',(1.,0.,-0.));
#2837 = DIRECTION('',(0.,0.,1.));
#2838 = ORIENTED_EDGE('',*,*,#2839,.T.);
#2839 = EDGE_CURVE('',#2829,#2840,#2842,.T.);
#2840 = VERTEX_POINT('',#2841);
#2841 = CARTESIAN_POINT('',(-0.6,-0.585,1.17));
#2842 = LINE('',#2843,#2844);
#2843 = CARTESIAN_POINT('',(-0.6,-0.585,4.E-02));
#2844 = VECTOR('',#2845,1.);
#2845 = DIRECTION('',(0.,0.,1.));
#2846 = ORIENTED_EDGE('',*,*,#2847,.T.);
#2847 = EDGE_CURVE('',#2840,#2848,#2850,.T.);
#2848 = VERTEX_POINT('',#2849);
#2849 = CARTESIAN_POINT('',(-0.6,-0.545,1.21));
#2850 = CIRCLE('',#2851,4.E-02);
#2851 = AXIS2_PLACEMENT_3D('',#2852,#2853,#2854);
#2852 = CARTESIAN_POINT('',(-0.6,-0.545,1.17));
#2853 = DIRECTION('',(-1.,0.,0.));
#2854 = DIRECTION('',(0.,0.,1.));
#2855 = ORIENTED_EDGE('',*,*,#2856,.T.);
#2856 = EDGE_CURVE('',#2848,#2857,#2859,.T.);
#2857 = VERTEX_POINT('',#2858);
#2858 = CARTESIAN_POINT('',(-0.6,0.545,1.21));
#2859 = LINE('',#2860,#2861);
#2860 = CARTESIAN_POINT('',(-0.6,-0.585,1.21));
#2861 = VECTOR('',#2862,1.);
#2862 = DIRECTION('',(0.,1.,0.));
#2863 = ORIENTED_EDGE('',*,*,#2864,.F.);
#2864 = EDGE_CURVE('',#2865,#2857,#2867,.T.);
#2865 = VERTEX_POINT('',#2866);
#2866 = CARTESIAN_POINT('',(-0.6,0.585,1.17));
#2867 = CIRCLE('',#2868,4.E-02);
#2868 = AXIS2_PLACEMENT_3D('',#2869,#2870,#2871);
#2869 = CARTESIAN_POINT('',(-0.6,0.545,1.17));
#2870 = DIRECTION('',(1.,0.,-0.));
#2871 = DIRECTION('',(0.,0.,1.));
#2872 = ORIENTED_EDGE('',*,*,#2873,.F.);
#2873 = EDGE_CURVE('',#2874,#2865,#2876,.T.);
#2874 = VERTEX_POINT('',#2875);
#2875 = CARTESIAN_POINT('',(-0.6,0.585,8.E-02));
#2876 = LINE('',#2877,#2878);
#2877 = CARTESIAN_POINT('',(-0.6,0.585,4.E-02));
#2878 = VECTOR('',#2879,1.);
#2879 = DIRECTION('',(0.,0.,1.));
#2880 = ORIENTED_EDGE('',*,*,#2881,.T.);
#2881 = EDGE_CURVE('',#2874,#2882,#2884,.T.);
#2882 = VERTEX_POINT('',#2883);
#2883 = CARTESIAN_POINT('',(-0.6,0.545,4.E-02));
#2884 = CIRCLE('',#2885,4.E-02);
#2885 = AXIS2_PLACEMENT_3D('',#2886,#2887,#2888);
#2886 = CARTESIAN_POINT('',(-0.6,0.545,8.E-02));
#2887 = DIRECTION('',(-1.,0.,0.));
#2888 = DIRECTION('',(0.,0.,1.));
#2889 = ORIENTED_EDGE('',*,*,#2890,.F.);
#2890 = EDGE_CURVE('',#2831,#2882,#2891,.T.);
#2891 = LINE('',#2892,#2893);
#2892 = CARTESIAN_POINT('',(-0.6,-0.585,4.E-02));
#2893 = VECTOR('',#2894,1.);
#2894 = DIRECTION('',(0.,1.,0.));
#2895 = PLANE('',#2896);
#2896 = AXIS2_PLACEMENT_3D('',#2897,#2898,#2899);
#2897 = CARTESIAN_POINT('',(-0.6,-0.625,0.));
#2898 = DIRECTION('',(1.,0.,0.));
#2899 = DIRECTION('',(0.,0.,1.));
#2900 = ADVANCED_FACE('',(#2901),#2927,.T.);
#2901 = FACE_BOUND('',#2902,.T.);
#2902 = EDGE_LOOP('',(#2903,#2904,#2912,#2921));
#2903 = ORIENTED_EDGE('',*,*,#2828,.T.);
#2904 = ORIENTED_EDGE('',*,*,#2905,.T.);
#2905 = EDGE_CURVE('',#2831,#2906,#2908,.T.);
#2906 = VERTEX_POINT('',#2907);
#2907 = CARTESIAN_POINT('',(0.6,-0.545,4.E-02));
#2908 = LINE('',#2909,#2910);
#2909 = CARTESIAN_POINT('',(-0.6,-0.545,4.E-02));
#2910 = VECTOR('',#2911,1.);
#2911 = DIRECTION('',(1.,0.,0.));
#2912 = ORIENTED_EDGE('',*,*,#2913,.F.);
#2913 = EDGE_CURVE('',#2914,#2906,#2916,.T.);
#2914 = VERTEX_POINT('',#2915);
#2915 = CARTESIAN_POINT('',(0.6,-0.585,8.E-02));
#2916 = CIRCLE('',#2917,4.E-02);
#2917 = AXIS2_PLACEMENT_3D('',#2918,#2919,#2920);
#2918 = CARTESIAN_POINT('',(0.6,-0.545,8.E-02));
#2919 = DIRECTION('',(1.,0.,-0.));
#2920 = DIRECTION('',(0.,0.,1.));
#2921 = ORIENTED_EDGE('',*,*,#2922,.F.);
#2922 = EDGE_CURVE('',#2829,#2914,#2923,.T.);
#2923 = LINE('',#2924,#2925);
#2924 = CARTESIAN_POINT('',(-0.6,-0.585,8.E-02));
#2925 = VECTOR('',#2926,1.);
#2926 = DIRECTION('',(1.,0.,0.));
#2927 = CYLINDRICAL_SURFACE('',#2928,4.E-02);
#2928 = AXIS2_PLACEMENT_3D('',#2929,#2930,#2931);
#2929 = CARTESIAN_POINT('',(-0.6,-0.545,8.E-02));
#2930 = DIRECTION('',(1.,0.,0.));
#2931 = DIRECTION('',(0.,-1.,0.));
#2932 = ADVANCED_FACE('',(#2933),#2951,.F.);
#2933 = FACE_BOUND('',#2934,.F.);
#2934 = EDGE_LOOP('',(#2935,#2936,#2937,#2945));
#2935 = ORIENTED_EDGE('',*,*,#2890,.F.);
#2936 = ORIENTED_EDGE('',*,*,#2905,.T.);
#2937 = ORIENTED_EDGE('',*,*,#2938,.T.);
#2938 = EDGE_CURVE('',#2906,#2939,#2941,.T.);
#2939 = VERTEX_POINT('',#2940);
#2940 = CARTESIAN_POINT('',(0.6,0.545,4.E-02));
#2941 = LINE('',#2942,#2943);
#2942 = CARTESIAN_POINT('',(0.6,-0.585,4.E-02));
#2943 = VECTOR('',#2944,1.);
#2944 = DIRECTION('',(0.,1.,0.));
#2945 = ORIENTED_EDGE('',*,*,#2946,.F.);
#2946 = EDGE_CURVE('',#2882,#2939,#2947,.T.);
#2947 = LINE('',#2948,#2949);
#2948 = CARTESIAN_POINT('',(-0.6,0.545,4.E-02));
#2949 = VECTOR('',#2950,1.);
#2950 = DIRECTION('',(1.,0.,0.));
#2951 = PLANE('',#2952);
#2952 = AXIS2_PLACEMENT_3D('',#2953,#2954,#2955);
#2953 = CARTESIAN_POINT('',(-0.6,-0.585,4.E-02));
#2954 = DIRECTION('',(0.,0.,1.));
#2955 = DIRECTION('',(1.,0.,-0.));
#2956 = ADVANCED_FACE('',(#2957),#2976,.T.);
#2957 = FACE_BOUND('',#2958,.T.);
#2958 = EDGE_LOOP('',(#2959,#2967,#2974,#2975));
#2959 = ORIENTED_EDGE('',*,*,#2960,.T.);
#2960 = EDGE_CURVE('',#2874,#2961,#2963,.T.);
#2961 = VERTEX_POINT('',#2962);
#2962 = CARTESIAN_POINT('',(0.6,0.585,8.E-02));
#2963 = LINE('',#2964,#2965);
#2964 = CARTESIAN_POINT('',(-0.6,0.585,8.E-02));
#2965 = VECTOR('',#2966,1.);
#2966 = DIRECTION('',(1.,0.,0.));
#2967 = ORIENTED_EDGE('',*,*,#2968,.T.);
#2968 = EDGE_CURVE('',#2961,#2939,#2969,.T.);
#2969 = CIRCLE('',#2970,4.E-02);
#2970 = AXIS2_PLACEMENT_3D('',#2971,#2972,#2973);
#2971 = CARTESIAN_POINT('',(0.6,0.545,8.E-02));
#2972 = DIRECTION('',(-1.,0.,0.));
#2973 = DIRECTION('',(0.,0.,1.));
#2974 = ORIENTED_EDGE('',*,*,#2946,.F.);
#2975 = ORIENTED_EDGE('',*,*,#2881,.F.);
#2976 = CYLINDRICAL_SURFACE('',#2977,4.E-02);
#2977 = AXIS2_PLACEMENT_3D('',#2978,#2979,#2980);
#2978 = CARTESIAN_POINT('',(-0.6,0.545,8.E-02));
#2979 = DIRECTION('',(1.,0.,0.));
#2980 = DIRECTION('',(-0.,1.,0.));
#2981 = ADVANCED_FACE('',(#2982),#3000,.T.);
#2982 = FACE_BOUND('',#2983,.T.);
#2983 = EDGE_LOOP('',(#2984,#2992,#2993,#2994));
#2984 = ORIENTED_EDGE('',*,*,#2985,.F.);
#2985 = EDGE_CURVE('',#2961,#2986,#2988,.T.);
#2986 = VERTEX_POINT('',#2987);
#2987 = CARTESIAN_POINT('',(0.6,0.585,1.17));
#2988 = LINE('',#2989,#2990);
#2989 = CARTESIAN_POINT('',(0.6,0.585,4.E-02));
#2990 = VECTOR('',#2991,1.);
#2991 = DIRECTION('',(0.,0.,1.));
#2992 = ORIENTED_EDGE('',*,*,#2960,.F.);
#2993 = ORIENTED_EDGE('',*,*,#2873,.T.);
#2994 = ORIENTED_EDGE('',*,*,#2995,.T.);
#2995 = EDGE_CURVE('',#2865,#2986,#2996,.T.);
#2996 = LINE('',#2997,#2998);
#2997 = CARTESIAN_POINT('',(-0.6,0.585,1.17));
#2998 = VECTOR('',#2999,1.);
#2999 = DIRECTION('',(1.,0.,0.));
#3000 = PLANE('',#3001);
#3001 = AXIS2_PLACEMENT_3D('',#3002,#3003,#3004);
#3002 = CARTESIAN_POINT('',(-0.6,0.585,4.E-02));
#3003 = DIRECTION('',(0.,1.,0.));
#3004 = DIRECTION('',(0.,-0.,1.));
#3005 = ADVANCED_FACE('',(#3006),#3025,.T.);
#3006 = FACE_BOUND('',#3007,.T.);
#3007 = EDGE_LOOP('',(#3008,#3009,#3017,#3024));
#3008 = ORIENTED_EDGE('',*,*,#2864,.T.);
#3009 = ORIENTED_EDGE('',*,*,#3010,.T.);
#3010 = EDGE_CURVE('',#2857,#3011,#3013,.T.);
#3011 = VERTEX_POINT('',#3012);
#3012 = CARTESIAN_POINT('',(0.6,0.545,1.21));
#3013 = LINE('',#3014,#3015);
#3014 = CARTESIAN_POINT('',(-0.6,0.545,1.21));
#3015 = VECTOR('',#3016,1.);
#3016 = DIRECTION('',(1.,0.,0.));
#3017 = ORIENTED_EDGE('',*,*,#3018,.F.);
#3018 = EDGE_CURVE('',#2986,#3011,#3019,.T.);
#3019 = CIRCLE('',#3020,4.E-02);
#3020 = AXIS2_PLACEMENT_3D('',#3021,#3022,#3023);
#3021 = CARTESIAN_POINT('',(0.6,0.545,1.17));
#3022 = DIRECTION('',(1.,0.,-0.));
#3023 = DIRECTION('',(0.,0.,1.));
#3024 = ORIENTED_EDGE('',*,*,#2995,.F.);
#3025 = CYLINDRICAL_SURFACE('',#3026,4.E-02);
#3026 = AXIS2_PLACEMENT_3D('',#3027,#3028,#3029);
#3027 = CARTESIAN_POINT('',(-0.6,0.545,1.17));
#3028 = DIRECTION('',(1.,0.,0.));
#3029 = DIRECTION('',(-0.,1.,0.));
#3030 = ADVANCED_FACE('',(#3031),#3049,.T.);
#3031 = FACE_BOUND('',#3032,.T.);
#3032 = EDGE_LOOP('',(#3033,#3034,#3042,#3048));
#3033 = ORIENTED_EDGE('',*,*,#2856,.F.);
#3034 = ORIENTED_EDGE('',*,*,#3035,.T.);
#3035 = EDGE_CURVE('',#2848,#3036,#3038,.T.);
#3036 = VERTEX_POINT('',#3037);
#3037 = CARTESIAN_POINT('',(0.6,-0.545,1.21));
#3038 = LINE('',#3039,#3040);
#3039 = CARTESIAN_POINT('',(-0.6,-0.545,1.21));
#3040 = VECTOR('',#3041,1.);
#3041 = DIRECTION('',(1.,0.,0.));
#3042 = ORIENTED_EDGE('',*,*,#3043,.T.);
#3043 = EDGE_CURVE('',#3036,#3011,#3044,.T.);
#3044 = LINE('',#3045,#3046);
#3045 = CARTESIAN_POINT('',(0.6,-0.585,1.21));
#3046 = VECTOR('',#3047,1.);
#3047 = DIRECTION('',(0.,1.,0.));
#3048 = ORIENTED_EDGE('',*,*,#3010,.F.);
#3049 = PLANE('',#3050);
#3050 = AXIS2_PLACEMENT_3D('',#3051,#3052,#3053);
#3051 = CARTESIAN_POINT('',(-0.6,-0.585,1.21));
#3052 = DIRECTION('',(0.,0.,1.));
#3053 = DIRECTION('',(1.,0.,-0.));
#3054 = ADVANCED_FACE('',(#3055),#3074,.T.);
#3055 = FACE_BOUND('',#3056,.T.);
#3056 = EDGE_LOOP('',(#3057,#3065,#3072,#3073));
#3057 = ORIENTED_EDGE('',*,*,#3058,.T.);
#3058 = EDGE_CURVE('',#2840,#3059,#3061,.T.);
#3059 = VERTEX_POINT('',#3060);
#3060 = CARTESIAN_POINT('',(0.6,-0.585,1.17));
#3061 = LINE('',#3062,#3063);
#3062 = CARTESIAN_POINT('',(-0.6,-0.585,1.17));
#3063 = VECTOR('',#3064,1.);
#3064 = DIRECTION('',(1.,0.,0.));
#3065 = ORIENTED_EDGE('',*,*,#3066,.T.);
#3066 = EDGE_CURVE('',#3059,#3036,#3067,.T.);
#3067 = CIRCLE('',#3068,4.E-02);
#3068 = AXIS2_PLACEMENT_3D('',#3069,#3070,#3071);
#3069 = CARTESIAN_POINT('',(0.6,-0.545,1.17));
#3070 = DIRECTION('',(-1.,0.,0.));
#3071 = DIRECTION('',(0.,0.,1.));
#3072 = ORIENTED_EDGE('',*,*,#3035,.F.);
#3073 = ORIENTED_EDGE('',*,*,#2847,.F.);
#3074 = CYLINDRICAL_SURFACE('',#3075,4.E-02);
#3075 = AXIS2_PLACEMENT_3D('',#3076,#3077,#3078);
#3076 = CARTESIAN_POINT('',(-0.6,-0.545,1.17));
#3077 = DIRECTION('',(1.,0.,0.));
#3078 = DIRECTION('',(0.,-1.,0.));
#3079 = ADVANCED_FACE('',(#3080),#3091,.F.);
#3080 = FACE_BOUND('',#3081,.F.);
#3081 = EDGE_LOOP('',(#3082,#3088,#3089,#3090));
#3082 = ORIENTED_EDGE('',*,*,#3083,.F.);
#3083 = EDGE_CURVE('',#2914,#3059,#3084,.T.);
#3084 = LINE('',#3085,#3086);
#3085 = CARTESIAN_POINT('',(0.6,-0.585,4.E-02));
#3086 = VECTOR('',#3087,1.);
#3087 = DIRECTION('',(0.,0.,1.));
#3088 = ORIENTED_EDGE('',*,*,#2922,.F.);
#3089 = ORIENTED_EDGE('',*,*,#2839,.T.);
#3090 = ORIENTED_EDGE('',*,*,#3058,.T.);
#3091 = PLANE('',#3092);
#3092 = AXIS2_PLACEMENT_3D('',#3093,#3094,#3095);
#3093 = CARTESIAN_POINT('',(-0.6,-0.585,4.E-02));
#3094 = DIRECTION('',(0.,1.,0.));
#3095 = DIRECTION('',(0.,-0.,1.));
#3096 = ADVANCED_FACE('',(#3097,#3167),#3177,.F.);
#3097 = FACE_BOUND('',#3098,.F.);
#3098 = EDGE_LOOP('',(#3099,#3109,#3118,#3126,#3135,#3143,#3152,#3160));
#3099 = ORIENTED_EDGE('',*,*,#3100,.F.);
#3100 = EDGE_CURVE('',#3101,#3103,#3105,.T.);
#3101 = VERTEX_POINT('',#3102);
#3102 = CARTESIAN_POINT('',(0.6,-0.625,4.E-02));
#3103 = VERTEX_POINT('',#3104);
#3104 = CARTESIAN_POINT('',(0.6,-0.625,1.21));
#3105 = LINE('',#3106,#3107);
#3106 = CARTESIAN_POINT('',(0.6,-0.625,0.));
#3107 = VECTOR('',#3108,1.);
#3108 = DIRECTION('',(0.,0.,1.));
#3109 = ORIENTED_EDGE('',*,*,#3110,.T.);
#3110 = EDGE_CURVE('',#3101,#3111,#3113,.T.);
#3111 = VERTEX_POINT('',#3112);
#3112 = CARTESIAN_POINT('',(0.6,-0.585,0.));
#3113 = CIRCLE('',#3114,4.E-02);
#3114 = AXIS2_PLACEMENT_3D('',#3115,#3116,#3117);
#3115 = CARTESIAN_POINT('',(0.6,-0.585,4.E-02));
#3116 = DIRECTION('',(1.,0.,-0.));
#3117 = DIRECTION('',(0.,0.,1.));
#3118 = ORIENTED_EDGE('',*,*,#3119,.T.);
#3119 = EDGE_CURVE('',#3111,#3120,#3122,.T.);
#3120 = VERTEX_POINT('',#3121);
#3121 = CARTESIAN_POINT('',(0.6,0.585,0.));
#3122 = LINE('',#3123,#3124);
#3123 = CARTESIAN_POINT('',(0.6,-0.625,0.));
#3124 = VECTOR('',#3125,1.);
#3125 = DIRECTION('',(0.,1.,0.));
#3126 = ORIENTED_EDGE('',*,*,#3127,.F.);
#3127 = EDGE_CURVE('',#3128,#3120,#3130,.T.);
#3128 = VERTEX_POINT('',#3129);
#3129 = CARTESIAN_POINT('',(0.6,0.625,4.E-02));
#3130 = CIRCLE('',#3131,4.E-02);
#3131 = AXIS2_PLACEMENT_3D('',#3132,#3133,#3134);
#3132 = CARTESIAN_POINT('',(0.6,0.585,4.E-02));
#3133 = DIRECTION('',(-1.,0.,0.));
#3134 = DIRECTION('',(0.,0.,1.));
#3135 = ORIENTED_EDGE('',*,*,#3136,.T.);
#3136 = EDGE_CURVE('',#3128,#3137,#3139,.T.);
#3137 = VERTEX_POINT('',#3138);
#3138 = CARTESIAN_POINT('',(0.6,0.625,1.21));
#3139 = LINE('',#3140,#3141);
#3140 = CARTESIAN_POINT('',(0.6,0.625,0.));
#3141 = VECTOR('',#3142,1.);
#3142 = DIRECTION('',(0.,0.,1.));
#3143 = ORIENTED_EDGE('',*,*,#3144,.T.);
#3144 = EDGE_CURVE('',#3137,#3145,#3147,.T.);
#3145 = VERTEX_POINT('',#3146);
#3146 = CARTESIAN_POINT('',(0.6,0.585,1.25));
#3147 = CIRCLE('',#3148,4.E-02);
#3148 = AXIS2_PLACEMENT_3D('',#3149,#3150,#3151);
#3149 = CARTESIAN_POINT('',(0.6,0.585,1.21));
#3150 = DIRECTION('',(1.,0.,-0.));
#3151 = DIRECTION('',(0.,0.,1.));
#3152 = ORIENTED_EDGE('',*,*,#3153,.F.);
#3153 = EDGE_CURVE('',#3154,#3145,#3156,.T.);
#3154 = VERTEX_POINT('',#3155);
#3155 = CARTESIAN_POINT('',(0.6,-0.585,1.25));
#3156 = LINE('',#3157,#3158);
#3157 = CARTESIAN_POINT('',(0.6,-0.625,1.25));
#3158 = VECTOR('',#3159,1.);
#3159 = DIRECTION('',(0.,1.,0.));
#3160 = ORIENTED_EDGE('',*,*,#3161,.F.);
#3161 = EDGE_CURVE('',#3103,#3154,#3162,.T.);
#3162 = CIRCLE('',#3163,4.E-02);
#3163 = AXIS2_PLACEMENT_3D('',#3164,#3165,#3166);
#3164 = CARTESIAN_POINT('',(0.6,-0.585,1.21));
#3165 = DIRECTION('',(-1.,0.,0.));
#3166 = DIRECTION('',(0.,0.,1.));
#3167 = FACE_BOUND('',#3168,.F.);
#3168 = EDGE_LOOP('',(#3169,#3170,#3171,#3172,#3173,#3174,#3175,#3176));
#3169 = ORIENTED_EDGE('',*,*,#2913,.F.);
#3170 = ORIENTED_EDGE('',*,*,#3083,.T.);
#3171 = ORIENTED_EDGE('',*,*,#3066,.T.);
#3172 = ORIENTED_EDGE('',*,*,#3043,.T.);
#3173 = ORIENTED_EDGE('',*,*,#3018,.F.);
#3174 = ORIENTED_EDGE('',*,*,#2985,.F.);
#3175 = ORIENTED_EDGE('',*,*,#2968,.T.);
#3176 = ORIENTED_EDGE('',*,*,#2938,.F.);
#3177 = PLANE('',#3178);
#3178 = AXIS2_PLACEMENT_3D('',#3179,#3180,#3181);
#3179 = CARTESIAN_POINT('',(0.6,-0.625,0.));
#3180 = DIRECTION('',(1.,0.,0.));
#3181 = DIRECTION('',(0.,0.,1.));
#3182 = ADVANCED_FACE('',(#3183),#3208,.F.);
#3183 = FACE_BOUND('',#3184,.F.);
#3184 = EDGE_LOOP('',(#3185,#3195,#3201,#3202));
#3185 = ORIENTED_EDGE('',*,*,#3186,.F.);
#3186 = EDGE_CURVE('',#3187,#3189,#3191,.T.);
#3187 = VERTEX_POINT('',#3188);
#3188 = CARTESIAN_POINT('',(1.,-0.625,4.E-02));
#3189 = VERTEX_POINT('',#3190);
#3190 = CARTESIAN_POINT('',(1.,-0.625,1.21));
#3191 = LINE('',#3192,#3193);
#3192 = CARTESIAN_POINT('',(1.,-0.625,0.));
#3193 = VECTOR('',#3194,1.);
#3194 = DIRECTION('',(0.,0.,1.));
#3195 = ORIENTED_EDGE('',*,*,#3196,.F.);
#3196 = EDGE_CURVE('',#3101,#3187,#3197,.T.);
#3197 = LINE('',#3198,#3199);
#3198 = CARTESIAN_POINT('',(0.6,-0.625,4.E-02));
#3199 = VECTOR('',#3200,1.);
#3200 = DIRECTION('',(1.,0.,0.));
#3201 = ORIENTED_EDGE('',*,*,#3100,.T.);
#3202 = ORIENTED_EDGE('',*,*,#3203,.T.);
#3203 = EDGE_CURVE('',#3103,#3189,#3204,.T.);
#3204 = LINE('',#3205,#3206);
#3205 = CARTESIAN_POINT('',(0.6,-0.625,1.21));
#3206 = VECTOR('',#3207,1.);
#3207 = DIRECTION('',(1.,0.,0.));
#3208 = PLANE('',#3209);
#3209 = AXIS2_PLACEMENT_3D('',#3210,#3211,#3212);
#3210 = CARTESIAN_POINT('',(0.6,-0.625,0.));
#3211 = DIRECTION('',(0.,1.,0.));
#3212 = DIRECTION('',(0.,-0.,1.));
#3213 = ADVANCED_FACE('',(#3214),#3233,.T.);
#3214 = FACE_BOUND('',#3215,.T.);
#3215 = EDGE_LOOP('',(#3216,#3217,#3225,#3232));
#3216 = ORIENTED_EDGE('',*,*,#3110,.T.);
#3217 = ORIENTED_EDGE('',*,*,#3218,.T.);
#3218 = EDGE_CURVE('',#3111,#3219,#3221,.T.);
#3219 = VERTEX_POINT('',#3220);
#3220 = CARTESIAN_POINT('',(1.,-0.585,0.));
#3221 = LINE('',#3222,#3223);
#3222 = CARTESIAN_POINT('',(0.6,-0.585,0.));
#3223 = VECTOR('',#3224,1.);
#3224 = DIRECTION('',(1.,0.,0.));
#3225 = ORIENTED_EDGE('',*,*,#3226,.F.);
#3226 = EDGE_CURVE('',#3187,#3219,#3227,.T.);
#3227 = CIRCLE('',#3228,4.E-02);
#3228 = AXIS2_PLACEMENT_3D('',#3229,#3230,#3231);
#3229 = CARTESIAN_POINT('',(1.,-0.585,4.E-02));
#3230 = DIRECTION('',(1.,0.,-0.));
#3231 = DIRECTION('',(0.,0.,1.));
#3232 = ORIENTED_EDGE('',*,*,#3196,.F.);
#3233 = CYLINDRICAL_SURFACE('',#3234,4.E-02);
#3234 = AXIS2_PLACEMENT_3D('',#3235,#3236,#3237);
#3235 = CARTESIAN_POINT('',(0.6,-0.585,4.E-02));
#3236 = DIRECTION('',(1.,0.,0.));
#3237 = DIRECTION('',(0.,-1.,0.));
#3238 = ADVANCED_FACE('',(#3239),#3258,.T.);
#3239 = FACE_BOUND('',#3240,.T.);
#3240 = EDGE_LOOP('',(#3241,#3242,#3251,#3257));
#3241 = ORIENTED_EDGE('',*,*,#3203,.T.);
#3242 = ORIENTED_EDGE('',*,*,#3243,.T.);
#3243 = EDGE_CURVE('',#3189,#3244,#3246,.T.);
#3244 = VERTEX_POINT('',#3245);
#3245 = CARTESIAN_POINT('',(1.,-0.585,1.25));
#3246 = CIRCLE('',#3247,4.E-02);
#3247 = AXIS2_PLACEMENT_3D('',#3248,#3249,#3250);
#3248 = CARTESIAN_POINT('',(1.,-0.585,1.21));
#3249 = DIRECTION('',(-1.,0.,0.));
#3250 = DIRECTION('',(0.,0.,1.));
#3251 = ORIENTED_EDGE('',*,*,#3252,.F.);
#3252 = EDGE_CURVE('',#3154,#3244,#3253,.T.);
#3253 = LINE('',#3254,#3255);
#3254 = CARTESIAN_POINT('',(0.6,-0.585,1.25));
#3255 = VECTOR('',#3256,1.);
#3256 = DIRECTION('',(1.,0.,0.));
#3257 = ORIENTED_EDGE('',*,*,#3161,.F.);
#3258 = CYLINDRICAL_SURFACE('',#3259,4.E-02);
#3259 = AXIS2_PLACEMENT_3D('',#3260,#3261,#3262);
#3260 = CARTESIAN_POINT('',(0.6,-0.585,1.21));
#3261 = DIRECTION('',(1.,0.,0.));
#3262 = DIRECTION('',(0.,-1.,0.));
#3263 = ADVANCED_FACE('',(#3264),#3282,.F.);
#3264 = FACE_BOUND('',#3265,.F.);
#3265 = EDGE_LOOP('',(#3266,#3267,#3268,#3276));
#3266 = ORIENTED_EDGE('',*,*,#3119,.F.);
#3267 = ORIENTED_EDGE('',*,*,#3218,.T.);
#3268 = ORIENTED_EDGE('',*,*,#3269,.T.);
#3269 = EDGE_CURVE('',#3219,#3270,#3272,.T.);
#3270 = VERTEX_POINT('',#3271);
#3271 = CARTESIAN_POINT('',(1.,0.585,0.));
#3272 = LINE('',#3273,#3274);
#3273 = CARTESIAN_POINT('',(1.,-0.625,0.));
#3274 = VECTOR('',#3275,1.);
#3275 = DIRECTION('',(0.,1.,0.));
#3276 = ORIENTED_EDGE('',*,*,#3277,.F.);
#3277 = EDGE_CURVE('',#3120,#3270,#3278,.T.);
#3278 = LINE('',#3279,#3280);
#3279 = CARTESIAN_POINT('',(0.6,0.585,0.));
#3280 = VECTOR('',#3281,1.);
#3281 = DIRECTION('',(1.,0.,0.));
#3282 = PLANE('',#3283);
#3283 = AXIS2_PLACEMENT_3D('',#3284,#3285,#3286);
#3284 = CARTESIAN_POINT('',(0.6,-0.625,0.));
#3285 = DIRECTION('',(0.,0.,1.));
#3286 = DIRECTION('',(1.,0.,-0.));
#3287 = ADVANCED_FACE('',(#3288),#3306,.T.);
#3288 = FACE_BOUND('',#3289,.T.);
#3289 = EDGE_LOOP('',(#3290,#3291,#3292,#3300));
#3290 = ORIENTED_EDGE('',*,*,#3153,.F.);
#3291 = ORIENTED_EDGE('',*,*,#3252,.T.);
#3292 = ORIENTED_EDGE('',*,*,#3293,.T.);
#3293 = EDGE_CURVE('',#3244,#3294,#3296,.T.);
#3294 = VERTEX_POINT('',#3295);
#3295 = CARTESIAN_POINT('',(1.,0.585,1.25));
#3296 = LINE('',#3297,#3298);
#3297 = CARTESIAN_POINT('',(1.,-0.625,1.25));
#3298 = VECTOR('',#3299,1.);
#3299 = DIRECTION('',(0.,1.,0.));
#3300 = ORIENTED_EDGE('',*,*,#3301,.F.);
#3301 = EDGE_CURVE('',#3145,#3294,#3302,.T.);
#3302 = LINE('',#3303,#3304);
#3303 = CARTESIAN_POINT('',(0.6,0.585,1.25));
#3304 = VECTOR('',#3305,1.);
#3305 = DIRECTION('',(1.,0.,0.));
#3306 = PLANE('',#3307);
#3307 = AXIS2_PLACEMENT_3D('',#3308,#3309,#3310);
#3308 = CARTESIAN_POINT('',(0.6,-0.625,1.25));
#3309 = DIRECTION('',(0.,0.,1.));
#3310 = DIRECTION('',(1.,0.,-0.));
#3311 = ADVANCED_FACE('',(#3312),#3331,.T.);
#3312 = FACE_BOUND('',#3313,.T.);
#3313 = EDGE_LOOP('',(#3314,#3322,#3329,#3330));
#3314 = ORIENTED_EDGE('',*,*,#3315,.T.);
#3315 = EDGE_CURVE('',#3128,#3316,#3318,.T.);
#3316 = VERTEX_POINT('',#3317);
#3317 = CARTESIAN_POINT('',(1.,0.625,4.E-02));
#3318 = LINE('',#3319,#3320);
#3319 = CARTESIAN_POINT('',(0.6,0.625,4.E-02));
#3320 = VECTOR('',#3321,1.);
#3321 = DIRECTION('',(1.,0.,0.));
#3322 = ORIENTED_EDGE('',*,*,#3323,.T.);
#3323 = EDGE_CURVE('',#3316,#3270,#3324,.T.);
#3324 = CIRCLE('',#3325,4.E-02);
#3325 = AXIS2_PLACEMENT_3D('',#3326,#3327,#3328);
#3326 = CARTESIAN_POINT('',(1.,0.585,4.E-02));
#3327 = DIRECTION('',(-1.,0.,0.));
#3328 = DIRECTION('',(0.,0.,1.));
#3329 = ORIENTED_EDGE('',*,*,#3277,.F.);
#3330 = ORIENTED_EDGE('',*,*,#3127,.F.);
#3331 = CYLINDRICAL_SURFACE('',#3332,4.E-02);
#3332 = AXIS2_PLACEMENT_3D('',#3333,#3334,#3335);
#3333 = CARTESIAN_POINT('',(0.6,0.585,4.E-02));
#3334 = DIRECTION('',(1.,0.,0.));
#3335 = DIRECTION('',(-0.,1.,0.));
#3336 = ADVANCED_FACE('',(#3337),#3356,.T.);
#3337 = FACE_BOUND('',#3338,.T.);
#3338 = EDGE_LOOP('',(#3339,#3340,#3341,#3350));
#3339 = ORIENTED_EDGE('',*,*,#3144,.T.);
#3340 = ORIENTED_EDGE('',*,*,#3301,.T.);
#3341 = ORIENTED_EDGE('',*,*,#3342,.F.);
#3342 = EDGE_CURVE('',#3343,#3294,#3345,.T.);
#3343 = VERTEX_POINT('',#3344);
#3344 = CARTESIAN_POINT('',(1.,0.625,1.21));
#3345 = CIRCLE('',#3346,4.E-02);
#3346 = AXIS2_PLACEMENT_3D('',#3347,#3348,#3349);
#3347 = CARTESIAN_POINT('',(1.,0.585,1.21));
#3348 = DIRECTION('',(1.,0.,-0.));
#3349 = DIRECTION('',(0.,0.,1.));
#3350 = ORIENTED_EDGE('',*,*,#3351,.F.);
#3351 = EDGE_CURVE('',#3137,#3343,#3352,.T.);
#3352 = LINE('',#3353,#3354);
#3353 = CARTESIAN_POINT('',(0.6,0.625,1.21));
#3354 = VECTOR('',#3355,1.);
#3355 = DIRECTION('',(1.,0.,0.));
#3356 = CYLINDRICAL_SURFACE('',#3357,4.E-02);
#3357 = AXIS2_PLACEMENT_3D('',#3358,#3359,#3360);
#3358 = CARTESIAN_POINT('',(0.6,0.585,1.21));
#3359 = DIRECTION('',(1.,0.,0.));
#3360 = DIRECTION('',(-0.,1.,0.));
#3361 = ADVANCED_FACE('',(#3362),#3373,.T.);
#3362 = FACE_BOUND('',#3363,.T.);
#3363 = EDGE_LOOP('',(#3364,#3370,#3371,#3372));
#3364 = ORIENTED_EDGE('',*,*,#3365,.F.);
#3365 = EDGE_CURVE('',#3316,#3343,#3366,.T.);
#3366 = LINE('',#3367,#3368);
#3367 = CARTESIAN_POINT('',(1.,0.625,0.));
#3368 = VECTOR('',#3369,1.);
#3369 = DIRECTION('',(0.,0.,1.));
#3370 = ORIENTED_EDGE('',*,*,#3315,.F.);
#3371 = ORIENTED_EDGE('',*,*,#3136,.T.);
#3372 = ORIENTED_EDGE('',*,*,#3351,.T.);
#3373 = PLANE('',#3374);
#3374 = AXIS2_PLACEMENT_3D('',#3375,#3376,#3377);
#3375 = CARTESIAN_POINT('',(0.6,0.625,0.));
#3376 = DIRECTION('',(0.,1.,0.));
#3377 = DIRECTION('',(0.,-0.,1.));
#3378 = ADVANCED_FACE('',(#3379),#3389,.T.);
#3379 = FACE_BOUND('',#3380,.T.);
#3380 = EDGE_LOOP('',(#3381,#3382,#3383,#3384,#3385,#3386,#3387,#3388));
#3381 = ORIENTED_EDGE('',*,*,#3186,.F.);
#3382 = ORIENTED_EDGE('',*,*,#3226,.T.);
#3383 = ORIENTED_EDGE('',*,*,#3269,.T.);
#3384 = ORIENTED_EDGE('',*,*,#3323,.F.);
#3385 = ORIENTED_EDGE('',*,*,#3365,.T.);
#3386 = ORIENTED_EDGE('',*,*,#3342,.T.);
#3387 = ORIENTED_EDGE('',*,*,#3293,.F.);
#3388 = ORIENTED_EDGE('',*,*,#3243,.F.);
#3389 = PLANE('',#3390);
#3390 = AXIS2_PLACEMENT_3D('',#3391,#3392,#3393);
#3391 = CARTESIAN_POINT('',(1.,-0.625,0.));
#3392 = DIRECTION('',(1.,0.,0.));
#3393 = DIRECTION('',(0.,0.,1.));
#3394 = ( GEOMETRIC_REPRESENTATION_CONTEXT(3) 
GLOBAL_UNCERTAINTY_ASSIGNED_CONTEXT((#3398)) 
GLOBAL_UNIT_ASSIGNED_CONTEXT((#3395,#3396,#3397)) REPRESENTATION_CONTEXT
('Context #1','3D Context with UNIT and UNCERTAINTY') );
#3395 = ( LENGTH_UNIT() NAMED_UNIT(*) SI_UNIT(.MILLI.,.METRE.) );
#3396 = ( NAMED_UNIT(*) PLANE_ANGLE_UNIT() SI_UNIT($,.RADIAN.) );
#3397 = ( NAMED_UNIT(*) SI_UNIT($,.STERADIAN.) SOLID_ANGLE_UNIT() );
#3398 = UNCERTAINTY_MEASURE_WITH_UNIT(LENGTH_MEASURE(1.E-07),#3395,
  'distance_accuracy_value','confusion accuracy');
#3399 = CONTEXT_DEPENDENT_SHAPE_REPRESENTATION(#3400,#3402);
#3400 = ( REPRESENTATION_RELATIONSHIP('','',#2539,#10) 
REPRESENTATION_RELATIONSHIP_WITH_TRANSFORMATION(#3401) 
SHAPE_REPRESENTATION_RELATIONSHIP() );
#3401 = ITEM_DEFINED_TRANSFORMATION('','',#11,#39);
#3402 = PRODUCT_DEFINITION_SHAPE('Placement','Placement of an item',
  #3403);
#3403 = NEXT_ASSEMBLY_USAGE_OCCURRENCE('7','C10','',#5,#2534,$);
#3404 = PRODUCT_RELATED_PRODUCT_CATEGORY('part',$,(#2536));
#3405 = CONTEXT_DEPENDENT_SHAPE_REPRESENTATION(#3406,#3408);
#3406 = ( REPRESENTATION_RELATIONSHIP('','',#168,#10) 
REPRESENTATION_RELATIONSHIP_WITH_TRANSFORMATION(#3407) 
SHAPE_REPRESENTATION_RELATIONSHIP() );
#3407 = ITEM_DEFINED_TRANSFORMATION('','',#11,#43);
#3408 = PRODUCT_DEFINITION_SHAPE('Placement','Placement of an item',
  #3409);
#3409 = NEXT_ASSEMBLY_USAGE_OCCURRENCE('8','C3','',#5,#163,$);
#3410 = CONTEXT_DEPENDENT_SHAPE_REPRESENTATION(#3411,#3413);
#3411 = ( REPRESENTATION_RELATIONSHIP('','',#2539,#10) 
REPRESENTATION_RELATIONSHIP_WITH_TRANSFORMATION(#3412) 
SHAPE_REPRESENTATION_RELATIONSHIP() );
#3412 = ITEM_DEFINED_TRANSFORMATION('','',#11,#47);
#3413 = PRODUCT_DEFINITION_SHAPE('Placement','Placement of an item',
  #3414);
#3414 = NEXT_ASSEMBLY_USAGE_OCCURRENCE('9','C5','',#5,#2534,$);
#3415 = CONTEXT_DEPENDENT_SHAPE_REPRESENTATION(#3416,#3418);
#3416 = ( REPRESENTATION_RELATIONSHIP('','',#168,#10) 
REPRESENTATION_RELATIONSHIP_WITH_TRANSFORMATION(#3417) 
SHAPE_REPRESENTATION_RELATIONSHIP() );
#3417 = ITEM_DEFINED_TRANSFORMATION('','',#11,#51);
#3418 = PRODUCT_DEFINITION_SHAPE('Placement','Placement of an item',
  #3419);
#3419 = NEXT_ASSEMBLY_USAGE_OCCURRENCE('10','R9','',#5,#163,$);
#3420 = CONTEXT_DEPENDENT_SHAPE_REPRESENTATION(#3421,#3423);
#3421 = ( REPRESENTATION_RELATIONSHIP('','',#2539,#10) 
REPRESENTATION_RELATIONSHIP_WITH_TRANSFORMATION(#3422) 
SHAPE_REPRESENTATION_RELATIONSHIP() );
#3422 = ITEM_DEFINED_TRANSFORMATION('','',#11,#55);
#3423 = PRODUCT_DEFINITION_SHAPE('Placement','Placement of an item',
  #3424);
#3424 = NEXT_ASSEMBLY_USAGE_OCCURRENCE('11','C9','',#5,#2534,$);
#3425 = CONTEXT_DEPENDENT_SHAPE_REPRESENTATION(#3426,#3428);
#3426 = ( REPRESENTATION_RELATIONSHIP('','',#168,#10) 
REPRESENTATION_RELATIONSHIP_WITH_TRANSFORMATION(#3427) 
SHAPE_REPRESENTATION_RELATIONSHIP() );
#3427 = ITEM_DEFINED_TRANSFORMATION('','',#11,#59);
#3428 = PRODUCT_DEFINITION_SHAPE('Placement','Placement of an item',
  #3429);
#3429 = NEXT_ASSEMBLY_USAGE_OCCURRENCE('12','R6','',#5,#163,$);
#3430 = CONTEXT_DEPENDENT_SHAPE_REPRESENTATION(#3431,#3433);
#3431 = ( REPRESENTATION_RELATIONSHIP('','',#168,#10) 
REPRESENTATION_RELATIONSHIP_WITH_TRANSFORMATION(#3432) 
SHAPE_REPRESENTATION_RELATIONSHIP() );
#3432 = ITEM_DEFINED_TRANSFORMATION('','',#11,#63);
#3433 = PRODUCT_DEFINITION_SHAPE('Placement','Placement of an item',
  #3434);
#3434 = NEXT_ASSEMBLY_USAGE_OCCURRENCE('13','C4','',#5,#163,$);
#3435 = CONTEXT_DEPENDENT_SHAPE_REPRESENTATION(#3436,#3438);
#3436 = ( REPRESENTATION_RELATIONSHIP('','',#168,#10) 
REPRESENTATION_RELATIONSHIP_WITH_TRANSFORMATION(#3437) 
SHAPE_REPRESENTATION_RELATIONSHIP() );
#3437 = ITEM_DEFINED_TRANSFORMATION('','',#11,#67);
#3438 = PRODUCT_DEFINITION_SHAPE('Placement','Placement of an item',
  #3439);
#3439 = NEXT_ASSEMBLY_USAGE_OCCURRENCE('14','R4','',#5,#163,$);
#3440 = SHAPE_DEFINITION_REPRESENTATION(#3441,#3447);
#3441 = PRODUCT_DEFINITION_SHAPE('','',#3442);
#3442 = PRODUCT_DEFINITION('design','',#3443,#3446);
#3443 = PRODUCT_DEFINITION_FORMATION('','',#3444);
#3444 = PRODUCT('C_0603_1608Metric','C_0603_1608Metric','',(#3445));
#3445 = PRODUCT_CONTEXT('',#2,'mechanical');
#3446 = PRODUCT_DEFINITION_CONTEXT('part definition',#2,'design');
#3447 = ADVANCED_BREP_SHAPE_REPRESENTATION('',(#11,#3448),#4302);
#3448 = MANIFOLD_SOLID_BREP('',#3449);
#3449 = CLOSED_SHELL('',(#3450,#3526,#3557,#3582,#3607,#3631,#3655,#3680
    ,#3705,#3722,#3808,#3840,#3864,#3889,#3913,#3938,#3962,#3987,#4004,
    #4090,#4121,#4146,#4171,#4195,#4219,#4244,#4269,#4286));
#3450 = ADVANCED_FACE('',(#3451),#3521,.F.);
#3451 = FACE_BOUND('',#3452,.F.);
#3452 = EDGE_LOOP('',(#3453,#3463,#3472,#3480,#3489,#3497,#3506,#3514));
#3453 = ORIENTED_EDGE('',*,*,#3454,.F.);
#3454 = EDGE_CURVE('',#3455,#3457,#3459,.T.);
#3455 = VERTEX_POINT('',#3456);
#3456 = CARTESIAN_POINT('',(-0.8,-0.4,3.E-02));
#3457 = VERTEX_POINT('',#3458);
#3458 = CARTESIAN_POINT('',(-0.8,-0.4,0.77));
#3459 = LINE('',#3460,#3461);
#3460 = CARTESIAN_POINT('',(-0.8,-0.4,0.));
#3461 = VECTOR('',#3462,1.);
#3462 = DIRECTION('',(0.,0.,1.));
#3463 = ORIENTED_EDGE('',*,*,#3464,.T.);
#3464 = EDGE_CURVE('',#3455,#3465,#3467,.T.);
#3465 = VERTEX_POINT('',#3466);
#3466 = CARTESIAN_POINT('',(-0.8,-0.37,0.));
#3467 = CIRCLE('',#3468,3.E-02);
#3468 = AXIS2_PLACEMENT_3D('',#3469,#3470,#3471);
#3469 = CARTESIAN_POINT('',(-0.8,-0.37,3.E-02));
#3470 = DIRECTION('',(1.,0.,-0.));
#3471 = DIRECTION('',(0.,0.,1.));
#3472 = ORIENTED_EDGE('',*,*,#3473,.T.);
#3473 = EDGE_CURVE('',#3465,#3474,#3476,.T.);
#3474 = VERTEX_POINT('',#3475);
#3475 = CARTESIAN_POINT('',(-0.8,0.37,0.));
#3476 = LINE('',#3477,#3478);
#3477 = CARTESIAN_POINT('',(-0.8,-0.4,0.));
#3478 = VECTOR('',#3479,1.);
#3479 = DIRECTION('',(0.,1.,0.));
#3480 = ORIENTED_EDGE('',*,*,#3481,.F.);
#3481 = EDGE_CURVE('',#3482,#3474,#3484,.T.);
#3482 = VERTEX_POINT('',#3483);
#3483 = CARTESIAN_POINT('',(-0.8,0.4,3.E-02));
#3484 = CIRCLE('',#3485,3.E-02);
#3485 = AXIS2_PLACEMENT_3D('',#3486,#3487,#3488);
#3486 = CARTESIAN_POINT('',(-0.8,0.37,3.E-02));
#3487 = DIRECTION('',(-1.,0.,0.));
#3488 = DIRECTION('',(0.,0.,1.));
#3489 = ORIENTED_EDGE('',*,*,#3490,.T.);
#3490 = EDGE_CURVE('',#3482,#3491,#3493,.T.);
#3491 = VERTEX_POINT('',#3492);
#3492 = CARTESIAN_POINT('',(-0.8,0.4,0.77));
#3493 = LINE('',#3494,#3495);
#3494 = CARTESIAN_POINT('',(-0.8,0.4,0.));
#3495 = VECTOR('',#3496,1.);
#3496 = DIRECTION('',(0.,0.,1.));
#3497 = ORIENTED_EDGE('',*,*,#3498,.T.);
#3498 = EDGE_CURVE('',#3491,#3499,#3501,.T.);
#3499 = VERTEX_POINT('',#3500);
#3500 = CARTESIAN_POINT('',(-0.8,0.37,0.8));
#3501 = CIRCLE('',#3502,3.E-02);
#3502 = AXIS2_PLACEMENT_3D('',#3503,#3504,#3505);
#3503 = CARTESIAN_POINT('',(-0.8,0.37,0.77));
#3504 = DIRECTION('',(1.,0.,-0.));
#3505 = DIRECTION('',(0.,0.,1.));
#3506 = ORIENTED_EDGE('',*,*,#3507,.F.);
#3507 = EDGE_CURVE('',#3508,#3499,#3510,.T.);
#3508 = VERTEX_POINT('',#3509);
#3509 = CARTESIAN_POINT('',(-0.8,-0.37,0.8));
#3510 = LINE('',#3511,#3512);
#3511 = CARTESIAN_POINT('',(-0.8,-0.4,0.8));
#3512 = VECTOR('',#3513,1.);
#3513 = DIRECTION('',(0.,1.,0.));
#3514 = ORIENTED_EDGE('',*,*,#3515,.F.);
#3515 = EDGE_CURVE('',#3457,#3508,#3516,.T.);
#3516 = CIRCLE('',#3517,3.E-02);
#3517 = AXIS2_PLACEMENT_3D('',#3518,#3519,#3520);
#3518 = CARTESIAN_POINT('',(-0.8,-0.37,0.77));
#3519 = DIRECTION('',(-1.,0.,0.));
#3520 = DIRECTION('',(0.,0.,1.));
#3521 = PLANE('',#3522);
#3522 = AXIS2_PLACEMENT_3D('',#3523,#3524,#3525);
#3523 = CARTESIAN_POINT('',(-0.8,-0.4,0.));
#3524 = DIRECTION('',(1.,0.,0.));
#3525 = DIRECTION('',(0.,0.,1.));
#3526 = ADVANCED_FACE('',(#3527),#3552,.F.);
#3527 = FACE_BOUND('',#3528,.F.);
#3528 = EDGE_LOOP('',(#3529,#3539,#3545,#3546));
#3529 = ORIENTED_EDGE('',*,*,#3530,.F.);
#3530 = EDGE_CURVE('',#3531,#3533,#3535,.T.);
#3531 = VERTEX_POINT('',#3532);
#3532 = CARTESIAN_POINT('',(-0.5,-0.4,3.E-02));
#3533 = VERTEX_POINT('',#3534);
#3534 = CARTESIAN_POINT('',(-0.5,-0.4,0.77));
#3535 = LINE('',#3536,#3537);
#3536 = CARTESIAN_POINT('',(-0.5,-0.4,0.));
#3537 = VECTOR('',#3538,1.);
#3538 = DIRECTION('',(0.,0.,1.));
#3539 = ORIENTED_EDGE('',*,*,#3540,.F.);
#3540 = EDGE_CURVE('',#3455,#3531,#3541,.T.);
#3541 = LINE('',#3542,#3543);
#3542 = CARTESIAN_POINT('',(-0.8,-0.4,3.E-02));
#3543 = VECTOR('',#3544,1.);
#3544 = DIRECTION('',(1.,0.,0.));
#3545 = ORIENTED_EDGE('',*,*,#3454,.T.);
#3546 = ORIENTED_EDGE('',*,*,#3547,.T.);
#3547 = EDGE_CURVE('',#3457,#3533,#3548,.T.);
#3548 = LINE('',#3549,#3550);
#3549 = CARTESIAN_POINT('',(-0.8,-0.4,0.77));
#3550 = VECTOR('',#3551,1.);
#3551 = DIRECTION('',(1.,0.,0.));
#3552 = PLANE('',#3553);
#3553 = AXIS2_PLACEMENT_3D('',#3554,#3555,#3556);
#3554 = CARTESIAN_POINT('',(-0.8,-0.4,0.));
#3555 = DIRECTION('',(0.,1.,0.));
#3556 = DIRECTION('',(0.,-0.,1.));
#3557 = ADVANCED_FACE('',(#3558),#3577,.T.);
#3558 = FACE_BOUND('',#3559,.T.);
#3559 = EDGE_LOOP('',(#3560,#3561,#3569,#3576));
#3560 = ORIENTED_EDGE('',*,*,#3464,.T.);
#3561 = ORIENTED_EDGE('',*,*,#3562,.T.);
#3562 = EDGE_CURVE('',#3465,#3563,#3565,.T.);
#3563 = VERTEX_POINT('',#3564);
#3564 = CARTESIAN_POINT('',(-0.5,-0.37,0.));
#3565 = LINE('',#3566,#3567);
#3566 = CARTESIAN_POINT('',(-0.8,-0.37,0.));
#3567 = VECTOR('',#3568,1.);
#3568 = DIRECTION('',(1.,0.,0.));
#3569 = ORIENTED_EDGE('',*,*,#3570,.F.);
#3570 = EDGE_CURVE('',#3531,#3563,#3571,.T.);
#3571 = CIRCLE('',#3572,3.E-02);
#3572 = AXIS2_PLACEMENT_3D('',#3573,#3574,#3575);
#3573 = CARTESIAN_POINT('',(-0.5,-0.37,3.E-02));
#3574 = DIRECTION('',(1.,0.,-0.));
#3575 = DIRECTION('',(0.,0.,1.));
#3576 = ORIENTED_EDGE('',*,*,#3540,.F.);
#3577 = CYLINDRICAL_SURFACE('',#3578,3.E-02);
#3578 = AXIS2_PLACEMENT_3D('',#3579,#3580,#3581);
#3579 = CARTESIAN_POINT('',(-0.8,-0.37,3.E-02));
#3580 = DIRECTION('',(1.,0.,0.));
#3581 = DIRECTION('',(0.,-1.,0.));
#3582 = ADVANCED_FACE('',(#3583),#3602,.T.);
#3583 = FACE_BOUND('',#3584,.T.);
#3584 = EDGE_LOOP('',(#3585,#3586,#3595,#3601));
#3585 = ORIENTED_EDGE('',*,*,#3547,.T.);
#3586 = ORIENTED_EDGE('',*,*,#3587,.T.);
#3587 = EDGE_CURVE('',#3533,#3588,#3590,.T.);
#3588 = VERTEX_POINT('',#3589);
#3589 = CARTESIAN_POINT('',(-0.5,-0.37,0.8));
#3590 = CIRCLE('',#3591,3.E-02);
#3591 = AXIS2_PLACEMENT_3D('',#3592,#3593,#3594);
#3592 = CARTESIAN_POINT('',(-0.5,-0.37,0.77));
#3593 = DIRECTION('',(-1.,0.,0.));
#3594 = DIRECTION('',(0.,0.,1.));
#3595 = ORIENTED_EDGE('',*,*,#3596,.F.);
#3596 = EDGE_CURVE('',#3508,#3588,#3597,.T.);
#3597 = LINE('',#3598,#3599);
#3598 = CARTESIAN_POINT('',(-0.8,-0.37,0.8));
#3599 = VECTOR('',#3600,1.);
#3600 = DIRECTION('',(1.,0.,0.));
#3601 = ORIENTED_EDGE('',*,*,#3515,.F.);
#3602 = CYLINDRICAL_SURFACE('',#3603,3.E-02);
#3603 = AXIS2_PLACEMENT_3D('',#3604,#3605,#3606);
#3604 = CARTESIAN_POINT('',(-0.8,-0.37,0.77));
#3605 = DIRECTION('',(1.,0.,0.));
#3606 = DIRECTION('',(0.,-1.,0.));
#3607 = ADVANCED_FACE('',(#3608),#3626,.F.);
#3608 = FACE_BOUND('',#3609,.F.);
#3609 = EDGE_LOOP('',(#3610,#3611,#3612,#3620));
#3610 = ORIENTED_EDGE('',*,*,#3473,.F.);
#3611 = ORIENTED_EDGE('',*,*,#3562,.T.);
#3612 = ORIENTED_EDGE('',*,*,#3613,.T.);
#3613 = EDGE_CURVE('',#3563,#3614,#3616,.T.);
#3614 = VERTEX_POINT('',#3615);
#3615 = CARTESIAN_POINT('',(-0.5,0.37,0.));
#3616 = LINE('',#3617,#3618);
#3617 = CARTESIAN_POINT('',(-0.5,-0.4,0.));
#3618 = VECTOR('',#3619,1.);
#3619 = DIRECTION('',(0.,1.,0.));
#3620 = ORIENTED_EDGE('',*,*,#3621,.F.);
#3621 = EDGE_CURVE('',#3474,#3614,#3622,.T.);
#3622 = LINE('',#3623,#3624);
#3623 = CARTESIAN_POINT('',(-0.8,0.37,0.));
#3624 = VECTOR('',#3625,1.);
#3625 = DIRECTION('',(1.,0.,0.));
#3626 = PLANE('',#3627);
#3627 = AXIS2_PLACEMENT_3D('',#3628,#3629,#3630);
#3628 = CARTESIAN_POINT('',(-0.8,-0.4,0.));
#3629 = DIRECTION('',(0.,0.,1.));
#3630 = DIRECTION('',(1.,0.,-0.));
#3631 = ADVANCED_FACE('',(#3632),#3650,.T.);
#3632 = FACE_BOUND('',#3633,.T.);
#3633 = EDGE_LOOP('',(#3634,#3635,#3636,#3644));
#3634 = ORIENTED_EDGE('',*,*,#3507,.F.);
#3635 = ORIENTED_EDGE('',*,*,#3596,.T.);
#3636 = ORIENTED_EDGE('',*,*,#3637,.T.);
#3637 = EDGE_CURVE('',#3588,#3638,#3640,.T.);
#3638 = VERTEX_POINT('',#3639);
#3639 = CARTESIAN_POINT('',(-0.5,0.37,0.8));
#3640 = LINE('',#3641,#3642);
#3641 = CARTESIAN_POINT('',(-0.5,-0.4,0.8));
#3642 = VECTOR('',#3643,1.);
#3643 = DIRECTION('',(0.,1.,0.));
#3644 = ORIENTED_EDGE('',*,*,#3645,.F.);
#3645 = EDGE_CURVE('',#3499,#3638,#3646,.T.);
#3646 = LINE('',#3647,#3648);
#3647 = CARTESIAN_POINT('',(-0.8,0.37,0.8));
#3648 = VECTOR('',#3649,1.);
#3649 = DIRECTION('',(1.,0.,0.));
#3650 = PLANE('',#3651);
#3651 = AXIS2_PLACEMENT_3D('',#3652,#3653,#3654);
#3652 = CARTESIAN_POINT('',(-0.8,-0.4,0.8));
#3653 = DIRECTION('',(0.,0.,1.));
#3654 = DIRECTION('',(1.,0.,-0.));
#3655 = ADVANCED_FACE('',(#3656),#3675,.T.);
#3656 = FACE_BOUND('',#3657,.T.);
#3657 = EDGE_LOOP('',(#3658,#3666,#3673,#3674));
#3658 = ORIENTED_EDGE('',*,*,#3659,.T.);
#3659 = EDGE_CURVE('',#3482,#3660,#3662,.T.);
#3660 = VERTEX_POINT('',#3661);
#3661 = CARTESIAN_POINT('',(-0.5,0.4,3.E-02));
#3662 = LINE('',#3663,#3664);
#3663 = CARTESIAN_POINT('',(-0.8,0.4,3.E-02));
#3664 = VECTOR('',#3665,1.);
#3665 = DIRECTION('',(1.,0.,0.));
#3666 = ORIENTED_EDGE('',*,*,#3667,.T.);
#3667 = EDGE_CURVE('',#3660,#3614,#3668,.T.);
#3668 = CIRCLE('',#3669,3.E-02);
#3669 = AXIS2_PLACEMENT_3D('',#3670,#3671,#3672);
#3670 = CARTESIAN_POINT('',(-0.5,0.37,3.E-02));
#3671 = DIRECTION('',(-1.,0.,0.));
#3672 = DIRECTION('',(0.,0.,1.));
#3673 = ORIENTED_EDGE('',*,*,#3621,.F.);
#3674 = ORIENTED_EDGE('',*,*,#3481,.F.);
#3675 = CYLINDRICAL_SURFACE('',#3676,3.E-02);
#3676 = AXIS2_PLACEMENT_3D('',#3677,#3678,#3679);
#3677 = CARTESIAN_POINT('',(-0.8,0.37,3.E-02));
#3678 = DIRECTION('',(1.,0.,0.));
#3679 = DIRECTION('',(-0.,1.,0.));
#3680 = ADVANCED_FACE('',(#3681),#3700,.T.);
#3681 = FACE_BOUND('',#3682,.T.);
#3682 = EDGE_LOOP('',(#3683,#3684,#3685,#3694));
#3683 = ORIENTED_EDGE('',*,*,#3498,.T.);
#3684 = ORIENTED_EDGE('',*,*,#3645,.T.);
#3685 = ORIENTED_EDGE('',*,*,#3686,.F.);
#3686 = EDGE_CURVE('',#3687,#3638,#3689,.T.);
#3687 = VERTEX_POINT('',#3688);
#3688 = CARTESIAN_POINT('',(-0.5,0.4,0.77));
#3689 = CIRCLE('',#3690,3.E-02);
#3690 = AXIS2_PLACEMENT_3D('',#3691,#3692,#3693);
#3691 = CARTESIAN_POINT('',(-0.5,0.37,0.77));
#3692 = DIRECTION('',(1.,0.,-0.));
#3693 = DIRECTION('',(0.,0.,1.));
#3694 = ORIENTED_EDGE('',*,*,#3695,.F.);
#3695 = EDGE_CURVE('',#3491,#3687,#3696,.T.);
#3696 = LINE('',#3697,#3698);
#3697 = CARTESIAN_POINT('',(-0.8,0.4,0.77));
#3698 = VECTOR('',#3699,1.);
#3699 = DIRECTION('',(1.,0.,0.));
#3700 = CYLINDRICAL_SURFACE('',#3701,3.E-02);
#3701 = AXIS2_PLACEMENT_3D('',#3702,#3703,#3704);
#3702 = CARTESIAN_POINT('',(-0.8,0.37,0.77));
#3703 = DIRECTION('',(1.,0.,0.));
#3704 = DIRECTION('',(-0.,1.,0.));
#3705 = ADVANCED_FACE('',(#3706),#3717,.T.);
#3706 = FACE_BOUND('',#3707,.T.);
#3707 = EDGE_LOOP('',(#3708,#3714,#3715,#3716));
#3708 = ORIENTED_EDGE('',*,*,#3709,.F.);
#3709 = EDGE_CURVE('',#3660,#3687,#3710,.T.);
#3710 = LINE('',#3711,#3712);
#3711 = CARTESIAN_POINT('',(-0.5,0.4,0.));
#3712 = VECTOR('',#3713,1.);
#3713 = DIRECTION('',(0.,0.,1.));
#3714 = ORIENTED_EDGE('',*,*,#3659,.F.);
#3715 = ORIENTED_EDGE('',*,*,#3490,.T.);
#3716 = ORIENTED_EDGE('',*,*,#3695,.T.);
#3717 = PLANE('',#3718);
#3718 = AXIS2_PLACEMENT_3D('',#3719,#3720,#3721);
#3719 = CARTESIAN_POINT('',(-0.8,0.4,0.));
#3720 = DIRECTION('',(0.,1.,0.));
#3721 = DIRECTION('',(0.,-0.,1.));
#3722 = ADVANCED_FACE('',(#3723,#3733),#3803,.T.);
#3723 = FACE_BOUND('',#3724,.T.);
#3724 = EDGE_LOOP('',(#3725,#3726,#3727,#3728,#3729,#3730,#3731,#3732));
#3725 = ORIENTED_EDGE('',*,*,#3530,.F.);
#3726 = ORIENTED_EDGE('',*,*,#3570,.T.);
#3727 = ORIENTED_EDGE('',*,*,#3613,.T.);
#3728 = ORIENTED_EDGE('',*,*,#3667,.F.);
#3729 = ORIENTED_EDGE('',*,*,#3709,.T.);
#3730 = ORIENTED_EDGE('',*,*,#3686,.T.);
#3731 = ORIENTED_EDGE('',*,*,#3637,.F.);
#3732 = ORIENTED_EDGE('',*,*,#3587,.F.);
#3733 = FACE_BOUND('',#3734,.T.);
#3734 = EDGE_LOOP('',(#3735,#3746,#3754,#3763,#3771,#3780,#3788,#3797));
#3735 = ORIENTED_EDGE('',*,*,#3736,.F.);
#3736 = EDGE_CURVE('',#3737,#3739,#3741,.T.);
#3737 = VERTEX_POINT('',#3738);
#3738 = CARTESIAN_POINT('',(-0.5,-0.37,6.E-02));
#3739 = VERTEX_POINT('',#3740);
#3740 = CARTESIAN_POINT('',(-0.5,-0.34,3.E-02));
#3741 = CIRCLE('',#3742,3.E-02);
#3742 = AXIS2_PLACEMENT_3D('',#3743,#3744,#3745);
#3743 = CARTESIAN_POINT('',(-0.5,-0.34,6.E-02));
#3744 = DIRECTION('',(1.,0.,-0.));
#3745 = DIRECTION('',(0.,0.,1.));
#3746 = ORIENTED_EDGE('',*,*,#3747,.T.);
#3747 = EDGE_CURVE('',#3737,#3748,#3750,.T.);
#3748 = VERTEX_POINT('',#3749);
#3749 = CARTESIAN_POINT('',(-0.5,-0.37,0.74));
#3750 = LINE('',#3751,#3752);
#3751 = CARTESIAN_POINT('',(-0.5,-0.37,3.E-02));
#3752 = VECTOR('',#3753,1.);
#3753 = DIRECTION('',(0.,0.,1.));
#3754 = ORIENTED_EDGE('',*,*,#3755,.T.);
#3755 = EDGE_CURVE('',#3748,#3756,#3758,.T.);
#3756 = VERTEX_POINT('',#3757);
#3757 = CARTESIAN_POINT('',(-0.5,-0.34,0.77));
#3758 = CIRCLE('',#3759,3.E-02);
#3759 = AXIS2_PLACEMENT_3D('',#3760,#3761,#3762);
#3760 = CARTESIAN_POINT('',(-0.5,-0.34,0.74));
#3761 = DIRECTION('',(-1.,0.,0.));
#3762 = DIRECTION('',(0.,0.,1.));
#3763 = ORIENTED_EDGE('',*,*,#3764,.T.);
#3764 = EDGE_CURVE('',#3756,#3765,#3767,.T.);
#3765 = VERTEX_POINT('',#3766);
#3766 = CARTESIAN_POINT('',(-0.5,0.34,0.77));
#3767 = LINE('',#3768,#3769);
#3768 = CARTESIAN_POINT('',(-0.5,-0.37,0.77));
#3769 = VECTOR('',#3770,1.);
#3770 = DIRECTION('',(0.,1.,0.));
#3771 = ORIENTED_EDGE('',*,*,#3772,.F.);
#3772 = EDGE_CURVE('',#3773,#3765,#3775,.T.);
#3773 = VERTEX_POINT('',#3774);
#3774 = CARTESIAN_POINT('',(-0.5,0.37,0.74));
#3775 = CIRCLE('',#3776,3.E-02);
#3776 = AXIS2_PLACEMENT_3D('',#3777,#3778,#3779);
#3777 = CARTESIAN_POINT('',(-0.5,0.34,0.74));
#3778 = DIRECTION('',(1.,0.,-0.));
#3779 = DIRECTION('',(0.,0.,1.));
#3780 = ORIENTED_EDGE('',*,*,#3781,.F.);
#3781 = EDGE_CURVE('',#3782,#3773,#3784,.T.);
#3782 = VERTEX_POINT('',#3783);
#3783 = CARTESIAN_POINT('',(-0.5,0.37,6.E-02));
#3784 = LINE('',#3785,#3786);
#3785 = CARTESIAN_POINT('',(-0.5,0.37,3.E-02));
#3786 = VECTOR('',#3787,1.);
#3787 = DIRECTION('',(0.,0.,1.));
#3788 = ORIENTED_EDGE('',*,*,#3789,.T.);
#3789 = EDGE_CURVE('',#3782,#3790,#3792,.T.);
#3790 = VERTEX_POINT('',#3791);
#3791 = CARTESIAN_POINT('',(-0.5,0.34,3.E-02));
#3792 = CIRCLE('',#3793,3.E-02);
#3793 = AXIS2_PLACEMENT_3D('',#3794,#3795,#3796);
#3794 = CARTESIAN_POINT('',(-0.5,0.34,6.E-02));
#3795 = DIRECTION('',(-1.,0.,0.));
#3796 = DIRECTION('',(0.,0.,1.));
#3797 = ORIENTED_EDGE('',*,*,#3798,.F.);
#3798 = EDGE_CURVE('',#3739,#3790,#3799,.T.);
#3799 = LINE('',#3800,#3801);
#3800 = CARTESIAN_POINT('',(-0.5,-0.37,3.E-02));
#3801 = VECTOR('',#3802,1.);
#3802 = DIRECTION('',(0.,1.,0.));
#3803 = PLANE('',#3804);
#3804 = AXIS2_PLACEMENT_3D('',#3805,#3806,#3807);
#3805 = CARTESIAN_POINT('',(-0.5,-0.4,0.));
#3806 = DIRECTION('',(1.,0.,0.));
#3807 = DIRECTION('',(0.,0.,1.));
#3808 = ADVANCED_FACE('',(#3809),#3835,.T.);
#3809 = FACE_BOUND('',#3810,.T.);
#3810 = EDGE_LOOP('',(#3811,#3812,#3820,#3829));
#3811 = ORIENTED_EDGE('',*,*,#3736,.T.);
#3812 = ORIENTED_EDGE('',*,*,#3813,.T.);
#3813 = EDGE_CURVE('',#3739,#3814,#3816,.T.);
#3814 = VERTEX_POINT('',#3815);
#3815 = CARTESIAN_POINT('',(0.5,-0.34,3.E-02));
#3816 = LINE('',#3817,#3818);
#3817 = CARTESIAN_POINT('',(-0.5,-0.34,3.E-02));
#3818 = VECTOR('',#3819,1.);
#3819 = DIRECTION('',(1.,0.,0.));
#3820 = ORIENTED_EDGE('',*,*,#3821,.F.);
#3821 = EDGE_CURVE('',#3822,#3814,#3824,.T.);
#3822 = VERTEX_POINT('',#3823);
#3823 = CARTESIAN_POINT('',(0.5,-0.37,6.E-02));
#3824 = CIRCLE('',#3825,3.E-02);
#3825 = AXIS2_PLACEMENT_3D('',#3826,#3827,#3828);
#3826 = CARTESIAN_POINT('',(0.5,-0.34,6.E-02));
#3827 = DIRECTION('',(1.,0.,-0.));
#3828 = DIRECTION('',(0.,0.,1.));
#3829 = ORIENTED_EDGE('',*,*,#3830,.F.);
#3830 = EDGE_CURVE('',#3737,#3822,#3831,.T.);
#3831 = LINE('',#3832,#3833);
#3832 = CARTESIAN_POINT('',(-0.5,-0.37,6.E-02));
#3833 = VECTOR('',#3834,1.);
#3834 = DIRECTION('',(1.,0.,0.));
#3835 = CYLINDRICAL_SURFACE('',#3836,3.E-02);
#3836 = AXIS2_PLACEMENT_3D('',#3837,#3838,#3839);
#3837 = CARTESIAN_POINT('',(-0.5,-0.34,6.E-02));
#3838 = DIRECTION('',(1.,0.,0.));
#3839 = DIRECTION('',(0.,-1.,0.));
#3840 = ADVANCED_FACE('',(#3841),#3859,.F.);
#3841 = FACE_BOUND('',#3842,.F.);
#3842 = EDGE_LOOP('',(#3843,#3844,#3845,#3853));
#3843 = ORIENTED_EDGE('',*,*,#3798,.F.);
#3844 = ORIENTED_EDGE('',*,*,#3813,.T.);
#3845 = ORIENTED_EDGE('',*,*,#3846,.T.);
#3846 = EDGE_CURVE('',#3814,#3847,#3849,.T.);
#3847 = VERTEX_POINT('',#3848);
#3848 = CARTESIAN_POINT('',(0.5,0.34,3.E-02));
#3849 = LINE('',#3850,#3851);
#3850 = CARTESIAN_POINT('',(0.5,-0.37,3.E-02));
#3851 = VECTOR('',#3852,1.);
#3852 = DIRECTION('',(0.,1.,0.));
#3853 = ORIENTED_EDGE('',*,*,#3854,.F.);
#3854 = EDGE_CURVE('',#3790,#3847,#3855,.T.);
#3855 = LINE('',#3856,#3857);
#3856 = CARTESIAN_POINT('',(-0.5,0.34,3.E-02));
#3857 = VECTOR('',#3858,1.);
#3858 = DIRECTION('',(1.,0.,0.));
#3859 = PLANE('',#3860);
#3860 = AXIS2_PLACEMENT_3D('',#3861,#3862,#3863);
#3861 = CARTESIAN_POINT('',(-0.5,-0.37,3.E-02));
#3862 = DIRECTION('',(0.,0.,1.));
#3863 = DIRECTION('',(1.,0.,-0.));
#3864 = ADVANCED_FACE('',(#3865),#3884,.T.);
#3865 = FACE_BOUND('',#3866,.T.);
#3866 = EDGE_LOOP('',(#3867,#3875,#3882,#3883));
#3867 = ORIENTED_EDGE('',*,*,#3868,.T.);
#3868 = EDGE_CURVE('',#3782,#3869,#3871,.T.);
#3869 = VERTEX_POINT('',#3870);
#3870 = CARTESIAN_POINT('',(0.5,0.37,6.E-02));
#3871 = LINE('',#3872,#3873);
#3872 = CARTESIAN_POINT('',(-0.5,0.37,6.E-02));
#3873 = VECTOR('',#3874,1.);
#3874 = DIRECTION('',(1.,0.,0.));
#3875 = ORIENTED_EDGE('',*,*,#3876,.T.);
#3876 = EDGE_CURVE('',#3869,#3847,#3877,.T.);
#3877 = CIRCLE('',#3878,3.E-02);
#3878 = AXIS2_PLACEMENT_3D('',#3879,#3880,#3881);
#3879 = CARTESIAN_POINT('',(0.5,0.34,6.E-02));
#3880 = DIRECTION('',(-1.,0.,0.));
#3881 = DIRECTION('',(0.,0.,1.));
#3882 = ORIENTED_EDGE('',*,*,#3854,.F.);
#3883 = ORIENTED_EDGE('',*,*,#3789,.F.);
#3884 = CYLINDRICAL_SURFACE('',#3885,3.E-02);
#3885 = AXIS2_PLACEMENT_3D('',#3886,#3887,#3888);
#3886 = CARTESIAN_POINT('',(-0.5,0.34,6.E-02));
#3887 = DIRECTION('',(1.,0.,0.));
#3888 = DIRECTION('',(-0.,1.,0.));
#3889 = ADVANCED_FACE('',(#3890),#3908,.T.);
#3890 = FACE_BOUND('',#3891,.T.);
#3891 = EDGE_LOOP('',(#3892,#3900,#3901,#3902));
#3892 = ORIENTED_EDGE('',*,*,#3893,.F.);
#3893 = EDGE_CURVE('',#3869,#3894,#3896,.T.);
#3894 = VERTEX_POINT('',#3895);
#3895 = CARTESIAN_POINT('',(0.5,0.37,0.74));
#3896 = LINE('',#3897,#3898);
#3897 = CARTESIAN_POINT('',(0.5,0.37,3.E-02));
#3898 = VECTOR('',#3899,1.);
#3899 = DIRECTION('',(0.,0.,1.));
#3900 = ORIENTED_EDGE('',*,*,#3868,.F.);
#3901 = ORIENTED_EDGE('',*,*,#3781,.T.);
#3902 = ORIENTED_EDGE('',*,*,#3903,.T.);
#3903 = EDGE_CURVE('',#3773,#3894,#3904,.T.);
#3904 = LINE('',#3905,#3906);
#3905 = CARTESIAN_POINT('',(-0.5,0.37,0.74));
#3906 = VECTOR('',#3907,1.);
#3907 = DIRECTION('',(1.,0.,0.));
#3908 = PLANE('',#3909);
#3909 = AXIS2_PLACEMENT_3D('',#3910,#3911,#3912);
#3910 = CARTESIAN_POINT('',(-0.5,0.37,3.E-02));
#3911 = DIRECTION('',(0.,1.,0.));
#3912 = DIRECTION('',(0.,-0.,1.));
#3913 = ADVANCED_FACE('',(#3914),#3933,.T.);
#3914 = FACE_BOUND('',#3915,.T.);
#3915 = EDGE_LOOP('',(#3916,#3917,#3925,#3932));
#3916 = ORIENTED_EDGE('',*,*,#3772,.T.);
#3917 = ORIENTED_EDGE('',*,*,#3918,.T.);
#3918 = EDGE_CURVE('',#3765,#3919,#3921,.T.);
#3919 = VERTEX_POINT('',#3920);
#3920 = CARTESIAN_POINT('',(0.5,0.34,0.77));
#3921 = LINE('',#3922,#3923);
#3922 = CARTESIAN_POINT('',(-0.5,0.34,0.77));
#3923 = VECTOR('',#3924,1.);
#3924 = DIRECTION('',(1.,0.,0.));
#3925 = ORIENTED_EDGE('',*,*,#3926,.F.);
#3926 = EDGE_CURVE('',#3894,#3919,#3927,.T.);
#3927 = CIRCLE('',#3928,3.E-02);
#3928 = AXIS2_PLACEMENT_3D('',#3929,#3930,#3931);
#3929 = CARTESIAN_POINT('',(0.5,0.34,0.74));
#3930 = DIRECTION('',(1.,0.,-0.));
#3931 = DIRECTION('',(0.,0.,1.));
#3932 = ORIENTED_EDGE('',*,*,#3903,.F.);
#3933 = CYLINDRICAL_SURFACE('',#3934,3.E-02);
#3934 = AXIS2_PLACEMENT_3D('',#3935,#3936,#3937);
#3935 = CARTESIAN_POINT('',(-0.5,0.34,0.74));
#3936 = DIRECTION('',(1.,0.,0.));
#3937 = DIRECTION('',(-0.,1.,0.));
#3938 = ADVANCED_FACE('',(#3939),#3957,.T.);
#3939 = FACE_BOUND('',#3940,.T.);
#3940 = EDGE_LOOP('',(#3941,#3942,#3950,#3956));
#3941 = ORIENTED_EDGE('',*,*,#3764,.F.);
#3942 = ORIENTED_EDGE('',*,*,#3943,.T.);
#3943 = EDGE_CURVE('',#3756,#3944,#3946,.T.);
#3944 = VERTEX_POINT('',#3945);
#3945 = CARTESIAN_POINT('',(0.5,-0.34,0.77));
#3946 = LINE('',#3947,#3948);
#3947 = CARTESIAN_POINT('',(-0.5,-0.34,0.77));
#3948 = VECTOR('',#3949,1.);
#3949 = DIRECTION('',(1.,0.,0.));
#3950 = ORIENTED_EDGE('',*,*,#3951,.T.);
#3951 = EDGE_CURVE('',#3944,#3919,#3952,.T.);
#3952 = LINE('',#3953,#3954);
#3953 = CARTESIAN_POINT('',(0.5,-0.37,0.77));
#3954 = VECTOR('',#3955,1.);
#3955 = DIRECTION('',(0.,1.,0.));
#3956 = ORIENTED_EDGE('',*,*,#3918,.F.);
#3957 = PLANE('',#3958);
#3958 = AXIS2_PLACEMENT_3D('',#3959,#3960,#3961);
#3959 = CARTESIAN_POINT('',(-0.5,-0.37,0.77));
#3960 = DIRECTION('',(0.,0.,1.));
#3961 = DIRECTION('',(1.,0.,-0.));
#3962 = ADVANCED_FACE('',(#3963),#3982,.T.);
#3963 = FACE_BOUND('',#3964,.T.);
#3964 = EDGE_LOOP('',(#3965,#3973,#3980,#3981));
#3965 = ORIENTED_EDGE('',*,*,#3966,.T.);
#3966 = EDGE_CURVE('',#3748,#3967,#3969,.T.);
#3967 = VERTEX_POINT('',#3968);
#3968 = CARTESIAN_POINT('',(0.5,-0.37,0.74));
#3969 = LINE('',#3970,#3971);
#3970 = CARTESIAN_POINT('',(-0.5,-0.37,0.74));
#3971 = VECTOR('',#3972,1.);
#3972 = DIRECTION('',(1.,0.,0.));
#3973 = ORIENTED_EDGE('',*,*,#3974,.T.);
#3974 = EDGE_CURVE('',#3967,#3944,#3975,.T.);
#3975 = CIRCLE('',#3976,3.E-02);
#3976 = AXIS2_PLACEMENT_3D('',#3977,#3978,#3979);
#3977 = CARTESIAN_POINT('',(0.5,-0.34,0.74));
#3978 = DIRECTION('',(-1.,0.,0.));
#3979 = DIRECTION('',(0.,0.,1.));
#3980 = ORIENTED_EDGE('',*,*,#3943,.F.);
#3981 = ORIENTED_EDGE('',*,*,#3755,.F.);
#3982 = CYLINDRICAL_SURFACE('',#3983,3.E-02);
#3983 = AXIS2_PLACEMENT_3D('',#3984,#3985,#3986);
#3984 = CARTESIAN_POINT('',(-0.5,-0.34,0.74));
#3985 = DIRECTION('',(1.,0.,0.));
#3986 = DIRECTION('',(0.,-1.,0.));
#3987 = ADVANCED_FACE('',(#3988),#3999,.F.);
#3988 = FACE_BOUND('',#3989,.F.);
#3989 = EDGE_LOOP('',(#3990,#3996,#3997,#3998));
#3990 = ORIENTED_EDGE('',*,*,#3991,.F.);
#3991 = EDGE_CURVE('',#3822,#3967,#3992,.T.);
#3992 = LINE('',#3993,#3994);
#3993 = CARTESIAN_POINT('',(0.5,-0.37,3.E-02));
#3994 = VECTOR('',#3995,1.);
#3995 = DIRECTION('',(0.,0.,1.));
#3996 = ORIENTED_EDGE('',*,*,#3830,.F.);
#3997 = ORIENTED_EDGE('',*,*,#3747,.T.);
#3998 = ORIENTED_EDGE('',*,*,#3966,.T.);
#3999 = PLANE('',#4000);
#4000 = AXIS2_PLACEMENT_3D('',#4001,#4002,#4003);
#4001 = CARTESIAN_POINT('',(-0.5,-0.37,3.E-02));
#4002 = DIRECTION('',(0.,1.,0.));
#4003 = DIRECTION('',(0.,-0.,1.));
#4004 = ADVANCED_FACE('',(#4005,#4075),#4085,.F.);
#4005 = FACE_BOUND('',#4006,.F.);
#4006 = EDGE_LOOP('',(#4007,#4017,#4026,#4034,#4043,#4051,#4060,#4068));
#4007 = ORIENTED_EDGE('',*,*,#4008,.F.);
#4008 = EDGE_CURVE('',#4009,#4011,#4013,.T.);
#4009 = VERTEX_POINT('',#4010);
#4010 = CARTESIAN_POINT('',(0.5,-0.4,3.E-02));
#4011 = VERTEX_POINT('',#4012);
#4012 = CARTESIAN_POINT('',(0.5,-0.4,0.77));
#4013 = LINE('',#4014,#4015);
#4014 = CARTESIAN_POINT('',(0.5,-0.4,0.));
#4015 = VECTOR('',#4016,1.);
#4016 = DIRECTION('',(0.,0.,1.));
#4017 = ORIENTED_EDGE('',*,*,#4018,.T.);
#4018 = EDGE_CURVE('',#4009,#4019,#4021,.T.);
#4019 = VERTEX_POINT('',#4020);
#4020 = CARTESIAN_POINT('',(0.5,-0.37,0.));
#4021 = CIRCLE('',#4022,3.E-02);
#4022 = AXIS2_PLACEMENT_3D('',#4023,#4024,#4025);
#4023 = CARTESIAN_POINT('',(0.5,-0.37,3.E-02));
#4024 = DIRECTION('',(1.,0.,-0.));
#4025 = DIRECTION('',(0.,0.,1.));
#4026 = ORIENTED_EDGE('',*,*,#4027,.T.);
#4027 = EDGE_CURVE('',#4019,#4028,#4030,.T.);
#4028 = VERTEX_POINT('',#4029);
#4029 = CARTESIAN_POINT('',(0.5,0.37,0.));
#4030 = LINE('',#4031,#4032);
#4031 = CARTESIAN_POINT('',(0.5,-0.4,0.));
#4032 = VECTOR('',#4033,1.);
#4033 = DIRECTION('',(0.,1.,0.));
#4034 = ORIENTED_EDGE('',*,*,#4035,.F.);
#4035 = EDGE_CURVE('',#4036,#4028,#4038,.T.);
#4036 = VERTEX_POINT('',#4037);
#4037 = CARTESIAN_POINT('',(0.5,0.4,3.E-02));
#4038 = CIRCLE('',#4039,3.E-02);
#4039 = AXIS2_PLACEMENT_3D('',#4040,#4041,#4042);
#4040 = CARTESIAN_POINT('',(0.5,0.37,3.E-02));
#4041 = DIRECTION('',(-1.,0.,0.));
#4042 = DIRECTION('',(0.,0.,1.));
#4043 = ORIENTED_EDGE('',*,*,#4044,.T.);
#4044 = EDGE_CURVE('',#4036,#4045,#4047,.T.);
#4045 = VERTEX_POINT('',#4046);
#4046 = CARTESIAN_POINT('',(0.5,0.4,0.77));
#4047 = LINE('',#4048,#4049);
#4048 = CARTESIAN_POINT('',(0.5,0.4,0.));
#4049 = VECTOR('',#4050,1.);
#4050 = DIRECTION('',(0.,0.,1.));
#4051 = ORIENTED_EDGE('',*,*,#4052,.T.);
#4052 = EDGE_CURVE('',#4045,#4053,#4055,.T.);
#4053 = VERTEX_POINT('',#4054);
#4054 = CARTESIAN_POINT('',(0.5,0.37,0.8));
#4055 = CIRCLE('',#4056,3.E-02);
#4056 = AXIS2_PLACEMENT_3D('',#4057,#4058,#4059);
#4057 = CARTESIAN_POINT('',(0.5,0.37,0.77));
#4058 = DIRECTION('',(1.,0.,-0.));
#4059 = DIRECTION('',(0.,0.,1.));
#4060 = ORIENTED_EDGE('',*,*,#4061,.F.);
#4061 = EDGE_CURVE('',#4062,#4053,#4064,.T.);
#4062 = VERTEX_POINT('',#4063);
#4063 = CARTESIAN_POINT('',(0.5,-0.37,0.8));
#4064 = LINE('',#4065,#4066);
#4065 = CARTESIAN_POINT('',(0.5,-0.4,0.8));
#4066 = VECTOR('',#4067,1.);
#4067 = DIRECTION('',(0.,1.,0.));
#4068 = ORIENTED_EDGE('',*,*,#4069,.F.);
#4069 = EDGE_CURVE('',#4011,#4062,#4070,.T.);
#4070 = CIRCLE('',#4071,3.E-02);
#4071 = AXIS2_PLACEMENT_3D('',#4072,#4073,#4074);
#4072 = CARTESIAN_POINT('',(0.5,-0.37,0.77));
#4073 = DIRECTION('',(-1.,0.,0.));
#4074 = DIRECTION('',(0.,0.,1.));
#4075 = FACE_BOUND('',#4076,.F.);
#4076 = EDGE_LOOP('',(#4077,#4078,#4079,#4080,#4081,#4082,#4083,#4084));
#4077 = ORIENTED_EDGE('',*,*,#3821,.F.);
#4078 = ORIENTED_EDGE('',*,*,#3991,.T.);
#4079 = ORIENTED_EDGE('',*,*,#3974,.T.);
#4080 = ORIENTED_EDGE('',*,*,#3951,.T.);
#4081 = ORIENTED_EDGE('',*,*,#3926,.F.);
#4082 = ORIENTED_EDGE('',*,*,#3893,.F.);
#4083 = ORIENTED_EDGE('',*,*,#3876,.T.);
#4084 = ORIENTED_EDGE('',*,*,#3846,.F.);
#4085 = PLANE('',#4086);
#4086 = AXIS2_PLACEMENT_3D('',#4087,#4088,#4089);
#4087 = CARTESIAN_POINT('',(0.5,-0.4,0.));
#4088 = DIRECTION('',(1.,0.,0.));
#4089 = DIRECTION('',(0.,0.,1.));
#4090 = ADVANCED_FACE('',(#4091),#4116,.F.);
#4091 = FACE_BOUND('',#4092,.F.);
#4092 = EDGE_LOOP('',(#4093,#4103,#4109,#4110));
#4093 = ORIENTED_EDGE('',*,*,#4094,.F.);
#4094 = EDGE_CURVE('',#4095,#4097,#4099,.T.);
#4095 = VERTEX_POINT('',#4096);
#4096 = CARTESIAN_POINT('',(0.8,-0.4,3.E-02));
#4097 = VERTEX_POINT('',#4098);
#4098 = CARTESIAN_POINT('',(0.8,-0.4,0.77));
#4099 = LINE('',#4100,#4101);
#4100 = CARTESIAN_POINT('',(0.8,-0.4,0.));
#4101 = VECTOR('',#4102,1.);
#4102 = DIRECTION('',(0.,0.,1.));
#4103 = ORIENTED_EDGE('',*,*,#4104,.F.);
#4104 = EDGE_CURVE('',#4009,#4095,#4105,.T.);
#4105 = LINE('',#4106,#4107);
#4106 = CARTESIAN_POINT('',(0.5,-0.4,3.E-02));
#4107 = VECTOR('',#4108,1.);
#4108 = DIRECTION('',(1.,0.,0.));
#4109 = ORIENTED_EDGE('',*,*,#4008,.T.);
#4110 = ORIENTED_EDGE('',*,*,#4111,.T.);
#4111 = EDGE_CURVE('',#4011,#4097,#4112,.T.);
#4112 = LINE('',#4113,#4114);
#4113 = CARTESIAN_POINT('',(0.5,-0.4,0.77));
#4114 = VECTOR('',#4115,1.);
#4115 = DIRECTION('',(1.,0.,0.));
#4116 = PLANE('',#4117);
#4117 = AXIS2_PLACEMENT_3D('',#4118,#4119,#4120);
#4118 = CARTESIAN_POINT('',(0.5,-0.4,0.));
#4119 = DIRECTION('',(0.,1.,0.));
#4120 = DIRECTION('',(0.,-0.,1.));
#4121 = ADVANCED_FACE('',(#4122),#4141,.T.);
#4122 = FACE_BOUND('',#4123,.T.);
#4123 = EDGE_LOOP('',(#4124,#4125,#4133,#4140));
#4124 = ORIENTED_EDGE('',*,*,#4018,.T.);
#4125 = ORIENTED_EDGE('',*,*,#4126,.T.);
#4126 = EDGE_CURVE('',#4019,#4127,#4129,.T.);
#4127 = VERTEX_POINT('',#4128);
#4128 = CARTESIAN_POINT('',(0.8,-0.37,0.));
#4129 = LINE('',#4130,#4131);
#4130 = CARTESIAN_POINT('',(0.5,-0.37,0.));
#4131 = VECTOR('',#4132,1.);
#4132 = DIRECTION('',(1.,0.,0.));
#4133 = ORIENTED_EDGE('',*,*,#4134,.F.);
#4134 = EDGE_CURVE('',#4095,#4127,#4135,.T.);
#4135 = CIRCLE('',#4136,3.E-02);
#4136 = AXIS2_PLACEMENT_3D('',#4137,#4138,#4139);
#4137 = CARTESIAN_POINT('',(0.8,-0.37,3.E-02));
#4138 = DIRECTION('',(1.,0.,-0.));
#4139 = DIRECTION('',(0.,0.,1.));
#4140 = ORIENTED_EDGE('',*,*,#4104,.F.);
#4141 = CYLINDRICAL_SURFACE('',#4142,3.E-02);
#4142 = AXIS2_PLACEMENT_3D('',#4143,#4144,#4145);
#4143 = CARTESIAN_POINT('',(0.5,-0.37,3.E-02));
#4144 = DIRECTION('',(1.,0.,0.));
#4145 = DIRECTION('',(0.,-1.,0.));
#4146 = ADVANCED_FACE('',(#4147),#4166,.T.);
#4147 = FACE_BOUND('',#4148,.T.);
#4148 = EDGE_LOOP('',(#4149,#4150,#4159,#4165));
#4149 = ORIENTED_EDGE('',*,*,#4111,.T.);
#4150 = ORIENTED_EDGE('',*,*,#4151,.T.);
#4151 = EDGE_CURVE('',#4097,#4152,#4154,.T.);
#4152 = VERTEX_POINT('',#4153);
#4153 = CARTESIAN_POINT('',(0.8,-0.37,0.8));
#4154 = CIRCLE('',#4155,3.E-02);
#4155 = AXIS2_PLACEMENT_3D('',#4156,#4157,#4158);
#4156 = CARTESIAN_POINT('',(0.8,-0.37,0.77));
#4157 = DIRECTION('',(-1.,0.,0.));
#4158 = DIRECTION('',(0.,0.,1.));
#4159 = ORIENTED_EDGE('',*,*,#4160,.F.);
#4160 = EDGE_CURVE('',#4062,#4152,#4161,.T.);
#4161 = LINE('',#4162,#4163);
#4162 = CARTESIAN_POINT('',(0.5,-0.37,0.8));
#4163 = VECTOR('',#4164,1.);
#4164 = DIRECTION('',(1.,0.,0.));
#4165 = ORIENTED_EDGE('',*,*,#4069,.F.);
#4166 = CYLINDRICAL_SURFACE('',#4167,3.E-02);
#4167 = AXIS2_PLACEMENT_3D('',#4168,#4169,#4170);
#4168 = CARTESIAN_POINT('',(0.5,-0.37,0.77));
#4169 = DIRECTION('',(1.,0.,0.));
#4170 = DIRECTION('',(0.,-1.,0.));
#4171 = ADVANCED_FACE('',(#4172),#4190,.F.);
#4172 = FACE_BOUND('',#4173,.F.);
#4173 = EDGE_LOOP('',(#4174,#4175,#4176,#4184));
#4174 = ORIENTED_EDGE('',*,*,#4027,.F.);
#4175 = ORIENTED_EDGE('',*,*,#4126,.T.);
#4176 = ORIENTED_EDGE('',*,*,#4177,.T.);
#4177 = EDGE_CURVE('',#4127,#4178,#4180,.T.);
#4178 = VERTEX_POINT('',#4179);
#4179 = CARTESIAN_POINT('',(0.8,0.37,0.));
#4180 = LINE('',#4181,#4182);
#4181 = CARTESIAN_POINT('',(0.8,-0.4,0.));
#4182 = VECTOR('',#4183,1.);
#4183 = DIRECTION('',(0.,1.,0.));
#4184 = ORIENTED_EDGE('',*,*,#4185,.F.);
#4185 = EDGE_CURVE('',#4028,#4178,#4186,.T.);
#4186 = LINE('',#4187,#4188);
#4187 = CARTESIAN_POINT('',(0.5,0.37,0.));
#4188 = VECTOR('',#4189,1.);
#4189 = DIRECTION('',(1.,0.,0.));
#4190 = PLANE('',#4191);
#4191 = AXIS2_PLACEMENT_3D('',#4192,#4193,#4194);
#4192 = CARTESIAN_POINT('',(0.5,-0.4,0.));
#4193 = DIRECTION('',(0.,0.,1.));
#4194 = DIRECTION('',(1.,0.,-0.));
#4195 = ADVANCED_FACE('',(#4196),#4214,.T.);
#4196 = FACE_BOUND('',#4197,.T.);
#4197 = EDGE_LOOP('',(#4198,#4199,#4200,#4208));
#4198 = ORIENTED_EDGE('',*,*,#4061,.F.);
#4199 = ORIENTED_EDGE('',*,*,#4160,.T.);
#4200 = ORIENTED_EDGE('',*,*,#4201,.T.);
#4201 = EDGE_CURVE('',#4152,#4202,#4204,.T.);
#4202 = VERTEX_POINT('',#4203);
#4203 = CARTESIAN_POINT('',(0.8,0.37,0.8));
#4204 = LINE('',#4205,#4206);
#4205 = CARTESIAN_POINT('',(0.8,-0.4,0.8));
#4206 = VECTOR('',#4207,1.);
#4207 = DIRECTION('',(0.,1.,0.));
#4208 = ORIENTED_EDGE('',*,*,#4209,.F.);
#4209 = EDGE_CURVE('',#4053,#4202,#4210,.T.);
#4210 = LINE('',#4211,#4212);
#4211 = CARTESIAN_POINT('',(0.5,0.37,0.8));
#4212 = VECTOR('',#4213,1.);
#4213 = DIRECTION('',(1.,0.,0.));
#4214 = PLANE('',#4215);
#4215 = AXIS2_PLACEMENT_3D('',#4216,#4217,#4218);
#4216 = CARTESIAN_POINT('',(0.5,-0.4,0.8));
#4217 = DIRECTION('',(0.,0.,1.));
#4218 = DIRECTION('',(1.,0.,-0.));
#4219 = ADVANCED_FACE('',(#4220),#4239,.T.);
#4220 = FACE_BOUND('',#4221,.T.);
#4221 = EDGE_LOOP('',(#4222,#4230,#4237,#4238));
#4222 = ORIENTED_EDGE('',*,*,#4223,.T.);
#4223 = EDGE_CURVE('',#4036,#4224,#4226,.T.);
#4224 = VERTEX_POINT('',#4225);
#4225 = CARTESIAN_POINT('',(0.8,0.4,3.E-02));
#4226 = LINE('',#4227,#4228);
#4227 = CARTESIAN_POINT('',(0.5,0.4,3.E-02));
#4228 = VECTOR('',#4229,1.);
#4229 = DIRECTION('',(1.,0.,0.));
#4230 = ORIENTED_EDGE('',*,*,#4231,.T.);
#4231 = EDGE_CURVE('',#4224,#4178,#4232,.T.);
#4232 = CIRCLE('',#4233,3.E-02);
#4233 = AXIS2_PLACEMENT_3D('',#4234,#4235,#4236);
#4234 = CARTESIAN_POINT('',(0.8,0.37,3.E-02));
#4235 = DIRECTION('',(-1.,0.,0.));
#4236 = DIRECTION('',(0.,0.,1.));
#4237 = ORIENTED_EDGE('',*,*,#4185,.F.);
#4238 = ORIENTED_EDGE('',*,*,#4035,.F.);
#4239 = CYLINDRICAL_SURFACE('',#4240,3.E-02);
#4240 = AXIS2_PLACEMENT_3D('',#4241,#4242,#4243);
#4241 = CARTESIAN_POINT('',(0.5,0.37,3.E-02));
#4242 = DIRECTION('',(1.,0.,0.));
#4243 = DIRECTION('',(-0.,1.,0.));
#4244 = ADVANCED_FACE('',(#4245),#4264,.T.);
#4245 = FACE_BOUND('',#4246,.T.);
#4246 = EDGE_LOOP('',(#4247,#4248,#4249,#4258));
#4247 = ORIENTED_EDGE('',*,*,#4052,.T.);
#4248 = ORIENTED_EDGE('',*,*,#4209,.T.);
#4249 = ORIENTED_EDGE('',*,*,#4250,.F.);
#4250 = EDGE_CURVE('',#4251,#4202,#4253,.T.);
#4251 = VERTEX_POINT('',#4252);
#4252 = CARTESIAN_POINT('',(0.8,0.4,0.77));
#4253 = CIRCLE('',#4254,3.E-02);
#4254 = AXIS2_PLACEMENT_3D('',#4255,#4256,#4257);
#4255 = CARTESIAN_POINT('',(0.8,0.37,0.77));
#4256 = DIRECTION('',(1.,0.,-0.));
#4257 = DIRECTION('',(0.,0.,1.));
#4258 = ORIENTED_EDGE('',*,*,#4259,.F.);
#4259 = EDGE_CURVE('',#4045,#4251,#4260,.T.);
#4260 = LINE('',#4261,#4262);
#4261 = CARTESIAN_POINT('',(0.5,0.4,0.77));
#4262 = VECTOR('',#4263,1.);
#4263 = DIRECTION('',(1.,0.,0.));
#4264 = CYLINDRICAL_SURFACE('',#4265,3.E-02);
#4265 = AXIS2_PLACEMENT_3D('',#4266,#4267,#4268);
#4266 = CARTESIAN_POINT('',(0.5,0.37,0.77));
#4267 = DIRECTION('',(1.,0.,0.));
#4268 = DIRECTION('',(-0.,1.,0.));
#4269 = ADVANCED_FACE('',(#4270),#4281,.T.);
#4270 = FACE_BOUND('',#4271,.T.);
#4271 = EDGE_LOOP('',(#4272,#4278,#4279,#4280));
#4272 = ORIENTED_EDGE('',*,*,#4273,.F.);
#4273 = EDGE_CURVE('',#4224,#4251,#4274,.T.);
#4274 = LINE('',#4275,#4276);
#4275 = CARTESIAN_POINT('',(0.8,0.4,0.));
#4276 = VECTOR('',#4277,1.);
#4277 = DIRECTION('',(0.,0.,1.));
#4278 = ORIENTED_EDGE('',*,*,#4223,.F.);
#4279 = ORIENTED_EDGE('',*,*,#4044,.T.);
#4280 = ORIENTED_EDGE('',*,*,#4259,.T.);
#4281 = PLANE('',#4282);
#4282 = AXIS2_PLACEMENT_3D('',#4283,#4284,#4285);
#4283 = CARTESIAN_POINT('',(0.5,0.4,0.));
#4284 = DIRECTION('',(0.,1.,0.));
#4285 = DIRECTION('',(0.,-0.,1.));
#4286 = ADVANCED_FACE('',(#4287),#4297,.T.);
#4287 = FACE_BOUND('',#4288,.T.);
#4288 = EDGE_LOOP('',(#4289,#4290,#4291,#4292,#4293,#4294,#4295,#4296));
#4289 = ORIENTED_EDGE('',*,*,#4094,.F.);
#4290 = ORIENTED_EDGE('',*,*,#4134,.T.);
#4291 = ORIENTED_EDGE('',*,*,#4177,.T.);
#4292 = ORIENTED_EDGE('',*,*,#4231,.F.);
#4293 = ORIENTED_EDGE('',*,*,#4273,.T.);
#4294 = ORIENTED_EDGE('',*,*,#4250,.T.);
#4295 = ORIENTED_EDGE('',*,*,#4201,.F.);
#4296 = ORIENTED_EDGE('',*,*,#4151,.F.);
#4297 = PLANE('',#4298);
#4298 = AXIS2_PLACEMENT_3D('',#4299,#4300,#4301);
#4299 = CARTESIAN_POINT('',(0.8,-0.4,0.));
#4300 = DIRECTION('',(1.,0.,0.));
#4301 = DIRECTION('',(0.,0.,1.));
#4302 = ( GEOMETRIC_REPRESENTATION_CONTEXT(3) 
GLOBAL_UNCERTAINTY_ASSIGNED_CONTEXT((#4306)) 
GLOBAL_UNIT_ASSIGNED_CONTEXT((#4303,#4304,#4305)) REPRESENTATION_CONTEXT
('Context #1','3D Context with UNIT and UNCERTAINTY') );
#4303 = ( LENGTH_UNIT() NAMED_UNIT(*) SI_UNIT(.MILLI.,.METRE.) );
#4304 = ( NAMED_UNIT(*) PLANE_ANGLE_UNIT() SI_UNIT($,.RADIAN.) );
#4305 = ( NAMED_UNIT(*) SI_UNIT($,.STERADIAN.) SOLID_ANGLE_UNIT() );
#4306 = UNCERTAINTY_MEASURE_WITH_UNIT(LENGTH_MEASURE(1.E-07),#4303,
  'distance_accuracy_value','confusion accuracy');
#4307 = CONTEXT_DEPENDENT_SHAPE_REPRESENTATION(#4308,#4310);
#4308 = ( REPRESENTATION_RELATIONSHIP('','',#3447,#10) 
REPRESENTATION_RELATIONSHIP_WITH_TRANSFORMATION(#4309) 
SHAPE_REPRESENTATION_RELATIONSHIP() );
#4309 = ITEM_DEFINED_TRANSFORMATION('','',#11,#71);
#4310 = PRODUCT_DEFINITION_SHAPE('Placement','Placement of an item',
  #4311);
#4311 = NEXT_ASSEMBLY_USAGE_OCCURRENCE('15','C11','',#5,#3442,$);
#4312 = PRODUCT_RELATED_PRODUCT_CATEGORY('part',$,(#3444));
#4313 = SHAPE_DEFINITION_REPRESENTATION(#4314,#4320);
#4314 = PRODUCT_DEFINITION_SHAPE('','',#4315);
#4315 = PRODUCT_DEFINITION('design','',#4316,#4319);
#4316 = PRODUCT_DEFINITION_FORMATION('','',#4317);
#4317 = PRODUCT('SOT-23-5','SOT-23-5','',(#4318));
#4318 = PRODUCT_CONTEXT('',#2,'mechanical');
#4319 = PRODUCT_DEFINITION_CONTEXT('part definition',#2,'design');
#4320 = ADVANCED_BREP_SHAPE_REPRESENTATION('',(#11,#4321),#7390);
#4321 = MANIFOLD_SOLID_BREP('',#4322);
#4322 = CLOSED_SHELL('',(#4323,#4361,#4424,#4447,#4476,#4499,#4570,#4625
    ,#4648,#4671,#4688,#4711,#4799,#4815,#4845,#4876,#4907,#4938,#4969,
    #5000,#5017,#5034,#5065,#5096,#5127,#5157,#5180,#5203,#5220,#5265,
    #5335,#5358,#5381,#5404,#5459,#5497,#5546,#5638,#5663,#5747,#5769,
    #5861,#5886,#5970,#5987,#6072,#6097,#6174,#6259,#6284,#6361,#6378,
    #6470,#6495,#6579,#6596,#6615,#6634,#6680,#6696,#6715,#6731,#6748,
    #6760,#6777,#6794,#6811,#6828,#6845,#6862,#6879,#6891,#6908,#6925,
    #6942,#6959,#6976,#6993,#7010,#7022,#7039,#7056,#7073,#7090,#7107,
    #7124,#7136,#7153,#7170,#7187,#7204,#7221,#7238,#7250,#7267,#7284,
    #7301,#7318,#7335,#7352,#7369,#7381));
#4323 = ADVANCED_FACE('',(#4324),#4356,.F.);
#4324 = FACE_BOUND('',#4325,.F.);
#4325 = EDGE_LOOP('',(#4326,#4336,#4343,#4351));
#4326 = ORIENTED_EDGE('',*,*,#4327,.T.);
#4327 = EDGE_CURVE('',#4328,#4330,#4332,.T.);
#4328 = VERTEX_POINT('',#4329);
#4329 = CARTESIAN_POINT('',(-0.659324228722,1.358648457443,0.1));
#4330 = VERTEX_POINT('',#4331);
#4331 = CARTESIAN_POINT('',(0.659324228722,1.358648457443,0.1));
#4332 = LINE('',#4333,#4334);
#4333 = CARTESIAN_POINT('',(-0.659324228722,1.358648457443,0.1));
#4334 = VECTOR('',#4335,1.);
#4335 = DIRECTION('',(1.,1.110223024625E-16,0.));
#4336 = ORIENTED_EDGE('',*,*,#4337,.T.);
#4337 = EDGE_CURVE('',#4330,#4338,#4340,.T.);
#4338 = VERTEX_POINT('',#4339);
#4339 = CARTESIAN_POINT('',(0.705,1.45,0.75));
#4340 = B_SPLINE_CURVE_WITH_KNOTS('',1,(#4341,#4342),.UNSPECIFIED.,.F.,
  .F.,(2,2),(0.,1.),.PIECEWISE_BEZIER_KNOTS.);
#4341 = CARTESIAN_POINT('',(0.659324228722,1.358648457443,0.1));
#4342 = CARTESIAN_POINT('',(0.705,1.45,0.75));
#4343 = ORIENTED_EDGE('',*,*,#4344,.F.);
#4344 = EDGE_CURVE('',#4345,#4338,#4347,.T.);
#4345 = VERTEX_POINT('',#4346);
#4346 = CARTESIAN_POINT('',(-0.705,1.45,0.75));
#4347 = LINE('',#4348,#4349);
#4348 = CARTESIAN_POINT('',(-0.705,1.45,0.75));
#4349 = VECTOR('',#4350,1.);
#4350 = DIRECTION('',(1.,1.110223024625E-16,0.));
#4351 = ORIENTED_EDGE('',*,*,#4352,.F.);
#4352 = EDGE_CURVE('',#4328,#4345,#4353,.T.);
#4353 = B_SPLINE_CURVE_WITH_KNOTS('',1,(#4354,#4355),.UNSPECIFIED.,.F.,
  .F.,(2,2),(0.,1.),.PIECEWISE_BEZIER_KNOTS.);
#4354 = CARTESIAN_POINT('',(-0.659324228722,1.358648457443,0.1));
#4355 = CARTESIAN_POINT('',(-0.705,1.45,0.75));
#4356 = B_SPLINE_SURFACE_WITH_KNOTS('',1,1,(
    (#4357,#4358)
    ,(#4359,#4360
    )),.UNSPECIFIED.,.F.,.F.,.F.,(2,2),(2,2),(0.,1.41),(0.,1.),
  .PIECEWISE_BEZIER_KNOTS.);
#4357 = CARTESIAN_POINT('',(-0.659324228722,1.358648457443,0.1));
#4358 = CARTESIAN_POINT('',(-0.705,1.45,0.75));
#4359 = CARTESIAN_POINT('',(0.659324228722,1.358648457443,0.1));
#4360 = CARTESIAN_POINT('',(0.705,1.45,0.75));
#4361 = ADVANCED_FACE('',(#4362),#4419,.F.);
#4362 = FACE_BOUND('',#4363,.T.);
#4363 = EDGE_LOOP('',(#4364,#4365,#4373,#4381,#4389,#4397,#4405,#4413));
#4364 = ORIENTED_EDGE('',*,*,#4327,.T.);
#4365 = ORIENTED_EDGE('',*,*,#4366,.T.);
#4366 = EDGE_CURVE('',#4330,#4367,#4369,.T.);
#4367 = VERTEX_POINT('',#4368);
#4368 = CARTESIAN_POINT('',(0.708648457443,1.309324228722,0.1));
#4369 = LINE('',#4370,#4371);
#4370 = CARTESIAN_POINT('',(0.659324228722,1.358648457443,0.1));
#4371 = VECTOR('',#4372,1.);
#4372 = DIRECTION('',(0.707106781187,-0.707106781187,0.));
#4373 = ORIENTED_EDGE('',*,*,#4374,.T.);
#4374 = EDGE_CURVE('',#4367,#4375,#4377,.T.);
#4375 = VERTEX_POINT('',#4376);
#4376 = CARTESIAN_POINT('',(0.708648457443,-1.309324228722,0.1));
#4377 = LINE('',#4378,#4379);
#4378 = CARTESIAN_POINT('',(0.708648457443,1.309324228722,0.1));
#4379 = VECTOR('',#4380,1.);
#4380 = DIRECTION('',(1.110223024625E-16,-1.,0.));
#4381 = ORIENTED_EDGE('',*,*,#4382,.T.);
#4382 = EDGE_CURVE('',#4375,#4383,#4385,.T.);
#4383 = VERTEX_POINT('',#4384);
#4384 = CARTESIAN_POINT('',(0.659324228722,-1.358648457443,0.1));
#4385 = LINE('',#4386,#4387);
#4386 = CARTESIAN_POINT('',(0.708648457443,-1.309324228722,0.1));
#4387 = VECTOR('',#4388,1.);
#4388 = DIRECTION('',(-0.707106781187,-0.707106781187,0.));
#4389 = ORIENTED_EDGE('',*,*,#4390,.T.);
#4390 = EDGE_CURVE('',#4383,#4391,#4393,.T.);
#4391 = VERTEX_POINT('',#4392);
#4392 = CARTESIAN_POINT('',(-0.659324228722,-1.358648457443,0.1));
#4393 = LINE('',#4394,#4395);
#4394 = CARTESIAN_POINT('',(0.659324228722,-1.358648457443,0.1));
#4395 = VECTOR('',#4396,1.);
#4396 = DIRECTION('',(-1.,-1.110223024625E-16,0.));
#4397 = ORIENTED_EDGE('',*,*,#4398,.T.);
#4398 = EDGE_CURVE('',#4391,#4399,#4401,.T.);
#4399 = VERTEX_POINT('',#4400);
#4400 = CARTESIAN_POINT('',(-0.708648457443,-1.309324228722,0.1));
#4401 = LINE('',#4402,#4403);
#4402 = CARTESIAN_POINT('',(-0.659324228722,-1.358648457443,0.1));
#4403 = VECTOR('',#4404,1.);
#4404 = DIRECTION('',(-0.707106781187,0.707106781187,0.));
#4405 = ORIENTED_EDGE('',*,*,#4406,.T.);
#4406 = EDGE_CURVE('',#4399,#4407,#4409,.T.);
#4407 = VERTEX_POINT('',#4408);
#4408 = CARTESIAN_POINT('',(-0.708648457443,1.309324228722,0.1));
#4409 = LINE('',#4410,#4411);
#4410 = CARTESIAN_POINT('',(-0.708648457443,-1.309324228722,0.1));
#4411 = VECTOR('',#4412,1.);
#4412 = DIRECTION('',(-1.110223024625E-16,1.,0.));
#4413 = ORIENTED_EDGE('',*,*,#4414,.T.);
#4414 = EDGE_CURVE('',#4407,#4328,#4415,.T.);
#4415 = LINE('',#4416,#4417);
#4416 = CARTESIAN_POINT('',(-0.708648457443,1.309324228722,0.1));
#4417 = VECTOR('',#4418,1.);
#4418 = DIRECTION('',(0.707106781187,0.707106781187,0.));
#4419 = PLANE('',#4420);
#4420 = AXIS2_PLACEMENT_3D('',#4421,#4422,#4423);
#4421 = CARTESIAN_POINT('',(-0.659324228722,1.358648457443,0.1));
#4422 = DIRECTION('',(0.,0.,1.));
#4423 = DIRECTION('',(0.436587433964,-0.899661832304,0.));
#4424 = ADVANCED_FACE('',(#4425),#4442,.F.);
#4425 = FACE_BOUND('',#4426,.F.);
#4426 = EDGE_LOOP('',(#4427,#4428,#4435,#4441));
#4427 = ORIENTED_EDGE('',*,*,#4366,.T.);
#4428 = ORIENTED_EDGE('',*,*,#4429,.T.);
#4429 = EDGE_CURVE('',#4367,#4430,#4432,.T.);
#4430 = VERTEX_POINT('',#4431);
#4431 = CARTESIAN_POINT('',(0.8,1.355,0.75));
#4432 = B_SPLINE_CURVE_WITH_KNOTS('',1,(#4433,#4434),.UNSPECIFIED.,.F.,
  .F.,(2,2),(0.,1.),.PIECEWISE_BEZIER_KNOTS.);
#4433 = CARTESIAN_POINT('',(0.708648457443,1.309324228722,0.1));
#4434 = CARTESIAN_POINT('',(0.8,1.355,0.75));
#4435 = ORIENTED_EDGE('',*,*,#4436,.F.);
#4436 = EDGE_CURVE('',#4338,#4430,#4437,.T.);
#4437 = LINE('',#4438,#4439);
#4438 = CARTESIAN_POINT('',(0.705,1.45,0.75));
#4439 = VECTOR('',#4440,1.);
#4440 = DIRECTION('',(0.707106781187,-0.707106781187,0.));
#4441 = ORIENTED_EDGE('',*,*,#4337,.F.);
#4442 = B_SPLINE_SURFACE_WITH_KNOTS('',1,1,(
    (#4443,#4444)
    ,(#4445,#4446
    )),.UNSPECIFIED.,.F.,.F.,.F.,(2,2),(2,2),(0.,0.134350288425),(0.,1.)
  ,.PIECEWISE_BEZIER_KNOTS.);
#4443 = CARTESIAN_POINT('',(0.659324228722,1.358648457443,0.1));
#4444 = CARTESIAN_POINT('',(0.705,1.45,0.75));
#4445 = CARTESIAN_POINT('',(0.708648457443,1.309324228722,0.1));
#4446 = CARTESIAN_POINT('',(0.8,1.355,0.75));
#4447 = ADVANCED_FACE('',(#4448),#4471,.F.);
#4448 = FACE_BOUND('',#4449,.F.);
#4449 = EDGE_LOOP('',(#4450,#4451,#4458,#4466));
#4450 = ORIENTED_EDGE('',*,*,#4344,.T.);
#4451 = ORIENTED_EDGE('',*,*,#4452,.T.);
#4452 = EDGE_CURVE('',#4338,#4453,#4455,.T.);
#4453 = VERTEX_POINT('',#4454);
#4454 = CARTESIAN_POINT('',(0.705,1.45,0.9));
#4455 = B_SPLINE_CURVE_WITH_KNOTS('',1,(#4456,#4457),.UNSPECIFIED.,.F.,
  .F.,(2,2),(0.,1.),.PIECEWISE_BEZIER_KNOTS.);
#4456 = CARTESIAN_POINT('',(0.705,1.45,0.75));
#4457 = CARTESIAN_POINT('',(0.705,1.45,0.9));
#4458 = ORIENTED_EDGE('',*,*,#4459,.F.);
#4459 = EDGE_CURVE('',#4460,#4453,#4462,.T.);
#4460 = VERTEX_POINT('',#4461);
#4461 = CARTESIAN_POINT('',(-0.705,1.45,0.9));
#4462 = LINE('',#4463,#4464);
#4463 = CARTESIAN_POINT('',(-0.705,1.45,0.9));
#4464 = VECTOR('',#4465,1.);
#4465 = DIRECTION('',(1.,1.110223024625E-16,0.));
#4466 = ORIENTED_EDGE('',*,*,#4467,.F.);
#4467 = EDGE_CURVE('',#4345,#4460,#4468,.T.);
#4468 = B_SPLINE_CURVE_WITH_KNOTS('',1,(#4469,#4470),.UNSPECIFIED.,.F.,
  .F.,(2,2),(0.,1.),.PIECEWISE_BEZIER_KNOTS.);
#4469 = CARTESIAN_POINT('',(-0.705,1.45,0.75));
#4470 = CARTESIAN_POINT('',(-0.705,1.45,0.9));
#4471 = PLANE('',#4472);
#4472 = AXIS2_PLACEMENT_3D('',#4473,#4474,#4475);
#4473 = CARTESIAN_POINT('',(-0.705,1.45,0.9));
#4474 = DIRECTION('',(1.110223024625E-16,-1.,0.));
#4475 = DIRECTION('',(1.,1.110223024625E-16,0.));
#4476 = ADVANCED_FACE('',(#4477),#4494,.F.);
#4477 = FACE_BOUND('',#4478,.F.);
#4478 = EDGE_LOOP('',(#4479,#4480,#4481,#4489));
#4479 = ORIENTED_EDGE('',*,*,#4414,.T.);
#4480 = ORIENTED_EDGE('',*,*,#4352,.T.);
#4481 = ORIENTED_EDGE('',*,*,#4482,.F.);
#4482 = EDGE_CURVE('',#4483,#4345,#4485,.T.);
#4483 = VERTEX_POINT('',#4484);
#4484 = CARTESIAN_POINT('',(-0.8,1.355,0.75));
#4485 = LINE('',#4486,#4487);
#4486 = CARTESIAN_POINT('',(-0.8,1.355,0.75));
#4487 = VECTOR('',#4488,1.);
#4488 = DIRECTION('',(0.707106781187,0.707106781187,0.));
#4489 = ORIENTED_EDGE('',*,*,#4490,.F.);
#4490 = EDGE_CURVE('',#4407,#4483,#4491,.T.);
#4491 = B_SPLINE_CURVE_WITH_KNOTS('',1,(#4492,#4493),.UNSPECIFIED.,.F.,
  .F.,(2,2),(0.,1.),.PIECEWISE_BEZIER_KNOTS.);
#4492 = CARTESIAN_POINT('',(-0.708648457443,1.309324228722,0.1));
#4493 = CARTESIAN_POINT('',(-0.8,1.355,0.75));
#4494 = B_SPLINE_SURFACE_WITH_KNOTS('',1,1,(
    (#4495,#4496)
    ,(#4497,#4498
    )),.UNSPECIFIED.,.F.,.F.,.F.,(2,2),(2,2),(0.,0.134350288425),(0.,1.)
  ,.PIECEWISE_BEZIER_KNOTS.);
#4495 = CARTESIAN_POINT('',(-0.708648457443,1.309324228722,0.1));
#4496 = CARTESIAN_POINT('',(-0.8,1.355,0.75));
#4497 = CARTESIAN_POINT('',(-0.659324228722,1.358648457443,0.1));
#4498 = CARTESIAN_POINT('',(-0.705,1.45,0.75));
#4499 = ADVANCED_FACE('',(#4500),#4565,.F.);
#4500 = FACE_BOUND('',#4501,.F.);
#4501 = EDGE_LOOP('',(#4502,#4503,#4504,#4512,#4520,#4528,#4536,#4544,
    #4552,#4560));
#4502 = ORIENTED_EDGE('',*,*,#4406,.T.);
#4503 = ORIENTED_EDGE('',*,*,#4490,.T.);
#4504 = ORIENTED_EDGE('',*,*,#4505,.F.);
#4505 = EDGE_CURVE('',#4506,#4483,#4508,.T.);
#4506 = VERTEX_POINT('',#4507);
#4507 = CARTESIAN_POINT('',(-0.8,1.2,0.75));
#4508 = LINE('',#4509,#4510);
#4509 = CARTESIAN_POINT('',(-0.8,-1.355,0.75));
#4510 = VECTOR('',#4511,1.);
#4511 = DIRECTION('',(-1.110223024625E-16,1.,0.));
#4512 = ORIENTED_EDGE('',*,*,#4513,.F.);
#4513 = EDGE_CURVE('',#4514,#4506,#4516,.T.);
#4514 = VERTEX_POINT('',#4515);
#4515 = CARTESIAN_POINT('',(-0.8,0.7,0.75));
#4516 = LINE('',#4517,#4518);
#4517 = CARTESIAN_POINT('',(-0.8,-1.355,0.75));
#4518 = VECTOR('',#4519,1.);
#4519 = DIRECTION('',(-1.110223024625E-16,1.,0.));
#4520 = ORIENTED_EDGE('',*,*,#4521,.F.);
#4521 = EDGE_CURVE('',#4522,#4514,#4524,.T.);
#4522 = VERTEX_POINT('',#4523);
#4523 = CARTESIAN_POINT('',(-0.8,0.25,0.75));
#4524 = LINE('',#4525,#4526);
#4525 = CARTESIAN_POINT('',(-0.8,-1.355,0.75));
#4526 = VECTOR('',#4527,1.);
#4527 = DIRECTION('',(-1.110223024625E-16,1.,0.));
#4528 = ORIENTED_EDGE('',*,*,#4529,.F.);
#4529 = EDGE_CURVE('',#4530,#4522,#4532,.T.);
#4530 = VERTEX_POINT('',#4531);
#4531 = CARTESIAN_POINT('',(-0.8,-0.25,0.75));
#4532 = LINE('',#4533,#4534);
#4533 = CARTESIAN_POINT('',(-0.8,-1.355,0.75));
#4534 = VECTOR('',#4535,1.);
#4535 = DIRECTION('',(-1.110223024625E-16,1.,0.));
#4536 = ORIENTED_EDGE('',*,*,#4537,.F.);
#4537 = EDGE_CURVE('',#4538,#4530,#4540,.T.);
#4538 = VERTEX_POINT('',#4539);
#4539 = CARTESIAN_POINT('',(-0.8,-0.7,0.75));
#4540 = LINE('',#4541,#4542);
#4541 = CARTESIAN_POINT('',(-0.8,-1.355,0.75));
#4542 = VECTOR('',#4543,1.);
#4543 = DIRECTION('',(-1.110223024625E-16,1.,0.));
#4544 = ORIENTED_EDGE('',*,*,#4545,.F.);
#4545 = EDGE_CURVE('',#4546,#4538,#4548,.T.);
#4546 = VERTEX_POINT('',#4547);
#4547 = CARTESIAN_POINT('',(-0.8,-1.2,0.75));
#4548 = LINE('',#4549,#4550);
#4549 = CARTESIAN_POINT('',(-0.8,-1.355,0.75));
#4550 = VECTOR('',#4551,1.);
#4551 = DIRECTION('',(-1.110223024625E-16,1.,0.));
#4552 = ORIENTED_EDGE('',*,*,#4553,.F.);
#4553 = EDGE_CURVE('',#4554,#4546,#4556,.T.);
#4554 = VERTEX_POINT('',#4555);
#4555 = CARTESIAN_POINT('',(-0.8,-1.355,0.75));
#4556 = LINE('',#4557,#4558);
#4557 = CARTESIAN_POINT('',(-0.8,-1.355,0.75));
#4558 = VECTOR('',#4559,1.);
#4559 = DIRECTION('',(-1.110223024625E-16,1.,0.));
#4560 = ORIENTED_EDGE('',*,*,#4561,.F.);
#4561 = EDGE_CURVE('',#4399,#4554,#4562,.T.);
#4562 = B_SPLINE_CURVE_WITH_KNOTS('',1,(#4563,#4564),.UNSPECIFIED.,.F.,
  .F.,(2,2),(0.,1.),.PIECEWISE_BEZIER_KNOTS.);
#4563 = CARTESIAN_POINT('',(-0.708648457443,-1.309324228722,0.1));
#4564 = CARTESIAN_POINT('',(-0.8,-1.355,0.75));
#4565 = B_SPLINE_SURFACE_WITH_KNOTS('',1,1,(
    (#4566,#4567)
    ,(#4568,#4569
    )),.UNSPECIFIED.,.F.,.F.,.F.,(2,2),(2,2),(0.,2.71),(0.,1.),
  .PIECEWISE_BEZIER_KNOTS.);
#4566 = CARTESIAN_POINT('',(-0.708648457443,-1.309324228722,0.1));
#4567 = CARTESIAN_POINT('',(-0.8,-1.355,0.75));
#4568 = CARTESIAN_POINT('',(-0.708648457443,1.309324228722,0.1));
#4569 = CARTESIAN_POINT('',(-0.8,1.355,0.75));
#4570 = ADVANCED_FACE('',(#4571),#4620,.F.);
#4571 = FACE_BOUND('',#4572,.F.);
#4572 = EDGE_LOOP('',(#4573,#4574,#4581,#4589,#4597,#4605,#4613,#4619));
#4573 = ORIENTED_EDGE('',*,*,#4374,.T.);
#4574 = ORIENTED_EDGE('',*,*,#4575,.T.);
#4575 = EDGE_CURVE('',#4375,#4576,#4578,.T.);
#4576 = VERTEX_POINT('',#4577);
#4577 = CARTESIAN_POINT('',(0.8,-1.355,0.75));
#4578 = B_SPLINE_CURVE_WITH_KNOTS('',1,(#4579,#4580),.UNSPECIFIED.,.F.,
  .F.,(2,2),(0.,1.),.PIECEWISE_BEZIER_KNOTS.);
#4579 = CARTESIAN_POINT('',(0.708648457443,-1.309324228722,0.1));
#4580 = CARTESIAN_POINT('',(0.8,-1.355,0.75));
#4581 = ORIENTED_EDGE('',*,*,#4582,.F.);
#4582 = EDGE_CURVE('',#4583,#4576,#4585,.T.);
#4583 = VERTEX_POINT('',#4584);
#4584 = CARTESIAN_POINT('',(0.8,-1.2,0.75));
#4585 = LINE('',#4586,#4587);
#4586 = CARTESIAN_POINT('',(0.8,1.355,0.75));
#4587 = VECTOR('',#4588,1.);
#4588 = DIRECTION('',(1.110223024625E-16,-1.,0.));
#4589 = ORIENTED_EDGE('',*,*,#4590,.F.);
#4590 = EDGE_CURVE('',#4591,#4583,#4593,.T.);
#4591 = VERTEX_POINT('',#4592);
#4592 = CARTESIAN_POINT('',(0.8,-0.7,0.75));
#4593 = LINE('',#4594,#4595);
#4594 = CARTESIAN_POINT('',(0.8,1.355,0.75));
#4595 = VECTOR('',#4596,1.);
#4596 = DIRECTION('',(1.110223024625E-16,-1.,0.));
#4597 = ORIENTED_EDGE('',*,*,#4598,.F.);
#4598 = EDGE_CURVE('',#4599,#4591,#4601,.T.);
#4599 = VERTEX_POINT('',#4600);
#4600 = CARTESIAN_POINT('',(0.8,0.7,0.75));
#4601 = LINE('',#4602,#4603);
#4602 = CARTESIAN_POINT('',(0.8,1.355,0.75));
#4603 = VECTOR('',#4604,1.);
#4604 = DIRECTION('',(1.110223024625E-16,-1.,0.));
#4605 = ORIENTED_EDGE('',*,*,#4606,.F.);
#4606 = EDGE_CURVE('',#4607,#4599,#4609,.T.);
#4607 = VERTEX_POINT('',#4608);
#4608 = CARTESIAN_POINT('',(0.8,1.2,0.75));
#4609 = LINE('',#4610,#4611);
#4610 = CARTESIAN_POINT('',(0.8,1.355,0.75));
#4611 = VECTOR('',#4612,1.);
#4612 = DIRECTION('',(1.110223024625E-16,-1.,0.));
#4613 = ORIENTED_EDGE('',*,*,#4614,.F.);
#4614 = EDGE_CURVE('',#4430,#4607,#4615,.T.);
#4615 = LINE('',#4616,#4617);
#4616 = CARTESIAN_POINT('',(0.8,1.355,0.75));
#4617 = VECTOR('',#4618,1.);
#4618 = DIRECTION('',(1.110223024625E-16,-1.,0.));
#4619 = ORIENTED_EDGE('',*,*,#4429,.F.);
#4620 = B_SPLINE_SURFACE_WITH_KNOTS('',1,1,(
    (#4621,#4622)
    ,(#4623,#4624
    )),.UNSPECIFIED.,.F.,.F.,.F.,(2,2),(2,2),(0.,2.71),(0.,1.),
  .PIECEWISE_BEZIER_KNOTS.);
#4621 = CARTESIAN_POINT('',(0.708648457443,1.309324228722,0.1));
#4622 = CARTESIAN_POINT('',(0.8,1.355,0.75));
#4623 = CARTESIAN_POINT('',(0.708648457443,-1.309324228722,0.1));
#4624 = CARTESIAN_POINT('',(0.8,-1.355,0.75));
#4625 = ADVANCED_FACE('',(#4626),#4643,.F.);
#4626 = FACE_BOUND('',#4627,.F.);
#4627 = EDGE_LOOP('',(#4628,#4629,#4630,#4638));
#4628 = ORIENTED_EDGE('',*,*,#4398,.T.);
#4629 = ORIENTED_EDGE('',*,*,#4561,.T.);
#4630 = ORIENTED_EDGE('',*,*,#4631,.F.);
#4631 = EDGE_CURVE('',#4632,#4554,#4634,.T.);
#4632 = VERTEX_POINT('',#4633);
#4633 = CARTESIAN_POINT('',(-0.705,-1.45,0.75));
#4634 = LINE('',#4635,#4636);
#4635 = CARTESIAN_POINT('',(-0.705,-1.45,0.75));
#4636 = VECTOR('',#4637,1.);
#4637 = DIRECTION('',(-0.707106781187,0.707106781187,0.));
#4638 = ORIENTED_EDGE('',*,*,#4639,.F.);
#4639 = EDGE_CURVE('',#4391,#4632,#4640,.T.);
#4640 = B_SPLINE_CURVE_WITH_KNOTS('',1,(#4641,#4642),.UNSPECIFIED.,.F.,
  .F.,(2,2),(0.,1.),.PIECEWISE_BEZIER_KNOTS.);
#4641 = CARTESIAN_POINT('',(-0.659324228722,-1.358648457443,0.1));
#4642 = CARTESIAN_POINT('',(-0.705,-1.45,0.75));
#4643 = B_SPLINE_SURFACE_WITH_KNOTS('',1,1,(
    (#4644,#4645)
    ,(#4646,#4647
    )),.UNSPECIFIED.,.F.,.F.,.F.,(2,2),(2,2),(0.,0.134350288425),(0.,1.)
  ,.PIECEWISE_BEZIER_KNOTS.);
#4644 = CARTESIAN_POINT('',(-0.659324228722,-1.358648457443,0.1));
#4645 = CARTESIAN_POINT('',(-0.705,-1.45,0.75));
#4646 = CARTESIAN_POINT('',(-0.708648457443,-1.309324228722,0.1));
#4647 = CARTESIAN_POINT('',(-0.8,-1.355,0.75));
#4648 = ADVANCED_FACE('',(#4649),#4666,.F.);
#4649 = FACE_BOUND('',#4650,.F.);
#4650 = EDGE_LOOP('',(#4651,#4652,#4659,#4665));
#4651 = ORIENTED_EDGE('',*,*,#4382,.T.);
#4652 = ORIENTED_EDGE('',*,*,#4653,.T.);
#4653 = EDGE_CURVE('',#4383,#4654,#4656,.T.);
#4654 = VERTEX_POINT('',#4655);
#4655 = CARTESIAN_POINT('',(0.705,-1.45,0.75));
#4656 = B_SPLINE_CURVE_WITH_KNOTS('',1,(#4657,#4658),.UNSPECIFIED.,.F.,
  .F.,(2,2),(0.,1.),.PIECEWISE_BEZIER_KNOTS.);
#4657 = CARTESIAN_POINT('',(0.659324228722,-1.358648457443,0.1));
#4658 = CARTESIAN_POINT('',(0.705,-1.45,0.75));
#4659 = ORIENTED_EDGE('',*,*,#4660,.F.);
#4660 = EDGE_CURVE('',#4576,#4654,#4661,.T.);
#4661 = LINE('',#4662,#4663);
#4662 = CARTESIAN_POINT('',(0.8,-1.355,0.75));
#4663 = VECTOR('',#4664,1.);
#4664 = DIRECTION('',(-0.707106781187,-0.707106781187,0.));
#4665 = ORIENTED_EDGE('',*,*,#4575,.F.);
#4666 = B_SPLINE_SURFACE_WITH_KNOTS('',1,1,(
    (#4667,#4668)
    ,(#4669,#4670
    )),.UNSPECIFIED.,.F.,.F.,.F.,(2,2),(2,2),(0.,0.134350288425),(0.,1.)
  ,.PIECEWISE_BEZIER_KNOTS.);
#4667 = CARTESIAN_POINT('',(0.708648457443,-1.309324228722,0.1));
#4668 = CARTESIAN_POINT('',(0.8,-1.355,0.75));
#4669 = CARTESIAN_POINT('',(0.659324228722,-1.358648457443,0.1));
#4670 = CARTESIAN_POINT('',(0.705,-1.45,0.75));
#4671 = ADVANCED_FACE('',(#4672),#4683,.F.);
#4672 = FACE_BOUND('',#4673,.F.);
#4673 = EDGE_LOOP('',(#4674,#4675,#4676,#4682));
#4674 = ORIENTED_EDGE('',*,*,#4390,.T.);
#4675 = ORIENTED_EDGE('',*,*,#4639,.T.);
#4676 = ORIENTED_EDGE('',*,*,#4677,.F.);
#4677 = EDGE_CURVE('',#4654,#4632,#4678,.T.);
#4678 = LINE('',#4679,#4680);
#4679 = CARTESIAN_POINT('',(0.705,-1.45,0.75));
#4680 = VECTOR('',#4681,1.);
#4681 = DIRECTION('',(-1.,-1.110223024625E-16,0.));
#4682 = ORIENTED_EDGE('',*,*,#4653,.F.);
#4683 = B_SPLINE_SURFACE_WITH_KNOTS('',1,1,(
    (#4684,#4685)
    ,(#4686,#4687
    )),.UNSPECIFIED.,.F.,.F.,.F.,(2,2),(2,2),(0.,1.41),(0.,1.),
  .PIECEWISE_BEZIER_KNOTS.);
#4684 = CARTESIAN_POINT('',(0.659324228722,-1.358648457443,0.1));
#4685 = CARTESIAN_POINT('',(0.705,-1.45,0.75));
#4686 = CARTESIAN_POINT('',(-0.659324228722,-1.358648457443,0.1));
#4687 = CARTESIAN_POINT('',(-0.705,-1.45,0.75));
#4688 = ADVANCED_FACE('',(#4689),#4706,.F.);
#4689 = FACE_BOUND('',#4690,.F.);
#4690 = EDGE_LOOP('',(#4691,#4692,#4699,#4705));
#4691 = ORIENTED_EDGE('',*,*,#4436,.T.);
#4692 = ORIENTED_EDGE('',*,*,#4693,.T.);
#4693 = EDGE_CURVE('',#4430,#4694,#4696,.T.);
#4694 = VERTEX_POINT('',#4695);
#4695 = CARTESIAN_POINT('',(0.8,1.355,0.9));
#4696 = B_SPLINE_CURVE_WITH_KNOTS('',1,(#4697,#4698),.UNSPECIFIED.,.F.,
  .F.,(2,2),(0.,1.),.PIECEWISE_BEZIER_KNOTS.);
#4697 = CARTESIAN_POINT('',(0.8,1.355,0.75));
#4698 = CARTESIAN_POINT('',(0.8,1.355,0.9));
#4699 = ORIENTED_EDGE('',*,*,#4700,.F.);
#4700 = EDGE_CURVE('',#4453,#4694,#4701,.T.);
#4701 = LINE('',#4702,#4703);
#4702 = CARTESIAN_POINT('',(0.705,1.45,0.9));
#4703 = VECTOR('',#4704,1.);
#4704 = DIRECTION('',(0.707106781187,-0.707106781187,0.));
#4705 = ORIENTED_EDGE('',*,*,#4452,.F.);
#4706 = PLANE('',#4707);
#4707 = AXIS2_PLACEMENT_3D('',#4708,#4709,#4710);
#4708 = CARTESIAN_POINT('',(0.705,1.45,0.9));
#4709 = DIRECTION('',(-0.707106781187,-0.707106781187,0.));
#4710 = DIRECTION('',(0.707106781187,-0.707106781187,0.));
#4711 = ADVANCED_FACE('',(#4712),#4794,.F.);
#4712 = FACE_BOUND('',#4713,.F.);
#4713 = EDGE_LOOP('',(#4714,#4722,#4723,#4724,#4732,#4740,#4748,#4756,
    #4764,#4772,#4780,#4788));
#4714 = ORIENTED_EDGE('',*,*,#4715,.T.);
#4715 = EDGE_CURVE('',#4716,#4460,#4718,.T.);
#4716 = VERTEX_POINT('',#4717);
#4717 = CARTESIAN_POINT('',(-0.8,1.355,0.9));
#4718 = LINE('',#4719,#4720);
#4719 = CARTESIAN_POINT('',(-0.8,1.355,0.9));
#4720 = VECTOR('',#4721,1.);
#4721 = DIRECTION('',(0.707106781187,0.707106781187,0.));
#4722 = ORIENTED_EDGE('',*,*,#4459,.T.);
#4723 = ORIENTED_EDGE('',*,*,#4700,.T.);
#4724 = ORIENTED_EDGE('',*,*,#4725,.T.);
#4725 = EDGE_CURVE('',#4694,#4726,#4728,.T.);
#4726 = VERTEX_POINT('',#4727);
#4727 = CARTESIAN_POINT('',(0.8,1.2,0.9));
#4728 = LINE('',#4729,#4730);
#4729 = CARTESIAN_POINT('',(0.8,1.355,0.9));
#4730 = VECTOR('',#4731,1.);
#4731 = DIRECTION('',(1.110223024625E-16,-1.,0.));
#4732 = ORIENTED_EDGE('',*,*,#4733,.T.);
#4733 = EDGE_CURVE('',#4726,#4734,#4736,.T.);
#4734 = VERTEX_POINT('',#4735);
#4735 = CARTESIAN_POINT('',(0.775,1.2,0.9));
#4736 = LINE('',#4737,#4738);
#4737 = CARTESIAN_POINT('',(0.85,1.2,0.9));
#4738 = VECTOR('',#4739,1.);
#4739 = DIRECTION('',(-1.,-1.110223024625E-16,0.));
#4740 = ORIENTED_EDGE('',*,*,#4741,.F.);
#4741 = EDGE_CURVE('',#4742,#4734,#4744,.T.);
#4742 = VERTEX_POINT('',#4743);
#4743 = CARTESIAN_POINT('',(0.775,1.3425,0.9));
#4744 = LINE('',#4745,#4746);
#4745 = CARTESIAN_POINT('',(0.775,1.3425,0.9));
#4746 = VECTOR('',#4747,1.);
#4747 = DIRECTION('',(1.110223024625E-16,-1.,0.));
#4748 = ORIENTED_EDGE('',*,*,#4749,.F.);
#4749 = EDGE_CURVE('',#4750,#4742,#4752,.T.);
#4750 = VERTEX_POINT('',#4751);
#4751 = CARTESIAN_POINT('',(0.6925,1.425,0.9));
#4752 = LINE('',#4753,#4754);
#4753 = CARTESIAN_POINT('',(0.6925,1.425,0.9));
#4754 = VECTOR('',#4755,1.);
#4755 = DIRECTION('',(0.707106781187,-0.707106781187,0.));
#4756 = ORIENTED_EDGE('',*,*,#4757,.F.);
#4757 = EDGE_CURVE('',#4758,#4750,#4760,.T.);
#4758 = VERTEX_POINT('',#4759);
#4759 = CARTESIAN_POINT('',(-0.6925,1.425,0.9));
#4760 = LINE('',#4761,#4762);
#4761 = CARTESIAN_POINT('',(-0.6925,1.425,0.9));
#4762 = VECTOR('',#4763,1.);
#4763 = DIRECTION('',(1.,1.110223024625E-16,0.));
#4764 = ORIENTED_EDGE('',*,*,#4765,.F.);
#4765 = EDGE_CURVE('',#4766,#4758,#4768,.T.);
#4766 = VERTEX_POINT('',#4767);
#4767 = CARTESIAN_POINT('',(-0.775,1.3425,0.9));
#4768 = LINE('',#4769,#4770);
#4769 = CARTESIAN_POINT('',(-0.775,1.3425,0.9));
#4770 = VECTOR('',#4771,1.);
#4771 = DIRECTION('',(0.707106781187,0.707106781187,0.));
#4772 = ORIENTED_EDGE('',*,*,#4773,.F.);
#4773 = EDGE_CURVE('',#4774,#4766,#4776,.T.);
#4774 = VERTEX_POINT('',#4775);
#4775 = CARTESIAN_POINT('',(-0.775,1.2,0.9));
#4776 = LINE('',#4777,#4778);
#4777 = CARTESIAN_POINT('',(-0.775,-1.3425,0.9));
#4778 = VECTOR('',#4779,1.);
#4779 = DIRECTION('',(-1.110223024625E-16,1.,0.));
#4780 = ORIENTED_EDGE('',*,*,#4781,.F.);
#4781 = EDGE_CURVE('',#4782,#4774,#4784,.T.);
#4782 = VERTEX_POINT('',#4783);
#4783 = CARTESIAN_POINT('',(-0.8,1.2,0.9));
#4784 = LINE('',#4785,#4786);
#4785 = CARTESIAN_POINT('',(-0.85,1.2,0.9));
#4786 = VECTOR('',#4787,1.);
#4787 = DIRECTION('',(1.,-1.144237745222E-17,0.));
#4788 = ORIENTED_EDGE('',*,*,#4789,.T.);
#4789 = EDGE_CURVE('',#4782,#4716,#4790,.T.);
#4790 = LINE('',#4791,#4792);
#4791 = CARTESIAN_POINT('',(-0.8,-1.355,0.9));
#4792 = VECTOR('',#4793,1.);
#4793 = DIRECTION('',(-1.110223024625E-16,1.,0.));
#4794 = PLANE('',#4795);
#4795 = AXIS2_PLACEMENT_3D('',#4796,#4797,#4798);
#4796 = CARTESIAN_POINT('',(-2.091417030376E-16,1.4375,0.9));
#4797 = DIRECTION('',(4.595758349624E-18,6.551522493592E-27,-1.));
#4798 = DIRECTION('',(1.,1.51922136901E-16,4.595758349624E-18));
#4799 = ADVANCED_FACE('',(#4800),#4810,.F.);
#4800 = FACE_BOUND('',#4801,.F.);
#4801 = EDGE_LOOP('',(#4802,#4803,#4804,#4805));
#4802 = ORIENTED_EDGE('',*,*,#4482,.T.);
#4803 = ORIENTED_EDGE('',*,*,#4467,.T.);
#4804 = ORIENTED_EDGE('',*,*,#4715,.F.);
#4805 = ORIENTED_EDGE('',*,*,#4806,.F.);
#4806 = EDGE_CURVE('',#4483,#4716,#4807,.T.);
#4807 = B_SPLINE_CURVE_WITH_KNOTS('',1,(#4808,#4809),.UNSPECIFIED.,.F.,
  .F.,(2,2),(0.,1.),.PIECEWISE_BEZIER_KNOTS.);
#4808 = CARTESIAN_POINT('',(-0.8,1.355,0.75));
#4809 = CARTESIAN_POINT('',(-0.8,1.355,0.9));
#4810 = PLANE('',#4811);
#4811 = AXIS2_PLACEMENT_3D('',#4812,#4813,#4814);
#4812 = CARTESIAN_POINT('',(-0.8,1.355,0.9));
#4813 = DIRECTION('',(0.707106781187,-0.707106781187,0.));
#4814 = DIRECTION('',(0.707106781187,0.707106781187,0.));
#4815 = ADVANCED_FACE('',(#4816),#4840,.F.);
#4816 = FACE_BOUND('',#4817,.F.);
#4817 = EDGE_LOOP('',(#4818,#4825,#4826,#4834));
#4818 = ORIENTED_EDGE('',*,*,#4819,.F.);
#4819 = EDGE_CURVE('',#4554,#4820,#4822,.T.);
#4820 = VERTEX_POINT('',#4821);
#4821 = CARTESIAN_POINT('',(-0.8,-1.355,0.9));
#4822 = B_SPLINE_CURVE_WITH_KNOTS('',1,(#4823,#4824),.UNSPECIFIED.,.F.,
  .F.,(2,2),(0.,1.),.PIECEWISE_BEZIER_KNOTS.);
#4823 = CARTESIAN_POINT('',(-0.8,-1.355,0.75));
#4824 = CARTESIAN_POINT('',(-0.8,-1.355,0.9));
#4825 = ORIENTED_EDGE('',*,*,#4553,.T.);
#4826 = ORIENTED_EDGE('',*,*,#4827,.T.);
#4827 = EDGE_CURVE('',#4546,#4828,#4830,.T.);
#4828 = VERTEX_POINT('',#4829);
#4829 = CARTESIAN_POINT('',(-0.8,-1.2,0.9));
#4830 = LINE('',#4831,#4832);
#4831 = CARTESIAN_POINT('',(-0.8,-1.2,0.670847817658));
#4832 = VECTOR('',#4833,1.);
#4833 = DIRECTION('',(0.,0.,1.));
#4834 = ORIENTED_EDGE('',*,*,#4835,.F.);
#4835 = EDGE_CURVE('',#4820,#4828,#4836,.T.);
#4836 = LINE('',#4837,#4838);
#4837 = CARTESIAN_POINT('',(-0.8,-1.355,0.9));
#4838 = VECTOR('',#4839,1.);
#4839 = DIRECTION('',(-1.110223024625E-16,1.,0.));
#4840 = PLANE('',#4841);
#4841 = AXIS2_PLACEMENT_3D('',#4842,#4843,#4844);
#4842 = CARTESIAN_POINT('',(-0.8,-1.355,0.9));
#4843 = DIRECTION('',(1.,1.110223024625E-16,0.));
#4844 = DIRECTION('',(-1.110223024625E-16,1.,0.));
#4845 = ADVANCED_FACE('',(#4846),#4871,.F.);
#4846 = FACE_BOUND('',#4847,.F.);
#4847 = EDGE_LOOP('',(#4848,#4856,#4857,#4865));
#4848 = ORIENTED_EDGE('',*,*,#4849,.F.);
#4849 = EDGE_CURVE('',#4546,#4850,#4852,.T.);
#4850 = VERTEX_POINT('',#4851);
#4851 = CARTESIAN_POINT('',(-0.85,-1.2,0.75));
#4852 = LINE('',#4853,#4854);
#4853 = CARTESIAN_POINT('',(-0.75,-1.2,0.75));
#4854 = VECTOR('',#4855,1.);
#4855 = DIRECTION('',(-1.,1.144237745222E-17,0.));
#4856 = ORIENTED_EDGE('',*,*,#4545,.T.);
#4857 = ORIENTED_EDGE('',*,*,#4858,.T.);
#4858 = EDGE_CURVE('',#4538,#4859,#4861,.T.);
#4859 = VERTEX_POINT('',#4860);
#4860 = CARTESIAN_POINT('',(-0.85,-0.7,0.75));
#4861 = LINE('',#4862,#4863);
#4862 = CARTESIAN_POINT('',(-0.75,-0.7,0.75));
#4863 = VECTOR('',#4864,1.);
#4864 = DIRECTION('',(-1.,1.144237745222E-17,0.));
#4865 = ORIENTED_EDGE('',*,*,#4866,.F.);
#4866 = EDGE_CURVE('',#4850,#4859,#4867,.T.);
#4867 = LINE('',#4868,#4869);
#4868 = CARTESIAN_POINT('',(-0.85,-1.2,0.75));
#4869 = VECTOR('',#4870,1.);
#4870 = DIRECTION('',(1.144237745222E-17,1.,0.));
#4871 = PLANE('',#4872);
#4872 = AXIS2_PLACEMENT_3D('',#4873,#4874,#4875);
#4873 = CARTESIAN_POINT('',(-0.75,-1.2,0.75));
#4874 = DIRECTION('',(0.,0.,1.));
#4875 = DIRECTION('',(-1.,1.144237745222E-17,0.));
#4876 = ADVANCED_FACE('',(#4877),#4902,.F.);
#4877 = FACE_BOUND('',#4878,.F.);
#4878 = EDGE_LOOP('',(#4879,#4887,#4888,#4896));
#4879 = ORIENTED_EDGE('',*,*,#4880,.F.);
#4880 = EDGE_CURVE('',#4538,#4881,#4883,.T.);
#4881 = VERTEX_POINT('',#4882);
#4882 = CARTESIAN_POINT('',(-0.8,-0.7,0.9));
#4883 = LINE('',#4884,#4885);
#4884 = CARTESIAN_POINT('',(-0.8,-0.7,0.670847817658));
#4885 = VECTOR('',#4886,1.);
#4886 = DIRECTION('',(0.,0.,1.));
#4887 = ORIENTED_EDGE('',*,*,#4537,.T.);
#4888 = ORIENTED_EDGE('',*,*,#4889,.T.);
#4889 = EDGE_CURVE('',#4530,#4890,#4892,.T.);
#4890 = VERTEX_POINT('',#4891);
#4891 = CARTESIAN_POINT('',(-0.8,-0.25,0.9));
#4892 = LINE('',#4893,#4894);
#4893 = CARTESIAN_POINT('',(-0.8,-0.25,0.670847817658));
#4894 = VECTOR('',#4895,1.);
#4895 = DIRECTION('',(0.,0.,1.));
#4896 = ORIENTED_EDGE('',*,*,#4897,.F.);
#4897 = EDGE_CURVE('',#4881,#4890,#4898,.T.);
#4898 = LINE('',#4899,#4900);
#4899 = CARTESIAN_POINT('',(-0.8,-1.355,0.9));
#4900 = VECTOR('',#4901,1.);
#4901 = DIRECTION('',(-1.110223024625E-16,1.,0.));
#4902 = PLANE('',#4903);
#4903 = AXIS2_PLACEMENT_3D('',#4904,#4905,#4906);
#4904 = CARTESIAN_POINT('',(-0.8,-1.355,0.9));
#4905 = DIRECTION('',(1.,1.110223024625E-16,0.));
#4906 = DIRECTION('',(-1.110223024625E-16,1.,0.));
#4907 = ADVANCED_FACE('',(#4908),#4933,.F.);
#4908 = FACE_BOUND('',#4909,.F.);
#4909 = EDGE_LOOP('',(#4910,#4918,#4919,#4927));
#4910 = ORIENTED_EDGE('',*,*,#4911,.F.);
#4911 = EDGE_CURVE('',#4530,#4912,#4914,.T.);
#4912 = VERTEX_POINT('',#4913);
#4913 = CARTESIAN_POINT('',(-0.85,-0.25,0.75));
#4914 = LINE('',#4915,#4916);
#4915 = CARTESIAN_POINT('',(-0.75,-0.25,0.75));
#4916 = VECTOR('',#4917,1.);
#4917 = DIRECTION('',(-1.,1.144237745222E-17,0.));
#4918 = ORIENTED_EDGE('',*,*,#4529,.T.);
#4919 = ORIENTED_EDGE('',*,*,#4920,.T.);
#4920 = EDGE_CURVE('',#4522,#4921,#4923,.T.);
#4921 = VERTEX_POINT('',#4922);
#4922 = CARTESIAN_POINT('',(-0.85,0.25,0.75));
#4923 = LINE('',#4924,#4925);
#4924 = CARTESIAN_POINT('',(-0.75,0.25,0.75));
#4925 = VECTOR('',#4926,1.);
#4926 = DIRECTION('',(-1.,1.144237745222E-17,0.));
#4927 = ORIENTED_EDGE('',*,*,#4928,.F.);
#4928 = EDGE_CURVE('',#4912,#4921,#4929,.T.);
#4929 = LINE('',#4930,#4931);
#4930 = CARTESIAN_POINT('',(-0.85,-0.25,0.75));
#4931 = VECTOR('',#4932,1.);
#4932 = DIRECTION('',(1.144237745222E-17,1.,0.));
#4933 = PLANE('',#4934);
#4934 = AXIS2_PLACEMENT_3D('',#4935,#4936,#4937);
#4935 = CARTESIAN_POINT('',(-0.75,-0.25,0.75));
#4936 = DIRECTION('',(0.,0.,1.));
#4937 = DIRECTION('',(-1.,1.144237745222E-17,0.));
#4938 = ADVANCED_FACE('',(#4939),#4964,.F.);
#4939 = FACE_BOUND('',#4940,.F.);
#4940 = EDGE_LOOP('',(#4941,#4949,#4950,#4958));
#4941 = ORIENTED_EDGE('',*,*,#4942,.F.);
#4942 = EDGE_CURVE('',#4522,#4943,#4945,.T.);
#4943 = VERTEX_POINT('',#4944);
#4944 = CARTESIAN_POINT('',(-0.8,0.25,0.9));
#4945 = LINE('',#4946,#4947);
#4946 = CARTESIAN_POINT('',(-0.8,0.25,0.670847817658));
#4947 = VECTOR('',#4948,1.);
#4948 = DIRECTION('',(0.,0.,1.));
#4949 = ORIENTED_EDGE('',*,*,#4521,.T.);
#4950 = ORIENTED_EDGE('',*,*,#4951,.T.);
#4951 = EDGE_CURVE('',#4514,#4952,#4954,.T.);
#4952 = VERTEX_POINT('',#4953);
#4953 = CARTESIAN_POINT('',(-0.8,0.7,0.9));
#4954 = LINE('',#4955,#4956);
#4955 = CARTESIAN_POINT('',(-0.8,0.7,0.670847817658));
#4956 = VECTOR('',#4957,1.);
#4957 = DIRECTION('',(0.,0.,1.));
#4958 = ORIENTED_EDGE('',*,*,#4959,.F.);
#4959 = EDGE_CURVE('',#4943,#4952,#4960,.T.);
#4960 = LINE('',#4961,#4962);
#4961 = CARTESIAN_POINT('',(-0.8,-1.355,0.9));
#4962 = VECTOR('',#4963,1.);
#4963 = DIRECTION('',(-1.110223024625E-16,1.,0.));
#4964 = PLANE('',#4965);
#4965 = AXIS2_PLACEMENT_3D('',#4966,#4967,#4968);
#4966 = CARTESIAN_POINT('',(-0.8,-1.355,0.9));
#4967 = DIRECTION('',(1.,1.110223024625E-16,0.));
#4968 = DIRECTION('',(-1.110223024625E-16,1.,0.));
#4969 = ADVANCED_FACE('',(#4970),#4995,.F.);
#4970 = FACE_BOUND('',#4971,.F.);
#4971 = EDGE_LOOP('',(#4972,#4980,#4981,#4989));
#4972 = ORIENTED_EDGE('',*,*,#4973,.F.);
#4973 = EDGE_CURVE('',#4514,#4974,#4976,.T.);
#4974 = VERTEX_POINT('',#4975);
#4975 = CARTESIAN_POINT('',(-0.85,0.7,0.75));
#4976 = LINE('',#4977,#4978);
#4977 = CARTESIAN_POINT('',(-0.75,0.7,0.75));
#4978 = VECTOR('',#4979,1.);
#4979 = DIRECTION('',(-1.,1.144237745222E-17,0.));
#4980 = ORIENTED_EDGE('',*,*,#4513,.T.);
#4981 = ORIENTED_EDGE('',*,*,#4982,.T.);
#4982 = EDGE_CURVE('',#4506,#4983,#4985,.T.);
#4983 = VERTEX_POINT('',#4984);
#4984 = CARTESIAN_POINT('',(-0.85,1.2,0.75));
#4985 = LINE('',#4986,#4987);
#4986 = CARTESIAN_POINT('',(-0.75,1.2,0.75));
#4987 = VECTOR('',#4988,1.);
#4988 = DIRECTION('',(-1.,1.144237745222E-17,0.));
#4989 = ORIENTED_EDGE('',*,*,#4990,.F.);
#4990 = EDGE_CURVE('',#4974,#4983,#4991,.T.);
#4991 = LINE('',#4992,#4993);
#4992 = CARTESIAN_POINT('',(-0.85,0.7,0.75));
#4993 = VECTOR('',#4994,1.);
#4994 = DIRECTION('',(1.144237745222E-17,1.,0.));
#4995 = PLANE('',#4996);
#4996 = AXIS2_PLACEMENT_3D('',#4997,#4998,#4999);
#4997 = CARTESIAN_POINT('',(-0.75,0.7,0.75));
#4998 = DIRECTION('',(0.,0.,1.));
#4999 = DIRECTION('',(-1.,1.144237745222E-17,0.));
#5000 = ADVANCED_FACE('',(#5001),#5012,.F.);
#5001 = FACE_BOUND('',#5002,.F.);
#5002 = EDGE_LOOP('',(#5003,#5009,#5010,#5011));
#5003 = ORIENTED_EDGE('',*,*,#5004,.F.);
#5004 = EDGE_CURVE('',#4506,#4782,#5005,.T.);
#5005 = LINE('',#5006,#5007);
#5006 = CARTESIAN_POINT('',(-0.8,1.2,0.670847817658));
#5007 = VECTOR('',#5008,1.);
#5008 = DIRECTION('',(0.,0.,1.));
#5009 = ORIENTED_EDGE('',*,*,#4505,.T.);
#5010 = ORIENTED_EDGE('',*,*,#4806,.T.);
#5011 = ORIENTED_EDGE('',*,*,#4789,.F.);
#5012 = PLANE('',#5013);
#5013 = AXIS2_PLACEMENT_3D('',#5014,#5015,#5016);
#5014 = CARTESIAN_POINT('',(-0.8,-1.355,0.9));
#5015 = DIRECTION('',(1.,1.110223024625E-16,0.));
#5016 = DIRECTION('',(-1.110223024625E-16,1.,0.));
#5017 = ADVANCED_FACE('',(#5018),#5029,.F.);
#5018 = FACE_BOUND('',#5019,.F.);
#5019 = EDGE_LOOP('',(#5020,#5021,#5022,#5028));
#5020 = ORIENTED_EDGE('',*,*,#4693,.F.);
#5021 = ORIENTED_EDGE('',*,*,#4614,.T.);
#5022 = ORIENTED_EDGE('',*,*,#5023,.T.);
#5023 = EDGE_CURVE('',#4607,#4726,#5024,.T.);
#5024 = LINE('',#5025,#5026);
#5025 = CARTESIAN_POINT('',(0.8,1.2,0.670847817658));
#5026 = VECTOR('',#5027,1.);
#5027 = DIRECTION('',(0.,0.,1.));
#5028 = ORIENTED_EDGE('',*,*,#4725,.F.);
#5029 = PLANE('',#5030);
#5030 = AXIS2_PLACEMENT_3D('',#5031,#5032,#5033);
#5031 = CARTESIAN_POINT('',(0.8,1.355,0.9));
#5032 = DIRECTION('',(-1.,-1.110223024625E-16,0.));
#5033 = DIRECTION('',(1.110223024625E-16,-1.,0.));
#5034 = ADVANCED_FACE('',(#5035),#5060,.F.);
#5035 = FACE_BOUND('',#5036,.F.);
#5036 = EDGE_LOOP('',(#5037,#5045,#5046,#5054));
#5037 = ORIENTED_EDGE('',*,*,#5038,.F.);
#5038 = EDGE_CURVE('',#4607,#5039,#5041,.T.);
#5039 = VERTEX_POINT('',#5040);
#5040 = CARTESIAN_POINT('',(0.85,1.2,0.75));
#5041 = LINE('',#5042,#5043);
#5042 = CARTESIAN_POINT('',(0.75,1.2,0.75));
#5043 = VECTOR('',#5044,1.);
#5044 = DIRECTION('',(1.,1.110223024625E-16,0.));
#5045 = ORIENTED_EDGE('',*,*,#4606,.T.);
#5046 = ORIENTED_EDGE('',*,*,#5047,.T.);
#5047 = EDGE_CURVE('',#4599,#5048,#5050,.T.);
#5048 = VERTEX_POINT('',#5049);
#5049 = CARTESIAN_POINT('',(0.85,0.7,0.75));
#5050 = LINE('',#5051,#5052);
#5051 = CARTESIAN_POINT('',(0.75,0.7,0.75));
#5052 = VECTOR('',#5053,1.);
#5053 = DIRECTION('',(1.,1.110223024625E-16,0.));
#5054 = ORIENTED_EDGE('',*,*,#5055,.F.);
#5055 = EDGE_CURVE('',#5039,#5048,#5056,.T.);
#5056 = LINE('',#5057,#5058);
#5057 = CARTESIAN_POINT('',(0.85,1.2,0.75));
#5058 = VECTOR('',#5059,1.);
#5059 = DIRECTION('',(1.110223024625E-16,-1.,0.));
#5060 = PLANE('',#5061);
#5061 = AXIS2_PLACEMENT_3D('',#5062,#5063,#5064);
#5062 = CARTESIAN_POINT('',(0.75,1.2,0.75));
#5063 = DIRECTION('',(0.,0.,1.));
#5064 = DIRECTION('',(1.,1.110223024625E-16,-0.));
#5065 = ADVANCED_FACE('',(#5066),#5091,.F.);
#5066 = FACE_BOUND('',#5067,.F.);
#5067 = EDGE_LOOP('',(#5068,#5076,#5077,#5085));
#5068 = ORIENTED_EDGE('',*,*,#5069,.F.);
#5069 = EDGE_CURVE('',#4599,#5070,#5072,.T.);
#5070 = VERTEX_POINT('',#5071);
#5071 = CARTESIAN_POINT('',(0.8,0.7,0.9));
#5072 = LINE('',#5073,#5074);
#5073 = CARTESIAN_POINT('',(0.8,0.7,0.670847817658));
#5074 = VECTOR('',#5075,1.);
#5075 = DIRECTION('',(0.,0.,1.));
#5076 = ORIENTED_EDGE('',*,*,#4598,.T.);
#5077 = ORIENTED_EDGE('',*,*,#5078,.T.);
#5078 = EDGE_CURVE('',#4591,#5079,#5081,.T.);
#5079 = VERTEX_POINT('',#5080);
#5080 = CARTESIAN_POINT('',(0.8,-0.7,0.9));
#5081 = LINE('',#5082,#5083);
#5082 = CARTESIAN_POINT('',(0.8,-0.7,0.670847817658));
#5083 = VECTOR('',#5084,1.);
#5084 = DIRECTION('',(0.,0.,1.));
#5085 = ORIENTED_EDGE('',*,*,#5086,.F.);
#5086 = EDGE_CURVE('',#5070,#5079,#5087,.T.);
#5087 = LINE('',#5088,#5089);
#5088 = CARTESIAN_POINT('',(0.8,1.355,0.9));
#5089 = VECTOR('',#5090,1.);
#5090 = DIRECTION('',(1.110223024625E-16,-1.,0.));
#5091 = PLANE('',#5092);
#5092 = AXIS2_PLACEMENT_3D('',#5093,#5094,#5095);
#5093 = CARTESIAN_POINT('',(0.8,1.355,0.9));
#5094 = DIRECTION('',(-1.,-1.110223024625E-16,0.));
#5095 = DIRECTION('',(1.110223024625E-16,-1.,0.));
#5096 = ADVANCED_FACE('',(#5097),#5122,.F.);
#5097 = FACE_BOUND('',#5098,.F.);
#5098 = EDGE_LOOP('',(#5099,#5107,#5108,#5116));
#5099 = ORIENTED_EDGE('',*,*,#5100,.F.);
#5100 = EDGE_CURVE('',#4591,#5101,#5103,.T.);
#5101 = VERTEX_POINT('',#5102);
#5102 = CARTESIAN_POINT('',(0.85,-0.7,0.75));
#5103 = LINE('',#5104,#5105);
#5104 = CARTESIAN_POINT('',(0.75,-0.7,0.75));
#5105 = VECTOR('',#5106,1.);
#5106 = DIRECTION('',(1.,1.110223024625E-16,0.));
#5107 = ORIENTED_EDGE('',*,*,#4590,.T.);
#5108 = ORIENTED_EDGE('',*,*,#5109,.T.);
#5109 = EDGE_CURVE('',#4583,#5110,#5112,.T.);
#5110 = VERTEX_POINT('',#5111);
#5111 = CARTESIAN_POINT('',(0.85,-1.2,0.75));
#5112 = LINE('',#5113,#5114);
#5113 = CARTESIAN_POINT('',(0.75,-1.2,0.75));
#5114 = VECTOR('',#5115,1.);
#5115 = DIRECTION('',(1.,1.110223024625E-16,0.));
#5116 = ORIENTED_EDGE('',*,*,#5117,.F.);
#5117 = EDGE_CURVE('',#5101,#5110,#5118,.T.);
#5118 = LINE('',#5119,#5120);
#5119 = CARTESIAN_POINT('',(0.85,-0.7,0.75));
#5120 = VECTOR('',#5121,1.);
#5121 = DIRECTION('',(1.110223024625E-16,-1.,0.));
#5122 = PLANE('',#5123);
#5123 = AXIS2_PLACEMENT_3D('',#5124,#5125,#5126);
#5124 = CARTESIAN_POINT('',(0.75,-0.7,0.75));
#5125 = DIRECTION('',(0.,0.,1.));
#5126 = DIRECTION('',(1.,1.110223024625E-16,-0.));
#5127 = ADVANCED_FACE('',(#5128),#5152,.F.);
#5128 = FACE_BOUND('',#5129,.F.);
#5129 = EDGE_LOOP('',(#5130,#5138,#5139,#5146));
#5130 = ORIENTED_EDGE('',*,*,#5131,.F.);
#5131 = EDGE_CURVE('',#4583,#5132,#5134,.T.);
#5132 = VERTEX_POINT('',#5133);
#5133 = CARTESIAN_POINT('',(0.8,-1.2,0.9));
#5134 = LINE('',#5135,#5136);
#5135 = CARTESIAN_POINT('',(0.8,-1.2,0.670847817658));
#5136 = VECTOR('',#5137,1.);
#5137 = DIRECTION('',(0.,0.,1.));
#5138 = ORIENTED_EDGE('',*,*,#4582,.T.);
#5139 = ORIENTED_EDGE('',*,*,#5140,.T.);
#5140 = EDGE_CURVE('',#4576,#5141,#5143,.T.);
#5141 = VERTEX_POINT('',#5142);
#5142 = CARTESIAN_POINT('',(0.8,-1.355,0.9));
#5143 = B_SPLINE_CURVE_WITH_KNOTS('',1,(#5144,#5145),.UNSPECIFIED.,.F.,
  .F.,(2,2),(0.,1.),.PIECEWISE_BEZIER_KNOTS.);
#5144 = CARTESIAN_POINT('',(0.8,-1.355,0.75));
#5145 = CARTESIAN_POINT('',(0.8,-1.355,0.9));
#5146 = ORIENTED_EDGE('',*,*,#5147,.F.);
#5147 = EDGE_CURVE('',#5132,#5141,#5148,.T.);
#5148 = LINE('',#5149,#5150);
#5149 = CARTESIAN_POINT('',(0.8,1.355,0.9));
#5150 = VECTOR('',#5151,1.);
#5151 = DIRECTION('',(1.110223024625E-16,-1.,0.));
#5152 = PLANE('',#5153);
#5153 = AXIS2_PLACEMENT_3D('',#5154,#5155,#5156);
#5154 = CARTESIAN_POINT('',(0.8,1.355,0.9));
#5155 = DIRECTION('',(-1.,-1.110223024625E-16,0.));
#5156 = DIRECTION('',(1.110223024625E-16,-1.,0.));
#5157 = ADVANCED_FACE('',(#5158),#5175,.F.);
#5158 = FACE_BOUND('',#5159,.F.);
#5159 = EDGE_LOOP('',(#5160,#5161,#5162,#5170));
#5160 = ORIENTED_EDGE('',*,*,#4631,.T.);
#5161 = ORIENTED_EDGE('',*,*,#4819,.T.);
#5162 = ORIENTED_EDGE('',*,*,#5163,.F.);
#5163 = EDGE_CURVE('',#5164,#4820,#5166,.T.);
#5164 = VERTEX_POINT('',#5165);
#5165 = CARTESIAN_POINT('',(-0.705,-1.45,0.9));
#5166 = LINE('',#5167,#5168);
#5167 = CARTESIAN_POINT('',(-0.705,-1.45,0.9));
#5168 = VECTOR('',#5169,1.);
#5169 = DIRECTION('',(-0.707106781187,0.707106781187,0.));
#5170 = ORIENTED_EDGE('',*,*,#5171,.F.);
#5171 = EDGE_CURVE('',#4632,#5164,#5172,.T.);
#5172 = B_SPLINE_CURVE_WITH_KNOTS('',1,(#5173,#5174),.UNSPECIFIED.,.F.,
  .F.,(2,2),(0.,1.),.PIECEWISE_BEZIER_KNOTS.);
#5173 = CARTESIAN_POINT('',(-0.705,-1.45,0.75));
#5174 = CARTESIAN_POINT('',(-0.705,-1.45,0.9));
#5175 = PLANE('',#5176);
#5176 = AXIS2_PLACEMENT_3D('',#5177,#5178,#5179);
#5177 = CARTESIAN_POINT('',(-0.705,-1.45,0.9));
#5178 = DIRECTION('',(0.707106781187,0.707106781187,0.));
#5179 = DIRECTION('',(-0.707106781187,0.707106781187,0.));
#5180 = ADVANCED_FACE('',(#5181),#5198,.F.);
#5181 = FACE_BOUND('',#5182,.F.);
#5182 = EDGE_LOOP('',(#5183,#5184,#5191,#5197));
#5183 = ORIENTED_EDGE('',*,*,#4660,.T.);
#5184 = ORIENTED_EDGE('',*,*,#5185,.T.);
#5185 = EDGE_CURVE('',#4654,#5186,#5188,.T.);
#5186 = VERTEX_POINT('',#5187);
#5187 = CARTESIAN_POINT('',(0.705,-1.45,0.9));
#5188 = B_SPLINE_CURVE_WITH_KNOTS('',1,(#5189,#5190),.UNSPECIFIED.,.F.,
  .F.,(2,2),(0.,1.),.PIECEWISE_BEZIER_KNOTS.);
#5189 = CARTESIAN_POINT('',(0.705,-1.45,0.75));
#5190 = CARTESIAN_POINT('',(0.705,-1.45,0.9));
#5191 = ORIENTED_EDGE('',*,*,#5192,.F.);
#5192 = EDGE_CURVE('',#5141,#5186,#5193,.T.);
#5193 = LINE('',#5194,#5195);
#5194 = CARTESIAN_POINT('',(0.8,-1.355,0.9));
#5195 = VECTOR('',#5196,1.);
#5196 = DIRECTION('',(-0.707106781187,-0.707106781187,0.));
#5197 = ORIENTED_EDGE('',*,*,#5140,.F.);
#5198 = PLANE('',#5199);
#5199 = AXIS2_PLACEMENT_3D('',#5200,#5201,#5202);
#5200 = CARTESIAN_POINT('',(0.8,-1.355,0.9));
#5201 = DIRECTION('',(-0.707106781187,0.707106781187,0.));
#5202 = DIRECTION('',(-0.707106781187,-0.707106781187,0.));
#5203 = ADVANCED_FACE('',(#5204),#5215,.F.);
#5204 = FACE_BOUND('',#5205,.F.);
#5205 = EDGE_LOOP('',(#5206,#5207,#5208,#5214));
#5206 = ORIENTED_EDGE('',*,*,#4677,.T.);
#5207 = ORIENTED_EDGE('',*,*,#5171,.T.);
#5208 = ORIENTED_EDGE('',*,*,#5209,.F.);
#5209 = EDGE_CURVE('',#5186,#5164,#5210,.T.);
#5210 = LINE('',#5211,#5212);
#5211 = CARTESIAN_POINT('',(0.705,-1.45,0.9));
#5212 = VECTOR('',#5213,1.);
#5213 = DIRECTION('',(-1.,-1.110223024625E-16,0.));
#5214 = ORIENTED_EDGE('',*,*,#5185,.F.);
#5215 = PLANE('',#5216);
#5216 = AXIS2_PLACEMENT_3D('',#5217,#5218,#5219);
#5217 = CARTESIAN_POINT('',(0.705,-1.45,0.9));
#5218 = DIRECTION('',(-1.110223024625E-16,1.,0.));
#5219 = DIRECTION('',(-1.,-1.110223024625E-16,0.));
#5220 = ADVANCED_FACE('',(#5221),#5260,.F.);
#5221 = FACE_BOUND('',#5222,.F.);
#5222 = EDGE_LOOP('',(#5223,#5231,#5239,#5245,#5246,#5254));
#5223 = ORIENTED_EDGE('',*,*,#5224,.F.);
#5224 = EDGE_CURVE('',#5225,#4952,#5227,.T.);
#5225 = VERTEX_POINT('',#5226);
#5226 = CARTESIAN_POINT('',(-0.85,0.7,0.9));
#5227 = LINE('',#5228,#5229);
#5228 = CARTESIAN_POINT('',(-0.85,0.7,0.9));
#5229 = VECTOR('',#5230,1.);
#5230 = DIRECTION('',(1.,-1.144237745222E-17,0.));
#5231 = ORIENTED_EDGE('',*,*,#5232,.T.);
#5232 = EDGE_CURVE('',#5225,#5233,#5235,.T.);
#5233 = VERTEX_POINT('',#5234);
#5234 = CARTESIAN_POINT('',(-0.85,1.2,0.9));
#5235 = LINE('',#5236,#5237);
#5236 = CARTESIAN_POINT('',(-0.85,0.7,0.9));
#5237 = VECTOR('',#5238,1.);
#5238 = DIRECTION('',(1.144237745222E-17,1.,0.));
#5239 = ORIENTED_EDGE('',*,*,#5240,.T.);
#5240 = EDGE_CURVE('',#5233,#4782,#5241,.T.);
#5241 = LINE('',#5242,#5243);
#5242 = CARTESIAN_POINT('',(-0.85,1.2,0.9));
#5243 = VECTOR('',#5244,1.);
#5244 = DIRECTION('',(1.,-1.144237745222E-17,0.));
#5245 = ORIENTED_EDGE('',*,*,#4781,.T.);
#5246 = ORIENTED_EDGE('',*,*,#5247,.F.);
#5247 = EDGE_CURVE('',#5248,#4774,#5250,.T.);
#5248 = VERTEX_POINT('',#5249);
#5249 = CARTESIAN_POINT('',(-0.775,0.7,0.9));
#5250 = LINE('',#5251,#5252);
#5251 = CARTESIAN_POINT('',(-0.775,-1.3425,0.9));
#5252 = VECTOR('',#5253,1.);
#5253 = DIRECTION('',(-1.110223024625E-16,1.,0.));
#5254 = ORIENTED_EDGE('',*,*,#5255,.F.);
#5255 = EDGE_CURVE('',#4952,#5248,#5256,.T.);
#5256 = LINE('',#5257,#5258);
#5257 = CARTESIAN_POINT('',(-0.85,0.7,0.9));
#5258 = VECTOR('',#5259,1.);
#5259 = DIRECTION('',(1.,-1.144237745222E-17,0.));
#5260 = PLANE('',#5261);
#5261 = AXIS2_PLACEMENT_3D('',#5262,#5263,#5264);
#5262 = CARTESIAN_POINT('',(-0.85,0.7,0.9));
#5263 = DIRECTION('',(0.,0.,-1.));
#5264 = DIRECTION('',(1.,-1.144237745222E-17,0.));
#5265 = ADVANCED_FACE('',(#5266),#5330,.F.);
#5266 = FACE_BOUND('',#5267,.F.);
#5267 = EDGE_LOOP('',(#5268,#5278,#5286,#5294,#5302,#5308,#5309,#5310,
    #5317,#5325));
#5268 = ORIENTED_EDGE('',*,*,#5269,.T.);
#5269 = EDGE_CURVE('',#5270,#5272,#5274,.T.);
#5270 = VERTEX_POINT('',#5271);
#5271 = CARTESIAN_POINT('',(-0.775,-1.3425,0.9));
#5272 = VERTEX_POINT('',#5273);
#5273 = CARTESIAN_POINT('',(-0.775,-1.2,0.9));
#5274 = LINE('',#5275,#5276);
#5275 = CARTESIAN_POINT('',(-0.775,-1.3425,0.9));
#5276 = VECTOR('',#5277,1.);
#5277 = DIRECTION('',(-1.110223024625E-16,1.,0.));
#5278 = ORIENTED_EDGE('',*,*,#5279,.T.);
#5279 = EDGE_CURVE('',#5272,#5280,#5282,.T.);
#5280 = VERTEX_POINT('',#5281);
#5281 = CARTESIAN_POINT('',(-0.775,-0.7,0.9));
#5282 = LINE('',#5283,#5284);
#5283 = CARTESIAN_POINT('',(-0.775,-1.3425,0.9));
#5284 = VECTOR('',#5285,1.);
#5285 = DIRECTION('',(-1.110223024625E-16,1.,0.));
#5286 = ORIENTED_EDGE('',*,*,#5287,.T.);
#5287 = EDGE_CURVE('',#5280,#5288,#5290,.T.);
#5288 = VERTEX_POINT('',#5289);
#5289 = CARTESIAN_POINT('',(-0.775,-0.25,0.9));
#5290 = LINE('',#5291,#5292);
#5291 = CARTESIAN_POINT('',(-0.775,-1.3425,0.9));
#5292 = VECTOR('',#5293,1.);
#5293 = DIRECTION('',(-1.110223024625E-16,1.,0.));
#5294 = ORIENTED_EDGE('',*,*,#5295,.T.);
#5295 = EDGE_CURVE('',#5288,#5296,#5298,.T.);
#5296 = VERTEX_POINT('',#5297);
#5297 = CARTESIAN_POINT('',(-0.775,0.25,0.9));
#5298 = LINE('',#5299,#5300);
#5299 = CARTESIAN_POINT('',(-0.775,-1.3425,0.9));
#5300 = VECTOR('',#5301,1.);
#5301 = DIRECTION('',(-1.110223024625E-16,1.,0.));
#5302 = ORIENTED_EDGE('',*,*,#5303,.T.);
#5303 = EDGE_CURVE('',#5296,#5248,#5304,.T.);
#5304 = LINE('',#5305,#5306);
#5305 = CARTESIAN_POINT('',(-0.775,-1.3425,0.9));
#5306 = VECTOR('',#5307,1.);
#5307 = DIRECTION('',(-1.110223024625E-16,1.,0.));
#5308 = ORIENTED_EDGE('',*,*,#5247,.T.);
#5309 = ORIENTED_EDGE('',*,*,#4773,.T.);
#5310 = ORIENTED_EDGE('',*,*,#5311,.T.);
#5311 = EDGE_CURVE('',#4766,#5312,#5314,.T.);
#5312 = VERTEX_POINT('',#5313);
#5313 = CARTESIAN_POINT('',(-0.683648457443,1.296824228722,1.55));
#5314 = B_SPLINE_CURVE_WITH_KNOTS('',1,(#5315,#5316),.UNSPECIFIED.,.F.,
  .F.,(2,2),(0.,1.),.PIECEWISE_BEZIER_KNOTS.);
#5315 = CARTESIAN_POINT('',(-0.775,1.3425,0.9));
#5316 = CARTESIAN_POINT('',(-0.683648457443,1.296824228722,1.55));
#5317 = ORIENTED_EDGE('',*,*,#5318,.F.);
#5318 = EDGE_CURVE('',#5319,#5312,#5321,.T.);
#5319 = VERTEX_POINT('',#5320);
#5320 = CARTESIAN_POINT('',(-0.683648457443,-1.296824228722,1.55));
#5321 = LINE('',#5322,#5323);
#5322 = CARTESIAN_POINT('',(-0.683648457443,-1.296824228722,1.55));
#5323 = VECTOR('',#5324,1.);
#5324 = DIRECTION('',(-1.110223024625E-16,1.,0.));
#5325 = ORIENTED_EDGE('',*,*,#5326,.F.);
#5326 = EDGE_CURVE('',#5270,#5319,#5327,.T.);
#5327 = B_SPLINE_CURVE_WITH_KNOTS('',1,(#5328,#5329),.UNSPECIFIED.,.F.,
  .F.,(2,2),(0.,1.),.PIECEWISE_BEZIER_KNOTS.);
#5328 = CARTESIAN_POINT('',(-0.775,-1.3425,0.9));
#5329 = CARTESIAN_POINT('',(-0.683648457443,-1.296824228722,1.55));
#5330 = B_SPLINE_SURFACE_WITH_KNOTS('',1,1,(
    (#5331,#5332)
    ,(#5333,#5334
    )),.UNSPECIFIED.,.F.,.F.,.F.,(2,2),(2,2),(0.,2.685),(0.,1.),
  .PIECEWISE_BEZIER_KNOTS.);
#5331 = CARTESIAN_POINT('',(-0.775,-1.3425,0.9));
#5332 = CARTESIAN_POINT('',(-0.683648457443,-1.296824228722,1.55));
#5333 = CARTESIAN_POINT('',(-0.775,1.3425,0.9));
#5334 = CARTESIAN_POINT('',(-0.683648457443,1.296824228722,1.55));
#5335 = ADVANCED_FACE('',(#5336),#5353,.F.);
#5336 = FACE_BOUND('',#5337,.F.);
#5337 = EDGE_LOOP('',(#5338,#5339,#5346,#5352));
#5338 = ORIENTED_EDGE('',*,*,#4765,.T.);
#5339 = ORIENTED_EDGE('',*,*,#5340,.T.);
#5340 = EDGE_CURVE('',#4758,#5341,#5343,.T.);
#5341 = VERTEX_POINT('',#5342);
#5342 = CARTESIAN_POINT('',(-0.646824228722,1.333648457443,1.55));
#5343 = B_SPLINE_CURVE_WITH_KNOTS('',1,(#5344,#5345),.UNSPECIFIED.,.F.,
  .F.,(2,2),(0.,1.),.PIECEWISE_BEZIER_KNOTS.);
#5344 = CARTESIAN_POINT('',(-0.6925,1.425,0.9));
#5345 = CARTESIAN_POINT('',(-0.646824228722,1.333648457443,1.55));
#5346 = ORIENTED_EDGE('',*,*,#5347,.F.);
#5347 = EDGE_CURVE('',#5312,#5341,#5348,.T.);
#5348 = LINE('',#5349,#5350);
#5349 = CARTESIAN_POINT('',(-0.683648457443,1.296824228722,1.55));
#5350 = VECTOR('',#5351,1.);
#5351 = DIRECTION('',(0.707106781187,0.707106781187,0.));
#5352 = ORIENTED_EDGE('',*,*,#5311,.F.);
#5353 = B_SPLINE_SURFACE_WITH_KNOTS('',1,1,(
    (#5354,#5355)
    ,(#5356,#5357
    )),.UNSPECIFIED.,.F.,.F.,.F.,(2,2),(2,2),(0.,0.116672618896),(0.,1.)
  ,.PIECEWISE_BEZIER_KNOTS.);
#5354 = CARTESIAN_POINT('',(-0.775,1.3425,0.9));
#5355 = CARTESIAN_POINT('',(-0.683648457443,1.296824228722,1.55));
#5356 = CARTESIAN_POINT('',(-0.6925,1.425,0.9));
#5357 = CARTESIAN_POINT('',(-0.646824228722,1.333648457443,1.55));
#5358 = ADVANCED_FACE('',(#5359),#5376,.F.);
#5359 = FACE_BOUND('',#5360,.F.);
#5360 = EDGE_LOOP('',(#5361,#5362,#5369,#5375));
#5361 = ORIENTED_EDGE('',*,*,#4757,.T.);
#5362 = ORIENTED_EDGE('',*,*,#5363,.T.);
#5363 = EDGE_CURVE('',#4750,#5364,#5366,.T.);
#5364 = VERTEX_POINT('',#5365);
#5365 = CARTESIAN_POINT('',(0.646824228722,1.333648457443,1.55));
#5366 = B_SPLINE_CURVE_WITH_KNOTS('',1,(#5367,#5368),.UNSPECIFIED.,.F.,
  .F.,(2,2),(0.,1.),.PIECEWISE_BEZIER_KNOTS.);
#5367 = CARTESIAN_POINT('',(0.6925,1.425,0.9));
#5368 = CARTESIAN_POINT('',(0.646824228722,1.333648457443,1.55));
#5369 = ORIENTED_EDGE('',*,*,#5370,.F.);
#5370 = EDGE_CURVE('',#5341,#5364,#5371,.T.);
#5371 = LINE('',#5372,#5373);
#5372 = CARTESIAN_POINT('',(-0.646824228722,1.333648457443,1.55));
#5373 = VECTOR('',#5374,1.);
#5374 = DIRECTION('',(1.,1.110223024625E-16,0.));
#5375 = ORIENTED_EDGE('',*,*,#5340,.F.);
#5376 = B_SPLINE_SURFACE_WITH_KNOTS('',1,1,(
    (#5377,#5378)
    ,(#5379,#5380
    )),.UNSPECIFIED.,.F.,.F.,.F.,(2,2),(2,2),(0.,1.385),(0.,1.),
  .PIECEWISE_BEZIER_KNOTS.);
#5377 = CARTESIAN_POINT('',(-0.6925,1.425,0.9));
#5378 = CARTESIAN_POINT('',(-0.646824228722,1.333648457443,1.55));
#5379 = CARTESIAN_POINT('',(0.6925,1.425,0.9));
#5380 = CARTESIAN_POINT('',(0.646824228722,1.333648457443,1.55));
#5381 = ADVANCED_FACE('',(#5382),#5399,.F.);
#5382 = FACE_BOUND('',#5383,.F.);
#5383 = EDGE_LOOP('',(#5384,#5385,#5392,#5398));
#5384 = ORIENTED_EDGE('',*,*,#4749,.T.);
#5385 = ORIENTED_EDGE('',*,*,#5386,.T.);
#5386 = EDGE_CURVE('',#4742,#5387,#5389,.T.);
#5387 = VERTEX_POINT('',#5388);
#5388 = CARTESIAN_POINT('',(0.683648457443,1.296824228722,1.55));
#5389 = B_SPLINE_CURVE_WITH_KNOTS('',1,(#5390,#5391),.UNSPECIFIED.,.F.,
  .F.,(2,2),(0.,1.),.PIECEWISE_BEZIER_KNOTS.);
#5390 = CARTESIAN_POINT('',(0.775,1.3425,0.9));
#5391 = CARTESIAN_POINT('',(0.683648457443,1.296824228722,1.55));
#5392 = ORIENTED_EDGE('',*,*,#5393,.F.);
#5393 = EDGE_CURVE('',#5364,#5387,#5394,.T.);
#5394 = LINE('',#5395,#5396);
#5395 = CARTESIAN_POINT('',(0.646824228722,1.333648457443,1.55));
#5396 = VECTOR('',#5397,1.);
#5397 = DIRECTION('',(0.707106781187,-0.707106781187,0.));
#5398 = ORIENTED_EDGE('',*,*,#5363,.F.);
#5399 = B_SPLINE_SURFACE_WITH_KNOTS('',1,1,(
    (#5400,#5401)
    ,(#5402,#5403
    )),.UNSPECIFIED.,.F.,.F.,.F.,(2,2),(2,2),(0.,0.116672618896),(0.,1.)
  ,.PIECEWISE_BEZIER_KNOTS.);
#5400 = CARTESIAN_POINT('',(0.6925,1.425,0.9));
#5401 = CARTESIAN_POINT('',(0.646824228722,1.333648457443,1.55));
#5402 = CARTESIAN_POINT('',(0.775,1.3425,0.9));
#5403 = CARTESIAN_POINT('',(0.683648457443,1.296824228722,1.55));
#5404 = ADVANCED_FACE('',(#5405),#5454,.F.);
#5405 = FACE_BOUND('',#5406,.F.);
#5406 = EDGE_LOOP('',(#5407,#5408,#5416,#5424,#5432,#5440,#5447,#5453));
#5407 = ORIENTED_EDGE('',*,*,#4741,.T.);
#5408 = ORIENTED_EDGE('',*,*,#5409,.T.);
#5409 = EDGE_CURVE('',#4734,#5410,#5412,.T.);
#5410 = VERTEX_POINT('',#5411);
#5411 = CARTESIAN_POINT('',(0.775,0.7,0.9));
#5412 = LINE('',#5413,#5414);
#5413 = CARTESIAN_POINT('',(0.775,1.3425,0.9));
#5414 = VECTOR('',#5415,1.);
#5415 = DIRECTION('',(1.110223024625E-16,-1.,0.));
#5416 = ORIENTED_EDGE('',*,*,#5417,.T.);
#5417 = EDGE_CURVE('',#5410,#5418,#5420,.T.);
#5418 = VERTEX_POINT('',#5419);
#5419 = CARTESIAN_POINT('',(0.775,-0.7,0.9));
#5420 = LINE('',#5421,#5422);
#5421 = CARTESIAN_POINT('',(0.775,1.3425,0.9));
#5422 = VECTOR('',#5423,1.);
#5423 = DIRECTION('',(1.110223024625E-16,-1.,0.));
#5424 = ORIENTED_EDGE('',*,*,#5425,.T.);
#5425 = EDGE_CURVE('',#5418,#5426,#5428,.T.);
#5426 = VERTEX_POINT('',#5427);
#5427 = CARTESIAN_POINT('',(0.775,-1.2,0.9));
#5428 = LINE('',#5429,#5430);
#5429 = CARTESIAN_POINT('',(0.775,1.3425,0.9));
#5430 = VECTOR('',#5431,1.);
#5431 = DIRECTION('',(1.110223024625E-16,-1.,0.));
#5432 = ORIENTED_EDGE('',*,*,#5433,.T.);
#5433 = EDGE_CURVE('',#5426,#5434,#5436,.T.);
#5434 = VERTEX_POINT('',#5435);
#5435 = CARTESIAN_POINT('',(0.775,-1.3425,0.9));
#5436 = LINE('',#5437,#5438);
#5437 = CARTESIAN_POINT('',(0.775,1.3425,0.9));
#5438 = VECTOR('',#5439,1.);
#5439 = DIRECTION('',(1.110223024625E-16,-1.,0.));
#5440 = ORIENTED_EDGE('',*,*,#5441,.T.);
#5441 = EDGE_CURVE('',#5434,#5442,#5444,.T.);
#5442 = VERTEX_POINT('',#5443);
#5443 = CARTESIAN_POINT('',(0.683648457443,-1.296824228722,1.55));
#5444 = B_SPLINE_CURVE_WITH_KNOTS('',1,(#5445,#5446),.UNSPECIFIED.,.F.,
  .F.,(2,2),(0.,1.),.PIECEWISE_BEZIER_KNOTS.);
#5445 = CARTESIAN_POINT('',(0.775,-1.3425,0.9));
#5446 = CARTESIAN_POINT('',(0.683648457443,-1.296824228722,1.55));
#5447 = ORIENTED_EDGE('',*,*,#5448,.F.);
#5448 = EDGE_CURVE('',#5387,#5442,#5449,.T.);
#5449 = LINE('',#5450,#5451);
#5450 = CARTESIAN_POINT('',(0.683648457443,1.296824228722,1.55));
#5451 = VECTOR('',#5452,1.);
#5452 = DIRECTION('',(1.110223024625E-16,-1.,0.));
#5453 = ORIENTED_EDGE('',*,*,#5386,.F.);
#5454 = B_SPLINE_SURFACE_WITH_KNOTS('',1,1,(
    (#5455,#5456)
    ,(#5457,#5458
    )),.UNSPECIFIED.,.F.,.F.,.F.,(2,2),(2,2),(0.,2.685),(0.,1.),
  .PIECEWISE_BEZIER_KNOTS.);
#5455 = CARTESIAN_POINT('',(0.775,1.3425,0.9));
#5456 = CARTESIAN_POINT('',(0.683648457443,1.296824228722,1.55));
#5457 = CARTESIAN_POINT('',(0.775,-1.3425,0.9));
#5458 = CARTESIAN_POINT('',(0.683648457443,-1.296824228722,1.55));
#5459 = ADVANCED_FACE('',(#5460),#5492,.F.);
#5460 = FACE_BOUND('',#5461,.F.);
#5461 = EDGE_LOOP('',(#5462,#5470,#5478,#5484,#5490,#5491));
#5462 = ORIENTED_EDGE('',*,*,#5463,.F.);
#5463 = EDGE_CURVE('',#5464,#4726,#5466,.T.);
#5464 = VERTEX_POINT('',#5465);
#5465 = CARTESIAN_POINT('',(0.85,1.2,0.9));
#5466 = LINE('',#5467,#5468);
#5467 = CARTESIAN_POINT('',(0.85,1.2,0.9));
#5468 = VECTOR('',#5469,1.);
#5469 = DIRECTION('',(-1.,-1.110223024625E-16,0.));
#5470 = ORIENTED_EDGE('',*,*,#5471,.T.);
#5471 = EDGE_CURVE('',#5464,#5472,#5474,.T.);
#5472 = VERTEX_POINT('',#5473);
#5473 = CARTESIAN_POINT('',(0.85,0.7,0.9));
#5474 = LINE('',#5475,#5476);
#5475 = CARTESIAN_POINT('',(0.85,1.2,0.9));
#5476 = VECTOR('',#5477,1.);
#5477 = DIRECTION('',(1.110223024625E-16,-1.,0.));
#5478 = ORIENTED_EDGE('',*,*,#5479,.T.);
#5479 = EDGE_CURVE('',#5472,#5070,#5480,.T.);
#5480 = LINE('',#5481,#5482);
#5481 = CARTESIAN_POINT('',(0.85,0.7,0.9));
#5482 = VECTOR('',#5483,1.);
#5483 = DIRECTION('',(-1.,-1.110223024625E-16,0.));
#5484 = ORIENTED_EDGE('',*,*,#5485,.T.);
#5485 = EDGE_CURVE('',#5070,#5410,#5486,.T.);
#5486 = LINE('',#5487,#5488);
#5487 = CARTESIAN_POINT('',(0.85,0.7,0.9));
#5488 = VECTOR('',#5489,1.);
#5489 = DIRECTION('',(-1.,-1.110223024625E-16,0.));
#5490 = ORIENTED_EDGE('',*,*,#5409,.F.);
#5491 = ORIENTED_EDGE('',*,*,#4733,.F.);
#5492 = PLANE('',#5493);
#5493 = AXIS2_PLACEMENT_3D('',#5494,#5495,#5496);
#5494 = CARTESIAN_POINT('',(0.85,1.2,0.9));
#5495 = DIRECTION('',(0.,0.,-1.));
#5496 = DIRECTION('',(-1.,-1.110223024625E-16,-0.));
#5497 = ADVANCED_FACE('',(#5498),#5541,.F.);
#5498 = FACE_BOUND('',#5499,.F.);
#5499 = EDGE_LOOP('',(#5500,#5506,#5507,#5508,#5509,#5510,#5511,#5517,
    #5518,#5526,#5534,#5540));
#5500 = ORIENTED_EDGE('',*,*,#5501,.F.);
#5501 = EDGE_CURVE('',#5132,#5426,#5502,.T.);
#5502 = LINE('',#5503,#5504);
#5503 = CARTESIAN_POINT('',(0.85,-1.2,0.9));
#5504 = VECTOR('',#5505,1.);
#5505 = DIRECTION('',(-1.,-1.110223024625E-16,0.));
#5506 = ORIENTED_EDGE('',*,*,#5147,.T.);
#5507 = ORIENTED_EDGE('',*,*,#5192,.T.);
#5508 = ORIENTED_EDGE('',*,*,#5209,.T.);
#5509 = ORIENTED_EDGE('',*,*,#5163,.T.);
#5510 = ORIENTED_EDGE('',*,*,#4835,.T.);
#5511 = ORIENTED_EDGE('',*,*,#5512,.T.);
#5512 = EDGE_CURVE('',#4828,#5272,#5513,.T.);
#5513 = LINE('',#5514,#5515);
#5514 = CARTESIAN_POINT('',(-0.85,-1.2,0.9));
#5515 = VECTOR('',#5516,1.);
#5516 = DIRECTION('',(1.,-1.144237745222E-17,0.));
#5517 = ORIENTED_EDGE('',*,*,#5269,.F.);
#5518 = ORIENTED_EDGE('',*,*,#5519,.F.);
#5519 = EDGE_CURVE('',#5520,#5270,#5522,.T.);
#5520 = VERTEX_POINT('',#5521);
#5521 = CARTESIAN_POINT('',(-0.6925,-1.425,0.9));
#5522 = LINE('',#5523,#5524);
#5523 = CARTESIAN_POINT('',(-0.6925,-1.425,0.9));
#5524 = VECTOR('',#5525,1.);
#5525 = DIRECTION('',(-0.707106781187,0.707106781187,0.));
#5526 = ORIENTED_EDGE('',*,*,#5527,.F.);
#5527 = EDGE_CURVE('',#5528,#5520,#5530,.T.);
#5528 = VERTEX_POINT('',#5529);
#5529 = CARTESIAN_POINT('',(0.6925,-1.425,0.9));
#5530 = LINE('',#5531,#5532);
#5531 = CARTESIAN_POINT('',(0.6925,-1.425,0.9));
#5532 = VECTOR('',#5533,1.);
#5533 = DIRECTION('',(-1.,-1.110223024625E-16,0.));
#5534 = ORIENTED_EDGE('',*,*,#5535,.F.);
#5535 = EDGE_CURVE('',#5434,#5528,#5536,.T.);
#5536 = LINE('',#5537,#5538);
#5537 = CARTESIAN_POINT('',(0.775,-1.3425,0.9));
#5538 = VECTOR('',#5539,1.);
#5539 = DIRECTION('',(-0.707106781187,-0.707106781187,0.));
#5540 = ORIENTED_EDGE('',*,*,#5433,.F.);
#5541 = PLANE('',#5542);
#5542 = AXIS2_PLACEMENT_3D('',#5543,#5544,#5545);
#5543 = CARTESIAN_POINT('',(-2.091417030376E-16,1.4375,0.9));
#5544 = DIRECTION('',(4.595758349624E-18,6.551522493592E-27,-1.));
#5545 = DIRECTION('',(1.,1.51922136901E-16,4.595758349624E-18));
#5546 = ADVANCED_FACE('',(#5547),#5633,.F.);
#5547 = FACE_BOUND('',#5548,.F.);
#5548 = EDGE_LOOP('',(#5549,#5550,#5551,#5560,#5568,#5577,#5585,#5593,
    #5601,#5610,#5618,#5627));
#5549 = ORIENTED_EDGE('',*,*,#4827,.F.);
#5550 = ORIENTED_EDGE('',*,*,#4849,.T.);
#5551 = ORIENTED_EDGE('',*,*,#5552,.T.);
#5552 = EDGE_CURVE('',#4850,#5553,#5555,.T.);
#5553 = VERTEX_POINT('',#5554);
#5554 = CARTESIAN_POINT('',(-0.948480775301,-1.2,0.667364817767));
#5555 = CIRCLE('',#5556,0.1);
#5556 = AXIS2_PLACEMENT_3D('',#5557,#5558,#5559);
#5557 = CARTESIAN_POINT('',(-0.85,-1.2,0.65));
#5558 = DIRECTION('',(-1.144237745222E-17,-1.,0.));
#5559 = DIRECTION('',(0.,0.,1.));
#5560 = ORIENTED_EDGE('',*,*,#5561,.T.);
#5561 = EDGE_CURVE('',#5553,#5562,#5564,.T.);
#5562 = VERTEX_POINT('',#5563);
#5563 = CARTESIAN_POINT('',(-1.02432885403,-1.2,0.206587955583));
#5564 = LINE('',#5565,#5566);
#5565 = CARTESIAN_POINT('',(-0.948480775301,-1.2,0.667364817767));
#5566 = VECTOR('',#5567,1.);
#5567 = DIRECTION('',(-0.162423314012,1.858508865964E-18,-0.986721169868
    ));
#5568 = ORIENTED_EDGE('',*,*,#5569,.T.);
#5569 = EDGE_CURVE('',#5562,#5570,#5572,.T.);
#5570 = VERTEX_POINT('',#5571);
#5571 = CARTESIAN_POINT('',(-1.270530792283,-1.2,0.));
#5572 = CIRCLE('',#5573,0.25);
#5573 = AXIS2_PLACEMENT_3D('',#5574,#5575,#5576);
#5574 = CARTESIAN_POINT('',(-1.270530792283,-1.2,0.25));
#5575 = DIRECTION('',(1.144237745222E-17,1.,1.24725095109E-33));
#5576 = DIRECTION('',(0.984807753012,-1.126854202784E-17,-0.173648177667
    ));
#5577 = ORIENTED_EDGE('',*,*,#5578,.T.);
#5578 = EDGE_CURVE('',#5570,#5579,#5581,.T.);
#5579 = VERTEX_POINT('',#5580);
#5580 = CARTESIAN_POINT('',(-1.4,-1.2,0.));
#5581 = LINE('',#5582,#5583);
#5582 = CARTESIAN_POINT('',(-1.270530792283,-1.2,0.));
#5583 = VECTOR('',#5584,1.);
#5584 = DIRECTION('',(-1.,1.144237745222E-17,0.));
#5585 = ORIENTED_EDGE('',*,*,#5586,.T.);
#5586 = EDGE_CURVE('',#5579,#5587,#5589,.T.);
#5587 = VERTEX_POINT('',#5588);
#5588 = CARTESIAN_POINT('',(-1.4,-1.2,0.15));
#5589 = LINE('',#5590,#5591);
#5590 = CARTESIAN_POINT('',(-1.4,-1.2,0.));
#5591 = VECTOR('',#5592,1.);
#5592 = DIRECTION('',(0.,0.,1.));
#5593 = ORIENTED_EDGE('',*,*,#5594,.T.);
#5594 = EDGE_CURVE('',#5587,#5595,#5597,.T.);
#5595 = VERTEX_POINT('',#5596);
#5596 = CARTESIAN_POINT('',(-1.270530792283,-1.2,0.15));
#5597 = LINE('',#5598,#5599);
#5598 = CARTESIAN_POINT('',(-1.4,-1.2,0.15));
#5599 = VECTOR('',#5600,1.);
#5600 = DIRECTION('',(1.,-1.144237745222E-17,0.));
#5601 = ORIENTED_EDGE('',*,*,#5602,.T.);
#5602 = EDGE_CURVE('',#5595,#5603,#5605,.T.);
#5603 = VERTEX_POINT('',#5604);
#5604 = CARTESIAN_POINT('',(-1.172050016982,-1.2,0.232635182233));
#5605 = CIRCLE('',#5606,0.1);
#5606 = AXIS2_PLACEMENT_3D('',#5607,#5608,#5609);
#5607 = CARTESIAN_POINT('',(-1.270530792283,-1.2,0.25));
#5608 = DIRECTION('',(-1.144237745222E-17,-1.,1.855131475086E-48));
#5609 = DIRECTION('',(-2.22044604925E-15,2.540718180781E-32,-1.));
#5610 = ORIENTED_EDGE('',*,*,#5611,.T.);
#5611 = EDGE_CURVE('',#5603,#5612,#5614,.T.);
#5612 = VERTEX_POINT('',#5613);
#5613 = CARTESIAN_POINT('',(-1.096201938253,-1.2,0.693412044417));
#5614 = LINE('',#5615,#5616);
#5615 = CARTESIAN_POINT('',(-1.172050016982,-1.2,0.232635182233));
#5616 = VECTOR('',#5617,1.);
#5617 = DIRECTION('',(0.162423314012,-1.858508865964E-18,0.986721169868)
  );
#5618 = ORIENTED_EDGE('',*,*,#5619,.T.);
#5619 = EDGE_CURVE('',#5612,#5620,#5622,.T.);
#5620 = VERTEX_POINT('',#5621);
#5621 = CARTESIAN_POINT('',(-0.85,-1.2,0.9));
#5622 = CIRCLE('',#5623,0.25);
#5623 = AXIS2_PLACEMENT_3D('',#5624,#5625,#5626);
#5624 = CARTESIAN_POINT('',(-0.85,-1.2,0.65));
#5625 = DIRECTION('',(1.144237745222E-17,1.,8.679168028915E-34));
#5626 = DIRECTION('',(-0.984807753012,1.126854202784E-17,0.173648177667)
  );
#5627 = ORIENTED_EDGE('',*,*,#5628,.T.);
#5628 = EDGE_CURVE('',#5620,#4828,#5629,.T.);
#5629 = LINE('',#5630,#5631);
#5630 = CARTESIAN_POINT('',(-0.85,-1.2,0.9));
#5631 = VECTOR('',#5632,1.);
#5632 = DIRECTION('',(1.,-1.144237745222E-17,0.));
#5633 = PLANE('',#5634);
#5634 = AXIS2_PLACEMENT_3D('',#5635,#5636,#5637);
#5635 = CARTESIAN_POINT('',(-1.069123385139,-1.2,0.441695635315));
#5636 = DIRECTION('',(1.144237745222E-17,1.,0.));
#5637 = DIRECTION('',(0.,-0.,1.));
#5638 = ADVANCED_FACE('',(#5639),#5658,.F.);
#5639 = FACE_BOUND('',#5640,.F.);
#5640 = EDGE_LOOP('',(#5641,#5642,#5651,#5657));
#5641 = ORIENTED_EDGE('',*,*,#4866,.T.);
#5642 = ORIENTED_EDGE('',*,*,#5643,.T.);
#5643 = EDGE_CURVE('',#4859,#5644,#5646,.T.);
#5644 = VERTEX_POINT('',#5645);
#5645 = CARTESIAN_POINT('',(-0.948480775301,-0.7,0.667364817767));
#5646 = CIRCLE('',#5647,0.1);
#5647 = AXIS2_PLACEMENT_3D('',#5648,#5649,#5650);
#5648 = CARTESIAN_POINT('',(-0.85,-0.7,0.65));
#5649 = DIRECTION('',(-1.144237745222E-17,-1.,0.));
#5650 = DIRECTION('',(0.,0.,1.));
#5651 = ORIENTED_EDGE('',*,*,#5652,.F.);
#5652 = EDGE_CURVE('',#5553,#5644,#5653,.T.);
#5653 = LINE('',#5654,#5655);
#5654 = CARTESIAN_POINT('',(-0.948480775301,-1.2,0.667364817767));
#5655 = VECTOR('',#5656,1.);
#5656 = DIRECTION('',(1.144237745222E-17,1.,0.));
#5657 = ORIENTED_EDGE('',*,*,#5552,.F.);
#5658 = CYLINDRICAL_SURFACE('',#5659,0.1);
#5659 = AXIS2_PLACEMENT_3D('',#5660,#5661,#5662);
#5660 = CARTESIAN_POINT('',(-0.85,-1.2,0.65));
#5661 = DIRECTION('',(-1.144237745222E-17,-1.,0.));
#5662 = DIRECTION('',(0.,0.,1.));
#5663 = ADVANCED_FACE('',(#5664),#5742,.T.);
#5664 = FACE_BOUND('',#5665,.T.);
#5665 = EDGE_LOOP('',(#5666,#5667,#5668,#5669,#5677,#5686,#5694,#5702,
    #5710,#5719,#5727,#5736));
#5666 = ORIENTED_EDGE('',*,*,#4880,.F.);
#5667 = ORIENTED_EDGE('',*,*,#4858,.T.);
#5668 = ORIENTED_EDGE('',*,*,#5643,.T.);
#5669 = ORIENTED_EDGE('',*,*,#5670,.T.);
#5670 = EDGE_CURVE('',#5644,#5671,#5673,.T.);
#5671 = VERTEX_POINT('',#5672);
#5672 = CARTESIAN_POINT('',(-1.02432885403,-0.7,0.206587955583));
#5673 = LINE('',#5674,#5675);
#5674 = CARTESIAN_POINT('',(-0.948480775301,-0.7,0.667364817767));
#5675 = VECTOR('',#5676,1.);
#5676 = DIRECTION('',(-0.162423314012,1.858508865964E-18,-0.986721169868
    ));
#5677 = ORIENTED_EDGE('',*,*,#5678,.T.);
#5678 = EDGE_CURVE('',#5671,#5679,#5681,.T.);
#5679 = VERTEX_POINT('',#5680);
#5680 = CARTESIAN_POINT('',(-1.270530792283,-0.7,0.));
#5681 = CIRCLE('',#5682,0.25);
#5682 = AXIS2_PLACEMENT_3D('',#5683,#5684,#5685);
#5683 = CARTESIAN_POINT('',(-1.270530792283,-0.7,0.25));
#5684 = DIRECTION('',(1.144237745222E-17,1.,1.24725095109E-33));
#5685 = DIRECTION('',(0.984807753012,-1.126854202784E-17,-0.173648177667
    ));
#5686 = ORIENTED_EDGE('',*,*,#5687,.T.);
#5687 = EDGE_CURVE('',#5679,#5688,#5690,.T.);
#5688 = VERTEX_POINT('',#5689);
#5689 = CARTESIAN_POINT('',(-1.4,-0.7,0.));
#5690 = LINE('',#5691,#5692);
#5691 = CARTESIAN_POINT('',(-1.270530792283,-0.7,0.));
#5692 = VECTOR('',#5693,1.);
#5693 = DIRECTION('',(-1.,1.144237745222E-17,0.));
#5694 = ORIENTED_EDGE('',*,*,#5695,.T.);
#5695 = EDGE_CURVE('',#5688,#5696,#5698,.T.);
#5696 = VERTEX_POINT('',#5697);
#5697 = CARTESIAN_POINT('',(-1.4,-0.7,0.15));
#5698 = LINE('',#5699,#5700);
#5699 = CARTESIAN_POINT('',(-1.4,-0.7,0.));
#5700 = VECTOR('',#5701,1.);
#5701 = DIRECTION('',(0.,0.,1.));
#5702 = ORIENTED_EDGE('',*,*,#5703,.T.);
#5703 = EDGE_CURVE('',#5696,#5704,#5706,.T.);
#5704 = VERTEX_POINT('',#5705);
#5705 = CARTESIAN_POINT('',(-1.270530792283,-0.7,0.15));
#5706 = LINE('',#5707,#5708);
#5707 = CARTESIAN_POINT('',(-1.4,-0.7,0.15));
#5708 = VECTOR('',#5709,1.);
#5709 = DIRECTION('',(1.,-1.144237745222E-17,0.));
#5710 = ORIENTED_EDGE('',*,*,#5711,.T.);
#5711 = EDGE_CURVE('',#5704,#5712,#5714,.T.);
#5712 = VERTEX_POINT('',#5713);
#5713 = CARTESIAN_POINT('',(-1.172050016982,-0.7,0.232635182233));
#5714 = CIRCLE('',#5715,0.1);
#5715 = AXIS2_PLACEMENT_3D('',#5716,#5717,#5718);
#5716 = CARTESIAN_POINT('',(-1.270530792283,-0.7,0.25));
#5717 = DIRECTION('',(-1.144237745222E-17,-1.,1.855131475086E-48));
#5718 = DIRECTION('',(-2.22044604925E-15,2.540718180781E-32,-1.));
#5719 = ORIENTED_EDGE('',*,*,#5720,.T.);
#5720 = EDGE_CURVE('',#5712,#5721,#5723,.T.);
#5721 = VERTEX_POINT('',#5722);
#5722 = CARTESIAN_POINT('',(-1.096201938253,-0.7,0.693412044417));
#5723 = LINE('',#5724,#5725);
#5724 = CARTESIAN_POINT('',(-1.172050016982,-0.7,0.232635182233));
#5725 = VECTOR('',#5726,1.);
#5726 = DIRECTION('',(0.162423314012,-1.858508865964E-18,0.986721169868)
  );
#5727 = ORIENTED_EDGE('',*,*,#5728,.T.);
#5728 = EDGE_CURVE('',#5721,#5729,#5731,.T.);
#5729 = VERTEX_POINT('',#5730);
#5730 = CARTESIAN_POINT('',(-0.85,-0.7,0.9));
#5731 = CIRCLE('',#5732,0.25);
#5732 = AXIS2_PLACEMENT_3D('',#5733,#5734,#5735);
#5733 = CARTESIAN_POINT('',(-0.85,-0.7,0.65));
#5734 = DIRECTION('',(1.144237745222E-17,1.,8.679168028915E-34));
#5735 = DIRECTION('',(-0.984807753012,1.126854202784E-17,0.173648177667)
  );
#5736 = ORIENTED_EDGE('',*,*,#5737,.T.);
#5737 = EDGE_CURVE('',#5729,#4881,#5738,.T.);
#5738 = LINE('',#5739,#5740);
#5739 = CARTESIAN_POINT('',(-0.85,-0.7,0.9));
#5740 = VECTOR('',#5741,1.);
#5741 = DIRECTION('',(1.,-1.144237745222E-17,0.));
#5742 = PLANE('',#5743);
#5743 = AXIS2_PLACEMENT_3D('',#5744,#5745,#5746);
#5744 = CARTESIAN_POINT('',(-1.069123385139,-0.7,0.441695635315));
#5745 = DIRECTION('',(1.144237745222E-17,1.,0.));
#5746 = DIRECTION('',(0.,-0.,1.));
#5747 = ADVANCED_FACE('',(#5748),#5764,.F.);
#5748 = FACE_BOUND('',#5749,.F.);
#5749 = EDGE_LOOP('',(#5750,#5751,#5757,#5758));
#5750 = ORIENTED_EDGE('',*,*,#4897,.T.);
#5751 = ORIENTED_EDGE('',*,*,#5752,.T.);
#5752 = EDGE_CURVE('',#4890,#5288,#5753,.T.);
#5753 = LINE('',#5754,#5755);
#5754 = CARTESIAN_POINT('',(-0.85,-0.25,0.9));
#5755 = VECTOR('',#5756,1.);
#5756 = DIRECTION('',(1.,-1.144237745222E-17,0.));
#5757 = ORIENTED_EDGE('',*,*,#5287,.F.);
#5758 = ORIENTED_EDGE('',*,*,#5759,.F.);
#5759 = EDGE_CURVE('',#4881,#5280,#5760,.T.);
#5760 = LINE('',#5761,#5762);
#5761 = CARTESIAN_POINT('',(-0.85,-0.7,0.9));
#5762 = VECTOR('',#5763,1.);
#5763 = DIRECTION('',(1.,-1.144237745222E-17,0.));
#5764 = PLANE('',#5765);
#5765 = AXIS2_PLACEMENT_3D('',#5766,#5767,#5768);
#5766 = CARTESIAN_POINT('',(-2.091417030376E-16,1.4375,0.9));
#5767 = DIRECTION('',(4.595758349624E-18,6.551522493592E-27,-1.));
#5768 = DIRECTION('',(1.,1.51922136901E-16,4.595758349624E-18));
#5769 = ADVANCED_FACE('',(#5770),#5856,.F.);
#5770 = FACE_BOUND('',#5771,.F.);
#5771 = EDGE_LOOP('',(#5772,#5773,#5774,#5783,#5791,#5800,#5808,#5816,
    #5824,#5833,#5841,#5850));
#5772 = ORIENTED_EDGE('',*,*,#4889,.F.);
#5773 = ORIENTED_EDGE('',*,*,#4911,.T.);
#5774 = ORIENTED_EDGE('',*,*,#5775,.T.);
#5775 = EDGE_CURVE('',#4912,#5776,#5778,.T.);
#5776 = VERTEX_POINT('',#5777);
#5777 = CARTESIAN_POINT('',(-0.948480775301,-0.25,0.667364817767));
#5778 = CIRCLE('',#5779,0.1);
#5779 = AXIS2_PLACEMENT_3D('',#5780,#5781,#5782);
#5780 = CARTESIAN_POINT('',(-0.85,-0.25,0.65));
#5781 = DIRECTION('',(-1.144237745222E-17,-1.,0.));
#5782 = DIRECTION('',(0.,0.,1.));
#5783 = ORIENTED_EDGE('',*,*,#5784,.T.);
#5784 = EDGE_CURVE('',#5776,#5785,#5787,.T.);
#5785 = VERTEX_POINT('',#5786);
#5786 = CARTESIAN_POINT('',(-1.02432885403,-0.25,0.206587955583));
#5787 = LINE('',#5788,#5789);
#5788 = CARTESIAN_POINT('',(-0.948480775301,-0.25,0.667364817767));
#5789 = VECTOR('',#5790,1.);
#5790 = DIRECTION('',(-0.162423314012,1.858508865964E-18,-0.986721169868
    ));
#5791 = ORIENTED_EDGE('',*,*,#5792,.T.);
#5792 = EDGE_CURVE('',#5785,#5793,#5795,.T.);
#5793 = VERTEX_POINT('',#5794);
#5794 = CARTESIAN_POINT('',(-1.270530792283,-0.25,0.));
#5795 = CIRCLE('',#5796,0.25);
#5796 = AXIS2_PLACEMENT_3D('',#5797,#5798,#5799);
#5797 = CARTESIAN_POINT('',(-1.270530792283,-0.25,0.25));
#5798 = DIRECTION('',(1.144237745222E-17,1.,1.24725095109E-33));
#5799 = DIRECTION('',(0.984807753012,-1.126854202784E-17,-0.173648177667
    ));
#5800 = ORIENTED_EDGE('',*,*,#5801,.T.);
#5801 = EDGE_CURVE('',#5793,#5802,#5804,.T.);
#5802 = VERTEX_POINT('',#5803);
#5803 = CARTESIAN_POINT('',(-1.4,-0.25,0.));
#5804 = LINE('',#5805,#5806);
#5805 = CARTESIAN_POINT('',(-1.270530792283,-0.25,0.));
#5806 = VECTOR('',#5807,1.);
#5807 = DIRECTION('',(-1.,1.144237745222E-17,0.));
#5808 = ORIENTED_EDGE('',*,*,#5809,.T.);
#5809 = EDGE_CURVE('',#5802,#5810,#5812,.T.);
#5810 = VERTEX_POINT('',#5811);
#5811 = CARTESIAN_POINT('',(-1.4,-0.25,0.15));
#5812 = LINE('',#5813,#5814);
#5813 = CARTESIAN_POINT('',(-1.4,-0.25,0.));
#5814 = VECTOR('',#5815,1.);
#5815 = DIRECTION('',(0.,0.,1.));
#5816 = ORIENTED_EDGE('',*,*,#5817,.T.);
#5817 = EDGE_CURVE('',#5810,#5818,#5820,.T.);
#5818 = VERTEX_POINT('',#5819);
#5819 = CARTESIAN_POINT('',(-1.270530792283,-0.25,0.15));
#5820 = LINE('',#5821,#5822);
#5821 = CARTESIAN_POINT('',(-1.4,-0.25,0.15));
#5822 = VECTOR('',#5823,1.);
#5823 = DIRECTION('',(1.,-1.144237745222E-17,0.));
#5824 = ORIENTED_EDGE('',*,*,#5825,.T.);
#5825 = EDGE_CURVE('',#5818,#5826,#5828,.T.);
#5826 = VERTEX_POINT('',#5827);
#5827 = CARTESIAN_POINT('',(-1.172050016982,-0.25,0.232635182233));
#5828 = CIRCLE('',#5829,0.1);
#5829 = AXIS2_PLACEMENT_3D('',#5830,#5831,#5832);
#5830 = CARTESIAN_POINT('',(-1.270530792283,-0.25,0.25));
#5831 = DIRECTION('',(-1.144237745222E-17,-1.,1.855131475086E-48));
#5832 = DIRECTION('',(-2.22044604925E-15,2.540718180781E-32,-1.));
#5833 = ORIENTED_EDGE('',*,*,#5834,.T.);
#5834 = EDGE_CURVE('',#5826,#5835,#5837,.T.);
#5835 = VERTEX_POINT('',#5836);
#5836 = CARTESIAN_POINT('',(-1.096201938253,-0.25,0.693412044417));
#5837 = LINE('',#5838,#5839);
#5838 = CARTESIAN_POINT('',(-1.172050016982,-0.25,0.232635182233));
#5839 = VECTOR('',#5840,1.);
#5840 = DIRECTION('',(0.162423314012,-1.858508865964E-18,0.986721169868)
  );
#5841 = ORIENTED_EDGE('',*,*,#5842,.T.);
#5842 = EDGE_CURVE('',#5835,#5843,#5845,.T.);
#5843 = VERTEX_POINT('',#5844);
#5844 = CARTESIAN_POINT('',(-0.85,-0.25,0.9));
#5845 = CIRCLE('',#5846,0.25);
#5846 = AXIS2_PLACEMENT_3D('',#5847,#5848,#5849);
#5847 = CARTESIAN_POINT('',(-0.85,-0.25,0.65));
#5848 = DIRECTION('',(1.144237745222E-17,1.,8.679168028915E-34));
#5849 = DIRECTION('',(-0.984807753012,1.126854202784E-17,0.173648177667)
  );
#5850 = ORIENTED_EDGE('',*,*,#5851,.T.);
#5851 = EDGE_CURVE('',#5843,#4890,#5852,.T.);
#5852 = LINE('',#5853,#5854);
#5853 = CARTESIAN_POINT('',(-0.85,-0.25,0.9));
#5854 = VECTOR('',#5855,1.);
#5855 = DIRECTION('',(1.,-1.144237745222E-17,0.));
#5856 = PLANE('',#5857);
#5857 = AXIS2_PLACEMENT_3D('',#5858,#5859,#5860);
#5858 = CARTESIAN_POINT('',(-1.069123385139,-0.25,0.441695635315));
#5859 = DIRECTION('',(1.144237745222E-17,1.,0.));
#5860 = DIRECTION('',(0.,-0.,1.));
#5861 = ADVANCED_FACE('',(#5862),#5881,.F.);
#5862 = FACE_BOUND('',#5863,.F.);
#5863 = EDGE_LOOP('',(#5864,#5865,#5874,#5880));
#5864 = ORIENTED_EDGE('',*,*,#4928,.T.);
#5865 = ORIENTED_EDGE('',*,*,#5866,.T.);
#5866 = EDGE_CURVE('',#4921,#5867,#5869,.T.);
#5867 = VERTEX_POINT('',#5868);
#5868 = CARTESIAN_POINT('',(-0.948480775301,0.25,0.667364817767));
#5869 = CIRCLE('',#5870,0.1);
#5870 = AXIS2_PLACEMENT_3D('',#5871,#5872,#5873);
#5871 = CARTESIAN_POINT('',(-0.85,0.25,0.65));
#5872 = DIRECTION('',(-1.144237745222E-17,-1.,0.));
#5873 = DIRECTION('',(0.,0.,1.));
#5874 = ORIENTED_EDGE('',*,*,#5875,.F.);
#5875 = EDGE_CURVE('',#5776,#5867,#5876,.T.);
#5876 = LINE('',#5877,#5878);
#5877 = CARTESIAN_POINT('',(-0.948480775301,-0.25,0.667364817767));
#5878 = VECTOR('',#5879,1.);
#5879 = DIRECTION('',(1.144237745222E-17,1.,0.));
#5880 = ORIENTED_EDGE('',*,*,#5775,.F.);
#5881 = CYLINDRICAL_SURFACE('',#5882,0.1);
#5882 = AXIS2_PLACEMENT_3D('',#5883,#5884,#5885);
#5883 = CARTESIAN_POINT('',(-0.85,-0.25,0.65));
#5884 = DIRECTION('',(-1.144237745222E-17,-1.,0.));
#5885 = DIRECTION('',(0.,0.,1.));
#5886 = ADVANCED_FACE('',(#5887),#5965,.T.);
#5887 = FACE_BOUND('',#5888,.T.);
#5888 = EDGE_LOOP('',(#5889,#5890,#5891,#5892,#5900,#5909,#5917,#5925,
    #5933,#5942,#5950,#5959));
#5889 = ORIENTED_EDGE('',*,*,#4942,.F.);
#5890 = ORIENTED_EDGE('',*,*,#4920,.T.);
#5891 = ORIENTED_EDGE('',*,*,#5866,.T.);
#5892 = ORIENTED_EDGE('',*,*,#5893,.T.);
#5893 = EDGE_CURVE('',#5867,#5894,#5896,.T.);
#5894 = VERTEX_POINT('',#5895);
#5895 = CARTESIAN_POINT('',(-1.02432885403,0.25,0.206587955583));
#5896 = LINE('',#5897,#5898);
#5897 = CARTESIAN_POINT('',(-0.948480775301,0.25,0.667364817767));
#5898 = VECTOR('',#5899,1.);
#5899 = DIRECTION('',(-0.162423314012,1.858508865964E-18,-0.986721169868
    ));
#5900 = ORIENTED_EDGE('',*,*,#5901,.T.);
#5901 = EDGE_CURVE('',#5894,#5902,#5904,.T.);
#5902 = VERTEX_POINT('',#5903);
#5903 = CARTESIAN_POINT('',(-1.270530792283,0.25,0.));
#5904 = CIRCLE('',#5905,0.25);
#5905 = AXIS2_PLACEMENT_3D('',#5906,#5907,#5908);
#5906 = CARTESIAN_POINT('',(-1.270530792283,0.25,0.25));
#5907 = DIRECTION('',(1.144237745222E-17,1.,1.24725095109E-33));
#5908 = DIRECTION('',(0.984807753012,-1.126854202784E-17,-0.173648177667
    ));
#5909 = ORIENTED_EDGE('',*,*,#5910,.T.);
#5910 = EDGE_CURVE('',#5902,#5911,#5913,.T.);
#5911 = VERTEX_POINT('',#5912);
#5912 = CARTESIAN_POINT('',(-1.4,0.25,0.));
#5913 = LINE('',#5914,#5915);
#5914 = CARTESIAN_POINT('',(-1.270530792283,0.25,0.));
#5915 = VECTOR('',#5916,1.);
#5916 = DIRECTION('',(-1.,1.144237745222E-17,0.));
#5917 = ORIENTED_EDGE('',*,*,#5918,.T.);
#5918 = EDGE_CURVE('',#5911,#5919,#5921,.T.);
#5919 = VERTEX_POINT('',#5920);
#5920 = CARTESIAN_POINT('',(-1.4,0.25,0.15));
#5921 = LINE('',#5922,#5923);
#5922 = CARTESIAN_POINT('',(-1.4,0.25,0.));
#5923 = VECTOR('',#5924,1.);
#5924 = DIRECTION('',(0.,0.,1.));
#5925 = ORIENTED_EDGE('',*,*,#5926,.T.);
#5926 = EDGE_CURVE('',#5919,#5927,#5929,.T.);
#5927 = VERTEX_POINT('',#5928);
#5928 = CARTESIAN_POINT('',(-1.270530792283,0.25,0.15));
#5929 = LINE('',#5930,#5931);
#5930 = CARTESIAN_POINT('',(-1.4,0.25,0.15));
#5931 = VECTOR('',#5932,1.);
#5932 = DIRECTION('',(1.,-1.144237745222E-17,0.));
#5933 = ORIENTED_EDGE('',*,*,#5934,.T.);
#5934 = EDGE_CURVE('',#5927,#5935,#5937,.T.);
#5935 = VERTEX_POINT('',#5936);
#5936 = CARTESIAN_POINT('',(-1.172050016982,0.25,0.232635182233));
#5937 = CIRCLE('',#5938,0.1);
#5938 = AXIS2_PLACEMENT_3D('',#5939,#5940,#5941);
#5939 = CARTESIAN_POINT('',(-1.270530792283,0.25,0.25));
#5940 = DIRECTION('',(-1.144237745222E-17,-1.,1.855131475086E-48));
#5941 = DIRECTION('',(-2.22044604925E-15,2.540718180781E-32,-1.));
#5942 = ORIENTED_EDGE('',*,*,#5943,.T.);
#5943 = EDGE_CURVE('',#5935,#5944,#5946,.T.);
#5944 = VERTEX_POINT('',#5945);
#5945 = CARTESIAN_POINT('',(-1.096201938253,0.25,0.693412044417));
#5946 = LINE('',#5947,#5948);
#5947 = CARTESIAN_POINT('',(-1.172050016982,0.25,0.232635182233));
#5948 = VECTOR('',#5949,1.);
#5949 = DIRECTION('',(0.162423314012,-1.858508865964E-18,0.986721169868)
  );
#5950 = ORIENTED_EDGE('',*,*,#5951,.T.);
#5951 = EDGE_CURVE('',#5944,#5952,#5954,.T.);
#5952 = VERTEX_POINT('',#5953);
#5953 = CARTESIAN_POINT('',(-0.85,0.25,0.9));
#5954 = CIRCLE('',#5955,0.25);
#5955 = AXIS2_PLACEMENT_3D('',#5956,#5957,#5958);
#5956 = CARTESIAN_POINT('',(-0.85,0.25,0.65));
#5957 = DIRECTION('',(1.144237745222E-17,1.,8.679168028915E-34));
#5958 = DIRECTION('',(-0.984807753012,1.126854202784E-17,0.173648177667)
  );
#5959 = ORIENTED_EDGE('',*,*,#5960,.T.);
#5960 = EDGE_CURVE('',#5952,#4943,#5961,.T.);
#5961 = LINE('',#5962,#5963);
#5962 = CARTESIAN_POINT('',(-0.85,0.25,0.9));
#5963 = VECTOR('',#5964,1.);
#5964 = DIRECTION('',(1.,-1.144237745222E-17,0.));
#5965 = PLANE('',#5966);
#5966 = AXIS2_PLACEMENT_3D('',#5967,#5968,#5969);
#5967 = CARTESIAN_POINT('',(-1.069123385139,0.25,0.441695635315));
#5968 = DIRECTION('',(1.144237745222E-17,1.,0.));
#5969 = DIRECTION('',(0.,-0.,1.));
#5970 = ADVANCED_FACE('',(#5971),#5982,.F.);
#5971 = FACE_BOUND('',#5972,.F.);
#5972 = EDGE_LOOP('',(#5973,#5974,#5975,#5976));
#5973 = ORIENTED_EDGE('',*,*,#4959,.T.);
#5974 = ORIENTED_EDGE('',*,*,#5255,.T.);
#5975 = ORIENTED_EDGE('',*,*,#5303,.F.);
#5976 = ORIENTED_EDGE('',*,*,#5977,.F.);
#5977 = EDGE_CURVE('',#4943,#5296,#5978,.T.);
#5978 = LINE('',#5979,#5980);
#5979 = CARTESIAN_POINT('',(-0.85,0.25,0.9));
#5980 = VECTOR('',#5981,1.);
#5981 = DIRECTION('',(1.,-1.144237745222E-17,0.));
#5982 = PLANE('',#5983);
#5983 = AXIS2_PLACEMENT_3D('',#5984,#5985,#5986);
#5984 = CARTESIAN_POINT('',(-2.091417030376E-16,1.4375,0.9));
#5985 = DIRECTION('',(4.595758349624E-18,6.551522493592E-27,-1.));
#5986 = DIRECTION('',(1.,1.51922136901E-16,4.595758349624E-18));
#5987 = ADVANCED_FACE('',(#5988),#6067,.F.);
#5988 = FACE_BOUND('',#5989,.F.);
#5989 = EDGE_LOOP('',(#5990,#5991,#5992,#6001,#6009,#6018,#6026,#6034,
    #6042,#6051,#6059,#6066));
#5990 = ORIENTED_EDGE('',*,*,#4951,.F.);
#5991 = ORIENTED_EDGE('',*,*,#4973,.T.);
#5992 = ORIENTED_EDGE('',*,*,#5993,.T.);
#5993 = EDGE_CURVE('',#4974,#5994,#5996,.T.);
#5994 = VERTEX_POINT('',#5995);
#5995 = CARTESIAN_POINT('',(-0.948480775301,0.7,0.667364817767));
#5996 = CIRCLE('',#5997,0.1);
#5997 = AXIS2_PLACEMENT_3D('',#5998,#5999,#6000);
#5998 = CARTESIAN_POINT('',(-0.85,0.7,0.65));
#5999 = DIRECTION('',(-1.144237745222E-17,-1.,0.));
#6000 = DIRECTION('',(0.,0.,1.));
#6001 = ORIENTED_EDGE('',*,*,#6002,.T.);
#6002 = EDGE_CURVE('',#5994,#6003,#6005,.T.);
#6003 = VERTEX_POINT('',#6004);
#6004 = CARTESIAN_POINT('',(-1.02432885403,0.7,0.206587955583));
#6005 = LINE('',#6006,#6007);
#6006 = CARTESIAN_POINT('',(-0.948480775301,0.7,0.667364817767));
#6007 = VECTOR('',#6008,1.);
#6008 = DIRECTION('',(-0.162423314012,1.858508865964E-18,-0.986721169868
    ));
#6009 = ORIENTED_EDGE('',*,*,#6010,.T.);
#6010 = EDGE_CURVE('',#6003,#6011,#6013,.T.);
#6011 = VERTEX_POINT('',#6012);
#6012 = CARTESIAN_POINT('',(-1.270530792283,0.7,0.));
#6013 = CIRCLE('',#6014,0.25);
#6014 = AXIS2_PLACEMENT_3D('',#6015,#6016,#6017);
#6015 = CARTESIAN_POINT('',(-1.270530792283,0.7,0.25));
#6016 = DIRECTION('',(1.144237745222E-17,1.,1.24725095109E-33));
#6017 = DIRECTION('',(0.984807753012,-1.126854202784E-17,-0.173648177667
    ));
#6018 = ORIENTED_EDGE('',*,*,#6019,.T.);
#6019 = EDGE_CURVE('',#6011,#6020,#6022,.T.);
#6020 = VERTEX_POINT('',#6021);
#6021 = CARTESIAN_POINT('',(-1.4,0.7,0.));
#6022 = LINE('',#6023,#6024);
#6023 = CARTESIAN_POINT('',(-1.270530792283,0.7,0.));
#6024 = VECTOR('',#6025,1.);
#6025 = DIRECTION('',(-1.,1.144237745222E-17,0.));
#6026 = ORIENTED_EDGE('',*,*,#6027,.T.);
#6027 = EDGE_CURVE('',#6020,#6028,#6030,.T.);
#6028 = VERTEX_POINT('',#6029);
#6029 = CARTESIAN_POINT('',(-1.4,0.7,0.15));
#6030 = LINE('',#6031,#6032);
#6031 = CARTESIAN_POINT('',(-1.4,0.7,0.));
#6032 = VECTOR('',#6033,1.);
#6033 = DIRECTION('',(0.,0.,1.));
#6034 = ORIENTED_EDGE('',*,*,#6035,.T.);
#6035 = EDGE_CURVE('',#6028,#6036,#6038,.T.);
#6036 = VERTEX_POINT('',#6037);
#6037 = CARTESIAN_POINT('',(-1.270530792283,0.7,0.15));
#6038 = LINE('',#6039,#6040);
#6039 = CARTESIAN_POINT('',(-1.4,0.7,0.15));
#6040 = VECTOR('',#6041,1.);
#6041 = DIRECTION('',(1.,-1.144237745222E-17,0.));
#6042 = ORIENTED_EDGE('',*,*,#6043,.T.);
#6043 = EDGE_CURVE('',#6036,#6044,#6046,.T.);
#6044 = VERTEX_POINT('',#6045);
#6045 = CARTESIAN_POINT('',(-1.172050016982,0.7,0.232635182233));
#6046 = CIRCLE('',#6047,0.1);
#6047 = AXIS2_PLACEMENT_3D('',#6048,#6049,#6050);
#6048 = CARTESIAN_POINT('',(-1.270530792283,0.7,0.25));
#6049 = DIRECTION('',(-1.144237745222E-17,-1.,1.855131475086E-48));
#6050 = DIRECTION('',(-2.22044604925E-15,2.540718180781E-32,-1.));
#6051 = ORIENTED_EDGE('',*,*,#6052,.T.);
#6052 = EDGE_CURVE('',#6044,#6053,#6055,.T.);
#6053 = VERTEX_POINT('',#6054);
#6054 = CARTESIAN_POINT('',(-1.096201938253,0.7,0.693412044417));
#6055 = LINE('',#6056,#6057);
#6056 = CARTESIAN_POINT('',(-1.172050016982,0.7,0.232635182233));
#6057 = VECTOR('',#6058,1.);
#6058 = DIRECTION('',(0.162423314012,-1.858508865964E-18,0.986721169868)
  );
#6059 = ORIENTED_EDGE('',*,*,#6060,.T.);
#6060 = EDGE_CURVE('',#6053,#5225,#6061,.T.);
#6061 = CIRCLE('',#6062,0.25);
#6062 = AXIS2_PLACEMENT_3D('',#6063,#6064,#6065);
#6063 = CARTESIAN_POINT('',(-0.85,0.7,0.65));
#6064 = DIRECTION('',(1.144237745222E-17,1.,8.679168028915E-34));
#6065 = DIRECTION('',(-0.984807753012,1.126854202784E-17,0.173648177667)
  );
#6066 = ORIENTED_EDGE('',*,*,#5224,.T.);
#6067 = PLANE('',#6068);
#6068 = AXIS2_PLACEMENT_3D('',#6069,#6070,#6071);
#6069 = CARTESIAN_POINT('',(-1.069123385139,0.7,0.441695635315));
#6070 = DIRECTION('',(1.144237745222E-17,1.,0.));
#6071 = DIRECTION('',(0.,-0.,1.));
#6072 = ADVANCED_FACE('',(#6073),#6092,.F.);
#6073 = FACE_BOUND('',#6074,.F.);
#6074 = EDGE_LOOP('',(#6075,#6076,#6085,#6091));
#6075 = ORIENTED_EDGE('',*,*,#4990,.T.);
#6076 = ORIENTED_EDGE('',*,*,#6077,.T.);
#6077 = EDGE_CURVE('',#4983,#6078,#6080,.T.);
#6078 = VERTEX_POINT('',#6079);
#6079 = CARTESIAN_POINT('',(-0.948480775301,1.2,0.667364817767));
#6080 = CIRCLE('',#6081,0.1);
#6081 = AXIS2_PLACEMENT_3D('',#6082,#6083,#6084);
#6082 = CARTESIAN_POINT('',(-0.85,1.2,0.65));
#6083 = DIRECTION('',(-1.144237745222E-17,-1.,0.));
#6084 = DIRECTION('',(0.,0.,1.));
#6085 = ORIENTED_EDGE('',*,*,#6086,.F.);
#6086 = EDGE_CURVE('',#5994,#6078,#6087,.T.);
#6087 = LINE('',#6088,#6089);
#6088 = CARTESIAN_POINT('',(-0.948480775301,0.7,0.667364817767));
#6089 = VECTOR('',#6090,1.);
#6090 = DIRECTION('',(1.144237745222E-17,1.,0.));
#6091 = ORIENTED_EDGE('',*,*,#5993,.F.);
#6092 = CYLINDRICAL_SURFACE('',#6093,0.1);
#6093 = AXIS2_PLACEMENT_3D('',#6094,#6095,#6096);
#6094 = CARTESIAN_POINT('',(-0.85,0.7,0.65));
#6095 = DIRECTION('',(-1.144237745222E-17,-1.,0.));
#6096 = DIRECTION('',(0.,0.,1.));
#6097 = ADVANCED_FACE('',(#6098),#6169,.T.);
#6098 = FACE_BOUND('',#6099,.T.);
#6099 = EDGE_LOOP('',(#6100,#6101,#6102,#6103,#6111,#6120,#6128,#6136,
    #6144,#6153,#6161,#6168));
#6100 = ORIENTED_EDGE('',*,*,#5004,.F.);
#6101 = ORIENTED_EDGE('',*,*,#4982,.T.);
#6102 = ORIENTED_EDGE('',*,*,#6077,.T.);
#6103 = ORIENTED_EDGE('',*,*,#6104,.T.);
#6104 = EDGE_CURVE('',#6078,#6105,#6107,.T.);
#6105 = VERTEX_POINT('',#6106);
#6106 = CARTESIAN_POINT('',(-1.02432885403,1.2,0.206587955583));
#6107 = LINE('',#6108,#6109);
#6108 = CARTESIAN_POINT('',(-0.948480775301,1.2,0.667364817767));
#6109 = VECTOR('',#6110,1.);
#6110 = DIRECTION('',(-0.162423314012,1.858508865964E-18,-0.986721169868
    ));
#6111 = ORIENTED_EDGE('',*,*,#6112,.T.);
#6112 = EDGE_CURVE('',#6105,#6113,#6115,.T.);
#6113 = VERTEX_POINT('',#6114);
#6114 = CARTESIAN_POINT('',(-1.270530792283,1.2,0.));
#6115 = CIRCLE('',#6116,0.25);
#6116 = AXIS2_PLACEMENT_3D('',#6117,#6118,#6119);
#6117 = CARTESIAN_POINT('',(-1.270530792283,1.2,0.25));
#6118 = DIRECTION('',(1.144237745222E-17,1.,1.24725095109E-33));
#6119 = DIRECTION('',(0.984807753012,-1.126854202784E-17,-0.173648177667
    ));
#6120 = ORIENTED_EDGE('',*,*,#6121,.T.);
#6121 = EDGE_CURVE('',#6113,#6122,#6124,.T.);
#6122 = VERTEX_POINT('',#6123);
#6123 = CARTESIAN_POINT('',(-1.4,1.2,0.));
#6124 = LINE('',#6125,#6126);
#6125 = CARTESIAN_POINT('',(-1.270530792283,1.2,0.));
#6126 = VECTOR('',#6127,1.);
#6127 = DIRECTION('',(-1.,1.144237745222E-17,0.));
#6128 = ORIENTED_EDGE('',*,*,#6129,.T.);
#6129 = EDGE_CURVE('',#6122,#6130,#6132,.T.);
#6130 = VERTEX_POINT('',#6131);
#6131 = CARTESIAN_POINT('',(-1.4,1.2,0.15));
#6132 = LINE('',#6133,#6134);
#6133 = CARTESIAN_POINT('',(-1.4,1.2,0.));
#6134 = VECTOR('',#6135,1.);
#6135 = DIRECTION('',(0.,0.,1.));
#6136 = ORIENTED_EDGE('',*,*,#6137,.T.);
#6137 = EDGE_CURVE('',#6130,#6138,#6140,.T.);
#6138 = VERTEX_POINT('',#6139);
#6139 = CARTESIAN_POINT('',(-1.270530792283,1.2,0.15));
#6140 = LINE('',#6141,#6142);
#6141 = CARTESIAN_POINT('',(-1.4,1.2,0.15));
#6142 = VECTOR('',#6143,1.);
#6143 = DIRECTION('',(1.,-1.144237745222E-17,0.));
#6144 = ORIENTED_EDGE('',*,*,#6145,.T.);
#6145 = EDGE_CURVE('',#6138,#6146,#6148,.T.);
#6146 = VERTEX_POINT('',#6147);
#6147 = CARTESIAN_POINT('',(-1.172050016982,1.2,0.232635182233));
#6148 = CIRCLE('',#6149,0.1);
#6149 = AXIS2_PLACEMENT_3D('',#6150,#6151,#6152);
#6150 = CARTESIAN_POINT('',(-1.270530792283,1.2,0.25));
#6151 = DIRECTION('',(-1.144237745222E-17,-1.,1.855131475086E-48));
#6152 = DIRECTION('',(-2.22044604925E-15,2.540718180781E-32,-1.));
#6153 = ORIENTED_EDGE('',*,*,#6154,.T.);
#6154 = EDGE_CURVE('',#6146,#6155,#6157,.T.);
#6155 = VERTEX_POINT('',#6156);
#6156 = CARTESIAN_POINT('',(-1.096201938253,1.2,0.693412044417));
#6157 = LINE('',#6158,#6159);
#6158 = CARTESIAN_POINT('',(-1.172050016982,1.2,0.232635182233));
#6159 = VECTOR('',#6160,1.);
#6160 = DIRECTION('',(0.162423314012,-1.858508865964E-18,0.986721169868)
  );
#6161 = ORIENTED_EDGE('',*,*,#6162,.T.);
#6162 = EDGE_CURVE('',#6155,#5233,#6163,.T.);
#6163 = CIRCLE('',#6164,0.25);
#6164 = AXIS2_PLACEMENT_3D('',#6165,#6166,#6167);
#6165 = CARTESIAN_POINT('',(-0.85,1.2,0.65));
#6166 = DIRECTION('',(1.144237745222E-17,1.,8.679168028915E-34));
#6167 = DIRECTION('',(-0.984807753012,1.126854202784E-17,0.173648177667)
  );
#6168 = ORIENTED_EDGE('',*,*,#5240,.T.);
#6169 = PLANE('',#6170);
#6170 = AXIS2_PLACEMENT_3D('',#6171,#6172,#6173);
#6171 = CARTESIAN_POINT('',(-1.069123385139,1.2,0.441695635315));
#6172 = DIRECTION('',(1.144237745222E-17,1.,0.));
#6173 = DIRECTION('',(0.,-0.,1.));
#6174 = ADVANCED_FACE('',(#6175),#6254,.F.);
#6175 = FACE_BOUND('',#6176,.F.);
#6176 = EDGE_LOOP('',(#6177,#6178,#6179,#6188,#6196,#6205,#6213,#6221,
    #6229,#6238,#6246,#6253));
#6177 = ORIENTED_EDGE('',*,*,#5023,.F.);
#6178 = ORIENTED_EDGE('',*,*,#5038,.T.);
#6179 = ORIENTED_EDGE('',*,*,#6180,.T.);
#6180 = EDGE_CURVE('',#5039,#6181,#6183,.T.);
#6181 = VERTEX_POINT('',#6182);
#6182 = CARTESIAN_POINT('',(0.948480775301,1.2,0.667364817767));
#6183 = CIRCLE('',#6184,0.1);
#6184 = AXIS2_PLACEMENT_3D('',#6185,#6186,#6187);
#6185 = CARTESIAN_POINT('',(0.85,1.2,0.65));
#6186 = DIRECTION('',(-1.110223024625E-16,1.,0.));
#6187 = DIRECTION('',(0.,0.,1.));
#6188 = ORIENTED_EDGE('',*,*,#6189,.T.);
#6189 = EDGE_CURVE('',#6181,#6190,#6192,.T.);
#6190 = VERTEX_POINT('',#6191);
#6191 = CARTESIAN_POINT('',(1.02432885403,1.2,0.206587955583));
#6192 = LINE('',#6193,#6194);
#6193 = CARTESIAN_POINT('',(0.948480775301,1.2,0.667364817767));
#6194 = VECTOR('',#6195,1.);
#6195 = DIRECTION('',(0.162423314012,1.803261029519E-17,-0.986721169868)
  );
#6196 = ORIENTED_EDGE('',*,*,#6197,.T.);
#6197 = EDGE_CURVE('',#6190,#6198,#6200,.T.);
#6198 = VERTEX_POINT('',#6199);
#6199 = CARTESIAN_POINT('',(1.270530792283,1.2,0.));
#6200 = CIRCLE('',#6201,0.25);
#6201 = AXIS2_PLACEMENT_3D('',#6202,#6203,#6204);
#6202 = CARTESIAN_POINT('',(1.270530792283,1.2,0.25));
#6203 = DIRECTION('',(1.110223024625E-16,-1.,-6.255634725081E-34));
#6204 = DIRECTION('',(-0.984807753012,-1.093356242223E-16,
    -0.173648177667));
#6205 = ORIENTED_EDGE('',*,*,#6206,.T.);
#6206 = EDGE_CURVE('',#6198,#6207,#6209,.T.);
#6207 = VERTEX_POINT('',#6208);
#6208 = CARTESIAN_POINT('',(1.4,1.2,0.));
#6209 = LINE('',#6210,#6211);
#6210 = CARTESIAN_POINT('',(1.270530792283,1.2,0.));
#6211 = VECTOR('',#6212,1.);
#6212 = DIRECTION('',(1.,1.110223024625E-16,0.));
#6213 = ORIENTED_EDGE('',*,*,#6214,.T.);
#6214 = EDGE_CURVE('',#6207,#6215,#6217,.T.);
#6215 = VERTEX_POINT('',#6216);
#6216 = CARTESIAN_POINT('',(1.4,1.2,0.15));
#6217 = LINE('',#6218,#6219);
#6218 = CARTESIAN_POINT('',(1.4,1.2,0.));
#6219 = VECTOR('',#6220,1.);
#6220 = DIRECTION('',(0.,0.,1.));
#6221 = ORIENTED_EDGE('',*,*,#6222,.T.);
#6222 = EDGE_CURVE('',#6215,#6223,#6225,.T.);
#6223 = VERTEX_POINT('',#6224);
#6224 = CARTESIAN_POINT('',(1.270530792283,1.2,0.15));
#6225 = LINE('',#6226,#6227);
#6226 = CARTESIAN_POINT('',(1.4,1.2,0.15));
#6227 = VECTOR('',#6228,1.);
#6228 = DIRECTION('',(-1.,-1.110223024625E-16,0.));
#6229 = ORIENTED_EDGE('',*,*,#6230,.T.);
#6230 = EDGE_CURVE('',#6223,#6231,#6233,.T.);
#6231 = VERTEX_POINT('',#6232);
#6232 = CARTESIAN_POINT('',(1.172050016982,1.2,0.232635182233));
#6233 = CIRCLE('',#6234,0.1);
#6234 = AXIS2_PLACEMENT_3D('',#6235,#6236,#6237);
#6235 = CARTESIAN_POINT('',(1.270530792283,1.2,0.25));
#6236 = DIRECTION('',(-1.110223024625E-16,1.,-1.094764425744E-47));
#6237 = DIRECTION('',(2.22044604925E-15,2.465190328815E-31,-1.));
#6238 = ORIENTED_EDGE('',*,*,#6239,.T.);
#6239 = EDGE_CURVE('',#6231,#6240,#6242,.T.);
#6240 = VERTEX_POINT('',#6241);
#6241 = CARTESIAN_POINT('',(1.096201938253,1.2,0.693412044417));
#6242 = LINE('',#6243,#6244);
#6243 = CARTESIAN_POINT('',(1.172050016982,1.2,0.232635182233));
#6244 = VECTOR('',#6245,1.);
#6245 = DIRECTION('',(-0.162423314012,-1.803261029519E-17,0.986721169868
    ));
#6246 = ORIENTED_EDGE('',*,*,#6247,.T.);
#6247 = EDGE_CURVE('',#6240,#5464,#6248,.T.);
#6248 = CIRCLE('',#6249,0.25);
#6249 = AXIS2_PLACEMENT_3D('',#6250,#6251,#6252);
#6250 = CARTESIAN_POINT('',(0.85,1.2,0.65));
#6251 = DIRECTION('',(1.110223024625E-16,-1.,-6.255634725081E-34));
#6252 = DIRECTION('',(0.984807753012,1.093356242223E-16,0.173648177667)
  );
#6253 = ORIENTED_EDGE('',*,*,#5463,.T.);
#6254 = PLANE('',#6255);
#6255 = AXIS2_PLACEMENT_3D('',#6256,#6257,#6258);
#6256 = CARTESIAN_POINT('',(1.069123385139,1.2,0.441695635315));
#6257 = DIRECTION('',(1.110223024625E-16,-1.,0.));
#6258 = DIRECTION('',(0.,0.,1.));
#6259 = ADVANCED_FACE('',(#6260),#6279,.F.);
#6260 = FACE_BOUND('',#6261,.F.);
#6261 = EDGE_LOOP('',(#6262,#6263,#6272,#6278));
#6262 = ORIENTED_EDGE('',*,*,#5055,.T.);
#6263 = ORIENTED_EDGE('',*,*,#6264,.T.);
#6264 = EDGE_CURVE('',#5048,#6265,#6267,.T.);
#6265 = VERTEX_POINT('',#6266);
#6266 = CARTESIAN_POINT('',(0.948480775301,0.7,0.667364817767));
#6267 = CIRCLE('',#6268,0.1);
#6268 = AXIS2_PLACEMENT_3D('',#6269,#6270,#6271);
#6269 = CARTESIAN_POINT('',(0.85,0.7,0.65));
#6270 = DIRECTION('',(-1.110223024625E-16,1.,0.));
#6271 = DIRECTION('',(0.,0.,1.));
#6272 = ORIENTED_EDGE('',*,*,#6273,.F.);
#6273 = EDGE_CURVE('',#6181,#6265,#6274,.T.);
#6274 = LINE('',#6275,#6276);
#6275 = CARTESIAN_POINT('',(0.948480775301,1.2,0.667364817767));
#6276 = VECTOR('',#6277,1.);
#6277 = DIRECTION('',(1.110223024625E-16,-1.,0.));
#6278 = ORIENTED_EDGE('',*,*,#6180,.F.);
#6279 = CYLINDRICAL_SURFACE('',#6280,0.1);
#6280 = AXIS2_PLACEMENT_3D('',#6281,#6282,#6283);
#6281 = CARTESIAN_POINT('',(0.85,1.2,0.65));
#6282 = DIRECTION('',(-1.110223024625E-16,1.,0.));
#6283 = DIRECTION('',(0.,0.,1.));
#6284 = ADVANCED_FACE('',(#6285),#6356,.T.);
#6285 = FACE_BOUND('',#6286,.T.);
#6286 = EDGE_LOOP('',(#6287,#6288,#6289,#6290,#6298,#6307,#6315,#6323,
    #6331,#6340,#6348,#6355));
#6287 = ORIENTED_EDGE('',*,*,#5069,.F.);
#6288 = ORIENTED_EDGE('',*,*,#5047,.T.);
#6289 = ORIENTED_EDGE('',*,*,#6264,.T.);
#6290 = ORIENTED_EDGE('',*,*,#6291,.T.);
#6291 = EDGE_CURVE('',#6265,#6292,#6294,.T.);
#6292 = VERTEX_POINT('',#6293);
#6293 = CARTESIAN_POINT('',(1.02432885403,0.7,0.206587955583));
#6294 = LINE('',#6295,#6296);
#6295 = CARTESIAN_POINT('',(0.948480775301,0.7,0.667364817767));
#6296 = VECTOR('',#6297,1.);
#6297 = DIRECTION('',(0.162423314012,1.803261029519E-17,-0.986721169868)
  );
#6298 = ORIENTED_EDGE('',*,*,#6299,.T.);
#6299 = EDGE_CURVE('',#6292,#6300,#6302,.T.);
#6300 = VERTEX_POINT('',#6301);
#6301 = CARTESIAN_POINT('',(1.270530792283,0.7,0.));
#6302 = CIRCLE('',#6303,0.25);
#6303 = AXIS2_PLACEMENT_3D('',#6304,#6305,#6306);
#6304 = CARTESIAN_POINT('',(1.270530792283,0.7,0.25));
#6305 = DIRECTION('',(1.110223024625E-16,-1.,-6.255634725081E-34));
#6306 = DIRECTION('',(-0.984807753012,-1.093356242223E-16,
    -0.173648177667));
#6307 = ORIENTED_EDGE('',*,*,#6308,.T.);
#6308 = EDGE_CURVE('',#6300,#6309,#6311,.T.);
#6309 = VERTEX_POINT('',#6310);
#6310 = CARTESIAN_POINT('',(1.4,0.7,0.));
#6311 = LINE('',#6312,#6313);
#6312 = CARTESIAN_POINT('',(1.270530792283,0.7,0.));
#6313 = VECTOR('',#6314,1.);
#6314 = DIRECTION('',(1.,1.110223024625E-16,0.));
#6315 = ORIENTED_EDGE('',*,*,#6316,.T.);
#6316 = EDGE_CURVE('',#6309,#6317,#6319,.T.);
#6317 = VERTEX_POINT('',#6318);
#6318 = CARTESIAN_POINT('',(1.4,0.7,0.15));
#6319 = LINE('',#6320,#6321);
#6320 = CARTESIAN_POINT('',(1.4,0.7,0.));
#6321 = VECTOR('',#6322,1.);
#6322 = DIRECTION('',(0.,0.,1.));
#6323 = ORIENTED_EDGE('',*,*,#6324,.T.);
#6324 = EDGE_CURVE('',#6317,#6325,#6327,.T.);
#6325 = VERTEX_POINT('',#6326);
#6326 = CARTESIAN_POINT('',(1.270530792283,0.7,0.15));
#6327 = LINE('',#6328,#6329);
#6328 = CARTESIAN_POINT('',(1.4,0.7,0.15));
#6329 = VECTOR('',#6330,1.);
#6330 = DIRECTION('',(-1.,-1.110223024625E-16,0.));
#6331 = ORIENTED_EDGE('',*,*,#6332,.T.);
#6332 = EDGE_CURVE('',#6325,#6333,#6335,.T.);
#6333 = VERTEX_POINT('',#6334);
#6334 = CARTESIAN_POINT('',(1.172050016982,0.7,0.232635182233));
#6335 = CIRCLE('',#6336,0.1);
#6336 = AXIS2_PLACEMENT_3D('',#6337,#6338,#6339);
#6337 = CARTESIAN_POINT('',(1.270530792283,0.7,0.25));
#6338 = DIRECTION('',(-1.110223024625E-16,1.,-1.094764425744E-47));
#6339 = DIRECTION('',(2.22044604925E-15,2.465190328815E-31,-1.));
#6340 = ORIENTED_EDGE('',*,*,#6341,.T.);
#6341 = EDGE_CURVE('',#6333,#6342,#6344,.T.);
#6342 = VERTEX_POINT('',#6343);
#6343 = CARTESIAN_POINT('',(1.096201938253,0.7,0.693412044417));
#6344 = LINE('',#6345,#6346);
#6345 = CARTESIAN_POINT('',(1.172050016982,0.7,0.232635182233));
#6346 = VECTOR('',#6347,1.);
#6347 = DIRECTION('',(-0.162423314012,-1.803261029519E-17,0.986721169868
    ));
#6348 = ORIENTED_EDGE('',*,*,#6349,.T.);
#6349 = EDGE_CURVE('',#6342,#5472,#6350,.T.);
#6350 = CIRCLE('',#6351,0.25);
#6351 = AXIS2_PLACEMENT_3D('',#6352,#6353,#6354);
#6352 = CARTESIAN_POINT('',(0.85,0.7,0.65));
#6353 = DIRECTION('',(1.110223024625E-16,-1.,-6.255634725081E-34));
#6354 = DIRECTION('',(0.984807753012,1.093356242223E-16,0.173648177667)
  );
#6355 = ORIENTED_EDGE('',*,*,#5479,.T.);
#6356 = PLANE('',#6357);
#6357 = AXIS2_PLACEMENT_3D('',#6358,#6359,#6360);
#6358 = CARTESIAN_POINT('',(1.069123385139,0.7,0.441695635315));
#6359 = DIRECTION('',(1.110223024625E-16,-1.,0.));
#6360 = DIRECTION('',(0.,0.,1.));
#6361 = ADVANCED_FACE('',(#6362),#6373,.F.);
#6362 = FACE_BOUND('',#6363,.F.);
#6363 = EDGE_LOOP('',(#6364,#6365,#6366,#6372));
#6364 = ORIENTED_EDGE('',*,*,#5485,.F.);
#6365 = ORIENTED_EDGE('',*,*,#5086,.T.);
#6366 = ORIENTED_EDGE('',*,*,#6367,.T.);
#6367 = EDGE_CURVE('',#5079,#5418,#6368,.T.);
#6368 = LINE('',#6369,#6370);
#6369 = CARTESIAN_POINT('',(0.85,-0.7,0.9));
#6370 = VECTOR('',#6371,1.);
#6371 = DIRECTION('',(-1.,-1.110223024625E-16,0.));
#6372 = ORIENTED_EDGE('',*,*,#5417,.F.);
#6373 = PLANE('',#6374);
#6374 = AXIS2_PLACEMENT_3D('',#6375,#6376,#6377);
#6375 = CARTESIAN_POINT('',(-2.091417030376E-16,1.4375,0.9));
#6376 = DIRECTION('',(4.595758349624E-18,6.551522493592E-27,-1.));
#6377 = DIRECTION('',(1.,1.51922136901E-16,4.595758349624E-18));
#6378 = ADVANCED_FACE('',(#6379),#6465,.F.);
#6379 = FACE_BOUND('',#6380,.F.);
#6380 = EDGE_LOOP('',(#6381,#6382,#6383,#6392,#6400,#6409,#6417,#6425,
    #6433,#6442,#6450,#6459));
#6381 = ORIENTED_EDGE('',*,*,#5078,.F.);
#6382 = ORIENTED_EDGE('',*,*,#5100,.T.);
#6383 = ORIENTED_EDGE('',*,*,#6384,.T.);
#6384 = EDGE_CURVE('',#5101,#6385,#6387,.T.);
#6385 = VERTEX_POINT('',#6386);
#6386 = CARTESIAN_POINT('',(0.948480775301,-0.7,0.667364817767));
#6387 = CIRCLE('',#6388,0.1);
#6388 = AXIS2_PLACEMENT_3D('',#6389,#6390,#6391);
#6389 = CARTESIAN_POINT('',(0.85,-0.7,0.65));
#6390 = DIRECTION('',(-1.110223024625E-16,1.,0.));
#6391 = DIRECTION('',(0.,0.,1.));
#6392 = ORIENTED_EDGE('',*,*,#6393,.T.);
#6393 = EDGE_CURVE('',#6385,#6394,#6396,.T.);
#6394 = VERTEX_POINT('',#6395);
#6395 = CARTESIAN_POINT('',(1.02432885403,-0.7,0.206587955583));
#6396 = LINE('',#6397,#6398);
#6397 = CARTESIAN_POINT('',(0.948480775301,-0.7,0.667364817767));
#6398 = VECTOR('',#6399,1.);
#6399 = DIRECTION('',(0.162423314012,1.803261029519E-17,-0.986721169868)
  );
#6400 = ORIENTED_EDGE('',*,*,#6401,.T.);
#6401 = EDGE_CURVE('',#6394,#6402,#6404,.T.);
#6402 = VERTEX_POINT('',#6403);
#6403 = CARTESIAN_POINT('',(1.270530792283,-0.7,0.));
#6404 = CIRCLE('',#6405,0.25);
#6405 = AXIS2_PLACEMENT_3D('',#6406,#6407,#6408);
#6406 = CARTESIAN_POINT('',(1.270530792283,-0.7,0.25));
#6407 = DIRECTION('',(1.110223024625E-16,-1.,-6.255634725081E-34));
#6408 = DIRECTION('',(-0.984807753012,-1.093356242223E-16,
    -0.173648177667));
#6409 = ORIENTED_EDGE('',*,*,#6410,.T.);
#6410 = EDGE_CURVE('',#6402,#6411,#6413,.T.);
#6411 = VERTEX_POINT('',#6412);
#6412 = CARTESIAN_POINT('',(1.4,-0.7,0.));
#6413 = LINE('',#6414,#6415);
#6414 = CARTESIAN_POINT('',(1.270530792283,-0.7,0.));
#6415 = VECTOR('',#6416,1.);
#6416 = DIRECTION('',(1.,1.110223024625E-16,0.));
#6417 = ORIENTED_EDGE('',*,*,#6418,.T.);
#6418 = EDGE_CURVE('',#6411,#6419,#6421,.T.);
#6419 = VERTEX_POINT('',#6420);
#6420 = CARTESIAN_POINT('',(1.4,-0.7,0.15));
#6421 = LINE('',#6422,#6423);
#6422 = CARTESIAN_POINT('',(1.4,-0.7,0.));
#6423 = VECTOR('',#6424,1.);
#6424 = DIRECTION('',(0.,0.,1.));
#6425 = ORIENTED_EDGE('',*,*,#6426,.T.);
#6426 = EDGE_CURVE('',#6419,#6427,#6429,.T.);
#6427 = VERTEX_POINT('',#6428);
#6428 = CARTESIAN_POINT('',(1.270530792283,-0.7,0.15));
#6429 = LINE('',#6430,#6431);
#6430 = CARTESIAN_POINT('',(1.4,-0.7,0.15));
#6431 = VECTOR('',#6432,1.);
#6432 = DIRECTION('',(-1.,-1.110223024625E-16,0.));
#6433 = ORIENTED_EDGE('',*,*,#6434,.T.);
#6434 = EDGE_CURVE('',#6427,#6435,#6437,.T.);
#6435 = VERTEX_POINT('',#6436);
#6436 = CARTESIAN_POINT('',(1.172050016982,-0.7,0.232635182233));
#6437 = CIRCLE('',#6438,0.1);
#6438 = AXIS2_PLACEMENT_3D('',#6439,#6440,#6441);
#6439 = CARTESIAN_POINT('',(1.270530792283,-0.7,0.25));
#6440 = DIRECTION('',(-1.110223024625E-16,1.,-1.094764425744E-47));
#6441 = DIRECTION('',(2.22044604925E-15,2.465190328815E-31,-1.));
#6442 = ORIENTED_EDGE('',*,*,#6443,.T.);
#6443 = EDGE_CURVE('',#6435,#6444,#6446,.T.);
#6444 = VERTEX_POINT('',#6445);
#6445 = CARTESIAN_POINT('',(1.096201938253,-0.7,0.693412044417));
#6446 = LINE('',#6447,#6448);
#6447 = CARTESIAN_POINT('',(1.172050016982,-0.7,0.232635182233));
#6448 = VECTOR('',#6449,1.);
#6449 = DIRECTION('',(-0.162423314012,-1.803261029519E-17,0.986721169868
    ));
#6450 = ORIENTED_EDGE('',*,*,#6451,.T.);
#6451 = EDGE_CURVE('',#6444,#6452,#6454,.T.);
#6452 = VERTEX_POINT('',#6453);
#6453 = CARTESIAN_POINT('',(0.85,-0.7,0.9));
#6454 = CIRCLE('',#6455,0.25);
#6455 = AXIS2_PLACEMENT_3D('',#6456,#6457,#6458);
#6456 = CARTESIAN_POINT('',(0.85,-0.7,0.65));
#6457 = DIRECTION('',(1.110223024625E-16,-1.,-6.255634725081E-34));
#6458 = DIRECTION('',(0.984807753012,1.093356242223E-16,0.173648177667)
  );
#6459 = ORIENTED_EDGE('',*,*,#6460,.T.);
#6460 = EDGE_CURVE('',#6452,#5079,#6461,.T.);
#6461 = LINE('',#6462,#6463);
#6462 = CARTESIAN_POINT('',(0.85,-0.7,0.9));
#6463 = VECTOR('',#6464,1.);
#6464 = DIRECTION('',(-1.,-1.110223024625E-16,0.));
#6465 = PLANE('',#6466);
#6466 = AXIS2_PLACEMENT_3D('',#6467,#6468,#6469);
#6467 = CARTESIAN_POINT('',(1.069123385139,-0.7,0.441695635315));
#6468 = DIRECTION('',(1.110223024625E-16,-1.,0.));
#6469 = DIRECTION('',(0.,0.,1.));
#6470 = ADVANCED_FACE('',(#6471),#6490,.F.);
#6471 = FACE_BOUND('',#6472,.F.);
#6472 = EDGE_LOOP('',(#6473,#6474,#6483,#6489));
#6473 = ORIENTED_EDGE('',*,*,#5117,.T.);
#6474 = ORIENTED_EDGE('',*,*,#6475,.T.);
#6475 = EDGE_CURVE('',#5110,#6476,#6478,.T.);
#6476 = VERTEX_POINT('',#6477);
#6477 = CARTESIAN_POINT('',(0.948480775301,-1.2,0.667364817767));
#6478 = CIRCLE('',#6479,0.1);
#6479 = AXIS2_PLACEMENT_3D('',#6480,#6481,#6482);
#6480 = CARTESIAN_POINT('',(0.85,-1.2,0.65));
#6481 = DIRECTION('',(-1.110223024625E-16,1.,0.));
#6482 = DIRECTION('',(0.,0.,1.));
#6483 = ORIENTED_EDGE('',*,*,#6484,.F.);
#6484 = EDGE_CURVE('',#6385,#6476,#6485,.T.);
#6485 = LINE('',#6486,#6487);
#6486 = CARTESIAN_POINT('',(0.948480775301,-0.7,0.667364817767));
#6487 = VECTOR('',#6488,1.);
#6488 = DIRECTION('',(1.110223024625E-16,-1.,0.));
#6489 = ORIENTED_EDGE('',*,*,#6384,.F.);
#6490 = CYLINDRICAL_SURFACE('',#6491,0.1);
#6491 = AXIS2_PLACEMENT_3D('',#6492,#6493,#6494);
#6492 = CARTESIAN_POINT('',(0.85,-0.7,0.65));
#6493 = DIRECTION('',(-1.110223024625E-16,1.,0.));
#6494 = DIRECTION('',(0.,0.,1.));
#6495 = ADVANCED_FACE('',(#6496),#6574,.T.);
#6496 = FACE_BOUND('',#6497,.T.);
#6497 = EDGE_LOOP('',(#6498,#6499,#6500,#6501,#6509,#6518,#6526,#6534,
    #6542,#6551,#6559,#6568));
#6498 = ORIENTED_EDGE('',*,*,#5131,.F.);
#6499 = ORIENTED_EDGE('',*,*,#5109,.T.);
#6500 = ORIENTED_EDGE('',*,*,#6475,.T.);
#6501 = ORIENTED_EDGE('',*,*,#6502,.T.);
#6502 = EDGE_CURVE('',#6476,#6503,#6505,.T.);
#6503 = VERTEX_POINT('',#6504);
#6504 = CARTESIAN_POINT('',(1.02432885403,-1.2,0.206587955583));
#6505 = LINE('',#6506,#6507);
#6506 = CARTESIAN_POINT('',(0.948480775301,-1.2,0.667364817767));
#6507 = VECTOR('',#6508,1.);
#6508 = DIRECTION('',(0.162423314012,1.803261029519E-17,-0.986721169868)
  );
#6509 = ORIENTED_EDGE('',*,*,#6510,.T.);
#6510 = EDGE_CURVE('',#6503,#6511,#6513,.T.);
#6511 = VERTEX_POINT('',#6512);
#6512 = CARTESIAN_POINT('',(1.270530792283,-1.2,0.));
#6513 = CIRCLE('',#6514,0.25);
#6514 = AXIS2_PLACEMENT_3D('',#6515,#6516,#6517);
#6515 = CARTESIAN_POINT('',(1.270530792283,-1.2,0.25));
#6516 = DIRECTION('',(1.110223024625E-16,-1.,-6.255634725081E-34));
#6517 = DIRECTION('',(-0.984807753012,-1.093356242223E-16,
    -0.173648177667));
#6518 = ORIENTED_EDGE('',*,*,#6519,.T.);
#6519 = EDGE_CURVE('',#6511,#6520,#6522,.T.);
#6520 = VERTEX_POINT('',#6521);
#6521 = CARTESIAN_POINT('',(1.4,-1.2,0.));
#6522 = LINE('',#6523,#6524);
#6523 = CARTESIAN_POINT('',(1.270530792283,-1.2,0.));
#6524 = VECTOR('',#6525,1.);
#6525 = DIRECTION('',(1.,1.110223024625E-16,0.));
#6526 = ORIENTED_EDGE('',*,*,#6527,.T.);
#6527 = EDGE_CURVE('',#6520,#6528,#6530,.T.);
#6528 = VERTEX_POINT('',#6529);
#6529 = CARTESIAN_POINT('',(1.4,-1.2,0.15));
#6530 = LINE('',#6531,#6532);
#6531 = CARTESIAN_POINT('',(1.4,-1.2,0.));
#6532 = VECTOR('',#6533,1.);
#6533 = DIRECTION('',(0.,0.,1.));
#6534 = ORIENTED_EDGE('',*,*,#6535,.T.);
#6535 = EDGE_CURVE('',#6528,#6536,#6538,.T.);
#6536 = VERTEX_POINT('',#6537);
#6537 = CARTESIAN_POINT('',(1.270530792283,-1.2,0.15));
#6538 = LINE('',#6539,#6540);
#6539 = CARTESIAN_POINT('',(1.4,-1.2,0.15));
#6540 = VECTOR('',#6541,1.);
#6541 = DIRECTION('',(-1.,-1.110223024625E-16,0.));
#6542 = ORIENTED_EDGE('',*,*,#6543,.T.);
#6543 = EDGE_CURVE('',#6536,#6544,#6546,.T.);
#6544 = VERTEX_POINT('',#6545);
#6545 = CARTESIAN_POINT('',(1.172050016982,-1.2,0.232635182233));
#6546 = CIRCLE('',#6547,0.1);
#6547 = AXIS2_PLACEMENT_3D('',#6548,#6549,#6550);
#6548 = CARTESIAN_POINT('',(1.270530792283,-1.2,0.25));
#6549 = DIRECTION('',(-1.110223024625E-16,1.,-1.094764425744E-47));
#6550 = DIRECTION('',(2.22044604925E-15,2.465190328815E-31,-1.));
#6551 = ORIENTED_EDGE('',*,*,#6552,.T.);
#6552 = EDGE_CURVE('',#6544,#6553,#6555,.T.);
#6553 = VERTEX_POINT('',#6554);
#6554 = CARTESIAN_POINT('',(1.096201938253,-1.2,0.693412044417));
#6555 = LINE('',#6556,#6557);
#6556 = CARTESIAN_POINT('',(1.172050016982,-1.2,0.232635182233));
#6557 = VECTOR('',#6558,1.);
#6558 = DIRECTION('',(-0.162423314012,-1.803261029519E-17,0.986721169868
    ));
#6559 = ORIENTED_EDGE('',*,*,#6560,.T.);
#6560 = EDGE_CURVE('',#6553,#6561,#6563,.T.);
#6561 = VERTEX_POINT('',#6562);
#6562 = CARTESIAN_POINT('',(0.85,-1.2,0.9));
#6563 = CIRCLE('',#6564,0.25);
#6564 = AXIS2_PLACEMENT_3D('',#6565,#6566,#6567);
#6565 = CARTESIAN_POINT('',(0.85,-1.2,0.65));
#6566 = DIRECTION('',(1.110223024625E-16,-1.,-6.255634725081E-34));
#6567 = DIRECTION('',(0.984807753012,1.093356242223E-16,0.173648177667)
  );
#6568 = ORIENTED_EDGE('',*,*,#6569,.T.);
#6569 = EDGE_CURVE('',#6561,#5132,#6570,.T.);
#6570 = LINE('',#6571,#6572);
#6571 = CARTESIAN_POINT('',(0.85,-1.2,0.9));
#6572 = VECTOR('',#6573,1.);
#6573 = DIRECTION('',(-1.,-1.110223024625E-16,0.));
#6574 = PLANE('',#6575);
#6575 = AXIS2_PLACEMENT_3D('',#6576,#6577,#6578);
#6576 = CARTESIAN_POINT('',(1.069123385139,-1.2,0.441695635315));
#6577 = DIRECTION('',(1.110223024625E-16,-1.,0.));
#6578 = DIRECTION('',(0.,0.,1.));
#6579 = ADVANCED_FACE('',(#6580),#6591,.T.);
#6580 = FACE_BOUND('',#6581,.T.);
#6581 = EDGE_LOOP('',(#6582,#6583,#6584,#6585));
#6582 = ORIENTED_EDGE('',*,*,#6060,.T.);
#6583 = ORIENTED_EDGE('',*,*,#5232,.T.);
#6584 = ORIENTED_EDGE('',*,*,#6162,.F.);
#6585 = ORIENTED_EDGE('',*,*,#6586,.F.);
#6586 = EDGE_CURVE('',#6053,#6155,#6587,.T.);
#6587 = LINE('',#6588,#6589);
#6588 = CARTESIAN_POINT('',(-1.096201938253,0.7,0.693412044417));
#6589 = VECTOR('',#6590,1.);
#6590 = DIRECTION('',(1.144237745222E-17,1.,0.));
#6591 = CYLINDRICAL_SURFACE('',#6592,0.25);
#6592 = AXIS2_PLACEMENT_3D('',#6593,#6594,#6595);
#6593 = CARTESIAN_POINT('',(-0.85,0.7,0.65));
#6594 = DIRECTION('',(-1.144237745222E-17,-1.,0.));
#6595 = DIRECTION('',(-0.984807753012,1.126854202784E-17,0.173648177667)
  );
#6596 = ADVANCED_FACE('',(#6597),#6610,.F.);
#6597 = FACE_BOUND('',#6598,.F.);
#6598 = EDGE_LOOP('',(#6599,#6600,#6606,#6607,#6608,#6609));
#6599 = ORIENTED_EDGE('',*,*,#5628,.F.);
#6600 = ORIENTED_EDGE('',*,*,#6601,.T.);
#6601 = EDGE_CURVE('',#5620,#5729,#6602,.T.);
#6602 = LINE('',#6603,#6604);
#6603 = CARTESIAN_POINT('',(-0.85,-1.2,0.9));
#6604 = VECTOR('',#6605,1.);
#6605 = DIRECTION('',(1.144237745222E-17,1.,0.));
#6606 = ORIENTED_EDGE('',*,*,#5737,.T.);
#6607 = ORIENTED_EDGE('',*,*,#5759,.T.);
#6608 = ORIENTED_EDGE('',*,*,#5279,.F.);
#6609 = ORIENTED_EDGE('',*,*,#5512,.F.);
#6610 = PLANE('',#6611);
#6611 = AXIS2_PLACEMENT_3D('',#6612,#6613,#6614);
#6612 = CARTESIAN_POINT('',(-0.85,-1.2,0.9));
#6613 = DIRECTION('',(0.,0.,-1.));
#6614 = DIRECTION('',(1.,-1.144237745222E-17,0.));
#6615 = ADVANCED_FACE('',(#6616),#6629,.F.);
#6616 = FACE_BOUND('',#6617,.F.);
#6617 = EDGE_LOOP('',(#6618,#6619,#6625,#6626,#6627,#6628));
#6618 = ORIENTED_EDGE('',*,*,#5851,.F.);
#6619 = ORIENTED_EDGE('',*,*,#6620,.T.);
#6620 = EDGE_CURVE('',#5843,#5952,#6621,.T.);
#6621 = LINE('',#6622,#6623);
#6622 = CARTESIAN_POINT('',(-0.85,-0.25,0.9));
#6623 = VECTOR('',#6624,1.);
#6624 = DIRECTION('',(1.144237745222E-17,1.,0.));
#6625 = ORIENTED_EDGE('',*,*,#5960,.T.);
#6626 = ORIENTED_EDGE('',*,*,#5977,.T.);
#6627 = ORIENTED_EDGE('',*,*,#5295,.F.);
#6628 = ORIENTED_EDGE('',*,*,#5752,.F.);
#6629 = PLANE('',#6630);
#6630 = AXIS2_PLACEMENT_3D('',#6631,#6632,#6633);
#6631 = CARTESIAN_POINT('',(-0.85,-0.25,0.9));
#6632 = DIRECTION('',(0.,0.,-1.));
#6633 = DIRECTION('',(1.,-1.144237745222E-17,0.));
#6634 = ADVANCED_FACE('',(#6635,#6664),#6675,.T.);
#6635 = FACE_BOUND('',#6636,.T.);
#6636 = EDGE_LOOP('',(#6637,#6638,#6639,#6640,#6648,#6656,#6662,#6663));
#6637 = ORIENTED_EDGE('',*,*,#5370,.F.);
#6638 = ORIENTED_EDGE('',*,*,#5347,.F.);
#6639 = ORIENTED_EDGE('',*,*,#5318,.F.);
#6640 = ORIENTED_EDGE('',*,*,#6641,.F.);
#6641 = EDGE_CURVE('',#6642,#5319,#6644,.T.);
#6642 = VERTEX_POINT('',#6643);
#6643 = CARTESIAN_POINT('',(-0.646824228722,-1.333648457443,1.55));
#6644 = LINE('',#6645,#6646);
#6645 = CARTESIAN_POINT('',(-0.646824228722,-1.333648457443,1.55));
#6646 = VECTOR('',#6647,1.);
#6647 = DIRECTION('',(-0.707106781187,0.707106781187,0.));
#6648 = ORIENTED_EDGE('',*,*,#6649,.F.);
#6649 = EDGE_CURVE('',#6650,#6642,#6652,.T.);
#6650 = VERTEX_POINT('',#6651);
#6651 = CARTESIAN_POINT('',(0.646824228722,-1.333648457443,1.55));
#6652 = LINE('',#6653,#6654);
#6653 = CARTESIAN_POINT('',(0.646824228722,-1.333648457443,1.55));
#6654 = VECTOR('',#6655,1.);
#6655 = DIRECTION('',(-1.,-1.110223024625E-16,0.));
#6656 = ORIENTED_EDGE('',*,*,#6657,.F.);
#6657 = EDGE_CURVE('',#5442,#6650,#6658,.T.);
#6658 = LINE('',#6659,#6660);
#6659 = CARTESIAN_POINT('',(0.683648457443,-1.296824228722,1.55));
#6660 = VECTOR('',#6661,1.);
#6661 = DIRECTION('',(-0.707106781187,-0.707106781187,0.));
#6662 = ORIENTED_EDGE('',*,*,#5448,.F.);
#6663 = ORIENTED_EDGE('',*,*,#5393,.F.);
#6664 = FACE_BOUND('',#6665,.T.);
#6665 = EDGE_LOOP('',(#6666));
#6666 = ORIENTED_EDGE('',*,*,#6667,.T.);
#6667 = EDGE_CURVE('',#6668,#6668,#6670,.T.);
#6668 = VERTEX_POINT('',#6669);
#6669 = CARTESIAN_POINT('',(-0.483648457443,1.083648457443,1.55));
#6670 = CIRCLE('',#6671,5.E-02);
#6671 = AXIS2_PLACEMENT_3D('',#6672,#6673,#6674);
#6672 = CARTESIAN_POINT('',(-0.483648457443,1.133648457443,1.55));
#6673 = DIRECTION('',(0.,-0.,-1.));
#6674 = DIRECTION('',(1.110223024625E-16,-1.,0.));
#6675 = PLANE('',#6676);
#6676 = AXIS2_PLACEMENT_3D('',#6677,#6678,#6679);
#6677 = CARTESIAN_POINT('',(-0.646824228722,1.333648457443,1.55));
#6678 = DIRECTION('',(0.,0.,1.));
#6679 = DIRECTION('',(0.436386464522,-0.899759330922,0.));
#6680 = ADVANCED_FACE('',(#6681),#6691,.F.);
#6681 = FACE_BOUND('',#6682,.F.);
#6682 = EDGE_LOOP('',(#6683,#6684,#6685,#6686));
#6683 = ORIENTED_EDGE('',*,*,#5519,.T.);
#6684 = ORIENTED_EDGE('',*,*,#5326,.T.);
#6685 = ORIENTED_EDGE('',*,*,#6641,.F.);
#6686 = ORIENTED_EDGE('',*,*,#6687,.F.);
#6687 = EDGE_CURVE('',#5520,#6642,#6688,.T.);
#6688 = B_SPLINE_CURVE_WITH_KNOTS('',1,(#6689,#6690),.UNSPECIFIED.,.F.,
  .F.,(2,2),(0.,1.),.PIECEWISE_BEZIER_KNOTS.);
#6689 = CARTESIAN_POINT('',(-0.6925,-1.425,0.9));
#6690 = CARTESIAN_POINT('',(-0.646824228722,-1.333648457443,1.55));
#6691 = B_SPLINE_SURFACE_WITH_KNOTS('',1,1,(
    (#6692,#6693)
    ,(#6694,#6695
    )),.UNSPECIFIED.,.F.,.F.,.F.,(2,2),(2,2),(0.,0.116672618896),(0.,1.)
  ,.PIECEWISE_BEZIER_KNOTS.);
#6692 = CARTESIAN_POINT('',(-0.6925,-1.425,0.9));
#6693 = CARTESIAN_POINT('',(-0.646824228722,-1.333648457443,1.55));
#6694 = CARTESIAN_POINT('',(-0.775,-1.3425,0.9));
#6695 = CARTESIAN_POINT('',(-0.683648457443,-1.296824228722,1.55));
#6696 = ADVANCED_FACE('',(#6697),#6710,.F.);
#6697 = FACE_BOUND('',#6698,.F.);
#6698 = EDGE_LOOP('',(#6699,#6700,#6706,#6707,#6708,#6709));
#6699 = ORIENTED_EDGE('',*,*,#6460,.F.);
#6700 = ORIENTED_EDGE('',*,*,#6701,.T.);
#6701 = EDGE_CURVE('',#6452,#6561,#6702,.T.);
#6702 = LINE('',#6703,#6704);
#6703 = CARTESIAN_POINT('',(0.85,-0.7,0.9));
#6704 = VECTOR('',#6705,1.);
#6705 = DIRECTION('',(1.110223024625E-16,-1.,0.));
#6706 = ORIENTED_EDGE('',*,*,#6569,.T.);
#6707 = ORIENTED_EDGE('',*,*,#5501,.T.);
#6708 = ORIENTED_EDGE('',*,*,#5425,.F.);
#6709 = ORIENTED_EDGE('',*,*,#6367,.F.);
#6710 = PLANE('',#6711);
#6711 = AXIS2_PLACEMENT_3D('',#6712,#6713,#6714);
#6712 = CARTESIAN_POINT('',(0.85,-0.7,0.9));
#6713 = DIRECTION('',(0.,0.,-1.));
#6714 = DIRECTION('',(-1.,-1.110223024625E-16,-0.));
#6715 = ADVANCED_FACE('',(#6716),#6726,.F.);
#6716 = FACE_BOUND('',#6717,.F.);
#6717 = EDGE_LOOP('',(#6718,#6719,#6724,#6725));
#6718 = ORIENTED_EDGE('',*,*,#5535,.T.);
#6719 = ORIENTED_EDGE('',*,*,#6720,.T.);
#6720 = EDGE_CURVE('',#5528,#6650,#6721,.T.);
#6721 = B_SPLINE_CURVE_WITH_KNOTS('',1,(#6722,#6723),.UNSPECIFIED.,.F.,
  .F.,(2,2),(0.,1.),.PIECEWISE_BEZIER_KNOTS.);
#6722 = CARTESIAN_POINT('',(0.6925,-1.425,0.9));
#6723 = CARTESIAN_POINT('',(0.646824228722,-1.333648457443,1.55));
#6724 = ORIENTED_EDGE('',*,*,#6657,.F.);
#6725 = ORIENTED_EDGE('',*,*,#5441,.F.);
#6726 = B_SPLINE_SURFACE_WITH_KNOTS('',1,1,(
    (#6727,#6728)
    ,(#6729,#6730
    )),.UNSPECIFIED.,.F.,.F.,.F.,(2,2),(2,2),(0.,0.116672618896),(0.,1.)
  ,.PIECEWISE_BEZIER_KNOTS.);
#6727 = CARTESIAN_POINT('',(0.775,-1.3425,0.9));
#6728 = CARTESIAN_POINT('',(0.683648457443,-1.296824228722,1.55));
#6729 = CARTESIAN_POINT('',(0.6925,-1.425,0.9));
#6730 = CARTESIAN_POINT('',(0.646824228722,-1.333648457443,1.55));
#6731 = ADVANCED_FACE('',(#6732),#6743,.T.);
#6732 = FACE_BOUND('',#6733,.T.);
#6733 = EDGE_LOOP('',(#6734,#6735,#6736,#6737));
#6734 = ORIENTED_EDGE('',*,*,#6247,.T.);
#6735 = ORIENTED_EDGE('',*,*,#5471,.T.);
#6736 = ORIENTED_EDGE('',*,*,#6349,.F.);
#6737 = ORIENTED_EDGE('',*,*,#6738,.F.);
#6738 = EDGE_CURVE('',#6240,#6342,#6739,.T.);
#6739 = LINE('',#6740,#6741);
#6740 = CARTESIAN_POINT('',(1.096201938253,1.2,0.693412044417));
#6741 = VECTOR('',#6742,1.);
#6742 = DIRECTION('',(1.110223024625E-16,-1.,0.));
#6743 = CYLINDRICAL_SURFACE('',#6744,0.25);
#6744 = AXIS2_PLACEMENT_3D('',#6745,#6746,#6747);
#6745 = CARTESIAN_POINT('',(0.85,1.2,0.65));
#6746 = DIRECTION('',(-1.110223024625E-16,1.,0.));
#6747 = DIRECTION('',(0.984807753012,1.093356242223E-16,0.173648177667)
  );
#6748 = ADVANCED_FACE('',(#6749),#6755,.F.);
#6749 = FACE_BOUND('',#6750,.F.);
#6750 = EDGE_LOOP('',(#6751,#6752,#6753,#6754));
#6751 = ORIENTED_EDGE('',*,*,#5527,.T.);
#6752 = ORIENTED_EDGE('',*,*,#6687,.T.);
#6753 = ORIENTED_EDGE('',*,*,#6649,.F.);
#6754 = ORIENTED_EDGE('',*,*,#6720,.F.);
#6755 = B_SPLINE_SURFACE_WITH_KNOTS('',1,1,(
    (#6756,#6757)
    ,(#6758,#6759
    )),.UNSPECIFIED.,.F.,.F.,.F.,(2,2),(2,2),(0.,1.385),(0.,1.),
  .PIECEWISE_BEZIER_KNOTS.);
#6756 = CARTESIAN_POINT('',(0.6925,-1.425,0.9));
#6757 = CARTESIAN_POINT('',(0.646824228722,-1.333648457443,1.55));
#6758 = CARTESIAN_POINT('',(-0.6925,-1.425,0.9));
#6759 = CARTESIAN_POINT('',(-0.646824228722,-1.333648457443,1.55));
#6760 = ADVANCED_FACE('',(#6761),#6772,.T.);
#6761 = FACE_BOUND('',#6762,.T.);
#6762 = EDGE_LOOP('',(#6763,#6764,#6765,#6766));
#6763 = ORIENTED_EDGE('',*,*,#5619,.T.);
#6764 = ORIENTED_EDGE('',*,*,#6601,.T.);
#6765 = ORIENTED_EDGE('',*,*,#5728,.F.);
#6766 = ORIENTED_EDGE('',*,*,#6767,.F.);
#6767 = EDGE_CURVE('',#5612,#5721,#6768,.T.);
#6768 = LINE('',#6769,#6770);
#6769 = CARTESIAN_POINT('',(-1.096201938253,-1.2,0.693412044417));
#6770 = VECTOR('',#6771,1.);
#6771 = DIRECTION('',(1.144237745222E-17,1.,0.));
#6772 = CYLINDRICAL_SURFACE('',#6773,0.25);
#6773 = AXIS2_PLACEMENT_3D('',#6774,#6775,#6776);
#6774 = CARTESIAN_POINT('',(-0.85,-1.2,0.65));
#6775 = DIRECTION('',(-1.144237745222E-17,-1.,0.));
#6776 = DIRECTION('',(-0.984807753012,1.126854202784E-17,0.173648177667)
  );
#6777 = ADVANCED_FACE('',(#6778),#6789,.F.);
#6778 = FACE_BOUND('',#6779,.F.);
#6779 = EDGE_LOOP('',(#6780,#6786,#6787,#6788));
#6780 = ORIENTED_EDGE('',*,*,#6781,.T.);
#6781 = EDGE_CURVE('',#5603,#5712,#6782,.T.);
#6782 = LINE('',#6783,#6784);
#6783 = CARTESIAN_POINT('',(-1.172050016982,-1.2,0.232635182233));
#6784 = VECTOR('',#6785,1.);
#6785 = DIRECTION('',(1.144237745222E-17,1.,0.));
#6786 = ORIENTED_EDGE('',*,*,#5720,.T.);
#6787 = ORIENTED_EDGE('',*,*,#6767,.F.);
#6788 = ORIENTED_EDGE('',*,*,#5611,.F.);
#6789 = PLANE('',#6790);
#6790 = AXIS2_PLACEMENT_3D('',#6791,#6792,#6793);
#6791 = CARTESIAN_POINT('',(-1.172050016982,-1.2,0.232635182233));
#6792 = DIRECTION('',(0.986721169868,-1.129043606572E-17,-0.162423314012
    ));
#6793 = DIRECTION('',(0.162423314012,-1.858508865964E-18,0.986721169868)
  );
#6794 = ADVANCED_FACE('',(#6795),#6806,.F.);
#6795 = FACE_BOUND('',#6796,.F.);
#6796 = EDGE_LOOP('',(#6797,#6803,#6804,#6805));
#6797 = ORIENTED_EDGE('',*,*,#6798,.T.);
#6798 = EDGE_CURVE('',#5595,#5704,#6799,.T.);
#6799 = LINE('',#6800,#6801);
#6800 = CARTESIAN_POINT('',(-1.270530792283,-1.2,0.15));
#6801 = VECTOR('',#6802,1.);
#6802 = DIRECTION('',(1.144237745222E-17,1.,0.));
#6803 = ORIENTED_EDGE('',*,*,#5711,.T.);
#6804 = ORIENTED_EDGE('',*,*,#6781,.F.);
#6805 = ORIENTED_EDGE('',*,*,#5602,.F.);
#6806 = CYLINDRICAL_SURFACE('',#6807,0.1);
#6807 = AXIS2_PLACEMENT_3D('',#6808,#6809,#6810);
#6808 = CARTESIAN_POINT('',(-1.270530792283,-1.2,0.25));
#6809 = DIRECTION('',(-1.144237745222E-17,-1.,0.));
#6810 = DIRECTION('',(-2.22044604925E-15,2.540718180781E-32,-1.));
#6811 = ADVANCED_FACE('',(#6812),#6823,.F.);
#6812 = FACE_BOUND('',#6813,.F.);
#6813 = EDGE_LOOP('',(#6814,#6820,#6821,#6822));
#6814 = ORIENTED_EDGE('',*,*,#6815,.T.);
#6815 = EDGE_CURVE('',#5587,#5696,#6816,.T.);
#6816 = LINE('',#6817,#6818);
#6817 = CARTESIAN_POINT('',(-1.4,-1.2,0.15));
#6818 = VECTOR('',#6819,1.);
#6819 = DIRECTION('',(1.144237745222E-17,1.,0.));
#6820 = ORIENTED_EDGE('',*,*,#5703,.T.);
#6821 = ORIENTED_EDGE('',*,*,#6798,.F.);
#6822 = ORIENTED_EDGE('',*,*,#5594,.F.);
#6823 = PLANE('',#6824);
#6824 = AXIS2_PLACEMENT_3D('',#6825,#6826,#6827);
#6825 = CARTESIAN_POINT('',(-1.4,-1.2,0.15));
#6826 = DIRECTION('',(0.,0.,-1.));
#6827 = DIRECTION('',(1.,-1.144237745222E-17,0.));
#6828 = ADVANCED_FACE('',(#6829),#6840,.F.);
#6829 = FACE_BOUND('',#6830,.F.);
#6830 = EDGE_LOOP('',(#6831,#6837,#6838,#6839));
#6831 = ORIENTED_EDGE('',*,*,#6832,.T.);
#6832 = EDGE_CURVE('',#5579,#5688,#6833,.T.);
#6833 = LINE('',#6834,#6835);
#6834 = CARTESIAN_POINT('',(-1.4,-1.2,0.));
#6835 = VECTOR('',#6836,1.);
#6836 = DIRECTION('',(1.144237745222E-17,1.,0.));
#6837 = ORIENTED_EDGE('',*,*,#5695,.T.);
#6838 = ORIENTED_EDGE('',*,*,#6815,.F.);
#6839 = ORIENTED_EDGE('',*,*,#5586,.F.);
#6840 = PLANE('',#6841);
#6841 = AXIS2_PLACEMENT_3D('',#6842,#6843,#6844);
#6842 = CARTESIAN_POINT('',(-1.4,-1.2,0.));
#6843 = DIRECTION('',(1.,-1.144237745222E-17,0.));
#6844 = DIRECTION('',(0.,0.,1.));
#6845 = ADVANCED_FACE('',(#6846),#6857,.F.);
#6846 = FACE_BOUND('',#6847,.F.);
#6847 = EDGE_LOOP('',(#6848,#6854,#6855,#6856));
#6848 = ORIENTED_EDGE('',*,*,#6849,.T.);
#6849 = EDGE_CURVE('',#5570,#5679,#6850,.T.);
#6850 = LINE('',#6851,#6852);
#6851 = CARTESIAN_POINT('',(-1.270530792283,-1.2,0.));
#6852 = VECTOR('',#6853,1.);
#6853 = DIRECTION('',(1.144237745222E-17,1.,0.));
#6854 = ORIENTED_EDGE('',*,*,#5687,.T.);
#6855 = ORIENTED_EDGE('',*,*,#6832,.F.);
#6856 = ORIENTED_EDGE('',*,*,#5578,.F.);
#6857 = PLANE('',#6858);
#6858 = AXIS2_PLACEMENT_3D('',#6859,#6860,#6861);
#6859 = CARTESIAN_POINT('',(-1.270530792283,-1.2,0.));
#6860 = DIRECTION('',(0.,0.,1.));
#6861 = DIRECTION('',(-1.,1.144237745222E-17,0.));
#6862 = ADVANCED_FACE('',(#6863),#6874,.T.);
#6863 = FACE_BOUND('',#6864,.T.);
#6864 = EDGE_LOOP('',(#6865,#6866,#6867,#6868));
#6865 = ORIENTED_EDGE('',*,*,#5569,.T.);
#6866 = ORIENTED_EDGE('',*,*,#6849,.T.);
#6867 = ORIENTED_EDGE('',*,*,#5678,.F.);
#6868 = ORIENTED_EDGE('',*,*,#6869,.F.);
#6869 = EDGE_CURVE('',#5562,#5671,#6870,.T.);
#6870 = LINE('',#6871,#6872);
#6871 = CARTESIAN_POINT('',(-1.02432885403,-1.2,0.206587955583));
#6872 = VECTOR('',#6873,1.);
#6873 = DIRECTION('',(1.144237745222E-17,1.,0.));
#6874 = CYLINDRICAL_SURFACE('',#6875,0.25);
#6875 = AXIS2_PLACEMENT_3D('',#6876,#6877,#6878);
#6876 = CARTESIAN_POINT('',(-1.270530792283,-1.2,0.25));
#6877 = DIRECTION('',(-1.144237745222E-17,-1.,0.));
#6878 = DIRECTION('',(0.984807753012,-1.126854202784E-17,-0.173648177667
    ));
#6879 = ADVANCED_FACE('',(#6880),#6886,.F.);
#6880 = FACE_BOUND('',#6881,.F.);
#6881 = EDGE_LOOP('',(#6882,#6883,#6884,#6885));
#6882 = ORIENTED_EDGE('',*,*,#5652,.T.);
#6883 = ORIENTED_EDGE('',*,*,#5670,.T.);
#6884 = ORIENTED_EDGE('',*,*,#6869,.F.);
#6885 = ORIENTED_EDGE('',*,*,#5561,.F.);
#6886 = PLANE('',#6887);
#6887 = AXIS2_PLACEMENT_3D('',#6888,#6889,#6890);
#6888 = CARTESIAN_POINT('',(-0.948480775301,-1.2,0.667364817767));
#6889 = DIRECTION('',(-0.986721169868,1.129043606572E-17,0.162423314012)
  );
#6890 = DIRECTION('',(-0.162423314012,1.858508865964E-18,-0.986721169868
    ));
#6891 = ADVANCED_FACE('',(#6892),#6903,.T.);
#6892 = FACE_BOUND('',#6893,.T.);
#6893 = EDGE_LOOP('',(#6894,#6895,#6896,#6897));
#6894 = ORIENTED_EDGE('',*,*,#5842,.T.);
#6895 = ORIENTED_EDGE('',*,*,#6620,.T.);
#6896 = ORIENTED_EDGE('',*,*,#5951,.F.);
#6897 = ORIENTED_EDGE('',*,*,#6898,.F.);
#6898 = EDGE_CURVE('',#5835,#5944,#6899,.T.);
#6899 = LINE('',#6900,#6901);
#6900 = CARTESIAN_POINT('',(-1.096201938253,-0.25,0.693412044417));
#6901 = VECTOR('',#6902,1.);
#6902 = DIRECTION('',(1.144237745222E-17,1.,0.));
#6903 = CYLINDRICAL_SURFACE('',#6904,0.25);
#6904 = AXIS2_PLACEMENT_3D('',#6905,#6906,#6907);
#6905 = CARTESIAN_POINT('',(-0.85,-0.25,0.65));
#6906 = DIRECTION('',(-1.144237745222E-17,-1.,0.));
#6907 = DIRECTION('',(-0.984807753012,1.126854202784E-17,0.173648177667)
  );
#6908 = ADVANCED_FACE('',(#6909),#6920,.F.);
#6909 = FACE_BOUND('',#6910,.F.);
#6910 = EDGE_LOOP('',(#6911,#6917,#6918,#6919));
#6911 = ORIENTED_EDGE('',*,*,#6912,.T.);
#6912 = EDGE_CURVE('',#5826,#5935,#6913,.T.);
#6913 = LINE('',#6914,#6915);
#6914 = CARTESIAN_POINT('',(-1.172050016982,-0.25,0.232635182233));
#6915 = VECTOR('',#6916,1.);
#6916 = DIRECTION('',(1.144237745222E-17,1.,0.));
#6917 = ORIENTED_EDGE('',*,*,#5943,.T.);
#6918 = ORIENTED_EDGE('',*,*,#6898,.F.);
#6919 = ORIENTED_EDGE('',*,*,#5834,.F.);
#6920 = PLANE('',#6921);
#6921 = AXIS2_PLACEMENT_3D('',#6922,#6923,#6924);
#6922 = CARTESIAN_POINT('',(-1.172050016982,-0.25,0.232635182233));
#6923 = DIRECTION('',(0.986721169868,-1.129043606572E-17,-0.162423314012
    ));
#6924 = DIRECTION('',(0.162423314012,-1.858508865964E-18,0.986721169868)
  );
#6925 = ADVANCED_FACE('',(#6926),#6937,.F.);
#6926 = FACE_BOUND('',#6927,.F.);
#6927 = EDGE_LOOP('',(#6928,#6934,#6935,#6936));
#6928 = ORIENTED_EDGE('',*,*,#6929,.T.);
#6929 = EDGE_CURVE('',#5818,#5927,#6930,.T.);
#6930 = LINE('',#6931,#6932);
#6931 = CARTESIAN_POINT('',(-1.270530792283,-0.25,0.15));
#6932 = VECTOR('',#6933,1.);
#6933 = DIRECTION('',(1.144237745222E-17,1.,0.));
#6934 = ORIENTED_EDGE('',*,*,#5934,.T.);
#6935 = ORIENTED_EDGE('',*,*,#6912,.F.);
#6936 = ORIENTED_EDGE('',*,*,#5825,.F.);
#6937 = CYLINDRICAL_SURFACE('',#6938,0.1);
#6938 = AXIS2_PLACEMENT_3D('',#6939,#6940,#6941);
#6939 = CARTESIAN_POINT('',(-1.270530792283,-0.25,0.25));
#6940 = DIRECTION('',(-1.144237745222E-17,-1.,0.));
#6941 = DIRECTION('',(-2.22044604925E-15,2.540718180781E-32,-1.));
#6942 = ADVANCED_FACE('',(#6943),#6954,.F.);
#6943 = FACE_BOUND('',#6944,.F.);
#6944 = EDGE_LOOP('',(#6945,#6951,#6952,#6953));
#6945 = ORIENTED_EDGE('',*,*,#6946,.T.);
#6946 = EDGE_CURVE('',#5810,#5919,#6947,.T.);
#6947 = LINE('',#6948,#6949);
#6948 = CARTESIAN_POINT('',(-1.4,-0.25,0.15));
#6949 = VECTOR('',#6950,1.);
#6950 = DIRECTION('',(1.144237745222E-17,1.,0.));
#6951 = ORIENTED_EDGE('',*,*,#5926,.T.);
#6952 = ORIENTED_EDGE('',*,*,#6929,.F.);
#6953 = ORIENTED_EDGE('',*,*,#5817,.F.);
#6954 = PLANE('',#6955);
#6955 = AXIS2_PLACEMENT_3D('',#6956,#6957,#6958);
#6956 = CARTESIAN_POINT('',(-1.4,-0.25,0.15));
#6957 = DIRECTION('',(0.,0.,-1.));
#6958 = DIRECTION('',(1.,-1.144237745222E-17,0.));
#6959 = ADVANCED_FACE('',(#6960),#6971,.F.);
#6960 = FACE_BOUND('',#6961,.F.);
#6961 = EDGE_LOOP('',(#6962,#6968,#6969,#6970));
#6962 = ORIENTED_EDGE('',*,*,#6963,.T.);
#6963 = EDGE_CURVE('',#5802,#5911,#6964,.T.);
#6964 = LINE('',#6965,#6966);
#6965 = CARTESIAN_POINT('',(-1.4,-0.25,0.));
#6966 = VECTOR('',#6967,1.);
#6967 = DIRECTION('',(1.144237745222E-17,1.,0.));
#6968 = ORIENTED_EDGE('',*,*,#5918,.T.);
#6969 = ORIENTED_EDGE('',*,*,#6946,.F.);
#6970 = ORIENTED_EDGE('',*,*,#5809,.F.);
#6971 = PLANE('',#6972);
#6972 = AXIS2_PLACEMENT_3D('',#6973,#6974,#6975);
#6973 = CARTESIAN_POINT('',(-1.4,-0.25,0.));
#6974 = DIRECTION('',(1.,-1.144237745222E-17,0.));
#6975 = DIRECTION('',(0.,0.,1.));
#6976 = ADVANCED_FACE('',(#6977),#6988,.F.);
#6977 = FACE_BOUND('',#6978,.F.);
#6978 = EDGE_LOOP('',(#6979,#6985,#6986,#6987));
#6979 = ORIENTED_EDGE('',*,*,#6980,.T.);
#6980 = EDGE_CURVE('',#5793,#5902,#6981,.T.);
#6981 = LINE('',#6982,#6983);
#6982 = CARTESIAN_POINT('',(-1.270530792283,-0.25,0.));
#6983 = VECTOR('',#6984,1.);
#6984 = DIRECTION('',(1.144237745222E-17,1.,0.));
#6985 = ORIENTED_EDGE('',*,*,#5910,.T.);
#6986 = ORIENTED_EDGE('',*,*,#6963,.F.);
#6987 = ORIENTED_EDGE('',*,*,#5801,.F.);
#6988 = PLANE('',#6989);
#6989 = AXIS2_PLACEMENT_3D('',#6990,#6991,#6992);
#6990 = CARTESIAN_POINT('',(-1.270530792283,-0.25,0.));
#6991 = DIRECTION('',(0.,0.,1.));
#6992 = DIRECTION('',(-1.,1.144237745222E-17,0.));
#6993 = ADVANCED_FACE('',(#6994),#7005,.T.);
#6994 = FACE_BOUND('',#6995,.T.);
#6995 = EDGE_LOOP('',(#6996,#6997,#6998,#6999));
#6996 = ORIENTED_EDGE('',*,*,#5792,.T.);
#6997 = ORIENTED_EDGE('',*,*,#6980,.T.);
#6998 = ORIENTED_EDGE('',*,*,#5901,.F.);
#6999 = ORIENTED_EDGE('',*,*,#7000,.F.);
#7000 = EDGE_CURVE('',#5785,#5894,#7001,.T.);
#7001 = LINE('',#7002,#7003);
#7002 = CARTESIAN_POINT('',(-1.02432885403,-0.25,0.206587955583));
#7003 = VECTOR('',#7004,1.);
#7004 = DIRECTION('',(1.144237745222E-17,1.,0.));
#7005 = CYLINDRICAL_SURFACE('',#7006,0.25);
#7006 = AXIS2_PLACEMENT_3D('',#7007,#7008,#7009);
#7007 = CARTESIAN_POINT('',(-1.270530792283,-0.25,0.25));
#7008 = DIRECTION('',(-1.144237745222E-17,-1.,0.));
#7009 = DIRECTION('',(0.984807753012,-1.126854202784E-17,-0.173648177667
    ));
#7010 = ADVANCED_FACE('',(#7011),#7017,.F.);
#7011 = FACE_BOUND('',#7012,.F.);
#7012 = EDGE_LOOP('',(#7013,#7014,#7015,#7016));
#7013 = ORIENTED_EDGE('',*,*,#5875,.T.);
#7014 = ORIENTED_EDGE('',*,*,#5893,.T.);
#7015 = ORIENTED_EDGE('',*,*,#7000,.F.);
#7016 = ORIENTED_EDGE('',*,*,#5784,.F.);
#7017 = PLANE('',#7018);
#7018 = AXIS2_PLACEMENT_3D('',#7019,#7020,#7021);
#7019 = CARTESIAN_POINT('',(-0.948480775301,-0.25,0.667364817767));
#7020 = DIRECTION('',(-0.986721169868,1.129043606572E-17,0.162423314012)
  );
#7021 = DIRECTION('',(-0.162423314012,1.858508865964E-18,-0.986721169868
    ));
#7022 = ADVANCED_FACE('',(#7023),#7034,.F.);
#7023 = FACE_BOUND('',#7024,.F.);
#7024 = EDGE_LOOP('',(#7025,#7031,#7032,#7033));
#7025 = ORIENTED_EDGE('',*,*,#7026,.T.);
#7026 = EDGE_CURVE('',#6044,#6146,#7027,.T.);
#7027 = LINE('',#7028,#7029);
#7028 = CARTESIAN_POINT('',(-1.172050016982,0.7,0.232635182233));
#7029 = VECTOR('',#7030,1.);
#7030 = DIRECTION('',(1.144237745222E-17,1.,0.));
#7031 = ORIENTED_EDGE('',*,*,#6154,.T.);
#7032 = ORIENTED_EDGE('',*,*,#6586,.F.);
#7033 = ORIENTED_EDGE('',*,*,#6052,.F.);
#7034 = PLANE('',#7035);
#7035 = AXIS2_PLACEMENT_3D('',#7036,#7037,#7038);
#7036 = CARTESIAN_POINT('',(-1.172050016982,0.7,0.232635182233));
#7037 = DIRECTION('',(0.986721169868,-1.129043606572E-17,-0.162423314012
    ));
#7038 = DIRECTION('',(0.162423314012,-1.858508865964E-18,0.986721169868)
  );
#7039 = ADVANCED_FACE('',(#7040),#7051,.F.);
#7040 = FACE_BOUND('',#7041,.F.);
#7041 = EDGE_LOOP('',(#7042,#7048,#7049,#7050));
#7042 = ORIENTED_EDGE('',*,*,#7043,.T.);
#7043 = EDGE_CURVE('',#6036,#6138,#7044,.T.);
#7044 = LINE('',#7045,#7046);
#7045 = CARTESIAN_POINT('',(-1.270530792283,0.7,0.15));
#7046 = VECTOR('',#7047,1.);
#7047 = DIRECTION('',(1.144237745222E-17,1.,0.));
#7048 = ORIENTED_EDGE('',*,*,#6145,.T.);
#7049 = ORIENTED_EDGE('',*,*,#7026,.F.);
#7050 = ORIENTED_EDGE('',*,*,#6043,.F.);
#7051 = CYLINDRICAL_SURFACE('',#7052,0.1);
#7052 = AXIS2_PLACEMENT_3D('',#7053,#7054,#7055);
#7053 = CARTESIAN_POINT('',(-1.270530792283,0.7,0.25));
#7054 = DIRECTION('',(-1.144237745222E-17,-1.,0.));
#7055 = DIRECTION('',(-2.22044604925E-15,2.540718180781E-32,-1.));
#7056 = ADVANCED_FACE('',(#7057),#7068,.F.);
#7057 = FACE_BOUND('',#7058,.F.);
#7058 = EDGE_LOOP('',(#7059,#7065,#7066,#7067));
#7059 = ORIENTED_EDGE('',*,*,#7060,.T.);
#7060 = EDGE_CURVE('',#6028,#6130,#7061,.T.);
#7061 = LINE('',#7062,#7063);
#7062 = CARTESIAN_POINT('',(-1.4,0.7,0.15));
#7063 = VECTOR('',#7064,1.);
#7064 = DIRECTION('',(1.144237745222E-17,1.,0.));
#7065 = ORIENTED_EDGE('',*,*,#6137,.T.);
#7066 = ORIENTED_EDGE('',*,*,#7043,.F.);
#7067 = ORIENTED_EDGE('',*,*,#6035,.F.);
#7068 = PLANE('',#7069);
#7069 = AXIS2_PLACEMENT_3D('',#7070,#7071,#7072);
#7070 = CARTESIAN_POINT('',(-1.4,0.7,0.15));
#7071 = DIRECTION('',(0.,0.,-1.));
#7072 = DIRECTION('',(1.,-1.144237745222E-17,0.));
#7073 = ADVANCED_FACE('',(#7074),#7085,.F.);
#7074 = FACE_BOUND('',#7075,.F.);
#7075 = EDGE_LOOP('',(#7076,#7082,#7083,#7084));
#7076 = ORIENTED_EDGE('',*,*,#7077,.T.);
#7077 = EDGE_CURVE('',#6020,#6122,#7078,.T.);
#7078 = LINE('',#7079,#7080);
#7079 = CARTESIAN_POINT('',(-1.4,0.7,0.));
#7080 = VECTOR('',#7081,1.);
#7081 = DIRECTION('',(1.144237745222E-17,1.,0.));
#7082 = ORIENTED_EDGE('',*,*,#6129,.T.);
#7083 = ORIENTED_EDGE('',*,*,#7060,.F.);
#7084 = ORIENTED_EDGE('',*,*,#6027,.F.);
#7085 = PLANE('',#7086);
#7086 = AXIS2_PLACEMENT_3D('',#7087,#7088,#7089);
#7087 = CARTESIAN_POINT('',(-1.4,0.7,0.));
#7088 = DIRECTION('',(1.,-1.144237745222E-17,0.));
#7089 = DIRECTION('',(0.,0.,1.));
#7090 = ADVANCED_FACE('',(#7091),#7102,.F.);
#7091 = FACE_BOUND('',#7092,.F.);
#7092 = EDGE_LOOP('',(#7093,#7099,#7100,#7101));
#7093 = ORIENTED_EDGE('',*,*,#7094,.T.);
#7094 = EDGE_CURVE('',#6011,#6113,#7095,.T.);
#7095 = LINE('',#7096,#7097);
#7096 = CARTESIAN_POINT('',(-1.270530792283,0.7,0.));
#7097 = VECTOR('',#7098,1.);
#7098 = DIRECTION('',(1.144237745222E-17,1.,0.));
#7099 = ORIENTED_EDGE('',*,*,#6121,.T.);
#7100 = ORIENTED_EDGE('',*,*,#7077,.F.);
#7101 = ORIENTED_EDGE('',*,*,#6019,.F.);
#7102 = PLANE('',#7103);
#7103 = AXIS2_PLACEMENT_3D('',#7104,#7105,#7106);
#7104 = CARTESIAN_POINT('',(-1.270530792283,0.7,0.));
#7105 = DIRECTION('',(0.,0.,1.));
#7106 = DIRECTION('',(-1.,1.144237745222E-17,0.));
#7107 = ADVANCED_FACE('',(#7108),#7119,.T.);
#7108 = FACE_BOUND('',#7109,.T.);
#7109 = EDGE_LOOP('',(#7110,#7111,#7112,#7113));
#7110 = ORIENTED_EDGE('',*,*,#6010,.T.);
#7111 = ORIENTED_EDGE('',*,*,#7094,.T.);
#7112 = ORIENTED_EDGE('',*,*,#6112,.F.);
#7113 = ORIENTED_EDGE('',*,*,#7114,.F.);
#7114 = EDGE_CURVE('',#6003,#6105,#7115,.T.);
#7115 = LINE('',#7116,#7117);
#7116 = CARTESIAN_POINT('',(-1.02432885403,0.7,0.206587955583));
#7117 = VECTOR('',#7118,1.);
#7118 = DIRECTION('',(1.144237745222E-17,1.,0.));
#7119 = CYLINDRICAL_SURFACE('',#7120,0.25);
#7120 = AXIS2_PLACEMENT_3D('',#7121,#7122,#7123);
#7121 = CARTESIAN_POINT('',(-1.270530792283,0.7,0.25));
#7122 = DIRECTION('',(-1.144237745222E-17,-1.,0.));
#7123 = DIRECTION('',(0.984807753012,-1.126854202784E-17,-0.173648177667
    ));
#7124 = ADVANCED_FACE('',(#7125),#7131,.F.);
#7125 = FACE_BOUND('',#7126,.F.);
#7126 = EDGE_LOOP('',(#7127,#7128,#7129,#7130));
#7127 = ORIENTED_EDGE('',*,*,#6086,.T.);
#7128 = ORIENTED_EDGE('',*,*,#6104,.T.);
#7129 = ORIENTED_EDGE('',*,*,#7114,.F.);
#7130 = ORIENTED_EDGE('',*,*,#6002,.F.);
#7131 = PLANE('',#7132);
#7132 = AXIS2_PLACEMENT_3D('',#7133,#7134,#7135);
#7133 = CARTESIAN_POINT('',(-0.948480775301,0.7,0.667364817767));
#7134 = DIRECTION('',(-0.986721169868,1.129043606572E-17,0.162423314012)
  );
#7135 = DIRECTION('',(-0.162423314012,1.858508865964E-18,-0.986721169868
    ));
#7136 = ADVANCED_FACE('',(#7137),#7148,.F.);
#7137 = FACE_BOUND('',#7138,.F.);
#7138 = EDGE_LOOP('',(#7139,#7145,#7146,#7147));
#7139 = ORIENTED_EDGE('',*,*,#7140,.T.);
#7140 = EDGE_CURVE('',#6231,#6333,#7141,.T.);
#7141 = LINE('',#7142,#7143);
#7142 = CARTESIAN_POINT('',(1.172050016982,1.2,0.232635182233));
#7143 = VECTOR('',#7144,1.);
#7144 = DIRECTION('',(1.110223024625E-16,-1.,0.));
#7145 = ORIENTED_EDGE('',*,*,#6341,.T.);
#7146 = ORIENTED_EDGE('',*,*,#6738,.F.);
#7147 = ORIENTED_EDGE('',*,*,#6239,.F.);
#7148 = PLANE('',#7149);
#7149 = AXIS2_PLACEMENT_3D('',#7150,#7151,#7152);
#7150 = CARTESIAN_POINT('',(1.172050016982,1.2,0.232635182233));
#7151 = DIRECTION('',(-0.986721169868,-1.095480561672E-16,
    -0.162423314012));
#7152 = DIRECTION('',(-0.162423314012,-1.803261029519E-17,0.986721169868
    ));
#7153 = ADVANCED_FACE('',(#7154),#7165,.F.);
#7154 = FACE_BOUND('',#7155,.F.);
#7155 = EDGE_LOOP('',(#7156,#7162,#7163,#7164));
#7156 = ORIENTED_EDGE('',*,*,#7157,.T.);
#7157 = EDGE_CURVE('',#6223,#6325,#7158,.T.);
#7158 = LINE('',#7159,#7160);
#7159 = CARTESIAN_POINT('',(1.270530792283,1.2,0.15));
#7160 = VECTOR('',#7161,1.);
#7161 = DIRECTION('',(1.110223024625E-16,-1.,0.));
#7162 = ORIENTED_EDGE('',*,*,#6332,.T.);
#7163 = ORIENTED_EDGE('',*,*,#7140,.F.);
#7164 = ORIENTED_EDGE('',*,*,#6230,.F.);
#7165 = CYLINDRICAL_SURFACE('',#7166,0.1);
#7166 = AXIS2_PLACEMENT_3D('',#7167,#7168,#7169);
#7167 = CARTESIAN_POINT('',(1.270530792283,1.2,0.25));
#7168 = DIRECTION('',(-1.110223024625E-16,1.,0.));
#7169 = DIRECTION('',(2.22044604925E-15,2.465190328815E-31,-1.));
#7170 = ADVANCED_FACE('',(#7171),#7182,.F.);
#7171 = FACE_BOUND('',#7172,.F.);
#7172 = EDGE_LOOP('',(#7173,#7179,#7180,#7181));
#7173 = ORIENTED_EDGE('',*,*,#7174,.T.);
#7174 = EDGE_CURVE('',#6215,#6317,#7175,.T.);
#7175 = LINE('',#7176,#7177);
#7176 = CARTESIAN_POINT('',(1.4,1.2,0.15));
#7177 = VECTOR('',#7178,1.);
#7178 = DIRECTION('',(1.110223024625E-16,-1.,0.));
#7179 = ORIENTED_EDGE('',*,*,#6324,.T.);
#7180 = ORIENTED_EDGE('',*,*,#7157,.F.);
#7181 = ORIENTED_EDGE('',*,*,#6222,.F.);
#7182 = PLANE('',#7183);
#7183 = AXIS2_PLACEMENT_3D('',#7184,#7185,#7186);
#7184 = CARTESIAN_POINT('',(1.4,1.2,0.15));
#7185 = DIRECTION('',(0.,0.,-1.));
#7186 = DIRECTION('',(-1.,-1.110223024625E-16,-0.));
#7187 = ADVANCED_FACE('',(#7188),#7199,.F.);
#7188 = FACE_BOUND('',#7189,.F.);
#7189 = EDGE_LOOP('',(#7190,#7196,#7197,#7198));
#7190 = ORIENTED_EDGE('',*,*,#7191,.T.);
#7191 = EDGE_CURVE('',#6207,#6309,#7192,.T.);
#7192 = LINE('',#7193,#7194);
#7193 = CARTESIAN_POINT('',(1.4,1.2,0.));
#7194 = VECTOR('',#7195,1.);
#7195 = DIRECTION('',(1.110223024625E-16,-1.,0.));
#7196 = ORIENTED_EDGE('',*,*,#6316,.T.);
#7197 = ORIENTED_EDGE('',*,*,#7174,.F.);
#7198 = ORIENTED_EDGE('',*,*,#6214,.F.);
#7199 = PLANE('',#7200);
#7200 = AXIS2_PLACEMENT_3D('',#7201,#7202,#7203);
#7201 = CARTESIAN_POINT('',(1.4,1.2,0.));
#7202 = DIRECTION('',(-1.,-1.110223024625E-16,0.));
#7203 = DIRECTION('',(0.,0.,1.));
#7204 = ADVANCED_FACE('',(#7205),#7216,.F.);
#7205 = FACE_BOUND('',#7206,.F.);
#7206 = EDGE_LOOP('',(#7207,#7213,#7214,#7215));
#7207 = ORIENTED_EDGE('',*,*,#7208,.T.);
#7208 = EDGE_CURVE('',#6198,#6300,#7209,.T.);
#7209 = LINE('',#7210,#7211);
#7210 = CARTESIAN_POINT('',(1.270530792283,1.2,0.));
#7211 = VECTOR('',#7212,1.);
#7212 = DIRECTION('',(1.110223024625E-16,-1.,0.));
#7213 = ORIENTED_EDGE('',*,*,#6308,.T.);
#7214 = ORIENTED_EDGE('',*,*,#7191,.F.);
#7215 = ORIENTED_EDGE('',*,*,#6206,.F.);
#7216 = PLANE('',#7217);
#7217 = AXIS2_PLACEMENT_3D('',#7218,#7219,#7220);
#7218 = CARTESIAN_POINT('',(1.270530792283,1.2,0.));
#7219 = DIRECTION('',(0.,0.,1.));
#7220 = DIRECTION('',(1.,1.110223024625E-16,-0.));
#7221 = ADVANCED_FACE('',(#7222),#7233,.T.);
#7222 = FACE_BOUND('',#7223,.T.);
#7223 = EDGE_LOOP('',(#7224,#7225,#7226,#7227));
#7224 = ORIENTED_EDGE('',*,*,#6197,.T.);
#7225 = ORIENTED_EDGE('',*,*,#7208,.T.);
#7226 = ORIENTED_EDGE('',*,*,#6299,.F.);
#7227 = ORIENTED_EDGE('',*,*,#7228,.F.);
#7228 = EDGE_CURVE('',#6190,#6292,#7229,.T.);
#7229 = LINE('',#7230,#7231);
#7230 = CARTESIAN_POINT('',(1.02432885403,1.2,0.206587955583));
#7231 = VECTOR('',#7232,1.);
#7232 = DIRECTION('',(1.110223024625E-16,-1.,0.));
#7233 = CYLINDRICAL_SURFACE('',#7234,0.25);
#7234 = AXIS2_PLACEMENT_3D('',#7235,#7236,#7237);
#7235 = CARTESIAN_POINT('',(1.270530792283,1.2,0.25));
#7236 = DIRECTION('',(-1.110223024625E-16,1.,0.));
#7237 = DIRECTION('',(-0.984807753012,-1.093356242223E-16,
    -0.173648177667));
#7238 = ADVANCED_FACE('',(#7239),#7245,.F.);
#7239 = FACE_BOUND('',#7240,.F.);
#7240 = EDGE_LOOP('',(#7241,#7242,#7243,#7244));
#7241 = ORIENTED_EDGE('',*,*,#6273,.T.);
#7242 = ORIENTED_EDGE('',*,*,#6291,.T.);
#7243 = ORIENTED_EDGE('',*,*,#7228,.F.);
#7244 = ORIENTED_EDGE('',*,*,#6189,.F.);
#7245 = PLANE('',#7246);
#7246 = AXIS2_PLACEMENT_3D('',#7247,#7248,#7249);
#7247 = CARTESIAN_POINT('',(0.948480775301,1.2,0.667364817767));
#7248 = DIRECTION('',(0.986721169868,1.095480561672E-16,0.162423314012)
  );
#7249 = DIRECTION('',(0.162423314012,1.803261029519E-17,-0.986721169868)
  );
#7250 = ADVANCED_FACE('',(#7251),#7262,.T.);
#7251 = FACE_BOUND('',#7252,.T.);
#7252 = EDGE_LOOP('',(#7253,#7254,#7255,#7256));
#7253 = ORIENTED_EDGE('',*,*,#6451,.T.);
#7254 = ORIENTED_EDGE('',*,*,#6701,.T.);
#7255 = ORIENTED_EDGE('',*,*,#6560,.F.);
#7256 = ORIENTED_EDGE('',*,*,#7257,.F.);
#7257 = EDGE_CURVE('',#6444,#6553,#7258,.T.);
#7258 = LINE('',#7259,#7260);
#7259 = CARTESIAN_POINT('',(1.096201938253,-0.7,0.693412044417));
#7260 = VECTOR('',#7261,1.);
#7261 = DIRECTION('',(1.110223024625E-16,-1.,0.));
#7262 = CYLINDRICAL_SURFACE('',#7263,0.25);
#7263 = AXIS2_PLACEMENT_3D('',#7264,#7265,#7266);
#7264 = CARTESIAN_POINT('',(0.85,-0.7,0.65));
#7265 = DIRECTION('',(-1.110223024625E-16,1.,0.));
#7266 = DIRECTION('',(0.984807753012,1.093356242223E-16,0.173648177667)
  );
#7267 = ADVANCED_FACE('',(#7268),#7279,.F.);
#7268 = FACE_BOUND('',#7269,.F.);
#7269 = EDGE_LOOP('',(#7270,#7276,#7277,#7278));
#7270 = ORIENTED_EDGE('',*,*,#7271,.T.);
#7271 = EDGE_CURVE('',#6435,#6544,#7272,.T.);
#7272 = LINE('',#7273,#7274);
#7273 = CARTESIAN_POINT('',(1.172050016982,-0.7,0.232635182233));
#7274 = VECTOR('',#7275,1.);
#7275 = DIRECTION('',(1.110223024625E-16,-1.,0.));
#7276 = ORIENTED_EDGE('',*,*,#6552,.T.);
#7277 = ORIENTED_EDGE('',*,*,#7257,.F.);
#7278 = ORIENTED_EDGE('',*,*,#6443,.F.);
#7279 = PLANE('',#7280);
#7280 = AXIS2_PLACEMENT_3D('',#7281,#7282,#7283);
#7281 = CARTESIAN_POINT('',(1.172050016982,-0.7,0.232635182233));
#7282 = DIRECTION('',(-0.986721169868,-1.095480561672E-16,
    -0.162423314012));
#7283 = DIRECTION('',(-0.162423314012,-1.803261029519E-17,0.986721169868
    ));
#7284 = ADVANCED_FACE('',(#7285),#7296,.F.);
#7285 = FACE_BOUND('',#7286,.F.);
#7286 = EDGE_LOOP('',(#7287,#7293,#7294,#7295));
#7287 = ORIENTED_EDGE('',*,*,#7288,.T.);
#7288 = EDGE_CURVE('',#6427,#6536,#7289,.T.);
#7289 = LINE('',#7290,#7291);
#7290 = CARTESIAN_POINT('',(1.270530792283,-0.7,0.15));
#7291 = VECTOR('',#7292,1.);
#7292 = DIRECTION('',(1.110223024625E-16,-1.,0.));
#7293 = ORIENTED_EDGE('',*,*,#6543,.T.);
#7294 = ORIENTED_EDGE('',*,*,#7271,.F.);
#7295 = ORIENTED_EDGE('',*,*,#6434,.F.);
#7296 = CYLINDRICAL_SURFACE('',#7297,0.1);
#7297 = AXIS2_PLACEMENT_3D('',#7298,#7299,#7300);
#7298 = CARTESIAN_POINT('',(1.270530792283,-0.7,0.25));
#7299 = DIRECTION('',(-1.110223024625E-16,1.,0.));
#7300 = DIRECTION('',(2.22044604925E-15,2.465190328815E-31,-1.));
#7301 = ADVANCED_FACE('',(#7302),#7313,.F.);
#7302 = FACE_BOUND('',#7303,.F.);
#7303 = EDGE_LOOP('',(#7304,#7310,#7311,#7312));
#7304 = ORIENTED_EDGE('',*,*,#7305,.T.);
#7305 = EDGE_CURVE('',#6419,#6528,#7306,.T.);
#7306 = LINE('',#7307,#7308);
#7307 = CARTESIAN_POINT('',(1.4,-0.7,0.15));
#7308 = VECTOR('',#7309,1.);
#7309 = DIRECTION('',(1.110223024625E-16,-1.,0.));
#7310 = ORIENTED_EDGE('',*,*,#6535,.T.);
#7311 = ORIENTED_EDGE('',*,*,#7288,.F.);
#7312 = ORIENTED_EDGE('',*,*,#6426,.F.);
#7313 = PLANE('',#7314);
#7314 = AXIS2_PLACEMENT_3D('',#7315,#7316,#7317);
#7315 = CARTESIAN_POINT('',(1.4,-0.7,0.15));
#7316 = DIRECTION('',(0.,0.,-1.));
#7317 = DIRECTION('',(-1.,-1.110223024625E-16,-0.));
#7318 = ADVANCED_FACE('',(#7319),#7330,.F.);
#7319 = FACE_BOUND('',#7320,.F.);
#7320 = EDGE_LOOP('',(#7321,#7327,#7328,#7329));
#7321 = ORIENTED_EDGE('',*,*,#7322,.T.);
#7322 = EDGE_CURVE('',#6411,#6520,#7323,.T.);
#7323 = LINE('',#7324,#7325);
#7324 = CARTESIAN_POINT('',(1.4,-0.7,0.));
#7325 = VECTOR('',#7326,1.);
#7326 = DIRECTION('',(1.110223024625E-16,-1.,0.));
#7327 = ORIENTED_EDGE('',*,*,#6527,.T.);
#7328 = ORIENTED_EDGE('',*,*,#7305,.F.);
#7329 = ORIENTED_EDGE('',*,*,#6418,.F.);
#7330 = PLANE('',#7331);
#7331 = AXIS2_PLACEMENT_3D('',#7332,#7333,#7334);
#7332 = CARTESIAN_POINT('',(1.4,-0.7,0.));
#7333 = DIRECTION('',(-1.,-1.110223024625E-16,0.));
#7334 = DIRECTION('',(0.,0.,1.));
#7335 = ADVANCED_FACE('',(#7336),#7347,.F.);
#7336 = FACE_BOUND('',#7337,.F.);
#7337 = EDGE_LOOP('',(#7338,#7344,#7345,#7346));
#7338 = ORIENTED_EDGE('',*,*,#7339,.T.);
#7339 = EDGE_CURVE('',#6402,#6511,#7340,.T.);
#7340 = LINE('',#7341,#7342);
#7341 = CARTESIAN_POINT('',(1.270530792283,-0.7,0.));
#7342 = VECTOR('',#7343,1.);
#7343 = DIRECTION('',(1.110223024625E-16,-1.,0.));
#7344 = ORIENTED_EDGE('',*,*,#6519,.T.);
#7345 = ORIENTED_EDGE('',*,*,#7322,.F.);
#7346 = ORIENTED_EDGE('',*,*,#6410,.F.);
#7347 = PLANE('',#7348);
#7348 = AXIS2_PLACEMENT_3D('',#7349,#7350,#7351);
#7349 = CARTESIAN_POINT('',(1.270530792283,-0.7,0.));
#7350 = DIRECTION('',(0.,0.,1.));
#7351 = DIRECTION('',(1.,1.110223024625E-16,-0.));
#7352 = ADVANCED_FACE('',(#7353),#7364,.T.);
#7353 = FACE_BOUND('',#7354,.T.);
#7354 = EDGE_LOOP('',(#7355,#7356,#7357,#7358));
#7355 = ORIENTED_EDGE('',*,*,#6401,.T.);
#7356 = ORIENTED_EDGE('',*,*,#7339,.T.);
#7357 = ORIENTED_EDGE('',*,*,#6510,.F.);
#7358 = ORIENTED_EDGE('',*,*,#7359,.F.);
#7359 = EDGE_CURVE('',#6394,#6503,#7360,.T.);
#7360 = LINE('',#7361,#7362);
#7361 = CARTESIAN_POINT('',(1.02432885403,-0.7,0.206587955583));
#7362 = VECTOR('',#7363,1.);
#7363 = DIRECTION('',(1.110223024625E-16,-1.,0.));
#7364 = CYLINDRICAL_SURFACE('',#7365,0.25);
#7365 = AXIS2_PLACEMENT_3D('',#7366,#7367,#7368);
#7366 = CARTESIAN_POINT('',(1.270530792283,-0.7,0.25));
#7367 = DIRECTION('',(-1.110223024625E-16,1.,0.));
#7368 = DIRECTION('',(-0.984807753012,-1.093356242223E-16,
    -0.173648177667));
#7369 = ADVANCED_FACE('',(#7370),#7376,.F.);
#7370 = FACE_BOUND('',#7371,.F.);
#7371 = EDGE_LOOP('',(#7372,#7373,#7374,#7375));
#7372 = ORIENTED_EDGE('',*,*,#6484,.T.);
#7373 = ORIENTED_EDGE('',*,*,#6502,.T.);
#7374 = ORIENTED_EDGE('',*,*,#7359,.F.);
#7375 = ORIENTED_EDGE('',*,*,#6393,.F.);
#7376 = PLANE('',#7377);
#7377 = AXIS2_PLACEMENT_3D('',#7378,#7379,#7380);
#7378 = CARTESIAN_POINT('',(0.948480775301,-0.7,0.667364817767));
#7379 = DIRECTION('',(0.986721169868,1.095480561672E-16,0.162423314012)
  );
#7380 = DIRECTION('',(0.162423314012,1.803261029519E-17,-0.986721169868)
  );
#7381 = ADVANCED_FACE('',(#7382),#7385,.F.);
#7382 = FACE_BOUND('',#7383,.T.);
#7383 = EDGE_LOOP('',(#7384));
#7384 = ORIENTED_EDGE('',*,*,#6667,.F.);
#7385 = PLANE('',#7386);
#7386 = AXIS2_PLACEMENT_3D('',#7387,#7388,#7389);
#7387 = CARTESIAN_POINT('',(-0.483648457443,1.133648457443,1.55));
#7388 = DIRECTION('',(0.,0.,-1.));
#7389 = DIRECTION('',(1.110223024625E-16,-1.,0.));
#7390 = ( GEOMETRIC_REPRESENTATION_CONTEXT(3) 
GLOBAL_UNCERTAINTY_ASSIGNED_CONTEXT((#7394)) 
GLOBAL_UNIT_ASSIGNED_CONTEXT((#7391,#7392,#7393)) REPRESENTATION_CONTEXT
('Context #1','3D Context with UNIT and UNCERTAINTY') );
#7391 = ( LENGTH_UNIT() NAMED_UNIT(*) SI_UNIT(.MILLI.,.METRE.) );
#7392 = ( NAMED_UNIT(*) PLANE_ANGLE_UNIT() SI_UNIT($,.RADIAN.) );
#7393 = ( NAMED_UNIT(*) SI_UNIT($,.STERADIAN.) SOLID_ANGLE_UNIT() );
#7394 = UNCERTAINTY_MEASURE_WITH_UNIT(LENGTH_MEASURE(1.E-07),#7391,
  'distance_accuracy_value','confusion accuracy');
#7395 = CONTEXT_DEPENDENT_SHAPE_REPRESENTATION(#7396,#7398);
#7396 = ( REPRESENTATION_RELATIONSHIP('','',#4320,#10) 
REPRESENTATION_RELATIONSHIP_WITH_TRANSFORMATION(#7397) 
SHAPE_REPRESENTATION_RELATIONSHIP() );
#7397 = ITEM_DEFINED_TRANSFORMATION('','',#11,#75);
#7398 = PRODUCT_DEFINITION_SHAPE('Placement','Placement of an item',
  #7399);
#7399 = NEXT_ASSEMBLY_USAGE_OCCURRENCE('16','U3','',#5,#4315,$);
#7400 = PRODUCT_RELATED_PRODUCT_CATEGORY('part',$,(#4317));
#7401 = CONTEXT_DEPENDENT_SHAPE_REPRESENTATION(#7402,#7404);
#7402 = ( REPRESENTATION_RELATIONSHIP('','',#3447,#10) 
REPRESENTATION_RELATIONSHIP_WITH_TRANSFORMATION(#7403) 
SHAPE_REPRESENTATION_RELATIONSHIP() );
#7403 = ITEM_DEFINED_TRANSFORMATION('','',#11,#79);
#7404 = PRODUCT_DEFINITION_SHAPE('Placement','Placement of an item',
  #7405);
#7405 = NEXT_ASSEMBLY_USAGE_OCCURRENCE('17','C13','',#5,#3442,$);
#7406 = CONTEXT_DEPENDENT_SHAPE_REPRESENTATION(#7407,#7409);
#7407 = ( REPRESENTATION_RELATIONSHIP('','',#168,#10) 
REPRESENTATION_RELATIONSHIP_WITH_TRANSFORMATION(#7408) 
SHAPE_REPRESENTATION_RELATIONSHIP() );
#7408 = ITEM_DEFINED_TRANSFORMATION('','',#11,#83);
#7409 = PRODUCT_DEFINITION_SHAPE('Placement','Placement of an item',
  #7410);
#7410 = NEXT_ASSEMBLY_USAGE_OCCURRENCE('18','R3','',#5,#163,$);
#7411 = SHAPE_DEFINITION_REPRESENTATION(#7412,#7418);
#7412 = PRODUCT_DEFINITION_SHAPE('','',#7413);
#7413 = PRODUCT_DEFINITION('design','',#7414,#7417);
#7414 = PRODUCT_DEFINITION_FORMATION('','',#7415);
#7415 = PRODUCT('MAX98357AETE_T','MAX98357AETE_T','',(#7416));
#7416 = PRODUCT_CONTEXT('',#2,'mechanical');
#7417 = PRODUCT_DEFINITION_CONTEXT('part definition',#2,'design');
#7418 = SHAPE_REPRESENTATION('',(#11,#7419,#7507,#11735,#11887,#12039,
    #12191,#12343,#12495,#12647,#12799,#12951,#13103,#13255,#13407,
    #13559,#13746,#13933,#14120,#14307),#14665);
#7419 = MANIFOLD_SOLID_BREP('',#7420);
#7420 = CLOSED_SHELL('',(#7421,#7463,#7487,#7497));
#7421 = ADVANCED_FACE('',(#7422),#7458,.T.);
#7422 = FACE_BOUND('',#7423,.T.);
#7423 = EDGE_LOOP('',(#7424,#7435,#7443,#7452));
#7424 = ORIENTED_EDGE('',*,*,#7425,.T.);
#7425 = EDGE_CURVE('',#7426,#7428,#7430,.T.);
#7426 = VERTEX_POINT('',#7427);
#7427 = CARTESIAN_POINT('',(-0.783015151902,0.85,-0.583015151902));
#7428 = VERTEX_POINT('',#7429);
#7429 = CARTESIAN_POINT('',(-0.783015151902,0.85,-0.983015151902));
#7430 = CIRCLE('',#7431,0.2);
#7431 = AXIS2_PLACEMENT_3D('',#7432,#7433,#7434);
#7432 = CARTESIAN_POINT('',(-0.783015151902,0.85,-0.783015151902));
#7433 = DIRECTION('',(0.,1.,0.));
#7434 = DIRECTION('',(0.,-0.,1.));
#7435 = ORIENTED_EDGE('',*,*,#7436,.T.);
#7436 = EDGE_CURVE('',#7428,#7437,#7439,.T.);
#7437 = VERTEX_POINT('',#7438);
#7438 = CARTESIAN_POINT('',(-0.783015151902,0.9,-0.983015151902));
#7439 = LINE('',#7440,#7441);
#7440 = CARTESIAN_POINT('',(-0.783015151902,0.85,-0.983015151902));
#7441 = VECTOR('',#7442,1.);
#7442 = DIRECTION('',(0.,1.,0.));
#7443 = ORIENTED_EDGE('',*,*,#7444,.F.);
#7444 = EDGE_CURVE('',#7445,#7437,#7447,.T.);
#7445 = VERTEX_POINT('',#7446);
#7446 = CARTESIAN_POINT('',(-0.783015151902,0.9,-0.583015151902));
#7447 = CIRCLE('',#7448,0.2);
#7448 = AXIS2_PLACEMENT_3D('',#7449,#7450,#7451);
#7449 = CARTESIAN_POINT('',(-0.783015151902,0.9,-0.783015151902));
#7450 = DIRECTION('',(0.,1.,0.));
#7451 = DIRECTION('',(0.,-0.,1.));
#7452 = ORIENTED_EDGE('',*,*,#7453,.F.);
#7453 = EDGE_CURVE('',#7426,#7445,#7454,.T.);
#7454 = LINE('',#7455,#7456);
#7455 = CARTESIAN_POINT('',(-0.783015151902,0.85,-0.583015151902));
#7456 = VECTOR('',#7457,1.);
#7457 = DIRECTION('',(0.,1.,0.));
#7458 = CYLINDRICAL_SURFACE('',#7459,0.2);
#7459 = AXIS2_PLACEMENT_3D('',#7460,#7461,#7462);
#7460 = CARTESIAN_POINT('',(-0.783015151902,0.85,-0.783015151902));
#7461 = DIRECTION('',(0.,1.,0.));
#7462 = DIRECTION('',(0.,-0.,1.));
#7463 = ADVANCED_FACE('',(#7464),#7482,.T.);
#7464 = FACE_BOUND('',#7465,.T.);
#7465 = EDGE_LOOP('',(#7466,#7467,#7474,#7475));
#7466 = ORIENTED_EDGE('',*,*,#7436,.F.);
#7467 = ORIENTED_EDGE('',*,*,#7468,.T.);
#7468 = EDGE_CURVE('',#7428,#7426,#7469,.T.);
#7469 = CIRCLE('',#7470,0.2);
#7470 = AXIS2_PLACEMENT_3D('',#7471,#7472,#7473);
#7471 = CARTESIAN_POINT('',(-0.783015151902,0.85,-0.783015151902));
#7472 = DIRECTION('',(0.,1.,0.));
#7473 = DIRECTION('',(0.,-0.,1.));
#7474 = ORIENTED_EDGE('',*,*,#7453,.T.);
#7475 = ORIENTED_EDGE('',*,*,#7476,.F.);
#7476 = EDGE_CURVE('',#7437,#7445,#7477,.T.);
#7477 = CIRCLE('',#7478,0.2);
#7478 = AXIS2_PLACEMENT_3D('',#7479,#7480,#7481);
#7479 = CARTESIAN_POINT('',(-0.783015151902,0.9,-0.783015151902));
#7480 = DIRECTION('',(0.,1.,0.));
#7481 = DIRECTION('',(0.,-0.,1.));
#7482 = CYLINDRICAL_SURFACE('',#7483,0.2);
#7483 = AXIS2_PLACEMENT_3D('',#7484,#7485,#7486);
#7484 = CARTESIAN_POINT('',(-0.783015151902,0.85,-0.783015151902));
#7485 = DIRECTION('',(0.,1.,0.));
#7486 = DIRECTION('',(0.,-0.,1.));
#7487 = ADVANCED_FACE('',(#7488),#7492,.F.);
#7488 = FACE_BOUND('',#7489,.T.);
#7489 = EDGE_LOOP('',(#7490,#7491));
#7490 = ORIENTED_EDGE('',*,*,#7425,.F.);
#7491 = ORIENTED_EDGE('',*,*,#7468,.F.);
#7492 = PLANE('',#7493);
#7493 = AXIS2_PLACEMENT_3D('',#7494,#7495,#7496);
#7494 = CARTESIAN_POINT('',(-0.783015151902,0.85,-0.783015151902));
#7495 = DIRECTION('',(0.,1.,0.));
#7496 = DIRECTION('',(0.,-0.,1.));
#7497 = ADVANCED_FACE('',(#7498),#7502,.T.);
#7498 = FACE_BOUND('',#7499,.T.);
#7499 = EDGE_LOOP('',(#7500,#7501));
#7500 = ORIENTED_EDGE('',*,*,#7444,.T.);
#7501 = ORIENTED_EDGE('',*,*,#7476,.T.);
#7502 = PLANE('',#7503);
#7503 = AXIS2_PLACEMENT_3D('',#7504,#7505,#7506);
#7504 = CARTESIAN_POINT('',(-0.783015151902,0.9,-0.783015151902));
#7505 = DIRECTION('',(0.,1.,0.));
#7506 = DIRECTION('',(0.,-0.,1.));
#7507 = MANIFOLD_SOLID_BREP('',#7508);
#7508 = CLOSED_SHELL('',(#7509,#7551,#7593,#7635,#7677,#7719,#7759,#7799
    ,#7839,#7879,#7919,#7959,#7999,#8039,#8079,#8119,#8159,#8199,#8239,
    #8279,#8319,#8359,#8399,#8439,#8479,#8519,#9022,#9053,#9084,#9115,
    #9169,#9200,#9254,#9285,#9316,#9347,#9401,#9455,#9486,#9517,#9548,
    #9579,#9610,#9622,#9634,#9646,#9658,#9740,#9771,#9823,#9875,#9899,
    #9923,#9975,#10027,#10044,#10068,#10086,#10104,#10122,#10140,#10158,
    #10176,#10188,#10206,#10216,#10248,#10266,#10284,#10296,#10328,
    #10346,#10364,#10376,#10408,#10426,#10444,#10456,#10488,#10506,
    #10524,#10536,#10568,#10586,#10604,#10616,#10648,#10666,#10684,
    #10696,#10728,#10746,#10764,#10776,#10808,#10826,#10844,#10856,
    #10881,#10899,#10917,#10930,#10955,#10973,#10991,#11004,#11029,
    #11047,#11065,#11078,#11103,#11121,#11139,#11152,#11184,#11202,
    #11220,#11232,#11264,#11282,#11300,#11312,#11344,#11362,#11380,
    #11392,#11424,#11442,#11460,#11472,#11504,#11528,#11553,#11577,
    #11602,#11626,#11651,#11675,#11700,#11717));
#7509 = ADVANCED_FACE('',(#7510),#7546,.F.);
#7510 = FACE_BOUND('',#7511,.F.);
#7511 = EDGE_LOOP('',(#7512,#7522,#7531,#7539));
#7512 = ORIENTED_EDGE('',*,*,#7513,.T.);
#7513 = EDGE_CURVE('',#7514,#7516,#7518,.T.);
#7514 = VERTEX_POINT('',#7515);
#7515 = CARTESIAN_POINT('',(-0.135,0.2,1.195));
#7516 = VERTEX_POINT('',#7517);
#7517 = CARTESIAN_POINT('',(-0.135,5.E-02,1.195));
#7518 = LINE('',#7519,#7520);
#7519 = CARTESIAN_POINT('',(-0.135,0.2,1.195));
#7520 = VECTOR('',#7521,1.);
#7521 = DIRECTION('',(0.,-1.,0.));
#7522 = ORIENTED_EDGE('',*,*,#7523,.F.);
#7523 = EDGE_CURVE('',#7524,#7516,#7526,.T.);
#7524 = VERTEX_POINT('',#7525);
#7525 = CARTESIAN_POINT('',(-0.25,5.E-02,1.08));
#7526 = CIRCLE('',#7527,0.115);
#7527 = AXIS2_PLACEMENT_3D('',#7528,#7529,#7530);
#7528 = CARTESIAN_POINT('',(-0.25,5.E-02,1.195));
#7529 = DIRECTION('',(0.,-1.,0.));
#7530 = DIRECTION('',(0.,0.,1.));
#7531 = ORIENTED_EDGE('',*,*,#7532,.F.);
#7532 = EDGE_CURVE('',#7533,#7524,#7535,.T.);
#7533 = VERTEX_POINT('',#7534);
#7534 = CARTESIAN_POINT('',(-0.25,0.2,1.08));
#7535 = LINE('',#7536,#7537);
#7536 = CARTESIAN_POINT('',(-0.25,0.2,1.08));
#7537 = VECTOR('',#7538,1.);
#7538 = DIRECTION('',(0.,-1.,0.));
#7539 = ORIENTED_EDGE('',*,*,#7540,.F.);
#7540 = EDGE_CURVE('',#7514,#7533,#7541,.T.);
#7541 = CIRCLE('',#7542,0.115);
#7542 = AXIS2_PLACEMENT_3D('',#7543,#7544,#7545);
#7543 = CARTESIAN_POINT('',(-0.25,0.2,1.195));
#7544 = DIRECTION('',(0.,1.,0.));
#7545 = DIRECTION('',(0.,-0.,-1.));
#7546 = CYLINDRICAL_SURFACE('',#7547,0.115);
#7547 = AXIS2_PLACEMENT_3D('',#7548,#7549,#7550);
#7548 = CARTESIAN_POINT('',(-0.25,0.2,1.195));
#7549 = DIRECTION('',(0.,-1.,0.));
#7550 = DIRECTION('',(0.,0.,-1.));
#7551 = ADVANCED_FACE('',(#7552),#7588,.F.);
#7552 = FACE_BOUND('',#7553,.F.);
#7553 = EDGE_LOOP('',(#7554,#7564,#7573,#7581));
#7554 = ORIENTED_EDGE('',*,*,#7555,.T.);
#7555 = EDGE_CURVE('',#7556,#7558,#7560,.T.);
#7556 = VERTEX_POINT('',#7557);
#7557 = CARTESIAN_POINT('',(0.365,0.2,1.195));
#7558 = VERTEX_POINT('',#7559);
#7559 = CARTESIAN_POINT('',(0.365,5.E-02,1.195));
#7560 = LINE('',#7561,#7562);
#7561 = CARTESIAN_POINT('',(0.365,0.2,1.195));
#7562 = VECTOR('',#7563,1.);
#7563 = DIRECTION('',(0.,-1.,0.));
#7564 = ORIENTED_EDGE('',*,*,#7565,.F.);
#7565 = EDGE_CURVE('',#7566,#7558,#7568,.T.);
#7566 = VERTEX_POINT('',#7567);
#7567 = CARTESIAN_POINT('',(0.25,5.E-02,1.08));
#7568 = CIRCLE('',#7569,0.115);
#7569 = AXIS2_PLACEMENT_3D('',#7570,#7571,#7572);
#7570 = CARTESIAN_POINT('',(0.25,5.E-02,1.195));
#7571 = DIRECTION('',(0.,-1.,0.));
#7572 = DIRECTION('',(0.,0.,1.));
#7573 = ORIENTED_EDGE('',*,*,#7574,.F.);
#7574 = EDGE_CURVE('',#7575,#7566,#7577,.T.);
#7575 = VERTEX_POINT('',#7576);
#7576 = CARTESIAN_POINT('',(0.25,0.2,1.08));
#7577 = LINE('',#7578,#7579);
#7578 = CARTESIAN_POINT('',(0.25,0.2,1.08));
#7579 = VECTOR('',#7580,1.);
#7580 = DIRECTION('',(0.,-1.,0.));
#7581 = ORIENTED_EDGE('',*,*,#7582,.F.);
#7582 = EDGE_CURVE('',#7556,#7575,#7583,.T.);
#7583 = CIRCLE('',#7584,0.115);
#7584 = AXIS2_PLACEMENT_3D('',#7585,#7586,#7587);
#7585 = CARTESIAN_POINT('',(0.25,0.2,1.195));
#7586 = DIRECTION('',(0.,1.,0.));
#7587 = DIRECTION('',(0.,-0.,-1.));
#7588 = CYLINDRICAL_SURFACE('',#7589,0.115);
#7589 = AXIS2_PLACEMENT_3D('',#7590,#7591,#7592);
#7590 = CARTESIAN_POINT('',(0.25,0.2,1.195));
#7591 = DIRECTION('',(0.,-1.,0.));
#7592 = DIRECTION('',(0.,0.,-1.));
#7593 = ADVANCED_FACE('',(#7594),#7630,.F.);
#7594 = FACE_BOUND('',#7595,.F.);
#7595 = EDGE_LOOP('',(#7596,#7606,#7615,#7623));
#7596 = ORIENTED_EDGE('',*,*,#7597,.T.);
#7597 = EDGE_CURVE('',#7598,#7600,#7602,.T.);
#7598 = VERTEX_POINT('',#7599);
#7599 = CARTESIAN_POINT('',(0.865,0.2,1.195));
#7600 = VERTEX_POINT('',#7601);
#7601 = CARTESIAN_POINT('',(0.865,5.E-02,1.195));
#7602 = LINE('',#7603,#7604);
#7603 = CARTESIAN_POINT('',(0.865,0.2,1.195));
#7604 = VECTOR('',#7605,1.);
#7605 = DIRECTION('',(0.,-1.,0.));
#7606 = ORIENTED_EDGE('',*,*,#7607,.F.);
#7607 = EDGE_CURVE('',#7608,#7600,#7610,.T.);
#7608 = VERTEX_POINT('',#7609);
#7609 = CARTESIAN_POINT('',(0.75,5.E-02,1.08));
#7610 = CIRCLE('',#7611,0.115);
#7611 = AXIS2_PLACEMENT_3D('',#7612,#7613,#7614);
#7612 = CARTESIAN_POINT('',(0.75,5.E-02,1.195));
#7613 = DIRECTION('',(0.,-1.,0.));
#7614 = DIRECTION('',(0.,0.,1.));
#7615 = ORIENTED_EDGE('',*,*,#7616,.F.);
#7616 = EDGE_CURVE('',#7617,#7608,#7619,.T.);
#7617 = VERTEX_POINT('',#7618);
#7618 = CARTESIAN_POINT('',(0.75,0.2,1.08));
#7619 = LINE('',#7620,#7621);
#7620 = CARTESIAN_POINT('',(0.75,0.2,1.08));
#7621 = VECTOR('',#7622,1.);
#7622 = DIRECTION('',(0.,-1.,0.));
#7623 = ORIENTED_EDGE('',*,*,#7624,.F.);
#7624 = EDGE_CURVE('',#7598,#7617,#7625,.T.);
#7625 = CIRCLE('',#7626,0.115);
#7626 = AXIS2_PLACEMENT_3D('',#7627,#7628,#7629);
#7627 = CARTESIAN_POINT('',(0.75,0.2,1.195));
#7628 = DIRECTION('',(0.,1.,0.));
#7629 = DIRECTION('',(0.,-0.,-1.));
#7630 = CYLINDRICAL_SURFACE('',#7631,0.115);
#7631 = AXIS2_PLACEMENT_3D('',#7632,#7633,#7634);
#7632 = CARTESIAN_POINT('',(0.75,0.2,1.195));
#7633 = DIRECTION('',(0.,-1.,0.));
#7634 = DIRECTION('',(0.,0.,-1.));
#7635 = ADVANCED_FACE('',(#7636),#7672,.F.);
#7636 = FACE_BOUND('',#7637,.F.);
#7637 = EDGE_LOOP('',(#7638,#7648,#7657,#7665));
#7638 = ORIENTED_EDGE('',*,*,#7639,.T.);
#7639 = EDGE_CURVE('',#7640,#7642,#7644,.T.);
#7640 = VERTEX_POINT('',#7641);
#7641 = CARTESIAN_POINT('',(-0.635,0.2,1.195));
#7642 = VERTEX_POINT('',#7643);
#7643 = CARTESIAN_POINT('',(-0.635,5.E-02,1.195));
#7644 = LINE('',#7645,#7646);
#7645 = CARTESIAN_POINT('',(-0.635,0.2,1.195));
#7646 = VECTOR('',#7647,1.);
#7647 = DIRECTION('',(0.,-1.,0.));
#7648 = ORIENTED_EDGE('',*,*,#7649,.F.);
#7649 = EDGE_CURVE('',#7650,#7642,#7652,.T.);
#7650 = VERTEX_POINT('',#7651);
#7651 = CARTESIAN_POINT('',(-0.75,5.E-02,1.08));
#7652 = CIRCLE('',#7653,0.115);
#7653 = AXIS2_PLACEMENT_3D('',#7654,#7655,#7656);
#7654 = CARTESIAN_POINT('',(-0.75,5.E-02,1.195));
#7655 = DIRECTION('',(0.,-1.,0.));
#7656 = DIRECTION('',(0.,0.,1.));
#7657 = ORIENTED_EDGE('',*,*,#7658,.F.);
#7658 = EDGE_CURVE('',#7659,#7650,#7661,.T.);
#7659 = VERTEX_POINT('',#7660);
#7660 = CARTESIAN_POINT('',(-0.75,0.2,1.08));
#7661 = LINE('',#7662,#7663);
#7662 = CARTESIAN_POINT('',(-0.75,0.2,1.08));
#7663 = VECTOR('',#7664,1.);
#7664 = DIRECTION('',(0.,-1.,0.));
#7665 = ORIENTED_EDGE('',*,*,#7666,.F.);
#7666 = EDGE_CURVE('',#7640,#7659,#7667,.T.);
#7667 = CIRCLE('',#7668,0.115);
#7668 = AXIS2_PLACEMENT_3D('',#7669,#7670,#7671);
#7669 = CARTESIAN_POINT('',(-0.75,0.2,1.195));
#7670 = DIRECTION('',(0.,1.,0.));
#7671 = DIRECTION('',(0.,-0.,-1.));
#7672 = CYLINDRICAL_SURFACE('',#7673,0.115);
#7673 = AXIS2_PLACEMENT_3D('',#7674,#7675,#7676);
#7674 = CARTESIAN_POINT('',(-0.75,0.2,1.195));
#7675 = DIRECTION('',(0.,-1.,0.));
#7676 = DIRECTION('',(0.,0.,-1.));
#7677 = ADVANCED_FACE('',(#7678),#7714,.F.);
#7678 = FACE_BOUND('',#7679,.F.);
#7679 = EDGE_LOOP('',(#7680,#7690,#7699,#7707));
#7680 = ORIENTED_EDGE('',*,*,#7681,.T.);
#7681 = EDGE_CURVE('',#7682,#7684,#7686,.T.);
#7682 = VERTEX_POINT('',#7683);
#7683 = CARTESIAN_POINT('',(-0.783015151902,0.85,-0.583015151902));
#7684 = VERTEX_POINT('',#7685);
#7685 = CARTESIAN_POINT('',(-0.783015151902,0.9,-0.583015151902));
#7686 = LINE('',#7687,#7688);
#7687 = CARTESIAN_POINT('',(-0.783015151902,0.85,-0.583015151902));
#7688 = VECTOR('',#7689,1.);
#7689 = DIRECTION('',(-0.,1.,-0.));
#7690 = ORIENTED_EDGE('',*,*,#7691,.F.);
#7691 = EDGE_CURVE('',#7692,#7684,#7694,.T.);
#7692 = VERTEX_POINT('',#7693);
#7693 = CARTESIAN_POINT('',(-0.783015151902,0.9,-0.983015151902));
#7694 = CIRCLE('',#7695,0.2);
#7695 = AXIS2_PLACEMENT_3D('',#7696,#7697,#7698);
#7696 = CARTESIAN_POINT('',(-0.783015151902,0.9,-0.783015151902));
#7697 = DIRECTION('',(0.,1.,0.));
#7698 = DIRECTION('',(0.,-0.,1.));
#7699 = ORIENTED_EDGE('',*,*,#7700,.F.);
#7700 = EDGE_CURVE('',#7701,#7692,#7703,.T.);
#7701 = VERTEX_POINT('',#7702);
#7702 = CARTESIAN_POINT('',(-0.783015151902,0.85,-0.983015151902));
#7703 = LINE('',#7704,#7705);
#7704 = CARTESIAN_POINT('',(-0.783015151902,0.85,-0.983015151902));
#7705 = VECTOR('',#7706,1.);
#7706 = DIRECTION('',(-0.,1.,-0.));
#7707 = ORIENTED_EDGE('',*,*,#7708,.T.);
#7708 = EDGE_CURVE('',#7701,#7682,#7709,.T.);
#7709 = CIRCLE('',#7710,0.2);
#7710 = AXIS2_PLACEMENT_3D('',#7711,#7712,#7713);
#7711 = CARTESIAN_POINT('',(-0.783015151902,0.85,-0.783015151902));
#7712 = DIRECTION('',(0.,1.,0.));
#7713 = DIRECTION('',(0.,-0.,1.));
#7714 = CYLINDRICAL_SURFACE('',#7715,0.2);
#7715 = AXIS2_PLACEMENT_3D('',#7716,#7717,#7718);
#7716 = CARTESIAN_POINT('',(-0.783015151902,0.85,-0.783015151902));
#7717 = DIRECTION('',(-0.,1.,-0.));
#7718 = DIRECTION('',(0.,0.,1.));
#7719 = ADVANCED_FACE('',(#7720),#7754,.T.);
#7720 = FACE_BOUND('',#7721,.T.);
#7721 = EDGE_LOOP('',(#7722,#7732,#7740,#7748));
#7722 = ORIENTED_EDGE('',*,*,#7723,.T.);
#7723 = EDGE_CURVE('',#7724,#7726,#7728,.T.);
#7724 = VERTEX_POINT('',#7725);
#7725 = CARTESIAN_POINT('',(-1.5,0.2,0.135));
#7726 = VERTEX_POINT('',#7727);
#7727 = CARTESIAN_POINT('',(-1.5,0.2,-0.135));
#7728 = LINE('',#7729,#7730);
#7729 = CARTESIAN_POINT('',(-1.5,0.2,-1.08));
#7730 = VECTOR('',#7731,1.);
#7731 = DIRECTION('',(0.,0.,-1.));
#7732 = ORIENTED_EDGE('',*,*,#7733,.T.);
#7733 = EDGE_CURVE('',#7726,#7734,#7736,.T.);
#7734 = VERTEX_POINT('',#7735);
#7735 = CARTESIAN_POINT('',(-1.5,5.E-02,-0.135));
#7736 = LINE('',#7737,#7738);
#7737 = CARTESIAN_POINT('',(-1.5,0.2,-0.135));
#7738 = VECTOR('',#7739,1.);
#7739 = DIRECTION('',(0.,-1.,0.));
#7740 = ORIENTED_EDGE('',*,*,#7741,.F.);
#7741 = EDGE_CURVE('',#7742,#7734,#7744,.T.);
#7742 = VERTEX_POINT('',#7743);
#7743 = CARTESIAN_POINT('',(-1.5,5.E-02,0.135));
#7744 = LINE('',#7745,#7746);
#7745 = CARTESIAN_POINT('',(-1.5,5.E-02,1.08));
#7746 = VECTOR('',#7747,1.);
#7747 = DIRECTION('',(0.,0.,-1.));
#7748 = ORIENTED_EDGE('',*,*,#7749,.F.);
#7749 = EDGE_CURVE('',#7724,#7742,#7750,.T.);
#7750 = LINE('',#7751,#7752);
#7751 = CARTESIAN_POINT('',(-1.5,0.2,0.135));
#7752 = VECTOR('',#7753,1.);
#7753 = DIRECTION('',(0.,-1.,0.));
#7754 = PLANE('',#7755);
#7755 = AXIS2_PLACEMENT_3D('',#7756,#7757,#7758);
#7756 = CARTESIAN_POINT('',(-1.5,-4.242640687119,1.08));
#7757 = DIRECTION('',(-1.,0.,0.));
#7758 = DIRECTION('',(0.,0.,1.));
#7759 = ADVANCED_FACE('',(#7760),#7794,.T.);
#7760 = FACE_BOUND('',#7761,.T.);
#7761 = EDGE_LOOP('',(#7762,#7772,#7780,#7788));
#7762 = ORIENTED_EDGE('',*,*,#7763,.F.);
#7763 = EDGE_CURVE('',#7764,#7766,#7768,.T.);
#7764 = VERTEX_POINT('',#7765);
#7765 = CARTESIAN_POINT('',(-1.5,5.E-02,-0.365));
#7766 = VERTEX_POINT('',#7767);
#7767 = CARTESIAN_POINT('',(-1.5,5.E-02,-0.635));
#7768 = LINE('',#7769,#7770);
#7769 = CARTESIAN_POINT('',(-1.5,5.E-02,1.08));
#7770 = VECTOR('',#7771,1.);
#7771 = DIRECTION('',(0.,0.,-1.));
#7772 = ORIENTED_EDGE('',*,*,#7773,.F.);
#7773 = EDGE_CURVE('',#7774,#7764,#7776,.T.);
#7774 = VERTEX_POINT('',#7775);
#7775 = CARTESIAN_POINT('',(-1.5,0.2,-0.365));
#7776 = LINE('',#7777,#7778);
#7777 = CARTESIAN_POINT('',(-1.5,0.2,-0.365));
#7778 = VECTOR('',#7779,1.);
#7779 = DIRECTION('',(0.,-1.,0.));
#7780 = ORIENTED_EDGE('',*,*,#7781,.T.);
#7781 = EDGE_CURVE('',#7774,#7782,#7784,.T.);
#7782 = VERTEX_POINT('',#7783);
#7783 = CARTESIAN_POINT('',(-1.5,0.2,-0.635));
#7784 = LINE('',#7785,#7786);
#7785 = CARTESIAN_POINT('',(-1.5,0.2,-1.08));
#7786 = VECTOR('',#7787,1.);
#7787 = DIRECTION('',(0.,0.,-1.));
#7788 = ORIENTED_EDGE('',*,*,#7789,.T.);
#7789 = EDGE_CURVE('',#7782,#7766,#7790,.T.);
#7790 = LINE('',#7791,#7792);
#7791 = CARTESIAN_POINT('',(-1.5,0.2,-0.635));
#7792 = VECTOR('',#7793,1.);
#7793 = DIRECTION('',(0.,-1.,0.));
#7794 = PLANE('',#7795);
#7795 = AXIS2_PLACEMENT_3D('',#7796,#7797,#7798);
#7796 = CARTESIAN_POINT('',(-1.5,-4.242640687119,1.08));
#7797 = DIRECTION('',(-1.,0.,0.));
#7798 = DIRECTION('',(0.,0.,1.));
#7799 = ADVANCED_FACE('',(#7800),#7834,.T.);
#7800 = FACE_BOUND('',#7801,.T.);
#7801 = EDGE_LOOP('',(#7802,#7812,#7820,#7828));
#7802 = ORIENTED_EDGE('',*,*,#7803,.T.);
#7803 = EDGE_CURVE('',#7804,#7806,#7808,.T.);
#7804 = VERTEX_POINT('',#7805);
#7805 = CARTESIAN_POINT('',(-1.5,0.2,0.635));
#7806 = VERTEX_POINT('',#7807);
#7807 = CARTESIAN_POINT('',(-1.5,0.2,0.365));
#7808 = LINE('',#7809,#7810);
#7809 = CARTESIAN_POINT('',(-1.5,0.2,-1.08));
#7810 = VECTOR('',#7811,1.);
#7811 = DIRECTION('',(0.,0.,-1.));
#7812 = ORIENTED_EDGE('',*,*,#7813,.T.);
#7813 = EDGE_CURVE('',#7806,#7814,#7816,.T.);
#7814 = VERTEX_POINT('',#7815);
#7815 = CARTESIAN_POINT('',(-1.5,5.E-02,0.365));
#7816 = LINE('',#7817,#7818);
#7817 = CARTESIAN_POINT('',(-1.5,0.2,0.365));
#7818 = VECTOR('',#7819,1.);
#7819 = DIRECTION('',(0.,-1.,0.));
#7820 = ORIENTED_EDGE('',*,*,#7821,.F.);
#7821 = EDGE_CURVE('',#7822,#7814,#7824,.T.);
#7822 = VERTEX_POINT('',#7823);
#7823 = CARTESIAN_POINT('',(-1.5,5.E-02,0.635));
#7824 = LINE('',#7825,#7826);
#7825 = CARTESIAN_POINT('',(-1.5,5.E-02,1.08));
#7826 = VECTOR('',#7827,1.);
#7827 = DIRECTION('',(0.,0.,-1.));
#7828 = ORIENTED_EDGE('',*,*,#7829,.F.);
#7829 = EDGE_CURVE('',#7804,#7822,#7830,.T.);
#7830 = LINE('',#7831,#7832);
#7831 = CARTESIAN_POINT('',(-1.5,0.2,0.635));
#7832 = VECTOR('',#7833,1.);
#7833 = DIRECTION('',(0.,-1.,0.));
#7834 = PLANE('',#7835);
#7835 = AXIS2_PLACEMENT_3D('',#7836,#7837,#7838);
#7836 = CARTESIAN_POINT('',(-1.5,-4.242640687119,1.08));
#7837 = DIRECTION('',(-1.,0.,0.));
#7838 = DIRECTION('',(0.,0.,1.));
#7839 = ADVANCED_FACE('',(#7840),#7874,.T.);
#7840 = FACE_BOUND('',#7841,.T.);
#7841 = EDGE_LOOP('',(#7842,#7852,#7860,#7868));
#7842 = ORIENTED_EDGE('',*,*,#7843,.T.);
#7843 = EDGE_CURVE('',#7844,#7846,#7848,.T.);
#7844 = VERTEX_POINT('',#7845);
#7845 = CARTESIAN_POINT('',(-1.5,0.2,1.08));
#7846 = VERTEX_POINT('',#7847);
#7847 = CARTESIAN_POINT('',(-1.5,0.2,0.865));
#7848 = LINE('',#7849,#7850);
#7849 = CARTESIAN_POINT('',(-1.5,0.2,-1.08));
#7850 = VECTOR('',#7851,1.);
#7851 = DIRECTION('',(0.,0.,-1.));
#7852 = ORIENTED_EDGE('',*,*,#7853,.T.);
#7853 = EDGE_CURVE('',#7846,#7854,#7856,.T.);
#7854 = VERTEX_POINT('',#7855);
#7855 = CARTESIAN_POINT('',(-1.5,5.E-02,0.865));
#7856 = LINE('',#7857,#7858);
#7857 = CARTESIAN_POINT('',(-1.5,0.2,0.865));
#7858 = VECTOR('',#7859,1.);
#7859 = DIRECTION('',(0.,-1.,0.));
#7860 = ORIENTED_EDGE('',*,*,#7861,.F.);
#7861 = EDGE_CURVE('',#7862,#7854,#7864,.T.);
#7862 = VERTEX_POINT('',#7863);
#7863 = CARTESIAN_POINT('',(-1.5,5.E-02,1.08));
#7864 = LINE('',#7865,#7866);
#7865 = CARTESIAN_POINT('',(-1.5,5.E-02,1.08));
#7866 = VECTOR('',#7867,1.);
#7867 = DIRECTION('',(0.,0.,-1.));
#7868 = ORIENTED_EDGE('',*,*,#7869,.T.);
#7869 = EDGE_CURVE('',#7862,#7844,#7870,.T.);
#7870 = LINE('',#7871,#7872);
#7871 = CARTESIAN_POINT('',(-1.5,-4.242640687119,1.08));
#7872 = VECTOR('',#7873,1.);
#7873 = DIRECTION('',(0.,1.,0.));
#7874 = PLANE('',#7875);
#7875 = AXIS2_PLACEMENT_3D('',#7876,#7877,#7878);
#7876 = CARTESIAN_POINT('',(-1.5,-4.242640687119,1.08));
#7877 = DIRECTION('',(-1.,0.,0.));
#7878 = DIRECTION('',(0.,0.,1.));
#7879 = ADVANCED_FACE('',(#7880),#7914,.T.);
#7880 = FACE_BOUND('',#7881,.T.);
#7881 = EDGE_LOOP('',(#7882,#7892,#7900,#7908));
#7882 = ORIENTED_EDGE('',*,*,#7883,.F.);
#7883 = EDGE_CURVE('',#7884,#7886,#7888,.T.);
#7884 = VERTEX_POINT('',#7885);
#7885 = CARTESIAN_POINT('',(-1.5,5.E-02,-0.865));
#7886 = VERTEX_POINT('',#7887);
#7887 = CARTESIAN_POINT('',(-1.5,5.E-02,-1.08));
#7888 = LINE('',#7889,#7890);
#7889 = CARTESIAN_POINT('',(-1.5,5.E-02,1.08));
#7890 = VECTOR('',#7891,1.);
#7891 = DIRECTION('',(0.,0.,-1.));
#7892 = ORIENTED_EDGE('',*,*,#7893,.F.);
#7893 = EDGE_CURVE('',#7894,#7884,#7896,.T.);
#7894 = VERTEX_POINT('',#7895);
#7895 = CARTESIAN_POINT('',(-1.5,0.2,-0.865));
#7896 = LINE('',#7897,#7898);
#7897 = CARTESIAN_POINT('',(-1.5,0.2,-0.865));
#7898 = VECTOR('',#7899,1.);
#7899 = DIRECTION('',(0.,-1.,0.));
#7900 = ORIENTED_EDGE('',*,*,#7901,.T.);
#7901 = EDGE_CURVE('',#7894,#7902,#7904,.T.);
#7902 = VERTEX_POINT('',#7903);
#7903 = CARTESIAN_POINT('',(-1.5,0.2,-1.08));
#7904 = LINE('',#7905,#7906);
#7905 = CARTESIAN_POINT('',(-1.5,0.2,-1.08));
#7906 = VECTOR('',#7907,1.);
#7907 = DIRECTION('',(0.,0.,-1.));
#7908 = ORIENTED_EDGE('',*,*,#7909,.F.);
#7909 = EDGE_CURVE('',#7886,#7902,#7910,.T.);
#7910 = LINE('',#7911,#7912);
#7911 = CARTESIAN_POINT('',(-1.5,-4.242640687119,-1.08));
#7912 = VECTOR('',#7913,1.);
#7913 = DIRECTION('',(0.,1.,0.));
#7914 = PLANE('',#7915);
#7915 = AXIS2_PLACEMENT_3D('',#7916,#7917,#7918);
#7916 = CARTESIAN_POINT('',(-1.5,-4.242640687119,1.08));
#7917 = DIRECTION('',(-1.,0.,0.));
#7918 = DIRECTION('',(0.,0.,1.));
#7919 = ADVANCED_FACE('',(#7920),#7954,.T.);
#7920 = FACE_BOUND('',#7921,.T.);
#7921 = EDGE_LOOP('',(#7922,#7932,#7940,#7948));
#7922 = ORIENTED_EDGE('',*,*,#7923,.T.);
#7923 = EDGE_CURVE('',#7924,#7926,#7928,.T.);
#7924 = VERTEX_POINT('',#7925);
#7925 = CARTESIAN_POINT('',(-0.135,0.2,-1.5));
#7926 = VERTEX_POINT('',#7927);
#7927 = CARTESIAN_POINT('',(0.135,0.2,-1.5));
#7928 = LINE('',#7929,#7930);
#7929 = CARTESIAN_POINT('',(1.08,0.2,-1.5));
#7930 = VECTOR('',#7931,1.);
#7931 = DIRECTION('',(1.,0.,0.));
#7932 = ORIENTED_EDGE('',*,*,#7933,.T.);
#7933 = EDGE_CURVE('',#7926,#7934,#7936,.T.);
#7934 = VERTEX_POINT('',#7935);
#7935 = CARTESIAN_POINT('',(0.135,5.E-02,-1.5));
#7936 = LINE('',#7937,#7938);
#7937 = CARTESIAN_POINT('',(0.135,0.2,-1.5));
#7938 = VECTOR('',#7939,1.);
#7939 = DIRECTION('',(0.,-1.,0.));
#7940 = ORIENTED_EDGE('',*,*,#7941,.F.);
#7941 = EDGE_CURVE('',#7942,#7934,#7944,.T.);
#7942 = VERTEX_POINT('',#7943);
#7943 = CARTESIAN_POINT('',(-0.135,5.E-02,-1.5));
#7944 = LINE('',#7945,#7946);
#7945 = CARTESIAN_POINT('',(-1.08,5.E-02,-1.5));
#7946 = VECTOR('',#7947,1.);
#7947 = DIRECTION('',(1.,-0.,0.));
#7948 = ORIENTED_EDGE('',*,*,#7949,.F.);
#7949 = EDGE_CURVE('',#7924,#7942,#7950,.T.);
#7950 = LINE('',#7951,#7952);
#7951 = CARTESIAN_POINT('',(-0.135,0.2,-1.5));
#7952 = VECTOR('',#7953,1.);
#7953 = DIRECTION('',(0.,-1.,0.));
#7954 = PLANE('',#7955);
#7955 = AXIS2_PLACEMENT_3D('',#7956,#7957,#7958);
#7956 = CARTESIAN_POINT('',(-1.08,-4.242640687119,-1.5));
#7957 = DIRECTION('',(0.,0.,-1.));
#7958 = DIRECTION('',(-1.,0.,-0.));
#7959 = ADVANCED_FACE('',(#7960),#7994,.T.);
#7960 = FACE_BOUND('',#7961,.T.);
#7961 = EDGE_LOOP('',(#7962,#7972,#7980,#7988));
#7962 = ORIENTED_EDGE('',*,*,#7963,.F.);
#7963 = EDGE_CURVE('',#7964,#7966,#7968,.T.);
#7964 = VERTEX_POINT('',#7965);
#7965 = CARTESIAN_POINT('',(0.365,5.E-02,-1.5));
#7966 = VERTEX_POINT('',#7967);
#7967 = CARTESIAN_POINT('',(0.635,5.E-02,-1.5));
#7968 = LINE('',#7969,#7970);
#7969 = CARTESIAN_POINT('',(-1.08,5.E-02,-1.5));
#7970 = VECTOR('',#7971,1.);
#7971 = DIRECTION('',(1.,-0.,0.));
#7972 = ORIENTED_EDGE('',*,*,#7973,.F.);
#7973 = EDGE_CURVE('',#7974,#7964,#7976,.T.);
#7974 = VERTEX_POINT('',#7975);
#7975 = CARTESIAN_POINT('',(0.365,0.2,-1.5));
#7976 = LINE('',#7977,#7978);
#7977 = CARTESIAN_POINT('',(0.365,0.2,-1.5));
#7978 = VECTOR('',#7979,1.);
#7979 = DIRECTION('',(0.,-1.,0.));
#7980 = ORIENTED_EDGE('',*,*,#7981,.T.);
#7981 = EDGE_CURVE('',#7974,#7982,#7984,.T.);
#7982 = VERTEX_POINT('',#7983);
#7983 = CARTESIAN_POINT('',(0.635,0.2,-1.5));
#7984 = LINE('',#7985,#7986);
#7985 = CARTESIAN_POINT('',(1.08,0.2,-1.5));
#7986 = VECTOR('',#7987,1.);
#7987 = DIRECTION('',(1.,0.,0.));
#7988 = ORIENTED_EDGE('',*,*,#7989,.T.);
#7989 = EDGE_CURVE('',#7982,#7966,#7990,.T.);
#7990 = LINE('',#7991,#7992);
#7991 = CARTESIAN_POINT('',(0.635,0.2,-1.5));
#7992 = VECTOR('',#7993,1.);
#7993 = DIRECTION('',(0.,-1.,0.));
#7994 = PLANE('',#7995);
#7995 = AXIS2_PLACEMENT_3D('',#7996,#7997,#7998);
#7996 = CARTESIAN_POINT('',(-1.08,-4.242640687119,-1.5));
#7997 = DIRECTION('',(0.,0.,-1.));
#7998 = DIRECTION('',(-1.,0.,-0.));
#7999 = ADVANCED_FACE('',(#8000),#8034,.T.);
#8000 = FACE_BOUND('',#8001,.T.);
#8001 = EDGE_LOOP('',(#8002,#8012,#8020,#8028));
#8002 = ORIENTED_EDGE('',*,*,#8003,.T.);
#8003 = EDGE_CURVE('',#8004,#8006,#8008,.T.);
#8004 = VERTEX_POINT('',#8005);
#8005 = CARTESIAN_POINT('',(-0.635,0.2,-1.5));
#8006 = VERTEX_POINT('',#8007);
#8007 = CARTESIAN_POINT('',(-0.365,0.2,-1.5));
#8008 = LINE('',#8009,#8010);
#8009 = CARTESIAN_POINT('',(1.08,0.2,-1.5));
#8010 = VECTOR('',#8011,1.);
#8011 = DIRECTION('',(1.,0.,0.));
#8012 = ORIENTED_EDGE('',*,*,#8013,.T.);
#8013 = EDGE_CURVE('',#8006,#8014,#8016,.T.);
#8014 = VERTEX_POINT('',#8015);
#8015 = CARTESIAN_POINT('',(-0.365,5.E-02,-1.5));
#8016 = LINE('',#8017,#8018);
#8017 = CARTESIAN_POINT('',(-0.365,0.2,-1.5));
#8018 = VECTOR('',#8019,1.);
#8019 = DIRECTION('',(0.,-1.,0.));
#8020 = ORIENTED_EDGE('',*,*,#8021,.F.);
#8021 = EDGE_CURVE('',#8022,#8014,#8024,.T.);
#8022 = VERTEX_POINT('',#8023);
#8023 = CARTESIAN_POINT('',(-0.635,5.E-02,-1.5));
#8024 = LINE('',#8025,#8026);
#8025 = CARTESIAN_POINT('',(-1.08,5.E-02,-1.5));
#8026 = VECTOR('',#8027,1.);
#8027 = DIRECTION('',(1.,-0.,0.));
#8028 = ORIENTED_EDGE('',*,*,#8029,.F.);
#8029 = EDGE_CURVE('',#8004,#8022,#8030,.T.);
#8030 = LINE('',#8031,#8032);
#8031 = CARTESIAN_POINT('',(-0.635,0.2,-1.5));
#8032 = VECTOR('',#8033,1.);
#8033 = DIRECTION('',(0.,-1.,0.));
#8034 = PLANE('',#8035);
#8035 = AXIS2_PLACEMENT_3D('',#8036,#8037,#8038);
#8036 = CARTESIAN_POINT('',(-1.08,-4.242640687119,-1.5));
#8037 = DIRECTION('',(0.,0.,-1.));
#8038 = DIRECTION('',(-1.,0.,-0.));
#8039 = ADVANCED_FACE('',(#8040),#8074,.T.);
#8040 = FACE_BOUND('',#8041,.T.);
#8041 = EDGE_LOOP('',(#8042,#8052,#8060,#8068));
#8042 = ORIENTED_EDGE('',*,*,#8043,.T.);
#8043 = EDGE_CURVE('',#8044,#8046,#8048,.T.);
#8044 = VERTEX_POINT('',#8045);
#8045 = CARTESIAN_POINT('',(-1.08,0.2,-1.5));
#8046 = VERTEX_POINT('',#8047);
#8047 = CARTESIAN_POINT('',(-0.865,0.2,-1.5));
#8048 = LINE('',#8049,#8050);
#8049 = CARTESIAN_POINT('',(1.08,0.2,-1.5));
#8050 = VECTOR('',#8051,1.);
#8051 = DIRECTION('',(1.,0.,0.));
#8052 = ORIENTED_EDGE('',*,*,#8053,.T.);
#8053 = EDGE_CURVE('',#8046,#8054,#8056,.T.);
#8054 = VERTEX_POINT('',#8055);
#8055 = CARTESIAN_POINT('',(-0.865,5.E-02,-1.5));
#8056 = LINE('',#8057,#8058);
#8057 = CARTESIAN_POINT('',(-0.865,0.2,-1.5));
#8058 = VECTOR('',#8059,1.);
#8059 = DIRECTION('',(0.,-1.,0.));
#8060 = ORIENTED_EDGE('',*,*,#8061,.F.);
#8061 = EDGE_CURVE('',#8062,#8054,#8064,.T.);
#8062 = VERTEX_POINT('',#8063);
#8063 = CARTESIAN_POINT('',(-1.08,5.E-02,-1.5));
#8064 = LINE('',#8065,#8066);
#8065 = CARTESIAN_POINT('',(-1.08,5.E-02,-1.5));
#8066 = VECTOR('',#8067,1.);
#8067 = DIRECTION('',(1.,-0.,0.));
#8068 = ORIENTED_EDGE('',*,*,#8069,.T.);
#8069 = EDGE_CURVE('',#8062,#8044,#8070,.T.);
#8070 = LINE('',#8071,#8072);
#8071 = CARTESIAN_POINT('',(-1.08,-4.242640687119,-1.5));
#8072 = VECTOR('',#8073,1.);
#8073 = DIRECTION('',(0.,1.,0.));
#8074 = PLANE('',#8075);
#8075 = AXIS2_PLACEMENT_3D('',#8076,#8077,#8078);
#8076 = CARTESIAN_POINT('',(-1.08,-4.242640687119,-1.5));
#8077 = DIRECTION('',(0.,0.,-1.));
#8078 = DIRECTION('',(-1.,0.,-0.));
#8079 = ADVANCED_FACE('',(#8080),#8114,.T.);
#8080 = FACE_BOUND('',#8081,.T.);
#8081 = EDGE_LOOP('',(#8082,#8092,#8100,#8108));
#8082 = ORIENTED_EDGE('',*,*,#8083,.F.);
#8083 = EDGE_CURVE('',#8084,#8086,#8088,.T.);
#8084 = VERTEX_POINT('',#8085);
#8085 = CARTESIAN_POINT('',(0.865,5.E-02,-1.5));
#8086 = VERTEX_POINT('',#8087);
#8087 = CARTESIAN_POINT('',(1.08,5.E-02,-1.5));
#8088 = LINE('',#8089,#8090);
#8089 = CARTESIAN_POINT('',(-1.08,5.E-02,-1.5));
#8090 = VECTOR('',#8091,1.);
#8091 = DIRECTION('',(1.,-0.,0.));
#8092 = ORIENTED_EDGE('',*,*,#8093,.F.);
#8093 = EDGE_CURVE('',#8094,#8084,#8096,.T.);
#8094 = VERTEX_POINT('',#8095);
#8095 = CARTESIAN_POINT('',(0.865,0.2,-1.5));
#8096 = LINE('',#8097,#8098);
#8097 = CARTESIAN_POINT('',(0.865,0.2,-1.5));
#8098 = VECTOR('',#8099,1.);
#8099 = DIRECTION('',(0.,-1.,0.));
#8100 = ORIENTED_EDGE('',*,*,#8101,.T.);
#8101 = EDGE_CURVE('',#8094,#8102,#8104,.T.);
#8102 = VERTEX_POINT('',#8103);
#8103 = CARTESIAN_POINT('',(1.08,0.2,-1.5));
#8104 = LINE('',#8105,#8106);
#8105 = CARTESIAN_POINT('',(1.08,0.2,-1.5));
#8106 = VECTOR('',#8107,1.);
#8107 = DIRECTION('',(1.,0.,0.));
#8108 = ORIENTED_EDGE('',*,*,#8109,.F.);
#8109 = EDGE_CURVE('',#8086,#8102,#8110,.T.);
#8110 = LINE('',#8111,#8112);
#8111 = CARTESIAN_POINT('',(1.08,-4.242640687119,-1.5));
#8112 = VECTOR('',#8113,1.);
#8113 = DIRECTION('',(0.,1.,0.));
#8114 = PLANE('',#8115);
#8115 = AXIS2_PLACEMENT_3D('',#8116,#8117,#8118);
#8116 = CARTESIAN_POINT('',(-1.08,-4.242640687119,-1.5));
#8117 = DIRECTION('',(0.,0.,-1.));
#8118 = DIRECTION('',(-1.,0.,-0.));
#8119 = ADVANCED_FACE('',(#8120),#8154,.T.);
#8120 = FACE_BOUND('',#8121,.T.);
#8121 = EDGE_LOOP('',(#8122,#8132,#8140,#8148));
#8122 = ORIENTED_EDGE('',*,*,#8123,.T.);
#8123 = EDGE_CURVE('',#8124,#8126,#8128,.T.);
#8124 = VERTEX_POINT('',#8125);
#8125 = CARTESIAN_POINT('',(1.5,0.2,0.365));
#8126 = VERTEX_POINT('',#8127);
#8127 = CARTESIAN_POINT('',(1.5,0.2,0.635));
#8128 = LINE('',#8129,#8130);
#8129 = CARTESIAN_POINT('',(1.5,0.2,1.08));
#8130 = VECTOR('',#8131,1.);
#8131 = DIRECTION('',(0.,0.,1.));
#8132 = ORIENTED_EDGE('',*,*,#8133,.T.);
#8133 = EDGE_CURVE('',#8126,#8134,#8136,.T.);
#8134 = VERTEX_POINT('',#8135);
#8135 = CARTESIAN_POINT('',(1.5,5.E-02,0.635));
#8136 = LINE('',#8137,#8138);
#8137 = CARTESIAN_POINT('',(1.5,0.2,0.635));
#8138 = VECTOR('',#8139,1.);
#8139 = DIRECTION('',(0.,-1.,0.));
#8140 = ORIENTED_EDGE('',*,*,#8141,.F.);
#8141 = EDGE_CURVE('',#8142,#8134,#8144,.T.);
#8142 = VERTEX_POINT('',#8143);
#8143 = CARTESIAN_POINT('',(1.5,5.E-02,0.365));
#8144 = LINE('',#8145,#8146);
#8145 = CARTESIAN_POINT('',(1.5,5.E-02,1.08));
#8146 = VECTOR('',#8147,1.);
#8147 = DIRECTION('',(-0.,0.,1.));
#8148 = ORIENTED_EDGE('',*,*,#8149,.F.);
#8149 = EDGE_CURVE('',#8124,#8142,#8150,.T.);
#8150 = LINE('',#8151,#8152);
#8151 = CARTESIAN_POINT('',(1.5,0.2,0.365));
#8152 = VECTOR('',#8153,1.);
#8153 = DIRECTION('',(0.,-1.,0.));
#8154 = PLANE('',#8155);
#8155 = AXIS2_PLACEMENT_3D('',#8156,#8157,#8158);
#8156 = CARTESIAN_POINT('',(1.5,-4.242640687119,1.08));
#8157 = DIRECTION('',(1.,-0.,0.));
#8158 = DIRECTION('',(0.,0.,-1.));
#8159 = ADVANCED_FACE('',(#8160),#8194,.T.);
#8160 = FACE_BOUND('',#8161,.T.);
#8161 = EDGE_LOOP('',(#8162,#8172,#8180,#8188));
#8162 = ORIENTED_EDGE('',*,*,#8163,.F.);
#8163 = EDGE_CURVE('',#8164,#8166,#8168,.T.);
#8164 = VERTEX_POINT('',#8165);
#8165 = CARTESIAN_POINT('',(1.5,5.E-02,0.865));
#8166 = VERTEX_POINT('',#8167);
#8167 = CARTESIAN_POINT('',(1.5,5.E-02,1.08));
#8168 = LINE('',#8169,#8170);
#8169 = CARTESIAN_POINT('',(1.5,5.E-02,1.08));
#8170 = VECTOR('',#8171,1.);
#8171 = DIRECTION('',(-0.,0.,1.));
#8172 = ORIENTED_EDGE('',*,*,#8173,.F.);
#8173 = EDGE_CURVE('',#8174,#8164,#8176,.T.);
#8174 = VERTEX_POINT('',#8175);
#8175 = CARTESIAN_POINT('',(1.5,0.2,0.865));
#8176 = LINE('',#8177,#8178);
#8177 = CARTESIAN_POINT('',(1.5,0.2,0.865));
#8178 = VECTOR('',#8179,1.);
#8179 = DIRECTION('',(0.,-1.,0.));
#8180 = ORIENTED_EDGE('',*,*,#8181,.T.);
#8181 = EDGE_CURVE('',#8174,#8182,#8184,.T.);
#8182 = VERTEX_POINT('',#8183);
#8183 = CARTESIAN_POINT('',(1.5,0.2,1.08));
#8184 = LINE('',#8185,#8186);
#8185 = CARTESIAN_POINT('',(1.5,0.2,1.08));
#8186 = VECTOR('',#8187,1.);
#8187 = DIRECTION('',(0.,0.,1.));
#8188 = ORIENTED_EDGE('',*,*,#8189,.F.);
#8189 = EDGE_CURVE('',#8166,#8182,#8190,.T.);
#8190 = LINE('',#8191,#8192);
#8191 = CARTESIAN_POINT('',(1.5,-4.242640687119,1.08));
#8192 = VECTOR('',#8193,1.);
#8193 = DIRECTION('',(0.,1.,0.));
#8194 = PLANE('',#8195);
#8195 = AXIS2_PLACEMENT_3D('',#8196,#8197,#8198);
#8196 = CARTESIAN_POINT('',(1.5,-4.242640687119,1.08));
#8197 = DIRECTION('',(1.,-0.,0.));
#8198 = DIRECTION('',(0.,0.,-1.));
#8199 = ADVANCED_FACE('',(#8200),#8234,.T.);
#8200 = FACE_BOUND('',#8201,.T.);
#8201 = EDGE_LOOP('',(#8202,#8212,#8220,#8228));
#8202 = ORIENTED_EDGE('',*,*,#8203,.T.);
#8203 = EDGE_CURVE('',#8204,#8206,#8208,.T.);
#8204 = VERTEX_POINT('',#8205);
#8205 = CARTESIAN_POINT('',(1.5,0.2,-0.135));
#8206 = VERTEX_POINT('',#8207);
#8207 = CARTESIAN_POINT('',(1.5,0.2,0.135));
#8208 = LINE('',#8209,#8210);
#8209 = CARTESIAN_POINT('',(1.5,0.2,1.08));
#8210 = VECTOR('',#8211,1.);
#8211 = DIRECTION('',(0.,0.,1.));
#8212 = ORIENTED_EDGE('',*,*,#8213,.T.);
#8213 = EDGE_CURVE('',#8206,#8214,#8216,.T.);
#8214 = VERTEX_POINT('',#8215);
#8215 = CARTESIAN_POINT('',(1.5,5.E-02,0.135));
#8216 = LINE('',#8217,#8218);
#8217 = CARTESIAN_POINT('',(1.5,0.2,0.135));
#8218 = VECTOR('',#8219,1.);
#8219 = DIRECTION('',(0.,-1.,0.));
#8220 = ORIENTED_EDGE('',*,*,#8221,.F.);
#8221 = EDGE_CURVE('',#8222,#8214,#8224,.T.);
#8222 = VERTEX_POINT('',#8223);
#8223 = CARTESIAN_POINT('',(1.5,5.E-02,-0.135));
#8224 = LINE('',#8225,#8226);
#8225 = CARTESIAN_POINT('',(1.5,5.E-02,1.08));
#8226 = VECTOR('',#8227,1.);
#8227 = DIRECTION('',(-0.,0.,1.));
#8228 = ORIENTED_EDGE('',*,*,#8229,.F.);
#8229 = EDGE_CURVE('',#8204,#8222,#8230,.T.);
#8230 = LINE('',#8231,#8232);
#8231 = CARTESIAN_POINT('',(1.5,0.2,-0.135));
#8232 = VECTOR('',#8233,1.);
#8233 = DIRECTION('',(0.,-1.,0.));
#8234 = PLANE('',#8235);
#8235 = AXIS2_PLACEMENT_3D('',#8236,#8237,#8238);
#8236 = CARTESIAN_POINT('',(1.5,-4.242640687119,1.08));
#8237 = DIRECTION('',(1.,-0.,0.));
#8238 = DIRECTION('',(0.,0.,-1.));
#8239 = ADVANCED_FACE('',(#8240),#8274,.T.);
#8240 = FACE_BOUND('',#8241,.T.);
#8241 = EDGE_LOOP('',(#8242,#8252,#8260,#8268));
#8242 = ORIENTED_EDGE('',*,*,#8243,.T.);
#8243 = EDGE_CURVE('',#8244,#8246,#8248,.T.);
#8244 = VERTEX_POINT('',#8245);
#8245 = CARTESIAN_POINT('',(1.5,0.2,-0.635));
#8246 = VERTEX_POINT('',#8247);
#8247 = CARTESIAN_POINT('',(1.5,0.2,-0.365));
#8248 = LINE('',#8249,#8250);
#8249 = CARTESIAN_POINT('',(1.5,0.2,1.08));
#8250 = VECTOR('',#8251,1.);
#8251 = DIRECTION('',(0.,0.,1.));
#8252 = ORIENTED_EDGE('',*,*,#8253,.T.);
#8253 = EDGE_CURVE('',#8246,#8254,#8256,.T.);
#8254 = VERTEX_POINT('',#8255);
#8255 = CARTESIAN_POINT('',(1.5,5.E-02,-0.365));
#8256 = LINE('',#8257,#8258);
#8257 = CARTESIAN_POINT('',(1.5,0.2,-0.365));
#8258 = VECTOR('',#8259,1.);
#8259 = DIRECTION('',(0.,-1.,0.));
#8260 = ORIENTED_EDGE('',*,*,#8261,.F.);
#8261 = EDGE_CURVE('',#8262,#8254,#8264,.T.);
#8262 = VERTEX_POINT('',#8263);
#8263 = CARTESIAN_POINT('',(1.5,5.E-02,-0.635));
#8264 = LINE('',#8265,#8266);
#8265 = CARTESIAN_POINT('',(1.5,5.E-02,1.08));
#8266 = VECTOR('',#8267,1.);
#8267 = DIRECTION('',(-0.,0.,1.));
#8268 = ORIENTED_EDGE('',*,*,#8269,.F.);
#8269 = EDGE_CURVE('',#8244,#8262,#8270,.T.);
#8270 = LINE('',#8271,#8272);
#8271 = CARTESIAN_POINT('',(1.5,0.2,-0.635));
#8272 = VECTOR('',#8273,1.);
#8273 = DIRECTION('',(0.,-1.,0.));
#8274 = PLANE('',#8275);
#8275 = AXIS2_PLACEMENT_3D('',#8276,#8277,#8278);
#8276 = CARTESIAN_POINT('',(1.5,-4.242640687119,1.08));
#8277 = DIRECTION('',(1.,-0.,0.));
#8278 = DIRECTION('',(0.,0.,-1.));
#8279 = ADVANCED_FACE('',(#8280),#8314,.T.);
#8280 = FACE_BOUND('',#8281,.T.);
#8281 = EDGE_LOOP('',(#8282,#8292,#8300,#8308));
#8282 = ORIENTED_EDGE('',*,*,#8283,.T.);
#8283 = EDGE_CURVE('',#8284,#8286,#8288,.T.);
#8284 = VERTEX_POINT('',#8285);
#8285 = CARTESIAN_POINT('',(1.5,0.2,-1.08));
#8286 = VERTEX_POINT('',#8287);
#8287 = CARTESIAN_POINT('',(1.5,0.2,-0.865));
#8288 = LINE('',#8289,#8290);
#8289 = CARTESIAN_POINT('',(1.5,0.2,1.08));
#8290 = VECTOR('',#8291,1.);
#8291 = DIRECTION('',(0.,0.,1.));
#8292 = ORIENTED_EDGE('',*,*,#8293,.T.);
#8293 = EDGE_CURVE('',#8286,#8294,#8296,.T.);
#8294 = VERTEX_POINT('',#8295);
#8295 = CARTESIAN_POINT('',(1.5,5.E-02,-0.865));
#8296 = LINE('',#8297,#8298);
#8297 = CARTESIAN_POINT('',(1.5,0.2,-0.865));
#8298 = VECTOR('',#8299,1.);
#8299 = DIRECTION('',(0.,-1.,0.));
#8300 = ORIENTED_EDGE('',*,*,#8301,.F.);
#8301 = EDGE_CURVE('',#8302,#8294,#8304,.T.);
#8302 = VERTEX_POINT('',#8303);
#8303 = CARTESIAN_POINT('',(1.5,5.E-02,-1.08));
#8304 = LINE('',#8305,#8306);
#8305 = CARTESIAN_POINT('',(1.5,5.E-02,1.08));
#8306 = VECTOR('',#8307,1.);
#8307 = DIRECTION('',(-0.,0.,1.));
#8308 = ORIENTED_EDGE('',*,*,#8309,.T.);
#8309 = EDGE_CURVE('',#8302,#8284,#8310,.T.);
#8310 = LINE('',#8311,#8312);
#8311 = CARTESIAN_POINT('',(1.5,-4.242640687119,-1.08));
#8312 = VECTOR('',#8313,1.);
#8313 = DIRECTION('',(0.,1.,0.));
#8314 = PLANE('',#8315);
#8315 = AXIS2_PLACEMENT_3D('',#8316,#8317,#8318);
#8316 = CARTESIAN_POINT('',(1.5,-4.242640687119,1.08));
#8317 = DIRECTION('',(1.,-0.,0.));
#8318 = DIRECTION('',(0.,0.,-1.));
#8319 = ADVANCED_FACE('',(#8320),#8354,.T.);
#8320 = FACE_BOUND('',#8321,.T.);
#8321 = EDGE_LOOP('',(#8322,#8332,#8340,#8348));
#8322 = ORIENTED_EDGE('',*,*,#8323,.T.);
#8323 = EDGE_CURVE('',#8324,#8326,#8328,.T.);
#8324 = VERTEX_POINT('',#8325);
#8325 = CARTESIAN_POINT('',(0.135,0.2,1.5));
#8326 = VERTEX_POINT('',#8327);
#8327 = CARTESIAN_POINT('',(-0.135,0.2,1.5));
#8328 = LINE('',#8329,#8330);
#8329 = CARTESIAN_POINT('',(-1.08,0.2,1.5));
#8330 = VECTOR('',#8331,1.);
#8331 = DIRECTION('',(-1.,0.,-0.));
#8332 = ORIENTED_EDGE('',*,*,#8333,.T.);
#8333 = EDGE_CURVE('',#8326,#8334,#8336,.T.);
#8334 = VERTEX_POINT('',#8335);
#8335 = CARTESIAN_POINT('',(-0.135,5.E-02,1.5));
#8336 = LINE('',#8337,#8338);
#8337 = CARTESIAN_POINT('',(-0.135,0.2,1.5));
#8338 = VECTOR('',#8339,1.);
#8339 = DIRECTION('',(0.,-1.,0.));
#8340 = ORIENTED_EDGE('',*,*,#8341,.F.);
#8341 = EDGE_CURVE('',#8342,#8334,#8344,.T.);
#8342 = VERTEX_POINT('',#8343);
#8343 = CARTESIAN_POINT('',(0.135,5.E-02,1.5));
#8344 = LINE('',#8345,#8346);
#8345 = CARTESIAN_POINT('',(-1.08,5.E-02,1.5));
#8346 = VECTOR('',#8347,1.);
#8347 = DIRECTION('',(-1.,0.,0.));
#8348 = ORIENTED_EDGE('',*,*,#8349,.F.);
#8349 = EDGE_CURVE('',#8324,#8342,#8350,.T.);
#8350 = LINE('',#8351,#8352);
#8351 = CARTESIAN_POINT('',(0.135,0.2,1.5));
#8352 = VECTOR('',#8353,1.);
#8353 = DIRECTION('',(0.,-1.,0.));
#8354 = PLANE('',#8355);
#8355 = AXIS2_PLACEMENT_3D('',#8356,#8357,#8358);
#8356 = CARTESIAN_POINT('',(-1.08,-4.242640687119,1.5));
#8357 = DIRECTION('',(0.,0.,1.));
#8358 = DIRECTION('',(1.,0.,-0.));
#8359 = ADVANCED_FACE('',(#8360),#8394,.T.);
#8360 = FACE_BOUND('',#8361,.T.);
#8361 = EDGE_LOOP('',(#8362,#8372,#8380,#8388));
#8362 = ORIENTED_EDGE('',*,*,#8363,.F.);
#8363 = EDGE_CURVE('',#8364,#8366,#8368,.T.);
#8364 = VERTEX_POINT('',#8365);
#8365 = CARTESIAN_POINT('',(-0.365,5.E-02,1.5));
#8366 = VERTEX_POINT('',#8367);
#8367 = CARTESIAN_POINT('',(-0.635,5.E-02,1.5));
#8368 = LINE('',#8369,#8370);
#8369 = CARTESIAN_POINT('',(-1.08,5.E-02,1.5));
#8370 = VECTOR('',#8371,1.);
#8371 = DIRECTION('',(-1.,0.,0.));
#8372 = ORIENTED_EDGE('',*,*,#8373,.F.);
#8373 = EDGE_CURVE('',#8374,#8364,#8376,.T.);
#8374 = VERTEX_POINT('',#8375);
#8375 = CARTESIAN_POINT('',(-0.365,0.2,1.5));
#8376 = LINE('',#8377,#8378);
#8377 = CARTESIAN_POINT('',(-0.365,0.2,1.5));
#8378 = VECTOR('',#8379,1.);
#8379 = DIRECTION('',(0.,-1.,0.));
#8380 = ORIENTED_EDGE('',*,*,#8381,.T.);
#8381 = EDGE_CURVE('',#8374,#8382,#8384,.T.);
#8382 = VERTEX_POINT('',#8383);
#8383 = CARTESIAN_POINT('',(-0.635,0.2,1.5));
#8384 = LINE('',#8385,#8386);
#8385 = CARTESIAN_POINT('',(-1.08,0.2,1.5));
#8386 = VECTOR('',#8387,1.);
#8387 = DIRECTION('',(-1.,0.,-0.));
#8388 = ORIENTED_EDGE('',*,*,#8389,.T.);
#8389 = EDGE_CURVE('',#8382,#8366,#8390,.T.);
#8390 = LINE('',#8391,#8392);
#8391 = CARTESIAN_POINT('',(-0.635,0.2,1.5));
#8392 = VECTOR('',#8393,1.);
#8393 = DIRECTION('',(0.,-1.,0.));
#8394 = PLANE('',#8395);
#8395 = AXIS2_PLACEMENT_3D('',#8396,#8397,#8398);
#8396 = CARTESIAN_POINT('',(-1.08,-4.242640687119,1.5));
#8397 = DIRECTION('',(0.,0.,1.));
#8398 = DIRECTION('',(1.,0.,-0.));
#8399 = ADVANCED_FACE('',(#8400),#8434,.T.);
#8400 = FACE_BOUND('',#8401,.T.);
#8401 = EDGE_LOOP('',(#8402,#8412,#8420,#8428));
#8402 = ORIENTED_EDGE('',*,*,#8403,.T.);
#8403 = EDGE_CURVE('',#8404,#8406,#8408,.T.);
#8404 = VERTEX_POINT('',#8405);
#8405 = CARTESIAN_POINT('',(0.635,0.2,1.5));
#8406 = VERTEX_POINT('',#8407);
#8407 = CARTESIAN_POINT('',(0.365,0.2,1.5));
#8408 = LINE('',#8409,#8410);
#8409 = CARTESIAN_POINT('',(-1.08,0.2,1.5));
#8410 = VECTOR('',#8411,1.);
#8411 = DIRECTION('',(-1.,0.,-0.));
#8412 = ORIENTED_EDGE('',*,*,#8413,.T.);
#8413 = EDGE_CURVE('',#8406,#8414,#8416,.T.);
#8414 = VERTEX_POINT('',#8415);
#8415 = CARTESIAN_POINT('',(0.365,5.E-02,1.5));
#8416 = LINE('',#8417,#8418);
#8417 = CARTESIAN_POINT('',(0.365,0.2,1.5));
#8418 = VECTOR('',#8419,1.);
#8419 = DIRECTION('',(0.,-1.,0.));
#8420 = ORIENTED_EDGE('',*,*,#8421,.F.);
#8421 = EDGE_CURVE('',#8422,#8414,#8424,.T.);
#8422 = VERTEX_POINT('',#8423);
#8423 = CARTESIAN_POINT('',(0.635,5.E-02,1.5));
#8424 = LINE('',#8425,#8426);
#8425 = CARTESIAN_POINT('',(-1.08,5.E-02,1.5));
#8426 = VECTOR('',#8427,1.);
#8427 = DIRECTION('',(-1.,0.,0.));
#8428 = ORIENTED_EDGE('',*,*,#8429,.F.);
#8429 = EDGE_CURVE('',#8404,#8422,#8430,.T.);
#8430 = LINE('',#8431,#8432);
#8431 = CARTESIAN_POINT('',(0.635,0.2,1.5));
#8432 = VECTOR('',#8433,1.);
#8433 = DIRECTION('',(0.,-1.,0.));
#8434 = PLANE('',#8435);
#8435 = AXIS2_PLACEMENT_3D('',#8436,#8437,#8438);
#8436 = CARTESIAN_POINT('',(-1.08,-4.242640687119,1.5));
#8437 = DIRECTION('',(0.,0.,1.));
#8438 = DIRECTION('',(1.,0.,-0.));
#8439 = ADVANCED_FACE('',(#8440),#8474,.T.);
#8440 = FACE_BOUND('',#8441,.T.);
#8441 = EDGE_LOOP('',(#8442,#8452,#8460,#8468));
#8442 = ORIENTED_EDGE('',*,*,#8443,.T.);
#8443 = EDGE_CURVE('',#8444,#8446,#8448,.T.);
#8444 = VERTEX_POINT('',#8445);
#8445 = CARTESIAN_POINT('',(1.08,0.2,1.5));
#8446 = VERTEX_POINT('',#8447);
#8447 = CARTESIAN_POINT('',(0.865,0.2,1.5));
#8448 = LINE('',#8449,#8450);
#8449 = CARTESIAN_POINT('',(-1.08,0.2,1.5));
#8450 = VECTOR('',#8451,1.);
#8451 = DIRECTION('',(-1.,0.,-0.));
#8452 = ORIENTED_EDGE('',*,*,#8453,.T.);
#8453 = EDGE_CURVE('',#8446,#8454,#8456,.T.);
#8454 = VERTEX_POINT('',#8455);
#8455 = CARTESIAN_POINT('',(0.865,5.E-02,1.5));
#8456 = LINE('',#8457,#8458);
#8457 = CARTESIAN_POINT('',(0.865,0.2,1.5));
#8458 = VECTOR('',#8459,1.);
#8459 = DIRECTION('',(0.,-1.,0.));
#8460 = ORIENTED_EDGE('',*,*,#8461,.F.);
#8461 = EDGE_CURVE('',#8462,#8454,#8464,.T.);
#8462 = VERTEX_POINT('',#8463);
#8463 = CARTESIAN_POINT('',(1.08,5.E-02,1.5));
#8464 = LINE('',#8465,#8466);
#8465 = CARTESIAN_POINT('',(-1.08,5.E-02,1.5));
#8466 = VECTOR('',#8467,1.);
#8467 = DIRECTION('',(-1.,0.,0.));
#8468 = ORIENTED_EDGE('',*,*,#8469,.T.);
#8469 = EDGE_CURVE('',#8462,#8444,#8470,.T.);
#8470 = LINE('',#8471,#8472);
#8471 = CARTESIAN_POINT('',(1.08,-4.242640687119,1.5));
#8472 = VECTOR('',#8473,1.);
#8473 = DIRECTION('',(0.,1.,0.));
#8474 = PLANE('',#8475);
#8475 = AXIS2_PLACEMENT_3D('',#8476,#8477,#8478);
#8476 = CARTESIAN_POINT('',(-1.08,-4.242640687119,1.5));
#8477 = DIRECTION('',(0.,0.,1.));
#8478 = DIRECTION('',(1.,0.,-0.));
#8479 = ADVANCED_FACE('',(#8480),#8514,.T.);
#8480 = FACE_BOUND('',#8481,.T.);
#8481 = EDGE_LOOP('',(#8482,#8492,#8500,#8508));
#8482 = ORIENTED_EDGE('',*,*,#8483,.F.);
#8483 = EDGE_CURVE('',#8484,#8486,#8488,.T.);
#8484 = VERTEX_POINT('',#8485);
#8485 = CARTESIAN_POINT('',(-0.865,5.E-02,1.5));
#8486 = VERTEX_POINT('',#8487);
#8487 = CARTESIAN_POINT('',(-1.08,5.E-02,1.5));
#8488 = LINE('',#8489,#8490);
#8489 = CARTESIAN_POINT('',(-1.08,5.E-02,1.5));
#8490 = VECTOR('',#8491,1.);
#8491 = DIRECTION('',(-1.,0.,0.));
#8492 = ORIENTED_EDGE('',*,*,#8493,.F.);
#8493 = EDGE_CURVE('',#8494,#8484,#8496,.T.);
#8494 = VERTEX_POINT('',#8495);
#8495 = CARTESIAN_POINT('',(-0.865,0.2,1.5));
#8496 = LINE('',#8497,#8498);
#8497 = CARTESIAN_POINT('',(-0.865,0.2,1.5));
#8498 = VECTOR('',#8499,1.);
#8499 = DIRECTION('',(0.,-1.,0.));
#8500 = ORIENTED_EDGE('',*,*,#8501,.T.);
#8501 = EDGE_CURVE('',#8494,#8502,#8504,.T.);
#8502 = VERTEX_POINT('',#8503);
#8503 = CARTESIAN_POINT('',(-1.08,0.2,1.5));
#8504 = LINE('',#8505,#8506);
#8505 = CARTESIAN_POINT('',(-1.08,0.2,1.5));
#8506 = VECTOR('',#8507,1.);
#8507 = DIRECTION('',(-1.,0.,-0.));
#8508 = ORIENTED_EDGE('',*,*,#8509,.F.);
#8509 = EDGE_CURVE('',#8486,#8502,#8510,.T.);
#8510 = LINE('',#8511,#8512);
#8511 = CARTESIAN_POINT('',(-1.08,-4.242640687119,1.5));
#8512 = VECTOR('',#8513,1.);
#8513 = DIRECTION('',(0.,1.,0.));
#8514 = PLANE('',#8515);
#8515 = AXIS2_PLACEMENT_3D('',#8516,#8517,#8518);
#8516 = CARTESIAN_POINT('',(-1.08,-4.242640687119,1.5));
#8517 = DIRECTION('',(0.,0.,1.));
#8518 = DIRECTION('',(1.,0.,-0.));
#8519 = ADVANCED_FACE('',(#8520,#8607),#9017,.F.);
#8520 = FACE_BOUND('',#8521,.T.);
#8521 = EDGE_LOOP('',(#8522,#8533,#8541,#8550,#8558,#8567,#8575,#8584,
    #8592,#8601));
#8522 = ORIENTED_EDGE('',*,*,#8523,.F.);
#8523 = EDGE_CURVE('',#8524,#8526,#8528,.T.);
#8524 = VERTEX_POINT('',#8525);
#8525 = CARTESIAN_POINT('',(-0.435,5.E-02,0.55));
#8526 = VERTEX_POINT('',#8527);
#8527 = CARTESIAN_POINT('',(-0.55,5.E-02,0.435));
#8528 = CIRCLE('',#8529,0.115);
#8529 = AXIS2_PLACEMENT_3D('',#8530,#8531,#8532);
#8530 = CARTESIAN_POINT('',(-0.435,5.E-02,0.435));
#8531 = DIRECTION('',(0.,-1.,0.));
#8532 = DIRECTION('',(0.,0.,1.));
#8533 = ORIENTED_EDGE('',*,*,#8534,.F.);
#8534 = EDGE_CURVE('',#8535,#8524,#8537,.T.);
#8535 = VERTEX_POINT('',#8536);
#8536 = CARTESIAN_POINT('',(0.435,5.E-02,0.55));
#8537 = LINE('',#8538,#8539);
#8538 = CARTESIAN_POINT('',(0.,5.E-02,0.55));
#8539 = VECTOR('',#8540,1.);
#8540 = DIRECTION('',(-1.,0.,0.));
#8541 = ORIENTED_EDGE('',*,*,#8542,.F.);
#8542 = EDGE_CURVE('',#8543,#8535,#8545,.T.);
#8543 = VERTEX_POINT('',#8544);
#8544 = CARTESIAN_POINT('',(0.55,5.E-02,0.435));
#8545 = CIRCLE('',#8546,0.115);
#8546 = AXIS2_PLACEMENT_3D('',#8547,#8548,#8549);
#8547 = CARTESIAN_POINT('',(0.435,5.E-02,0.435));
#8548 = DIRECTION('',(0.,-1.,0.));
#8549 = DIRECTION('',(0.,0.,1.));
#8550 = ORIENTED_EDGE('',*,*,#8551,.F.);
#8551 = EDGE_CURVE('',#8552,#8543,#8554,.T.);
#8552 = VERTEX_POINT('',#8553);
#8553 = CARTESIAN_POINT('',(0.55,5.E-02,-0.435));
#8554 = LINE('',#8555,#8556);
#8555 = CARTESIAN_POINT('',(0.55,5.E-02,0.));
#8556 = VECTOR('',#8557,1.);
#8557 = DIRECTION('',(0.,0.,1.));
#8558 = ORIENTED_EDGE('',*,*,#8559,.F.);
#8559 = EDGE_CURVE('',#8560,#8552,#8562,.T.);
#8560 = VERTEX_POINT('',#8561);
#8561 = CARTESIAN_POINT('',(0.435,5.E-02,-0.55));
#8562 = CIRCLE('',#8563,0.115);
#8563 = AXIS2_PLACEMENT_3D('',#8564,#8565,#8566);
#8564 = CARTESIAN_POINT('',(0.435,5.E-02,-0.435));
#8565 = DIRECTION('',(-0.,-1.,0.));
#8566 = DIRECTION('',(-9.427844978135E-16,0.,1.));
#8567 = ORIENTED_EDGE('',*,*,#8568,.F.);
#8568 = EDGE_CURVE('',#8569,#8560,#8571,.T.);
#8569 = VERTEX_POINT('',#8570);
#8570 = CARTESIAN_POINT('',(-0.435,5.E-02,-0.55));
#8571 = LINE('',#8572,#8573);
#8572 = CARTESIAN_POINT('',(0.,5.E-02,-0.55));
#8573 = VECTOR('',#8574,1.);
#8574 = DIRECTION('',(1.,-0.,0.));
#8575 = ORIENTED_EDGE('',*,*,#8576,.F.);
#8576 = EDGE_CURVE('',#8577,#8569,#8579,.T.);
#8577 = VERTEX_POINT('',#8578);
#8578 = CARTESIAN_POINT('',(-0.55,5.E-02,-0.435));
#8579 = CIRCLE('',#8580,0.115);
#8580 = AXIS2_PLACEMENT_3D('',#8581,#8582,#8583);
#8581 = CARTESIAN_POINT('',(-0.435,5.E-02,-0.435));
#8582 = DIRECTION('',(0.,-1.,0.));
#8583 = DIRECTION('',(0.,0.,1.));
#8584 = ORIENTED_EDGE('',*,*,#8585,.F.);
#8585 = EDGE_CURVE('',#8586,#8577,#8588,.T.);
#8586 = VERTEX_POINT('',#8587);
#8587 = CARTESIAN_POINT('',(-0.55,5.E-02,-0.325));
#8588 = LINE('',#8589,#8590);
#8589 = CARTESIAN_POINT('',(-0.55,5.E-02,0.));
#8590 = VECTOR('',#8591,1.);
#8591 = DIRECTION('',(0.,0.,-1.));
#8592 = ORIENTED_EDGE('',*,*,#8593,.F.);
#8593 = EDGE_CURVE('',#8594,#8586,#8596,.T.);
#8594 = VERTEX_POINT('',#8595);
#8595 = CARTESIAN_POINT('',(-0.55,5.E-02,-0.175));
#8596 = CIRCLE('',#8597,7.5E-02);
#8597 = AXIS2_PLACEMENT_3D('',#8598,#8599,#8600);
#8598 = CARTESIAN_POINT('',(-0.55,5.E-02,-0.25));
#8599 = DIRECTION('',(0.,1.,0.));
#8600 = DIRECTION('',(0.,-0.,1.));
#8601 = ORIENTED_EDGE('',*,*,#8602,.F.);
#8602 = EDGE_CURVE('',#8526,#8594,#8603,.T.);
#8603 = LINE('',#8604,#8605);
#8604 = CARTESIAN_POINT('',(-0.55,5.E-02,0.));
#8605 = VECTOR('',#8606,1.);
#8606 = DIRECTION('',(0.,0.,-1.));
#8607 = FACE_BOUND('',#8608,.T.);
#8608 = EDGE_LOOP('',(#8609,#8617,#8626,#8632,#8633,#8641,#8650,#8656,
    #8657,#8663,#8664,#8672,#8681,#8687,#8688,#8696,#8705,#8711,#8712,
    #8720,#8729,#8735,#8736,#8744,#8753,#8759,#8760,#8766,#8767,#8773,
    #8774,#8783,#8789,#8790,#8796,#8797,#8806,#8812,#8813,#8819,#8820,
    #8829,#8835,#8836,#8842,#8843,#8852,#8858,#8859,#8865,#8866,#8874,
    #8883,#8889,#8890,#8898,#8907,#8913,#8914,#8922,#8931,#8937,#8938,
    #8946,#8955,#8961,#8962,#8968,#8969,#8977,#8986,#8992,#8993,#9001,
    #9010,#9016));
#8609 = ORIENTED_EDGE('',*,*,#8610,.F.);
#8610 = EDGE_CURVE('',#8611,#7934,#8613,.T.);
#8611 = VERTEX_POINT('',#8612);
#8612 = CARTESIAN_POINT('',(0.135,5.E-02,-1.195));
#8613 = LINE('',#8614,#8615);
#8614 = CARTESIAN_POINT('',(0.135,5.E-02,-1.439678294612E-15));
#8615 = VECTOR('',#8616,1.);
#8616 = DIRECTION('',(-1.066428366379E-14,0.,-1.));
#8617 = ORIENTED_EDGE('',*,*,#8618,.F.);
#8618 = EDGE_CURVE('',#8619,#8611,#8621,.T.);
#8619 = VERTEX_POINT('',#8620);
#8620 = CARTESIAN_POINT('',(0.365,5.E-02,-1.195));
#8621 = CIRCLE('',#8622,0.115);
#8622 = AXIS2_PLACEMENT_3D('',#8623,#8624,#8625);
#8623 = CARTESIAN_POINT('',(0.25,5.E-02,-1.195));
#8624 = DIRECTION('',(0.,-1.,0.));
#8625 = DIRECTION('',(0.,0.,1.));
#8626 = ORIENTED_EDGE('',*,*,#8627,.F.);
#8627 = EDGE_CURVE('',#7964,#8619,#8628,.T.);
#8628 = LINE('',#8629,#8630);
#8629 = CARTESIAN_POINT('',(0.365,5.E-02,-3.957337929572E-15));
#8630 = VECTOR('',#8631,1.);
#8631 = DIRECTION('',(1.084202172486E-14,-0.,1.));
#8632 = ORIENTED_EDGE('',*,*,#7963,.T.);
#8633 = ORIENTED_EDGE('',*,*,#8634,.F.);
#8634 = EDGE_CURVE('',#8635,#7966,#8637,.T.);
#8635 = VERTEX_POINT('',#8636);
#8636 = CARTESIAN_POINT('',(0.635,5.E-02,-1.195));
#8637 = LINE('',#8638,#8639);
#8638 = CARTESIAN_POINT('',(0.635,5.E-02,-6.771820126508E-15));
#8639 = VECTOR('',#8640,1.);
#8640 = DIRECTION('',(-1.066428366379E-14,0.,-1.));
#8641 = ORIENTED_EDGE('',*,*,#8642,.F.);
#8642 = EDGE_CURVE('',#8643,#8635,#8645,.T.);
#8643 = VERTEX_POINT('',#8644);
#8644 = CARTESIAN_POINT('',(0.865,5.E-02,-1.195));
#8645 = CIRCLE('',#8646,0.115);
#8646 = AXIS2_PLACEMENT_3D('',#8647,#8648,#8649);
#8647 = CARTESIAN_POINT('',(0.75,5.E-02,-1.195));
#8648 = DIRECTION('',(0.,-1.,0.));
#8649 = DIRECTION('',(0.,0.,1.));
#8650 = ORIENTED_EDGE('',*,*,#8651,.F.);
#8651 = EDGE_CURVE('',#8084,#8643,#8652,.T.);
#8652 = LINE('',#8653,#8654);
#8653 = CARTESIAN_POINT('',(0.865,5.E-02,-9.53209221482E-15));
#8654 = VECTOR('',#8655,1.);
#8655 = DIRECTION('',(1.101975978592E-14,-0.,1.));
#8656 = ORIENTED_EDGE('',*,*,#8083,.T.);
#8657 = ORIENTED_EDGE('',*,*,#8658,.T.);
#8658 = EDGE_CURVE('',#8086,#8302,#8659,.T.);
#8659 = LINE('',#8660,#8661);
#8660 = CARTESIAN_POINT('',(1.08,5.E-02,-1.5));
#8661 = VECTOR('',#8662,1.);
#8662 = DIRECTION('',(0.707106781187,-0.,0.707106781187));
#8663 = ORIENTED_EDGE('',*,*,#8301,.T.);
#8664 = ORIENTED_EDGE('',*,*,#8665,.F.);
#8665 = EDGE_CURVE('',#8666,#8294,#8668,.T.);
#8666 = VERTEX_POINT('',#8667);
#8667 = CARTESIAN_POINT('',(1.195,5.E-02,-0.865));
#8668 = LINE('',#8669,#8670);
#8669 = CARTESIAN_POINT('',(-9.839579060458E-15,5.E-02,-0.865));
#8670 = VECTOR('',#8671,1.);
#8671 = DIRECTION('',(1.,0.,-1.137523590804E-14));
#8672 = ORIENTED_EDGE('',*,*,#8673,.F.);
#8673 = EDGE_CURVE('',#8674,#8666,#8676,.T.);
#8674 = VERTEX_POINT('',#8675);
#8675 = CARTESIAN_POINT('',(1.195,5.E-02,-0.635));
#8676 = CIRCLE('',#8677,0.115);
#8677 = AXIS2_PLACEMENT_3D('',#8678,#8679,#8680);
#8678 = CARTESIAN_POINT('',(1.195,5.E-02,-0.75));
#8679 = DIRECTION('',(0.,-1.,0.));
#8680 = DIRECTION('',(0.,0.,1.));
#8681 = ORIENTED_EDGE('',*,*,#8682,.F.);
#8682 = EDGE_CURVE('',#8262,#8674,#8683,.T.);
#8683 = LINE('',#8684,#8685);
#8684 = CARTESIAN_POINT('',(-6.997547464058E-15,5.E-02,-0.635));
#8685 = VECTOR('',#8686,1.);
#8686 = DIRECTION('',(-1.,0.,1.101975978592E-14));
#8687 = ORIENTED_EDGE('',*,*,#8261,.T.);
#8688 = ORIENTED_EDGE('',*,*,#8689,.F.);
#8689 = EDGE_CURVE('',#8690,#8254,#8692,.T.);
#8690 = VERTEX_POINT('',#8691);
#8691 = CARTESIAN_POINT('',(1.195,5.E-02,-0.365));
#8692 = LINE('',#8693,#8694);
#8693 = CARTESIAN_POINT('',(-3.892463537284E-15,5.E-02,-0.365));
#8694 = VECTOR('',#8695,1.);
#8695 = DIRECTION('',(1.,0.,-1.066428366379E-14));
#8696 = ORIENTED_EDGE('',*,*,#8697,.F.);
#8697 = EDGE_CURVE('',#8698,#8690,#8700,.T.);
#8698 = VERTEX_POINT('',#8699);
#8699 = CARTESIAN_POINT('',(1.195,5.E-02,-0.135));
#8700 = CIRCLE('',#8701,0.115);
#8701 = AXIS2_PLACEMENT_3D('',#8702,#8703,#8704);
#8702 = CARTESIAN_POINT('',(1.195,5.E-02,-0.25));
#8703 = DIRECTION('',(0.,-1.,0.));
#8704 = DIRECTION('',(0.,0.,1.));
#8705 = ORIENTED_EDGE('',*,*,#8706,.F.);
#8706 = EDGE_CURVE('',#8222,#8698,#8707,.T.);
#8707 = LINE('',#8708,#8709);
#8708 = CARTESIAN_POINT('',(-1.463672932855E-15,5.E-02,-0.135));
#8709 = VECTOR('',#8710,1.);
#8710 = DIRECTION('',(-1.,0.,1.084202172486E-14));
#8711 = ORIENTED_EDGE('',*,*,#8221,.T.);
#8712 = ORIENTED_EDGE('',*,*,#8713,.F.);
#8713 = EDGE_CURVE('',#8714,#8214,#8716,.T.);
#8714 = VERTEX_POINT('',#8715);
#8715 = CARTESIAN_POINT('',(1.195,5.E-02,0.135));
#8716 = LINE('',#8717,#8718);
#8717 = CARTESIAN_POINT('',(1.463672932856E-15,5.E-02,0.135));
#8718 = VECTOR('',#8719,1.);
#8719 = DIRECTION('',(1.,0.,-1.084202172486E-14));
#8720 = ORIENTED_EDGE('',*,*,#8721,.F.);
#8721 = EDGE_CURVE('',#8722,#8714,#8724,.T.);
#8722 = VERTEX_POINT('',#8723);
#8723 = CARTESIAN_POINT('',(1.195,5.E-02,0.365));
#8724 = CIRCLE('',#8725,0.115);
#8725 = AXIS2_PLACEMENT_3D('',#8726,#8727,#8728);
#8726 = CARTESIAN_POINT('',(1.195,5.E-02,0.25));
#8727 = DIRECTION('',(0.,-1.,0.));
#8728 = DIRECTION('',(0.,0.,1.));
#8729 = ORIENTED_EDGE('',*,*,#8730,.F.);
#8730 = EDGE_CURVE('',#8142,#8722,#8731,.T.);
#8731 = LINE('',#8732,#8733);
#8732 = CARTESIAN_POINT('',(3.892463537284E-15,5.E-02,0.365));
#8733 = VECTOR('',#8734,1.);
#8734 = DIRECTION('',(-1.,0.,1.066428366379E-14));
#8735 = ORIENTED_EDGE('',*,*,#8141,.T.);
#8736 = ORIENTED_EDGE('',*,*,#8737,.F.);
#8737 = EDGE_CURVE('',#8738,#8134,#8740,.T.);
#8738 = VERTEX_POINT('',#8739);
#8739 = CARTESIAN_POINT('',(1.195,5.E-02,0.635));
#8740 = LINE('',#8741,#8742);
#8741 = CARTESIAN_POINT('',(6.771820126508E-15,5.E-02,0.635));
#8742 = VECTOR('',#8743,1.);
#8743 = DIRECTION('',(1.,0.,-1.066428366379E-14));
#8744 = ORIENTED_EDGE('',*,*,#8745,.F.);
#8745 = EDGE_CURVE('',#8746,#8738,#8748,.T.);
#8746 = VERTEX_POINT('',#8747);
#8747 = CARTESIAN_POINT('',(1.195,5.E-02,0.865));
#8748 = CIRCLE('',#8749,0.115);
#8749 = AXIS2_PLACEMENT_3D('',#8750,#8751,#8752);
#8750 = CARTESIAN_POINT('',(1.195,5.E-02,0.75));
#8751 = DIRECTION('',(0.,-1.,0.));
#8752 = DIRECTION('',(0.,0.,1.));
#8753 = ORIENTED_EDGE('',*,*,#8754,.F.);
#8754 = EDGE_CURVE('',#8164,#8746,#8755,.T.);
#8755 = LINE('',#8756,#8757);
#8756 = CARTESIAN_POINT('',(9.53209221482E-15,5.E-02,0.865));
#8757 = VECTOR('',#8758,1.);
#8758 = DIRECTION('',(-1.,0.,1.101975978592E-14));
#8759 = ORIENTED_EDGE('',*,*,#8163,.T.);
#8760 = ORIENTED_EDGE('',*,*,#8761,.T.);
#8761 = EDGE_CURVE('',#8166,#8462,#8762,.T.);
#8762 = LINE('',#8763,#8764);
#8763 = CARTESIAN_POINT('',(1.08,5.E-02,1.5));
#8764 = VECTOR('',#8765,1.);
#8765 = DIRECTION('',(-0.707106781187,0.,0.707106781187));
#8766 = ORIENTED_EDGE('',*,*,#8461,.T.);
#8767 = ORIENTED_EDGE('',*,*,#8768,.F.);
#8768 = EDGE_CURVE('',#7600,#8454,#8769,.T.);
#8769 = LINE('',#8770,#8771);
#8770 = CARTESIAN_POINT('',(0.865,5.E-02,-9.532092214819E-15));
#8771 = VECTOR('',#8772,1.);
#8772 = DIRECTION('',(1.101975978592E-14,-0.,1.));
#8773 = ORIENTED_EDGE('',*,*,#7607,.F.);
#8774 = ORIENTED_EDGE('',*,*,#8775,.F.);
#8775 = EDGE_CURVE('',#8776,#7608,#8778,.T.);
#8776 = VERTEX_POINT('',#8777);
#8777 = CARTESIAN_POINT('',(0.635,5.E-02,1.195));
#8778 = CIRCLE('',#8779,0.115);
#8779 = AXIS2_PLACEMENT_3D('',#8780,#8781,#8782);
#8780 = CARTESIAN_POINT('',(0.75,5.E-02,1.195));
#8781 = DIRECTION('',(0.,-1.,0.));
#8782 = DIRECTION('',(0.,0.,1.));
#8783 = ORIENTED_EDGE('',*,*,#8784,.F.);
#8784 = EDGE_CURVE('',#8422,#8776,#8785,.T.);
#8785 = LINE('',#8786,#8787);
#8786 = CARTESIAN_POINT('',(0.635,5.E-02,-6.997547464058E-15));
#8787 = VECTOR('',#8788,1.);
#8788 = DIRECTION('',(-1.101975978592E-14,0.,-1.));
#8789 = ORIENTED_EDGE('',*,*,#8421,.T.);
#8790 = ORIENTED_EDGE('',*,*,#8791,.F.);
#8791 = EDGE_CURVE('',#7558,#8414,#8792,.T.);
#8792 = LINE('',#8793,#8794);
#8793 = CARTESIAN_POINT('',(0.365,5.E-02,-3.957337929572E-15));
#8794 = VECTOR('',#8795,1.);
#8795 = DIRECTION('',(1.084202172486E-14,-0.,1.));
#8796 = ORIENTED_EDGE('',*,*,#7565,.F.);
#8797 = ORIENTED_EDGE('',*,*,#8798,.F.);
#8798 = EDGE_CURVE('',#8799,#7566,#8801,.T.);
#8799 = VERTEX_POINT('',#8800);
#8800 = CARTESIAN_POINT('',(0.135,5.E-02,1.195));
#8801 = CIRCLE('',#8802,0.115);
#8802 = AXIS2_PLACEMENT_3D('',#8803,#8804,#8805);
#8803 = CARTESIAN_POINT('',(0.25,5.E-02,1.195));
#8804 = DIRECTION('',(0.,-1.,0.));
#8805 = DIRECTION('',(0.,0.,1.));
#8806 = ORIENTED_EDGE('',*,*,#8807,.F.);
#8807 = EDGE_CURVE('',#8342,#8799,#8808,.T.);
#8808 = LINE('',#8809,#8810);
#8809 = CARTESIAN_POINT('',(0.135,5.E-02,-1.463672932855E-15));
#8810 = VECTOR('',#8811,1.);
#8811 = DIRECTION('',(-1.084202172486E-14,0.,-1.));
#8812 = ORIENTED_EDGE('',*,*,#8341,.T.);
#8813 = ORIENTED_EDGE('',*,*,#8814,.F.);
#8814 = EDGE_CURVE('',#7516,#8334,#8815,.T.);
#8815 = LINE('',#8816,#8817);
#8816 = CARTESIAN_POINT('',(-0.135,5.E-02,1.463672932855E-15));
#8817 = VECTOR('',#8818,1.);
#8818 = DIRECTION('',(1.084202172486E-14,-0.,1.));
#8819 = ORIENTED_EDGE('',*,*,#7523,.F.);
#8820 = ORIENTED_EDGE('',*,*,#8821,.F.);
#8821 = EDGE_CURVE('',#8822,#7524,#8824,.T.);
#8822 = VERTEX_POINT('',#8823);
#8823 = CARTESIAN_POINT('',(-0.365,5.E-02,1.195));
#8824 = CIRCLE('',#8825,0.115);
#8825 = AXIS2_PLACEMENT_3D('',#8826,#8827,#8828);
#8826 = CARTESIAN_POINT('',(-0.25,5.E-02,1.195));
#8827 = DIRECTION('',(0.,-1.,0.));
#8828 = DIRECTION('',(0.,0.,1.));
#8829 = ORIENTED_EDGE('',*,*,#8830,.F.);
#8830 = EDGE_CURVE('',#8364,#8822,#8831,.T.);
#8831 = LINE('',#8832,#8833);
#8832 = CARTESIAN_POINT('',(-0.365,5.E-02,3.957337929572E-15));
#8833 = VECTOR('',#8834,1.);
#8834 = DIRECTION('',(-1.084202172486E-14,0.,-1.));
#8835 = ORIENTED_EDGE('',*,*,#8363,.T.);
#8836 = ORIENTED_EDGE('',*,*,#8837,.F.);
#8837 = EDGE_CURVE('',#7642,#8366,#8838,.T.);
#8838 = LINE('',#8839,#8840);
#8839 = CARTESIAN_POINT('',(-0.635,5.E-02,6.997547464058E-15));
#8840 = VECTOR('',#8841,1.);
#8841 = DIRECTION('',(1.101975978592E-14,-0.,1.));
#8842 = ORIENTED_EDGE('',*,*,#7649,.F.);
#8843 = ORIENTED_EDGE('',*,*,#8844,.F.);
#8844 = EDGE_CURVE('',#8845,#7650,#8847,.T.);
#8845 = VERTEX_POINT('',#8846);
#8846 = CARTESIAN_POINT('',(-0.865,5.E-02,1.195));
#8847 = CIRCLE('',#8848,0.115);
#8848 = AXIS2_PLACEMENT_3D('',#8849,#8850,#8851);
#8849 = CARTESIAN_POINT('',(-0.75,5.E-02,1.195));
#8850 = DIRECTION('',(-0.,-1.,0.));
#8851 = DIRECTION('',(-9.427844978135E-16,0.,1.));
#8852 = ORIENTED_EDGE('',*,*,#8853,.F.);
#8853 = EDGE_CURVE('',#8484,#8845,#8854,.T.);
#8854 = LINE('',#8855,#8856);
#8855 = CARTESIAN_POINT('',(-0.865,5.E-02,9.532092214819E-15));
#8856 = VECTOR('',#8857,1.);
#8857 = DIRECTION('',(-1.101975978592E-14,0.,-1.));
#8858 = ORIENTED_EDGE('',*,*,#8483,.T.);
#8859 = ORIENTED_EDGE('',*,*,#8860,.T.);
#8860 = EDGE_CURVE('',#8486,#7862,#8861,.T.);
#8861 = LINE('',#8862,#8863);
#8862 = CARTESIAN_POINT('',(-1.5,5.E-02,1.08));
#8863 = VECTOR('',#8864,1.);
#8864 = DIRECTION('',(-0.707106781187,0.,-0.707106781187));
#8865 = ORIENTED_EDGE('',*,*,#7861,.T.);
#8866 = ORIENTED_EDGE('',*,*,#8867,.F.);
#8867 = EDGE_CURVE('',#8868,#7854,#8870,.T.);
#8868 = VERTEX_POINT('',#8869);
#8869 = CARTESIAN_POINT('',(-1.195,5.E-02,0.865));
#8870 = LINE('',#8871,#8872);
#8871 = CARTESIAN_POINT('',(-3.074868456393E-16,5.E-02,0.865));
#8872 = VECTOR('',#8873,1.);
#8873 = DIRECTION('',(-1.,0.,-3.554761221264E-16));
#8874 = ORIENTED_EDGE('',*,*,#8875,.F.);
#8875 = EDGE_CURVE('',#8876,#8868,#8878,.T.);
#8876 = VERTEX_POINT('',#8877);
#8877 = CARTESIAN_POINT('',(-1.195,5.E-02,0.635));
#8878 = CIRCLE('',#8879,0.115);
#8879 = AXIS2_PLACEMENT_3D('',#8880,#8881,#8882);
#8880 = CARTESIAN_POINT('',(-1.195,5.E-02,0.75));
#8881 = DIRECTION('',(0.,-1.,0.));
#8882 = DIRECTION('',(0.,0.,1.));
#8883 = ORIENTED_EDGE('',*,*,#8884,.F.);
#8884 = EDGE_CURVE('',#7822,#8876,#8885,.T.);
#8885 = LINE('',#8886,#8887);
#8886 = CARTESIAN_POINT('',(0.,5.E-02,0.635));
#8887 = VECTOR('',#8888,1.);
#8888 = DIRECTION('',(1.,-0.,0.));
#8889 = ORIENTED_EDGE('',*,*,#7821,.T.);
#8890 = ORIENTED_EDGE('',*,*,#8891,.F.);
#8891 = EDGE_CURVE('',#8892,#7814,#8894,.T.);
#8892 = VERTEX_POINT('',#8893);
#8893 = CARTESIAN_POINT('',(-1.195,5.E-02,0.365));
#8894 = LINE('',#8895,#8896);
#8895 = CARTESIAN_POINT('',(-1.297487845761E-16,5.E-02,0.365));
#8896 = VECTOR('',#8897,1.);
#8897 = DIRECTION('',(-1.,0.,-3.554761221264E-16));
#8898 = ORIENTED_EDGE('',*,*,#8899,.F.);
#8899 = EDGE_CURVE('',#8900,#8892,#8902,.T.);
#8900 = VERTEX_POINT('',#8901);
#8901 = CARTESIAN_POINT('',(-1.195,5.E-02,0.135));
#8902 = CIRCLE('',#8903,0.115);
#8903 = AXIS2_PLACEMENT_3D('',#8904,#8905,#8906);
#8904 = CARTESIAN_POINT('',(-1.195,5.E-02,0.25));
#8905 = DIRECTION('',(0.,-1.,0.));
#8906 = DIRECTION('',(0.,0.,1.));
#8907 = ORIENTED_EDGE('',*,*,#8908,.F.);
#8908 = EDGE_CURVE('',#7742,#8900,#8909,.T.);
#8909 = LINE('',#8910,#8911);
#8910 = CARTESIAN_POINT('',(0.,5.E-02,0.135));
#8911 = VECTOR('',#8912,1.);
#8912 = DIRECTION('',(1.,-0.,0.));
#8913 = ORIENTED_EDGE('',*,*,#7741,.T.);
#8914 = ORIENTED_EDGE('',*,*,#8915,.F.);
#8915 = EDGE_CURVE('',#8916,#7734,#8918,.T.);
#8916 = VERTEX_POINT('',#8917);
#8917 = CARTESIAN_POINT('',(-1.195,5.E-02,-0.135));
#8918 = LINE('',#8919,#8920);
#8919 = CARTESIAN_POINT('',(4.798927648706E-17,5.E-02,-0.135));
#8920 = VECTOR('',#8921,1.);
#8921 = DIRECTION('',(-1.,0.,-3.554761221264E-16));
#8922 = ORIENTED_EDGE('',*,*,#8923,.F.);
#8923 = EDGE_CURVE('',#8924,#8916,#8926,.T.);
#8924 = VERTEX_POINT('',#8925);
#8925 = CARTESIAN_POINT('',(-1.195,5.E-02,-0.365));
#8926 = CIRCLE('',#8927,0.115);
#8927 = AXIS2_PLACEMENT_3D('',#8928,#8929,#8930);
#8928 = CARTESIAN_POINT('',(-1.195,5.E-02,-0.25));
#8929 = DIRECTION('',(0.,-1.,0.));
#8930 = DIRECTION('',(0.,0.,1.));
#8931 = ORIENTED_EDGE('',*,*,#8932,.F.);
#8932 = EDGE_CURVE('',#7764,#8924,#8933,.T.);
#8933 = LINE('',#8934,#8935);
#8934 = CARTESIAN_POINT('',(0.,5.E-02,-0.365));
#8935 = VECTOR('',#8936,1.);
#8936 = DIRECTION('',(1.,-0.,0.));
#8937 = ORIENTED_EDGE('',*,*,#7763,.T.);
#8938 = ORIENTED_EDGE('',*,*,#8939,.F.);
#8939 = EDGE_CURVE('',#8940,#7766,#8942,.T.);
#8940 = VERTEX_POINT('',#8941);
#8941 = CARTESIAN_POINT('',(-1.195,5.E-02,-0.635));
#8942 = LINE('',#8943,#8944);
#8943 = CARTESIAN_POINT('',(2.595864381828E-14,5.E-02,-0.635));
#8944 = VECTOR('',#8945,1.);
#8945 = DIRECTION('',(-1.,0.,-4.087975404454E-14));
#8946 = ORIENTED_EDGE('',*,*,#8947,.F.);
#8947 = EDGE_CURVE('',#8948,#8940,#8950,.T.);
#8948 = VERTEX_POINT('',#8949);
#8949 = CARTESIAN_POINT('',(-1.195,5.E-02,-0.865));
#8950 = CIRCLE('',#8951,0.115);
#8951 = AXIS2_PLACEMENT_3D('',#8952,#8953,#8954);
#8952 = CARTESIAN_POINT('',(-1.195,5.E-02,-0.75));
#8953 = DIRECTION('',(-0.,-1.,0.));
#8954 = DIRECTION('',(-1.131341397376E-14,0.,1.));
#8955 = ORIENTED_EDGE('',*,*,#8956,.F.);
#8956 = EDGE_CURVE('',#7884,#8948,#8957,.T.);
#8957 = LINE('',#8958,#8959);
#8958 = CARTESIAN_POINT('',(3.566847409416E-14,5.E-02,-0.865));
#8959 = VECTOR('',#8960,1.);
#8960 = DIRECTION('',(1.,-0.,4.123523016666E-14));
#8961 = ORIENTED_EDGE('',*,*,#7883,.T.);
#8962 = ORIENTED_EDGE('',*,*,#8963,.T.);
#8963 = EDGE_CURVE('',#7886,#8062,#8964,.T.);
#8964 = LINE('',#8965,#8966);
#8965 = CARTESIAN_POINT('',(-1.5,5.E-02,-1.08));
#8966 = VECTOR('',#8967,1.);
#8967 = DIRECTION('',(0.707106781187,0.,-0.707106781187));
#8968 = ORIENTED_EDGE('',*,*,#8061,.T.);
#8969 = ORIENTED_EDGE('',*,*,#8970,.F.);
#8970 = EDGE_CURVE('',#8971,#8054,#8973,.T.);
#8971 = VERTEX_POINT('',#8972);
#8972 = CARTESIAN_POINT('',(-0.865,5.E-02,-1.195));
#8973 = LINE('',#8974,#8975);
#8974 = CARTESIAN_POINT('',(-0.865,5.E-02,9.22460536918E-15));
#8975 = VECTOR('',#8976,1.);
#8976 = DIRECTION('',(-1.066428366379E-14,0.,-1.));
#8977 = ORIENTED_EDGE('',*,*,#8978,.F.);
#8978 = EDGE_CURVE('',#8979,#8971,#8981,.T.);
#8979 = VERTEX_POINT('',#8980);
#8980 = CARTESIAN_POINT('',(-0.635,5.E-02,-1.195));
#8981 = CIRCLE('',#8982,0.115);
#8982 = AXIS2_PLACEMENT_3D('',#8983,#8984,#8985);
#8983 = CARTESIAN_POINT('',(-0.75,5.E-02,-1.195));
#8984 = DIRECTION('',(0.,-1.,0.));
#8985 = DIRECTION('',(0.,0.,1.));
#8986 = ORIENTED_EDGE('',*,*,#8987,.F.);
#8987 = EDGE_CURVE('',#8022,#8979,#8988,.T.);
#8988 = LINE('',#8989,#8990);
#8989 = CARTESIAN_POINT('',(-0.635,5.E-02,6.771820126508E-15));
#8990 = VECTOR('',#8991,1.);
#8991 = DIRECTION('',(1.066428366379E-14,-0.,1.));
#8992 = ORIENTED_EDGE('',*,*,#8021,.T.);
#8993 = ORIENTED_EDGE('',*,*,#8994,.F.);
#8994 = EDGE_CURVE('',#8995,#8014,#8997,.T.);
#8995 = VERTEX_POINT('',#8996);
#8996 = CARTESIAN_POINT('',(-0.365,5.E-02,-1.195));
#8997 = LINE('',#8998,#8999);
#8998 = CARTESIAN_POINT('',(-0.365,5.E-02,3.957337929572E-15));
#8999 = VECTOR('',#9000,1.);
#9000 = DIRECTION('',(-1.084202172486E-14,0.,-1.));
#9001 = ORIENTED_EDGE('',*,*,#9002,.F.);
#9002 = EDGE_CURVE('',#9003,#8995,#9005,.T.);
#9003 = VERTEX_POINT('',#9004);
#9004 = CARTESIAN_POINT('',(-0.135,5.E-02,-1.195));
#9005 = CIRCLE('',#9006,0.115);
#9006 = AXIS2_PLACEMENT_3D('',#9007,#9008,#9009);
#9007 = CARTESIAN_POINT('',(-0.25,5.E-02,-1.195));
#9008 = DIRECTION('',(0.,-1.,0.));
#9009 = DIRECTION('',(0.,0.,1.));
#9010 = ORIENTED_EDGE('',*,*,#9011,.F.);
#9011 = EDGE_CURVE('',#7942,#9003,#9012,.T.);
#9012 = LINE('',#9013,#9014);
#9013 = CARTESIAN_POINT('',(-0.135,5.E-02,1.439678294612E-15));
#9014 = VECTOR('',#9015,1.);
#9015 = DIRECTION('',(1.066428366379E-14,-0.,1.));
#9016 = ORIENTED_EDGE('',*,*,#7941,.T.);
#9017 = PLANE('',#9018);
#9018 = AXIS2_PLACEMENT_3D('',#9019,#9020,#9021);
#9019 = CARTESIAN_POINT('',(0.,5.E-02,0.));
#9020 = DIRECTION('',(0.,1.,0.));
#9021 = DIRECTION('',(0.,-0.,1.));
#9022 = ADVANCED_FACE('',(#9023),#9048,.T.);
#9023 = FACE_BOUND('',#9024,.T.);
#9024 = EDGE_LOOP('',(#9025,#9035,#9041,#9042));
#9025 = ORIENTED_EDGE('',*,*,#9026,.T.);
#9026 = EDGE_CURVE('',#9027,#9029,#9031,.T.);
#9027 = VERTEX_POINT('',#9028);
#9028 = CARTESIAN_POINT('',(-0.135,0.2,-1.375));
#9029 = VERTEX_POINT('',#9030);
#9030 = CARTESIAN_POINT('',(0.135,0.2,-1.375));
#9031 = LINE('',#9032,#9033);
#9032 = CARTESIAN_POINT('',(1.028223304703,0.2,-1.375));
#9033 = VECTOR('',#9034,1.);
#9034 = DIRECTION('',(1.,0.,0.));
#9035 = ORIENTED_EDGE('',*,*,#9036,.F.);
#9036 = EDGE_CURVE('',#7926,#9029,#9037,.T.);
#9037 = LINE('',#9038,#9039);
#9038 = CARTESIAN_POINT('',(0.135,0.2,-1.5));
#9039 = VECTOR('',#9040,1.);
#9040 = DIRECTION('',(1.066428366379E-14,0.,1.));
#9041 = ORIENTED_EDGE('',*,*,#7923,.F.);
#9042 = ORIENTED_EDGE('',*,*,#9043,.F.);
#9043 = EDGE_CURVE('',#9027,#7924,#9044,.T.);
#9044 = LINE('',#9045,#9046);
#9045 = CARTESIAN_POINT('',(-0.135,0.2,-1.5));
#9046 = VECTOR('',#9047,1.);
#9047 = DIRECTION('',(-1.066428366379E-14,-0.,-1.));
#9048 = PLANE('',#9049);
#9049 = AXIS2_PLACEMENT_3D('',#9050,#9051,#9052);
#9050 = CARTESIAN_POINT('',(0.,0.2,0.));
#9051 = DIRECTION('',(0.,1.,0.));
#9052 = DIRECTION('',(0.,-0.,1.));
#9053 = ADVANCED_FACE('',(#9054),#9079,.T.);
#9054 = FACE_BOUND('',#9055,.T.);
#9055 = EDGE_LOOP('',(#9056,#9057,#9065,#9073));
#9056 = ORIENTED_EDGE('',*,*,#7981,.F.);
#9057 = ORIENTED_EDGE('',*,*,#9058,.F.);
#9058 = EDGE_CURVE('',#9059,#7974,#9061,.T.);
#9059 = VERTEX_POINT('',#9060);
#9060 = CARTESIAN_POINT('',(0.365,0.2,-1.375));
#9061 = LINE('',#9062,#9063);
#9062 = CARTESIAN_POINT('',(0.365,0.2,-1.5));
#9063 = VECTOR('',#9064,1.);
#9064 = DIRECTION('',(-1.084202172486E-14,-0.,-1.));
#9065 = ORIENTED_EDGE('',*,*,#9066,.T.);
#9066 = EDGE_CURVE('',#9059,#9067,#9069,.T.);
#9067 = VERTEX_POINT('',#9068);
#9068 = CARTESIAN_POINT('',(0.635,0.2,-1.375));
#9069 = LINE('',#9070,#9071);
#9070 = CARTESIAN_POINT('',(1.028223304703,0.2,-1.375));
#9071 = VECTOR('',#9072,1.);
#9072 = DIRECTION('',(1.,0.,0.));
#9073 = ORIENTED_EDGE('',*,*,#9074,.F.);
#9074 = EDGE_CURVE('',#7982,#9067,#9075,.T.);
#9075 = LINE('',#9076,#9077);
#9076 = CARTESIAN_POINT('',(0.635,0.2,-1.5));
#9077 = VECTOR('',#9078,1.);
#9078 = DIRECTION('',(1.066428366379E-14,0.,1.));
#9079 = PLANE('',#9080);
#9080 = AXIS2_PLACEMENT_3D('',#9081,#9082,#9083);
#9081 = CARTESIAN_POINT('',(0.,0.2,0.));
#9082 = DIRECTION('',(0.,1.,0.));
#9083 = DIRECTION('',(0.,-0.,1.));
#9084 = ADVANCED_FACE('',(#9085),#9110,.T.);
#9085 = FACE_BOUND('',#9086,.T.);
#9086 = EDGE_LOOP('',(#9087,#9097,#9103,#9104));
#9087 = ORIENTED_EDGE('',*,*,#9088,.T.);
#9088 = EDGE_CURVE('',#9089,#9091,#9093,.T.);
#9089 = VERTEX_POINT('',#9090);
#9090 = CARTESIAN_POINT('',(-0.635,0.2,-1.375));
#9091 = VERTEX_POINT('',#9092);
#9092 = CARTESIAN_POINT('',(-0.365,0.2,-1.375));
#9093 = LINE('',#9094,#9095);
#9094 = CARTESIAN_POINT('',(1.028223304703,0.2,-1.375));
#9095 = VECTOR('',#9096,1.);
#9096 = DIRECTION('',(1.,0.,0.));
#9097 = ORIENTED_EDGE('',*,*,#9098,.F.);
#9098 = EDGE_CURVE('',#8006,#9091,#9099,.T.);
#9099 = LINE('',#9100,#9101);
#9100 = CARTESIAN_POINT('',(-0.365,0.2,-1.5));
#9101 = VECTOR('',#9102,1.);
#9102 = DIRECTION('',(1.084202172486E-14,0.,1.));
#9103 = ORIENTED_EDGE('',*,*,#8003,.F.);
#9104 = ORIENTED_EDGE('',*,*,#9105,.F.);
#9105 = EDGE_CURVE('',#9089,#8004,#9106,.T.);
#9106 = LINE('',#9107,#9108);
#9107 = CARTESIAN_POINT('',(-0.635,0.2,-1.5));
#9108 = VECTOR('',#9109,1.);
#9109 = DIRECTION('',(-1.066428366379E-14,-0.,-1.));
#9110 = PLANE('',#9111);
#9111 = AXIS2_PLACEMENT_3D('',#9112,#9113,#9114);
#9112 = CARTESIAN_POINT('',(0.,0.2,0.));
#9113 = DIRECTION('',(0.,1.,0.));
#9114 = DIRECTION('',(0.,-0.,1.));
#9115 = ADVANCED_FACE('',(#9116),#9164,.T.);
#9116 = FACE_BOUND('',#9117,.T.);
#9117 = EDGE_LOOP('',(#9118,#9128,#9134,#9135,#9141,#9142,#9150,#9158));
#9118 = ORIENTED_EDGE('',*,*,#9119,.T.);
#9119 = EDGE_CURVE('',#9120,#9122,#9124,.T.);
#9120 = VERTEX_POINT('',#9121);
#9121 = CARTESIAN_POINT('',(-1.028223304703,0.2,-1.375));
#9122 = VERTEX_POINT('',#9123);
#9123 = CARTESIAN_POINT('',(-0.865,0.2,-1.375));
#9124 = LINE('',#9125,#9126);
#9125 = CARTESIAN_POINT('',(1.028223304703,0.2,-1.375));
#9126 = VECTOR('',#9127,1.);
#9127 = DIRECTION('',(1.,0.,0.));
#9128 = ORIENTED_EDGE('',*,*,#9129,.F.);
#9129 = EDGE_CURVE('',#8046,#9122,#9130,.T.);
#9130 = LINE('',#9131,#9132);
#9131 = CARTESIAN_POINT('',(-0.865,0.2,-1.5));
#9132 = VECTOR('',#9133,1.);
#9133 = DIRECTION('',(1.066428366379E-14,0.,1.));
#9134 = ORIENTED_EDGE('',*,*,#8043,.F.);
#9135 = ORIENTED_EDGE('',*,*,#9136,.F.);
#9136 = EDGE_CURVE('',#7902,#8044,#9137,.T.);
#9137 = LINE('',#9138,#9139);
#9138 = CARTESIAN_POINT('',(-1.08,0.2,-1.5));
#9139 = VECTOR('',#9140,1.);
#9140 = DIRECTION('',(0.707106781187,0.,-0.707106781187));
#9141 = ORIENTED_EDGE('',*,*,#7901,.F.);
#9142 = ORIENTED_EDGE('',*,*,#9143,.F.);
#9143 = EDGE_CURVE('',#9144,#7894,#9146,.T.);
#9144 = VERTEX_POINT('',#9145);
#9145 = CARTESIAN_POINT('',(-1.375,0.2,-0.865));
#9146 = LINE('',#9147,#9148);
#9147 = CARTESIAN_POINT('',(-1.5,0.2,-0.865));
#9148 = VECTOR('',#9149,1.);
#9149 = DIRECTION('',(-1.,-0.,-4.123523016666E-14));
#9150 = ORIENTED_EDGE('',*,*,#9151,.T.);
#9151 = EDGE_CURVE('',#9144,#9152,#9154,.T.);
#9152 = VERTEX_POINT('',#9153);
#9153 = CARTESIAN_POINT('',(-1.375,0.2,-1.028223304703));
#9154 = LINE('',#9155,#9156);
#9155 = CARTESIAN_POINT('',(-1.375,0.2,-1.028223304703));
#9156 = VECTOR('',#9157,1.);
#9157 = DIRECTION('',(0.,0.,-1.));
#9158 = ORIENTED_EDGE('',*,*,#9159,.T.);
#9159 = EDGE_CURVE('',#9152,#9120,#9160,.T.);
#9160 = LINE('',#9161,#9162);
#9161 = CARTESIAN_POINT('',(-1.028223304703,0.2,-1.375));
#9162 = VECTOR('',#9163,1.);
#9163 = DIRECTION('',(0.707106781187,0.,-0.707106781187));
#9164 = PLANE('',#9165);
#9165 = AXIS2_PLACEMENT_3D('',#9166,#9167,#9168);
#9166 = CARTESIAN_POINT('',(0.,0.2,0.));
#9167 = DIRECTION('',(0.,1.,0.));
#9168 = DIRECTION('',(0.,-0.,1.));
#9169 = ADVANCED_FACE('',(#9170),#9195,.T.);
#9170 = FACE_BOUND('',#9171,.T.);
#9171 = EDGE_LOOP('',(#9172,#9182,#9188,#9189));
#9172 = ORIENTED_EDGE('',*,*,#9173,.T.);
#9173 = EDGE_CURVE('',#9174,#9176,#9178,.T.);
#9174 = VERTEX_POINT('',#9175);
#9175 = CARTESIAN_POINT('',(1.375,0.2,0.365));
#9176 = VERTEX_POINT('',#9177);
#9177 = CARTESIAN_POINT('',(1.375,0.2,0.635));
#9178 = LINE('',#9179,#9180);
#9179 = CARTESIAN_POINT('',(1.375,0.2,1.028223304703));
#9180 = VECTOR('',#9181,1.);
#9181 = DIRECTION('',(0.,0.,1.));
#9182 = ORIENTED_EDGE('',*,*,#9183,.F.);
#9183 = EDGE_CURVE('',#8126,#9176,#9184,.T.);
#9184 = LINE('',#9185,#9186);
#9185 = CARTESIAN_POINT('',(1.5,0.2,0.635));
#9186 = VECTOR('',#9187,1.);
#9187 = DIRECTION('',(-1.,0.,1.066428366379E-14));
#9188 = ORIENTED_EDGE('',*,*,#8123,.F.);
#9189 = ORIENTED_EDGE('',*,*,#9190,.F.);
#9190 = EDGE_CURVE('',#9174,#8124,#9191,.T.);
#9191 = LINE('',#9192,#9193);
#9192 = CARTESIAN_POINT('',(1.5,0.2,0.365));
#9193 = VECTOR('',#9194,1.);
#9194 = DIRECTION('',(1.,-0.,-1.066428366379E-14));
#9195 = PLANE('',#9196);
#9196 = AXIS2_PLACEMENT_3D('',#9197,#9198,#9199);
#9197 = CARTESIAN_POINT('',(0.,0.2,0.));
#9198 = DIRECTION('',(0.,1.,0.));
#9199 = DIRECTION('',(0.,-0.,1.));
#9200 = ADVANCED_FACE('',(#9201),#9249,.T.);
#9201 = FACE_BOUND('',#9202,.T.);
#9202 = EDGE_LOOP('',(#9203,#9204,#9212,#9220,#9228,#9236,#9242,#9243));
#9203 = ORIENTED_EDGE('',*,*,#8181,.F.);
#9204 = ORIENTED_EDGE('',*,*,#9205,.F.);
#9205 = EDGE_CURVE('',#9206,#8174,#9208,.T.);
#9206 = VERTEX_POINT('',#9207);
#9207 = CARTESIAN_POINT('',(1.375,0.2,0.865));
#9208 = LINE('',#9209,#9210);
#9209 = CARTESIAN_POINT('',(1.5,0.2,0.865));
#9210 = VECTOR('',#9211,1.);
#9211 = DIRECTION('',(1.,-0.,-1.101975978592E-14));
#9212 = ORIENTED_EDGE('',*,*,#9213,.T.);
#9213 = EDGE_CURVE('',#9206,#9214,#9216,.T.);
#9214 = VERTEX_POINT('',#9215);
#9215 = CARTESIAN_POINT('',(1.375,0.2,1.028223304703));
#9216 = LINE('',#9217,#9218);
#9217 = CARTESIAN_POINT('',(1.375,0.2,1.028223304703));
#9218 = VECTOR('',#9219,1.);
#9219 = DIRECTION('',(0.,0.,1.));
#9220 = ORIENTED_EDGE('',*,*,#9221,.T.);
#9221 = EDGE_CURVE('',#9214,#9222,#9224,.T.);
#9222 = VERTEX_POINT('',#9223);
#9223 = CARTESIAN_POINT('',(1.028223304703,0.2,1.375));
#9224 = LINE('',#9225,#9226);
#9225 = CARTESIAN_POINT('',(1.028223304703,0.2,1.375));
#9226 = VECTOR('',#9227,1.);
#9227 = DIRECTION('',(-0.707106781187,0.,0.707106781187));
#9228 = ORIENTED_EDGE('',*,*,#9229,.T.);
#9229 = EDGE_CURVE('',#9222,#9230,#9232,.T.);
#9230 = VERTEX_POINT('',#9231);
#9231 = CARTESIAN_POINT('',(0.865,0.2,1.375));
#9232 = LINE('',#9233,#9234);
#9233 = CARTESIAN_POINT('',(-1.028223304703,0.2,1.375));
#9234 = VECTOR('',#9235,1.);
#9235 = DIRECTION('',(-1.,0.,-0.));
#9236 = ORIENTED_EDGE('',*,*,#9237,.F.);
#9237 = EDGE_CURVE('',#8446,#9230,#9238,.T.);
#9238 = LINE('',#9239,#9240);
#9239 = CARTESIAN_POINT('',(0.865,0.2,1.5));
#9240 = VECTOR('',#9241,1.);
#9241 = DIRECTION('',(-1.101975978592E-14,0.,-1.));
#9242 = ORIENTED_EDGE('',*,*,#8443,.F.);
#9243 = ORIENTED_EDGE('',*,*,#9244,.F.);
#9244 = EDGE_CURVE('',#8182,#8444,#9245,.T.);
#9245 = LINE('',#9246,#9247);
#9246 = CARTESIAN_POINT('',(1.08,0.2,1.5));
#9247 = VECTOR('',#9248,1.);
#9248 = DIRECTION('',(-0.707106781187,0.,0.707106781187));
#9249 = PLANE('',#9250);
#9250 = AXIS2_PLACEMENT_3D('',#9251,#9252,#9253);
#9251 = CARTESIAN_POINT('',(0.,0.2,0.));
#9252 = DIRECTION('',(0.,1.,0.));
#9253 = DIRECTION('',(0.,-0.,1.));
#9254 = ADVANCED_FACE('',(#9255),#9280,.T.);
#9255 = FACE_BOUND('',#9256,.T.);
#9256 = EDGE_LOOP('',(#9257,#9267,#9273,#9274));
#9257 = ORIENTED_EDGE('',*,*,#9258,.T.);
#9258 = EDGE_CURVE('',#9259,#9261,#9263,.T.);
#9259 = VERTEX_POINT('',#9260);
#9260 = CARTESIAN_POINT('',(-1.375,0.2,0.135));
#9261 = VERTEX_POINT('',#9262);
#9262 = CARTESIAN_POINT('',(-1.375,0.2,-0.135));
#9263 = LINE('',#9264,#9265);
#9264 = CARTESIAN_POINT('',(-1.375,0.2,-1.028223304703));
#9265 = VECTOR('',#9266,1.);
#9266 = DIRECTION('',(0.,0.,-1.));
#9267 = ORIENTED_EDGE('',*,*,#9268,.F.);
#9268 = EDGE_CURVE('',#7726,#9261,#9269,.T.);
#9269 = LINE('',#9270,#9271);
#9270 = CARTESIAN_POINT('',(-1.5,0.2,-0.135));
#9271 = VECTOR('',#9272,1.);
#9272 = DIRECTION('',(1.,0.,3.554761221264E-16));
#9273 = ORIENTED_EDGE('',*,*,#7723,.F.);
#9274 = ORIENTED_EDGE('',*,*,#9275,.F.);
#9275 = EDGE_CURVE('',#9259,#7724,#9276,.T.);
#9276 = LINE('',#9277,#9278);
#9277 = CARTESIAN_POINT('',(-1.5,0.2,0.135));
#9278 = VECTOR('',#9279,1.);
#9279 = DIRECTION('',(-1.,-0.,-0.));
#9280 = PLANE('',#9281);
#9281 = AXIS2_PLACEMENT_3D('',#9282,#9283,#9284);
#9282 = CARTESIAN_POINT('',(0.,0.2,0.));
#9283 = DIRECTION('',(0.,1.,0.));
#9284 = DIRECTION('',(0.,-0.,1.));
#9285 = ADVANCED_FACE('',(#9286),#9311,.T.);
#9286 = FACE_BOUND('',#9287,.T.);
#9287 = EDGE_LOOP('',(#9288,#9289,#9297,#9305));
#9288 = ORIENTED_EDGE('',*,*,#7781,.F.);
#9289 = ORIENTED_EDGE('',*,*,#9290,.F.);
#9290 = EDGE_CURVE('',#9291,#7774,#9293,.T.);
#9291 = VERTEX_POINT('',#9292);
#9292 = CARTESIAN_POINT('',(-1.375,0.2,-0.365));
#9293 = LINE('',#9294,#9295);
#9294 = CARTESIAN_POINT('',(-1.5,0.2,-0.365));
#9295 = VECTOR('',#9296,1.);
#9296 = DIRECTION('',(-1.,-0.,-0.));
#9297 = ORIENTED_EDGE('',*,*,#9298,.T.);
#9298 = EDGE_CURVE('',#9291,#9299,#9301,.T.);
#9299 = VERTEX_POINT('',#9300);
#9300 = CARTESIAN_POINT('',(-1.375,0.2,-0.635));
#9301 = LINE('',#9302,#9303);
#9302 = CARTESIAN_POINT('',(-1.375,0.2,-1.028223304703));
#9303 = VECTOR('',#9304,1.);
#9304 = DIRECTION('',(0.,0.,-1.));
#9305 = ORIENTED_EDGE('',*,*,#9306,.F.);
#9306 = EDGE_CURVE('',#7782,#9299,#9307,.T.);
#9307 = LINE('',#9308,#9309);
#9308 = CARTESIAN_POINT('',(-1.5,0.2,-0.635));
#9309 = VECTOR('',#9310,1.);
#9310 = DIRECTION('',(1.,0.,4.087975404454E-14));
#9311 = PLANE('',#9312);
#9312 = AXIS2_PLACEMENT_3D('',#9313,#9314,#9315);
#9313 = CARTESIAN_POINT('',(0.,0.2,0.));
#9314 = DIRECTION('',(0.,1.,0.));
#9315 = DIRECTION('',(0.,-0.,1.));
#9316 = ADVANCED_FACE('',(#9317),#9342,.T.);
#9317 = FACE_BOUND('',#9318,.T.);
#9318 = EDGE_LOOP('',(#9319,#9329,#9335,#9336));
#9319 = ORIENTED_EDGE('',*,*,#9320,.T.);
#9320 = EDGE_CURVE('',#9321,#9323,#9325,.T.);
#9321 = VERTEX_POINT('',#9322);
#9322 = CARTESIAN_POINT('',(-1.375,0.2,0.635));
#9323 = VERTEX_POINT('',#9324);
#9324 = CARTESIAN_POINT('',(-1.375,0.2,0.365));
#9325 = LINE('',#9326,#9327);
#9326 = CARTESIAN_POINT('',(-1.375,0.2,-1.028223304703));
#9327 = VECTOR('',#9328,1.);
#9328 = DIRECTION('',(0.,0.,-1.));
#9329 = ORIENTED_EDGE('',*,*,#9330,.F.);
#9330 = EDGE_CURVE('',#7806,#9323,#9331,.T.);
#9331 = LINE('',#9332,#9333);
#9332 = CARTESIAN_POINT('',(-1.5,0.2,0.365));
#9333 = VECTOR('',#9334,1.);
#9334 = DIRECTION('',(1.,0.,3.554761221264E-16));
#9335 = ORIENTED_EDGE('',*,*,#7803,.F.);
#9336 = ORIENTED_EDGE('',*,*,#9337,.F.);
#9337 = EDGE_CURVE('',#9321,#7804,#9338,.T.);
#9338 = LINE('',#9339,#9340);
#9339 = CARTESIAN_POINT('',(-1.5,0.2,0.635));
#9340 = VECTOR('',#9341,1.);
#9341 = DIRECTION('',(-1.,-0.,-0.));
#9342 = PLANE('',#9343);
#9343 = AXIS2_PLACEMENT_3D('',#9344,#9345,#9346);
#9344 = CARTESIAN_POINT('',(0.,0.2,0.));
#9345 = DIRECTION('',(0.,1.,0.));
#9346 = DIRECTION('',(0.,-0.,1.));
#9347 = ADVANCED_FACE('',(#9348),#9396,.T.);
#9348 = FACE_BOUND('',#9349,.T.);
#9349 = EDGE_LOOP('',(#9350,#9360,#9366,#9367,#9373,#9374,#9382,#9390));
#9350 = ORIENTED_EDGE('',*,*,#9351,.T.);
#9351 = EDGE_CURVE('',#9352,#9354,#9356,.T.);
#9352 = VERTEX_POINT('',#9353);
#9353 = CARTESIAN_POINT('',(-1.375,0.2,1.028223304703));
#9354 = VERTEX_POINT('',#9355);
#9355 = CARTESIAN_POINT('',(-1.375,0.2,0.865));
#9356 = LINE('',#9357,#9358);
#9357 = CARTESIAN_POINT('',(-1.375,0.2,-1.028223304703));
#9358 = VECTOR('',#9359,1.);
#9359 = DIRECTION('',(0.,0.,-1.));
#9360 = ORIENTED_EDGE('',*,*,#9361,.F.);
#9361 = EDGE_CURVE('',#7846,#9354,#9362,.T.);
#9362 = LINE('',#9363,#9364);
#9363 = CARTESIAN_POINT('',(-1.5,0.2,0.865));
#9364 = VECTOR('',#9365,1.);
#9365 = DIRECTION('',(1.,0.,3.554761221264E-16));
#9366 = ORIENTED_EDGE('',*,*,#7843,.F.);
#9367 = ORIENTED_EDGE('',*,*,#9368,.F.);
#9368 = EDGE_CURVE('',#8502,#7844,#9369,.T.);
#9369 = LINE('',#9370,#9371);
#9370 = CARTESIAN_POINT('',(-1.5,0.2,1.08));
#9371 = VECTOR('',#9372,1.);
#9372 = DIRECTION('',(-0.707106781187,0.,-0.707106781187));
#9373 = ORIENTED_EDGE('',*,*,#8501,.F.);
#9374 = ORIENTED_EDGE('',*,*,#9375,.F.);
#9375 = EDGE_CURVE('',#9376,#8494,#9378,.T.);
#9376 = VERTEX_POINT('',#9377);
#9377 = CARTESIAN_POINT('',(-0.865,0.2,1.375));
#9378 = LINE('',#9379,#9380);
#9379 = CARTESIAN_POINT('',(-0.865,0.2,1.5));
#9380 = VECTOR('',#9381,1.);
#9381 = DIRECTION('',(1.101975978592E-14,-0.,1.));
#9382 = ORIENTED_EDGE('',*,*,#9383,.T.);
#9383 = EDGE_CURVE('',#9376,#9384,#9386,.T.);
#9384 = VERTEX_POINT('',#9385);
#9385 = CARTESIAN_POINT('',(-1.028223304703,0.2,1.375));
#9386 = LINE('',#9387,#9388);
#9387 = CARTESIAN_POINT('',(-1.028223304703,0.2,1.375));
#9388 = VECTOR('',#9389,1.);
#9389 = DIRECTION('',(-1.,0.,-0.));
#9390 = ORIENTED_EDGE('',*,*,#9391,.T.);
#9391 = EDGE_CURVE('',#9384,#9352,#9392,.T.);
#9392 = LINE('',#9393,#9394);
#9393 = CARTESIAN_POINT('',(-1.375,0.2,1.028223304703));
#9394 = VECTOR('',#9395,1.);
#9395 = DIRECTION('',(-0.707106781187,0.,-0.707106781187));
#9396 = PLANE('',#9397);
#9397 = AXIS2_PLACEMENT_3D('',#9398,#9399,#9400);
#9398 = CARTESIAN_POINT('',(0.,0.2,0.));
#9399 = DIRECTION('',(0.,1.,0.));
#9400 = DIRECTION('',(0.,-0.,1.));
#9401 = ADVANCED_FACE('',(#9402),#9450,.T.);
#9402 = FACE_BOUND('',#9403,.T.);
#9403 = EDGE_LOOP('',(#9404,#9405,#9413,#9421,#9429,#9437,#9443,#9444));
#9404 = ORIENTED_EDGE('',*,*,#8101,.F.);
#9405 = ORIENTED_EDGE('',*,*,#9406,.F.);
#9406 = EDGE_CURVE('',#9407,#8094,#9409,.T.);
#9407 = VERTEX_POINT('',#9408);
#9408 = CARTESIAN_POINT('',(0.865,0.2,-1.375));
#9409 = LINE('',#9410,#9411);
#9410 = CARTESIAN_POINT('',(0.865,0.2,-1.5));
#9411 = VECTOR('',#9412,1.);
#9412 = DIRECTION('',(-1.101975978592E-14,-0.,-1.));
#9413 = ORIENTED_EDGE('',*,*,#9414,.T.);
#9414 = EDGE_CURVE('',#9407,#9415,#9417,.T.);
#9415 = VERTEX_POINT('',#9416);
#9416 = CARTESIAN_POINT('',(1.028223304703,0.2,-1.375));
#9417 = LINE('',#9418,#9419);
#9418 = CARTESIAN_POINT('',(1.028223304703,0.2,-1.375));
#9419 = VECTOR('',#9420,1.);
#9420 = DIRECTION('',(1.,0.,0.));
#9421 = ORIENTED_EDGE('',*,*,#9422,.T.);
#9422 = EDGE_CURVE('',#9415,#9423,#9425,.T.);
#9423 = VERTEX_POINT('',#9424);
#9424 = CARTESIAN_POINT('',(1.375,0.2,-1.028223304703));
#9425 = LINE('',#9426,#9427);
#9426 = CARTESIAN_POINT('',(1.375,0.2,-1.028223304703));
#9427 = VECTOR('',#9428,1.);
#9428 = DIRECTION('',(0.707106781187,-0.,0.707106781187));
#9429 = ORIENTED_EDGE('',*,*,#9430,.T.);
#9430 = EDGE_CURVE('',#9423,#9431,#9433,.T.);
#9431 = VERTEX_POINT('',#9432);
#9432 = CARTESIAN_POINT('',(1.375,0.2,-0.865));
#9433 = LINE('',#9434,#9435);
#9434 = CARTESIAN_POINT('',(1.375,0.2,1.028223304703));
#9435 = VECTOR('',#9436,1.);
#9436 = DIRECTION('',(0.,0.,1.));
#9437 = ORIENTED_EDGE('',*,*,#9438,.F.);
#9438 = EDGE_CURVE('',#8286,#9431,#9439,.T.);
#9439 = LINE('',#9440,#9441);
#9440 = CARTESIAN_POINT('',(1.5,0.2,-0.865));
#9441 = VECTOR('',#9442,1.);
#9442 = DIRECTION('',(-1.,0.,1.137523590804E-14));
#9443 = ORIENTED_EDGE('',*,*,#8283,.F.);
#9444 = ORIENTED_EDGE('',*,*,#9445,.F.);
#9445 = EDGE_CURVE('',#8102,#8284,#9446,.T.);
#9446 = LINE('',#9447,#9448);
#9447 = CARTESIAN_POINT('',(1.5,0.2,-1.08));
#9448 = VECTOR('',#9449,1.);
#9449 = DIRECTION('',(0.707106781187,-0.,0.707106781187));
#9450 = PLANE('',#9451);
#9451 = AXIS2_PLACEMENT_3D('',#9452,#9453,#9454);
#9452 = CARTESIAN_POINT('',(0.,0.2,0.));
#9453 = DIRECTION('',(0.,1.,0.));
#9454 = DIRECTION('',(0.,-0.,1.));
#9455 = ADVANCED_FACE('',(#9456),#9481,.T.);
#9456 = FACE_BOUND('',#9457,.T.);
#9457 = EDGE_LOOP('',(#9458,#9468,#9474,#9475));
#9458 = ORIENTED_EDGE('',*,*,#9459,.T.);
#9459 = EDGE_CURVE('',#9460,#9462,#9464,.T.);
#9460 = VERTEX_POINT('',#9461);
#9461 = CARTESIAN_POINT('',(0.135,0.2,1.375));
#9462 = VERTEX_POINT('',#9463);
#9463 = CARTESIAN_POINT('',(-0.135,0.2,1.375));
#9464 = LINE('',#9465,#9466);
#9465 = CARTESIAN_POINT('',(-1.028223304703,0.2,1.375));
#9466 = VECTOR('',#9467,1.);
#9467 = DIRECTION('',(-1.,0.,-0.));
#9468 = ORIENTED_EDGE('',*,*,#9469,.F.);
#9469 = EDGE_CURVE('',#8326,#9462,#9470,.T.);
#9470 = LINE('',#9471,#9472);
#9471 = CARTESIAN_POINT('',(-0.135,0.2,1.5));
#9472 = VECTOR('',#9473,1.);
#9473 = DIRECTION('',(-1.084202172486E-14,0.,-1.));
#9474 = ORIENTED_EDGE('',*,*,#8323,.F.);
#9475 = ORIENTED_EDGE('',*,*,#9476,.F.);
#9476 = EDGE_CURVE('',#9460,#8324,#9477,.T.);
#9477 = LINE('',#9478,#9479);
#9478 = CARTESIAN_POINT('',(0.135,0.2,1.5));
#9479 = VECTOR('',#9480,1.);
#9480 = DIRECTION('',(1.084202172486E-14,-0.,1.));
#9481 = PLANE('',#9482);
#9482 = AXIS2_PLACEMENT_3D('',#9483,#9484,#9485);
#9483 = CARTESIAN_POINT('',(0.,0.2,0.));
#9484 = DIRECTION('',(0.,1.,0.));
#9485 = DIRECTION('',(0.,-0.,1.));
#9486 = ADVANCED_FACE('',(#9487),#9512,.T.);
#9487 = FACE_BOUND('',#9488,.T.);
#9488 = EDGE_LOOP('',(#9489,#9490,#9498,#9506));
#9489 = ORIENTED_EDGE('',*,*,#8381,.F.);
#9490 = ORIENTED_EDGE('',*,*,#9491,.F.);
#9491 = EDGE_CURVE('',#9492,#8374,#9494,.T.);
#9492 = VERTEX_POINT('',#9493);
#9493 = CARTESIAN_POINT('',(-0.365,0.2,1.375));
#9494 = LINE('',#9495,#9496);
#9495 = CARTESIAN_POINT('',(-0.365,0.2,1.5));
#9496 = VECTOR('',#9497,1.);
#9497 = DIRECTION('',(1.084202172486E-14,-0.,1.));
#9498 = ORIENTED_EDGE('',*,*,#9499,.T.);
#9499 = EDGE_CURVE('',#9492,#9500,#9502,.T.);
#9500 = VERTEX_POINT('',#9501);
#9501 = CARTESIAN_POINT('',(-0.635,0.2,1.375));
#9502 = LINE('',#9503,#9504);
#9503 = CARTESIAN_POINT('',(-1.028223304703,0.2,1.375));
#9504 = VECTOR('',#9505,1.);
#9505 = DIRECTION('',(-1.,0.,-0.));
#9506 = ORIENTED_EDGE('',*,*,#9507,.F.);
#9507 = EDGE_CURVE('',#8382,#9500,#9508,.T.);
#9508 = LINE('',#9509,#9510);
#9509 = CARTESIAN_POINT('',(-0.635,0.2,1.5));
#9510 = VECTOR('',#9511,1.);
#9511 = DIRECTION('',(-1.101975978592E-14,0.,-1.));
#9512 = PLANE('',#9513);
#9513 = AXIS2_PLACEMENT_3D('',#9514,#9515,#9516);
#9514 = CARTESIAN_POINT('',(0.,0.2,0.));
#9515 = DIRECTION('',(0.,1.,0.));
#9516 = DIRECTION('',(0.,-0.,1.));
#9517 = ADVANCED_FACE('',(#9518),#9543,.T.);
#9518 = FACE_BOUND('',#9519,.T.);
#9519 = EDGE_LOOP('',(#9520,#9530,#9536,#9537));
#9520 = ORIENTED_EDGE('',*,*,#9521,.T.);
#9521 = EDGE_CURVE('',#9522,#9524,#9526,.T.);
#9522 = VERTEX_POINT('',#9523);
#9523 = CARTESIAN_POINT('',(0.635,0.2,1.375));
#9524 = VERTEX_POINT('',#9525);
#9525 = CARTESIAN_POINT('',(0.365,0.2,1.375));
#9526 = LINE('',#9527,#9528);
#9527 = CARTESIAN_POINT('',(-1.028223304703,0.2,1.375));
#9528 = VECTOR('',#9529,1.);
#9529 = DIRECTION('',(-1.,0.,-0.));
#9530 = ORIENTED_EDGE('',*,*,#9531,.F.);
#9531 = EDGE_CURVE('',#8406,#9524,#9532,.T.);
#9532 = LINE('',#9533,#9534);
#9533 = CARTESIAN_POINT('',(0.365,0.2,1.5));
#9534 = VECTOR('',#9535,1.);
#9535 = DIRECTION('',(-1.084202172486E-14,0.,-1.));
#9536 = ORIENTED_EDGE('',*,*,#8403,.F.);
#9537 = ORIENTED_EDGE('',*,*,#9538,.F.);
#9538 = EDGE_CURVE('',#9522,#8404,#9539,.T.);
#9539 = LINE('',#9540,#9541);
#9540 = CARTESIAN_POINT('',(0.635,0.2,1.5));
#9541 = VECTOR('',#9542,1.);
#9542 = DIRECTION('',(1.101975978592E-14,-0.,1.));
#9543 = PLANE('',#9544);
#9544 = AXIS2_PLACEMENT_3D('',#9545,#9546,#9547);
#9545 = CARTESIAN_POINT('',(0.,0.2,0.));
#9546 = DIRECTION('',(0.,1.,0.));
#9547 = DIRECTION('',(0.,-0.,1.));
#9548 = ADVANCED_FACE('',(#9549),#9574,.T.);
#9549 = FACE_BOUND('',#9550,.T.);
#9550 = EDGE_LOOP('',(#9551,#9561,#9567,#9568));
#9551 = ORIENTED_EDGE('',*,*,#9552,.T.);
#9552 = EDGE_CURVE('',#9553,#9555,#9557,.T.);
#9553 = VERTEX_POINT('',#9554);
#9554 = CARTESIAN_POINT('',(1.375,0.2,-0.135));
#9555 = VERTEX_POINT('',#9556);
#9556 = CARTESIAN_POINT('',(1.375,0.2,0.135));
#9557 = LINE('',#9558,#9559);
#9558 = CARTESIAN_POINT('',(1.375,0.2,1.028223304703));
#9559 = VECTOR('',#9560,1.);
#9560 = DIRECTION('',(0.,0.,1.));
#9561 = ORIENTED_EDGE('',*,*,#9562,.F.);
#9562 = EDGE_CURVE('',#8206,#9555,#9563,.T.);
#9563 = LINE('',#9564,#9565);
#9564 = CARTESIAN_POINT('',(1.5,0.2,0.135));
#9565 = VECTOR('',#9566,1.);
#9566 = DIRECTION('',(-1.,0.,1.084202172486E-14));
#9567 = ORIENTED_EDGE('',*,*,#8203,.F.);
#9568 = ORIENTED_EDGE('',*,*,#9569,.F.);
#9569 = EDGE_CURVE('',#9553,#8204,#9570,.T.);
#9570 = LINE('',#9571,#9572);
#9571 = CARTESIAN_POINT('',(1.5,0.2,-0.135));
#9572 = VECTOR('',#9573,1.);
#9573 = DIRECTION('',(1.,-0.,-1.084202172486E-14));
#9574 = PLANE('',#9575);
#9575 = AXIS2_PLACEMENT_3D('',#9576,#9577,#9578);
#9576 = CARTESIAN_POINT('',(0.,0.2,0.));
#9577 = DIRECTION('',(0.,1.,0.));
#9578 = DIRECTION('',(0.,-0.,1.));
#9579 = ADVANCED_FACE('',(#9580),#9605,.T.);
#9580 = FACE_BOUND('',#9581,.T.);
#9581 = EDGE_LOOP('',(#9582,#9592,#9598,#9599));
#9582 = ORIENTED_EDGE('',*,*,#9583,.T.);
#9583 = EDGE_CURVE('',#9584,#9586,#9588,.T.);
#9584 = VERTEX_POINT('',#9585);
#9585 = CARTESIAN_POINT('',(1.375,0.2,-0.635));
#9586 = VERTEX_POINT('',#9587);
#9587 = CARTESIAN_POINT('',(1.375,0.2,-0.365));
#9588 = LINE('',#9589,#9590);
#9589 = CARTESIAN_POINT('',(1.375,0.2,1.028223304703));
#9590 = VECTOR('',#9591,1.);
#9591 = DIRECTION('',(0.,0.,1.));
#9592 = ORIENTED_EDGE('',*,*,#9593,.F.);
#9593 = EDGE_CURVE('',#8246,#9586,#9594,.T.);
#9594 = LINE('',#9595,#9596);
#9595 = CARTESIAN_POINT('',(1.5,0.2,-0.365));
#9596 = VECTOR('',#9597,1.);
#9597 = DIRECTION('',(-1.,0.,1.066428366379E-14));
#9598 = ORIENTED_EDGE('',*,*,#8243,.F.);
#9599 = ORIENTED_EDGE('',*,*,#9600,.F.);
#9600 = EDGE_CURVE('',#9584,#8244,#9601,.T.);
#9601 = LINE('',#9602,#9603);
#9602 = CARTESIAN_POINT('',(1.5,0.2,-0.635));
#9603 = VECTOR('',#9604,1.);
#9604 = DIRECTION('',(1.,-0.,-1.101975978592E-14));
#9605 = PLANE('',#9606);
#9606 = AXIS2_PLACEMENT_3D('',#9607,#9608,#9609);
#9607 = CARTESIAN_POINT('',(0.,0.2,0.));
#9608 = DIRECTION('',(0.,1.,0.));
#9609 = DIRECTION('',(0.,-0.,1.));
#9610 = ADVANCED_FACE('',(#9611),#9617,.T.);
#9611 = FACE_BOUND('',#9612,.T.);
#9612 = EDGE_LOOP('',(#9613,#9614,#9615,#9616));
#9613 = ORIENTED_EDGE('',*,*,#7909,.T.);
#9614 = ORIENTED_EDGE('',*,*,#9136,.T.);
#9615 = ORIENTED_EDGE('',*,*,#8069,.F.);
#9616 = ORIENTED_EDGE('',*,*,#8963,.F.);
#9617 = PLANE('',#9618);
#9618 = AXIS2_PLACEMENT_3D('',#9619,#9620,#9621);
#9619 = CARTESIAN_POINT('',(-1.5,-4.242640687119,-1.08));
#9620 = DIRECTION('',(-0.707106781187,0.,-0.707106781187));
#9621 = DIRECTION('',(-0.707106781187,0.,0.707106781187));
#9622 = ADVANCED_FACE('',(#9623),#9629,.T.);
#9623 = FACE_BOUND('',#9624,.T.);
#9624 = EDGE_LOOP('',(#9625,#9626,#9627,#9628));
#9625 = ORIENTED_EDGE('',*,*,#8109,.T.);
#9626 = ORIENTED_EDGE('',*,*,#9445,.T.);
#9627 = ORIENTED_EDGE('',*,*,#8309,.F.);
#9628 = ORIENTED_EDGE('',*,*,#8658,.F.);
#9629 = PLANE('',#9630);
#9630 = AXIS2_PLACEMENT_3D('',#9631,#9632,#9633);
#9631 = CARTESIAN_POINT('',(1.08,-4.242640687119,-1.5));
#9632 = DIRECTION('',(0.707106781187,0.,-0.707106781187));
#9633 = DIRECTION('',(-0.707106781187,0.,-0.707106781187));
#9634 = ADVANCED_FACE('',(#9635),#9641,.T.);
#9635 = FACE_BOUND('',#9636,.T.);
#9636 = EDGE_LOOP('',(#9637,#9638,#9639,#9640));
#9637 = ORIENTED_EDGE('',*,*,#8189,.T.);
#9638 = ORIENTED_EDGE('',*,*,#9244,.T.);
#9639 = ORIENTED_EDGE('',*,*,#8469,.F.);
#9640 = ORIENTED_EDGE('',*,*,#8761,.F.);
#9641 = PLANE('',#9642);
#9642 = AXIS2_PLACEMENT_3D('',#9643,#9644,#9645);
#9643 = CARTESIAN_POINT('',(1.08,-4.242640687119,1.5));
#9644 = DIRECTION('',(0.707106781187,-0.,0.707106781187));
#9645 = DIRECTION('',(0.707106781187,0.,-0.707106781187));
#9646 = ADVANCED_FACE('',(#9647),#9653,.T.);
#9647 = FACE_BOUND('',#9648,.T.);
#9648 = EDGE_LOOP('',(#9649,#9650,#9651,#9652));
#9649 = ORIENTED_EDGE('',*,*,#8509,.T.);
#9650 = ORIENTED_EDGE('',*,*,#9368,.T.);
#9651 = ORIENTED_EDGE('',*,*,#7869,.F.);
#9652 = ORIENTED_EDGE('',*,*,#8860,.F.);
#9653 = PLANE('',#9654);
#9654 = AXIS2_PLACEMENT_3D('',#9655,#9656,#9657);
#9655 = CARTESIAN_POINT('',(-1.5,-4.242640687119,1.08));
#9656 = DIRECTION('',(-0.707106781187,0.,0.707106781187));
#9657 = DIRECTION('',(0.707106781187,0.,0.707106781187));
#9658 = ADVANCED_FACE('',(#9659,#9669),#9735,.F.);
#9659 = FACE_BOUND('',#9660,.T.);
#9660 = EDGE_LOOP('',(#9661,#9668));
#9661 = ORIENTED_EDGE('',*,*,#9662,.F.);
#9662 = EDGE_CURVE('',#7684,#7692,#9663,.T.);
#9663 = CIRCLE('',#9664,0.2);
#9664 = AXIS2_PLACEMENT_3D('',#9665,#9666,#9667);
#9665 = CARTESIAN_POINT('',(-0.783015151902,0.9,-0.783015151902));
#9666 = DIRECTION('',(0.,1.,0.));
#9667 = DIRECTION('',(0.,-0.,1.));
#9668 = ORIENTED_EDGE('',*,*,#7691,.F.);
#9669 = FACE_BOUND('',#9670,.T.);
#9670 = EDGE_LOOP('',(#9671,#9681,#9689,#9697,#9705,#9713,#9721,#9729));
#9671 = ORIENTED_EDGE('',*,*,#9672,.T.);
#9672 = EDGE_CURVE('',#9673,#9675,#9677,.T.);
#9673 = VERTEX_POINT('',#9674);
#9674 = CARTESIAN_POINT('',(1.233896731992,0.9,0.969776417399));
#9675 = VERTEX_POINT('',#9676);
#9676 = CARTESIAN_POINT('',(1.233896731992,0.9,-0.969776417399));
#9677 = LINE('',#9678,#9679);
#9678 = CARTESIAN_POINT('',(1.233896731992,0.9,-0.997748384906));
#9679 = VECTOR('',#9680,1.);
#9680 = DIRECTION('',(0.,0.,-1.));
#9681 = ORIENTED_EDGE('',*,*,#9682,.T.);
#9682 = EDGE_CURVE('',#9675,#9683,#9685,.T.);
#9683 = VERTEX_POINT('',#9684);
#9684 = CARTESIAN_POINT('',(0.969776417399,0.9,-1.233896731992));
#9685 = LINE('',#9686,#9687);
#9686 = CARTESIAN_POINT('',(0.949997249492,0.9,-1.253675899899));
#9687 = VECTOR('',#9688,1.);
#9688 = DIRECTION('',(-0.707106781187,0.,-0.707106781187));
#9689 = ORIENTED_EDGE('',*,*,#9690,.T.);
#9690 = EDGE_CURVE('',#9683,#9691,#9693,.T.);
#9691 = VERTEX_POINT('',#9692);
#9692 = CARTESIAN_POINT('',(-0.969776417399,0.9,-1.233896731992));
#9693 = LINE('',#9694,#9695);
#9694 = CARTESIAN_POINT('',(-0.997748384906,0.9,-1.233896731992));
#9695 = VECTOR('',#9696,1.);
#9696 = DIRECTION('',(-1.,0.,0.));
#9697 = ORIENTED_EDGE('',*,*,#9698,.T.);
#9698 = EDGE_CURVE('',#9691,#9699,#9701,.T.);
#9699 = VERTEX_POINT('',#9700);
#9700 = CARTESIAN_POINT('',(-1.233896731992,0.9,-0.969776417399));
#9701 = LINE('',#9702,#9703);
#9702 = CARTESIAN_POINT('',(-1.253675899899,0.9,-0.949997249492));
#9703 = VECTOR('',#9704,1.);
#9704 = DIRECTION('',(-0.707106781187,0.,0.707106781187));
#9705 = ORIENTED_EDGE('',*,*,#9706,.T.);
#9706 = EDGE_CURVE('',#9699,#9707,#9709,.T.);
#9707 = VERTEX_POINT('',#9708);
#9708 = CARTESIAN_POINT('',(-1.233896731992,0.9,0.969776417399));
#9709 = LINE('',#9710,#9711);
#9710 = CARTESIAN_POINT('',(-1.233896731992,0.9,0.997748384906));
#9711 = VECTOR('',#9712,1.);
#9712 = DIRECTION('',(0.,0.,1.));
#9713 = ORIENTED_EDGE('',*,*,#9714,.T.);
#9714 = EDGE_CURVE('',#9707,#9715,#9717,.T.);
#9715 = VERTEX_POINT('',#9716);
#9716 = CARTESIAN_POINT('',(-0.969776417399,0.9,1.233896731992));
#9717 = LINE('',#9718,#9719);
#9718 = CARTESIAN_POINT('',(-0.949997249492,0.9,1.253675899899));
#9719 = VECTOR('',#9720,1.);
#9720 = DIRECTION('',(0.707106781187,0.,0.707106781187));
#9721 = ORIENTED_EDGE('',*,*,#9722,.T.);
#9722 = EDGE_CURVE('',#9715,#9723,#9725,.T.);
#9723 = VERTEX_POINT('',#9724);
#9724 = CARTESIAN_POINT('',(0.969776417399,0.9,1.233896731992));
#9725 = LINE('',#9726,#9727);
#9726 = CARTESIAN_POINT('',(0.997748384906,0.9,1.233896731992));
#9727 = VECTOR('',#9728,1.);
#9728 = DIRECTION('',(1.,0.,-0.));
#9729 = ORIENTED_EDGE('',*,*,#9730,.T.);
#9730 = EDGE_CURVE('',#9723,#9673,#9731,.T.);
#9731 = LINE('',#9732,#9733);
#9732 = CARTESIAN_POINT('',(1.253675899899,0.9,0.949997249492));
#9733 = VECTOR('',#9734,1.);
#9734 = DIRECTION('',(0.707106781187,0.,-0.707106781187));
#9735 = PLANE('',#9736);
#9736 = AXIS2_PLACEMENT_3D('',#9737,#9738,#9739);
#9737 = CARTESIAN_POINT('',(0.,0.9,0.));
#9738 = DIRECTION('',(0.,-1.,0.));
#9739 = DIRECTION('',(0.,-0.,-1.));
#9740 = ADVANCED_FACE('',(#9741),#9766,.T.);
#9741 = FACE_BOUND('',#9742,.T.);
#9742 = EDGE_LOOP('',(#9743,#9751,#9759,#9765));
#9743 = ORIENTED_EDGE('',*,*,#9744,.F.);
#9744 = EDGE_CURVE('',#9745,#9214,#9747,.T.);
#9745 = VERTEX_POINT('',#9746);
#9746 = CARTESIAN_POINT('',(1.308485874144,0.832839634745,1.000672251685
    ));
#9747 = LINE('',#9748,#9749);
#9748 = CARTESIAN_POINT('',(1.300457018359,0.909229094836,0.997346590728
    ));
#9749 = VECTOR('',#9750,1.);
#9750 = DIRECTION('',(0.104430624214,-0.99359101895,4.325658087633E-02)
  );
#9751 = ORIENTED_EDGE('',*,*,#9752,.T.);
#9752 = EDGE_CURVE('',#9745,#9753,#9755,.T.);
#9753 = VERTEX_POINT('',#9754);
#9754 = CARTESIAN_POINT('',(1.000672251685,0.832839634745,1.308485874144
    ));
#9755 = LINE('',#9756,#9757);
#9756 = CARTESIAN_POINT('',(1.002739737711,0.832839634745,1.306418388118
    ));
#9757 = VECTOR('',#9758,1.);
#9758 = DIRECTION('',(-0.707106781187,-0.,0.707106781187));
#9759 = ORIENTED_EDGE('',*,*,#9760,.F.);
#9760 = EDGE_CURVE('',#9222,#9753,#9761,.T.);
#9761 = LINE('',#9762,#9763);
#9762 = CARTESIAN_POINT('',(0.995881466186,0.942882577315,1.296919894819
    ));
#9763 = VECTOR('',#9764,1.);
#9764 = DIRECTION('',(-4.325658087633E-02,0.99359101895,-0.104430624214)
  );
#9765 = ORIENTED_EDGE('',*,*,#9221,.F.);
#9766 = PLANE('',#9767);
#9767 = AXIS2_PLACEMENT_3D('',#9768,#9769,#9770);
#9768 = CARTESIAN_POINT('',(1.14958771011,0.9,1.14958771011));
#9769 = DIRECTION('',(0.703233176253,0.104528463268,0.703233176253));
#9770 = DIRECTION('',(-0.707106781187,9.159089378386E-19,0.707106781187)
  );
#9771 = ADVANCED_FACE('',(#9772),#9818,.T.);
#9772 = FACE_BOUND('',#9773,.T.);
#9773 = EDGE_LOOP('',(#9774,#9782,#9788,#9789,#9790,#9796,#9797,#9803,
    #9804,#9810,#9811,#9817));
#9774 = ORIENTED_EDGE('',*,*,#9775,.F.);
#9775 = EDGE_CURVE('',#9776,#9423,#9778,.T.);
#9776 = VERTEX_POINT('',#9777);
#9777 = CARTESIAN_POINT('',(1.308485874144,0.832839634745,
    -1.000672251685));
#9778 = LINE('',#9779,#9780);
#9779 = CARTESIAN_POINT('',(1.296919894819,0.942882577315,
    -0.995881466186));
#9780 = VECTOR('',#9781,1.);
#9781 = DIRECTION('',(0.104430624214,-0.99359101895,-4.325658087633E-02)
  );
#9782 = ORIENTED_EDGE('',*,*,#9783,.T.);
#9783 = EDGE_CURVE('',#9776,#9745,#9784,.T.);
#9784 = LINE('',#9785,#9786);
#9785 = CARTESIAN_POINT('',(1.308485874144,0.832839634745,0.997748384906
    ));
#9786 = VECTOR('',#9787,1.);
#9787 = DIRECTION('',(-0.,-0.,1.));
#9788 = ORIENTED_EDGE('',*,*,#9744,.T.);
#9789 = ORIENTED_EDGE('',*,*,#9213,.F.);
#9790 = ORIENTED_EDGE('',*,*,#9791,.F.);
#9791 = EDGE_CURVE('',#9176,#9206,#9792,.T.);
#9792 = LINE('',#9793,#9794);
#9793 = CARTESIAN_POINT('',(1.375,0.2,1.028223304703));
#9794 = VECTOR('',#9795,1.);
#9795 = DIRECTION('',(0.,0.,1.));
#9796 = ORIENTED_EDGE('',*,*,#9173,.F.);
#9797 = ORIENTED_EDGE('',*,*,#9798,.F.);
#9798 = EDGE_CURVE('',#9555,#9174,#9799,.T.);
#9799 = LINE('',#9800,#9801);
#9800 = CARTESIAN_POINT('',(1.375,0.2,1.028223304703));
#9801 = VECTOR('',#9802,1.);
#9802 = DIRECTION('',(0.,0.,1.));
#9803 = ORIENTED_EDGE('',*,*,#9552,.F.);
#9804 = ORIENTED_EDGE('',*,*,#9805,.F.);
#9805 = EDGE_CURVE('',#9586,#9553,#9806,.T.);
#9806 = LINE('',#9807,#9808);
#9807 = CARTESIAN_POINT('',(1.375,0.2,1.028223304703));
#9808 = VECTOR('',#9809,1.);
#9809 = DIRECTION('',(0.,0.,1.));
#9810 = ORIENTED_EDGE('',*,*,#9583,.F.);
#9811 = ORIENTED_EDGE('',*,*,#9812,.F.);
#9812 = EDGE_CURVE('',#9431,#9584,#9813,.T.);
#9813 = LINE('',#9814,#9815);
#9814 = CARTESIAN_POINT('',(1.375,0.2,1.028223304703));
#9815 = VECTOR('',#9816,1.);
#9816 = DIRECTION('',(0.,0.,1.));
#9817 = ORIENTED_EDGE('',*,*,#9430,.F.);
#9818 = PLANE('',#9819);
#9819 = AXIS2_PLACEMENT_3D('',#9820,#9821,#9822);
#9820 = CARTESIAN_POINT('',(1.301427035314,0.9,0.));
#9821 = DIRECTION('',(0.994521895368,0.104528463268,0.));
#9822 = DIRECTION('',(-0.,0.,1.));
#9823 = ADVANCED_FACE('',(#9824),#9870,.T.);
#9824 = FACE_BOUND('',#9825,.T.);
#9825 = EDGE_LOOP('',(#9826,#9827,#9835,#9841,#9842,#9848,#9849,#9855,
    #9856,#9862,#9863,#9869));
#9826 = ORIENTED_EDGE('',*,*,#9760,.T.);
#9827 = ORIENTED_EDGE('',*,*,#9828,.T.);
#9828 = EDGE_CURVE('',#9753,#9829,#9831,.T.);
#9829 = VERTEX_POINT('',#9830);
#9830 = CARTESIAN_POINT('',(-1.000672251685,0.832839634745,
    1.308485874144));
#9831 = LINE('',#9832,#9833);
#9832 = CARTESIAN_POINT('',(-0.997748384906,0.832839634745,
    1.308485874144));
#9833 = VECTOR('',#9834,1.);
#9834 = DIRECTION('',(-1.,0.,-0.));
#9835 = ORIENTED_EDGE('',*,*,#9836,.F.);
#9836 = EDGE_CURVE('',#9384,#9829,#9837,.T.);
#9837 = LINE('',#9838,#9839);
#9838 = CARTESIAN_POINT('',(-0.997346590728,0.909229094836,
    1.300457018359));
#9839 = VECTOR('',#9840,1.);
#9840 = DIRECTION('',(4.325658087633E-02,0.99359101895,-0.104430624214)
  );
#9841 = ORIENTED_EDGE('',*,*,#9383,.F.);
#9842 = ORIENTED_EDGE('',*,*,#9843,.F.);
#9843 = EDGE_CURVE('',#9500,#9376,#9844,.T.);
#9844 = LINE('',#9845,#9846);
#9845 = CARTESIAN_POINT('',(-1.028223304703,0.2,1.375));
#9846 = VECTOR('',#9847,1.);
#9847 = DIRECTION('',(-1.,0.,-0.));
#9848 = ORIENTED_EDGE('',*,*,#9499,.F.);
#9849 = ORIENTED_EDGE('',*,*,#9850,.F.);
#9850 = EDGE_CURVE('',#9462,#9492,#9851,.T.);
#9851 = LINE('',#9852,#9853);
#9852 = CARTESIAN_POINT('',(-1.028223304703,0.2,1.375));
#9853 = VECTOR('',#9854,1.);
#9854 = DIRECTION('',(-1.,0.,-0.));
#9855 = ORIENTED_EDGE('',*,*,#9459,.F.);
#9856 = ORIENTED_EDGE('',*,*,#9857,.F.);
#9857 = EDGE_CURVE('',#9524,#9460,#9858,.T.);
#9858 = LINE('',#9859,#9860);
#9859 = CARTESIAN_POINT('',(-1.028223304703,0.2,1.375));
#9860 = VECTOR('',#9861,1.);
#9861 = DIRECTION('',(-1.,0.,-0.));
#9862 = ORIENTED_EDGE('',*,*,#9521,.F.);
#9863 = ORIENTED_EDGE('',*,*,#9864,.F.);
#9864 = EDGE_CURVE('',#9230,#9522,#9865,.T.);
#9865 = LINE('',#9866,#9867);
#9866 = CARTESIAN_POINT('',(-1.028223304703,0.2,1.375));
#9867 = VECTOR('',#9868,1.);
#9868 = DIRECTION('',(-1.,0.,-0.));
#9869 = ORIENTED_EDGE('',*,*,#9229,.F.);
#9870 = PLANE('',#9871);
#9871 = AXIS2_PLACEMENT_3D('',#9872,#9873,#9874);
#9872 = CARTESIAN_POINT('',(0.,0.9,1.301427035314));
#9873 = DIRECTION('',(0.,0.104528463268,0.994521895368));
#9874 = DIRECTION('',(-1.,0.,0.));
#9875 = ADVANCED_FACE('',(#9876),#9894,.T.);
#9876 = FACE_BOUND('',#9877,.T.);
#9877 = EDGE_LOOP('',(#9878,#9886,#9892,#9893));
#9878 = ORIENTED_EDGE('',*,*,#9879,.F.);
#9879 = EDGE_CURVE('',#9880,#9415,#9882,.T.);
#9880 = VERTEX_POINT('',#9881);
#9881 = CARTESIAN_POINT('',(1.000672251685,0.832839634745,
    -1.308485874144));
#9882 = LINE('',#9883,#9884);
#9883 = CARTESIAN_POINT('',(0.997346590728,0.909229094836,
    -1.300457018359));
#9884 = VECTOR('',#9885,1.);
#9885 = DIRECTION('',(4.325658087633E-02,-0.99359101895,-0.104430624214)
  );
#9886 = ORIENTED_EDGE('',*,*,#9887,.T.);
#9887 = EDGE_CURVE('',#9880,#9776,#9888,.T.);
#9888 = LINE('',#9889,#9890);
#9889 = CARTESIAN_POINT('',(1.306418388118,0.832839634745,
    -1.002739737711));
#9890 = VECTOR('',#9891,1.);
#9891 = DIRECTION('',(0.707106781187,-0.,0.707106781187));
#9892 = ORIENTED_EDGE('',*,*,#9775,.T.);
#9893 = ORIENTED_EDGE('',*,*,#9422,.F.);
#9894 = PLANE('',#9895);
#9895 = AXIS2_PLACEMENT_3D('',#9896,#9897,#9898);
#9896 = CARTESIAN_POINT('',(1.14958771011,0.9,-1.14958771011));
#9897 = DIRECTION('',(0.703233176253,0.104528463268,-0.703233176253));
#9898 = DIRECTION('',(0.707106781187,-9.159089378386E-19,0.707106781187)
  );
#9899 = ADVANCED_FACE('',(#9900),#9918,.T.);
#9900 = FACE_BOUND('',#9901,.T.);
#9901 = EDGE_LOOP('',(#9902,#9903,#9911,#9917));
#9902 = ORIENTED_EDGE('',*,*,#9836,.T.);
#9903 = ORIENTED_EDGE('',*,*,#9904,.T.);
#9904 = EDGE_CURVE('',#9829,#9905,#9907,.T.);
#9905 = VERTEX_POINT('',#9906);
#9906 = CARTESIAN_POINT('',(-1.308485874144,0.832839634745,
    1.000672251685));
#9907 = LINE('',#9908,#9909);
#9908 = CARTESIAN_POINT('',(-1.306418388118,0.832839634745,
    1.002739737711));
#9909 = VECTOR('',#9910,1.);
#9910 = DIRECTION('',(-0.707106781187,-0.,-0.707106781187));
#9911 = ORIENTED_EDGE('',*,*,#9912,.F.);
#9912 = EDGE_CURVE('',#9352,#9905,#9913,.T.);
#9913 = LINE('',#9914,#9915);
#9914 = CARTESIAN_POINT('',(-1.296919894819,0.942882577315,
    0.995881466186));
#9915 = VECTOR('',#9916,1.);
#9916 = DIRECTION('',(0.104430624214,0.99359101895,-4.325658087633E-02)
  );
#9917 = ORIENTED_EDGE('',*,*,#9391,.F.);
#9918 = PLANE('',#9919);
#9919 = AXIS2_PLACEMENT_3D('',#9920,#9921,#9922);
#9920 = CARTESIAN_POINT('',(-1.14958771011,0.9,1.14958771011));
#9921 = DIRECTION('',(-0.703233176253,0.104528463268,0.703233176253));
#9922 = DIRECTION('',(-0.707106781187,-9.159089378386E-19,
    -0.707106781187));
#9923 = ADVANCED_FACE('',(#9924),#9970,.T.);
#9924 = FACE_BOUND('',#9925,.T.);
#9925 = EDGE_LOOP('',(#9926,#9934,#9940,#9941,#9942,#9948,#9949,#9955,
    #9956,#9962,#9963,#9969));
#9926 = ORIENTED_EDGE('',*,*,#9927,.F.);
#9927 = EDGE_CURVE('',#9928,#9120,#9930,.T.);
#9928 = VERTEX_POINT('',#9929);
#9929 = CARTESIAN_POINT('',(-1.000672251685,0.832839634745,
    -1.308485874144));
#9930 = LINE('',#9931,#9932);
#9931 = CARTESIAN_POINT('',(-0.995881466186,0.942882577315,
    -1.296919894819));
#9932 = VECTOR('',#9933,1.);
#9933 = DIRECTION('',(-4.325658087633E-02,-0.99359101895,-0.104430624214
    ));
#9934 = ORIENTED_EDGE('',*,*,#9935,.T.);
#9935 = EDGE_CURVE('',#9928,#9880,#9936,.T.);
#9936 = LINE('',#9937,#9938);
#9937 = CARTESIAN_POINT('',(0.997748384906,0.832839634745,
    -1.308485874144));
#9938 = VECTOR('',#9939,1.);
#9939 = DIRECTION('',(1.,-0.,-0.));
#9940 = ORIENTED_EDGE('',*,*,#9879,.T.);
#9941 = ORIENTED_EDGE('',*,*,#9414,.F.);
#9942 = ORIENTED_EDGE('',*,*,#9943,.F.);
#9943 = EDGE_CURVE('',#9067,#9407,#9944,.T.);
#9944 = LINE('',#9945,#9946);
#9945 = CARTESIAN_POINT('',(1.028223304703,0.2,-1.375));
#9946 = VECTOR('',#9947,1.);
#9947 = DIRECTION('',(1.,0.,0.));
#9948 = ORIENTED_EDGE('',*,*,#9066,.F.);
#9949 = ORIENTED_EDGE('',*,*,#9950,.F.);
#9950 = EDGE_CURVE('',#9029,#9059,#9951,.T.);
#9951 = LINE('',#9952,#9953);
#9952 = CARTESIAN_POINT('',(1.028223304703,0.2,-1.375));
#9953 = VECTOR('',#9954,1.);
#9954 = DIRECTION('',(1.,0.,0.));
#9955 = ORIENTED_EDGE('',*,*,#9026,.F.);
#9956 = ORIENTED_EDGE('',*,*,#9957,.F.);
#9957 = EDGE_CURVE('',#9091,#9027,#9958,.T.);
#9958 = LINE('',#9959,#9960);
#9959 = CARTESIAN_POINT('',(1.028223304703,0.2,-1.375));
#9960 = VECTOR('',#9961,1.);
#9961 = DIRECTION('',(1.,0.,0.));
#9962 = ORIENTED_EDGE('',*,*,#9088,.F.);
#9963 = ORIENTED_EDGE('',*,*,#9964,.F.);
#9964 = EDGE_CURVE('',#9122,#9089,#9965,.T.);
#9965 = LINE('',#9966,#9967);
#9966 = CARTESIAN_POINT('',(1.028223304703,0.2,-1.375));
#9967 = VECTOR('',#9968,1.);
#9968 = DIRECTION('',(1.,0.,0.));
#9969 = ORIENTED_EDGE('',*,*,#9119,.F.);
#9970 = PLANE('',#9971);
#9971 = AXIS2_PLACEMENT_3D('',#9972,#9973,#9974);
#9972 = CARTESIAN_POINT('',(0.,0.9,-1.301427035314));
#9973 = DIRECTION('',(0.,0.104528463268,-0.994521895368));
#9974 = DIRECTION('',(1.,0.,0.));
#9975 = ADVANCED_FACE('',(#9976),#10022,.T.);
#9976 = FACE_BOUND('',#9977,.T.);
#9977 = EDGE_LOOP('',(#9978,#9979,#9987,#9993,#9994,#10000,#10001,#10007
    ,#10008,#10014,#10015,#10021));
#9978 = ORIENTED_EDGE('',*,*,#9912,.T.);
#9979 = ORIENTED_EDGE('',*,*,#9980,.T.);
#9980 = EDGE_CURVE('',#9905,#9981,#9983,.T.);
#9981 = VERTEX_POINT('',#9982);
#9982 = CARTESIAN_POINT('',(-1.308485874144,0.832839634745,
    -1.000672251685));
#9983 = LINE('',#9984,#9985);
#9984 = CARTESIAN_POINT('',(-1.308485874144,0.832839634745,
    -0.997748384906));
#9985 = VECTOR('',#9986,1.);
#9986 = DIRECTION('',(-0.,0.,-1.));
#9987 = ORIENTED_EDGE('',*,*,#9988,.F.);
#9988 = EDGE_CURVE('',#9152,#9981,#9989,.T.);
#9989 = LINE('',#9990,#9991);
#9990 = CARTESIAN_POINT('',(-1.296919894819,0.942882577315,
    -0.995881466186));
#9991 = VECTOR('',#9992,1.);
#9992 = DIRECTION('',(0.104430624214,0.99359101895,4.325658087633E-02));
#9993 = ORIENTED_EDGE('',*,*,#9151,.F.);
#9994 = ORIENTED_EDGE('',*,*,#9995,.F.);
#9995 = EDGE_CURVE('',#9299,#9144,#9996,.T.);
#9996 = LINE('',#9997,#9998);
#9997 = CARTESIAN_POINT('',(-1.375,0.2,-1.028223304703));
#9998 = VECTOR('',#9999,1.);
#9999 = DIRECTION('',(0.,0.,-1.));
#10000 = ORIENTED_EDGE('',*,*,#9298,.F.);
#10001 = ORIENTED_EDGE('',*,*,#10002,.F.);
#10002 = EDGE_CURVE('',#9261,#9291,#10003,.T.);
#10003 = LINE('',#10004,#10005);
#10004 = CARTESIAN_POINT('',(-1.375,0.2,-1.028223304703));
#10005 = VECTOR('',#10006,1.);
#10006 = DIRECTION('',(0.,0.,-1.));
#10007 = ORIENTED_EDGE('',*,*,#9258,.F.);
#10008 = ORIENTED_EDGE('',*,*,#10009,.F.);
#10009 = EDGE_CURVE('',#9323,#9259,#10010,.T.);
#10010 = LINE('',#10011,#10012);
#10011 = CARTESIAN_POINT('',(-1.375,0.2,-1.028223304703));
#10012 = VECTOR('',#10013,1.);
#10013 = DIRECTION('',(0.,0.,-1.));
#10014 = ORIENTED_EDGE('',*,*,#9320,.F.);
#10015 = ORIENTED_EDGE('',*,*,#10016,.F.);
#10016 = EDGE_CURVE('',#9354,#9321,#10017,.T.);
#10017 = LINE('',#10018,#10019);
#10018 = CARTESIAN_POINT('',(-1.375,0.2,-1.028223304703));
#10019 = VECTOR('',#10020,1.);
#10020 = DIRECTION('',(0.,0.,-1.));
#10021 = ORIENTED_EDGE('',*,*,#9351,.F.);
#10022 = PLANE('',#10023);
#10023 = AXIS2_PLACEMENT_3D('',#10024,#10025,#10026);
#10024 = CARTESIAN_POINT('',(-1.301427035314,0.9,-0.));
#10025 = DIRECTION('',(-0.994521895368,0.104528463268,0.));
#10026 = DIRECTION('',(0.,0.,-1.));
#10027 = ADVANCED_FACE('',(#10028),#10039,.T.);
#10028 = FACE_BOUND('',#10029,.T.);
#10029 = EDGE_LOOP('',(#10030,#10031,#10037,#10038));
#10030 = ORIENTED_EDGE('',*,*,#9988,.T.);
#10031 = ORIENTED_EDGE('',*,*,#10032,.T.);
#10032 = EDGE_CURVE('',#9981,#9928,#10033,.T.);
#10033 = LINE('',#10034,#10035);
#10034 = CARTESIAN_POINT('',(-1.002739737711,0.832839634745,
    -1.306418388118));
#10035 = VECTOR('',#10036,1.);
#10036 = DIRECTION('',(0.707106781187,-0.,-0.707106781187));
#10037 = ORIENTED_EDGE('',*,*,#9927,.T.);
#10038 = ORIENTED_EDGE('',*,*,#9159,.F.);
#10039 = PLANE('',#10040);
#10040 = AXIS2_PLACEMENT_3D('',#10041,#10042,#10043);
#10041 = CARTESIAN_POINT('',(-1.14958771011,0.9,-1.14958771011));
#10042 = DIRECTION('',(-0.703233176253,0.104528463268,-0.703233176253));
#10043 = DIRECTION('',(0.707106781187,-3.821311749628E-19,
    -0.707106781187));
#10044 = ADVANCED_FACE('',(#10045),#10063,.T.);
#10045 = FACE_BOUND('',#10046,.T.);
#10046 = EDGE_LOOP('',(#10047,#10054,#10055,#10062));
#10047 = ORIENTED_EDGE('',*,*,#10048,.F.);
#10048 = EDGE_CURVE('',#9905,#9707,#10049,.T.);
#10049 = ( BOUNDED_CURVE() B_SPLINE_CURVE(3,(#10050,#10051,#10052,#10053
),.UNSPECIFIED.,.F.,.F.) B_SPLINE_CURVE_WITH_KNOTS((4,4),(3.246312408709
,4.712388980385),.PIECEWISE_BEZIER_KNOTS.) CURVE() 
GEOMETRIC_REPRESENTATION_ITEM() RATIONAL_B_SPLINE_CURVE((1.,
0.828763216985,0.828763216985,1.)) REPRESENTATION_ITEM('') );
#10050 = CARTESIAN_POINT('',(-1.308485874144,0.832839634745,
    1.000672251685));
#10051 = CARTESIAN_POINT('',(-1.304266140898,0.872987714754,
    0.998924380944));
#10052 = CARTESIAN_POINT('',(-1.27426595885,0.9,0.986497898666));
#10053 = CARTESIAN_POINT('',(-1.233896731992,0.9,0.969776417399));
#10054 = ORIENTED_EDGE('',*,*,#9904,.F.);
#10055 = ORIENTED_EDGE('',*,*,#10056,.F.);
#10056 = EDGE_CURVE('',#9715,#9829,#10057,.T.);
#10057 = ( BOUNDED_CURVE() B_SPLINE_CURVE(3,(#10058,#10059,#10060,#10061
),.UNSPECIFIED.,.F.,.F.) B_SPLINE_CURVE_WITH_KNOTS((4,4),(1.570796326795
,3.03687289847),.PIECEWISE_BEZIER_KNOTS.) CURVE() 
GEOMETRIC_REPRESENTATION_ITEM() RATIONAL_B_SPLINE_CURVE((1.,
0.828763216985,0.828763216985,1.)) REPRESENTATION_ITEM('') );
#10058 = CARTESIAN_POINT('',(-0.969776417399,0.9,1.233896731992));
#10059 = CARTESIAN_POINT('',(-0.986497898666,0.9,1.27426595885));
#10060 = CARTESIAN_POINT('',(-0.998924380944,0.872987714754,
    1.304266140898));
#10061 = CARTESIAN_POINT('',(-1.000672251685,0.832839634745,
    1.308485874144));
#10062 = ORIENTED_EDGE('',*,*,#9714,.F.);
#10063 = CYLINDRICAL_SURFACE('',#10064,7.5E-02);
#10064 = AXIS2_PLACEMENT_3D('',#10065,#10066,#10067);
#10065 = CARTESIAN_POINT('',(-1.101836574695,0.825,1.101836574695));
#10066 = DIRECTION('',(-0.707106781187,0.,-0.707106781187));
#10067 = DIRECTION('',(-0.707106781187,0.,0.707106781187));
#10068 = ADVANCED_FACE('',(#10069),#10081,.T.);
#10069 = FACE_BOUND('',#10070,.T.);
#10070 = EDGE_LOOP('',(#10071,#10072,#10073,#10080));
#10071 = ORIENTED_EDGE('',*,*,#10056,.T.);
#10072 = ORIENTED_EDGE('',*,*,#9828,.F.);
#10073 = ORIENTED_EDGE('',*,*,#10074,.F.);
#10074 = EDGE_CURVE('',#9723,#9753,#10075,.T.);
#10075 = ( BOUNDED_CURVE() B_SPLINE_CURVE(3,(#10076,#10077,#10078,#10079
),.UNSPECIFIED.,.F.,.F.) B_SPLINE_CURVE_WITH_KNOTS((4,4),(1.570796326795
,3.03687289847),.PIECEWISE_BEZIER_KNOTS.) CURVE() 
GEOMETRIC_REPRESENTATION_ITEM() RATIONAL_B_SPLINE_CURVE((1.,
0.828763216985,0.828763216985,1.)) REPRESENTATION_ITEM('') );
#10076 = CARTESIAN_POINT('',(0.969776417399,0.9,1.233896731992));
#10077 = CARTESIAN_POINT('',(0.986497898666,0.9,1.27426595885));
#10078 = CARTESIAN_POINT('',(0.998924380944,0.872987714754,
    1.304266140898));
#10079 = CARTESIAN_POINT('',(1.000672251685,0.832839634745,
    1.308485874144));
#10080 = ORIENTED_EDGE('',*,*,#9722,.F.);
#10081 = CYLINDRICAL_SURFACE('',#10082,7.5E-02);
#10082 = AXIS2_PLACEMENT_3D('',#10083,#10084,#10085);
#10083 = CARTESIAN_POINT('',(0.,0.825,1.233896731992));
#10084 = DIRECTION('',(-1.,0.,0.));
#10085 = DIRECTION('',(0.,0.,1.));
#10086 = ADVANCED_FACE('',(#10087),#10099,.T.);
#10087 = FACE_BOUND('',#10088,.T.);
#10088 = EDGE_LOOP('',(#10089,#10090,#10091,#10098));
#10089 = ORIENTED_EDGE('',*,*,#10048,.T.);
#10090 = ORIENTED_EDGE('',*,*,#9706,.F.);
#10091 = ORIENTED_EDGE('',*,*,#10092,.F.);
#10092 = EDGE_CURVE('',#9981,#9699,#10093,.T.);
#10093 = ( BOUNDED_CURVE() B_SPLINE_CURVE(3,(#10094,#10095,#10096,#10097
),.UNSPECIFIED.,.F.,.F.) B_SPLINE_CURVE_WITH_KNOTS((4,4),(3.246312408709
,4.712388980385),.PIECEWISE_BEZIER_KNOTS.) CURVE() 
GEOMETRIC_REPRESENTATION_ITEM() RATIONAL_B_SPLINE_CURVE((1.,
0.828763216985,0.828763216985,1.)) REPRESENTATION_ITEM('') );
#10094 = CARTESIAN_POINT('',(-1.308485874144,0.832839634745,
    -1.000672251685));
#10095 = CARTESIAN_POINT('',(-1.304266140898,0.872987714754,
    -0.998924380944));
#10096 = CARTESIAN_POINT('',(-1.27426595885,0.9,-0.986497898666));
#10097 = CARTESIAN_POINT('',(-1.233896731992,0.9,-0.969776417399));
#10098 = ORIENTED_EDGE('',*,*,#9980,.F.);
#10099 = CYLINDRICAL_SURFACE('',#10100,7.5E-02);
#10100 = AXIS2_PLACEMENT_3D('',#10101,#10102,#10103);
#10101 = CARTESIAN_POINT('',(-1.233896731992,0.825,0.));
#10102 = DIRECTION('',(0.,0.,-1.));
#10103 = DIRECTION('',(-1.,0.,0.));
#10104 = ADVANCED_FACE('',(#10105),#10117,.T.);
#10105 = FACE_BOUND('',#10106,.T.);
#10106 = EDGE_LOOP('',(#10107,#10108,#10109,#10116));
#10107 = ORIENTED_EDGE('',*,*,#10074,.T.);
#10108 = ORIENTED_EDGE('',*,*,#9752,.F.);
#10109 = ORIENTED_EDGE('',*,*,#10110,.F.);
#10110 = EDGE_CURVE('',#9673,#9745,#10111,.T.);
#10111 = ( BOUNDED_CURVE() B_SPLINE_CURVE(3,(#10112,#10113,#10114,#10115
),.UNSPECIFIED.,.F.,.F.) B_SPLINE_CURVE_WITH_KNOTS((4,4),(1.570796326795
,3.03687289847),.PIECEWISE_BEZIER_KNOTS.) CURVE() 
GEOMETRIC_REPRESENTATION_ITEM() RATIONAL_B_SPLINE_CURVE((1.,
0.828763216985,0.828763216985,1.)) REPRESENTATION_ITEM('') );
#10112 = CARTESIAN_POINT('',(1.233896731992,0.9,0.969776417399));
#10113 = CARTESIAN_POINT('',(1.27426595885,0.9,0.986497898666));
#10114 = CARTESIAN_POINT('',(1.304266140898,0.872987714754,
    0.998924380944));
#10115 = CARTESIAN_POINT('',(1.308485874144,0.832839634745,
    1.000672251685));
#10116 = ORIENTED_EDGE('',*,*,#9730,.F.);
#10117 = CYLINDRICAL_SURFACE('',#10118,7.5E-02);
#10118 = AXIS2_PLACEMENT_3D('',#10119,#10120,#10121);
#10119 = CARTESIAN_POINT('',(1.101836574695,0.825,1.101836574695));
#10120 = DIRECTION('',(-0.707106781187,0.,0.707106781187));
#10121 = DIRECTION('',(0.707106781187,0.,0.707106781187));
#10122 = ADVANCED_FACE('',(#10123),#10135,.T.);
#10123 = FACE_BOUND('',#10124,.T.);
#10124 = EDGE_LOOP('',(#10125,#10126,#10127,#10134));
#10125 = ORIENTED_EDGE('',*,*,#10092,.T.);
#10126 = ORIENTED_EDGE('',*,*,#9698,.F.);
#10127 = ORIENTED_EDGE('',*,*,#10128,.F.);
#10128 = EDGE_CURVE('',#9928,#9691,#10129,.T.);
#10129 = ( BOUNDED_CURVE() B_SPLINE_CURVE(3,(#10130,#10131,#10132,#10133
),.UNSPECIFIED.,.F.,.F.) B_SPLINE_CURVE_WITH_KNOTS((4,4),(3.246312408709
,4.712388980385),.PIECEWISE_BEZIER_KNOTS.) CURVE() 
GEOMETRIC_REPRESENTATION_ITEM() RATIONAL_B_SPLINE_CURVE((1.,
0.828763216985,0.828763216985,1.)) REPRESENTATION_ITEM('') );
#10130 = CARTESIAN_POINT('',(-1.000672251685,0.832839634745,
    -1.308485874144));
#10131 = CARTESIAN_POINT('',(-0.998924380944,0.872987714754,
    -1.304266140898));
#10132 = CARTESIAN_POINT('',(-0.986497898666,0.9,-1.27426595885));
#10133 = CARTESIAN_POINT('',(-0.969776417399,0.9,-1.233896731992));
#10134 = ORIENTED_EDGE('',*,*,#10032,.F.);
#10135 = CYLINDRICAL_SURFACE('',#10136,7.5E-02);
#10136 = AXIS2_PLACEMENT_3D('',#10137,#10138,#10139);
#10137 = CARTESIAN_POINT('',(-1.101836574695,0.825,-1.101836574695));
#10138 = DIRECTION('',(0.707106781187,0.,-0.707106781187));
#10139 = DIRECTION('',(-0.707106781187,0.,-0.707106781187));
#10140 = ADVANCED_FACE('',(#10141),#10153,.T.);
#10141 = FACE_BOUND('',#10142,.T.);
#10142 = EDGE_LOOP('',(#10143,#10144,#10145,#10152));
#10143 = ORIENTED_EDGE('',*,*,#10110,.T.);
#10144 = ORIENTED_EDGE('',*,*,#9783,.F.);
#10145 = ORIENTED_EDGE('',*,*,#10146,.F.);
#10146 = EDGE_CURVE('',#9675,#9776,#10147,.T.);
#10147 = ( BOUNDED_CURVE() B_SPLINE_CURVE(3,(#10148,#10149,#10150,#10151
),.UNSPECIFIED.,.F.,.F.) B_SPLINE_CURVE_WITH_KNOTS((4,4),(1.570796326795
,3.03687289847),.PIECEWISE_BEZIER_KNOTS.) CURVE() 
GEOMETRIC_REPRESENTATION_ITEM() RATIONAL_B_SPLINE_CURVE((1.,
0.828763216985,0.828763216985,1.)) REPRESENTATION_ITEM('') );
#10148 = CARTESIAN_POINT('',(1.233896731992,0.9,-0.969776417399));
#10149 = CARTESIAN_POINT('',(1.27426595885,0.9,-0.986497898666));
#10150 = CARTESIAN_POINT('',(1.304266140898,0.872987714754,
    -0.998924380944));
#10151 = CARTESIAN_POINT('',(1.308485874144,0.832839634745,
    -1.000672251685));
#10152 = ORIENTED_EDGE('',*,*,#9672,.F.);
#10153 = CYLINDRICAL_SURFACE('',#10154,7.5E-02);
#10154 = AXIS2_PLACEMENT_3D('',#10155,#10156,#10157);
#10155 = CARTESIAN_POINT('',(1.233896731992,0.825,0.));
#10156 = DIRECTION('',(-0.,0.,1.));
#10157 = DIRECTION('',(1.,0.,0.));
#10158 = ADVANCED_FACE('',(#10159),#10171,.T.);
#10159 = FACE_BOUND('',#10160,.T.);
#10160 = EDGE_LOOP('',(#10161,#10162,#10163,#10170));
#10161 = ORIENTED_EDGE('',*,*,#10128,.T.);
#10162 = ORIENTED_EDGE('',*,*,#9690,.F.);
#10163 = ORIENTED_EDGE('',*,*,#10164,.F.);
#10164 = EDGE_CURVE('',#9880,#9683,#10165,.T.);
#10165 = ( BOUNDED_CURVE() B_SPLINE_CURVE(3,(#10166,#10167,#10168,#10169
),.UNSPECIFIED.,.F.,.F.) B_SPLINE_CURVE_WITH_KNOTS((4,4),(0.10471975512,
1.570796326795),.PIECEWISE_BEZIER_KNOTS.) CURVE() 
GEOMETRIC_REPRESENTATION_ITEM() RATIONAL_B_SPLINE_CURVE((1.,
0.828763216985,0.828763216985,1.)) REPRESENTATION_ITEM('') );
#10166 = CARTESIAN_POINT('',(1.000672251685,0.832839634745,
    -1.308485874144));
#10167 = CARTESIAN_POINT('',(0.998924380944,0.872987714754,
    -1.304266140898));
#10168 = CARTESIAN_POINT('',(0.986497898666,0.9,-1.27426595885));
#10169 = CARTESIAN_POINT('',(0.969776417399,0.9,-1.233896731992));
#10170 = ORIENTED_EDGE('',*,*,#9935,.F.);
#10171 = CYLINDRICAL_SURFACE('',#10172,7.5E-02);
#10172 = AXIS2_PLACEMENT_3D('',#10173,#10174,#10175);
#10173 = CARTESIAN_POINT('',(0.,0.825,-1.233896731992));
#10174 = DIRECTION('',(1.,0.,0.));
#10175 = DIRECTION('',(0.,0.,-1.));
#10176 = ADVANCED_FACE('',(#10177),#10183,.T.);
#10177 = FACE_BOUND('',#10178,.T.);
#10178 = EDGE_LOOP('',(#10179,#10180,#10181,#10182));
#10179 = ORIENTED_EDGE('',*,*,#10146,.T.);
#10180 = ORIENTED_EDGE('',*,*,#9887,.F.);
#10181 = ORIENTED_EDGE('',*,*,#10164,.T.);
#10182 = ORIENTED_EDGE('',*,*,#9682,.F.);
#10183 = CYLINDRICAL_SURFACE('',#10184,7.5E-02);
#10184 = AXIS2_PLACEMENT_3D('',#10185,#10186,#10187);
#10185 = CARTESIAN_POINT('',(1.101836574695,0.825,-1.101836574695));
#10186 = DIRECTION('',(0.707106781187,0.,0.707106781187));
#10187 = DIRECTION('',(0.707106781187,0.,-0.707106781187));
#10188 = ADVANCED_FACE('',(#10189),#10201,.F.);
#10189 = FACE_BOUND('',#10190,.F.);
#10190 = EDGE_LOOP('',(#10191,#10192,#10193,#10200));
#10191 = ORIENTED_EDGE('',*,*,#9662,.F.);
#10192 = ORIENTED_EDGE('',*,*,#7681,.F.);
#10193 = ORIENTED_EDGE('',*,*,#10194,.T.);
#10194 = EDGE_CURVE('',#7682,#7701,#10195,.T.);
#10195 = CIRCLE('',#10196,0.2);
#10196 = AXIS2_PLACEMENT_3D('',#10197,#10198,#10199);
#10197 = CARTESIAN_POINT('',(-0.783015151902,0.85,-0.783015151902));
#10198 = DIRECTION('',(0.,1.,0.));
#10199 = DIRECTION('',(0.,-0.,1.));
#10200 = ORIENTED_EDGE('',*,*,#7700,.T.);
#10201 = CYLINDRICAL_SURFACE('',#10202,0.2);
#10202 = AXIS2_PLACEMENT_3D('',#10203,#10204,#10205);
#10203 = CARTESIAN_POINT('',(-0.783015151902,0.85,-0.783015151902));
#10204 = DIRECTION('',(-0.,1.,-0.));
#10205 = DIRECTION('',(0.,0.,1.));
#10206 = ADVANCED_FACE('',(#10207),#10211,.T.);
#10207 = FACE_BOUND('',#10208,.T.);
#10208 = EDGE_LOOP('',(#10209,#10210));
#10209 = ORIENTED_EDGE('',*,*,#10194,.T.);
#10210 = ORIENTED_EDGE('',*,*,#7708,.T.);
#10211 = PLANE('',#10212);
#10212 = AXIS2_PLACEMENT_3D('',#10213,#10214,#10215);
#10213 = CARTESIAN_POINT('',(-0.783015151902,0.85,-0.783015151902));
#10214 = DIRECTION('',(0.,1.,0.));
#10215 = DIRECTION('',(0.,-0.,1.));
#10216 = ADVANCED_FACE('',(#10217),#10243,.F.);
#10217 = FACE_BOUND('',#10218,.F.);
#10218 = EDGE_LOOP('',(#10219,#10227,#10236,#10242));
#10219 = ORIENTED_EDGE('',*,*,#10220,.F.);
#10220 = EDGE_CURVE('',#10221,#8948,#10223,.T.);
#10221 = VERTEX_POINT('',#10222);
#10222 = CARTESIAN_POINT('',(-1.195,0.2,-0.865));
#10223 = LINE('',#10224,#10225);
#10224 = CARTESIAN_POINT('',(-1.195,0.2,-0.865));
#10225 = VECTOR('',#10226,1.);
#10226 = DIRECTION('',(0.,-1.,0.));
#10227 = ORIENTED_EDGE('',*,*,#10228,.F.);
#10228 = EDGE_CURVE('',#10229,#10221,#10231,.T.);
#10229 = VERTEX_POINT('',#10230);
#10230 = CARTESIAN_POINT('',(-1.195,0.2,-0.635));
#10231 = CIRCLE('',#10232,0.115);
#10232 = AXIS2_PLACEMENT_3D('',#10233,#10234,#10235);
#10233 = CARTESIAN_POINT('',(-1.195,0.2,-0.75));
#10234 = DIRECTION('',(0.,1.,0.));
#10235 = DIRECTION('',(0.,-0.,-1.));
#10236 = ORIENTED_EDGE('',*,*,#10237,.T.);
#10237 = EDGE_CURVE('',#10229,#8940,#10238,.T.);
#10238 = LINE('',#10239,#10240);
#10239 = CARTESIAN_POINT('',(-1.195,0.2,-0.635));
#10240 = VECTOR('',#10241,1.);
#10241 = DIRECTION('',(0.,-1.,0.));
#10242 = ORIENTED_EDGE('',*,*,#8947,.F.);
#10243 = CYLINDRICAL_SURFACE('',#10244,0.115);
#10244 = AXIS2_PLACEMENT_3D('',#10245,#10246,#10247);
#10245 = CARTESIAN_POINT('',(-1.195,0.2,-0.75));
#10246 = DIRECTION('',(0.,-1.,0.));
#10247 = DIRECTION('',(0.,0.,-1.));
#10248 = ADVANCED_FACE('',(#10249),#10261,.T.);
#10249 = FACE_BOUND('',#10250,.T.);
#10250 = EDGE_LOOP('',(#10251,#10252,#10253,#10254,#10260));
#10251 = ORIENTED_EDGE('',*,*,#8939,.T.);
#10252 = ORIENTED_EDGE('',*,*,#7789,.F.);
#10253 = ORIENTED_EDGE('',*,*,#9306,.T.);
#10254 = ORIENTED_EDGE('',*,*,#10255,.T.);
#10255 = EDGE_CURVE('',#9299,#10229,#10256,.T.);
#10256 = LINE('',#10257,#10258);
#10257 = CARTESIAN_POINT('',(-1.5,0.2,-0.635));
#10258 = VECTOR('',#10259,1.);
#10259 = DIRECTION('',(1.,0.,4.087975404454E-14));
#10260 = ORIENTED_EDGE('',*,*,#10237,.T.);
#10261 = PLANE('',#10262);
#10262 = AXIS2_PLACEMENT_3D('',#10263,#10264,#10265);
#10263 = CARTESIAN_POINT('',(-1.5,0.2,-0.635));
#10264 = DIRECTION('',(4.087975404454E-14,0.,-1.));
#10265 = DIRECTION('',(-1.,0.,-4.087975404454E-14));
#10266 = ADVANCED_FACE('',(#10267),#10279,.T.);
#10267 = FACE_BOUND('',#10268,.T.);
#10268 = EDGE_LOOP('',(#10269,#10270,#10271,#10277,#10278));
#10269 = ORIENTED_EDGE('',*,*,#8956,.T.);
#10270 = ORIENTED_EDGE('',*,*,#10220,.F.);
#10271 = ORIENTED_EDGE('',*,*,#10272,.T.);
#10272 = EDGE_CURVE('',#10221,#9144,#10273,.T.);
#10273 = LINE('',#10274,#10275);
#10274 = CARTESIAN_POINT('',(-1.5,0.2,-0.865));
#10275 = VECTOR('',#10276,1.);
#10276 = DIRECTION('',(-1.,-0.,-4.123523016666E-14));
#10277 = ORIENTED_EDGE('',*,*,#9143,.T.);
#10278 = ORIENTED_EDGE('',*,*,#7893,.T.);
#10279 = PLANE('',#10280);
#10280 = AXIS2_PLACEMENT_3D('',#10281,#10282,#10283);
#10281 = CARTESIAN_POINT('',(-1.5,0.2,-0.865));
#10282 = DIRECTION('',(-4.123523016666E-14,0.,1.));
#10283 = DIRECTION('',(1.,0.,4.123523016666E-14));
#10284 = ADVANCED_FACE('',(#10285),#10291,.T.);
#10285 = FACE_BOUND('',#10286,.T.);
#10286 = EDGE_LOOP('',(#10287,#10288,#10289,#10290));
#10287 = ORIENTED_EDGE('',*,*,#10272,.F.);
#10288 = ORIENTED_EDGE('',*,*,#10228,.F.);
#10289 = ORIENTED_EDGE('',*,*,#10255,.F.);
#10290 = ORIENTED_EDGE('',*,*,#9995,.T.);
#10291 = PLANE('',#10292);
#10292 = AXIS2_PLACEMENT_3D('',#10293,#10294,#10295);
#10293 = CARTESIAN_POINT('',(-1.195,0.2,-0.75));
#10294 = DIRECTION('',(0.,-1.,0.));
#10295 = DIRECTION('',(0.,-0.,-1.));
#10296 = ADVANCED_FACE('',(#10297),#10323,.F.);
#10297 = FACE_BOUND('',#10298,.F.);
#10298 = EDGE_LOOP('',(#10299,#10307,#10316,#10322));
#10299 = ORIENTED_EDGE('',*,*,#10300,.F.);
#10300 = EDGE_CURVE('',#10301,#8876,#10303,.T.);
#10301 = VERTEX_POINT('',#10302);
#10302 = CARTESIAN_POINT('',(-1.195,0.2,0.635));
#10303 = LINE('',#10304,#10305);
#10304 = CARTESIAN_POINT('',(-1.195,0.2,0.635));
#10305 = VECTOR('',#10306,1.);
#10306 = DIRECTION('',(0.,-1.,0.));
#10307 = ORIENTED_EDGE('',*,*,#10308,.F.);
#10308 = EDGE_CURVE('',#10309,#10301,#10311,.T.);
#10309 = VERTEX_POINT('',#10310);
#10310 = CARTESIAN_POINT('',(-1.195,0.2,0.865));
#10311 = CIRCLE('',#10312,0.115);
#10312 = AXIS2_PLACEMENT_3D('',#10313,#10314,#10315);
#10313 = CARTESIAN_POINT('',(-1.195,0.2,0.75));
#10314 = DIRECTION('',(0.,1.,0.));
#10315 = DIRECTION('',(0.,-0.,-1.));
#10316 = ORIENTED_EDGE('',*,*,#10317,.T.);
#10317 = EDGE_CURVE('',#10309,#8868,#10318,.T.);
#10318 = LINE('',#10319,#10320);
#10319 = CARTESIAN_POINT('',(-1.195,0.2,0.865));
#10320 = VECTOR('',#10321,1.);
#10321 = DIRECTION('',(0.,-1.,0.));
#10322 = ORIENTED_EDGE('',*,*,#8875,.F.);
#10323 = CYLINDRICAL_SURFACE('',#10324,0.115);
#10324 = AXIS2_PLACEMENT_3D('',#10325,#10326,#10327);
#10325 = CARTESIAN_POINT('',(-1.195,0.2,0.75));
#10326 = DIRECTION('',(0.,-1.,0.));
#10327 = DIRECTION('',(0.,0.,-1.));
#10328 = ADVANCED_FACE('',(#10329),#10341,.T.);
#10329 = FACE_BOUND('',#10330,.T.);
#10330 = EDGE_LOOP('',(#10331,#10332,#10333,#10334,#10340));
#10331 = ORIENTED_EDGE('',*,*,#8867,.T.);
#10332 = ORIENTED_EDGE('',*,*,#7853,.F.);
#10333 = ORIENTED_EDGE('',*,*,#9361,.T.);
#10334 = ORIENTED_EDGE('',*,*,#10335,.T.);
#10335 = EDGE_CURVE('',#9354,#10309,#10336,.T.);
#10336 = LINE('',#10337,#10338);
#10337 = CARTESIAN_POINT('',(-1.5,0.2,0.865));
#10338 = VECTOR('',#10339,1.);
#10339 = DIRECTION('',(1.,0.,3.554761221264E-16));
#10340 = ORIENTED_EDGE('',*,*,#10317,.T.);
#10341 = PLANE('',#10342);
#10342 = AXIS2_PLACEMENT_3D('',#10343,#10344,#10345);
#10343 = CARTESIAN_POINT('',(-1.5,0.2,0.865));
#10344 = DIRECTION('',(3.554761221264E-16,0.,-1.));
#10345 = DIRECTION('',(-1.,0.,-3.554761221264E-16));
#10346 = ADVANCED_FACE('',(#10347),#10359,.T.);
#10347 = FACE_BOUND('',#10348,.T.);
#10348 = EDGE_LOOP('',(#10349,#10350,#10351,#10357,#10358));
#10349 = ORIENTED_EDGE('',*,*,#8884,.T.);
#10350 = ORIENTED_EDGE('',*,*,#10300,.F.);
#10351 = ORIENTED_EDGE('',*,*,#10352,.T.);
#10352 = EDGE_CURVE('',#10301,#9321,#10353,.T.);
#10353 = LINE('',#10354,#10355);
#10354 = CARTESIAN_POINT('',(-1.5,0.2,0.635));
#10355 = VECTOR('',#10356,1.);
#10356 = DIRECTION('',(-1.,-0.,-0.));
#10357 = ORIENTED_EDGE('',*,*,#9337,.T.);
#10358 = ORIENTED_EDGE('',*,*,#7829,.T.);
#10359 = PLANE('',#10360);
#10360 = AXIS2_PLACEMENT_3D('',#10361,#10362,#10363);
#10361 = CARTESIAN_POINT('',(-1.5,0.2,0.635));
#10362 = DIRECTION('',(-0.,0.,1.));
#10363 = DIRECTION('',(1.,0.,0.));
#10364 = ADVANCED_FACE('',(#10365),#10371,.T.);
#10365 = FACE_BOUND('',#10366,.T.);
#10366 = EDGE_LOOP('',(#10367,#10368,#10369,#10370));
#10367 = ORIENTED_EDGE('',*,*,#10352,.F.);
#10368 = ORIENTED_EDGE('',*,*,#10308,.F.);
#10369 = ORIENTED_EDGE('',*,*,#10335,.F.);
#10370 = ORIENTED_EDGE('',*,*,#10016,.T.);
#10371 = PLANE('',#10372);
#10372 = AXIS2_PLACEMENT_3D('',#10373,#10374,#10375);
#10373 = CARTESIAN_POINT('',(-1.195,0.2,0.75));
#10374 = DIRECTION('',(0.,-1.,0.));
#10375 = DIRECTION('',(0.,-0.,-1.));
#10376 = ADVANCED_FACE('',(#10377),#10403,.F.);
#10377 = FACE_BOUND('',#10378,.F.);
#10378 = EDGE_LOOP('',(#10379,#10387,#10396,#10402));
#10379 = ORIENTED_EDGE('',*,*,#10380,.F.);
#10380 = EDGE_CURVE('',#10381,#8900,#10383,.T.);
#10381 = VERTEX_POINT('',#10382);
#10382 = CARTESIAN_POINT('',(-1.195,0.2,0.135));
#10383 = LINE('',#10384,#10385);
#10384 = CARTESIAN_POINT('',(-1.195,0.2,0.135));
#10385 = VECTOR('',#10386,1.);
#10386 = DIRECTION('',(0.,-1.,0.));
#10387 = ORIENTED_EDGE('',*,*,#10388,.F.);
#10388 = EDGE_CURVE('',#10389,#10381,#10391,.T.);
#10389 = VERTEX_POINT('',#10390);
#10390 = CARTESIAN_POINT('',(-1.195,0.2,0.365));
#10391 = CIRCLE('',#10392,0.115);
#10392 = AXIS2_PLACEMENT_3D('',#10393,#10394,#10395);
#10393 = CARTESIAN_POINT('',(-1.195,0.2,0.25));
#10394 = DIRECTION('',(0.,1.,0.));
#10395 = DIRECTION('',(0.,-0.,-1.));
#10396 = ORIENTED_EDGE('',*,*,#10397,.T.);
#10397 = EDGE_CURVE('',#10389,#8892,#10398,.T.);
#10398 = LINE('',#10399,#10400);
#10399 = CARTESIAN_POINT('',(-1.195,0.2,0.365));
#10400 = VECTOR('',#10401,1.);
#10401 = DIRECTION('',(0.,-1.,0.));
#10402 = ORIENTED_EDGE('',*,*,#8899,.F.);
#10403 = CYLINDRICAL_SURFACE('',#10404,0.115);
#10404 = AXIS2_PLACEMENT_3D('',#10405,#10406,#10407);
#10405 = CARTESIAN_POINT('',(-1.195,0.2,0.25));
#10406 = DIRECTION('',(0.,-1.,0.));
#10407 = DIRECTION('',(0.,0.,-1.));
#10408 = ADVANCED_FACE('',(#10409),#10421,.T.);
#10409 = FACE_BOUND('',#10410,.T.);
#10410 = EDGE_LOOP('',(#10411,#10412,#10413,#10414,#10420));
#10411 = ORIENTED_EDGE('',*,*,#8891,.T.);
#10412 = ORIENTED_EDGE('',*,*,#7813,.F.);
#10413 = ORIENTED_EDGE('',*,*,#9330,.T.);
#10414 = ORIENTED_EDGE('',*,*,#10415,.T.);
#10415 = EDGE_CURVE('',#9323,#10389,#10416,.T.);
#10416 = LINE('',#10417,#10418);
#10417 = CARTESIAN_POINT('',(-1.5,0.2,0.365));
#10418 = VECTOR('',#10419,1.);
#10419 = DIRECTION('',(1.,0.,3.554761221264E-16));
#10420 = ORIENTED_EDGE('',*,*,#10397,.T.);
#10421 = PLANE('',#10422);
#10422 = AXIS2_PLACEMENT_3D('',#10423,#10424,#10425);
#10423 = CARTESIAN_POINT('',(-1.5,0.2,0.365));
#10424 = DIRECTION('',(3.554761221264E-16,0.,-1.));
#10425 = DIRECTION('',(-1.,0.,-3.554761221264E-16));
#10426 = ADVANCED_FACE('',(#10427),#10439,.T.);
#10427 = FACE_BOUND('',#10428,.T.);
#10428 = EDGE_LOOP('',(#10429,#10430,#10431,#10437,#10438));
#10429 = ORIENTED_EDGE('',*,*,#8908,.T.);
#10430 = ORIENTED_EDGE('',*,*,#10380,.F.);
#10431 = ORIENTED_EDGE('',*,*,#10432,.T.);
#10432 = EDGE_CURVE('',#10381,#9259,#10433,.T.);
#10433 = LINE('',#10434,#10435);
#10434 = CARTESIAN_POINT('',(-1.5,0.2,0.135));
#10435 = VECTOR('',#10436,1.);
#10436 = DIRECTION('',(-1.,-0.,-0.));
#10437 = ORIENTED_EDGE('',*,*,#9275,.T.);
#10438 = ORIENTED_EDGE('',*,*,#7749,.T.);
#10439 = PLANE('',#10440);
#10440 = AXIS2_PLACEMENT_3D('',#10441,#10442,#10443);
#10441 = CARTESIAN_POINT('',(-1.5,0.2,0.135));
#10442 = DIRECTION('',(-0.,0.,1.));
#10443 = DIRECTION('',(1.,0.,0.));
#10444 = ADVANCED_FACE('',(#10445),#10451,.T.);
#10445 = FACE_BOUND('',#10446,.T.);
#10446 = EDGE_LOOP('',(#10447,#10448,#10449,#10450));
#10447 = ORIENTED_EDGE('',*,*,#10432,.F.);
#10448 = ORIENTED_EDGE('',*,*,#10388,.F.);
#10449 = ORIENTED_EDGE('',*,*,#10415,.F.);
#10450 = ORIENTED_EDGE('',*,*,#10009,.T.);
#10451 = PLANE('',#10452);
#10452 = AXIS2_PLACEMENT_3D('',#10453,#10454,#10455);
#10453 = CARTESIAN_POINT('',(-1.195,0.2,0.25));
#10454 = DIRECTION('',(0.,-1.,0.));
#10455 = DIRECTION('',(0.,-0.,-1.));
#10456 = ADVANCED_FACE('',(#10457),#10483,.F.);
#10457 = FACE_BOUND('',#10458,.F.);
#10458 = EDGE_LOOP('',(#10459,#10467,#10476,#10482));
#10459 = ORIENTED_EDGE('',*,*,#10460,.F.);
#10460 = EDGE_CURVE('',#10461,#8924,#10463,.T.);
#10461 = VERTEX_POINT('',#10462);
#10462 = CARTESIAN_POINT('',(-1.195,0.2,-0.365));
#10463 = LINE('',#10464,#10465);
#10464 = CARTESIAN_POINT('',(-1.195,0.2,-0.365));
#10465 = VECTOR('',#10466,1.);
#10466 = DIRECTION('',(0.,-1.,0.));
#10467 = ORIENTED_EDGE('',*,*,#10468,.F.);
#10468 = EDGE_CURVE('',#10469,#10461,#10471,.T.);
#10469 = VERTEX_POINT('',#10470);
#10470 = CARTESIAN_POINT('',(-1.195,0.2,-0.135));
#10471 = CIRCLE('',#10472,0.115);
#10472 = AXIS2_PLACEMENT_3D('',#10473,#10474,#10475);
#10473 = CARTESIAN_POINT('',(-1.195,0.2,-0.25));
#10474 = DIRECTION('',(0.,1.,0.));
#10475 = DIRECTION('',(0.,-0.,-1.));
#10476 = ORIENTED_EDGE('',*,*,#10477,.T.);
#10477 = EDGE_CURVE('',#10469,#8916,#10478,.T.);
#10478 = LINE('',#10479,#10480);
#10479 = CARTESIAN_POINT('',(-1.195,0.2,-0.135));
#10480 = VECTOR('',#10481,1.);
#10481 = DIRECTION('',(0.,-1.,0.));
#10482 = ORIENTED_EDGE('',*,*,#8923,.F.);
#10483 = CYLINDRICAL_SURFACE('',#10484,0.115);
#10484 = AXIS2_PLACEMENT_3D('',#10485,#10486,#10487);
#10485 = CARTESIAN_POINT('',(-1.195,0.2,-0.25));
#10486 = DIRECTION('',(0.,-1.,0.));
#10487 = DIRECTION('',(0.,0.,-1.));
#10488 = ADVANCED_FACE('',(#10489),#10501,.T.);
#10489 = FACE_BOUND('',#10490,.T.);
#10490 = EDGE_LOOP('',(#10491,#10492,#10493,#10494,#10500));
#10491 = ORIENTED_EDGE('',*,*,#8915,.T.);
#10492 = ORIENTED_EDGE('',*,*,#7733,.F.);
#10493 = ORIENTED_EDGE('',*,*,#9268,.T.);
#10494 = ORIENTED_EDGE('',*,*,#10495,.T.);
#10495 = EDGE_CURVE('',#9261,#10469,#10496,.T.);
#10496 = LINE('',#10497,#10498);
#10497 = CARTESIAN_POINT('',(-1.5,0.2,-0.135));
#10498 = VECTOR('',#10499,1.);
#10499 = DIRECTION('',(1.,0.,3.554761221264E-16));
#10500 = ORIENTED_EDGE('',*,*,#10477,.T.);
#10501 = PLANE('',#10502);
#10502 = AXIS2_PLACEMENT_3D('',#10503,#10504,#10505);
#10503 = CARTESIAN_POINT('',(-1.5,0.2,-0.135));
#10504 = DIRECTION('',(3.554761221264E-16,0.,-1.));
#10505 = DIRECTION('',(-1.,0.,-3.554761221264E-16));
#10506 = ADVANCED_FACE('',(#10507),#10519,.T.);
#10507 = FACE_BOUND('',#10508,.T.);
#10508 = EDGE_LOOP('',(#10509,#10510,#10511,#10517,#10518));
#10509 = ORIENTED_EDGE('',*,*,#8932,.T.);
#10510 = ORIENTED_EDGE('',*,*,#10460,.F.);
#10511 = ORIENTED_EDGE('',*,*,#10512,.T.);
#10512 = EDGE_CURVE('',#10461,#9291,#10513,.T.);
#10513 = LINE('',#10514,#10515);
#10514 = CARTESIAN_POINT('',(-1.5,0.2,-0.365));
#10515 = VECTOR('',#10516,1.);
#10516 = DIRECTION('',(-1.,-0.,-0.));
#10517 = ORIENTED_EDGE('',*,*,#9290,.T.);
#10518 = ORIENTED_EDGE('',*,*,#7773,.T.);
#10519 = PLANE('',#10520);
#10520 = AXIS2_PLACEMENT_3D('',#10521,#10522,#10523);
#10521 = CARTESIAN_POINT('',(-1.5,0.2,-0.365));
#10522 = DIRECTION('',(-0.,0.,1.));
#10523 = DIRECTION('',(1.,0.,0.));
#10524 = ADVANCED_FACE('',(#10525),#10531,.T.);
#10525 = FACE_BOUND('',#10526,.T.);
#10526 = EDGE_LOOP('',(#10527,#10528,#10529,#10530));
#10527 = ORIENTED_EDGE('',*,*,#10512,.F.);
#10528 = ORIENTED_EDGE('',*,*,#10468,.F.);
#10529 = ORIENTED_EDGE('',*,*,#10495,.F.);
#10530 = ORIENTED_EDGE('',*,*,#10002,.T.);
#10531 = PLANE('',#10532);
#10532 = AXIS2_PLACEMENT_3D('',#10533,#10534,#10535);
#10533 = CARTESIAN_POINT('',(-1.195,0.2,-0.25));
#10534 = DIRECTION('',(0.,-1.,0.));
#10535 = DIRECTION('',(0.,-0.,-1.));
#10536 = ADVANCED_FACE('',(#10537),#10563,.F.);
#10537 = FACE_BOUND('',#10538,.F.);
#10538 = EDGE_LOOP('',(#10539,#10547,#10556,#10562));
#10539 = ORIENTED_EDGE('',*,*,#10540,.F.);
#10540 = EDGE_CURVE('',#10541,#8643,#10543,.T.);
#10541 = VERTEX_POINT('',#10542);
#10542 = CARTESIAN_POINT('',(0.865,0.2,-1.195));
#10543 = LINE('',#10544,#10545);
#10544 = CARTESIAN_POINT('',(0.865,0.2,-1.195));
#10545 = VECTOR('',#10546,1.);
#10546 = DIRECTION('',(0.,-1.,0.));
#10547 = ORIENTED_EDGE('',*,*,#10548,.F.);
#10548 = EDGE_CURVE('',#10549,#10541,#10551,.T.);
#10549 = VERTEX_POINT('',#10550);
#10550 = CARTESIAN_POINT('',(0.635,0.2,-1.195));
#10551 = CIRCLE('',#10552,0.115);
#10552 = AXIS2_PLACEMENT_3D('',#10553,#10554,#10555);
#10553 = CARTESIAN_POINT('',(0.75,0.2,-1.195));
#10554 = DIRECTION('',(0.,1.,0.));
#10555 = DIRECTION('',(0.,-0.,-1.));
#10556 = ORIENTED_EDGE('',*,*,#10557,.T.);
#10557 = EDGE_CURVE('',#10549,#8635,#10558,.T.);
#10558 = LINE('',#10559,#10560);
#10559 = CARTESIAN_POINT('',(0.635,0.2,-1.195));
#10560 = VECTOR('',#10561,1.);
#10561 = DIRECTION('',(0.,-1.,0.));
#10562 = ORIENTED_EDGE('',*,*,#8642,.F.);
#10563 = CYLINDRICAL_SURFACE('',#10564,0.115);
#10564 = AXIS2_PLACEMENT_3D('',#10565,#10566,#10567);
#10565 = CARTESIAN_POINT('',(0.75,0.2,-1.195));
#10566 = DIRECTION('',(0.,-1.,0.));
#10567 = DIRECTION('',(0.,0.,-1.));
#10568 = ADVANCED_FACE('',(#10569),#10581,.T.);
#10569 = FACE_BOUND('',#10570,.T.);
#10570 = EDGE_LOOP('',(#10571,#10572,#10573,#10574,#10580));
#10571 = ORIENTED_EDGE('',*,*,#8634,.T.);
#10572 = ORIENTED_EDGE('',*,*,#7989,.F.);
#10573 = ORIENTED_EDGE('',*,*,#9074,.T.);
#10574 = ORIENTED_EDGE('',*,*,#10575,.T.);
#10575 = EDGE_CURVE('',#9067,#10549,#10576,.T.);
#10576 = LINE('',#10577,#10578);
#10577 = CARTESIAN_POINT('',(0.635,0.2,-1.5));
#10578 = VECTOR('',#10579,1.);
#10579 = DIRECTION('',(1.066428366379E-14,0.,1.));
#10580 = ORIENTED_EDGE('',*,*,#10557,.T.);
#10581 = PLANE('',#10582);
#10582 = AXIS2_PLACEMENT_3D('',#10583,#10584,#10585);
#10583 = CARTESIAN_POINT('',(0.635,0.2,-1.5));
#10584 = DIRECTION('',(1.,0.,-1.066428366379E-14));
#10585 = DIRECTION('',(-1.066428366379E-14,0.,-1.));
#10586 = ADVANCED_FACE('',(#10587),#10599,.T.);
#10587 = FACE_BOUND('',#10588,.T.);
#10588 = EDGE_LOOP('',(#10589,#10590,#10591,#10597,#10598));
#10589 = ORIENTED_EDGE('',*,*,#8651,.T.);
#10590 = ORIENTED_EDGE('',*,*,#10540,.F.);
#10591 = ORIENTED_EDGE('',*,*,#10592,.T.);
#10592 = EDGE_CURVE('',#10541,#9407,#10593,.T.);
#10593 = LINE('',#10594,#10595);
#10594 = CARTESIAN_POINT('',(0.865,0.2,-1.5));
#10595 = VECTOR('',#10596,1.);
#10596 = DIRECTION('',(-1.101975978592E-14,-0.,-1.));
#10597 = ORIENTED_EDGE('',*,*,#9406,.T.);
#10598 = ORIENTED_EDGE('',*,*,#8093,.T.);
#10599 = PLANE('',#10600);
#10600 = AXIS2_PLACEMENT_3D('',#10601,#10602,#10603);
#10601 = CARTESIAN_POINT('',(0.865,0.2,-1.5));
#10602 = DIRECTION('',(-1.,0.,1.101975978592E-14));
#10603 = DIRECTION('',(1.101975978592E-14,0.,1.));
#10604 = ADVANCED_FACE('',(#10605),#10611,.T.);
#10605 = FACE_BOUND('',#10606,.T.);
#10606 = EDGE_LOOP('',(#10607,#10608,#10609,#10610));
#10607 = ORIENTED_EDGE('',*,*,#10592,.F.);
#10608 = ORIENTED_EDGE('',*,*,#10548,.F.);
#10609 = ORIENTED_EDGE('',*,*,#10575,.F.);
#10610 = ORIENTED_EDGE('',*,*,#9943,.T.);
#10611 = PLANE('',#10612);
#10612 = AXIS2_PLACEMENT_3D('',#10613,#10614,#10615);
#10613 = CARTESIAN_POINT('',(0.75,0.2,-1.195));
#10614 = DIRECTION('',(0.,-1.,0.));
#10615 = DIRECTION('',(0.,-0.,-1.));
#10616 = ADVANCED_FACE('',(#10617),#10643,.F.);
#10617 = FACE_BOUND('',#10618,.F.);
#10618 = EDGE_LOOP('',(#10619,#10627,#10636,#10642));
#10619 = ORIENTED_EDGE('',*,*,#10620,.F.);
#10620 = EDGE_CURVE('',#10621,#8979,#10623,.T.);
#10621 = VERTEX_POINT('',#10622);
#10622 = CARTESIAN_POINT('',(-0.635,0.2,-1.195));
#10623 = LINE('',#10624,#10625);
#10624 = CARTESIAN_POINT('',(-0.635,0.2,-1.195));
#10625 = VECTOR('',#10626,1.);
#10626 = DIRECTION('',(0.,-1.,0.));
#10627 = ORIENTED_EDGE('',*,*,#10628,.F.);
#10628 = EDGE_CURVE('',#10629,#10621,#10631,.T.);
#10629 = VERTEX_POINT('',#10630);
#10630 = CARTESIAN_POINT('',(-0.865,0.2,-1.195));
#10631 = CIRCLE('',#10632,0.115);
#10632 = AXIS2_PLACEMENT_3D('',#10633,#10634,#10635);
#10633 = CARTESIAN_POINT('',(-0.75,0.2,-1.195));
#10634 = DIRECTION('',(0.,1.,0.));
#10635 = DIRECTION('',(0.,-0.,-1.));
#10636 = ORIENTED_EDGE('',*,*,#10637,.T.);
#10637 = EDGE_CURVE('',#10629,#8971,#10638,.T.);
#10638 = LINE('',#10639,#10640);
#10639 = CARTESIAN_POINT('',(-0.865,0.2,-1.195));
#10640 = VECTOR('',#10641,1.);
#10641 = DIRECTION('',(0.,-1.,0.));
#10642 = ORIENTED_EDGE('',*,*,#8978,.F.);
#10643 = CYLINDRICAL_SURFACE('',#10644,0.115);
#10644 = AXIS2_PLACEMENT_3D('',#10645,#10646,#10647);
#10645 = CARTESIAN_POINT('',(-0.75,0.2,-1.195));
#10646 = DIRECTION('',(0.,-1.,0.));
#10647 = DIRECTION('',(0.,0.,-1.));
#10648 = ADVANCED_FACE('',(#10649),#10661,.T.);
#10649 = FACE_BOUND('',#10650,.T.);
#10650 = EDGE_LOOP('',(#10651,#10652,#10653,#10654,#10660));
#10651 = ORIENTED_EDGE('',*,*,#8970,.T.);
#10652 = ORIENTED_EDGE('',*,*,#8053,.F.);
#10653 = ORIENTED_EDGE('',*,*,#9129,.T.);
#10654 = ORIENTED_EDGE('',*,*,#10655,.T.);
#10655 = EDGE_CURVE('',#9122,#10629,#10656,.T.);
#10656 = LINE('',#10657,#10658);
#10657 = CARTESIAN_POINT('',(-0.865,0.2,-1.5));
#10658 = VECTOR('',#10659,1.);
#10659 = DIRECTION('',(1.066428366379E-14,0.,1.));
#10660 = ORIENTED_EDGE('',*,*,#10637,.T.);
#10661 = PLANE('',#10662);
#10662 = AXIS2_PLACEMENT_3D('',#10663,#10664,#10665);
#10663 = CARTESIAN_POINT('',(-0.865,0.2,-1.5));
#10664 = DIRECTION('',(1.,0.,-1.066428366379E-14));
#10665 = DIRECTION('',(-1.066428366379E-14,0.,-1.));
#10666 = ADVANCED_FACE('',(#10667),#10679,.T.);
#10667 = FACE_BOUND('',#10668,.T.);
#10668 = EDGE_LOOP('',(#10669,#10670,#10671,#10677,#10678));
#10669 = ORIENTED_EDGE('',*,*,#8987,.T.);
#10670 = ORIENTED_EDGE('',*,*,#10620,.F.);
#10671 = ORIENTED_EDGE('',*,*,#10672,.T.);
#10672 = EDGE_CURVE('',#10621,#9089,#10673,.T.);
#10673 = LINE('',#10674,#10675);
#10674 = CARTESIAN_POINT('',(-0.635,0.2,-1.5));
#10675 = VECTOR('',#10676,1.);
#10676 = DIRECTION('',(-1.066428366379E-14,-0.,-1.));
#10677 = ORIENTED_EDGE('',*,*,#9105,.T.);
#10678 = ORIENTED_EDGE('',*,*,#8029,.T.);
#10679 = PLANE('',#10680);
#10680 = AXIS2_PLACEMENT_3D('',#10681,#10682,#10683);
#10681 = CARTESIAN_POINT('',(-0.635,0.2,-1.5));
#10682 = DIRECTION('',(-1.,0.,1.066428366379E-14));
#10683 = DIRECTION('',(1.066428366379E-14,0.,1.));
#10684 = ADVANCED_FACE('',(#10685),#10691,.T.);
#10685 = FACE_BOUND('',#10686,.T.);
#10686 = EDGE_LOOP('',(#10687,#10688,#10689,#10690));
#10687 = ORIENTED_EDGE('',*,*,#10672,.F.);
#10688 = ORIENTED_EDGE('',*,*,#10628,.F.);
#10689 = ORIENTED_EDGE('',*,*,#10655,.F.);
#10690 = ORIENTED_EDGE('',*,*,#9964,.T.);
#10691 = PLANE('',#10692);
#10692 = AXIS2_PLACEMENT_3D('',#10693,#10694,#10695);
#10693 = CARTESIAN_POINT('',(-0.75,0.2,-1.195));
#10694 = DIRECTION('',(0.,-1.,0.));
#10695 = DIRECTION('',(0.,-0.,-1.));
#10696 = ADVANCED_FACE('',(#10697),#10723,.F.);
#10697 = FACE_BOUND('',#10698,.F.);
#10698 = EDGE_LOOP('',(#10699,#10707,#10716,#10722));
#10699 = ORIENTED_EDGE('',*,*,#10700,.F.);
#10700 = EDGE_CURVE('',#10701,#9003,#10703,.T.);
#10701 = VERTEX_POINT('',#10702);
#10702 = CARTESIAN_POINT('',(-0.135,0.2,-1.195));
#10703 = LINE('',#10704,#10705);
#10704 = CARTESIAN_POINT('',(-0.135,0.2,-1.195));
#10705 = VECTOR('',#10706,1.);
#10706 = DIRECTION('',(0.,-1.,0.));
#10707 = ORIENTED_EDGE('',*,*,#10708,.F.);
#10708 = EDGE_CURVE('',#10709,#10701,#10711,.T.);
#10709 = VERTEX_POINT('',#10710);
#10710 = CARTESIAN_POINT('',(-0.365,0.2,-1.195));
#10711 = CIRCLE('',#10712,0.115);
#10712 = AXIS2_PLACEMENT_3D('',#10713,#10714,#10715);
#10713 = CARTESIAN_POINT('',(-0.25,0.2,-1.195));
#10714 = DIRECTION('',(0.,1.,0.));
#10715 = DIRECTION('',(0.,-0.,-1.));
#10716 = ORIENTED_EDGE('',*,*,#10717,.T.);
#10717 = EDGE_CURVE('',#10709,#8995,#10718,.T.);
#10718 = LINE('',#10719,#10720);
#10719 = CARTESIAN_POINT('',(-0.365,0.2,-1.195));
#10720 = VECTOR('',#10721,1.);
#10721 = DIRECTION('',(0.,-1.,0.));
#10722 = ORIENTED_EDGE('',*,*,#9002,.F.);
#10723 = CYLINDRICAL_SURFACE('',#10724,0.115);
#10724 = AXIS2_PLACEMENT_3D('',#10725,#10726,#10727);
#10725 = CARTESIAN_POINT('',(-0.25,0.2,-1.195));
#10726 = DIRECTION('',(0.,-1.,0.));
#10727 = DIRECTION('',(0.,0.,-1.));
#10728 = ADVANCED_FACE('',(#10729),#10741,.T.);
#10729 = FACE_BOUND('',#10730,.T.);
#10730 = EDGE_LOOP('',(#10731,#10732,#10733,#10734,#10740));
#10731 = ORIENTED_EDGE('',*,*,#8994,.T.);
#10732 = ORIENTED_EDGE('',*,*,#8013,.F.);
#10733 = ORIENTED_EDGE('',*,*,#9098,.T.);
#10734 = ORIENTED_EDGE('',*,*,#10735,.T.);
#10735 = EDGE_CURVE('',#9091,#10709,#10736,.T.);
#10736 = LINE('',#10737,#10738);
#10737 = CARTESIAN_POINT('',(-0.365,0.2,-1.5));
#10738 = VECTOR('',#10739,1.);
#10739 = DIRECTION('',(1.084202172486E-14,0.,1.));
#10740 = ORIENTED_EDGE('',*,*,#10717,.T.);
#10741 = PLANE('',#10742);
#10742 = AXIS2_PLACEMENT_3D('',#10743,#10744,#10745);
#10743 = CARTESIAN_POINT('',(-0.365,0.2,-1.5));
#10744 = DIRECTION('',(1.,0.,-1.084202172486E-14));
#10745 = DIRECTION('',(-1.084202172486E-14,0.,-1.));
#10746 = ADVANCED_FACE('',(#10747),#10759,.T.);
#10747 = FACE_BOUND('',#10748,.T.);
#10748 = EDGE_LOOP('',(#10749,#10750,#10751,#10757,#10758));
#10749 = ORIENTED_EDGE('',*,*,#9011,.T.);
#10750 = ORIENTED_EDGE('',*,*,#10700,.F.);
#10751 = ORIENTED_EDGE('',*,*,#10752,.T.);
#10752 = EDGE_CURVE('',#10701,#9027,#10753,.T.);
#10753 = LINE('',#10754,#10755);
#10754 = CARTESIAN_POINT('',(-0.135,0.2,-1.5));
#10755 = VECTOR('',#10756,1.);
#10756 = DIRECTION('',(-1.066428366379E-14,-0.,-1.));
#10757 = ORIENTED_EDGE('',*,*,#9043,.T.);
#10758 = ORIENTED_EDGE('',*,*,#7949,.T.);
#10759 = PLANE('',#10760);
#10760 = AXIS2_PLACEMENT_3D('',#10761,#10762,#10763);
#10761 = CARTESIAN_POINT('',(-0.135,0.2,-1.5));
#10762 = DIRECTION('',(-1.,0.,1.066428366379E-14));
#10763 = DIRECTION('',(1.066428366379E-14,0.,1.));
#10764 = ADVANCED_FACE('',(#10765),#10771,.T.);
#10765 = FACE_BOUND('',#10766,.T.);
#10766 = EDGE_LOOP('',(#10767,#10768,#10769,#10770));
#10767 = ORIENTED_EDGE('',*,*,#10752,.F.);
#10768 = ORIENTED_EDGE('',*,*,#10708,.F.);
#10769 = ORIENTED_EDGE('',*,*,#10735,.F.);
#10770 = ORIENTED_EDGE('',*,*,#9957,.T.);
#10771 = PLANE('',#10772);
#10772 = AXIS2_PLACEMENT_3D('',#10773,#10774,#10775);
#10773 = CARTESIAN_POINT('',(-0.25,0.2,-1.195));
#10774 = DIRECTION('',(0.,-1.,0.));
#10775 = DIRECTION('',(0.,-0.,-1.));
#10776 = ADVANCED_FACE('',(#10777),#10803,.F.);
#10777 = FACE_BOUND('',#10778,.F.);
#10778 = EDGE_LOOP('',(#10779,#10787,#10796,#10802));
#10779 = ORIENTED_EDGE('',*,*,#10780,.F.);
#10780 = EDGE_CURVE('',#10781,#8619,#10783,.T.);
#10781 = VERTEX_POINT('',#10782);
#10782 = CARTESIAN_POINT('',(0.365,0.2,-1.195));
#10783 = LINE('',#10784,#10785);
#10784 = CARTESIAN_POINT('',(0.365,0.2,-1.195));
#10785 = VECTOR('',#10786,1.);
#10786 = DIRECTION('',(0.,-1.,0.));
#10787 = ORIENTED_EDGE('',*,*,#10788,.F.);
#10788 = EDGE_CURVE('',#10789,#10781,#10791,.T.);
#10789 = VERTEX_POINT('',#10790);
#10790 = CARTESIAN_POINT('',(0.135,0.2,-1.195));
#10791 = CIRCLE('',#10792,0.115);
#10792 = AXIS2_PLACEMENT_3D('',#10793,#10794,#10795);
#10793 = CARTESIAN_POINT('',(0.25,0.2,-1.195));
#10794 = DIRECTION('',(0.,1.,0.));
#10795 = DIRECTION('',(0.,-0.,-1.));
#10796 = ORIENTED_EDGE('',*,*,#10797,.T.);
#10797 = EDGE_CURVE('',#10789,#8611,#10798,.T.);
#10798 = LINE('',#10799,#10800);
#10799 = CARTESIAN_POINT('',(0.135,0.2,-1.195));
#10800 = VECTOR('',#10801,1.);
#10801 = DIRECTION('',(0.,-1.,0.));
#10802 = ORIENTED_EDGE('',*,*,#8618,.F.);
#10803 = CYLINDRICAL_SURFACE('',#10804,0.115);
#10804 = AXIS2_PLACEMENT_3D('',#10805,#10806,#10807);
#10805 = CARTESIAN_POINT('',(0.25,0.2,-1.195));
#10806 = DIRECTION('',(0.,-1.,0.));
#10807 = DIRECTION('',(0.,0.,-1.));
#10808 = ADVANCED_FACE('',(#10809),#10821,.T.);
#10809 = FACE_BOUND('',#10810,.T.);
#10810 = EDGE_LOOP('',(#10811,#10812,#10813,#10814,#10820));
#10811 = ORIENTED_EDGE('',*,*,#8610,.T.);
#10812 = ORIENTED_EDGE('',*,*,#7933,.F.);
#10813 = ORIENTED_EDGE('',*,*,#9036,.T.);
#10814 = ORIENTED_EDGE('',*,*,#10815,.T.);
#10815 = EDGE_CURVE('',#9029,#10789,#10816,.T.);
#10816 = LINE('',#10817,#10818);
#10817 = CARTESIAN_POINT('',(0.135,0.2,-1.5));
#10818 = VECTOR('',#10819,1.);
#10819 = DIRECTION('',(1.066428366379E-14,0.,1.));
#10820 = ORIENTED_EDGE('',*,*,#10797,.T.);
#10821 = PLANE('',#10822);
#10822 = AXIS2_PLACEMENT_3D('',#10823,#10824,#10825);
#10823 = CARTESIAN_POINT('',(0.135,0.2,-1.5));
#10824 = DIRECTION('',(1.,0.,-1.066428366379E-14));
#10825 = DIRECTION('',(-1.066428366379E-14,0.,-1.));
#10826 = ADVANCED_FACE('',(#10827),#10839,.T.);
#10827 = FACE_BOUND('',#10828,.T.);
#10828 = EDGE_LOOP('',(#10829,#10830,#10831,#10837,#10838));
#10829 = ORIENTED_EDGE('',*,*,#8627,.T.);
#10830 = ORIENTED_EDGE('',*,*,#10780,.F.);
#10831 = ORIENTED_EDGE('',*,*,#10832,.T.);
#10832 = EDGE_CURVE('',#10781,#9059,#10833,.T.);
#10833 = LINE('',#10834,#10835);
#10834 = CARTESIAN_POINT('',(0.365,0.2,-1.5));
#10835 = VECTOR('',#10836,1.);
#10836 = DIRECTION('',(-1.084202172486E-14,-0.,-1.));
#10837 = ORIENTED_EDGE('',*,*,#9058,.T.);
#10838 = ORIENTED_EDGE('',*,*,#7973,.T.);
#10839 = PLANE('',#10840);
#10840 = AXIS2_PLACEMENT_3D('',#10841,#10842,#10843);
#10841 = CARTESIAN_POINT('',(0.365,0.2,-1.5));
#10842 = DIRECTION('',(-1.,0.,1.084202172486E-14));
#10843 = DIRECTION('',(1.084202172486E-14,0.,1.));
#10844 = ADVANCED_FACE('',(#10845),#10851,.T.);
#10845 = FACE_BOUND('',#10846,.T.);
#10846 = EDGE_LOOP('',(#10847,#10848,#10849,#10850));
#10847 = ORIENTED_EDGE('',*,*,#10832,.F.);
#10848 = ORIENTED_EDGE('',*,*,#10788,.F.);
#10849 = ORIENTED_EDGE('',*,*,#10815,.F.);
#10850 = ORIENTED_EDGE('',*,*,#9950,.T.);
#10851 = PLANE('',#10852);
#10852 = AXIS2_PLACEMENT_3D('',#10853,#10854,#10855);
#10853 = CARTESIAN_POINT('',(0.25,0.2,-1.195));
#10854 = DIRECTION('',(0.,-1.,0.));
#10855 = DIRECTION('',(0.,-0.,-1.));
#10856 = ADVANCED_FACE('',(#10857),#10876,.F.);
#10857 = FACE_BOUND('',#10858,.F.);
#10858 = EDGE_LOOP('',(#10859,#10860,#10868,#10875));
#10859 = ORIENTED_EDGE('',*,*,#8844,.F.);
#10860 = ORIENTED_EDGE('',*,*,#10861,.F.);
#10861 = EDGE_CURVE('',#10862,#8845,#10864,.T.);
#10862 = VERTEX_POINT('',#10863);
#10863 = CARTESIAN_POINT('',(-0.865,0.2,1.195));
#10864 = LINE('',#10865,#10866);
#10865 = CARTESIAN_POINT('',(-0.865,0.2,1.195));
#10866 = VECTOR('',#10867,1.);
#10867 = DIRECTION('',(0.,-1.,0.));
#10868 = ORIENTED_EDGE('',*,*,#10869,.F.);
#10869 = EDGE_CURVE('',#7659,#10862,#10870,.T.);
#10870 = CIRCLE('',#10871,0.115);
#10871 = AXIS2_PLACEMENT_3D('',#10872,#10873,#10874);
#10872 = CARTESIAN_POINT('',(-0.75,0.2,1.195));
#10873 = DIRECTION('',(0.,1.,0.));
#10874 = DIRECTION('',(0.,-0.,-1.));
#10875 = ORIENTED_EDGE('',*,*,#7658,.T.);
#10876 = CYLINDRICAL_SURFACE('',#10877,0.115);
#10877 = AXIS2_PLACEMENT_3D('',#10878,#10879,#10880);
#10878 = CARTESIAN_POINT('',(-0.75,0.2,1.195));
#10879 = DIRECTION('',(0.,-1.,0.));
#10880 = DIRECTION('',(0.,0.,-1.));
#10881 = ADVANCED_FACE('',(#10882),#10894,.T.);
#10882 = FACE_BOUND('',#10883,.T.);
#10883 = EDGE_LOOP('',(#10884,#10885,#10886,#10887,#10893));
#10884 = ORIENTED_EDGE('',*,*,#8837,.T.);
#10885 = ORIENTED_EDGE('',*,*,#8389,.F.);
#10886 = ORIENTED_EDGE('',*,*,#9507,.T.);
#10887 = ORIENTED_EDGE('',*,*,#10888,.T.);
#10888 = EDGE_CURVE('',#9500,#7640,#10889,.T.);
#10889 = LINE('',#10890,#10891);
#10890 = CARTESIAN_POINT('',(-0.635,0.2,1.5));
#10891 = VECTOR('',#10892,1.);
#10892 = DIRECTION('',(-1.101975978592E-14,0.,-1.));
#10893 = ORIENTED_EDGE('',*,*,#7639,.T.);
#10894 = PLANE('',#10895);
#10895 = AXIS2_PLACEMENT_3D('',#10896,#10897,#10898);
#10896 = CARTESIAN_POINT('',(-0.635,0.2,1.5));
#10897 = DIRECTION('',(-1.,0.,1.101975978592E-14));
#10898 = DIRECTION('',(1.101975978592E-14,0.,1.));
#10899 = ADVANCED_FACE('',(#10900),#10912,.T.);
#10900 = FACE_BOUND('',#10901,.T.);
#10901 = EDGE_LOOP('',(#10902,#10903,#10904,#10910,#10911));
#10902 = ORIENTED_EDGE('',*,*,#8853,.T.);
#10903 = ORIENTED_EDGE('',*,*,#10861,.F.);
#10904 = ORIENTED_EDGE('',*,*,#10905,.T.);
#10905 = EDGE_CURVE('',#10862,#9376,#10906,.T.);
#10906 = LINE('',#10907,#10908);
#10907 = CARTESIAN_POINT('',(-0.865,0.2,1.5));
#10908 = VECTOR('',#10909,1.);
#10909 = DIRECTION('',(1.101975978592E-14,-0.,1.));
#10910 = ORIENTED_EDGE('',*,*,#9375,.T.);
#10911 = ORIENTED_EDGE('',*,*,#8493,.T.);
#10912 = PLANE('',#10913);
#10913 = AXIS2_PLACEMENT_3D('',#10914,#10915,#10916);
#10914 = CARTESIAN_POINT('',(-0.865,0.2,1.5));
#10915 = DIRECTION('',(1.,0.,-1.101975978592E-14));
#10916 = DIRECTION('',(-1.101975978592E-14,0.,-1.));
#10917 = ADVANCED_FACE('',(#10918),#10925,.T.);
#10918 = FACE_BOUND('',#10919,.T.);
#10919 = EDGE_LOOP('',(#10920,#10921,#10922,#10923,#10924));
#10920 = ORIENTED_EDGE('',*,*,#10905,.F.);
#10921 = ORIENTED_EDGE('',*,*,#10869,.F.);
#10922 = ORIENTED_EDGE('',*,*,#7666,.F.);
#10923 = ORIENTED_EDGE('',*,*,#10888,.F.);
#10924 = ORIENTED_EDGE('',*,*,#9843,.T.);
#10925 = PLANE('',#10926);
#10926 = AXIS2_PLACEMENT_3D('',#10927,#10928,#10929);
#10927 = CARTESIAN_POINT('',(-0.75,0.2,1.195));
#10928 = DIRECTION('',(0.,-1.,0.));
#10929 = DIRECTION('',(0.,-0.,-1.));
#10930 = ADVANCED_FACE('',(#10931),#10950,.F.);
#10931 = FACE_BOUND('',#10932,.F.);
#10932 = EDGE_LOOP('',(#10933,#10934,#10942,#10949));
#10933 = ORIENTED_EDGE('',*,*,#8775,.F.);
#10934 = ORIENTED_EDGE('',*,*,#10935,.F.);
#10935 = EDGE_CURVE('',#10936,#8776,#10938,.T.);
#10936 = VERTEX_POINT('',#10937);
#10937 = CARTESIAN_POINT('',(0.635,0.2,1.195));
#10938 = LINE('',#10939,#10940);
#10939 = CARTESIAN_POINT('',(0.635,0.2,1.195));
#10940 = VECTOR('',#10941,1.);
#10941 = DIRECTION('',(0.,-1.,0.));
#10942 = ORIENTED_EDGE('',*,*,#10943,.F.);
#10943 = EDGE_CURVE('',#7617,#10936,#10944,.T.);
#10944 = CIRCLE('',#10945,0.115);
#10945 = AXIS2_PLACEMENT_3D('',#10946,#10947,#10948);
#10946 = CARTESIAN_POINT('',(0.75,0.2,1.195));
#10947 = DIRECTION('',(0.,1.,0.));
#10948 = DIRECTION('',(0.,-0.,-1.));
#10949 = ORIENTED_EDGE('',*,*,#7616,.T.);
#10950 = CYLINDRICAL_SURFACE('',#10951,0.115);
#10951 = AXIS2_PLACEMENT_3D('',#10952,#10953,#10954);
#10952 = CARTESIAN_POINT('',(0.75,0.2,1.195));
#10953 = DIRECTION('',(0.,-1.,0.));
#10954 = DIRECTION('',(0.,0.,-1.));
#10955 = ADVANCED_FACE('',(#10956),#10968,.T.);
#10956 = FACE_BOUND('',#10957,.T.);
#10957 = EDGE_LOOP('',(#10958,#10959,#10960,#10961,#10967));
#10958 = ORIENTED_EDGE('',*,*,#8768,.T.);
#10959 = ORIENTED_EDGE('',*,*,#8453,.F.);
#10960 = ORIENTED_EDGE('',*,*,#9237,.T.);
#10961 = ORIENTED_EDGE('',*,*,#10962,.T.);
#10962 = EDGE_CURVE('',#9230,#7598,#10963,.T.);
#10963 = LINE('',#10964,#10965);
#10964 = CARTESIAN_POINT('',(0.865,0.2,1.5));
#10965 = VECTOR('',#10966,1.);
#10966 = DIRECTION('',(-1.101975978592E-14,0.,-1.));
#10967 = ORIENTED_EDGE('',*,*,#7597,.T.);
#10968 = PLANE('',#10969);
#10969 = AXIS2_PLACEMENT_3D('',#10970,#10971,#10972);
#10970 = CARTESIAN_POINT('',(0.865,0.2,1.5));
#10971 = DIRECTION('',(-1.,0.,1.101975978592E-14));
#10972 = DIRECTION('',(1.101975978592E-14,0.,1.));
#10973 = ADVANCED_FACE('',(#10974),#10986,.T.);
#10974 = FACE_BOUND('',#10975,.T.);
#10975 = EDGE_LOOP('',(#10976,#10977,#10978,#10984,#10985));
#10976 = ORIENTED_EDGE('',*,*,#8784,.T.);
#10977 = ORIENTED_EDGE('',*,*,#10935,.F.);
#10978 = ORIENTED_EDGE('',*,*,#10979,.T.);
#10979 = EDGE_CURVE('',#10936,#9522,#10980,.T.);
#10980 = LINE('',#10981,#10982);
#10981 = CARTESIAN_POINT('',(0.635,0.2,1.5));
#10982 = VECTOR('',#10983,1.);
#10983 = DIRECTION('',(1.101975978592E-14,-0.,1.));
#10984 = ORIENTED_EDGE('',*,*,#9538,.T.);
#10985 = ORIENTED_EDGE('',*,*,#8429,.T.);
#10986 = PLANE('',#10987);
#10987 = AXIS2_PLACEMENT_3D('',#10988,#10989,#10990);
#10988 = CARTESIAN_POINT('',(0.635,0.2,1.5));
#10989 = DIRECTION('',(1.,0.,-1.101975978592E-14));
#10990 = DIRECTION('',(-1.101975978592E-14,0.,-1.));
#10991 = ADVANCED_FACE('',(#10992),#10999,.T.);
#10992 = FACE_BOUND('',#10993,.T.);
#10993 = EDGE_LOOP('',(#10994,#10995,#10996,#10997,#10998));
#10994 = ORIENTED_EDGE('',*,*,#10979,.F.);
#10995 = ORIENTED_EDGE('',*,*,#10943,.F.);
#10996 = ORIENTED_EDGE('',*,*,#7624,.F.);
#10997 = ORIENTED_EDGE('',*,*,#10962,.F.);
#10998 = ORIENTED_EDGE('',*,*,#9864,.T.);
#10999 = PLANE('',#11000);
#11000 = AXIS2_PLACEMENT_3D('',#11001,#11002,#11003);
#11001 = CARTESIAN_POINT('',(0.75,0.2,1.195));
#11002 = DIRECTION('',(0.,-1.,0.));
#11003 = DIRECTION('',(0.,-0.,-1.));
#11004 = ADVANCED_FACE('',(#11005),#11024,.F.);
#11005 = FACE_BOUND('',#11006,.F.);
#11006 = EDGE_LOOP('',(#11007,#11008,#11016,#11023));
#11007 = ORIENTED_EDGE('',*,*,#8798,.F.);
#11008 = ORIENTED_EDGE('',*,*,#11009,.F.);
#11009 = EDGE_CURVE('',#11010,#8799,#11012,.T.);
#11010 = VERTEX_POINT('',#11011);
#11011 = CARTESIAN_POINT('',(0.135,0.2,1.195));
#11012 = LINE('',#11013,#11014);
#11013 = CARTESIAN_POINT('',(0.135,0.2,1.195));
#11014 = VECTOR('',#11015,1.);
#11015 = DIRECTION('',(0.,-1.,0.));
#11016 = ORIENTED_EDGE('',*,*,#11017,.F.);
#11017 = EDGE_CURVE('',#7575,#11010,#11018,.T.);
#11018 = CIRCLE('',#11019,0.115);
#11019 = AXIS2_PLACEMENT_3D('',#11020,#11021,#11022);
#11020 = CARTESIAN_POINT('',(0.25,0.2,1.195));
#11021 = DIRECTION('',(0.,1.,0.));
#11022 = DIRECTION('',(0.,-0.,-1.));
#11023 = ORIENTED_EDGE('',*,*,#7574,.T.);
#11024 = CYLINDRICAL_SURFACE('',#11025,0.115);
#11025 = AXIS2_PLACEMENT_3D('',#11026,#11027,#11028);
#11026 = CARTESIAN_POINT('',(0.25,0.2,1.195));
#11027 = DIRECTION('',(0.,-1.,0.));
#11028 = DIRECTION('',(0.,0.,-1.));
#11029 = ADVANCED_FACE('',(#11030),#11042,.T.);
#11030 = FACE_BOUND('',#11031,.T.);
#11031 = EDGE_LOOP('',(#11032,#11033,#11034,#11035,#11041));
#11032 = ORIENTED_EDGE('',*,*,#8791,.T.);
#11033 = ORIENTED_EDGE('',*,*,#8413,.F.);
#11034 = ORIENTED_EDGE('',*,*,#9531,.T.);
#11035 = ORIENTED_EDGE('',*,*,#11036,.T.);
#11036 = EDGE_CURVE('',#9524,#7556,#11037,.T.);
#11037 = LINE('',#11038,#11039);
#11038 = CARTESIAN_POINT('',(0.365,0.2,1.5));
#11039 = VECTOR('',#11040,1.);
#11040 = DIRECTION('',(-1.084202172486E-14,0.,-1.));
#11041 = ORIENTED_EDGE('',*,*,#7555,.T.);
#11042 = PLANE('',#11043);
#11043 = AXIS2_PLACEMENT_3D('',#11044,#11045,#11046);
#11044 = CARTESIAN_POINT('',(0.365,0.2,1.5));
#11045 = DIRECTION('',(-1.,0.,1.084202172486E-14));
#11046 = DIRECTION('',(1.084202172486E-14,0.,1.));
#11047 = ADVANCED_FACE('',(#11048),#11060,.T.);
#11048 = FACE_BOUND('',#11049,.T.);
#11049 = EDGE_LOOP('',(#11050,#11051,#11052,#11058,#11059));
#11050 = ORIENTED_EDGE('',*,*,#8807,.T.);
#11051 = ORIENTED_EDGE('',*,*,#11009,.F.);
#11052 = ORIENTED_EDGE('',*,*,#11053,.T.);
#11053 = EDGE_CURVE('',#11010,#9460,#11054,.T.);
#11054 = LINE('',#11055,#11056);
#11055 = CARTESIAN_POINT('',(0.135,0.2,1.5));
#11056 = VECTOR('',#11057,1.);
#11057 = DIRECTION('',(1.084202172486E-14,-0.,1.));
#11058 = ORIENTED_EDGE('',*,*,#9476,.T.);
#11059 = ORIENTED_EDGE('',*,*,#8349,.T.);
#11060 = PLANE('',#11061);
#11061 = AXIS2_PLACEMENT_3D('',#11062,#11063,#11064);
#11062 = CARTESIAN_POINT('',(0.135,0.2,1.5));
#11063 = DIRECTION('',(1.,0.,-1.084202172486E-14));
#11064 = DIRECTION('',(-1.084202172486E-14,0.,-1.));
#11065 = ADVANCED_FACE('',(#11066),#11073,.T.);
#11066 = FACE_BOUND('',#11067,.T.);
#11067 = EDGE_LOOP('',(#11068,#11069,#11070,#11071,#11072));
#11068 = ORIENTED_EDGE('',*,*,#11053,.F.);
#11069 = ORIENTED_EDGE('',*,*,#11017,.F.);
#11070 = ORIENTED_EDGE('',*,*,#7582,.F.);
#11071 = ORIENTED_EDGE('',*,*,#11036,.F.);
#11072 = ORIENTED_EDGE('',*,*,#9857,.T.);
#11073 = PLANE('',#11074);
#11074 = AXIS2_PLACEMENT_3D('',#11075,#11076,#11077);
#11075 = CARTESIAN_POINT('',(0.25,0.2,1.195));
#11076 = DIRECTION('',(0.,-1.,0.));
#11077 = DIRECTION('',(0.,-0.,-1.));
#11078 = ADVANCED_FACE('',(#11079),#11098,.F.);
#11079 = FACE_BOUND('',#11080,.F.);
#11080 = EDGE_LOOP('',(#11081,#11082,#11090,#11097));
#11081 = ORIENTED_EDGE('',*,*,#8821,.F.);
#11082 = ORIENTED_EDGE('',*,*,#11083,.F.);
#11083 = EDGE_CURVE('',#11084,#8822,#11086,.T.);
#11084 = VERTEX_POINT('',#11085);
#11085 = CARTESIAN_POINT('',(-0.365,0.2,1.195));
#11086 = LINE('',#11087,#11088);
#11087 = CARTESIAN_POINT('',(-0.365,0.2,1.195));
#11088 = VECTOR('',#11089,1.);
#11089 = DIRECTION('',(0.,-1.,0.));
#11090 = ORIENTED_EDGE('',*,*,#11091,.F.);
#11091 = EDGE_CURVE('',#7533,#11084,#11092,.T.);
#11092 = CIRCLE('',#11093,0.115);
#11093 = AXIS2_PLACEMENT_3D('',#11094,#11095,#11096);
#11094 = CARTESIAN_POINT('',(-0.25,0.2,1.195));
#11095 = DIRECTION('',(0.,1.,0.));
#11096 = DIRECTION('',(0.,-0.,-1.));
#11097 = ORIENTED_EDGE('',*,*,#7532,.T.);
#11098 = CYLINDRICAL_SURFACE('',#11099,0.115);
#11099 = AXIS2_PLACEMENT_3D('',#11100,#11101,#11102);
#11100 = CARTESIAN_POINT('',(-0.25,0.2,1.195));
#11101 = DIRECTION('',(0.,-1.,0.));
#11102 = DIRECTION('',(0.,0.,-1.));
#11103 = ADVANCED_FACE('',(#11104),#11116,.T.);
#11104 = FACE_BOUND('',#11105,.T.);
#11105 = EDGE_LOOP('',(#11106,#11107,#11108,#11109,#11115));
#11106 = ORIENTED_EDGE('',*,*,#8814,.T.);
#11107 = ORIENTED_EDGE('',*,*,#8333,.F.);
#11108 = ORIENTED_EDGE('',*,*,#9469,.T.);
#11109 = ORIENTED_EDGE('',*,*,#11110,.T.);
#11110 = EDGE_CURVE('',#9462,#7514,#11111,.T.);
#11111 = LINE('',#11112,#11113);
#11112 = CARTESIAN_POINT('',(-0.135,0.2,1.5));
#11113 = VECTOR('',#11114,1.);
#11114 = DIRECTION('',(-1.084202172486E-14,0.,-1.));
#11115 = ORIENTED_EDGE('',*,*,#7513,.T.);
#11116 = PLANE('',#11117);
#11117 = AXIS2_PLACEMENT_3D('',#11118,#11119,#11120);
#11118 = CARTESIAN_POINT('',(-0.135,0.2,1.5));
#11119 = DIRECTION('',(-1.,0.,1.084202172486E-14));
#11120 = DIRECTION('',(1.084202172486E-14,0.,1.));
#11121 = ADVANCED_FACE('',(#11122),#11134,.T.);
#11122 = FACE_BOUND('',#11123,.T.);
#11123 = EDGE_LOOP('',(#11124,#11125,#11126,#11132,#11133));
#11124 = ORIENTED_EDGE('',*,*,#8830,.T.);
#11125 = ORIENTED_EDGE('',*,*,#11083,.F.);
#11126 = ORIENTED_EDGE('',*,*,#11127,.T.);
#11127 = EDGE_CURVE('',#11084,#9492,#11128,.T.);
#11128 = LINE('',#11129,#11130);
#11129 = CARTESIAN_POINT('',(-0.365,0.2,1.5));
#11130 = VECTOR('',#11131,1.);
#11131 = DIRECTION('',(1.084202172486E-14,-0.,1.));
#11132 = ORIENTED_EDGE('',*,*,#9491,.T.);
#11133 = ORIENTED_EDGE('',*,*,#8373,.T.);
#11134 = PLANE('',#11135);
#11135 = AXIS2_PLACEMENT_3D('',#11136,#11137,#11138);
#11136 = CARTESIAN_POINT('',(-0.365,0.2,1.5));
#11137 = DIRECTION('',(1.,0.,-1.084202172486E-14));
#11138 = DIRECTION('',(-1.084202172486E-14,0.,-1.));
#11139 = ADVANCED_FACE('',(#11140),#11147,.T.);
#11140 = FACE_BOUND('',#11141,.T.);
#11141 = EDGE_LOOP('',(#11142,#11143,#11144,#11145,#11146));
#11142 = ORIENTED_EDGE('',*,*,#11127,.F.);
#11143 = ORIENTED_EDGE('',*,*,#11091,.F.);
#11144 = ORIENTED_EDGE('',*,*,#7540,.F.);
#11145 = ORIENTED_EDGE('',*,*,#11110,.F.);
#11146 = ORIENTED_EDGE('',*,*,#9850,.T.);
#11147 = PLANE('',#11148);
#11148 = AXIS2_PLACEMENT_3D('',#11149,#11150,#11151);
#11149 = CARTESIAN_POINT('',(-0.25,0.2,1.195));
#11150 = DIRECTION('',(0.,-1.,0.));
#11151 = DIRECTION('',(0.,-0.,-1.));
#11152 = ADVANCED_FACE('',(#11153),#11179,.F.);
#11153 = FACE_BOUND('',#11154,.F.);
#11154 = EDGE_LOOP('',(#11155,#11163,#11172,#11178));
#11155 = ORIENTED_EDGE('',*,*,#11156,.F.);
#11156 = EDGE_CURVE('',#11157,#8674,#11159,.T.);
#11157 = VERTEX_POINT('',#11158);
#11158 = CARTESIAN_POINT('',(1.195,0.2,-0.635));
#11159 = LINE('',#11160,#11161);
#11160 = CARTESIAN_POINT('',(1.195,0.2,-0.635));
#11161 = VECTOR('',#11162,1.);
#11162 = DIRECTION('',(0.,-1.,0.));
#11163 = ORIENTED_EDGE('',*,*,#11164,.F.);
#11164 = EDGE_CURVE('',#11165,#11157,#11167,.T.);
#11165 = VERTEX_POINT('',#11166);
#11166 = CARTESIAN_POINT('',(1.195,0.2,-0.865));
#11167 = CIRCLE('',#11168,0.115);
#11168 = AXIS2_PLACEMENT_3D('',#11169,#11170,#11171);
#11169 = CARTESIAN_POINT('',(1.195,0.2,-0.75));
#11170 = DIRECTION('',(0.,1.,0.));
#11171 = DIRECTION('',(0.,-0.,-1.));
#11172 = ORIENTED_EDGE('',*,*,#11173,.T.);
#11173 = EDGE_CURVE('',#11165,#8666,#11174,.T.);
#11174 = LINE('',#11175,#11176);
#11175 = CARTESIAN_POINT('',(1.195,0.2,-0.865));
#11176 = VECTOR('',#11177,1.);
#11177 = DIRECTION('',(0.,-1.,0.));
#11178 = ORIENTED_EDGE('',*,*,#8673,.F.);
#11179 = CYLINDRICAL_SURFACE('',#11180,0.115);
#11180 = AXIS2_PLACEMENT_3D('',#11181,#11182,#11183);
#11181 = CARTESIAN_POINT('',(1.195,0.2,-0.75));
#11182 = DIRECTION('',(0.,-1.,0.));
#11183 = DIRECTION('',(0.,0.,-1.));
#11184 = ADVANCED_FACE('',(#11185),#11197,.T.);
#11185 = FACE_BOUND('',#11186,.T.);
#11186 = EDGE_LOOP('',(#11187,#11188,#11189,#11190,#11196));
#11187 = ORIENTED_EDGE('',*,*,#8665,.T.);
#11188 = ORIENTED_EDGE('',*,*,#8293,.F.);
#11189 = ORIENTED_EDGE('',*,*,#9438,.T.);
#11190 = ORIENTED_EDGE('',*,*,#11191,.T.);
#11191 = EDGE_CURVE('',#9431,#11165,#11192,.T.);
#11192 = LINE('',#11193,#11194);
#11193 = CARTESIAN_POINT('',(1.5,0.2,-0.865));
#11194 = VECTOR('',#11195,1.);
#11195 = DIRECTION('',(-1.,0.,1.137523590804E-14));
#11196 = ORIENTED_EDGE('',*,*,#11173,.T.);
#11197 = PLANE('',#11198);
#11198 = AXIS2_PLACEMENT_3D('',#11199,#11200,#11201);
#11199 = CARTESIAN_POINT('',(1.5,0.2,-0.865));
#11200 = DIRECTION('',(1.137523590804E-14,0.,1.));
#11201 = DIRECTION('',(1.,0.,-1.137523590804E-14));
#11202 = ADVANCED_FACE('',(#11203),#11215,.T.);
#11203 = FACE_BOUND('',#11204,.T.);
#11204 = EDGE_LOOP('',(#11205,#11206,#11207,#11213,#11214));
#11205 = ORIENTED_EDGE('',*,*,#8682,.T.);
#11206 = ORIENTED_EDGE('',*,*,#11156,.F.);
#11207 = ORIENTED_EDGE('',*,*,#11208,.T.);
#11208 = EDGE_CURVE('',#11157,#9584,#11209,.T.);
#11209 = LINE('',#11210,#11211);
#11210 = CARTESIAN_POINT('',(1.5,0.2,-0.635));
#11211 = VECTOR('',#11212,1.);
#11212 = DIRECTION('',(1.,-0.,-1.101975978592E-14));
#11213 = ORIENTED_EDGE('',*,*,#9600,.T.);
#11214 = ORIENTED_EDGE('',*,*,#8269,.T.);
#11215 = PLANE('',#11216);
#11216 = AXIS2_PLACEMENT_3D('',#11217,#11218,#11219);
#11217 = CARTESIAN_POINT('',(1.5,0.2,-0.635));
#11218 = DIRECTION('',(-1.101975978592E-14,0.,-1.));
#11219 = DIRECTION('',(-1.,0.,1.101975978592E-14));
#11220 = ADVANCED_FACE('',(#11221),#11227,.T.);
#11221 = FACE_BOUND('',#11222,.T.);
#11222 = EDGE_LOOP('',(#11223,#11224,#11225,#11226));
#11223 = ORIENTED_EDGE('',*,*,#11208,.F.);
#11224 = ORIENTED_EDGE('',*,*,#11164,.F.);
#11225 = ORIENTED_EDGE('',*,*,#11191,.F.);
#11226 = ORIENTED_EDGE('',*,*,#9812,.T.);
#11227 = PLANE('',#11228);
#11228 = AXIS2_PLACEMENT_3D('',#11229,#11230,#11231);
#11229 = CARTESIAN_POINT('',(1.195,0.2,-0.75));
#11230 = DIRECTION('',(0.,-1.,0.));
#11231 = DIRECTION('',(0.,-0.,-1.));
#11232 = ADVANCED_FACE('',(#11233),#11259,.F.);
#11233 = FACE_BOUND('',#11234,.F.);
#11234 = EDGE_LOOP('',(#11235,#11243,#11252,#11258));
#11235 = ORIENTED_EDGE('',*,*,#11236,.F.);
#11236 = EDGE_CURVE('',#11237,#8698,#11239,.T.);
#11237 = VERTEX_POINT('',#11238);
#11238 = CARTESIAN_POINT('',(1.195,0.2,-0.135));
#11239 = LINE('',#11240,#11241);
#11240 = CARTESIAN_POINT('',(1.195,0.2,-0.135));
#11241 = VECTOR('',#11242,1.);
#11242 = DIRECTION('',(0.,-1.,0.));
#11243 = ORIENTED_EDGE('',*,*,#11244,.F.);
#11244 = EDGE_CURVE('',#11245,#11237,#11247,.T.);
#11245 = VERTEX_POINT('',#11246);
#11246 = CARTESIAN_POINT('',(1.195,0.2,-0.365));
#11247 = CIRCLE('',#11248,0.115);
#11248 = AXIS2_PLACEMENT_3D('',#11249,#11250,#11251);
#11249 = CARTESIAN_POINT('',(1.195,0.2,-0.25));
#11250 = DIRECTION('',(0.,1.,0.));
#11251 = DIRECTION('',(0.,-0.,-1.));
#11252 = ORIENTED_EDGE('',*,*,#11253,.T.);
#11253 = EDGE_CURVE('',#11245,#8690,#11254,.T.);
#11254 = LINE('',#11255,#11256);
#11255 = CARTESIAN_POINT('',(1.195,0.2,-0.365));
#11256 = VECTOR('',#11257,1.);
#11257 = DIRECTION('',(0.,-1.,0.));
#11258 = ORIENTED_EDGE('',*,*,#8697,.F.);
#11259 = CYLINDRICAL_SURFACE('',#11260,0.115);
#11260 = AXIS2_PLACEMENT_3D('',#11261,#11262,#11263);
#11261 = CARTESIAN_POINT('',(1.195,0.2,-0.25));
#11262 = DIRECTION('',(0.,-1.,0.));
#11263 = DIRECTION('',(0.,0.,-1.));
#11264 = ADVANCED_FACE('',(#11265),#11277,.T.);
#11265 = FACE_BOUND('',#11266,.T.);
#11266 = EDGE_LOOP('',(#11267,#11268,#11269,#11270,#11276));
#11267 = ORIENTED_EDGE('',*,*,#8689,.T.);
#11268 = ORIENTED_EDGE('',*,*,#8253,.F.);
#11269 = ORIENTED_EDGE('',*,*,#9593,.T.);
#11270 = ORIENTED_EDGE('',*,*,#11271,.T.);
#11271 = EDGE_CURVE('',#9586,#11245,#11272,.T.);
#11272 = LINE('',#11273,#11274);
#11273 = CARTESIAN_POINT('',(1.5,0.2,-0.365));
#11274 = VECTOR('',#11275,1.);
#11275 = DIRECTION('',(-1.,0.,1.066428366379E-14));
#11276 = ORIENTED_EDGE('',*,*,#11253,.T.);
#11277 = PLANE('',#11278);
#11278 = AXIS2_PLACEMENT_3D('',#11279,#11280,#11281);
#11279 = CARTESIAN_POINT('',(1.5,0.2,-0.365));
#11280 = DIRECTION('',(1.066428366379E-14,0.,1.));
#11281 = DIRECTION('',(1.,0.,-1.066428366379E-14));
#11282 = ADVANCED_FACE('',(#11283),#11295,.T.);
#11283 = FACE_BOUND('',#11284,.T.);
#11284 = EDGE_LOOP('',(#11285,#11286,#11287,#11293,#11294));
#11285 = ORIENTED_EDGE('',*,*,#8706,.T.);
#11286 = ORIENTED_EDGE('',*,*,#11236,.F.);
#11287 = ORIENTED_EDGE('',*,*,#11288,.T.);
#11288 = EDGE_CURVE('',#11237,#9553,#11289,.T.);
#11289 = LINE('',#11290,#11291);
#11290 = CARTESIAN_POINT('',(1.5,0.2,-0.135));
#11291 = VECTOR('',#11292,1.);
#11292 = DIRECTION('',(1.,-0.,-1.084202172486E-14));
#11293 = ORIENTED_EDGE('',*,*,#9569,.T.);
#11294 = ORIENTED_EDGE('',*,*,#8229,.T.);
#11295 = PLANE('',#11296);
#11296 = AXIS2_PLACEMENT_3D('',#11297,#11298,#11299);
#11297 = CARTESIAN_POINT('',(1.5,0.2,-0.135));
#11298 = DIRECTION('',(-1.084202172486E-14,0.,-1.));
#11299 = DIRECTION('',(-1.,0.,1.084202172486E-14));
#11300 = ADVANCED_FACE('',(#11301),#11307,.T.);
#11301 = FACE_BOUND('',#11302,.T.);
#11302 = EDGE_LOOP('',(#11303,#11304,#11305,#11306));
#11303 = ORIENTED_EDGE('',*,*,#11288,.F.);
#11304 = ORIENTED_EDGE('',*,*,#11244,.F.);
#11305 = ORIENTED_EDGE('',*,*,#11271,.F.);
#11306 = ORIENTED_EDGE('',*,*,#9805,.T.);
#11307 = PLANE('',#11308);
#11308 = AXIS2_PLACEMENT_3D('',#11309,#11310,#11311);
#11309 = CARTESIAN_POINT('',(1.195,0.2,-0.25));
#11310 = DIRECTION('',(0.,-1.,0.));
#11311 = DIRECTION('',(0.,-0.,-1.));
#11312 = ADVANCED_FACE('',(#11313),#11339,.F.);
#11313 = FACE_BOUND('',#11314,.F.);
#11314 = EDGE_LOOP('',(#11315,#11323,#11332,#11338));
#11315 = ORIENTED_EDGE('',*,*,#11316,.F.);
#11316 = EDGE_CURVE('',#11317,#8722,#11319,.T.);
#11317 = VERTEX_POINT('',#11318);
#11318 = CARTESIAN_POINT('',(1.195,0.2,0.365));
#11319 = LINE('',#11320,#11321);
#11320 = CARTESIAN_POINT('',(1.195,0.2,0.365));
#11321 = VECTOR('',#11322,1.);
#11322 = DIRECTION('',(0.,-1.,0.));
#11323 = ORIENTED_EDGE('',*,*,#11324,.F.);
#11324 = EDGE_CURVE('',#11325,#11317,#11327,.T.);
#11325 = VERTEX_POINT('',#11326);
#11326 = CARTESIAN_POINT('',(1.195,0.2,0.135));
#11327 = CIRCLE('',#11328,0.115);
#11328 = AXIS2_PLACEMENT_3D('',#11329,#11330,#11331);
#11329 = CARTESIAN_POINT('',(1.195,0.2,0.25));
#11330 = DIRECTION('',(0.,1.,0.));
#11331 = DIRECTION('',(0.,-0.,-1.));
#11332 = ORIENTED_EDGE('',*,*,#11333,.T.);
#11333 = EDGE_CURVE('',#11325,#8714,#11334,.T.);
#11334 = LINE('',#11335,#11336);
#11335 = CARTESIAN_POINT('',(1.195,0.2,0.135));
#11336 = VECTOR('',#11337,1.);
#11337 = DIRECTION('',(0.,-1.,0.));
#11338 = ORIENTED_EDGE('',*,*,#8721,.F.);
#11339 = CYLINDRICAL_SURFACE('',#11340,0.115);
#11340 = AXIS2_PLACEMENT_3D('',#11341,#11342,#11343);
#11341 = CARTESIAN_POINT('',(1.195,0.2,0.25));
#11342 = DIRECTION('',(0.,-1.,0.));
#11343 = DIRECTION('',(0.,0.,-1.));
#11344 = ADVANCED_FACE('',(#11345),#11357,.T.);
#11345 = FACE_BOUND('',#11346,.T.);
#11346 = EDGE_LOOP('',(#11347,#11348,#11349,#11350,#11356));
#11347 = ORIENTED_EDGE('',*,*,#8713,.T.);
#11348 = ORIENTED_EDGE('',*,*,#8213,.F.);
#11349 = ORIENTED_EDGE('',*,*,#9562,.T.);
#11350 = ORIENTED_EDGE('',*,*,#11351,.T.);
#11351 = EDGE_CURVE('',#9555,#11325,#11352,.T.);
#11352 = LINE('',#11353,#11354);
#11353 = CARTESIAN_POINT('',(1.5,0.2,0.135));
#11354 = VECTOR('',#11355,1.);
#11355 = DIRECTION('',(-1.,0.,1.084202172486E-14));
#11356 = ORIENTED_EDGE('',*,*,#11333,.T.);
#11357 = PLANE('',#11358);
#11358 = AXIS2_PLACEMENT_3D('',#11359,#11360,#11361);
#11359 = CARTESIAN_POINT('',(1.5,0.2,0.135));
#11360 = DIRECTION('',(1.084202172486E-14,0.,1.));
#11361 = DIRECTION('',(1.,0.,-1.084202172486E-14));
#11362 = ADVANCED_FACE('',(#11363),#11375,.T.);
#11363 = FACE_BOUND('',#11364,.T.);
#11364 = EDGE_LOOP('',(#11365,#11366,#11367,#11373,#11374));
#11365 = ORIENTED_EDGE('',*,*,#8730,.T.);
#11366 = ORIENTED_EDGE('',*,*,#11316,.F.);
#11367 = ORIENTED_EDGE('',*,*,#11368,.T.);
#11368 = EDGE_CURVE('',#11317,#9174,#11369,.T.);
#11369 = LINE('',#11370,#11371);
#11370 = CARTESIAN_POINT('',(1.5,0.2,0.365));
#11371 = VECTOR('',#11372,1.);
#11372 = DIRECTION('',(1.,-0.,-1.066428366379E-14));
#11373 = ORIENTED_EDGE('',*,*,#9190,.T.);
#11374 = ORIENTED_EDGE('',*,*,#8149,.T.);
#11375 = PLANE('',#11376);
#11376 = AXIS2_PLACEMENT_3D('',#11377,#11378,#11379);
#11377 = CARTESIAN_POINT('',(1.5,0.2,0.365));
#11378 = DIRECTION('',(-1.066428366379E-14,0.,-1.));
#11379 = DIRECTION('',(-1.,0.,1.066428366379E-14));
#11380 = ADVANCED_FACE('',(#11381),#11387,.T.);
#11381 = FACE_BOUND('',#11382,.T.);
#11382 = EDGE_LOOP('',(#11383,#11384,#11385,#11386));
#11383 = ORIENTED_EDGE('',*,*,#11368,.F.);
#11384 = ORIENTED_EDGE('',*,*,#11324,.F.);
#11385 = ORIENTED_EDGE('',*,*,#11351,.F.);
#11386 = ORIENTED_EDGE('',*,*,#9798,.T.);
#11387 = PLANE('',#11388);
#11388 = AXIS2_PLACEMENT_3D('',#11389,#11390,#11391);
#11389 = CARTESIAN_POINT('',(1.195,0.2,0.25));
#11390 = DIRECTION('',(0.,-1.,0.));
#11391 = DIRECTION('',(0.,-0.,-1.));
#11392 = ADVANCED_FACE('',(#11393),#11419,.F.);
#11393 = FACE_BOUND('',#11394,.F.);
#11394 = EDGE_LOOP('',(#11395,#11403,#11412,#11418));
#11395 = ORIENTED_EDGE('',*,*,#11396,.F.);
#11396 = EDGE_CURVE('',#11397,#8746,#11399,.T.);
#11397 = VERTEX_POINT('',#11398);
#11398 = CARTESIAN_POINT('',(1.195,0.2,0.865));
#11399 = LINE('',#11400,#11401);
#11400 = CARTESIAN_POINT('',(1.195,0.2,0.865));
#11401 = VECTOR('',#11402,1.);
#11402 = DIRECTION('',(0.,-1.,0.));
#11403 = ORIENTED_EDGE('',*,*,#11404,.F.);
#11404 = EDGE_CURVE('',#11405,#11397,#11407,.T.);
#11405 = VERTEX_POINT('',#11406);
#11406 = CARTESIAN_POINT('',(1.195,0.2,0.635));
#11407 = CIRCLE('',#11408,0.115);
#11408 = AXIS2_PLACEMENT_3D('',#11409,#11410,#11411);
#11409 = CARTESIAN_POINT('',(1.195,0.2,0.75));
#11410 = DIRECTION('',(0.,1.,0.));
#11411 = DIRECTION('',(0.,-0.,-1.));
#11412 = ORIENTED_EDGE('',*,*,#11413,.T.);
#11413 = EDGE_CURVE('',#11405,#8738,#11414,.T.);
#11414 = LINE('',#11415,#11416);
#11415 = CARTESIAN_POINT('',(1.195,0.2,0.635));
#11416 = VECTOR('',#11417,1.);
#11417 = DIRECTION('',(0.,-1.,0.));
#11418 = ORIENTED_EDGE('',*,*,#8745,.F.);
#11419 = CYLINDRICAL_SURFACE('',#11420,0.115);
#11420 = AXIS2_PLACEMENT_3D('',#11421,#11422,#11423);
#11421 = CARTESIAN_POINT('',(1.195,0.2,0.75));
#11422 = DIRECTION('',(0.,-1.,0.));
#11423 = DIRECTION('',(0.,0.,-1.));
#11424 = ADVANCED_FACE('',(#11425),#11437,.T.);
#11425 = FACE_BOUND('',#11426,.T.);
#11426 = EDGE_LOOP('',(#11427,#11428,#11429,#11430,#11436));
#11427 = ORIENTED_EDGE('',*,*,#8737,.T.);
#11428 = ORIENTED_EDGE('',*,*,#8133,.F.);
#11429 = ORIENTED_EDGE('',*,*,#9183,.T.);
#11430 = ORIENTED_EDGE('',*,*,#11431,.T.);
#11431 = EDGE_CURVE('',#9176,#11405,#11432,.T.);
#11432 = LINE('',#11433,#11434);
#11433 = CARTESIAN_POINT('',(1.5,0.2,0.635));
#11434 = VECTOR('',#11435,1.);
#11435 = DIRECTION('',(-1.,0.,1.066428366379E-14));
#11436 = ORIENTED_EDGE('',*,*,#11413,.T.);
#11437 = PLANE('',#11438);
#11438 = AXIS2_PLACEMENT_3D('',#11439,#11440,#11441);
#11439 = CARTESIAN_POINT('',(1.5,0.2,0.635));
#11440 = DIRECTION('',(1.066428366379E-14,0.,1.));
#11441 = DIRECTION('',(1.,0.,-1.066428366379E-14));
#11442 = ADVANCED_FACE('',(#11443),#11455,.T.);
#11443 = FACE_BOUND('',#11444,.T.);
#11444 = EDGE_LOOP('',(#11445,#11446,#11447,#11453,#11454));
#11445 = ORIENTED_EDGE('',*,*,#8754,.T.);
#11446 = ORIENTED_EDGE('',*,*,#11396,.F.);
#11447 = ORIENTED_EDGE('',*,*,#11448,.T.);
#11448 = EDGE_CURVE('',#11397,#9206,#11449,.T.);
#11449 = LINE('',#11450,#11451);
#11450 = CARTESIAN_POINT('',(1.5,0.2,0.865));
#11451 = VECTOR('',#11452,1.);
#11452 = DIRECTION('',(1.,-0.,-1.101975978592E-14));
#11453 = ORIENTED_EDGE('',*,*,#9205,.T.);
#11454 = ORIENTED_EDGE('',*,*,#8173,.T.);
#11455 = PLANE('',#11456);
#11456 = AXIS2_PLACEMENT_3D('',#11457,#11458,#11459);
#11457 = CARTESIAN_POINT('',(1.5,0.2,0.865));
#11458 = DIRECTION('',(-1.101975978592E-14,0.,-1.));
#11459 = DIRECTION('',(-1.,0.,1.101975978592E-14));
#11460 = ADVANCED_FACE('',(#11461),#11467,.T.);
#11461 = FACE_BOUND('',#11462,.T.);
#11462 = EDGE_LOOP('',(#11463,#11464,#11465,#11466));
#11463 = ORIENTED_EDGE('',*,*,#11448,.F.);
#11464 = ORIENTED_EDGE('',*,*,#11404,.F.);
#11465 = ORIENTED_EDGE('',*,*,#11431,.F.);
#11466 = ORIENTED_EDGE('',*,*,#9791,.T.);
#11467 = PLANE('',#11468);
#11468 = AXIS2_PLACEMENT_3D('',#11469,#11470,#11471);
#11469 = CARTESIAN_POINT('',(1.195,0.2,0.75));
#11470 = DIRECTION('',(0.,-1.,0.));
#11471 = DIRECTION('',(0.,-0.,-1.));
#11472 = ADVANCED_FACE('',(#11473),#11499,.F.);
#11473 = FACE_BOUND('',#11474,.F.);
#11474 = EDGE_LOOP('',(#11475,#11483,#11492,#11498));
#11475 = ORIENTED_EDGE('',*,*,#11476,.F.);
#11476 = EDGE_CURVE('',#11477,#8524,#11479,.T.);
#11477 = VERTEX_POINT('',#11478);
#11478 = CARTESIAN_POINT('',(-0.435,0.2,0.55));
#11479 = LINE('',#11480,#11481);
#11480 = CARTESIAN_POINT('',(-0.435,0.2,0.55));
#11481 = VECTOR('',#11482,1.);
#11482 = DIRECTION('',(0.,-1.,0.));
#11483 = ORIENTED_EDGE('',*,*,#11484,.F.);
#11484 = EDGE_CURVE('',#11485,#11477,#11487,.T.);
#11485 = VERTEX_POINT('',#11486);
#11486 = CARTESIAN_POINT('',(-0.55,0.2,0.435));
#11487 = CIRCLE('',#11488,0.115);
#11488 = AXIS2_PLACEMENT_3D('',#11489,#11490,#11491);
#11489 = CARTESIAN_POINT('',(-0.435,0.2,0.435));
#11490 = DIRECTION('',(0.,1.,0.));
#11491 = DIRECTION('',(0.,-0.,-1.));
#11492 = ORIENTED_EDGE('',*,*,#11493,.T.);
#11493 = EDGE_CURVE('',#11485,#8526,#11494,.T.);
#11494 = LINE('',#11495,#11496);
#11495 = CARTESIAN_POINT('',(-0.55,0.2,0.435));
#11496 = VECTOR('',#11497,1.);
#11497 = DIRECTION('',(0.,-1.,0.));
#11498 = ORIENTED_EDGE('',*,*,#8523,.F.);
#11499 = CYLINDRICAL_SURFACE('',#11500,0.115);
#11500 = AXIS2_PLACEMENT_3D('',#11501,#11502,#11503);
#11501 = CARTESIAN_POINT('',(-0.435,0.2,0.435));
#11502 = DIRECTION('',(0.,-1.,0.));
#11503 = DIRECTION('',(0.,0.,-1.));
#11504 = ADVANCED_FACE('',(#11505),#11523,.T.);
#11505 = FACE_BOUND('',#11506,.T.);
#11506 = EDGE_LOOP('',(#11507,#11508,#11509,#11517));
#11507 = ORIENTED_EDGE('',*,*,#8534,.T.);
#11508 = ORIENTED_EDGE('',*,*,#11476,.F.);
#11509 = ORIENTED_EDGE('',*,*,#11510,.T.);
#11510 = EDGE_CURVE('',#11477,#11511,#11513,.T.);
#11511 = VERTEX_POINT('',#11512);
#11512 = CARTESIAN_POINT('',(0.435,0.2,0.55));
#11513 = LINE('',#11514,#11515);
#11514 = CARTESIAN_POINT('',(-0.435,0.2,0.55));
#11515 = VECTOR('',#11516,1.);
#11516 = DIRECTION('',(1.,0.,0.));
#11517 = ORIENTED_EDGE('',*,*,#11518,.T.);
#11518 = EDGE_CURVE('',#11511,#8535,#11519,.T.);
#11519 = LINE('',#11520,#11521);
#11520 = CARTESIAN_POINT('',(0.435,0.2,0.55));
#11521 = VECTOR('',#11522,1.);
#11522 = DIRECTION('',(0.,-1.,0.));
#11523 = PLANE('',#11524);
#11524 = AXIS2_PLACEMENT_3D('',#11525,#11526,#11527);
#11525 = CARTESIAN_POINT('',(-0.435,0.2,0.55));
#11526 = DIRECTION('',(0.,0.,-1.));
#11527 = DIRECTION('',(-1.,0.,-0.));
#11528 = ADVANCED_FACE('',(#11529),#11548,.F.);
#11529 = FACE_BOUND('',#11530,.F.);
#11530 = EDGE_LOOP('',(#11531,#11539,#11546,#11547));
#11531 = ORIENTED_EDGE('',*,*,#11532,.F.);
#11532 = EDGE_CURVE('',#11533,#8543,#11535,.T.);
#11533 = VERTEX_POINT('',#11534);
#11534 = CARTESIAN_POINT('',(0.55,0.2,0.435));
#11535 = LINE('',#11536,#11537);
#11536 = CARTESIAN_POINT('',(0.55,0.2,0.435));
#11537 = VECTOR('',#11538,1.);
#11538 = DIRECTION('',(0.,-1.,0.));
#11539 = ORIENTED_EDGE('',*,*,#11540,.F.);
#11540 = EDGE_CURVE('',#11511,#11533,#11541,.T.);
#11541 = CIRCLE('',#11542,0.115);
#11542 = AXIS2_PLACEMENT_3D('',#11543,#11544,#11545);
#11543 = CARTESIAN_POINT('',(0.435,0.2,0.435));
#11544 = DIRECTION('',(0.,1.,0.));
#11545 = DIRECTION('',(0.,-0.,1.));
#11546 = ORIENTED_EDGE('',*,*,#11518,.T.);
#11547 = ORIENTED_EDGE('',*,*,#8542,.F.);
#11548 = CYLINDRICAL_SURFACE('',#11549,0.115);
#11549 = AXIS2_PLACEMENT_3D('',#11550,#11551,#11552);
#11550 = CARTESIAN_POINT('',(0.435,0.2,0.435));
#11551 = DIRECTION('',(0.,-1.,0.));
#11552 = DIRECTION('',(0.,0.,-1.));
#11553 = ADVANCED_FACE('',(#11554),#11572,.T.);
#11554 = FACE_BOUND('',#11555,.T.);
#11555 = EDGE_LOOP('',(#11556,#11557,#11558,#11566));
#11556 = ORIENTED_EDGE('',*,*,#8551,.T.);
#11557 = ORIENTED_EDGE('',*,*,#11532,.F.);
#11558 = ORIENTED_EDGE('',*,*,#11559,.T.);
#11559 = EDGE_CURVE('',#11533,#11560,#11562,.T.);
#11560 = VERTEX_POINT('',#11561);
#11561 = CARTESIAN_POINT('',(0.55,0.2,-0.435));
#11562 = LINE('',#11563,#11564);
#11563 = CARTESIAN_POINT('',(0.55,0.2,0.435));
#11564 = VECTOR('',#11565,1.);
#11565 = DIRECTION('',(0.,0.,-1.));
#11566 = ORIENTED_EDGE('',*,*,#11567,.T.);
#11567 = EDGE_CURVE('',#11560,#8552,#11568,.T.);
#11568 = LINE('',#11569,#11570);
#11569 = CARTESIAN_POINT('',(0.55,0.2,-0.435));
#11570 = VECTOR('',#11571,1.);
#11571 = DIRECTION('',(0.,-1.,0.));
#11572 = PLANE('',#11573);
#11573 = AXIS2_PLACEMENT_3D('',#11574,#11575,#11576);
#11574 = CARTESIAN_POINT('',(0.55,0.2,0.435));
#11575 = DIRECTION('',(-1.,0.,-0.));
#11576 = DIRECTION('',(0.,0.,1.));
#11577 = ADVANCED_FACE('',(#11578),#11597,.F.);
#11578 = FACE_BOUND('',#11579,.F.);
#11579 = EDGE_LOOP('',(#11580,#11588,#11595,#11596));
#11580 = ORIENTED_EDGE('',*,*,#11581,.F.);
#11581 = EDGE_CURVE('',#11582,#8560,#11584,.T.);
#11582 = VERTEX_POINT('',#11583);
#11583 = CARTESIAN_POINT('',(0.435,0.2,-0.55));
#11584 = LINE('',#11585,#11586);
#11585 = CARTESIAN_POINT('',(0.435,0.2,-0.55));
#11586 = VECTOR('',#11587,1.);
#11587 = DIRECTION('',(0.,-1.,0.));
#11588 = ORIENTED_EDGE('',*,*,#11589,.F.);
#11589 = EDGE_CURVE('',#11560,#11582,#11590,.T.);
#11590 = CIRCLE('',#11591,0.115);
#11591 = AXIS2_PLACEMENT_3D('',#11592,#11593,#11594);
#11592 = CARTESIAN_POINT('',(0.435,0.2,-0.435));
#11593 = DIRECTION('',(0.,1.,0.));
#11594 = DIRECTION('',(0.,-0.,-1.));
#11595 = ORIENTED_EDGE('',*,*,#11567,.T.);
#11596 = ORIENTED_EDGE('',*,*,#8559,.F.);
#11597 = CYLINDRICAL_SURFACE('',#11598,0.115);
#11598 = AXIS2_PLACEMENT_3D('',#11599,#11600,#11601);
#11599 = CARTESIAN_POINT('',(0.435,0.2,-0.435));
#11600 = DIRECTION('',(0.,-1.,0.));
#11601 = DIRECTION('',(0.,0.,-1.));
#11602 = ADVANCED_FACE('',(#11603),#11621,.T.);
#11603 = FACE_BOUND('',#11604,.T.);
#11604 = EDGE_LOOP('',(#11605,#11606,#11607,#11615));
#11605 = ORIENTED_EDGE('',*,*,#8568,.T.);
#11606 = ORIENTED_EDGE('',*,*,#11581,.F.);
#11607 = ORIENTED_EDGE('',*,*,#11608,.T.);
#11608 = EDGE_CURVE('',#11582,#11609,#11611,.T.);
#11609 = VERTEX_POINT('',#11610);
#11610 = CARTESIAN_POINT('',(-0.435,0.2,-0.55));
#11611 = LINE('',#11612,#11613);
#11612 = CARTESIAN_POINT('',(-0.435,0.2,-0.55));
#11613 = VECTOR('',#11614,1.);
#11614 = DIRECTION('',(-1.,-0.,-0.));
#11615 = ORIENTED_EDGE('',*,*,#11616,.T.);
#11616 = EDGE_CURVE('',#11609,#8569,#11617,.T.);
#11617 = LINE('',#11618,#11619);
#11618 = CARTESIAN_POINT('',(-0.435,0.2,-0.55));
#11619 = VECTOR('',#11620,1.);
#11620 = DIRECTION('',(0.,-1.,0.));
#11621 = PLANE('',#11622);
#11622 = AXIS2_PLACEMENT_3D('',#11623,#11624,#11625);
#11623 = CARTESIAN_POINT('',(-0.435,0.2,-0.55));
#11624 = DIRECTION('',(-0.,0.,1.));
#11625 = DIRECTION('',(1.,0.,0.));
#11626 = ADVANCED_FACE('',(#11627),#11646,.F.);
#11627 = FACE_BOUND('',#11628,.F.);
#11628 = EDGE_LOOP('',(#11629,#11637,#11644,#11645));
#11629 = ORIENTED_EDGE('',*,*,#11630,.F.);
#11630 = EDGE_CURVE('',#11631,#8577,#11633,.T.);
#11631 = VERTEX_POINT('',#11632);
#11632 = CARTESIAN_POINT('',(-0.55,0.2,-0.435));
#11633 = LINE('',#11634,#11635);
#11634 = CARTESIAN_POINT('',(-0.55,0.2,-0.435));
#11635 = VECTOR('',#11636,1.);
#11636 = DIRECTION('',(0.,-1.,0.));
#11637 = ORIENTED_EDGE('',*,*,#11638,.F.);
#11638 = EDGE_CURVE('',#11609,#11631,#11639,.T.);
#11639 = CIRCLE('',#11640,0.115);
#11640 = AXIS2_PLACEMENT_3D('',#11641,#11642,#11643);
#11641 = CARTESIAN_POINT('',(-0.435,0.2,-0.435));
#11642 = DIRECTION('',(0.,1.,0.));
#11643 = DIRECTION('',(0.,-0.,-1.));
#11644 = ORIENTED_EDGE('',*,*,#11616,.T.);
#11645 = ORIENTED_EDGE('',*,*,#8576,.F.);
#11646 = CYLINDRICAL_SURFACE('',#11647,0.115);
#11647 = AXIS2_PLACEMENT_3D('',#11648,#11649,#11650);
#11648 = CARTESIAN_POINT('',(-0.435,0.2,-0.435));
#11649 = DIRECTION('',(0.,-1.,0.));
#11650 = DIRECTION('',(0.,0.,-1.));
#11651 = ADVANCED_FACE('',(#11652),#11670,.T.);
#11652 = FACE_BOUND('',#11653,.T.);
#11653 = EDGE_LOOP('',(#11654,#11655,#11656,#11664));
#11654 = ORIENTED_EDGE('',*,*,#8585,.T.);
#11655 = ORIENTED_EDGE('',*,*,#11630,.F.);
#11656 = ORIENTED_EDGE('',*,*,#11657,.T.);
#11657 = EDGE_CURVE('',#11631,#11658,#11660,.T.);
#11658 = VERTEX_POINT('',#11659);
#11659 = CARTESIAN_POINT('',(-0.55,0.2,-0.325));
#11660 = LINE('',#11661,#11662);
#11661 = CARTESIAN_POINT('',(-0.55,0.2,-0.325));
#11662 = VECTOR('',#11663,1.);
#11663 = DIRECTION('',(-0.,-0.,1.));
#11664 = ORIENTED_EDGE('',*,*,#11665,.T.);
#11665 = EDGE_CURVE('',#11658,#8586,#11666,.T.);
#11666 = LINE('',#11667,#11668);
#11667 = CARTESIAN_POINT('',(-0.55,0.2,-0.325));
#11668 = VECTOR('',#11669,1.);
#11669 = DIRECTION('',(0.,-1.,0.));
#11670 = PLANE('',#11671);
#11671 = AXIS2_PLACEMENT_3D('',#11672,#11673,#11674);
#11672 = CARTESIAN_POINT('',(-0.55,0.2,-0.325));
#11673 = DIRECTION('',(1.,0.,0.));
#11674 = DIRECTION('',(0.,0.,-1.));
#11675 = ADVANCED_FACE('',(#11676),#11695,.T.);
#11676 = FACE_BOUND('',#11677,.T.);
#11677 = EDGE_LOOP('',(#11678,#11679,#11680,#11689));
#11678 = ORIENTED_EDGE('',*,*,#8593,.T.);
#11679 = ORIENTED_EDGE('',*,*,#11665,.F.);
#11680 = ORIENTED_EDGE('',*,*,#11681,.T.);
#11681 = EDGE_CURVE('',#11658,#11682,#11684,.T.);
#11682 = VERTEX_POINT('',#11683);
#11683 = CARTESIAN_POINT('',(-0.55,0.2,-0.175));
#11684 = CIRCLE('',#11685,7.5E-02);
#11685 = AXIS2_PLACEMENT_3D('',#11686,#11687,#11688);
#11686 = CARTESIAN_POINT('',(-0.55,0.2,-0.25));
#11687 = DIRECTION('',(0.,-1.,0.));
#11688 = DIRECTION('',(0.,0.,1.));
#11689 = ORIENTED_EDGE('',*,*,#11690,.T.);
#11690 = EDGE_CURVE('',#11682,#8594,#11691,.T.);
#11691 = LINE('',#11692,#11693);
#11692 = CARTESIAN_POINT('',(-0.55,0.2,-0.175));
#11693 = VECTOR('',#11694,1.);
#11694 = DIRECTION('',(0.,-1.,0.));
#11695 = CYLINDRICAL_SURFACE('',#11696,7.5E-02);
#11696 = AXIS2_PLACEMENT_3D('',#11697,#11698,#11699);
#11697 = CARTESIAN_POINT('',(-0.55,0.2,-0.25));
#11698 = DIRECTION('',(0.,-1.,0.));
#11699 = DIRECTION('',(0.,0.,-1.));
#11700 = ADVANCED_FACE('',(#11701),#11712,.T.);
#11701 = FACE_BOUND('',#11702,.T.);
#11702 = EDGE_LOOP('',(#11703,#11704,#11705,#11711));
#11703 = ORIENTED_EDGE('',*,*,#8602,.T.);
#11704 = ORIENTED_EDGE('',*,*,#11690,.F.);
#11705 = ORIENTED_EDGE('',*,*,#11706,.T.);
#11706 = EDGE_CURVE('',#11682,#11485,#11707,.T.);
#11707 = LINE('',#11708,#11709);
#11708 = CARTESIAN_POINT('',(-0.55,0.2,0.435));
#11709 = VECTOR('',#11710,1.);
#11710 = DIRECTION('',(-0.,-0.,1.));
#11711 = ORIENTED_EDGE('',*,*,#11493,.T.);
#11712 = PLANE('',#11713);
#11713 = AXIS2_PLACEMENT_3D('',#11714,#11715,#11716);
#11714 = CARTESIAN_POINT('',(-0.55,0.2,0.435));
#11715 = DIRECTION('',(1.,0.,0.));
#11716 = DIRECTION('',(0.,0.,-1.));
#11717 = ADVANCED_FACE('',(#11718),#11730,.T.);
#11718 = FACE_BOUND('',#11719,.T.);
#11719 = EDGE_LOOP('',(#11720,#11721,#11722,#11723,#11724,#11725,#11726,
    #11727,#11728,#11729));
#11720 = ORIENTED_EDGE('',*,*,#11484,.F.);
#11721 = ORIENTED_EDGE('',*,*,#11706,.F.);
#11722 = ORIENTED_EDGE('',*,*,#11681,.F.);
#11723 = ORIENTED_EDGE('',*,*,#11657,.F.);
#11724 = ORIENTED_EDGE('',*,*,#11638,.F.);
#11725 = ORIENTED_EDGE('',*,*,#11608,.F.);
#11726 = ORIENTED_EDGE('',*,*,#11589,.F.);
#11727 = ORIENTED_EDGE('',*,*,#11559,.F.);
#11728 = ORIENTED_EDGE('',*,*,#11540,.F.);
#11729 = ORIENTED_EDGE('',*,*,#11510,.F.);
#11730 = PLANE('',#11731);
#11731 = AXIS2_PLACEMENT_3D('',#11732,#11733,#11734);
#11732 = CARTESIAN_POINT('',(-0.435,0.2,0.435));
#11733 = DIRECTION('',(0.,-1.,0.));
#11734 = DIRECTION('',(0.,-0.,-1.));
#11735 = MANIFOLD_SOLID_BREP('',#11736);
#11736 = CLOSED_SHELL('',(#11737,#11777,#11808,#11841,#11863,#11875));
#11737 = ADVANCED_FACE('',(#11738),#11772,.F.);
#11738 = FACE_BOUND('',#11739,.T.);
#11739 = EDGE_LOOP('',(#11740,#11750,#11758,#11766));
#11740 = ORIENTED_EDGE('',*,*,#11741,.T.);
#11741 = EDGE_CURVE('',#11742,#11744,#11746,.T.);
#11742 = VERTEX_POINT('',#11743);
#11743 = CARTESIAN_POINT('',(-1.5,0.,-0.865));
#11744 = VERTEX_POINT('',#11745);
#11745 = CARTESIAN_POINT('',(-1.5,0.,-0.635));
#11746 = LINE('',#11747,#11748);
#11747 = CARTESIAN_POINT('',(-1.5,0.,-0.865));
#11748 = VECTOR('',#11749,1.);
#11749 = DIRECTION('',(0.,0.,1.));
#11750 = ORIENTED_EDGE('',*,*,#11751,.F.);
#11751 = EDGE_CURVE('',#11752,#11744,#11754,.T.);
#11752 = VERTEX_POINT('',#11753);
#11753 = CARTESIAN_POINT('',(-1.5,0.2,-0.635));
#11754 = LINE('',#11755,#11756);
#11755 = CARTESIAN_POINT('',(-1.5,0.2,-0.635));
#11756 = VECTOR('',#11757,1.);
#11757 = DIRECTION('',(-0.,-1.,-0.));
#11758 = ORIENTED_EDGE('',*,*,#11759,.F.);
#11759 = EDGE_CURVE('',#11760,#11752,#11762,.T.);
#11760 = VERTEX_POINT('',#11761);
#11761 = CARTESIAN_POINT('',(-1.5,0.2,-0.865));
#11762 = LINE('',#11763,#11764);
#11763 = CARTESIAN_POINT('',(-1.5,0.2,-0.865));
#11764 = VECTOR('',#11765,1.);
#11765 = DIRECTION('',(0.,0.,1.));
#11766 = ORIENTED_EDGE('',*,*,#11767,.T.);
#11767 = EDGE_CURVE('',#11760,#11742,#11768,.T.);
#11768 = LINE('',#11769,#11770);
#11769 = CARTESIAN_POINT('',(-1.5,0.2,-0.865));
#11770 = VECTOR('',#11771,1.);
#11771 = DIRECTION('',(-0.,-1.,-0.));
#11772 = PLANE('',#11773);
#11773 = AXIS2_PLACEMENT_3D('',#11774,#11775,#11776);
#11774 = CARTESIAN_POINT('',(-1.5,0.2,-0.865));
#11775 = DIRECTION('',(1.,0.,0.));
#11776 = DIRECTION('',(0.,0.,-1.));
#11777 = ADVANCED_FACE('',(#11778),#11803,.F.);
#11778 = FACE_BOUND('',#11779,.T.);
#11779 = EDGE_LOOP('',(#11780,#11788,#11796,#11802));
#11780 = ORIENTED_EDGE('',*,*,#11781,.T.);
#11781 = EDGE_CURVE('',#11744,#11782,#11784,.T.);
#11782 = VERTEX_POINT('',#11783);
#11783 = CARTESIAN_POINT('',(-1.195,0.,-0.635));
#11784 = LINE('',#11785,#11786);
#11785 = CARTESIAN_POINT('',(-1.5,0.,-0.635));
#11786 = VECTOR('',#11787,1.);
#11787 = DIRECTION('',(1.,0.,4.087975404454E-14));
#11788 = ORIENTED_EDGE('',*,*,#11789,.F.);
#11789 = EDGE_CURVE('',#11790,#11782,#11792,.T.);
#11790 = VERTEX_POINT('',#11791);
#11791 = CARTESIAN_POINT('',(-1.195,0.2,-0.635));
#11792 = LINE('',#11793,#11794);
#11793 = CARTESIAN_POINT('',(-1.195,0.2,-0.635));
#11794 = VECTOR('',#11795,1.);
#11795 = DIRECTION('',(-0.,-1.,-0.));
#11796 = ORIENTED_EDGE('',*,*,#11797,.F.);
#11797 = EDGE_CURVE('',#11752,#11790,#11798,.T.);
#11798 = LINE('',#11799,#11800);
#11799 = CARTESIAN_POINT('',(-1.5,0.2,-0.635));
#11800 = VECTOR('',#11801,1.);
#11801 = DIRECTION('',(1.,0.,4.087975404454E-14));
#11802 = ORIENTED_EDGE('',*,*,#11751,.T.);
#11803 = PLANE('',#11804);
#11804 = AXIS2_PLACEMENT_3D('',#11805,#11806,#11807);
#11805 = CARTESIAN_POINT('',(-1.5,0.2,-0.635));
#11806 = DIRECTION('',(4.087975404454E-14,0.,-1.));
#11807 = DIRECTION('',(-1.,0.,-4.087975404454E-14));
#11808 = ADVANCED_FACE('',(#11809),#11836,.T.);
#11809 = FACE_BOUND('',#11810,.T.);
#11810 = EDGE_LOOP('',(#11811,#11820,#11828,#11835));
#11811 = ORIENTED_EDGE('',*,*,#11812,.T.);
#11812 = EDGE_CURVE('',#11782,#11813,#11815,.T.);
#11813 = VERTEX_POINT('',#11814);
#11814 = CARTESIAN_POINT('',(-1.195,0.,-0.865));
#11815 = CIRCLE('',#11816,0.115);
#11816 = AXIS2_PLACEMENT_3D('',#11817,#11818,#11819);
#11817 = CARTESIAN_POINT('',(-1.195,0.,-0.75));
#11818 = DIRECTION('',(0.,1.,0.));
#11819 = DIRECTION('',(0.,-0.,-1.));
#11820 = ORIENTED_EDGE('',*,*,#11821,.F.);
#11821 = EDGE_CURVE('',#11822,#11813,#11824,.T.);
#11822 = VERTEX_POINT('',#11823);
#11823 = CARTESIAN_POINT('',(-1.195,0.2,-0.865));
#11824 = LINE('',#11825,#11826);
#11825 = CARTESIAN_POINT('',(-1.195,0.2,-0.865));
#11826 = VECTOR('',#11827,1.);
#11827 = DIRECTION('',(-0.,-1.,-0.));
#11828 = ORIENTED_EDGE('',*,*,#11829,.F.);
#11829 = EDGE_CURVE('',#11790,#11822,#11830,.T.);
#11830 = CIRCLE('',#11831,0.115);
#11831 = AXIS2_PLACEMENT_3D('',#11832,#11833,#11834);
#11832 = CARTESIAN_POINT('',(-1.195,0.2,-0.75));
#11833 = DIRECTION('',(0.,1.,0.));
#11834 = DIRECTION('',(0.,-0.,-1.));
#11835 = ORIENTED_EDGE('',*,*,#11789,.T.);
#11836 = CYLINDRICAL_SURFACE('',#11837,0.115);
#11837 = AXIS2_PLACEMENT_3D('',#11838,#11839,#11840);
#11838 = CARTESIAN_POINT('',(-1.195,0.2,-0.75));
#11839 = DIRECTION('',(-0.,-1.,-0.));
#11840 = DIRECTION('',(0.,0.,-1.));
#11841 = ADVANCED_FACE('',(#11842),#11858,.F.);
#11842 = FACE_BOUND('',#11843,.T.);
#11843 = EDGE_LOOP('',(#11844,#11850,#11851,#11857));
#11844 = ORIENTED_EDGE('',*,*,#11845,.T.);
#11845 = EDGE_CURVE('',#11813,#11742,#11846,.T.);
#11846 = LINE('',#11847,#11848);
#11847 = CARTESIAN_POINT('',(-1.5,0.,-0.865));
#11848 = VECTOR('',#11849,1.);
#11849 = DIRECTION('',(-1.,-0.,-4.123523016666E-14));
#11850 = ORIENTED_EDGE('',*,*,#11767,.F.);
#11851 = ORIENTED_EDGE('',*,*,#11852,.F.);
#11852 = EDGE_CURVE('',#11822,#11760,#11853,.T.);
#11853 = LINE('',#11854,#11855);
#11854 = CARTESIAN_POINT('',(-1.5,0.2,-0.865));
#11855 = VECTOR('',#11856,1.);
#11856 = DIRECTION('',(-1.,-0.,-4.123523016666E-14));
#11857 = ORIENTED_EDGE('',*,*,#11821,.T.);
#11858 = PLANE('',#11859);
#11859 = AXIS2_PLACEMENT_3D('',#11860,#11861,#11862);
#11860 = CARTESIAN_POINT('',(-1.5,0.2,-0.865));
#11861 = DIRECTION('',(-4.123523016666E-14,0.,1.));
#11862 = DIRECTION('',(1.,0.,4.123523016666E-14));
#11863 = ADVANCED_FACE('',(#11864),#11870,.F.);
#11864 = FACE_BOUND('',#11865,.T.);
#11865 = EDGE_LOOP('',(#11866,#11867,#11868,#11869));
#11866 = ORIENTED_EDGE('',*,*,#11759,.T.);
#11867 = ORIENTED_EDGE('',*,*,#11797,.T.);
#11868 = ORIENTED_EDGE('',*,*,#11829,.T.);
#11869 = ORIENTED_EDGE('',*,*,#11852,.T.);
#11870 = PLANE('',#11871);
#11871 = AXIS2_PLACEMENT_3D('',#11872,#11873,#11874);
#11872 = CARTESIAN_POINT('',(-1.195,0.2,-0.75));
#11873 = DIRECTION('',(0.,-1.,0.));
#11874 = DIRECTION('',(0.,-0.,-1.));
#11875 = ADVANCED_FACE('',(#11876),#11882,.T.);
#11876 = FACE_BOUND('',#11877,.T.);
#11877 = EDGE_LOOP('',(#11878,#11879,#11880,#11881));
#11878 = ORIENTED_EDGE('',*,*,#11741,.F.);
#11879 = ORIENTED_EDGE('',*,*,#11845,.F.);
#11880 = ORIENTED_EDGE('',*,*,#11812,.F.);
#11881 = ORIENTED_EDGE('',*,*,#11781,.F.);
#11882 = PLANE('',#11883);
#11883 = AXIS2_PLACEMENT_3D('',#11884,#11885,#11886);
#11884 = CARTESIAN_POINT('',(-1.195,0.,-0.75));
#11885 = DIRECTION('',(0.,-1.,0.));
#11886 = DIRECTION('',(0.,-0.,-1.));
#11887 = MANIFOLD_SOLID_BREP('',#11888);
#11888 = CLOSED_SHELL('',(#11889,#11929,#11960,#11993,#12015,#12027));
#11889 = ADVANCED_FACE('',(#11890),#11924,.F.);
#11890 = FACE_BOUND('',#11891,.T.);
#11891 = EDGE_LOOP('',(#11892,#11902,#11910,#11918));
#11892 = ORIENTED_EDGE('',*,*,#11893,.T.);
#11893 = EDGE_CURVE('',#11894,#11896,#11898,.T.);
#11894 = VERTEX_POINT('',#11895);
#11895 = CARTESIAN_POINT('',(-1.5,0.,-0.365));
#11896 = VERTEX_POINT('',#11897);
#11897 = CARTESIAN_POINT('',(-1.5,0.,-0.135));
#11898 = LINE('',#11899,#11900);
#11899 = CARTESIAN_POINT('',(-1.5,0.,-0.365));
#11900 = VECTOR('',#11901,1.);
#11901 = DIRECTION('',(0.,0.,1.));
#11902 = ORIENTED_EDGE('',*,*,#11903,.F.);
#11903 = EDGE_CURVE('',#11904,#11896,#11906,.T.);
#11904 = VERTEX_POINT('',#11905);
#11905 = CARTESIAN_POINT('',(-1.5,0.2,-0.135));
#11906 = LINE('',#11907,#11908);
#11907 = CARTESIAN_POINT('',(-1.5,0.2,-0.135));
#11908 = VECTOR('',#11909,1.);
#11909 = DIRECTION('',(-0.,-1.,-0.));
#11910 = ORIENTED_EDGE('',*,*,#11911,.F.);
#11911 = EDGE_CURVE('',#11912,#11904,#11914,.T.);
#11912 = VERTEX_POINT('',#11913);
#11913 = CARTESIAN_POINT('',(-1.5,0.2,-0.365));
#11914 = LINE('',#11915,#11916);
#11915 = CARTESIAN_POINT('',(-1.5,0.2,-0.365));
#11916 = VECTOR('',#11917,1.);
#11917 = DIRECTION('',(0.,0.,1.));
#11918 = ORIENTED_EDGE('',*,*,#11919,.T.);
#11919 = EDGE_CURVE('',#11912,#11894,#11920,.T.);
#11920 = LINE('',#11921,#11922);
#11921 = CARTESIAN_POINT('',(-1.5,0.2,-0.365));
#11922 = VECTOR('',#11923,1.);
#11923 = DIRECTION('',(-0.,-1.,-0.));
#11924 = PLANE('',#11925);
#11925 = AXIS2_PLACEMENT_3D('',#11926,#11927,#11928);
#11926 = CARTESIAN_POINT('',(-1.5,0.2,-0.365));
#11927 = DIRECTION('',(1.,0.,0.));
#11928 = DIRECTION('',(0.,0.,-1.));
#11929 = ADVANCED_FACE('',(#11930),#11955,.F.);
#11930 = FACE_BOUND('',#11931,.T.);
#11931 = EDGE_LOOP('',(#11932,#11940,#11948,#11954));
#11932 = ORIENTED_EDGE('',*,*,#11933,.T.);
#11933 = EDGE_CURVE('',#11896,#11934,#11936,.T.);
#11934 = VERTEX_POINT('',#11935);
#11935 = CARTESIAN_POINT('',(-1.195,0.,-0.135));
#11936 = LINE('',#11937,#11938);
#11937 = CARTESIAN_POINT('',(-1.5,0.,-0.135));
#11938 = VECTOR('',#11939,1.);
#11939 = DIRECTION('',(1.,0.,3.554761221264E-16));
#11940 = ORIENTED_EDGE('',*,*,#11941,.F.);
#11941 = EDGE_CURVE('',#11942,#11934,#11944,.T.);
#11942 = VERTEX_POINT('',#11943);
#11943 = CARTESIAN_POINT('',(-1.195,0.2,-0.135));
#11944 = LINE('',#11945,#11946);
#11945 = CARTESIAN_POINT('',(-1.195,0.2,-0.135));
#11946 = VECTOR('',#11947,1.);
#11947 = DIRECTION('',(-0.,-1.,-0.));
#11948 = ORIENTED_EDGE('',*,*,#11949,.F.);
#11949 = EDGE_CURVE('',#11904,#11942,#11950,.T.);
#11950 = LINE('',#11951,#11952);
#11951 = CARTESIAN_POINT('',(-1.5,0.2,-0.135));
#11952 = VECTOR('',#11953,1.);
#11953 = DIRECTION('',(1.,0.,3.554761221264E-16));
#11954 = ORIENTED_EDGE('',*,*,#11903,.T.);
#11955 = PLANE('',#11956);
#11956 = AXIS2_PLACEMENT_3D('',#11957,#11958,#11959);
#11957 = CARTESIAN_POINT('',(-1.5,0.2,-0.135));
#11958 = DIRECTION('',(3.554761221264E-16,0.,-1.));
#11959 = DIRECTION('',(-1.,0.,-3.554761221264E-16));
#11960 = ADVANCED_FACE('',(#11961),#11988,.T.);
#11961 = FACE_BOUND('',#11962,.T.);
#11962 = EDGE_LOOP('',(#11963,#11972,#11980,#11987));
#11963 = ORIENTED_EDGE('',*,*,#11964,.T.);
#11964 = EDGE_CURVE('',#11934,#11965,#11967,.T.);
#11965 = VERTEX_POINT('',#11966);
#11966 = CARTESIAN_POINT('',(-1.195,0.,-0.365));
#11967 = CIRCLE('',#11968,0.115);
#11968 = AXIS2_PLACEMENT_3D('',#11969,#11970,#11971);
#11969 = CARTESIAN_POINT('',(-1.195,0.,-0.25));
#11970 = DIRECTION('',(0.,1.,0.));
#11971 = DIRECTION('',(0.,-0.,-1.));
#11972 = ORIENTED_EDGE('',*,*,#11973,.F.);
#11973 = EDGE_CURVE('',#11974,#11965,#11976,.T.);
#11974 = VERTEX_POINT('',#11975);
#11975 = CARTESIAN_POINT('',(-1.195,0.2,-0.365));
#11976 = LINE('',#11977,#11978);
#11977 = CARTESIAN_POINT('',(-1.195,0.2,-0.365));
#11978 = VECTOR('',#11979,1.);
#11979 = DIRECTION('',(-0.,-1.,-0.));
#11980 = ORIENTED_EDGE('',*,*,#11981,.F.);
#11981 = EDGE_CURVE('',#11942,#11974,#11982,.T.);
#11982 = CIRCLE('',#11983,0.115);
#11983 = AXIS2_PLACEMENT_3D('',#11984,#11985,#11986);
#11984 = CARTESIAN_POINT('',(-1.195,0.2,-0.25));
#11985 = DIRECTION('',(0.,1.,0.));
#11986 = DIRECTION('',(0.,-0.,-1.));
#11987 = ORIENTED_EDGE('',*,*,#11941,.T.);
#11988 = CYLINDRICAL_SURFACE('',#11989,0.115);
#11989 = AXIS2_PLACEMENT_3D('',#11990,#11991,#11992);
#11990 = CARTESIAN_POINT('',(-1.195,0.2,-0.25));
#11991 = DIRECTION('',(-0.,-1.,-0.));
#11992 = DIRECTION('',(0.,0.,-1.));
#11993 = ADVANCED_FACE('',(#11994),#12010,.F.);
#11994 = FACE_BOUND('',#11995,.T.);
#11995 = EDGE_LOOP('',(#11996,#12002,#12003,#12009));
#11996 = ORIENTED_EDGE('',*,*,#11997,.T.);
#11997 = EDGE_CURVE('',#11965,#11894,#11998,.T.);
#11998 = LINE('',#11999,#12000);
#11999 = CARTESIAN_POINT('',(-1.5,0.,-0.365));
#12000 = VECTOR('',#12001,1.);
#12001 = DIRECTION('',(-1.,-0.,-0.));
#12002 = ORIENTED_EDGE('',*,*,#11919,.F.);
#12003 = ORIENTED_EDGE('',*,*,#12004,.F.);
#12004 = EDGE_CURVE('',#11974,#11912,#12005,.T.);
#12005 = LINE('',#12006,#12007);
#12006 = CARTESIAN_POINT('',(-1.5,0.2,-0.365));
#12007 = VECTOR('',#12008,1.);
#12008 = DIRECTION('',(-1.,-0.,-0.));
#12009 = ORIENTED_EDGE('',*,*,#11973,.T.);
#12010 = PLANE('',#12011);
#12011 = AXIS2_PLACEMENT_3D('',#12012,#12013,#12014);
#12012 = CARTESIAN_POINT('',(-1.5,0.2,-0.365));
#12013 = DIRECTION('',(0.,0.,1.));
#12014 = DIRECTION('',(1.,0.,-0.));
#12015 = ADVANCED_FACE('',(#12016),#12022,.F.);
#12016 = FACE_BOUND('',#12017,.T.);
#12017 = EDGE_LOOP('',(#12018,#12019,#12020,#12021));
#12018 = ORIENTED_EDGE('',*,*,#11911,.T.);
#12019 = ORIENTED_EDGE('',*,*,#11949,.T.);
#12020 = ORIENTED_EDGE('',*,*,#11981,.T.);
#12021 = ORIENTED_EDGE('',*,*,#12004,.T.);
#12022 = PLANE('',#12023);
#12023 = AXIS2_PLACEMENT_3D('',#12024,#12025,#12026);
#12024 = CARTESIAN_POINT('',(-1.195,0.2,-0.25));
#12025 = DIRECTION('',(0.,-1.,0.));
#12026 = DIRECTION('',(0.,-0.,-1.));
#12027 = ADVANCED_FACE('',(#12028),#12034,.T.);
#12028 = FACE_BOUND('',#12029,.T.);
#12029 = EDGE_LOOP('',(#12030,#12031,#12032,#12033));
#12030 = ORIENTED_EDGE('',*,*,#11893,.F.);
#12031 = ORIENTED_EDGE('',*,*,#11997,.F.);
#12032 = ORIENTED_EDGE('',*,*,#11964,.F.);
#12033 = ORIENTED_EDGE('',*,*,#11933,.F.);
#12034 = PLANE('',#12035);
#12035 = AXIS2_PLACEMENT_3D('',#12036,#12037,#12038);
#12036 = CARTESIAN_POINT('',(-1.195,0.,-0.25));
#12037 = DIRECTION('',(0.,-1.,0.));
#12038 = DIRECTION('',(0.,-0.,-1.));
#12039 = MANIFOLD_SOLID_BREP('',#12040);
#12040 = CLOSED_SHELL('',(#12041,#12081,#12112,#12145,#12167,#12179));
#12041 = ADVANCED_FACE('',(#12042),#12076,.F.);
#12042 = FACE_BOUND('',#12043,.T.);
#12043 = EDGE_LOOP('',(#12044,#12054,#12062,#12070));
#12044 = ORIENTED_EDGE('',*,*,#12045,.T.);
#12045 = EDGE_CURVE('',#12046,#12048,#12050,.T.);
#12046 = VERTEX_POINT('',#12047);
#12047 = CARTESIAN_POINT('',(-1.5,0.,0.135));
#12048 = VERTEX_POINT('',#12049);
#12049 = CARTESIAN_POINT('',(-1.5,0.,0.365));
#12050 = LINE('',#12051,#12052);
#12051 = CARTESIAN_POINT('',(-1.5,0.,0.135));
#12052 = VECTOR('',#12053,1.);
#12053 = DIRECTION('',(0.,0.,1.));
#12054 = ORIENTED_EDGE('',*,*,#12055,.F.);
#12055 = EDGE_CURVE('',#12056,#12048,#12058,.T.);
#12056 = VERTEX_POINT('',#12057);
#12057 = CARTESIAN_POINT('',(-1.5,0.2,0.365));
#12058 = LINE('',#12059,#12060);
#12059 = CARTESIAN_POINT('',(-1.5,0.2,0.365));
#12060 = VECTOR('',#12061,1.);
#12061 = DIRECTION('',(-0.,-1.,-0.));
#12062 = ORIENTED_EDGE('',*,*,#12063,.F.);
#12063 = EDGE_CURVE('',#12064,#12056,#12066,.T.);
#12064 = VERTEX_POINT('',#12065);
#12065 = CARTESIAN_POINT('',(-1.5,0.2,0.135));
#12066 = LINE('',#12067,#12068);
#12067 = CARTESIAN_POINT('',(-1.5,0.2,0.135));
#12068 = VECTOR('',#12069,1.);
#12069 = DIRECTION('',(0.,0.,1.));
#12070 = ORIENTED_EDGE('',*,*,#12071,.T.);
#12071 = EDGE_CURVE('',#12064,#12046,#12072,.T.);
#12072 = LINE('',#12073,#12074);
#12073 = CARTESIAN_POINT('',(-1.5,0.2,0.135));
#12074 = VECTOR('',#12075,1.);
#12075 = DIRECTION('',(-0.,-1.,-0.));
#12076 = PLANE('',#12077);
#12077 = AXIS2_PLACEMENT_3D('',#12078,#12079,#12080);
#12078 = CARTESIAN_POINT('',(-1.5,0.2,0.135));
#12079 = DIRECTION('',(1.,0.,0.));
#12080 = DIRECTION('',(0.,0.,-1.));
#12081 = ADVANCED_FACE('',(#12082),#12107,.F.);
#12082 = FACE_BOUND('',#12083,.T.);
#12083 = EDGE_LOOP('',(#12084,#12092,#12100,#12106));
#12084 = ORIENTED_EDGE('',*,*,#12085,.T.);
#12085 = EDGE_CURVE('',#12048,#12086,#12088,.T.);
#12086 = VERTEX_POINT('',#12087);
#12087 = CARTESIAN_POINT('',(-1.195,0.,0.365));
#12088 = LINE('',#12089,#12090);
#12089 = CARTESIAN_POINT('',(-1.5,0.,0.365));
#12090 = VECTOR('',#12091,1.);
#12091 = DIRECTION('',(1.,0.,3.554761221264E-16));
#12092 = ORIENTED_EDGE('',*,*,#12093,.F.);
#12093 = EDGE_CURVE('',#12094,#12086,#12096,.T.);
#12094 = VERTEX_POINT('',#12095);
#12095 = CARTESIAN_POINT('',(-1.195,0.2,0.365));
#12096 = LINE('',#12097,#12098);
#12097 = CARTESIAN_POINT('',(-1.195,0.2,0.365));
#12098 = VECTOR('',#12099,1.);
#12099 = DIRECTION('',(-0.,-1.,-0.));
#12100 = ORIENTED_EDGE('',*,*,#12101,.F.);
#12101 = EDGE_CURVE('',#12056,#12094,#12102,.T.);
#12102 = LINE('',#12103,#12104);
#12103 = CARTESIAN_POINT('',(-1.5,0.2,0.365));
#12104 = VECTOR('',#12105,1.);
#12105 = DIRECTION('',(1.,0.,3.554761221264E-16));
#12106 = ORIENTED_EDGE('',*,*,#12055,.T.);
#12107 = PLANE('',#12108);
#12108 = AXIS2_PLACEMENT_3D('',#12109,#12110,#12111);
#12109 = CARTESIAN_POINT('',(-1.5,0.2,0.365));
#12110 = DIRECTION('',(3.554761221264E-16,0.,-1.));
#12111 = DIRECTION('',(-1.,0.,-3.554761221264E-16));
#12112 = ADVANCED_FACE('',(#12113),#12140,.T.);
#12113 = FACE_BOUND('',#12114,.T.);
#12114 = EDGE_LOOP('',(#12115,#12124,#12132,#12139));
#12115 = ORIENTED_EDGE('',*,*,#12116,.T.);
#12116 = EDGE_CURVE('',#12086,#12117,#12119,.T.);
#12117 = VERTEX_POINT('',#12118);
#12118 = CARTESIAN_POINT('',(-1.195,0.,0.135));
#12119 = CIRCLE('',#12120,0.115);
#12120 = AXIS2_PLACEMENT_3D('',#12121,#12122,#12123);
#12121 = CARTESIAN_POINT('',(-1.195,0.,0.25));
#12122 = DIRECTION('',(0.,1.,0.));
#12123 = DIRECTION('',(0.,-0.,-1.));
#12124 = ORIENTED_EDGE('',*,*,#12125,.F.);
#12125 = EDGE_CURVE('',#12126,#12117,#12128,.T.);
#12126 = VERTEX_POINT('',#12127);
#12127 = CARTESIAN_POINT('',(-1.195,0.2,0.135));
#12128 = LINE('',#12129,#12130);
#12129 = CARTESIAN_POINT('',(-1.195,0.2,0.135));
#12130 = VECTOR('',#12131,1.);
#12131 = DIRECTION('',(-0.,-1.,-0.));
#12132 = ORIENTED_EDGE('',*,*,#12133,.F.);
#12133 = EDGE_CURVE('',#12094,#12126,#12134,.T.);
#12134 = CIRCLE('',#12135,0.115);
#12135 = AXIS2_PLACEMENT_3D('',#12136,#12137,#12138);
#12136 = CARTESIAN_POINT('',(-1.195,0.2,0.25));
#12137 = DIRECTION('',(0.,1.,0.));
#12138 = DIRECTION('',(0.,-0.,-1.));
#12139 = ORIENTED_EDGE('',*,*,#12093,.T.);
#12140 = CYLINDRICAL_SURFACE('',#12141,0.115);
#12141 = AXIS2_PLACEMENT_3D('',#12142,#12143,#12144);
#12142 = CARTESIAN_POINT('',(-1.195,0.2,0.25));
#12143 = DIRECTION('',(-0.,-1.,-0.));
#12144 = DIRECTION('',(0.,0.,-1.));
#12145 = ADVANCED_FACE('',(#12146),#12162,.F.);
#12146 = FACE_BOUND('',#12147,.T.);
#12147 = EDGE_LOOP('',(#12148,#12154,#12155,#12161));
#12148 = ORIENTED_EDGE('',*,*,#12149,.T.);
#12149 = EDGE_CURVE('',#12117,#12046,#12150,.T.);
#12150 = LINE('',#12151,#12152);
#12151 = CARTESIAN_POINT('',(-1.5,0.,0.135));
#12152 = VECTOR('',#12153,1.);
#12153 = DIRECTION('',(-1.,-0.,-0.));
#12154 = ORIENTED_EDGE('',*,*,#12071,.F.);
#12155 = ORIENTED_EDGE('',*,*,#12156,.F.);
#12156 = EDGE_CURVE('',#12126,#12064,#12157,.T.);
#12157 = LINE('',#12158,#12159);
#12158 = CARTESIAN_POINT('',(-1.5,0.2,0.135));
#12159 = VECTOR('',#12160,1.);
#12160 = DIRECTION('',(-1.,-0.,-0.));
#12161 = ORIENTED_EDGE('',*,*,#12125,.T.);
#12162 = PLANE('',#12163);
#12163 = AXIS2_PLACEMENT_3D('',#12164,#12165,#12166);
#12164 = CARTESIAN_POINT('',(-1.5,0.2,0.135));
#12165 = DIRECTION('',(0.,0.,1.));
#12166 = DIRECTION('',(1.,0.,-0.));
#12167 = ADVANCED_FACE('',(#12168),#12174,.F.);
#12168 = FACE_BOUND('',#12169,.T.);
#12169 = EDGE_LOOP('',(#12170,#12171,#12172,#12173));
#12170 = ORIENTED_EDGE('',*,*,#12063,.T.);
#12171 = ORIENTED_EDGE('',*,*,#12101,.T.);
#12172 = ORIENTED_EDGE('',*,*,#12133,.T.);
#12173 = ORIENTED_EDGE('',*,*,#12156,.T.);
#12174 = PLANE('',#12175);
#12175 = AXIS2_PLACEMENT_3D('',#12176,#12177,#12178);
#12176 = CARTESIAN_POINT('',(-1.195,0.2,0.25));
#12177 = DIRECTION('',(0.,-1.,0.));
#12178 = DIRECTION('',(0.,-0.,-1.));
#12179 = ADVANCED_FACE('',(#12180),#12186,.T.);
#12180 = FACE_BOUND('',#12181,.T.);
#12181 = EDGE_LOOP('',(#12182,#12183,#12184,#12185));
#12182 = ORIENTED_EDGE('',*,*,#12045,.F.);
#12183 = ORIENTED_EDGE('',*,*,#12149,.F.);
#12184 = ORIENTED_EDGE('',*,*,#12116,.F.);
#12185 = ORIENTED_EDGE('',*,*,#12085,.F.);
#12186 = PLANE('',#12187);
#12187 = AXIS2_PLACEMENT_3D('',#12188,#12189,#12190);
#12188 = CARTESIAN_POINT('',(-1.195,0.,0.25));
#12189 = DIRECTION('',(0.,-1.,0.));
#12190 = DIRECTION('',(0.,-0.,-1.));
#12191 = MANIFOLD_SOLID_BREP('',#12192);
#12192 = CLOSED_SHELL('',(#12193,#12233,#12264,#12297,#12319,#12331));
#12193 = ADVANCED_FACE('',(#12194),#12228,.F.);
#12194 = FACE_BOUND('',#12195,.T.);
#12195 = EDGE_LOOP('',(#12196,#12206,#12214,#12222));
#12196 = ORIENTED_EDGE('',*,*,#12197,.T.);
#12197 = EDGE_CURVE('',#12198,#12200,#12202,.T.);
#12198 = VERTEX_POINT('',#12199);
#12199 = CARTESIAN_POINT('',(-1.5,0.,0.635));
#12200 = VERTEX_POINT('',#12201);
#12201 = CARTESIAN_POINT('',(-1.5,0.,0.865));
#12202 = LINE('',#12203,#12204);
#12203 = CARTESIAN_POINT('',(-1.5,0.,0.635));
#12204 = VECTOR('',#12205,1.);
#12205 = DIRECTION('',(0.,0.,1.));
#12206 = ORIENTED_EDGE('',*,*,#12207,.F.);
#12207 = EDGE_CURVE('',#12208,#12200,#12210,.T.);
#12208 = VERTEX_POINT('',#12209);
#12209 = CARTESIAN_POINT('',(-1.5,0.2,0.865));
#12210 = LINE('',#12211,#12212);
#12211 = CARTESIAN_POINT('',(-1.5,0.2,0.865));
#12212 = VECTOR('',#12213,1.);
#12213 = DIRECTION('',(-0.,-1.,-0.));
#12214 = ORIENTED_EDGE('',*,*,#12215,.F.);
#12215 = EDGE_CURVE('',#12216,#12208,#12218,.T.);
#12216 = VERTEX_POINT('',#12217);
#12217 = CARTESIAN_POINT('',(-1.5,0.2,0.635));
#12218 = LINE('',#12219,#12220);
#12219 = CARTESIAN_POINT('',(-1.5,0.2,0.635));
#12220 = VECTOR('',#12221,1.);
#12221 = DIRECTION('',(0.,0.,1.));
#12222 = ORIENTED_EDGE('',*,*,#12223,.T.);
#12223 = EDGE_CURVE('',#12216,#12198,#12224,.T.);
#12224 = LINE('',#12225,#12226);
#12225 = CARTESIAN_POINT('',(-1.5,0.2,0.635));
#12226 = VECTOR('',#12227,1.);
#12227 = DIRECTION('',(-0.,-1.,-0.));
#12228 = PLANE('',#12229);
#12229 = AXIS2_PLACEMENT_3D('',#12230,#12231,#12232);
#12230 = CARTESIAN_POINT('',(-1.5,0.2,0.635));
#12231 = DIRECTION('',(1.,0.,0.));
#12232 = DIRECTION('',(0.,0.,-1.));
#12233 = ADVANCED_FACE('',(#12234),#12259,.F.);
#12234 = FACE_BOUND('',#12235,.T.);
#12235 = EDGE_LOOP('',(#12236,#12244,#12252,#12258));
#12236 = ORIENTED_EDGE('',*,*,#12237,.T.);
#12237 = EDGE_CURVE('',#12200,#12238,#12240,.T.);
#12238 = VERTEX_POINT('',#12239);
#12239 = CARTESIAN_POINT('',(-1.195,0.,0.865));
#12240 = LINE('',#12241,#12242);
#12241 = CARTESIAN_POINT('',(-1.5,0.,0.865));
#12242 = VECTOR('',#12243,1.);
#12243 = DIRECTION('',(1.,0.,3.554761221264E-16));
#12244 = ORIENTED_EDGE('',*,*,#12245,.F.);
#12245 = EDGE_CURVE('',#12246,#12238,#12248,.T.);
#12246 = VERTEX_POINT('',#12247);
#12247 = CARTESIAN_POINT('',(-1.195,0.2,0.865));
#12248 = LINE('',#12249,#12250);
#12249 = CARTESIAN_POINT('',(-1.195,0.2,0.865));
#12250 = VECTOR('',#12251,1.);
#12251 = DIRECTION('',(-0.,-1.,-0.));
#12252 = ORIENTED_EDGE('',*,*,#12253,.F.);
#12253 = EDGE_CURVE('',#12208,#12246,#12254,.T.);
#12254 = LINE('',#12255,#12256);
#12255 = CARTESIAN_POINT('',(-1.5,0.2,0.865));
#12256 = VECTOR('',#12257,1.);
#12257 = DIRECTION('',(1.,0.,3.554761221264E-16));
#12258 = ORIENTED_EDGE('',*,*,#12207,.T.);
#12259 = PLANE('',#12260);
#12260 = AXIS2_PLACEMENT_3D('',#12261,#12262,#12263);
#12261 = CARTESIAN_POINT('',(-1.5,0.2,0.865));
#12262 = DIRECTION('',(3.554761221264E-16,0.,-1.));
#12263 = DIRECTION('',(-1.,0.,-3.554761221264E-16));
#12264 = ADVANCED_FACE('',(#12265),#12292,.T.);
#12265 = FACE_BOUND('',#12266,.T.);
#12266 = EDGE_LOOP('',(#12267,#12276,#12284,#12291));
#12267 = ORIENTED_EDGE('',*,*,#12268,.T.);
#12268 = EDGE_CURVE('',#12238,#12269,#12271,.T.);
#12269 = VERTEX_POINT('',#12270);
#12270 = CARTESIAN_POINT('',(-1.195,0.,0.635));
#12271 = CIRCLE('',#12272,0.115);
#12272 = AXIS2_PLACEMENT_3D('',#12273,#12274,#12275);
#12273 = CARTESIAN_POINT('',(-1.195,0.,0.75));
#12274 = DIRECTION('',(0.,1.,0.));
#12275 = DIRECTION('',(0.,-0.,-1.));
#12276 = ORIENTED_EDGE('',*,*,#12277,.F.);
#12277 = EDGE_CURVE('',#12278,#12269,#12280,.T.);
#12278 = VERTEX_POINT('',#12279);
#12279 = CARTESIAN_POINT('',(-1.195,0.2,0.635));
#12280 = LINE('',#12281,#12282);
#12281 = CARTESIAN_POINT('',(-1.195,0.2,0.635));
#12282 = VECTOR('',#12283,1.);
#12283 = DIRECTION('',(-0.,-1.,-0.));
#12284 = ORIENTED_EDGE('',*,*,#12285,.F.);
#12285 = EDGE_CURVE('',#12246,#12278,#12286,.T.);
#12286 = CIRCLE('',#12287,0.115);
#12287 = AXIS2_PLACEMENT_3D('',#12288,#12289,#12290);
#12288 = CARTESIAN_POINT('',(-1.195,0.2,0.75));
#12289 = DIRECTION('',(0.,1.,0.));
#12290 = DIRECTION('',(0.,-0.,-1.));
#12291 = ORIENTED_EDGE('',*,*,#12245,.T.);
#12292 = CYLINDRICAL_SURFACE('',#12293,0.115);
#12293 = AXIS2_PLACEMENT_3D('',#12294,#12295,#12296);
#12294 = CARTESIAN_POINT('',(-1.195,0.2,0.75));
#12295 = DIRECTION('',(-0.,-1.,-0.));
#12296 = DIRECTION('',(0.,0.,-1.));
#12297 = ADVANCED_FACE('',(#12298),#12314,.F.);
#12298 = FACE_BOUND('',#12299,.T.);
#12299 = EDGE_LOOP('',(#12300,#12306,#12307,#12313));
#12300 = ORIENTED_EDGE('',*,*,#12301,.T.);
#12301 = EDGE_CURVE('',#12269,#12198,#12302,.T.);
#12302 = LINE('',#12303,#12304);
#12303 = CARTESIAN_POINT('',(-1.5,0.,0.635));
#12304 = VECTOR('',#12305,1.);
#12305 = DIRECTION('',(-1.,-0.,-0.));
#12306 = ORIENTED_EDGE('',*,*,#12223,.F.);
#12307 = ORIENTED_EDGE('',*,*,#12308,.F.);
#12308 = EDGE_CURVE('',#12278,#12216,#12309,.T.);
#12309 = LINE('',#12310,#12311);
#12310 = CARTESIAN_POINT('',(-1.5,0.2,0.635));
#12311 = VECTOR('',#12312,1.);
#12312 = DIRECTION('',(-1.,-0.,-0.));
#12313 = ORIENTED_EDGE('',*,*,#12277,.T.);
#12314 = PLANE('',#12315);
#12315 = AXIS2_PLACEMENT_3D('',#12316,#12317,#12318);
#12316 = CARTESIAN_POINT('',(-1.5,0.2,0.635));
#12317 = DIRECTION('',(0.,0.,1.));
#12318 = DIRECTION('',(1.,0.,-0.));
#12319 = ADVANCED_FACE('',(#12320),#12326,.F.);
#12320 = FACE_BOUND('',#12321,.T.);
#12321 = EDGE_LOOP('',(#12322,#12323,#12324,#12325));
#12322 = ORIENTED_EDGE('',*,*,#12215,.T.);
#12323 = ORIENTED_EDGE('',*,*,#12253,.T.);
#12324 = ORIENTED_EDGE('',*,*,#12285,.T.);
#12325 = ORIENTED_EDGE('',*,*,#12308,.T.);
#12326 = PLANE('',#12327);
#12327 = AXIS2_PLACEMENT_3D('',#12328,#12329,#12330);
#12328 = CARTESIAN_POINT('',(-1.195,0.2,0.75));
#12329 = DIRECTION('',(0.,-1.,0.));
#12330 = DIRECTION('',(0.,-0.,-1.));
#12331 = ADVANCED_FACE('',(#12332),#12338,.T.);
#12332 = FACE_BOUND('',#12333,.T.);
#12333 = EDGE_LOOP('',(#12334,#12335,#12336,#12337));
#12334 = ORIENTED_EDGE('',*,*,#12197,.F.);
#12335 = ORIENTED_EDGE('',*,*,#12301,.F.);
#12336 = ORIENTED_EDGE('',*,*,#12268,.F.);
#12337 = ORIENTED_EDGE('',*,*,#12237,.F.);
#12338 = PLANE('',#12339);
#12339 = AXIS2_PLACEMENT_3D('',#12340,#12341,#12342);
#12340 = CARTESIAN_POINT('',(-1.195,0.,0.75));
#12341 = DIRECTION('',(0.,-1.,0.));
#12342 = DIRECTION('',(0.,-0.,-1.));
#12343 = MANIFOLD_SOLID_BREP('',#12344);
#12344 = CLOSED_SHELL('',(#12345,#12385,#12416,#12449,#12471,#12483));
#12345 = ADVANCED_FACE('',(#12346),#12380,.F.);
#12346 = FACE_BOUND('',#12347,.T.);
#12347 = EDGE_LOOP('',(#12348,#12358,#12366,#12374));
#12348 = ORIENTED_EDGE('',*,*,#12349,.T.);
#12349 = EDGE_CURVE('',#12350,#12352,#12354,.T.);
#12350 = VERTEX_POINT('',#12351);
#12351 = CARTESIAN_POINT('',(0.865,0.,-1.5));
#12352 = VERTEX_POINT('',#12353);
#12353 = CARTESIAN_POINT('',(0.635,0.,-1.5));
#12354 = LINE('',#12355,#12356);
#12355 = CARTESIAN_POINT('',(0.865,0.,-1.5));
#12356 = VECTOR('',#12357,1.);
#12357 = DIRECTION('',(-1.,0.,0.));
#12358 = ORIENTED_EDGE('',*,*,#12359,.F.);
#12359 = EDGE_CURVE('',#12360,#12352,#12362,.T.);
#12360 = VERTEX_POINT('',#12361);
#12361 = CARTESIAN_POINT('',(0.635,0.2,-1.5));
#12362 = LINE('',#12363,#12364);
#12363 = CARTESIAN_POINT('',(0.635,0.2,-1.5));
#12364 = VECTOR('',#12365,1.);
#12365 = DIRECTION('',(-0.,-1.,-0.));
#12366 = ORIENTED_EDGE('',*,*,#12367,.F.);
#12367 = EDGE_CURVE('',#12368,#12360,#12370,.T.);
#12368 = VERTEX_POINT('',#12369);
#12369 = CARTESIAN_POINT('',(0.865,0.2,-1.5));
#12370 = LINE('',#12371,#12372);
#12371 = CARTESIAN_POINT('',(0.865,0.2,-1.5));
#12372 = VECTOR('',#12373,1.);
#12373 = DIRECTION('',(-1.,0.,0.));
#12374 = ORIENTED_EDGE('',*,*,#12375,.T.);
#12375 = EDGE_CURVE('',#12368,#12350,#12376,.T.);
#12376 = LINE('',#12377,#12378);
#12377 = CARTESIAN_POINT('',(0.865,0.2,-1.5));
#12378 = VECTOR('',#12379,1.);
#12379 = DIRECTION('',(-0.,-1.,-0.));
#12380 = PLANE('',#12381);
#12381 = AXIS2_PLACEMENT_3D('',#12382,#12383,#12384);
#12382 = CARTESIAN_POINT('',(0.865,0.2,-1.5));
#12383 = DIRECTION('',(0.,-0.,1.));
#12384 = DIRECTION('',(1.,0.,0.));
#12385 = ADVANCED_FACE('',(#12386),#12411,.F.);
#12386 = FACE_BOUND('',#12387,.T.);
#12387 = EDGE_LOOP('',(#12388,#12396,#12404,#12410));
#12388 = ORIENTED_EDGE('',*,*,#12389,.T.);
#12389 = EDGE_CURVE('',#12352,#12390,#12392,.T.);
#12390 = VERTEX_POINT('',#12391);
#12391 = CARTESIAN_POINT('',(0.635,0.,-1.195));
#12392 = LINE('',#12393,#12394);
#12393 = CARTESIAN_POINT('',(0.635,0.,-1.5));
#12394 = VECTOR('',#12395,1.);
#12395 = DIRECTION('',(1.066428366379E-14,0.,1.));
#12396 = ORIENTED_EDGE('',*,*,#12397,.F.);
#12397 = EDGE_CURVE('',#12398,#12390,#12400,.T.);
#12398 = VERTEX_POINT('',#12399);
#12399 = CARTESIAN_POINT('',(0.635,0.2,-1.195));
#12400 = LINE('',#12401,#12402);
#12401 = CARTESIAN_POINT('',(0.635,0.2,-1.195));
#12402 = VECTOR('',#12403,1.);
#12403 = DIRECTION('',(-0.,-1.,-0.));
#12404 = ORIENTED_EDGE('',*,*,#12405,.F.);
#12405 = EDGE_CURVE('',#12360,#12398,#12406,.T.);
#12406 = LINE('',#12407,#12408);
#12407 = CARTESIAN_POINT('',(0.635,0.2,-1.5));
#12408 = VECTOR('',#12409,1.);
#12409 = DIRECTION('',(1.066428366379E-14,0.,1.));
#12410 = ORIENTED_EDGE('',*,*,#12359,.T.);
#12411 = PLANE('',#12412);
#12412 = AXIS2_PLACEMENT_3D('',#12413,#12414,#12415);
#12413 = CARTESIAN_POINT('',(0.635,0.2,-1.5));
#12414 = DIRECTION('',(1.,0.,-1.066428366379E-14));
#12415 = DIRECTION('',(-1.066428366379E-14,0.,-1.));
#12416 = ADVANCED_FACE('',(#12417),#12444,.T.);
#12417 = FACE_BOUND('',#12418,.T.);
#12418 = EDGE_LOOP('',(#12419,#12428,#12436,#12443));
#12419 = ORIENTED_EDGE('',*,*,#12420,.T.);
#12420 = EDGE_CURVE('',#12390,#12421,#12423,.T.);
#12421 = VERTEX_POINT('',#12422);
#12422 = CARTESIAN_POINT('',(0.865,0.,-1.195));
#12423 = CIRCLE('',#12424,0.115);
#12424 = AXIS2_PLACEMENT_3D('',#12425,#12426,#12427);
#12425 = CARTESIAN_POINT('',(0.75,0.,-1.195));
#12426 = DIRECTION('',(0.,1.,0.));
#12427 = DIRECTION('',(0.,-0.,-1.));
#12428 = ORIENTED_EDGE('',*,*,#12429,.F.);
#12429 = EDGE_CURVE('',#12430,#12421,#12432,.T.);
#12430 = VERTEX_POINT('',#12431);
#12431 = CARTESIAN_POINT('',(0.865,0.2,-1.195));
#12432 = LINE('',#12433,#12434);
#12433 = CARTESIAN_POINT('',(0.865,0.2,-1.195));
#12434 = VECTOR('',#12435,1.);
#12435 = DIRECTION('',(-0.,-1.,-0.));
#12436 = ORIENTED_EDGE('',*,*,#12437,.F.);
#12437 = EDGE_CURVE('',#12398,#12430,#12438,.T.);
#12438 = CIRCLE('',#12439,0.115);
#12439 = AXIS2_PLACEMENT_3D('',#12440,#12441,#12442);
#12440 = CARTESIAN_POINT('',(0.75,0.2,-1.195));
#12441 = DIRECTION('',(0.,1.,0.));
#12442 = DIRECTION('',(0.,-0.,-1.));
#12443 = ORIENTED_EDGE('',*,*,#12397,.T.);
#12444 = CYLINDRICAL_SURFACE('',#12445,0.115);
#12445 = AXIS2_PLACEMENT_3D('',#12446,#12447,#12448);
#12446 = CARTESIAN_POINT('',(0.75,0.2,-1.195));
#12447 = DIRECTION('',(-0.,-1.,-0.));
#12448 = DIRECTION('',(0.,0.,-1.));
#12449 = ADVANCED_FACE('',(#12450),#12466,.F.);
#12450 = FACE_BOUND('',#12451,.T.);
#12451 = EDGE_LOOP('',(#12452,#12458,#12459,#12465));
#12452 = ORIENTED_EDGE('',*,*,#12453,.T.);
#12453 = EDGE_CURVE('',#12421,#12350,#12454,.T.);
#12454 = LINE('',#12455,#12456);
#12455 = CARTESIAN_POINT('',(0.865,0.,-1.5));
#12456 = VECTOR('',#12457,1.);
#12457 = DIRECTION('',(-1.101975978592E-14,-0.,-1.));
#12458 = ORIENTED_EDGE('',*,*,#12375,.F.);
#12459 = ORIENTED_EDGE('',*,*,#12460,.F.);
#12460 = EDGE_CURVE('',#12430,#12368,#12461,.T.);
#12461 = LINE('',#12462,#12463);
#12462 = CARTESIAN_POINT('',(0.865,0.2,-1.5));
#12463 = VECTOR('',#12464,1.);
#12464 = DIRECTION('',(-1.101975978592E-14,-0.,-1.));
#12465 = ORIENTED_EDGE('',*,*,#12429,.T.);
#12466 = PLANE('',#12467);
#12467 = AXIS2_PLACEMENT_3D('',#12468,#12469,#12470);
#12468 = CARTESIAN_POINT('',(0.865,0.2,-1.5));
#12469 = DIRECTION('',(-1.,0.,1.101975978592E-14));
#12470 = DIRECTION('',(1.101975978592E-14,0.,1.));
#12471 = ADVANCED_FACE('',(#12472),#12478,.F.);
#12472 = FACE_BOUND('',#12473,.T.);
#12473 = EDGE_LOOP('',(#12474,#12475,#12476,#12477));
#12474 = ORIENTED_EDGE('',*,*,#12367,.T.);
#12475 = ORIENTED_EDGE('',*,*,#12405,.T.);
#12476 = ORIENTED_EDGE('',*,*,#12437,.T.);
#12477 = ORIENTED_EDGE('',*,*,#12460,.T.);
#12478 = PLANE('',#12479);
#12479 = AXIS2_PLACEMENT_3D('',#12480,#12481,#12482);
#12480 = CARTESIAN_POINT('',(0.75,0.2,-1.195));
#12481 = DIRECTION('',(0.,-1.,0.));
#12482 = DIRECTION('',(0.,-0.,-1.));
#12483 = ADVANCED_FACE('',(#12484),#12490,.T.);
#12484 = FACE_BOUND('',#12485,.T.);
#12485 = EDGE_LOOP('',(#12486,#12487,#12488,#12489));
#12486 = ORIENTED_EDGE('',*,*,#12349,.F.);
#12487 = ORIENTED_EDGE('',*,*,#12453,.F.);
#12488 = ORIENTED_EDGE('',*,*,#12420,.F.);
#12489 = ORIENTED_EDGE('',*,*,#12389,.F.);
#12490 = PLANE('',#12491);
#12491 = AXIS2_PLACEMENT_3D('',#12492,#12493,#12494);
#12492 = CARTESIAN_POINT('',(0.75,0.,-1.195));
#12493 = DIRECTION('',(0.,-1.,0.));
#12494 = DIRECTION('',(0.,-0.,-1.));
#12495 = MANIFOLD_SOLID_BREP('',#12496);
#12496 = CLOSED_SHELL('',(#12497,#12537,#12568,#12601,#12623,#12635));
#12497 = ADVANCED_FACE('',(#12498),#12532,.F.);
#12498 = FACE_BOUND('',#12499,.T.);
#12499 = EDGE_LOOP('',(#12500,#12510,#12518,#12526));
#12500 = ORIENTED_EDGE('',*,*,#12501,.T.);
#12501 = EDGE_CURVE('',#12502,#12504,#12506,.T.);
#12502 = VERTEX_POINT('',#12503);
#12503 = CARTESIAN_POINT('',(0.365,0.,-1.5));
#12504 = VERTEX_POINT('',#12505);
#12505 = CARTESIAN_POINT('',(0.135,0.,-1.5));
#12506 = LINE('',#12507,#12508);
#12507 = CARTESIAN_POINT('',(0.365,0.,-1.5));
#12508 = VECTOR('',#12509,1.);
#12509 = DIRECTION('',(-1.,0.,0.));
#12510 = ORIENTED_EDGE('',*,*,#12511,.F.);
#12511 = EDGE_CURVE('',#12512,#12504,#12514,.T.);
#12512 = VERTEX_POINT('',#12513);
#12513 = CARTESIAN_POINT('',(0.135,0.2,-1.5));
#12514 = LINE('',#12515,#12516);
#12515 = CARTESIAN_POINT('',(0.135,0.2,-1.5));
#12516 = VECTOR('',#12517,1.);
#12517 = DIRECTION('',(-0.,-1.,-0.));
#12518 = ORIENTED_EDGE('',*,*,#12519,.F.);
#12519 = EDGE_CURVE('',#12520,#12512,#12522,.T.);
#12520 = VERTEX_POINT('',#12521);
#12521 = CARTESIAN_POINT('',(0.365,0.2,-1.5));
#12522 = LINE('',#12523,#12524);
#12523 = CARTESIAN_POINT('',(0.365,0.2,-1.5));
#12524 = VECTOR('',#12525,1.);
#12525 = DIRECTION('',(-1.,0.,0.));
#12526 = ORIENTED_EDGE('',*,*,#12527,.T.);
#12527 = EDGE_CURVE('',#12520,#12502,#12528,.T.);
#12528 = LINE('',#12529,#12530);
#12529 = CARTESIAN_POINT('',(0.365,0.2,-1.5));
#12530 = VECTOR('',#12531,1.);
#12531 = DIRECTION('',(-0.,-1.,-0.));
#12532 = PLANE('',#12533);
#12533 = AXIS2_PLACEMENT_3D('',#12534,#12535,#12536);
#12534 = CARTESIAN_POINT('',(0.365,0.2,-1.5));
#12535 = DIRECTION('',(0.,-0.,1.));
#12536 = DIRECTION('',(1.,0.,0.));
#12537 = ADVANCED_FACE('',(#12538),#12563,.F.);
#12538 = FACE_BOUND('',#12539,.T.);
#12539 = EDGE_LOOP('',(#12540,#12548,#12556,#12562));
#12540 = ORIENTED_EDGE('',*,*,#12541,.T.);
#12541 = EDGE_CURVE('',#12504,#12542,#12544,.T.);
#12542 = VERTEX_POINT('',#12543);
#12543 = CARTESIAN_POINT('',(0.135,0.,-1.195));
#12544 = LINE('',#12545,#12546);
#12545 = CARTESIAN_POINT('',(0.135,0.,-1.5));
#12546 = VECTOR('',#12547,1.);
#12547 = DIRECTION('',(1.066428366379E-14,0.,1.));
#12548 = ORIENTED_EDGE('',*,*,#12549,.F.);
#12549 = EDGE_CURVE('',#12550,#12542,#12552,.T.);
#12550 = VERTEX_POINT('',#12551);
#12551 = CARTESIAN_POINT('',(0.135,0.2,-1.195));
#12552 = LINE('',#12553,#12554);
#12553 = CARTESIAN_POINT('',(0.135,0.2,-1.195));
#12554 = VECTOR('',#12555,1.);
#12555 = DIRECTION('',(-0.,-1.,-0.));
#12556 = ORIENTED_EDGE('',*,*,#12557,.F.);
#12557 = EDGE_CURVE('',#12512,#12550,#12558,.T.);
#12558 = LINE('',#12559,#12560);
#12559 = CARTESIAN_POINT('',(0.135,0.2,-1.5));
#12560 = VECTOR('',#12561,1.);
#12561 = DIRECTION('',(1.066428366379E-14,0.,1.));
#12562 = ORIENTED_EDGE('',*,*,#12511,.T.);
#12563 = PLANE('',#12564);
#12564 = AXIS2_PLACEMENT_3D('',#12565,#12566,#12567);
#12565 = CARTESIAN_POINT('',(0.135,0.2,-1.5));
#12566 = DIRECTION('',(1.,0.,-1.066428366379E-14));
#12567 = DIRECTION('',(-1.066428366379E-14,0.,-1.));
#12568 = ADVANCED_FACE('',(#12569),#12596,.T.);
#12569 = FACE_BOUND('',#12570,.T.);
#12570 = EDGE_LOOP('',(#12571,#12580,#12588,#12595));
#12571 = ORIENTED_EDGE('',*,*,#12572,.T.);
#12572 = EDGE_CURVE('',#12542,#12573,#12575,.T.);
#12573 = VERTEX_POINT('',#12574);
#12574 = CARTESIAN_POINT('',(0.365,0.,-1.195));
#12575 = CIRCLE('',#12576,0.115);
#12576 = AXIS2_PLACEMENT_3D('',#12577,#12578,#12579);
#12577 = CARTESIAN_POINT('',(0.25,0.,-1.195));
#12578 = DIRECTION('',(0.,1.,0.));
#12579 = DIRECTION('',(0.,-0.,-1.));
#12580 = ORIENTED_EDGE('',*,*,#12581,.F.);
#12581 = EDGE_CURVE('',#12582,#12573,#12584,.T.);
#12582 = VERTEX_POINT('',#12583);
#12583 = CARTESIAN_POINT('',(0.365,0.2,-1.195));
#12584 = LINE('',#12585,#12586);
#12585 = CARTESIAN_POINT('',(0.365,0.2,-1.195));
#12586 = VECTOR('',#12587,1.);
#12587 = DIRECTION('',(-0.,-1.,-0.));
#12588 = ORIENTED_EDGE('',*,*,#12589,.F.);
#12589 = EDGE_CURVE('',#12550,#12582,#12590,.T.);
#12590 = CIRCLE('',#12591,0.115);
#12591 = AXIS2_PLACEMENT_3D('',#12592,#12593,#12594);
#12592 = CARTESIAN_POINT('',(0.25,0.2,-1.195));
#12593 = DIRECTION('',(0.,1.,0.));
#12594 = DIRECTION('',(0.,-0.,-1.));
#12595 = ORIENTED_EDGE('',*,*,#12549,.T.);
#12596 = CYLINDRICAL_SURFACE('',#12597,0.115);
#12597 = AXIS2_PLACEMENT_3D('',#12598,#12599,#12600);
#12598 = CARTESIAN_POINT('',(0.25,0.2,-1.195));
#12599 = DIRECTION('',(-0.,-1.,-0.));
#12600 = DIRECTION('',(0.,0.,-1.));
#12601 = ADVANCED_FACE('',(#12602),#12618,.F.);
#12602 = FACE_BOUND('',#12603,.T.);
#12603 = EDGE_LOOP('',(#12604,#12610,#12611,#12617));
#12604 = ORIENTED_EDGE('',*,*,#12605,.T.);
#12605 = EDGE_CURVE('',#12573,#12502,#12606,.T.);
#12606 = LINE('',#12607,#12608);
#12607 = CARTESIAN_POINT('',(0.365,0.,-1.5));
#12608 = VECTOR('',#12609,1.);
#12609 = DIRECTION('',(-1.084202172486E-14,-0.,-1.));
#12610 = ORIENTED_EDGE('',*,*,#12527,.F.);
#12611 = ORIENTED_EDGE('',*,*,#12612,.F.);
#12612 = EDGE_CURVE('',#12582,#12520,#12613,.T.);
#12613 = LINE('',#12614,#12615);
#12614 = CARTESIAN_POINT('',(0.365,0.2,-1.5));
#12615 = VECTOR('',#12616,1.);
#12616 = DIRECTION('',(-1.084202172486E-14,-0.,-1.));
#12617 = ORIENTED_EDGE('',*,*,#12581,.T.);
#12618 = PLANE('',#12619);
#12619 = AXIS2_PLACEMENT_3D('',#12620,#12621,#12622);
#12620 = CARTESIAN_POINT('',(0.365,0.2,-1.5));
#12621 = DIRECTION('',(-1.,0.,1.084202172486E-14));
#12622 = DIRECTION('',(1.084202172486E-14,0.,1.));
#12623 = ADVANCED_FACE('',(#12624),#12630,.F.);
#12624 = FACE_BOUND('',#12625,.T.);
#12625 = EDGE_LOOP('',(#12626,#12627,#12628,#12629));
#12626 = ORIENTED_EDGE('',*,*,#12519,.T.);
#12627 = ORIENTED_EDGE('',*,*,#12557,.T.);
#12628 = ORIENTED_EDGE('',*,*,#12589,.T.);
#12629 = ORIENTED_EDGE('',*,*,#12612,.T.);
#12630 = PLANE('',#12631);
#12631 = AXIS2_PLACEMENT_3D('',#12632,#12633,#12634);
#12632 = CARTESIAN_POINT('',(0.25,0.2,-1.195));
#12633 = DIRECTION('',(0.,-1.,0.));
#12634 = DIRECTION('',(0.,-0.,-1.));
#12635 = ADVANCED_FACE('',(#12636),#12642,.T.);
#12636 = FACE_BOUND('',#12637,.T.);
#12637 = EDGE_LOOP('',(#12638,#12639,#12640,#12641));
#12638 = ORIENTED_EDGE('',*,*,#12501,.F.);
#12639 = ORIENTED_EDGE('',*,*,#12605,.F.);
#12640 = ORIENTED_EDGE('',*,*,#12572,.F.);
#12641 = ORIENTED_EDGE('',*,*,#12541,.F.);
#12642 = PLANE('',#12643);
#12643 = AXIS2_PLACEMENT_3D('',#12644,#12645,#12646);
#12644 = CARTESIAN_POINT('',(0.25,0.,-1.195));
#12645 = DIRECTION('',(0.,-1.,0.));
#12646 = DIRECTION('',(0.,-0.,-1.));
#12647 = MANIFOLD_SOLID_BREP('',#12648);
#12648 = CLOSED_SHELL('',(#12649,#12689,#12720,#12753,#12775,#12787));
#12649 = ADVANCED_FACE('',(#12650),#12684,.F.);
#12650 = FACE_BOUND('',#12651,.T.);
#12651 = EDGE_LOOP('',(#12652,#12662,#12670,#12678));
#12652 = ORIENTED_EDGE('',*,*,#12653,.T.);
#12653 = EDGE_CURVE('',#12654,#12656,#12658,.T.);
#12654 = VERTEX_POINT('',#12655);
#12655 = CARTESIAN_POINT('',(-0.135,0.,-1.5));
#12656 = VERTEX_POINT('',#12657);
#12657 = CARTESIAN_POINT('',(-0.365,0.,-1.5));
#12658 = LINE('',#12659,#12660);
#12659 = CARTESIAN_POINT('',(-0.135,0.,-1.5));
#12660 = VECTOR('',#12661,1.);
#12661 = DIRECTION('',(-1.,0.,0.));
#12662 = ORIENTED_EDGE('',*,*,#12663,.F.);
#12663 = EDGE_CURVE('',#12664,#12656,#12666,.T.);
#12664 = VERTEX_POINT('',#12665);
#12665 = CARTESIAN_POINT('',(-0.365,0.2,-1.5));
#12666 = LINE('',#12667,#12668);
#12667 = CARTESIAN_POINT('',(-0.365,0.2,-1.5));
#12668 = VECTOR('',#12669,1.);
#12669 = DIRECTION('',(-0.,-1.,-0.));
#12670 = ORIENTED_EDGE('',*,*,#12671,.F.);
#12671 = EDGE_CURVE('',#12672,#12664,#12674,.T.);
#12672 = VERTEX_POINT('',#12673);
#12673 = CARTESIAN_POINT('',(-0.135,0.2,-1.5));
#12674 = LINE('',#12675,#12676);
#12675 = CARTESIAN_POINT('',(-0.135,0.2,-1.5));
#12676 = VECTOR('',#12677,1.);
#12677 = DIRECTION('',(-1.,0.,0.));
#12678 = ORIENTED_EDGE('',*,*,#12679,.T.);
#12679 = EDGE_CURVE('',#12672,#12654,#12680,.T.);
#12680 = LINE('',#12681,#12682);
#12681 = CARTESIAN_POINT('',(-0.135,0.2,-1.5));
#12682 = VECTOR('',#12683,1.);
#12683 = DIRECTION('',(-0.,-1.,-0.));
#12684 = PLANE('',#12685);
#12685 = AXIS2_PLACEMENT_3D('',#12686,#12687,#12688);
#12686 = CARTESIAN_POINT('',(-0.135,0.2,-1.5));
#12687 = DIRECTION('',(0.,-0.,1.));
#12688 = DIRECTION('',(1.,0.,0.));
#12689 = ADVANCED_FACE('',(#12690),#12715,.F.);
#12690 = FACE_BOUND('',#12691,.T.);
#12691 = EDGE_LOOP('',(#12692,#12700,#12708,#12714));
#12692 = ORIENTED_EDGE('',*,*,#12693,.T.);
#12693 = EDGE_CURVE('',#12656,#12694,#12696,.T.);
#12694 = VERTEX_POINT('',#12695);
#12695 = CARTESIAN_POINT('',(-0.365,0.,-1.195));
#12696 = LINE('',#12697,#12698);
#12697 = CARTESIAN_POINT('',(-0.365,0.,-1.5));
#12698 = VECTOR('',#12699,1.);
#12699 = DIRECTION('',(1.084202172486E-14,0.,1.));
#12700 = ORIENTED_EDGE('',*,*,#12701,.F.);
#12701 = EDGE_CURVE('',#12702,#12694,#12704,.T.);
#12702 = VERTEX_POINT('',#12703);
#12703 = CARTESIAN_POINT('',(-0.365,0.2,-1.195));
#12704 = LINE('',#12705,#12706);
#12705 = CARTESIAN_POINT('',(-0.365,0.2,-1.195));
#12706 = VECTOR('',#12707,1.);
#12707 = DIRECTION('',(-0.,-1.,-0.));
#12708 = ORIENTED_EDGE('',*,*,#12709,.F.);
#12709 = EDGE_CURVE('',#12664,#12702,#12710,.T.);
#12710 = LINE('',#12711,#12712);
#12711 = CARTESIAN_POINT('',(-0.365,0.2,-1.5));
#12712 = VECTOR('',#12713,1.);
#12713 = DIRECTION('',(1.084202172486E-14,0.,1.));
#12714 = ORIENTED_EDGE('',*,*,#12663,.T.);
#12715 = PLANE('',#12716);
#12716 = AXIS2_PLACEMENT_3D('',#12717,#12718,#12719);
#12717 = CARTESIAN_POINT('',(-0.365,0.2,-1.5));
#12718 = DIRECTION('',(1.,0.,-1.084202172486E-14));
#12719 = DIRECTION('',(-1.084202172486E-14,0.,-1.));
#12720 = ADVANCED_FACE('',(#12721),#12748,.T.);
#12721 = FACE_BOUND('',#12722,.T.);
#12722 = EDGE_LOOP('',(#12723,#12732,#12740,#12747));
#12723 = ORIENTED_EDGE('',*,*,#12724,.T.);
#12724 = EDGE_CURVE('',#12694,#12725,#12727,.T.);
#12725 = VERTEX_POINT('',#12726);
#12726 = CARTESIAN_POINT('',(-0.135,0.,-1.195));
#12727 = CIRCLE('',#12728,0.115);
#12728 = AXIS2_PLACEMENT_3D('',#12729,#12730,#12731);
#12729 = CARTESIAN_POINT('',(-0.25,0.,-1.195));
#12730 = DIRECTION('',(0.,1.,0.));
#12731 = DIRECTION('',(0.,-0.,-1.));
#12732 = ORIENTED_EDGE('',*,*,#12733,.F.);
#12733 = EDGE_CURVE('',#12734,#12725,#12736,.T.);
#12734 = VERTEX_POINT('',#12735);
#12735 = CARTESIAN_POINT('',(-0.135,0.2,-1.195));
#12736 = LINE('',#12737,#12738);
#12737 = CARTESIAN_POINT('',(-0.135,0.2,-1.195));
#12738 = VECTOR('',#12739,1.);
#12739 = DIRECTION('',(-0.,-1.,-0.));
#12740 = ORIENTED_EDGE('',*,*,#12741,.F.);
#12741 = EDGE_CURVE('',#12702,#12734,#12742,.T.);
#12742 = CIRCLE('',#12743,0.115);
#12743 = AXIS2_PLACEMENT_3D('',#12744,#12745,#12746);
#12744 = CARTESIAN_POINT('',(-0.25,0.2,-1.195));
#12745 = DIRECTION('',(0.,1.,0.));
#12746 = DIRECTION('',(0.,-0.,-1.));
#12747 = ORIENTED_EDGE('',*,*,#12701,.T.);
#12748 = CYLINDRICAL_SURFACE('',#12749,0.115);
#12749 = AXIS2_PLACEMENT_3D('',#12750,#12751,#12752);
#12750 = CARTESIAN_POINT('',(-0.25,0.2,-1.195));
#12751 = DIRECTION('',(-0.,-1.,-0.));
#12752 = DIRECTION('',(0.,0.,-1.));
#12753 = ADVANCED_FACE('',(#12754),#12770,.F.);
#12754 = FACE_BOUND('',#12755,.T.);
#12755 = EDGE_LOOP('',(#12756,#12762,#12763,#12769));
#12756 = ORIENTED_EDGE('',*,*,#12757,.T.);
#12757 = EDGE_CURVE('',#12725,#12654,#12758,.T.);
#12758 = LINE('',#12759,#12760);
#12759 = CARTESIAN_POINT('',(-0.135,0.,-1.5));
#12760 = VECTOR('',#12761,1.);
#12761 = DIRECTION('',(-1.066428366379E-14,-0.,-1.));
#12762 = ORIENTED_EDGE('',*,*,#12679,.F.);
#12763 = ORIENTED_EDGE('',*,*,#12764,.F.);
#12764 = EDGE_CURVE('',#12734,#12672,#12765,.T.);
#12765 = LINE('',#12766,#12767);
#12766 = CARTESIAN_POINT('',(-0.135,0.2,-1.5));
#12767 = VECTOR('',#12768,1.);
#12768 = DIRECTION('',(-1.066428366379E-14,-0.,-1.));
#12769 = ORIENTED_EDGE('',*,*,#12733,.T.);
#12770 = PLANE('',#12771);
#12771 = AXIS2_PLACEMENT_3D('',#12772,#12773,#12774);
#12772 = CARTESIAN_POINT('',(-0.135,0.2,-1.5));
#12773 = DIRECTION('',(-1.,0.,1.066428366379E-14));
#12774 = DIRECTION('',(1.066428366379E-14,0.,1.));
#12775 = ADVANCED_FACE('',(#12776),#12782,.F.);
#12776 = FACE_BOUND('',#12777,.T.);
#12777 = EDGE_LOOP('',(#12778,#12779,#12780,#12781));
#12778 = ORIENTED_EDGE('',*,*,#12671,.T.);
#12779 = ORIENTED_EDGE('',*,*,#12709,.T.);
#12780 = ORIENTED_EDGE('',*,*,#12741,.T.);
#12781 = ORIENTED_EDGE('',*,*,#12764,.T.);
#12782 = PLANE('',#12783);
#12783 = AXIS2_PLACEMENT_3D('',#12784,#12785,#12786);
#12784 = CARTESIAN_POINT('',(-0.25,0.2,-1.195));
#12785 = DIRECTION('',(0.,-1.,0.));
#12786 = DIRECTION('',(0.,-0.,-1.));
#12787 = ADVANCED_FACE('',(#12788),#12794,.T.);
#12788 = FACE_BOUND('',#12789,.T.);
#12789 = EDGE_LOOP('',(#12790,#12791,#12792,#12793));
#12790 = ORIENTED_EDGE('',*,*,#12653,.F.);
#12791 = ORIENTED_EDGE('',*,*,#12757,.F.);
#12792 = ORIENTED_EDGE('',*,*,#12724,.F.);
#12793 = ORIENTED_EDGE('',*,*,#12693,.F.);
#12794 = PLANE('',#12795);
#12795 = AXIS2_PLACEMENT_3D('',#12796,#12797,#12798);
#12796 = CARTESIAN_POINT('',(-0.25,0.,-1.195));
#12797 = DIRECTION('',(0.,-1.,0.));
#12798 = DIRECTION('',(0.,-0.,-1.));
#12799 = MANIFOLD_SOLID_BREP('',#12800);
#12800 = CLOSED_SHELL('',(#12801,#12841,#12872,#12905,#12927,#12939));
#12801 = ADVANCED_FACE('',(#12802),#12836,.F.);
#12802 = FACE_BOUND('',#12803,.T.);
#12803 = EDGE_LOOP('',(#12804,#12814,#12822,#12830));
#12804 = ORIENTED_EDGE('',*,*,#12805,.T.);
#12805 = EDGE_CURVE('',#12806,#12808,#12810,.T.);
#12806 = VERTEX_POINT('',#12807);
#12807 = CARTESIAN_POINT('',(-0.635,0.,-1.5));
#12808 = VERTEX_POINT('',#12809);
#12809 = CARTESIAN_POINT('',(-0.865,0.,-1.5));
#12810 = LINE('',#12811,#12812);
#12811 = CARTESIAN_POINT('',(-0.635,0.,-1.5));
#12812 = VECTOR('',#12813,1.);
#12813 = DIRECTION('',(-1.,0.,0.));
#12814 = ORIENTED_EDGE('',*,*,#12815,.F.);
#12815 = EDGE_CURVE('',#12816,#12808,#12818,.T.);
#12816 = VERTEX_POINT('',#12817);
#12817 = CARTESIAN_POINT('',(-0.865,0.2,-1.5));
#12818 = LINE('',#12819,#12820);
#12819 = CARTESIAN_POINT('',(-0.865,0.2,-1.5));
#12820 = VECTOR('',#12821,1.);
#12821 = DIRECTION('',(-0.,-1.,-0.));
#12822 = ORIENTED_EDGE('',*,*,#12823,.F.);
#12823 = EDGE_CURVE('',#12824,#12816,#12826,.T.);
#12824 = VERTEX_POINT('',#12825);
#12825 = CARTESIAN_POINT('',(-0.635,0.2,-1.5));
#12826 = LINE('',#12827,#12828);
#12827 = CARTESIAN_POINT('',(-0.635,0.2,-1.5));
#12828 = VECTOR('',#12829,1.);
#12829 = DIRECTION('',(-1.,0.,0.));
#12830 = ORIENTED_EDGE('',*,*,#12831,.T.);
#12831 = EDGE_CURVE('',#12824,#12806,#12832,.T.);
#12832 = LINE('',#12833,#12834);
#12833 = CARTESIAN_POINT('',(-0.635,0.2,-1.5));
#12834 = VECTOR('',#12835,1.);
#12835 = DIRECTION('',(-0.,-1.,-0.));
#12836 = PLANE('',#12837);
#12837 = AXIS2_PLACEMENT_3D('',#12838,#12839,#12840);
#12838 = CARTESIAN_POINT('',(-0.635,0.2,-1.5));
#12839 = DIRECTION('',(0.,-0.,1.));
#12840 = DIRECTION('',(1.,0.,0.));
#12841 = ADVANCED_FACE('',(#12842),#12867,.F.);
#12842 = FACE_BOUND('',#12843,.T.);
#12843 = EDGE_LOOP('',(#12844,#12852,#12860,#12866));
#12844 = ORIENTED_EDGE('',*,*,#12845,.T.);
#12845 = EDGE_CURVE('',#12808,#12846,#12848,.T.);
#12846 = VERTEX_POINT('',#12847);
#12847 = CARTESIAN_POINT('',(-0.865,0.,-1.195));
#12848 = LINE('',#12849,#12850);
#12849 = CARTESIAN_POINT('',(-0.865,0.,-1.5));
#12850 = VECTOR('',#12851,1.);
#12851 = DIRECTION('',(1.066428366379E-14,0.,1.));
#12852 = ORIENTED_EDGE('',*,*,#12853,.F.);
#12853 = EDGE_CURVE('',#12854,#12846,#12856,.T.);
#12854 = VERTEX_POINT('',#12855);
#12855 = CARTESIAN_POINT('',(-0.865,0.2,-1.195));
#12856 = LINE('',#12857,#12858);
#12857 = CARTESIAN_POINT('',(-0.865,0.2,-1.195));
#12858 = VECTOR('',#12859,1.);
#12859 = DIRECTION('',(-0.,-1.,-0.));
#12860 = ORIENTED_EDGE('',*,*,#12861,.F.);
#12861 = EDGE_CURVE('',#12816,#12854,#12862,.T.);
#12862 = LINE('',#12863,#12864);
#12863 = CARTESIAN_POINT('',(-0.865,0.2,-1.5));
#12864 = VECTOR('',#12865,1.);
#12865 = DIRECTION('',(1.066428366379E-14,0.,1.));
#12866 = ORIENTED_EDGE('',*,*,#12815,.T.);
#12867 = PLANE('',#12868);
#12868 = AXIS2_PLACEMENT_3D('',#12869,#12870,#12871);
#12869 = CARTESIAN_POINT('',(-0.865,0.2,-1.5));
#12870 = DIRECTION('',(1.,0.,-1.066428366379E-14));
#12871 = DIRECTION('',(-1.066428366379E-14,0.,-1.));
#12872 = ADVANCED_FACE('',(#12873),#12900,.T.);
#12873 = FACE_BOUND('',#12874,.T.);
#12874 = EDGE_LOOP('',(#12875,#12884,#12892,#12899));
#12875 = ORIENTED_EDGE('',*,*,#12876,.T.);
#12876 = EDGE_CURVE('',#12846,#12877,#12879,.T.);
#12877 = VERTEX_POINT('',#12878);
#12878 = CARTESIAN_POINT('',(-0.635,0.,-1.195));
#12879 = CIRCLE('',#12880,0.115);
#12880 = AXIS2_PLACEMENT_3D('',#12881,#12882,#12883);
#12881 = CARTESIAN_POINT('',(-0.75,0.,-1.195));
#12882 = DIRECTION('',(0.,1.,0.));
#12883 = DIRECTION('',(0.,-0.,-1.));
#12884 = ORIENTED_EDGE('',*,*,#12885,.F.);
#12885 = EDGE_CURVE('',#12886,#12877,#12888,.T.);
#12886 = VERTEX_POINT('',#12887);
#12887 = CARTESIAN_POINT('',(-0.635,0.2,-1.195));
#12888 = LINE('',#12889,#12890);
#12889 = CARTESIAN_POINT('',(-0.635,0.2,-1.195));
#12890 = VECTOR('',#12891,1.);
#12891 = DIRECTION('',(-0.,-1.,-0.));
#12892 = ORIENTED_EDGE('',*,*,#12893,.F.);
#12893 = EDGE_CURVE('',#12854,#12886,#12894,.T.);
#12894 = CIRCLE('',#12895,0.115);
#12895 = AXIS2_PLACEMENT_3D('',#12896,#12897,#12898);
#12896 = CARTESIAN_POINT('',(-0.75,0.2,-1.195));
#12897 = DIRECTION('',(0.,1.,0.));
#12898 = DIRECTION('',(0.,-0.,-1.));
#12899 = ORIENTED_EDGE('',*,*,#12853,.T.);
#12900 = CYLINDRICAL_SURFACE('',#12901,0.115);
#12901 = AXIS2_PLACEMENT_3D('',#12902,#12903,#12904);
#12902 = CARTESIAN_POINT('',(-0.75,0.2,-1.195));
#12903 = DIRECTION('',(-0.,-1.,-0.));
#12904 = DIRECTION('',(0.,0.,-1.));
#12905 = ADVANCED_FACE('',(#12906),#12922,.F.);
#12906 = FACE_BOUND('',#12907,.T.);
#12907 = EDGE_LOOP('',(#12908,#12914,#12915,#12921));
#12908 = ORIENTED_EDGE('',*,*,#12909,.T.);
#12909 = EDGE_CURVE('',#12877,#12806,#12910,.T.);
#12910 = LINE('',#12911,#12912);
#12911 = CARTESIAN_POINT('',(-0.635,0.,-1.5));
#12912 = VECTOR('',#12913,1.);
#12913 = DIRECTION('',(-1.066428366379E-14,-0.,-1.));
#12914 = ORIENTED_EDGE('',*,*,#12831,.F.);
#12915 = ORIENTED_EDGE('',*,*,#12916,.F.);
#12916 = EDGE_CURVE('',#12886,#12824,#12917,.T.);
#12917 = LINE('',#12918,#12919);
#12918 = CARTESIAN_POINT('',(-0.635,0.2,-1.5));
#12919 = VECTOR('',#12920,1.);
#12920 = DIRECTION('',(-1.066428366379E-14,-0.,-1.));
#12921 = ORIENTED_EDGE('',*,*,#12885,.T.);
#12922 = PLANE('',#12923);
#12923 = AXIS2_PLACEMENT_3D('',#12924,#12925,#12926);
#12924 = CARTESIAN_POINT('',(-0.635,0.2,-1.5));
#12925 = DIRECTION('',(-1.,0.,1.066428366379E-14));
#12926 = DIRECTION('',(1.066428366379E-14,0.,1.));
#12927 = ADVANCED_FACE('',(#12928),#12934,.F.);
#12928 = FACE_BOUND('',#12929,.T.);
#12929 = EDGE_LOOP('',(#12930,#12931,#12932,#12933));
#12930 = ORIENTED_EDGE('',*,*,#12823,.T.);
#12931 = ORIENTED_EDGE('',*,*,#12861,.T.);
#12932 = ORIENTED_EDGE('',*,*,#12893,.T.);
#12933 = ORIENTED_EDGE('',*,*,#12916,.T.);
#12934 = PLANE('',#12935);
#12935 = AXIS2_PLACEMENT_3D('',#12936,#12937,#12938);
#12936 = CARTESIAN_POINT('',(-0.75,0.2,-1.195));
#12937 = DIRECTION('',(0.,-1.,0.));
#12938 = DIRECTION('',(0.,-0.,-1.));
#12939 = ADVANCED_FACE('',(#12940),#12946,.T.);
#12940 = FACE_BOUND('',#12941,.T.);
#12941 = EDGE_LOOP('',(#12942,#12943,#12944,#12945));
#12942 = ORIENTED_EDGE('',*,*,#12805,.F.);
#12943 = ORIENTED_EDGE('',*,*,#12909,.F.);
#12944 = ORIENTED_EDGE('',*,*,#12876,.F.);
#12945 = ORIENTED_EDGE('',*,*,#12845,.F.);
#12946 = PLANE('',#12947);
#12947 = AXIS2_PLACEMENT_3D('',#12948,#12949,#12950);
#12948 = CARTESIAN_POINT('',(-0.75,0.,-1.195));
#12949 = DIRECTION('',(0.,-1.,0.));
#12950 = DIRECTION('',(0.,-0.,-1.));
#12951 = MANIFOLD_SOLID_BREP('',#12952);
#12952 = CLOSED_SHELL('',(#12953,#12993,#13024,#13057,#13079,#13091));
#12953 = ADVANCED_FACE('',(#12954),#12988,.F.);
#12954 = FACE_BOUND('',#12955,.T.);
#12955 = EDGE_LOOP('',(#12956,#12966,#12974,#12982));
#12956 = ORIENTED_EDGE('',*,*,#12957,.T.);
#12957 = EDGE_CURVE('',#12958,#12960,#12962,.T.);
#12958 = VERTEX_POINT('',#12959);
#12959 = CARTESIAN_POINT('',(1.5,0.,0.865));
#12960 = VERTEX_POINT('',#12961);
#12961 = CARTESIAN_POINT('',(1.5,0.,0.635));
#12962 = LINE('',#12963,#12964);
#12963 = CARTESIAN_POINT('',(1.5,0.,0.865));
#12964 = VECTOR('',#12965,1.);
#12965 = DIRECTION('',(0.,0.,-1.));
#12966 = ORIENTED_EDGE('',*,*,#12967,.F.);
#12967 = EDGE_CURVE('',#12968,#12960,#12970,.T.);
#12968 = VERTEX_POINT('',#12969);
#12969 = CARTESIAN_POINT('',(1.5,0.2,0.635));
#12970 = LINE('',#12971,#12972);
#12971 = CARTESIAN_POINT('',(1.5,0.2,0.635));
#12972 = VECTOR('',#12973,1.);
#12973 = DIRECTION('',(-0.,-1.,-0.));
#12974 = ORIENTED_EDGE('',*,*,#12975,.F.);
#12975 = EDGE_CURVE('',#12976,#12968,#12978,.T.);
#12976 = VERTEX_POINT('',#12977);
#12977 = CARTESIAN_POINT('',(1.5,0.2,0.865));
#12978 = LINE('',#12979,#12980);
#12979 = CARTESIAN_POINT('',(1.5,0.2,0.865));
#12980 = VECTOR('',#12981,1.);
#12981 = DIRECTION('',(0.,0.,-1.));
#12982 = ORIENTED_EDGE('',*,*,#12983,.T.);
#12983 = EDGE_CURVE('',#12976,#12958,#12984,.T.);
#12984 = LINE('',#12985,#12986);
#12985 = CARTESIAN_POINT('',(1.5,0.2,0.865));
#12986 = VECTOR('',#12987,1.);
#12987 = DIRECTION('',(-0.,-1.,-0.));
#12988 = PLANE('',#12989);
#12989 = AXIS2_PLACEMENT_3D('',#12990,#12991,#12992);
#12990 = CARTESIAN_POINT('',(1.5,0.2,0.865));
#12991 = DIRECTION('',(-1.,0.,0.));
#12992 = DIRECTION('',(0.,0.,1.));
#12993 = ADVANCED_FACE('',(#12994),#13019,.F.);
#12994 = FACE_BOUND('',#12995,.T.);
#12995 = EDGE_LOOP('',(#12996,#13004,#13012,#13018));
#12996 = ORIENTED_EDGE('',*,*,#12997,.T.);
#12997 = EDGE_CURVE('',#12960,#12998,#13000,.T.);
#12998 = VERTEX_POINT('',#12999);
#12999 = CARTESIAN_POINT('',(1.195,0.,0.635));
#13000 = LINE('',#13001,#13002);
#13001 = CARTESIAN_POINT('',(1.5,0.,0.635));
#13002 = VECTOR('',#13003,1.);
#13003 = DIRECTION('',(-1.,0.,1.066428366379E-14));
#13004 = ORIENTED_EDGE('',*,*,#13005,.F.);
#13005 = EDGE_CURVE('',#13006,#12998,#13008,.T.);
#13006 = VERTEX_POINT('',#13007);
#13007 = CARTESIAN_POINT('',(1.195,0.2,0.635));
#13008 = LINE('',#13009,#13010);
#13009 = CARTESIAN_POINT('',(1.195,0.2,0.635));
#13010 = VECTOR('',#13011,1.);
#13011 = DIRECTION('',(-0.,-1.,-0.));
#13012 = ORIENTED_EDGE('',*,*,#13013,.F.);
#13013 = EDGE_CURVE('',#12968,#13006,#13014,.T.);
#13014 = LINE('',#13015,#13016);
#13015 = CARTESIAN_POINT('',(1.5,0.2,0.635));
#13016 = VECTOR('',#13017,1.);
#13017 = DIRECTION('',(-1.,0.,1.066428366379E-14));
#13018 = ORIENTED_EDGE('',*,*,#12967,.T.);
#13019 = PLANE('',#13020);
#13020 = AXIS2_PLACEMENT_3D('',#13021,#13022,#13023);
#13021 = CARTESIAN_POINT('',(1.5,0.2,0.635));
#13022 = DIRECTION('',(1.066428366379E-14,-0.,1.));
#13023 = DIRECTION('',(1.,0.,-1.066428366379E-14));
#13024 = ADVANCED_FACE('',(#13025),#13052,.T.);
#13025 = FACE_BOUND('',#13026,.T.);
#13026 = EDGE_LOOP('',(#13027,#13036,#13044,#13051));
#13027 = ORIENTED_EDGE('',*,*,#13028,.T.);
#13028 = EDGE_CURVE('',#12998,#13029,#13031,.T.);
#13029 = VERTEX_POINT('',#13030);
#13030 = CARTESIAN_POINT('',(1.195,0.,0.865));
#13031 = CIRCLE('',#13032,0.115);
#13032 = AXIS2_PLACEMENT_3D('',#13033,#13034,#13035);
#13033 = CARTESIAN_POINT('',(1.195,0.,0.75));
#13034 = DIRECTION('',(0.,1.,0.));
#13035 = DIRECTION('',(0.,-0.,-1.));
#13036 = ORIENTED_EDGE('',*,*,#13037,.F.);
#13037 = EDGE_CURVE('',#13038,#13029,#13040,.T.);
#13038 = VERTEX_POINT('',#13039);
#13039 = CARTESIAN_POINT('',(1.195,0.2,0.865));
#13040 = LINE('',#13041,#13042);
#13041 = CARTESIAN_POINT('',(1.195,0.2,0.865));
#13042 = VECTOR('',#13043,1.);
#13043 = DIRECTION('',(-0.,-1.,-0.));
#13044 = ORIENTED_EDGE('',*,*,#13045,.F.);
#13045 = EDGE_CURVE('',#13006,#13038,#13046,.T.);
#13046 = CIRCLE('',#13047,0.115);
#13047 = AXIS2_PLACEMENT_3D('',#13048,#13049,#13050);
#13048 = CARTESIAN_POINT('',(1.195,0.2,0.75));
#13049 = DIRECTION('',(0.,1.,0.));
#13050 = DIRECTION('',(0.,-0.,-1.));
#13051 = ORIENTED_EDGE('',*,*,#13005,.T.);
#13052 = CYLINDRICAL_SURFACE('',#13053,0.115);
#13053 = AXIS2_PLACEMENT_3D('',#13054,#13055,#13056);
#13054 = CARTESIAN_POINT('',(1.195,0.2,0.75));
#13055 = DIRECTION('',(-0.,-1.,-0.));
#13056 = DIRECTION('',(0.,0.,-1.));
#13057 = ADVANCED_FACE('',(#13058),#13074,.F.);
#13058 = FACE_BOUND('',#13059,.T.);
#13059 = EDGE_LOOP('',(#13060,#13066,#13067,#13073));
#13060 = ORIENTED_EDGE('',*,*,#13061,.T.);
#13061 = EDGE_CURVE('',#13029,#12958,#13062,.T.);
#13062 = LINE('',#13063,#13064);
#13063 = CARTESIAN_POINT('',(1.5,0.,0.865));
#13064 = VECTOR('',#13065,1.);
#13065 = DIRECTION('',(1.,-0.,-1.101975978592E-14));
#13066 = ORIENTED_EDGE('',*,*,#12983,.F.);
#13067 = ORIENTED_EDGE('',*,*,#13068,.F.);
#13068 = EDGE_CURVE('',#13038,#12976,#13069,.T.);
#13069 = LINE('',#13070,#13071);
#13070 = CARTESIAN_POINT('',(1.5,0.2,0.865));
#13071 = VECTOR('',#13072,1.);
#13072 = DIRECTION('',(1.,-0.,-1.101975978592E-14));
#13073 = ORIENTED_EDGE('',*,*,#13037,.T.);
#13074 = PLANE('',#13075);
#13075 = AXIS2_PLACEMENT_3D('',#13076,#13077,#13078);
#13076 = CARTESIAN_POINT('',(1.5,0.2,0.865));
#13077 = DIRECTION('',(-1.101975978592E-14,0.,-1.));
#13078 = DIRECTION('',(-1.,0.,1.101975978592E-14));
#13079 = ADVANCED_FACE('',(#13080),#13086,.F.);
#13080 = FACE_BOUND('',#13081,.T.);
#13081 = EDGE_LOOP('',(#13082,#13083,#13084,#13085));
#13082 = ORIENTED_EDGE('',*,*,#12975,.T.);
#13083 = ORIENTED_EDGE('',*,*,#13013,.T.);
#13084 = ORIENTED_EDGE('',*,*,#13045,.T.);
#13085 = ORIENTED_EDGE('',*,*,#13068,.T.);
#13086 = PLANE('',#13087);
#13087 = AXIS2_PLACEMENT_3D('',#13088,#13089,#13090);
#13088 = CARTESIAN_POINT('',(1.195,0.2,0.75));
#13089 = DIRECTION('',(0.,-1.,0.));
#13090 = DIRECTION('',(0.,-0.,-1.));
#13091 = ADVANCED_FACE('',(#13092),#13098,.T.);
#13092 = FACE_BOUND('',#13093,.T.);
#13093 = EDGE_LOOP('',(#13094,#13095,#13096,#13097));
#13094 = ORIENTED_EDGE('',*,*,#12957,.F.);
#13095 = ORIENTED_EDGE('',*,*,#13061,.F.);
#13096 = ORIENTED_EDGE('',*,*,#13028,.F.);
#13097 = ORIENTED_EDGE('',*,*,#12997,.F.);
#13098 = PLANE('',#13099);
#13099 = AXIS2_PLACEMENT_3D('',#13100,#13101,#13102);
#13100 = CARTESIAN_POINT('',(1.195,0.,0.75));
#13101 = DIRECTION('',(0.,-1.,0.));
#13102 = DIRECTION('',(0.,-0.,-1.));
#13103 = MANIFOLD_SOLID_BREP('',#13104);
#13104 = CLOSED_SHELL('',(#13105,#13145,#13176,#13209,#13231,#13243));
#13105 = ADVANCED_FACE('',(#13106),#13140,.F.);
#13106 = FACE_BOUND('',#13107,.T.);
#13107 = EDGE_LOOP('',(#13108,#13118,#13126,#13134));
#13108 = ORIENTED_EDGE('',*,*,#13109,.T.);
#13109 = EDGE_CURVE('',#13110,#13112,#13114,.T.);
#13110 = VERTEX_POINT('',#13111);
#13111 = CARTESIAN_POINT('',(1.5,0.,0.365));
#13112 = VERTEX_POINT('',#13113);
#13113 = CARTESIAN_POINT('',(1.5,0.,0.135));
#13114 = LINE('',#13115,#13116);
#13115 = CARTESIAN_POINT('',(1.5,0.,0.365));
#13116 = VECTOR('',#13117,1.);
#13117 = DIRECTION('',(0.,0.,-1.));
#13118 = ORIENTED_EDGE('',*,*,#13119,.F.);
#13119 = EDGE_CURVE('',#13120,#13112,#13122,.T.);
#13120 = VERTEX_POINT('',#13121);
#13121 = CARTESIAN_POINT('',(1.5,0.2,0.135));
#13122 = LINE('',#13123,#13124);
#13123 = CARTESIAN_POINT('',(1.5,0.2,0.135));
#13124 = VECTOR('',#13125,1.);
#13125 = DIRECTION('',(-0.,-1.,-0.));
#13126 = ORIENTED_EDGE('',*,*,#13127,.F.);
#13127 = EDGE_CURVE('',#13128,#13120,#13130,.T.);
#13128 = VERTEX_POINT('',#13129);
#13129 = CARTESIAN_POINT('',(1.5,0.2,0.365));
#13130 = LINE('',#13131,#13132);
#13131 = CARTESIAN_POINT('',(1.5,0.2,0.365));
#13132 = VECTOR('',#13133,1.);
#13133 = DIRECTION('',(0.,0.,-1.));
#13134 = ORIENTED_EDGE('',*,*,#13135,.T.);
#13135 = EDGE_CURVE('',#13128,#13110,#13136,.T.);
#13136 = LINE('',#13137,#13138);
#13137 = CARTESIAN_POINT('',(1.5,0.2,0.365));
#13138 = VECTOR('',#13139,1.);
#13139 = DIRECTION('',(-0.,-1.,-0.));
#13140 = PLANE('',#13141);
#13141 = AXIS2_PLACEMENT_3D('',#13142,#13143,#13144);
#13142 = CARTESIAN_POINT('',(1.5,0.2,0.365));
#13143 = DIRECTION('',(-1.,0.,0.));
#13144 = DIRECTION('',(0.,0.,1.));
#13145 = ADVANCED_FACE('',(#13146),#13171,.F.);
#13146 = FACE_BOUND('',#13147,.T.);
#13147 = EDGE_LOOP('',(#13148,#13156,#13164,#13170));
#13148 = ORIENTED_EDGE('',*,*,#13149,.T.);
#13149 = EDGE_CURVE('',#13112,#13150,#13152,.T.);
#13150 = VERTEX_POINT('',#13151);
#13151 = CARTESIAN_POINT('',(1.195,0.,0.135));
#13152 = LINE('',#13153,#13154);
#13153 = CARTESIAN_POINT('',(1.5,0.,0.135));
#13154 = VECTOR('',#13155,1.);
#13155 = DIRECTION('',(-1.,0.,1.084202172486E-14));
#13156 = ORIENTED_EDGE('',*,*,#13157,.F.);
#13157 = EDGE_CURVE('',#13158,#13150,#13160,.T.);
#13158 = VERTEX_POINT('',#13159);
#13159 = CARTESIAN_POINT('',(1.195,0.2,0.135));
#13160 = LINE('',#13161,#13162);
#13161 = CARTESIAN_POINT('',(1.195,0.2,0.135));
#13162 = VECTOR('',#13163,1.);
#13163 = DIRECTION('',(-0.,-1.,-0.));
#13164 = ORIENTED_EDGE('',*,*,#13165,.F.);
#13165 = EDGE_CURVE('',#13120,#13158,#13166,.T.);
#13166 = LINE('',#13167,#13168);
#13167 = CARTESIAN_POINT('',(1.5,0.2,0.135));
#13168 = VECTOR('',#13169,1.);
#13169 = DIRECTION('',(-1.,0.,1.084202172486E-14));
#13170 = ORIENTED_EDGE('',*,*,#13119,.T.);
#13171 = PLANE('',#13172);
#13172 = AXIS2_PLACEMENT_3D('',#13173,#13174,#13175);
#13173 = CARTESIAN_POINT('',(1.5,0.2,0.135));
#13174 = DIRECTION('',(1.084202172486E-14,-0.,1.));
#13175 = DIRECTION('',(1.,0.,-1.084202172486E-14));
#13176 = ADVANCED_FACE('',(#13177),#13204,.T.);
#13177 = FACE_BOUND('',#13178,.T.);
#13178 = EDGE_LOOP('',(#13179,#13188,#13196,#13203));
#13179 = ORIENTED_EDGE('',*,*,#13180,.T.);
#13180 = EDGE_CURVE('',#13150,#13181,#13183,.T.);
#13181 = VERTEX_POINT('',#13182);
#13182 = CARTESIAN_POINT('',(1.195,0.,0.365));
#13183 = CIRCLE('',#13184,0.115);
#13184 = AXIS2_PLACEMENT_3D('',#13185,#13186,#13187);
#13185 = CARTESIAN_POINT('',(1.195,0.,0.25));
#13186 = DIRECTION('',(0.,1.,0.));
#13187 = DIRECTION('',(0.,-0.,-1.));
#13188 = ORIENTED_EDGE('',*,*,#13189,.F.);
#13189 = EDGE_CURVE('',#13190,#13181,#13192,.T.);
#13190 = VERTEX_POINT('',#13191);
#13191 = CARTESIAN_POINT('',(1.195,0.2,0.365));
#13192 = LINE('',#13193,#13194);
#13193 = CARTESIAN_POINT('',(1.195,0.2,0.365));
#13194 = VECTOR('',#13195,1.);
#13195 = DIRECTION('',(-0.,-1.,-0.));
#13196 = ORIENTED_EDGE('',*,*,#13197,.F.);
#13197 = EDGE_CURVE('',#13158,#13190,#13198,.T.);
#13198 = CIRCLE('',#13199,0.115);
#13199 = AXIS2_PLACEMENT_3D('',#13200,#13201,#13202);
#13200 = CARTESIAN_POINT('',(1.195,0.2,0.25));
#13201 = DIRECTION('',(0.,1.,0.));
#13202 = DIRECTION('',(0.,-0.,-1.));
#13203 = ORIENTED_EDGE('',*,*,#13157,.T.);
#13204 = CYLINDRICAL_SURFACE('',#13205,0.115);
#13205 = AXIS2_PLACEMENT_3D('',#13206,#13207,#13208);
#13206 = CARTESIAN_POINT('',(1.195,0.2,0.25));
#13207 = DIRECTION('',(-0.,-1.,-0.));
#13208 = DIRECTION('',(0.,0.,-1.));
#13209 = ADVANCED_FACE('',(#13210),#13226,.F.);
#13210 = FACE_BOUND('',#13211,.T.);
#13211 = EDGE_LOOP('',(#13212,#13218,#13219,#13225));
#13212 = ORIENTED_EDGE('',*,*,#13213,.T.);
#13213 = EDGE_CURVE('',#13181,#13110,#13214,.T.);
#13214 = LINE('',#13215,#13216);
#13215 = CARTESIAN_POINT('',(1.5,0.,0.365));
#13216 = VECTOR('',#13217,1.);
#13217 = DIRECTION('',(1.,-0.,-1.066428366379E-14));
#13218 = ORIENTED_EDGE('',*,*,#13135,.F.);
#13219 = ORIENTED_EDGE('',*,*,#13220,.F.);
#13220 = EDGE_CURVE('',#13190,#13128,#13221,.T.);
#13221 = LINE('',#13222,#13223);
#13222 = CARTESIAN_POINT('',(1.5,0.2,0.365));
#13223 = VECTOR('',#13224,1.);
#13224 = DIRECTION('',(1.,-0.,-1.066428366379E-14));
#13225 = ORIENTED_EDGE('',*,*,#13189,.T.);
#13226 = PLANE('',#13227);
#13227 = AXIS2_PLACEMENT_3D('',#13228,#13229,#13230);
#13228 = CARTESIAN_POINT('',(1.5,0.2,0.365));
#13229 = DIRECTION('',(-1.066428366379E-14,0.,-1.));
#13230 = DIRECTION('',(-1.,0.,1.066428366379E-14));
#13231 = ADVANCED_FACE('',(#13232),#13238,.F.);
#13232 = FACE_BOUND('',#13233,.T.);
#13233 = EDGE_LOOP('',(#13234,#13235,#13236,#13237));
#13234 = ORIENTED_EDGE('',*,*,#13127,.T.);
#13235 = ORIENTED_EDGE('',*,*,#13165,.T.);
#13236 = ORIENTED_EDGE('',*,*,#13197,.T.);
#13237 = ORIENTED_EDGE('',*,*,#13220,.T.);
#13238 = PLANE('',#13239);
#13239 = AXIS2_PLACEMENT_3D('',#13240,#13241,#13242);
#13240 = CARTESIAN_POINT('',(1.195,0.2,0.25));
#13241 = DIRECTION('',(0.,-1.,0.));
#13242 = DIRECTION('',(0.,-0.,-1.));
#13243 = ADVANCED_FACE('',(#13244),#13250,.T.);
#13244 = FACE_BOUND('',#13245,.T.);
#13245 = EDGE_LOOP('',(#13246,#13247,#13248,#13249));
#13246 = ORIENTED_EDGE('',*,*,#13109,.F.);
#13247 = ORIENTED_EDGE('',*,*,#13213,.F.);
#13248 = ORIENTED_EDGE('',*,*,#13180,.F.);
#13249 = ORIENTED_EDGE('',*,*,#13149,.F.);
#13250 = PLANE('',#13251);
#13251 = AXIS2_PLACEMENT_3D('',#13252,#13253,#13254);
#13252 = CARTESIAN_POINT('',(1.195,0.,0.25));
#13253 = DIRECTION('',(0.,-1.,0.));
#13254 = DIRECTION('',(0.,-0.,-1.));
#13255 = MANIFOLD_SOLID_BREP('',#13256);
#13256 = CLOSED_SHELL('',(#13257,#13297,#13328,#13361,#13383,#13395));
#13257 = ADVANCED_FACE('',(#13258),#13292,.F.);
#13258 = FACE_BOUND('',#13259,.T.);
#13259 = EDGE_LOOP('',(#13260,#13270,#13278,#13286));
#13260 = ORIENTED_EDGE('',*,*,#13261,.T.);
#13261 = EDGE_CURVE('',#13262,#13264,#13266,.T.);
#13262 = VERTEX_POINT('',#13263);
#13263 = CARTESIAN_POINT('',(1.5,0.,-0.135));
#13264 = VERTEX_POINT('',#13265);
#13265 = CARTESIAN_POINT('',(1.5,0.,-0.365));
#13266 = LINE('',#13267,#13268);
#13267 = CARTESIAN_POINT('',(1.5,0.,-0.135));
#13268 = VECTOR('',#13269,1.);
#13269 = DIRECTION('',(0.,0.,-1.));
#13270 = ORIENTED_EDGE('',*,*,#13271,.F.);
#13271 = EDGE_CURVE('',#13272,#13264,#13274,.T.);
#13272 = VERTEX_POINT('',#13273);
#13273 = CARTESIAN_POINT('',(1.5,0.2,-0.365));
#13274 = LINE('',#13275,#13276);
#13275 = CARTESIAN_POINT('',(1.5,0.2,-0.365));
#13276 = VECTOR('',#13277,1.);
#13277 = DIRECTION('',(-0.,-1.,-0.));
#13278 = ORIENTED_EDGE('',*,*,#13279,.F.);
#13279 = EDGE_CURVE('',#13280,#13272,#13282,.T.);
#13280 = VERTEX_POINT('',#13281);
#13281 = CARTESIAN_POINT('',(1.5,0.2,-0.135));
#13282 = LINE('',#13283,#13284);
#13283 = CARTESIAN_POINT('',(1.5,0.2,-0.135));
#13284 = VECTOR('',#13285,1.);
#13285 = DIRECTION('',(0.,0.,-1.));
#13286 = ORIENTED_EDGE('',*,*,#13287,.T.);
#13287 = EDGE_CURVE('',#13280,#13262,#13288,.T.);
#13288 = LINE('',#13289,#13290);
#13289 = CARTESIAN_POINT('',(1.5,0.2,-0.135));
#13290 = VECTOR('',#13291,1.);
#13291 = DIRECTION('',(-0.,-1.,-0.));
#13292 = PLANE('',#13293);
#13293 = AXIS2_PLACEMENT_3D('',#13294,#13295,#13296);
#13294 = CARTESIAN_POINT('',(1.5,0.2,-0.135));
#13295 = DIRECTION('',(-1.,0.,0.));
#13296 = DIRECTION('',(0.,0.,1.));
#13297 = ADVANCED_FACE('',(#13298),#13323,.F.);
#13298 = FACE_BOUND('',#13299,.T.);
#13299 = EDGE_LOOP('',(#13300,#13308,#13316,#13322));
#13300 = ORIENTED_EDGE('',*,*,#13301,.T.);
#13301 = EDGE_CURVE('',#13264,#13302,#13304,.T.);
#13302 = VERTEX_POINT('',#13303);
#13303 = CARTESIAN_POINT('',(1.195,0.,-0.365));
#13304 = LINE('',#13305,#13306);
#13305 = CARTESIAN_POINT('',(1.5,0.,-0.365));
#13306 = VECTOR('',#13307,1.);
#13307 = DIRECTION('',(-1.,0.,1.066428366379E-14));
#13308 = ORIENTED_EDGE('',*,*,#13309,.F.);
#13309 = EDGE_CURVE('',#13310,#13302,#13312,.T.);
#13310 = VERTEX_POINT('',#13311);
#13311 = CARTESIAN_POINT('',(1.195,0.2,-0.365));
#13312 = LINE('',#13313,#13314);
#13313 = CARTESIAN_POINT('',(1.195,0.2,-0.365));
#13314 = VECTOR('',#13315,1.);
#13315 = DIRECTION('',(-0.,-1.,-0.));
#13316 = ORIENTED_EDGE('',*,*,#13317,.F.);
#13317 = EDGE_CURVE('',#13272,#13310,#13318,.T.);
#13318 = LINE('',#13319,#13320);
#13319 = CARTESIAN_POINT('',(1.5,0.2,-0.365));
#13320 = VECTOR('',#13321,1.);
#13321 = DIRECTION('',(-1.,0.,1.066428366379E-14));
#13322 = ORIENTED_EDGE('',*,*,#13271,.T.);
#13323 = PLANE('',#13324);
#13324 = AXIS2_PLACEMENT_3D('',#13325,#13326,#13327);
#13325 = CARTESIAN_POINT('',(1.5,0.2,-0.365));
#13326 = DIRECTION('',(1.066428366379E-14,-0.,1.));
#13327 = DIRECTION('',(1.,0.,-1.066428366379E-14));
#13328 = ADVANCED_FACE('',(#13329),#13356,.T.);
#13329 = FACE_BOUND('',#13330,.T.);
#13330 = EDGE_LOOP('',(#13331,#13340,#13348,#13355));
#13331 = ORIENTED_EDGE('',*,*,#13332,.T.);
#13332 = EDGE_CURVE('',#13302,#13333,#13335,.T.);
#13333 = VERTEX_POINT('',#13334);
#13334 = CARTESIAN_POINT('',(1.195,0.,-0.135));
#13335 = CIRCLE('',#13336,0.115);
#13336 = AXIS2_PLACEMENT_3D('',#13337,#13338,#13339);
#13337 = CARTESIAN_POINT('',(1.195,0.,-0.25));
#13338 = DIRECTION('',(0.,1.,0.));
#13339 = DIRECTION('',(0.,-0.,-1.));
#13340 = ORIENTED_EDGE('',*,*,#13341,.F.);
#13341 = EDGE_CURVE('',#13342,#13333,#13344,.T.);
#13342 = VERTEX_POINT('',#13343);
#13343 = CARTESIAN_POINT('',(1.195,0.2,-0.135));
#13344 = LINE('',#13345,#13346);
#13345 = CARTESIAN_POINT('',(1.195,0.2,-0.135));
#13346 = VECTOR('',#13347,1.);
#13347 = DIRECTION('',(-0.,-1.,-0.));
#13348 = ORIENTED_EDGE('',*,*,#13349,.F.);
#13349 = EDGE_CURVE('',#13310,#13342,#13350,.T.);
#13350 = CIRCLE('',#13351,0.115);
#13351 = AXIS2_PLACEMENT_3D('',#13352,#13353,#13354);
#13352 = CARTESIAN_POINT('',(1.195,0.2,-0.25));
#13353 = DIRECTION('',(0.,1.,0.));
#13354 = DIRECTION('',(0.,-0.,-1.));
#13355 = ORIENTED_EDGE('',*,*,#13309,.T.);
#13356 = CYLINDRICAL_SURFACE('',#13357,0.115);
#13357 = AXIS2_PLACEMENT_3D('',#13358,#13359,#13360);
#13358 = CARTESIAN_POINT('',(1.195,0.2,-0.25));
#13359 = DIRECTION('',(-0.,-1.,-0.));
#13360 = DIRECTION('',(0.,0.,-1.));
#13361 = ADVANCED_FACE('',(#13362),#13378,.F.);
#13362 = FACE_BOUND('',#13363,.T.);
#13363 = EDGE_LOOP('',(#13364,#13370,#13371,#13377));
#13364 = ORIENTED_EDGE('',*,*,#13365,.T.);
#13365 = EDGE_CURVE('',#13333,#13262,#13366,.T.);
#13366 = LINE('',#13367,#13368);
#13367 = CARTESIAN_POINT('',(1.5,0.,-0.135));
#13368 = VECTOR('',#13369,1.);
#13369 = DIRECTION('',(1.,-0.,-1.084202172486E-14));
#13370 = ORIENTED_EDGE('',*,*,#13287,.F.);
#13371 = ORIENTED_EDGE('',*,*,#13372,.F.);
#13372 = EDGE_CURVE('',#13342,#13280,#13373,.T.);
#13373 = LINE('',#13374,#13375);
#13374 = CARTESIAN_POINT('',(1.5,0.2,-0.135));
#13375 = VECTOR('',#13376,1.);
#13376 = DIRECTION('',(1.,-0.,-1.084202172486E-14));
#13377 = ORIENTED_EDGE('',*,*,#13341,.T.);
#13378 = PLANE('',#13379);
#13379 = AXIS2_PLACEMENT_3D('',#13380,#13381,#13382);
#13380 = CARTESIAN_POINT('',(1.5,0.2,-0.135));
#13381 = DIRECTION('',(-1.084202172486E-14,0.,-1.));
#13382 = DIRECTION('',(-1.,0.,1.084202172486E-14));
#13383 = ADVANCED_FACE('',(#13384),#13390,.F.);
#13384 = FACE_BOUND('',#13385,.T.);
#13385 = EDGE_LOOP('',(#13386,#13387,#13388,#13389));
#13386 = ORIENTED_EDGE('',*,*,#13279,.T.);
#13387 = ORIENTED_EDGE('',*,*,#13317,.T.);
#13388 = ORIENTED_EDGE('',*,*,#13349,.T.);
#13389 = ORIENTED_EDGE('',*,*,#13372,.T.);
#13390 = PLANE('',#13391);
#13391 = AXIS2_PLACEMENT_3D('',#13392,#13393,#13394);
#13392 = CARTESIAN_POINT('',(1.195,0.2,-0.25));
#13393 = DIRECTION('',(0.,-1.,0.));
#13394 = DIRECTION('',(0.,-0.,-1.));
#13395 = ADVANCED_FACE('',(#13396),#13402,.T.);
#13396 = FACE_BOUND('',#13397,.T.);
#13397 = EDGE_LOOP('',(#13398,#13399,#13400,#13401));
#13398 = ORIENTED_EDGE('',*,*,#13261,.F.);
#13399 = ORIENTED_EDGE('',*,*,#13365,.F.);
#13400 = ORIENTED_EDGE('',*,*,#13332,.F.);
#13401 = ORIENTED_EDGE('',*,*,#13301,.F.);
#13402 = PLANE('',#13403);
#13403 = AXIS2_PLACEMENT_3D('',#13404,#13405,#13406);
#13404 = CARTESIAN_POINT('',(1.195,0.,-0.25));
#13405 = DIRECTION('',(0.,-1.,0.));
#13406 = DIRECTION('',(0.,-0.,-1.));
#13407 = MANIFOLD_SOLID_BREP('',#13408);
#13408 = CLOSED_SHELL('',(#13409,#13449,#13480,#13513,#13535,#13547));
#13409 = ADVANCED_FACE('',(#13410),#13444,.F.);
#13410 = FACE_BOUND('',#13411,.T.);
#13411 = EDGE_LOOP('',(#13412,#13422,#13430,#13438));
#13412 = ORIENTED_EDGE('',*,*,#13413,.T.);
#13413 = EDGE_CURVE('',#13414,#13416,#13418,.T.);
#13414 = VERTEX_POINT('',#13415);
#13415 = CARTESIAN_POINT('',(1.5,0.,-0.635));
#13416 = VERTEX_POINT('',#13417);
#13417 = CARTESIAN_POINT('',(1.5,0.,-0.865));
#13418 = LINE('',#13419,#13420);
#13419 = CARTESIAN_POINT('',(1.5,0.,-0.635));
#13420 = VECTOR('',#13421,1.);
#13421 = DIRECTION('',(0.,0.,-1.));
#13422 = ORIENTED_EDGE('',*,*,#13423,.F.);
#13423 = EDGE_CURVE('',#13424,#13416,#13426,.T.);
#13424 = VERTEX_POINT('',#13425);
#13425 = CARTESIAN_POINT('',(1.5,0.2,-0.865));
#13426 = LINE('',#13427,#13428);
#13427 = CARTESIAN_POINT('',(1.5,0.2,-0.865));
#13428 = VECTOR('',#13429,1.);
#13429 = DIRECTION('',(-0.,-1.,-0.));
#13430 = ORIENTED_EDGE('',*,*,#13431,.F.);
#13431 = EDGE_CURVE('',#13432,#13424,#13434,.T.);
#13432 = VERTEX_POINT('',#13433);
#13433 = CARTESIAN_POINT('',(1.5,0.2,-0.635));
#13434 = LINE('',#13435,#13436);
#13435 = CARTESIAN_POINT('',(1.5,0.2,-0.635));
#13436 = VECTOR('',#13437,1.);
#13437 = DIRECTION('',(0.,0.,-1.));
#13438 = ORIENTED_EDGE('',*,*,#13439,.T.);
#13439 = EDGE_CURVE('',#13432,#13414,#13440,.T.);
#13440 = LINE('',#13441,#13442);
#13441 = CARTESIAN_POINT('',(1.5,0.2,-0.635));
#13442 = VECTOR('',#13443,1.);
#13443 = DIRECTION('',(-0.,-1.,-0.));
#13444 = PLANE('',#13445);
#13445 = AXIS2_PLACEMENT_3D('',#13446,#13447,#13448);
#13446 = CARTESIAN_POINT('',(1.5,0.2,-0.635));
#13447 = DIRECTION('',(-1.,0.,0.));
#13448 = DIRECTION('',(0.,0.,1.));
#13449 = ADVANCED_FACE('',(#13450),#13475,.F.);
#13450 = FACE_BOUND('',#13451,.T.);
#13451 = EDGE_LOOP('',(#13452,#13460,#13468,#13474));
#13452 = ORIENTED_EDGE('',*,*,#13453,.T.);
#13453 = EDGE_CURVE('',#13416,#13454,#13456,.T.);
#13454 = VERTEX_POINT('',#13455);
#13455 = CARTESIAN_POINT('',(1.195,0.,-0.865));
#13456 = LINE('',#13457,#13458);
#13457 = CARTESIAN_POINT('',(1.5,0.,-0.865));
#13458 = VECTOR('',#13459,1.);
#13459 = DIRECTION('',(-1.,0.,1.137523590804E-14));
#13460 = ORIENTED_EDGE('',*,*,#13461,.F.);
#13461 = EDGE_CURVE('',#13462,#13454,#13464,.T.);
#13462 = VERTEX_POINT('',#13463);
#13463 = CARTESIAN_POINT('',(1.195,0.2,-0.865));
#13464 = LINE('',#13465,#13466);
#13465 = CARTESIAN_POINT('',(1.195,0.2,-0.865));
#13466 = VECTOR('',#13467,1.);
#13467 = DIRECTION('',(-0.,-1.,-0.));
#13468 = ORIENTED_EDGE('',*,*,#13469,.F.);
#13469 = EDGE_CURVE('',#13424,#13462,#13470,.T.);
#13470 = LINE('',#13471,#13472);
#13471 = CARTESIAN_POINT('',(1.5,0.2,-0.865));
#13472 = VECTOR('',#13473,1.);
#13473 = DIRECTION('',(-1.,0.,1.137523590804E-14));
#13474 = ORIENTED_EDGE('',*,*,#13423,.T.);
#13475 = PLANE('',#13476);
#13476 = AXIS2_PLACEMENT_3D('',#13477,#13478,#13479);
#13477 = CARTESIAN_POINT('',(1.5,0.2,-0.865));
#13478 = DIRECTION('',(1.137523590804E-14,-0.,1.));
#13479 = DIRECTION('',(1.,0.,-1.137523590804E-14));
#13480 = ADVANCED_FACE('',(#13481),#13508,.T.);
#13481 = FACE_BOUND('',#13482,.T.);
#13482 = EDGE_LOOP('',(#13483,#13492,#13500,#13507));
#13483 = ORIENTED_EDGE('',*,*,#13484,.T.);
#13484 = EDGE_CURVE('',#13454,#13485,#13487,.T.);
#13485 = VERTEX_POINT('',#13486);
#13486 = CARTESIAN_POINT('',(1.195,0.,-0.635));
#13487 = CIRCLE('',#13488,0.115);
#13488 = AXIS2_PLACEMENT_3D('',#13489,#13490,#13491);
#13489 = CARTESIAN_POINT('',(1.195,0.,-0.75));
#13490 = DIRECTION('',(0.,1.,0.));
#13491 = DIRECTION('',(0.,-0.,-1.));
#13492 = ORIENTED_EDGE('',*,*,#13493,.F.);
#13493 = EDGE_CURVE('',#13494,#13485,#13496,.T.);
#13494 = VERTEX_POINT('',#13495);
#13495 = CARTESIAN_POINT('',(1.195,0.2,-0.635));
#13496 = LINE('',#13497,#13498);
#13497 = CARTESIAN_POINT('',(1.195,0.2,-0.635));
#13498 = VECTOR('',#13499,1.);
#13499 = DIRECTION('',(-0.,-1.,-0.));
#13500 = ORIENTED_EDGE('',*,*,#13501,.F.);
#13501 = EDGE_CURVE('',#13462,#13494,#13502,.T.);
#13502 = CIRCLE('',#13503,0.115);
#13503 = AXIS2_PLACEMENT_3D('',#13504,#13505,#13506);
#13504 = CARTESIAN_POINT('',(1.195,0.2,-0.75));
#13505 = DIRECTION('',(0.,1.,0.));
#13506 = DIRECTION('',(0.,-0.,-1.));
#13507 = ORIENTED_EDGE('',*,*,#13461,.T.);
#13508 = CYLINDRICAL_SURFACE('',#13509,0.115);
#13509 = AXIS2_PLACEMENT_3D('',#13510,#13511,#13512);
#13510 = CARTESIAN_POINT('',(1.195,0.2,-0.75));
#13511 = DIRECTION('',(-0.,-1.,-0.));
#13512 = DIRECTION('',(0.,0.,-1.));
#13513 = ADVANCED_FACE('',(#13514),#13530,.F.);
#13514 = FACE_BOUND('',#13515,.T.);
#13515 = EDGE_LOOP('',(#13516,#13522,#13523,#13529));
#13516 = ORIENTED_EDGE('',*,*,#13517,.T.);
#13517 = EDGE_CURVE('',#13485,#13414,#13518,.T.);
#13518 = LINE('',#13519,#13520);
#13519 = CARTESIAN_POINT('',(1.5,0.,-0.635));
#13520 = VECTOR('',#13521,1.);
#13521 = DIRECTION('',(1.,-0.,-1.101975978592E-14));
#13522 = ORIENTED_EDGE('',*,*,#13439,.F.);
#13523 = ORIENTED_EDGE('',*,*,#13524,.F.);
#13524 = EDGE_CURVE('',#13494,#13432,#13525,.T.);
#13525 = LINE('',#13526,#13527);
#13526 = CARTESIAN_POINT('',(1.5,0.2,-0.635));
#13527 = VECTOR('',#13528,1.);
#13528 = DIRECTION('',(1.,-0.,-1.101975978592E-14));
#13529 = ORIENTED_EDGE('',*,*,#13493,.T.);
#13530 = PLANE('',#13531);
#13531 = AXIS2_PLACEMENT_3D('',#13532,#13533,#13534);
#13532 = CARTESIAN_POINT('',(1.5,0.2,-0.635));
#13533 = DIRECTION('',(-1.101975978592E-14,0.,-1.));
#13534 = DIRECTION('',(-1.,0.,1.101975978592E-14));
#13535 = ADVANCED_FACE('',(#13536),#13542,.F.);
#13536 = FACE_BOUND('',#13537,.T.);
#13537 = EDGE_LOOP('',(#13538,#13539,#13540,#13541));
#13538 = ORIENTED_EDGE('',*,*,#13431,.T.);
#13539 = ORIENTED_EDGE('',*,*,#13469,.T.);
#13540 = ORIENTED_EDGE('',*,*,#13501,.T.);
#13541 = ORIENTED_EDGE('',*,*,#13524,.T.);
#13542 = PLANE('',#13543);
#13543 = AXIS2_PLACEMENT_3D('',#13544,#13545,#13546);
#13544 = CARTESIAN_POINT('',(1.195,0.2,-0.75));
#13545 = DIRECTION('',(0.,-1.,0.));
#13546 = DIRECTION('',(0.,-0.,-1.));
#13547 = ADVANCED_FACE('',(#13548),#13554,.T.);
#13548 = FACE_BOUND('',#13549,.T.);
#13549 = EDGE_LOOP('',(#13550,#13551,#13552,#13553));
#13550 = ORIENTED_EDGE('',*,*,#13413,.F.);
#13551 = ORIENTED_EDGE('',*,*,#13517,.F.);
#13552 = ORIENTED_EDGE('',*,*,#13484,.F.);
#13553 = ORIENTED_EDGE('',*,*,#13453,.F.);
#13554 = PLANE('',#13555);
#13555 = AXIS2_PLACEMENT_3D('',#13556,#13557,#13558);
#13556 = CARTESIAN_POINT('',(1.195,0.,-0.75));
#13557 = DIRECTION('',(0.,-1.,0.));
#13558 = DIRECTION('',(0.,-0.,-1.));
#13559 = MANIFOLD_SOLID_BREP('',#13560);
#13560 = CLOSED_SHELL('',(#13561,#13603,#13643,#13674,#13698,#13720,
    #13733));
#13561 = ADVANCED_FACE('',(#13562),#13598,.T.);
#13562 = FACE_BOUND('',#13563,.T.);
#13563 = EDGE_LOOP('',(#13564,#13575,#13583,#13592));
#13564 = ORIENTED_EDGE('',*,*,#13565,.F.);
#13565 = EDGE_CURVE('',#13566,#13568,#13570,.T.);
#13566 = VERTEX_POINT('',#13567);
#13567 = CARTESIAN_POINT('',(-0.75,0.2,1.08));
#13568 = VERTEX_POINT('',#13569);
#13569 = CARTESIAN_POINT('',(-0.865,0.2,1.195));
#13570 = CIRCLE('',#13571,0.115);
#13571 = AXIS2_PLACEMENT_3D('',#13572,#13573,#13574);
#13572 = CARTESIAN_POINT('',(-0.75,0.2,1.195));
#13573 = DIRECTION('',(0.,1.,0.));
#13574 = DIRECTION('',(0.,-0.,-1.));
#13575 = ORIENTED_EDGE('',*,*,#13576,.T.);
#13576 = EDGE_CURVE('',#13566,#13577,#13579,.T.);
#13577 = VERTEX_POINT('',#13578);
#13578 = CARTESIAN_POINT('',(-0.75,0.,1.08));
#13579 = LINE('',#13580,#13581);
#13580 = CARTESIAN_POINT('',(-0.75,0.2,1.08));
#13581 = VECTOR('',#13582,1.);
#13582 = DIRECTION('',(-0.,-1.,-0.));
#13583 = ORIENTED_EDGE('',*,*,#13584,.T.);
#13584 = EDGE_CURVE('',#13577,#13585,#13587,.T.);
#13585 = VERTEX_POINT('',#13586);
#13586 = CARTESIAN_POINT('',(-0.865,0.,1.195));
#13587 = CIRCLE('',#13588,0.115);
#13588 = AXIS2_PLACEMENT_3D('',#13589,#13590,#13591);
#13589 = CARTESIAN_POINT('',(-0.75,0.,1.195));
#13590 = DIRECTION('',(0.,1.,0.));
#13591 = DIRECTION('',(0.,-0.,-1.));
#13592 = ORIENTED_EDGE('',*,*,#13593,.F.);
#13593 = EDGE_CURVE('',#13568,#13585,#13594,.T.);
#13594 = LINE('',#13595,#13596);
#13595 = CARTESIAN_POINT('',(-0.865,0.2,1.195));
#13596 = VECTOR('',#13597,1.);
#13597 = DIRECTION('',(-0.,-1.,-0.));
#13598 = CYLINDRICAL_SURFACE('',#13599,0.115);
#13599 = AXIS2_PLACEMENT_3D('',#13600,#13601,#13602);
#13600 = CARTESIAN_POINT('',(-0.75,0.2,1.195));
#13601 = DIRECTION('',(-0.,-1.,-0.));
#13602 = DIRECTION('',(0.,0.,-1.));
#13603 = ADVANCED_FACE('',(#13604),#13638,.F.);
#13604 = FACE_BOUND('',#13605,.T.);
#13605 = EDGE_LOOP('',(#13606,#13616,#13624,#13632));
#13606 = ORIENTED_EDGE('',*,*,#13607,.T.);
#13607 = EDGE_CURVE('',#13608,#13610,#13612,.T.);
#13608 = VERTEX_POINT('',#13609);
#13609 = CARTESIAN_POINT('',(-0.865,0.,1.5));
#13610 = VERTEX_POINT('',#13611);
#13611 = CARTESIAN_POINT('',(-0.635,0.,1.5));
#13612 = LINE('',#13613,#13614);
#13613 = CARTESIAN_POINT('',(-0.865,0.,1.5));
#13614 = VECTOR('',#13615,1.);
#13615 = DIRECTION('',(1.,0.,0.));
#13616 = ORIENTED_EDGE('',*,*,#13617,.F.);
#13617 = EDGE_CURVE('',#13618,#13610,#13620,.T.);
#13618 = VERTEX_POINT('',#13619);
#13619 = CARTESIAN_POINT('',(-0.635,0.2,1.5));
#13620 = LINE('',#13621,#13622);
#13621 = CARTESIAN_POINT('',(-0.635,0.2,1.5));
#13622 = VECTOR('',#13623,1.);
#13623 = DIRECTION('',(-0.,-1.,-0.));
#13624 = ORIENTED_EDGE('',*,*,#13625,.F.);
#13625 = EDGE_CURVE('',#13626,#13618,#13628,.T.);
#13626 = VERTEX_POINT('',#13627);
#13627 = CARTESIAN_POINT('',(-0.865,0.2,1.5));
#13628 = LINE('',#13629,#13630);
#13629 = CARTESIAN_POINT('',(-0.865,0.2,1.5));
#13630 = VECTOR('',#13631,1.);
#13631 = DIRECTION('',(1.,0.,0.));
#13632 = ORIENTED_EDGE('',*,*,#13633,.T.);
#13633 = EDGE_CURVE('',#13626,#13608,#13634,.T.);
#13634 = LINE('',#13635,#13636);
#13635 = CARTESIAN_POINT('',(-0.865,0.2,1.5));
#13636 = VECTOR('',#13637,1.);
#13637 = DIRECTION('',(-0.,-1.,-0.));
#13638 = PLANE('',#13639);
#13639 = AXIS2_PLACEMENT_3D('',#13640,#13641,#13642);
#13640 = CARTESIAN_POINT('',(-0.865,0.2,1.5));
#13641 = DIRECTION('',(0.,0.,-1.));
#13642 = DIRECTION('',(-1.,0.,-0.));
#13643 = ADVANCED_FACE('',(#13644),#13669,.F.);
#13644 = FACE_BOUND('',#13645,.T.);
#13645 = EDGE_LOOP('',(#13646,#13654,#13662,#13668));
#13646 = ORIENTED_EDGE('',*,*,#13647,.T.);
#13647 = EDGE_CURVE('',#13610,#13648,#13650,.T.);
#13648 = VERTEX_POINT('',#13649);
#13649 = CARTESIAN_POINT('',(-0.635,0.,1.195));
#13650 = LINE('',#13651,#13652);
#13651 = CARTESIAN_POINT('',(-0.635,0.,1.5));
#13652 = VECTOR('',#13653,1.);
#13653 = DIRECTION('',(-1.101975978592E-14,0.,-1.));
#13654 = ORIENTED_EDGE('',*,*,#13655,.F.);
#13655 = EDGE_CURVE('',#13656,#13648,#13658,.T.);
#13656 = VERTEX_POINT('',#13657);
#13657 = CARTESIAN_POINT('',(-0.635,0.2,1.195));
#13658 = LINE('',#13659,#13660);
#13659 = CARTESIAN_POINT('',(-0.635,0.2,1.195));
#13660 = VECTOR('',#13661,1.);
#13661 = DIRECTION('',(-0.,-1.,-0.));
#13662 = ORIENTED_EDGE('',*,*,#13663,.F.);
#13663 = EDGE_CURVE('',#13618,#13656,#13664,.T.);
#13664 = LINE('',#13665,#13666);
#13665 = CARTESIAN_POINT('',(-0.635,0.2,1.5));
#13666 = VECTOR('',#13667,1.);
#13667 = DIRECTION('',(-1.101975978592E-14,0.,-1.));
#13668 = ORIENTED_EDGE('',*,*,#13617,.T.);
#13669 = PLANE('',#13670);
#13670 = AXIS2_PLACEMENT_3D('',#13671,#13672,#13673);
#13671 = CARTESIAN_POINT('',(-0.635,0.2,1.5));
#13672 = DIRECTION('',(-1.,0.,1.101975978592E-14));
#13673 = DIRECTION('',(1.101975978592E-14,0.,1.));
#13674 = ADVANCED_FACE('',(#13675),#13693,.T.);
#13675 = FACE_BOUND('',#13676,.T.);
#13676 = EDGE_LOOP('',(#13677,#13678,#13685,#13686));
#13677 = ORIENTED_EDGE('',*,*,#13576,.F.);
#13678 = ORIENTED_EDGE('',*,*,#13679,.F.);
#13679 = EDGE_CURVE('',#13656,#13566,#13680,.T.);
#13680 = CIRCLE('',#13681,0.115);
#13681 = AXIS2_PLACEMENT_3D('',#13682,#13683,#13684);
#13682 = CARTESIAN_POINT('',(-0.75,0.2,1.195));
#13683 = DIRECTION('',(0.,1.,0.));
#13684 = DIRECTION('',(0.,-0.,-1.));
#13685 = ORIENTED_EDGE('',*,*,#13655,.T.);
#13686 = ORIENTED_EDGE('',*,*,#13687,.T.);
#13687 = EDGE_CURVE('',#13648,#13577,#13688,.T.);
#13688 = CIRCLE('',#13689,0.115);
#13689 = AXIS2_PLACEMENT_3D('',#13690,#13691,#13692);
#13690 = CARTESIAN_POINT('',(-0.75,0.,1.195));
#13691 = DIRECTION('',(0.,1.,0.));
#13692 = DIRECTION('',(0.,-0.,-1.));
#13693 = CYLINDRICAL_SURFACE('',#13694,0.115);
#13694 = AXIS2_PLACEMENT_3D('',#13695,#13696,#13697);
#13695 = CARTESIAN_POINT('',(-0.75,0.2,1.195));
#13696 = DIRECTION('',(-0.,-1.,-0.));
#13697 = DIRECTION('',(0.,0.,-1.));
#13698 = ADVANCED_FACE('',(#13699),#13715,.F.);
#13699 = FACE_BOUND('',#13700,.T.);
#13700 = EDGE_LOOP('',(#13701,#13707,#13708,#13714));
#13701 = ORIENTED_EDGE('',*,*,#13702,.T.);
#13702 = EDGE_CURVE('',#13585,#13608,#13703,.T.);
#13703 = LINE('',#13704,#13705);
#13704 = CARTESIAN_POINT('',(-0.865,0.,1.5));
#13705 = VECTOR('',#13706,1.);
#13706 = DIRECTION('',(1.101975978592E-14,-0.,1.));
#13707 = ORIENTED_EDGE('',*,*,#13633,.F.);
#13708 = ORIENTED_EDGE('',*,*,#13709,.F.);
#13709 = EDGE_CURVE('',#13568,#13626,#13710,.T.);
#13710 = LINE('',#13711,#13712);
#13711 = CARTESIAN_POINT('',(-0.865,0.2,1.5));
#13712 = VECTOR('',#13713,1.);
#13713 = DIRECTION('',(1.101975978592E-14,-0.,1.));
#13714 = ORIENTED_EDGE('',*,*,#13593,.T.);
#13715 = PLANE('',#13716);
#13716 = AXIS2_PLACEMENT_3D('',#13717,#13718,#13719);
#13717 = CARTESIAN_POINT('',(-0.865,0.2,1.5));
#13718 = DIRECTION('',(1.,0.,-1.101975978592E-14));
#13719 = DIRECTION('',(-1.101975978592E-14,0.,-1.));
#13720 = ADVANCED_FACE('',(#13721),#13728,.F.);
#13721 = FACE_BOUND('',#13722,.T.);
#13722 = EDGE_LOOP('',(#13723,#13724,#13725,#13726,#13727));
#13723 = ORIENTED_EDGE('',*,*,#13625,.T.);
#13724 = ORIENTED_EDGE('',*,*,#13663,.T.);
#13725 = ORIENTED_EDGE('',*,*,#13679,.T.);
#13726 = ORIENTED_EDGE('',*,*,#13565,.T.);
#13727 = ORIENTED_EDGE('',*,*,#13709,.T.);
#13728 = PLANE('',#13729);
#13729 = AXIS2_PLACEMENT_3D('',#13730,#13731,#13732);
#13730 = CARTESIAN_POINT('',(-0.75,0.2,1.195));
#13731 = DIRECTION('',(0.,-1.,0.));
#13732 = DIRECTION('',(0.,-0.,-1.));
#13733 = ADVANCED_FACE('',(#13734),#13741,.T.);
#13734 = FACE_BOUND('',#13735,.T.);
#13735 = EDGE_LOOP('',(#13736,#13737,#13738,#13739,#13740));
#13736 = ORIENTED_EDGE('',*,*,#13607,.F.);
#13737 = ORIENTED_EDGE('',*,*,#13702,.F.);
#13738 = ORIENTED_EDGE('',*,*,#13584,.F.);
#13739 = ORIENTED_EDGE('',*,*,#13687,.F.);
#13740 = ORIENTED_EDGE('',*,*,#13647,.F.);
#13741 = PLANE('',#13742);
#13742 = AXIS2_PLACEMENT_3D('',#13743,#13744,#13745);
#13743 = CARTESIAN_POINT('',(-0.75,0.,1.195));
#13744 = DIRECTION('',(0.,-1.,0.));
#13745 = DIRECTION('',(0.,-0.,-1.));
#13746 = MANIFOLD_SOLID_BREP('',#13747);
#13747 = CLOSED_SHELL('',(#13748,#13790,#13830,#13861,#13885,#13907,
    #13920));
#13748 = ADVANCED_FACE('',(#13749),#13785,.T.);
#13749 = FACE_BOUND('',#13750,.T.);
#13750 = EDGE_LOOP('',(#13751,#13762,#13770,#13779));
#13751 = ORIENTED_EDGE('',*,*,#13752,.F.);
#13752 = EDGE_CURVE('',#13753,#13755,#13757,.T.);
#13753 = VERTEX_POINT('',#13754);
#13754 = CARTESIAN_POINT('',(-0.25,0.2,1.08));
#13755 = VERTEX_POINT('',#13756);
#13756 = CARTESIAN_POINT('',(-0.365,0.2,1.195));
#13757 = CIRCLE('',#13758,0.115);
#13758 = AXIS2_PLACEMENT_3D('',#13759,#13760,#13761);
#13759 = CARTESIAN_POINT('',(-0.25,0.2,1.195));
#13760 = DIRECTION('',(0.,1.,0.));
#13761 = DIRECTION('',(0.,-0.,-1.));
#13762 = ORIENTED_EDGE('',*,*,#13763,.T.);
#13763 = EDGE_CURVE('',#13753,#13764,#13766,.T.);
#13764 = VERTEX_POINT('',#13765);
#13765 = CARTESIAN_POINT('',(-0.25,0.,1.08));
#13766 = LINE('',#13767,#13768);
#13767 = CARTESIAN_POINT('',(-0.25,0.2,1.08));
#13768 = VECTOR('',#13769,1.);
#13769 = DIRECTION('',(-0.,-1.,-0.));
#13770 = ORIENTED_EDGE('',*,*,#13771,.T.);
#13771 = EDGE_CURVE('',#13764,#13772,#13774,.T.);
#13772 = VERTEX_POINT('',#13773);
#13773 = CARTESIAN_POINT('',(-0.365,0.,1.195));
#13774 = CIRCLE('',#13775,0.115);
#13775 = AXIS2_PLACEMENT_3D('',#13776,#13777,#13778);
#13776 = CARTESIAN_POINT('',(-0.25,0.,1.195));
#13777 = DIRECTION('',(0.,1.,0.));
#13778 = DIRECTION('',(0.,-0.,-1.));
#13779 = ORIENTED_EDGE('',*,*,#13780,.F.);
#13780 = EDGE_CURVE('',#13755,#13772,#13781,.T.);
#13781 = LINE('',#13782,#13783);
#13782 = CARTESIAN_POINT('',(-0.365,0.2,1.195));
#13783 = VECTOR('',#13784,1.);
#13784 = DIRECTION('',(-0.,-1.,-0.));
#13785 = CYLINDRICAL_SURFACE('',#13786,0.115);
#13786 = AXIS2_PLACEMENT_3D('',#13787,#13788,#13789);
#13787 = CARTESIAN_POINT('',(-0.25,0.2,1.195));
#13788 = DIRECTION('',(-0.,-1.,-0.));
#13789 = DIRECTION('',(0.,0.,-1.));
#13790 = ADVANCED_FACE('',(#13791),#13825,.F.);
#13791 = FACE_BOUND('',#13792,.T.);
#13792 = EDGE_LOOP('',(#13793,#13803,#13811,#13819));
#13793 = ORIENTED_EDGE('',*,*,#13794,.T.);
#13794 = EDGE_CURVE('',#13795,#13797,#13799,.T.);
#13795 = VERTEX_POINT('',#13796);
#13796 = CARTESIAN_POINT('',(-0.365,0.,1.5));
#13797 = VERTEX_POINT('',#13798);
#13798 = CARTESIAN_POINT('',(-0.135,0.,1.5));
#13799 = LINE('',#13800,#13801);
#13800 = CARTESIAN_POINT('',(-0.365,0.,1.5));
#13801 = VECTOR('',#13802,1.);
#13802 = DIRECTION('',(1.,0.,0.));
#13803 = ORIENTED_EDGE('',*,*,#13804,.F.);
#13804 = EDGE_CURVE('',#13805,#13797,#13807,.T.);
#13805 = VERTEX_POINT('',#13806);
#13806 = CARTESIAN_POINT('',(-0.135,0.2,1.5));
#13807 = LINE('',#13808,#13809);
#13808 = CARTESIAN_POINT('',(-0.135,0.2,1.5));
#13809 = VECTOR('',#13810,1.);
#13810 = DIRECTION('',(-0.,-1.,-0.));
#13811 = ORIENTED_EDGE('',*,*,#13812,.F.);
#13812 = EDGE_CURVE('',#13813,#13805,#13815,.T.);
#13813 = VERTEX_POINT('',#13814);
#13814 = CARTESIAN_POINT('',(-0.365,0.2,1.5));
#13815 = LINE('',#13816,#13817);
#13816 = CARTESIAN_POINT('',(-0.365,0.2,1.5));
#13817 = VECTOR('',#13818,1.);
#13818 = DIRECTION('',(1.,0.,0.));
#13819 = ORIENTED_EDGE('',*,*,#13820,.T.);
#13820 = EDGE_CURVE('',#13813,#13795,#13821,.T.);
#13821 = LINE('',#13822,#13823);
#13822 = CARTESIAN_POINT('',(-0.365,0.2,1.5));
#13823 = VECTOR('',#13824,1.);
#13824 = DIRECTION('',(-0.,-1.,-0.));
#13825 = PLANE('',#13826);
#13826 = AXIS2_PLACEMENT_3D('',#13827,#13828,#13829);
#13827 = CARTESIAN_POINT('',(-0.365,0.2,1.5));
#13828 = DIRECTION('',(0.,0.,-1.));
#13829 = DIRECTION('',(-1.,0.,-0.));
#13830 = ADVANCED_FACE('',(#13831),#13856,.F.);
#13831 = FACE_BOUND('',#13832,.T.);
#13832 = EDGE_LOOP('',(#13833,#13841,#13849,#13855));
#13833 = ORIENTED_EDGE('',*,*,#13834,.T.);
#13834 = EDGE_CURVE('',#13797,#13835,#13837,.T.);
#13835 = VERTEX_POINT('',#13836);
#13836 = CARTESIAN_POINT('',(-0.135,0.,1.195));
#13837 = LINE('',#13838,#13839);
#13838 = CARTESIAN_POINT('',(-0.135,0.,1.5));
#13839 = VECTOR('',#13840,1.);
#13840 = DIRECTION('',(-1.084202172486E-14,0.,-1.));
#13841 = ORIENTED_EDGE('',*,*,#13842,.F.);
#13842 = EDGE_CURVE('',#13843,#13835,#13845,.T.);
#13843 = VERTEX_POINT('',#13844);
#13844 = CARTESIAN_POINT('',(-0.135,0.2,1.195));
#13845 = LINE('',#13846,#13847);
#13846 = CARTESIAN_POINT('',(-0.135,0.2,1.195));
#13847 = VECTOR('',#13848,1.);
#13848 = DIRECTION('',(-0.,-1.,-0.));
#13849 = ORIENTED_EDGE('',*,*,#13850,.F.);
#13850 = EDGE_CURVE('',#13805,#13843,#13851,.T.);
#13851 = LINE('',#13852,#13853);
#13852 = CARTESIAN_POINT('',(-0.135,0.2,1.5));
#13853 = VECTOR('',#13854,1.);
#13854 = DIRECTION('',(-1.084202172486E-14,0.,-1.));
#13855 = ORIENTED_EDGE('',*,*,#13804,.T.);
#13856 = PLANE('',#13857);
#13857 = AXIS2_PLACEMENT_3D('',#13858,#13859,#13860);
#13858 = CARTESIAN_POINT('',(-0.135,0.2,1.5));
#13859 = DIRECTION('',(-1.,0.,1.084202172486E-14));
#13860 = DIRECTION('',(1.084202172486E-14,0.,1.));
#13861 = ADVANCED_FACE('',(#13862),#13880,.T.);
#13862 = FACE_BOUND('',#13863,.T.);
#13863 = EDGE_LOOP('',(#13864,#13865,#13872,#13873));
#13864 = ORIENTED_EDGE('',*,*,#13763,.F.);
#13865 = ORIENTED_EDGE('',*,*,#13866,.F.);
#13866 = EDGE_CURVE('',#13843,#13753,#13867,.T.);
#13867 = CIRCLE('',#13868,0.115);
#13868 = AXIS2_PLACEMENT_3D('',#13869,#13870,#13871);
#13869 = CARTESIAN_POINT('',(-0.25,0.2,1.195));
#13870 = DIRECTION('',(0.,1.,0.));
#13871 = DIRECTION('',(0.,-0.,-1.));
#13872 = ORIENTED_EDGE('',*,*,#13842,.T.);
#13873 = ORIENTED_EDGE('',*,*,#13874,.T.);
#13874 = EDGE_CURVE('',#13835,#13764,#13875,.T.);
#13875 = CIRCLE('',#13876,0.115);
#13876 = AXIS2_PLACEMENT_3D('',#13877,#13878,#13879);
#13877 = CARTESIAN_POINT('',(-0.25,0.,1.195));
#13878 = DIRECTION('',(0.,1.,0.));
#13879 = DIRECTION('',(0.,-0.,-1.));
#13880 = CYLINDRICAL_SURFACE('',#13881,0.115);
#13881 = AXIS2_PLACEMENT_3D('',#13882,#13883,#13884);
#13882 = CARTESIAN_POINT('',(-0.25,0.2,1.195));
#13883 = DIRECTION('',(-0.,-1.,-0.));
#13884 = DIRECTION('',(0.,0.,-1.));
#13885 = ADVANCED_FACE('',(#13886),#13902,.F.);
#13886 = FACE_BOUND('',#13887,.T.);
#13887 = EDGE_LOOP('',(#13888,#13894,#13895,#13901));
#13888 = ORIENTED_EDGE('',*,*,#13889,.T.);
#13889 = EDGE_CURVE('',#13772,#13795,#13890,.T.);
#13890 = LINE('',#13891,#13892);
#13891 = CARTESIAN_POINT('',(-0.365,0.,1.5));
#13892 = VECTOR('',#13893,1.);
#13893 = DIRECTION('',(1.084202172486E-14,-0.,1.));
#13894 = ORIENTED_EDGE('',*,*,#13820,.F.);
#13895 = ORIENTED_EDGE('',*,*,#13896,.F.);
#13896 = EDGE_CURVE('',#13755,#13813,#13897,.T.);
#13897 = LINE('',#13898,#13899);
#13898 = CARTESIAN_POINT('',(-0.365,0.2,1.5));
#13899 = VECTOR('',#13900,1.);
#13900 = DIRECTION('',(1.084202172486E-14,-0.,1.));
#13901 = ORIENTED_EDGE('',*,*,#13780,.T.);
#13902 = PLANE('',#13903);
#13903 = AXIS2_PLACEMENT_3D('',#13904,#13905,#13906);
#13904 = CARTESIAN_POINT('',(-0.365,0.2,1.5));
#13905 = DIRECTION('',(1.,0.,-1.084202172486E-14));
#13906 = DIRECTION('',(-1.084202172486E-14,0.,-1.));
#13907 = ADVANCED_FACE('',(#13908),#13915,.F.);
#13908 = FACE_BOUND('',#13909,.T.);
#13909 = EDGE_LOOP('',(#13910,#13911,#13912,#13913,#13914));
#13910 = ORIENTED_EDGE('',*,*,#13812,.T.);
#13911 = ORIENTED_EDGE('',*,*,#13850,.T.);
#13912 = ORIENTED_EDGE('',*,*,#13866,.T.);
#13913 = ORIENTED_EDGE('',*,*,#13752,.T.);
#13914 = ORIENTED_EDGE('',*,*,#13896,.T.);
#13915 = PLANE('',#13916);
#13916 = AXIS2_PLACEMENT_3D('',#13917,#13918,#13919);
#13917 = CARTESIAN_POINT('',(-0.25,0.2,1.195));
#13918 = DIRECTION('',(0.,-1.,0.));
#13919 = DIRECTION('',(0.,-0.,-1.));
#13920 = ADVANCED_FACE('',(#13921),#13928,.T.);
#13921 = FACE_BOUND('',#13922,.T.);
#13922 = EDGE_LOOP('',(#13923,#13924,#13925,#13926,#13927));
#13923 = ORIENTED_EDGE('',*,*,#13794,.F.);
#13924 = ORIENTED_EDGE('',*,*,#13889,.F.);
#13925 = ORIENTED_EDGE('',*,*,#13771,.F.);
#13926 = ORIENTED_EDGE('',*,*,#13874,.F.);
#13927 = ORIENTED_EDGE('',*,*,#13834,.F.);
#13928 = PLANE('',#13929);
#13929 = AXIS2_PLACEMENT_3D('',#13930,#13931,#13932);
#13930 = CARTESIAN_POINT('',(-0.25,0.,1.195));
#13931 = DIRECTION('',(0.,-1.,0.));
#13932 = DIRECTION('',(0.,-0.,-1.));
#13933 = MANIFOLD_SOLID_BREP('',#13934);
#13934 = CLOSED_SHELL('',(#13935,#13977,#14017,#14048,#14072,#14094,
    #14107));
#13935 = ADVANCED_FACE('',(#13936),#13972,.T.);
#13936 = FACE_BOUND('',#13937,.T.);
#13937 = EDGE_LOOP('',(#13938,#13949,#13957,#13966));
#13938 = ORIENTED_EDGE('',*,*,#13939,.F.);
#13939 = EDGE_CURVE('',#13940,#13942,#13944,.T.);
#13940 = VERTEX_POINT('',#13941);
#13941 = CARTESIAN_POINT('',(0.25,0.2,1.08));
#13942 = VERTEX_POINT('',#13943);
#13943 = CARTESIAN_POINT('',(0.135,0.2,1.195));
#13944 = CIRCLE('',#13945,0.115);
#13945 = AXIS2_PLACEMENT_3D('',#13946,#13947,#13948);
#13946 = CARTESIAN_POINT('',(0.25,0.2,1.195));
#13947 = DIRECTION('',(0.,1.,0.));
#13948 = DIRECTION('',(0.,-0.,-1.));
#13949 = ORIENTED_EDGE('',*,*,#13950,.T.);
#13950 = EDGE_CURVE('',#13940,#13951,#13953,.T.);
#13951 = VERTEX_POINT('',#13952);
#13952 = CARTESIAN_POINT('',(0.25,0.,1.08));
#13953 = LINE('',#13954,#13955);
#13954 = CARTESIAN_POINT('',(0.25,0.2,1.08));
#13955 = VECTOR('',#13956,1.);
#13956 = DIRECTION('',(-0.,-1.,-0.));
#13957 = ORIENTED_EDGE('',*,*,#13958,.T.);
#13958 = EDGE_CURVE('',#13951,#13959,#13961,.T.);
#13959 = VERTEX_POINT('',#13960);
#13960 = CARTESIAN_POINT('',(0.135,0.,1.195));
#13961 = CIRCLE('',#13962,0.115);
#13962 = AXIS2_PLACEMENT_3D('',#13963,#13964,#13965);
#13963 = CARTESIAN_POINT('',(0.25,0.,1.195));
#13964 = DIRECTION('',(0.,1.,0.));
#13965 = DIRECTION('',(0.,-0.,-1.));
#13966 = ORIENTED_EDGE('',*,*,#13967,.F.);
#13967 = EDGE_CURVE('',#13942,#13959,#13968,.T.);
#13968 = LINE('',#13969,#13970);
#13969 = CARTESIAN_POINT('',(0.135,0.2,1.195));
#13970 = VECTOR('',#13971,1.);
#13971 = DIRECTION('',(-0.,-1.,-0.));
#13972 = CYLINDRICAL_SURFACE('',#13973,0.115);
#13973 = AXIS2_PLACEMENT_3D('',#13974,#13975,#13976);
#13974 = CARTESIAN_POINT('',(0.25,0.2,1.195));
#13975 = DIRECTION('',(-0.,-1.,-0.));
#13976 = DIRECTION('',(0.,0.,-1.));
#13977 = ADVANCED_FACE('',(#13978),#14012,.F.);
#13978 = FACE_BOUND('',#13979,.T.);
#13979 = EDGE_LOOP('',(#13980,#13990,#13998,#14006));
#13980 = ORIENTED_EDGE('',*,*,#13981,.T.);
#13981 = EDGE_CURVE('',#13982,#13984,#13986,.T.);
#13982 = VERTEX_POINT('',#13983);
#13983 = CARTESIAN_POINT('',(0.135,0.,1.5));
#13984 = VERTEX_POINT('',#13985);
#13985 = CARTESIAN_POINT('',(0.365,0.,1.5));
#13986 = LINE('',#13987,#13988);
#13987 = CARTESIAN_POINT('',(0.135,0.,1.5));
#13988 = VECTOR('',#13989,1.);
#13989 = DIRECTION('',(1.,0.,0.));
#13990 = ORIENTED_EDGE('',*,*,#13991,.F.);
#13991 = EDGE_CURVE('',#13992,#13984,#13994,.T.);
#13992 = VERTEX_POINT('',#13993);
#13993 = CARTESIAN_POINT('',(0.365,0.2,1.5));
#13994 = LINE('',#13995,#13996);
#13995 = CARTESIAN_POINT('',(0.365,0.2,1.5));
#13996 = VECTOR('',#13997,1.);
#13997 = DIRECTION('',(-0.,-1.,-0.));
#13998 = ORIENTED_EDGE('',*,*,#13999,.F.);
#13999 = EDGE_CURVE('',#14000,#13992,#14002,.T.);
#14000 = VERTEX_POINT('',#14001);
#14001 = CARTESIAN_POINT('',(0.135,0.2,1.5));
#14002 = LINE('',#14003,#14004);
#14003 = CARTESIAN_POINT('',(0.135,0.2,1.5));
#14004 = VECTOR('',#14005,1.);
#14005 = DIRECTION('',(1.,0.,0.));
#14006 = ORIENTED_EDGE('',*,*,#14007,.T.);
#14007 = EDGE_CURVE('',#14000,#13982,#14008,.T.);
#14008 = LINE('',#14009,#14010);
#14009 = CARTESIAN_POINT('',(0.135,0.2,1.5));
#14010 = VECTOR('',#14011,1.);
#14011 = DIRECTION('',(-0.,-1.,-0.));
#14012 = PLANE('',#14013);
#14013 = AXIS2_PLACEMENT_3D('',#14014,#14015,#14016);
#14014 = CARTESIAN_POINT('',(0.135,0.2,1.5));
#14015 = DIRECTION('',(0.,0.,-1.));
#14016 = DIRECTION('',(-1.,0.,-0.));
#14017 = ADVANCED_FACE('',(#14018),#14043,.F.);
#14018 = FACE_BOUND('',#14019,.T.);
#14019 = EDGE_LOOP('',(#14020,#14028,#14036,#14042));
#14020 = ORIENTED_EDGE('',*,*,#14021,.T.);
#14021 = EDGE_CURVE('',#13984,#14022,#14024,.T.);
#14022 = VERTEX_POINT('',#14023);
#14023 = CARTESIAN_POINT('',(0.365,0.,1.195));
#14024 = LINE('',#14025,#14026);
#14025 = CARTESIAN_POINT('',(0.365,0.,1.5));
#14026 = VECTOR('',#14027,1.);
#14027 = DIRECTION('',(-1.084202172486E-14,0.,-1.));
#14028 = ORIENTED_EDGE('',*,*,#14029,.F.);
#14029 = EDGE_CURVE('',#14030,#14022,#14032,.T.);
#14030 = VERTEX_POINT('',#14031);
#14031 = CARTESIAN_POINT('',(0.365,0.2,1.195));
#14032 = LINE('',#14033,#14034);
#14033 = CARTESIAN_POINT('',(0.365,0.2,1.195));
#14034 = VECTOR('',#14035,1.);
#14035 = DIRECTION('',(-0.,-1.,-0.));
#14036 = ORIENTED_EDGE('',*,*,#14037,.F.);
#14037 = EDGE_CURVE('',#13992,#14030,#14038,.T.);
#14038 = LINE('',#14039,#14040);
#14039 = CARTESIAN_POINT('',(0.365,0.2,1.5));
#14040 = VECTOR('',#14041,1.);
#14041 = DIRECTION('',(-1.084202172486E-14,0.,-1.));
#14042 = ORIENTED_EDGE('',*,*,#13991,.T.);
#14043 = PLANE('',#14044);
#14044 = AXIS2_PLACEMENT_3D('',#14045,#14046,#14047);
#14045 = CARTESIAN_POINT('',(0.365,0.2,1.5));
#14046 = DIRECTION('',(-1.,0.,1.084202172486E-14));
#14047 = DIRECTION('',(1.084202172486E-14,0.,1.));
#14048 = ADVANCED_FACE('',(#14049),#14067,.T.);
#14049 = FACE_BOUND('',#14050,.T.);
#14050 = EDGE_LOOP('',(#14051,#14052,#14059,#14060));
#14051 = ORIENTED_EDGE('',*,*,#13950,.F.);
#14052 = ORIENTED_EDGE('',*,*,#14053,.F.);
#14053 = EDGE_CURVE('',#14030,#13940,#14054,.T.);
#14054 = CIRCLE('',#14055,0.115);
#14055 = AXIS2_PLACEMENT_3D('',#14056,#14057,#14058);
#14056 = CARTESIAN_POINT('',(0.25,0.2,1.195));
#14057 = DIRECTION('',(0.,1.,0.));
#14058 = DIRECTION('',(0.,-0.,-1.));
#14059 = ORIENTED_EDGE('',*,*,#14029,.T.);
#14060 = ORIENTED_EDGE('',*,*,#14061,.T.);
#14061 = EDGE_CURVE('',#14022,#13951,#14062,.T.);
#14062 = CIRCLE('',#14063,0.115);
#14063 = AXIS2_PLACEMENT_3D('',#14064,#14065,#14066);
#14064 = CARTESIAN_POINT('',(0.25,0.,1.195));
#14065 = DIRECTION('',(0.,1.,0.));
#14066 = DIRECTION('',(0.,-0.,-1.));
#14067 = CYLINDRICAL_SURFACE('',#14068,0.115);
#14068 = AXIS2_PLACEMENT_3D('',#14069,#14070,#14071);
#14069 = CARTESIAN_POINT('',(0.25,0.2,1.195));
#14070 = DIRECTION('',(-0.,-1.,-0.));
#14071 = DIRECTION('',(0.,0.,-1.));
#14072 = ADVANCED_FACE('',(#14073),#14089,.F.);
#14073 = FACE_BOUND('',#14074,.T.);
#14074 = EDGE_LOOP('',(#14075,#14081,#14082,#14088));
#14075 = ORIENTED_EDGE('',*,*,#14076,.T.);
#14076 = EDGE_CURVE('',#13959,#13982,#14077,.T.);
#14077 = LINE('',#14078,#14079);
#14078 = CARTESIAN_POINT('',(0.135,0.,1.5));
#14079 = VECTOR('',#14080,1.);
#14080 = DIRECTION('',(1.084202172486E-14,-0.,1.));
#14081 = ORIENTED_EDGE('',*,*,#14007,.F.);
#14082 = ORIENTED_EDGE('',*,*,#14083,.F.);
#14083 = EDGE_CURVE('',#13942,#14000,#14084,.T.);
#14084 = LINE('',#14085,#14086);
#14085 = CARTESIAN_POINT('',(0.135,0.2,1.5));
#14086 = VECTOR('',#14087,1.);
#14087 = DIRECTION('',(1.084202172486E-14,-0.,1.));
#14088 = ORIENTED_EDGE('',*,*,#13967,.T.);
#14089 = PLANE('',#14090);
#14090 = AXIS2_PLACEMENT_3D('',#14091,#14092,#14093);
#14091 = CARTESIAN_POINT('',(0.135,0.2,1.5));
#14092 = DIRECTION('',(1.,0.,-1.084202172486E-14));
#14093 = DIRECTION('',(-1.084202172486E-14,0.,-1.));
#14094 = ADVANCED_FACE('',(#14095),#14102,.F.);
#14095 = FACE_BOUND('',#14096,.T.);
#14096 = EDGE_LOOP('',(#14097,#14098,#14099,#14100,#14101));
#14097 = ORIENTED_EDGE('',*,*,#13999,.T.);
#14098 = ORIENTED_EDGE('',*,*,#14037,.T.);
#14099 = ORIENTED_EDGE('',*,*,#14053,.T.);
#14100 = ORIENTED_EDGE('',*,*,#13939,.T.);
#14101 = ORIENTED_EDGE('',*,*,#14083,.T.);
#14102 = PLANE('',#14103);
#14103 = AXIS2_PLACEMENT_3D('',#14104,#14105,#14106);
#14104 = CARTESIAN_POINT('',(0.25,0.2,1.195));
#14105 = DIRECTION('',(0.,-1.,0.));
#14106 = DIRECTION('',(0.,-0.,-1.));
#14107 = ADVANCED_FACE('',(#14108),#14115,.T.);
#14108 = FACE_BOUND('',#14109,.T.);
#14109 = EDGE_LOOP('',(#14110,#14111,#14112,#14113,#14114));
#14110 = ORIENTED_EDGE('',*,*,#13981,.F.);
#14111 = ORIENTED_EDGE('',*,*,#14076,.F.);
#14112 = ORIENTED_EDGE('',*,*,#13958,.F.);
#14113 = ORIENTED_EDGE('',*,*,#14061,.F.);
#14114 = ORIENTED_EDGE('',*,*,#14021,.F.);
#14115 = PLANE('',#14116);
#14116 = AXIS2_PLACEMENT_3D('',#14117,#14118,#14119);
#14117 = CARTESIAN_POINT('',(0.25,0.,1.195));
#14118 = DIRECTION('',(0.,-1.,0.));
#14119 = DIRECTION('',(0.,-0.,-1.));
#14120 = MANIFOLD_SOLID_BREP('',#14121);
#14121 = CLOSED_SHELL('',(#14122,#14164,#14204,#14235,#14259,#14281,
    #14294));
#14122 = ADVANCED_FACE('',(#14123),#14159,.T.);
#14123 = FACE_BOUND('',#14124,.T.);
#14124 = EDGE_LOOP('',(#14125,#14136,#14144,#14153));
#14125 = ORIENTED_EDGE('',*,*,#14126,.F.);
#14126 = EDGE_CURVE('',#14127,#14129,#14131,.T.);
#14127 = VERTEX_POINT('',#14128);
#14128 = CARTESIAN_POINT('',(0.75,0.2,1.08));
#14129 = VERTEX_POINT('',#14130);
#14130 = CARTESIAN_POINT('',(0.635,0.2,1.195));
#14131 = CIRCLE('',#14132,0.115);
#14132 = AXIS2_PLACEMENT_3D('',#14133,#14134,#14135);
#14133 = CARTESIAN_POINT('',(0.75,0.2,1.195));
#14134 = DIRECTION('',(0.,1.,0.));
#14135 = DIRECTION('',(0.,-0.,-1.));
#14136 = ORIENTED_EDGE('',*,*,#14137,.T.);
#14137 = EDGE_CURVE('',#14127,#14138,#14140,.T.);
#14138 = VERTEX_POINT('',#14139);
#14139 = CARTESIAN_POINT('',(0.75,0.,1.08));
#14140 = LINE('',#14141,#14142);
#14141 = CARTESIAN_POINT('',(0.75,0.2,1.08));
#14142 = VECTOR('',#14143,1.);
#14143 = DIRECTION('',(-0.,-1.,-0.));
#14144 = ORIENTED_EDGE('',*,*,#14145,.T.);
#14145 = EDGE_CURVE('',#14138,#14146,#14148,.T.);
#14146 = VERTEX_POINT('',#14147);
#14147 = CARTESIAN_POINT('',(0.635,0.,1.195));
#14148 = CIRCLE('',#14149,0.115);
#14149 = AXIS2_PLACEMENT_3D('',#14150,#14151,#14152);
#14150 = CARTESIAN_POINT('',(0.75,0.,1.195));
#14151 = DIRECTION('',(0.,1.,0.));
#14152 = DIRECTION('',(0.,-0.,-1.));
#14153 = ORIENTED_EDGE('',*,*,#14154,.F.);
#14154 = EDGE_CURVE('',#14129,#14146,#14155,.T.);
#14155 = LINE('',#14156,#14157);
#14156 = CARTESIAN_POINT('',(0.635,0.2,1.195));
#14157 = VECTOR('',#14158,1.);
#14158 = DIRECTION('',(-0.,-1.,-0.));
#14159 = CYLINDRICAL_SURFACE('',#14160,0.115);
#14160 = AXIS2_PLACEMENT_3D('',#14161,#14162,#14163);
#14161 = CARTESIAN_POINT('',(0.75,0.2,1.195));
#14162 = DIRECTION('',(-0.,-1.,-0.));
#14163 = DIRECTION('',(0.,0.,-1.));
#14164 = ADVANCED_FACE('',(#14165),#14199,.F.);
#14165 = FACE_BOUND('',#14166,.T.);
#14166 = EDGE_LOOP('',(#14167,#14177,#14185,#14193));
#14167 = ORIENTED_EDGE('',*,*,#14168,.T.);
#14168 = EDGE_CURVE('',#14169,#14171,#14173,.T.);
#14169 = VERTEX_POINT('',#14170);
#14170 = CARTESIAN_POINT('',(0.635,0.,1.5));
#14171 = VERTEX_POINT('',#14172);
#14172 = CARTESIAN_POINT('',(0.865,0.,1.5));
#14173 = LINE('',#14174,#14175);
#14174 = CARTESIAN_POINT('',(0.635,0.,1.5));
#14175 = VECTOR('',#14176,1.);
#14176 = DIRECTION('',(1.,0.,0.));
#14177 = ORIENTED_EDGE('',*,*,#14178,.F.);
#14178 = EDGE_CURVE('',#14179,#14171,#14181,.T.);
#14179 = VERTEX_POINT('',#14180);
#14180 = CARTESIAN_POINT('',(0.865,0.2,1.5));
#14181 = LINE('',#14182,#14183);
#14182 = CARTESIAN_POINT('',(0.865,0.2,1.5));
#14183 = VECTOR('',#14184,1.);
#14184 = DIRECTION('',(-0.,-1.,-0.));
#14185 = ORIENTED_EDGE('',*,*,#14186,.F.);
#14186 = EDGE_CURVE('',#14187,#14179,#14189,.T.);
#14187 = VERTEX_POINT('',#14188);
#14188 = CARTESIAN_POINT('',(0.635,0.2,1.5));
#14189 = LINE('',#14190,#14191);
#14190 = CARTESIAN_POINT('',(0.635,0.2,1.5));
#14191 = VECTOR('',#14192,1.);
#14192 = DIRECTION('',(1.,0.,0.));
#14193 = ORIENTED_EDGE('',*,*,#14194,.T.);
#14194 = EDGE_CURVE('',#14187,#14169,#14195,.T.);
#14195 = LINE('',#14196,#14197);
#14196 = CARTESIAN_POINT('',(0.635,0.2,1.5));
#14197 = VECTOR('',#14198,1.);
#14198 = DIRECTION('',(-0.,-1.,-0.));
#14199 = PLANE('',#14200);
#14200 = AXIS2_PLACEMENT_3D('',#14201,#14202,#14203);
#14201 = CARTESIAN_POINT('',(0.635,0.2,1.5));
#14202 = DIRECTION('',(0.,0.,-1.));
#14203 = DIRECTION('',(-1.,0.,-0.));
#14204 = ADVANCED_FACE('',(#14205),#14230,.F.);
#14205 = FACE_BOUND('',#14206,.T.);
#14206 = EDGE_LOOP('',(#14207,#14215,#14223,#14229));
#14207 = ORIENTED_EDGE('',*,*,#14208,.T.);
#14208 = EDGE_CURVE('',#14171,#14209,#14211,.T.);
#14209 = VERTEX_POINT('',#14210);
#14210 = CARTESIAN_POINT('',(0.865,0.,1.195));
#14211 = LINE('',#14212,#14213);
#14212 = CARTESIAN_POINT('',(0.865,0.,1.5));
#14213 = VECTOR('',#14214,1.);
#14214 = DIRECTION('',(-1.101975978592E-14,0.,-1.));
#14215 = ORIENTED_EDGE('',*,*,#14216,.F.);
#14216 = EDGE_CURVE('',#14217,#14209,#14219,.T.);
#14217 = VERTEX_POINT('',#14218);
#14218 = CARTESIAN_POINT('',(0.865,0.2,1.195));
#14219 = LINE('',#14220,#14221);
#14220 = CARTESIAN_POINT('',(0.865,0.2,1.195));
#14221 = VECTOR('',#14222,1.);
#14222 = DIRECTION('',(-0.,-1.,-0.));
#14223 = ORIENTED_EDGE('',*,*,#14224,.F.);
#14224 = EDGE_CURVE('',#14179,#14217,#14225,.T.);
#14225 = LINE('',#14226,#14227);
#14226 = CARTESIAN_POINT('',(0.865,0.2,1.5));
#14227 = VECTOR('',#14228,1.);
#14228 = DIRECTION('',(-1.101975978592E-14,0.,-1.));
#14229 = ORIENTED_EDGE('',*,*,#14178,.T.);
#14230 = PLANE('',#14231);
#14231 = AXIS2_PLACEMENT_3D('',#14232,#14233,#14234);
#14232 = CARTESIAN_POINT('',(0.865,0.2,1.5));
#14233 = DIRECTION('',(-1.,0.,1.101975978592E-14));
#14234 = DIRECTION('',(1.101975978592E-14,0.,1.));
#14235 = ADVANCED_FACE('',(#14236),#14254,.T.);
#14236 = FACE_BOUND('',#14237,.T.);
#14237 = EDGE_LOOP('',(#14238,#14239,#14246,#14247));
#14238 = ORIENTED_EDGE('',*,*,#14137,.F.);
#14239 = ORIENTED_EDGE('',*,*,#14240,.F.);
#14240 = EDGE_CURVE('',#14217,#14127,#14241,.T.);
#14241 = CIRCLE('',#14242,0.115);
#14242 = AXIS2_PLACEMENT_3D('',#14243,#14244,#14245);
#14243 = CARTESIAN_POINT('',(0.75,0.2,1.195));
#14244 = DIRECTION('',(0.,1.,0.));
#14245 = DIRECTION('',(0.,-0.,-1.));
#14246 = ORIENTED_EDGE('',*,*,#14216,.T.);
#14247 = ORIENTED_EDGE('',*,*,#14248,.T.);
#14248 = EDGE_CURVE('',#14209,#14138,#14249,.T.);
#14249 = CIRCLE('',#14250,0.115);
#14250 = AXIS2_PLACEMENT_3D('',#14251,#14252,#14253);
#14251 = CARTESIAN_POINT('',(0.75,0.,1.195));
#14252 = DIRECTION('',(0.,1.,0.));
#14253 = DIRECTION('',(0.,-0.,-1.));
#14254 = CYLINDRICAL_SURFACE('',#14255,0.115);
#14255 = AXIS2_PLACEMENT_3D('',#14256,#14257,#14258);
#14256 = CARTESIAN_POINT('',(0.75,0.2,1.195));
#14257 = DIRECTION('',(-0.,-1.,-0.));
#14258 = DIRECTION('',(0.,0.,-1.));
#14259 = ADVANCED_FACE('',(#14260),#14276,.F.);
#14260 = FACE_BOUND('',#14261,.T.);
#14261 = EDGE_LOOP('',(#14262,#14268,#14269,#14275));
#14262 = ORIENTED_EDGE('',*,*,#14263,.T.);
#14263 = EDGE_CURVE('',#14146,#14169,#14264,.T.);
#14264 = LINE('',#14265,#14266);
#14265 = CARTESIAN_POINT('',(0.635,0.,1.5));
#14266 = VECTOR('',#14267,1.);
#14267 = DIRECTION('',(1.101975978592E-14,-0.,1.));
#14268 = ORIENTED_EDGE('',*,*,#14194,.F.);
#14269 = ORIENTED_EDGE('',*,*,#14270,.F.);
#14270 = EDGE_CURVE('',#14129,#14187,#14271,.T.);
#14271 = LINE('',#14272,#14273);
#14272 = CARTESIAN_POINT('',(0.635,0.2,1.5));
#14273 = VECTOR('',#14274,1.);
#14274 = DIRECTION('',(1.101975978592E-14,-0.,1.));
#14275 = ORIENTED_EDGE('',*,*,#14154,.T.);
#14276 = PLANE('',#14277);
#14277 = AXIS2_PLACEMENT_3D('',#14278,#14279,#14280);
#14278 = CARTESIAN_POINT('',(0.635,0.2,1.5));
#14279 = DIRECTION('',(1.,0.,-1.101975978592E-14));
#14280 = DIRECTION('',(-1.101975978592E-14,0.,-1.));
#14281 = ADVANCED_FACE('',(#14282),#14289,.F.);
#14282 = FACE_BOUND('',#14283,.T.);
#14283 = EDGE_LOOP('',(#14284,#14285,#14286,#14287,#14288));
#14284 = ORIENTED_EDGE('',*,*,#14186,.T.);
#14285 = ORIENTED_EDGE('',*,*,#14224,.T.);
#14286 = ORIENTED_EDGE('',*,*,#14240,.T.);
#14287 = ORIENTED_EDGE('',*,*,#14126,.T.);
#14288 = ORIENTED_EDGE('',*,*,#14270,.T.);
#14289 = PLANE('',#14290);
#14290 = AXIS2_PLACEMENT_3D('',#14291,#14292,#14293);
#14291 = CARTESIAN_POINT('',(0.75,0.2,1.195));
#14292 = DIRECTION('',(0.,-1.,0.));
#14293 = DIRECTION('',(0.,-0.,-1.));
#14294 = ADVANCED_FACE('',(#14295),#14302,.T.);
#14295 = FACE_BOUND('',#14296,.T.);
#14296 = EDGE_LOOP('',(#14297,#14298,#14299,#14300,#14301));
#14297 = ORIENTED_EDGE('',*,*,#14168,.F.);
#14298 = ORIENTED_EDGE('',*,*,#14263,.F.);
#14299 = ORIENTED_EDGE('',*,*,#14145,.F.);
#14300 = ORIENTED_EDGE('',*,*,#14248,.F.);
#14301 = ORIENTED_EDGE('',*,*,#14208,.F.);
#14302 = PLANE('',#14303);
#14303 = AXIS2_PLACEMENT_3D('',#14304,#14305,#14306);
#14304 = CARTESIAN_POINT('',(0.75,0.,1.195));
#14305 = DIRECTION('',(0.,-1.,0.));
#14306 = DIRECTION('',(0.,-0.,-1.));
#14307 = MANIFOLD_SOLID_BREP('',#14308);
#14308 = CLOSED_SHELL('',(#14309,#14351,#14382,#14415,#14446,#14479,
    #14510,#14543,#14574,#14607,#14629,#14647));
#14309 = ADVANCED_FACE('',(#14310),#14346,.T.);
#14310 = FACE_BOUND('',#14311,.T.);
#14311 = EDGE_LOOP('',(#14312,#14323,#14331,#14340));
#14312 = ORIENTED_EDGE('',*,*,#14313,.T.);
#14313 = EDGE_CURVE('',#14314,#14316,#14318,.T.);
#14314 = VERTEX_POINT('',#14315);
#14315 = CARTESIAN_POINT('',(-0.55,0.,0.435));
#14316 = VERTEX_POINT('',#14317);
#14317 = CARTESIAN_POINT('',(-0.435,0.,0.55));
#14318 = CIRCLE('',#14319,0.115);
#14319 = AXIS2_PLACEMENT_3D('',#14320,#14321,#14322);
#14320 = CARTESIAN_POINT('',(-0.435,0.,0.435));
#14321 = DIRECTION('',(0.,1.,0.));
#14322 = DIRECTION('',(0.,-0.,-1.));
#14323 = ORIENTED_EDGE('',*,*,#14324,.F.);
#14324 = EDGE_CURVE('',#14325,#14316,#14327,.T.);
#14325 = VERTEX_POINT('',#14326);
#14326 = CARTESIAN_POINT('',(-0.435,0.2,0.55));
#14327 = LINE('',#14328,#14329);
#14328 = CARTESIAN_POINT('',(-0.435,0.2,0.55));
#14329 = VECTOR('',#14330,1.);
#14330 = DIRECTION('',(-0.,-1.,-0.));
#14331 = ORIENTED_EDGE('',*,*,#14332,.F.);
#14332 = EDGE_CURVE('',#14333,#14325,#14335,.T.);
#14333 = VERTEX_POINT('',#14334);
#14334 = CARTESIAN_POINT('',(-0.55,0.2,0.435));
#14335 = CIRCLE('',#14336,0.115);
#14336 = AXIS2_PLACEMENT_3D('',#14337,#14338,#14339);
#14337 = CARTESIAN_POINT('',(-0.435,0.2,0.435));
#14338 = DIRECTION('',(0.,1.,0.));
#14339 = DIRECTION('',(0.,-0.,-1.));
#14340 = ORIENTED_EDGE('',*,*,#14341,.T.);
#14341 = EDGE_CURVE('',#14333,#14314,#14342,.T.);
#14342 = LINE('',#14343,#14344);
#14343 = CARTESIAN_POINT('',(-0.55,0.2,0.435));
#14344 = VECTOR('',#14345,1.);
#14345 = DIRECTION('',(-0.,-1.,-0.));
#14346 = CYLINDRICAL_SURFACE('',#14347,0.115);
#14347 = AXIS2_PLACEMENT_3D('',#14348,#14349,#14350);
#14348 = CARTESIAN_POINT('',(-0.435,0.2,0.435));
#14349 = DIRECTION('',(-0.,-1.,-0.));
#14350 = DIRECTION('',(0.,0.,-1.));
#14351 = ADVANCED_FACE('',(#14352),#14377,.F.);
#14352 = FACE_BOUND('',#14353,.T.);
#14353 = EDGE_LOOP('',(#14354,#14362,#14370,#14376));
#14354 = ORIENTED_EDGE('',*,*,#14355,.T.);
#14355 = EDGE_CURVE('',#14316,#14356,#14358,.T.);
#14356 = VERTEX_POINT('',#14357);
#14357 = CARTESIAN_POINT('',(0.435,0.,0.55));
#14358 = LINE('',#14359,#14360);
#14359 = CARTESIAN_POINT('',(-0.435,0.,0.55));
#14360 = VECTOR('',#14361,1.);
#14361 = DIRECTION('',(1.,0.,0.));
#14362 = ORIENTED_EDGE('',*,*,#14363,.F.);
#14363 = EDGE_CURVE('',#14364,#14356,#14366,.T.);
#14364 = VERTEX_POINT('',#14365);
#14365 = CARTESIAN_POINT('',(0.435,0.2,0.55));
#14366 = LINE('',#14367,#14368);
#14367 = CARTESIAN_POINT('',(0.435,0.2,0.55));
#14368 = VECTOR('',#14369,1.);
#14369 = DIRECTION('',(-0.,-1.,-0.));
#14370 = ORIENTED_EDGE('',*,*,#14371,.F.);
#14371 = EDGE_CURVE('',#14325,#14364,#14372,.T.);
#14372 = LINE('',#14373,#14374);
#14373 = CARTESIAN_POINT('',(-0.435,0.2,0.55));
#14374 = VECTOR('',#14375,1.);
#14375 = DIRECTION('',(1.,0.,0.));
#14376 = ORIENTED_EDGE('',*,*,#14324,.T.);
#14377 = PLANE('',#14378);
#14378 = AXIS2_PLACEMENT_3D('',#14379,#14380,#14381);
#14379 = CARTESIAN_POINT('',(-0.435,0.2,0.55));
#14380 = DIRECTION('',(0.,0.,-1.));
#14381 = DIRECTION('',(-1.,0.,-0.));
#14382 = ADVANCED_FACE('',(#14383),#14410,.T.);
#14383 = FACE_BOUND('',#14384,.T.);
#14384 = EDGE_LOOP('',(#14385,#14394,#14402,#14409));
#14385 = ORIENTED_EDGE('',*,*,#14386,.T.);
#14386 = EDGE_CURVE('',#14356,#14387,#14389,.T.);
#14387 = VERTEX_POINT('',#14388);
#14388 = CARTESIAN_POINT('',(0.55,0.,0.435));
#14389 = CIRCLE('',#14390,0.115);
#14390 = AXIS2_PLACEMENT_3D('',#14391,#14392,#14393);
#14391 = CARTESIAN_POINT('',(0.435,0.,0.435));
#14392 = DIRECTION('',(0.,1.,0.));
#14393 = DIRECTION('',(0.,-0.,1.));
#14394 = ORIENTED_EDGE('',*,*,#14395,.F.);
#14395 = EDGE_CURVE('',#14396,#14387,#14398,.T.);
#14396 = VERTEX_POINT('',#14397);
#14397 = CARTESIAN_POINT('',(0.55,0.2,0.435));
#14398 = LINE('',#14399,#14400);
#14399 = CARTESIAN_POINT('',(0.55,0.2,0.435));
#14400 = VECTOR('',#14401,1.);
#14401 = DIRECTION('',(-0.,-1.,-0.));
#14402 = ORIENTED_EDGE('',*,*,#14403,.F.);
#14403 = EDGE_CURVE('',#14364,#14396,#14404,.T.);
#14404 = CIRCLE('',#14405,0.115);
#14405 = AXIS2_PLACEMENT_3D('',#14406,#14407,#14408);
#14406 = CARTESIAN_POINT('',(0.435,0.2,0.435));
#14407 = DIRECTION('',(0.,1.,0.));
#14408 = DIRECTION('',(0.,-0.,1.));
#14409 = ORIENTED_EDGE('',*,*,#14363,.T.);
#14410 = CYLINDRICAL_SURFACE('',#14411,0.115);
#14411 = AXIS2_PLACEMENT_3D('',#14412,#14413,#14414);
#14412 = CARTESIAN_POINT('',(0.435,0.2,0.435));
#14413 = DIRECTION('',(-0.,-1.,-0.));
#14414 = DIRECTION('',(0.,0.,-1.));
#14415 = ADVANCED_FACE('',(#14416),#14441,.F.);
#14416 = FACE_BOUND('',#14417,.T.);
#14417 = EDGE_LOOP('',(#14418,#14426,#14434,#14440));
#14418 = ORIENTED_EDGE('',*,*,#14419,.T.);
#14419 = EDGE_CURVE('',#14387,#14420,#14422,.T.);
#14420 = VERTEX_POINT('',#14421);
#14421 = CARTESIAN_POINT('',(0.55,0.,-0.435));
#14422 = LINE('',#14423,#14424);
#14423 = CARTESIAN_POINT('',(0.55,0.,0.435));
#14424 = VECTOR('',#14425,1.);
#14425 = DIRECTION('',(0.,0.,-1.));
#14426 = ORIENTED_EDGE('',*,*,#14427,.F.);
#14427 = EDGE_CURVE('',#14428,#14420,#14430,.T.);
#14428 = VERTEX_POINT('',#14429);
#14429 = CARTESIAN_POINT('',(0.55,0.2,-0.435));
#14430 = LINE('',#14431,#14432);
#14431 = CARTESIAN_POINT('',(0.55,0.2,-0.435));
#14432 = VECTOR('',#14433,1.);
#14433 = DIRECTION('',(-0.,-1.,-0.));
#14434 = ORIENTED_EDGE('',*,*,#14435,.F.);
#14435 = EDGE_CURVE('',#14396,#14428,#14436,.T.);
#14436 = LINE('',#14437,#14438);
#14437 = CARTESIAN_POINT('',(0.55,0.2,0.435));
#14438 = VECTOR('',#14439,1.);
#14439 = DIRECTION('',(0.,0.,-1.));
#14440 = ORIENTED_EDGE('',*,*,#14395,.T.);
#14441 = PLANE('',#14442);
#14442 = AXIS2_PLACEMENT_3D('',#14443,#14444,#14445);
#14443 = CARTESIAN_POINT('',(0.55,0.2,0.435));
#14444 = DIRECTION('',(-1.,0.,0.));
#14445 = DIRECTION('',(0.,0.,1.));
#14446 = ADVANCED_FACE('',(#14447),#14474,.T.);
#14447 = FACE_BOUND('',#14448,.T.);
#14448 = EDGE_LOOP('',(#14449,#14458,#14466,#14473));
#14449 = ORIENTED_EDGE('',*,*,#14450,.T.);
#14450 = EDGE_CURVE('',#14420,#14451,#14453,.T.);
#14451 = VERTEX_POINT('',#14452);
#14452 = CARTESIAN_POINT('',(0.435,0.,-0.55));
#14453 = CIRCLE('',#14454,0.115);
#14454 = AXIS2_PLACEMENT_3D('',#14455,#14456,#14457);
#14455 = CARTESIAN_POINT('',(0.435,0.,-0.435));
#14456 = DIRECTION('',(0.,1.,0.));
#14457 = DIRECTION('',(0.,-0.,-1.));
#14458 = ORIENTED_EDGE('',*,*,#14459,.F.);
#14459 = EDGE_CURVE('',#14460,#14451,#14462,.T.);
#14460 = VERTEX_POINT('',#14461);
#14461 = CARTESIAN_POINT('',(0.435,0.2,-0.55));
#14462 = LINE('',#14463,#14464);
#14463 = CARTESIAN_POINT('',(0.435,0.2,-0.55));
#14464 = VECTOR('',#14465,1.);
#14465 = DIRECTION('',(-0.,-1.,-0.));
#14466 = ORIENTED_EDGE('',*,*,#14467,.F.);
#14467 = EDGE_CURVE('',#14428,#14460,#14468,.T.);
#14468 = CIRCLE('',#14469,0.115);
#14469 = AXIS2_PLACEMENT_3D('',#14470,#14471,#14472);
#14470 = CARTESIAN_POINT('',(0.435,0.2,-0.435));
#14471 = DIRECTION('',(0.,1.,0.));
#14472 = DIRECTION('',(0.,-0.,-1.));
#14473 = ORIENTED_EDGE('',*,*,#14427,.T.);
#14474 = CYLINDRICAL_SURFACE('',#14475,0.115);
#14475 = AXIS2_PLACEMENT_3D('',#14476,#14477,#14478);
#14476 = CARTESIAN_POINT('',(0.435,0.2,-0.435));
#14477 = DIRECTION('',(-0.,-1.,-0.));
#14478 = DIRECTION('',(0.,0.,-1.));
#14479 = ADVANCED_FACE('',(#14480),#14505,.F.);
#14480 = FACE_BOUND('',#14481,.T.);
#14481 = EDGE_LOOP('',(#14482,#14490,#14498,#14504));
#14482 = ORIENTED_EDGE('',*,*,#14483,.T.);
#14483 = EDGE_CURVE('',#14451,#14484,#14486,.T.);
#14484 = VERTEX_POINT('',#14485);
#14485 = CARTESIAN_POINT('',(-0.435,0.,-0.55));
#14486 = LINE('',#14487,#14488);
#14487 = CARTESIAN_POINT('',(-0.435,0.,-0.55));
#14488 = VECTOR('',#14489,1.);
#14489 = DIRECTION('',(-1.,-0.,-0.));
#14490 = ORIENTED_EDGE('',*,*,#14491,.F.);
#14491 = EDGE_CURVE('',#14492,#14484,#14494,.T.);
#14492 = VERTEX_POINT('',#14493);
#14493 = CARTESIAN_POINT('',(-0.435,0.2,-0.55));
#14494 = LINE('',#14495,#14496);
#14495 = CARTESIAN_POINT('',(-0.435,0.2,-0.55));
#14496 = VECTOR('',#14497,1.);
#14497 = DIRECTION('',(-0.,-1.,-0.));
#14498 = ORIENTED_EDGE('',*,*,#14499,.F.);
#14499 = EDGE_CURVE('',#14460,#14492,#14500,.T.);
#14500 = LINE('',#14501,#14502);
#14501 = CARTESIAN_POINT('',(-0.435,0.2,-0.55));
#14502 = VECTOR('',#14503,1.);
#14503 = DIRECTION('',(-1.,-0.,-0.));
#14504 = ORIENTED_EDGE('',*,*,#14459,.T.);
#14505 = PLANE('',#14506);
#14506 = AXIS2_PLACEMENT_3D('',#14507,#14508,#14509);
#14507 = CARTESIAN_POINT('',(-0.435,0.2,-0.55));
#14508 = DIRECTION('',(0.,0.,1.));
#14509 = DIRECTION('',(1.,0.,-0.));
#14510 = ADVANCED_FACE('',(#14511),#14538,.T.);
#14511 = FACE_BOUND('',#14512,.T.);
#14512 = EDGE_LOOP('',(#14513,#14522,#14530,#14537));
#14513 = ORIENTED_EDGE('',*,*,#14514,.T.);
#14514 = EDGE_CURVE('',#14484,#14515,#14517,.T.);
#14515 = VERTEX_POINT('',#14516);
#14516 = CARTESIAN_POINT('',(-0.55,0.,-0.435));
#14517 = CIRCLE('',#14518,0.115);
#14518 = AXIS2_PLACEMENT_3D('',#14519,#14520,#14521);
#14519 = CARTESIAN_POINT('',(-0.435,0.,-0.435));
#14520 = DIRECTION('',(0.,1.,0.));
#14521 = DIRECTION('',(0.,-0.,-1.));
#14522 = ORIENTED_EDGE('',*,*,#14523,.F.);
#14523 = EDGE_CURVE('',#14524,#14515,#14526,.T.);
#14524 = VERTEX_POINT('',#14525);
#14525 = CARTESIAN_POINT('',(-0.55,0.2,-0.435));
#14526 = LINE('',#14527,#14528);
#14527 = CARTESIAN_POINT('',(-0.55,0.2,-0.435));
#14528 = VECTOR('',#14529,1.);
#14529 = DIRECTION('',(-0.,-1.,-0.));
#14530 = ORIENTED_EDGE('',*,*,#14531,.F.);
#14531 = EDGE_CURVE('',#14492,#14524,#14532,.T.);
#14532 = CIRCLE('',#14533,0.115);
#14533 = AXIS2_PLACEMENT_3D('',#14534,#14535,#14536);
#14534 = CARTESIAN_POINT('',(-0.435,0.2,-0.435));
#14535 = DIRECTION('',(0.,1.,0.));
#14536 = DIRECTION('',(0.,-0.,-1.));
#14537 = ORIENTED_EDGE('',*,*,#14491,.T.);
#14538 = CYLINDRICAL_SURFACE('',#14539,0.115);
#14539 = AXIS2_PLACEMENT_3D('',#14540,#14541,#14542);
#14540 = CARTESIAN_POINT('',(-0.435,0.2,-0.435));
#14541 = DIRECTION('',(-0.,-1.,-0.));
#14542 = DIRECTION('',(0.,0.,-1.));
#14543 = ADVANCED_FACE('',(#14544),#14569,.F.);
#14544 = FACE_BOUND('',#14545,.T.);
#14545 = EDGE_LOOP('',(#14546,#14554,#14562,#14568));
#14546 = ORIENTED_EDGE('',*,*,#14547,.T.);
#14547 = EDGE_CURVE('',#14515,#14548,#14550,.T.);
#14548 = VERTEX_POINT('',#14549);
#14549 = CARTESIAN_POINT('',(-0.55,0.,-0.325));
#14550 = LINE('',#14551,#14552);
#14551 = CARTESIAN_POINT('',(-0.55,0.,-0.325));
#14552 = VECTOR('',#14553,1.);
#14553 = DIRECTION('',(-0.,-0.,1.));
#14554 = ORIENTED_EDGE('',*,*,#14555,.F.);
#14555 = EDGE_CURVE('',#14556,#14548,#14558,.T.);
#14556 = VERTEX_POINT('',#14557);
#14557 = CARTESIAN_POINT('',(-0.55,0.2,-0.325));
#14558 = LINE('',#14559,#14560);
#14559 = CARTESIAN_POINT('',(-0.55,0.2,-0.325));
#14560 = VECTOR('',#14561,1.);
#14561 = DIRECTION('',(-0.,-1.,-0.));
#14562 = ORIENTED_EDGE('',*,*,#14563,.F.);
#14563 = EDGE_CURVE('',#14524,#14556,#14564,.T.);
#14564 = LINE('',#14565,#14566);
#14565 = CARTESIAN_POINT('',(-0.55,0.2,-0.325));
#14566 = VECTOR('',#14567,1.);
#14567 = DIRECTION('',(-0.,-0.,1.));
#14568 = ORIENTED_EDGE('',*,*,#14523,.T.);
#14569 = PLANE('',#14570);
#14570 = AXIS2_PLACEMENT_3D('',#14571,#14572,#14573);
#14571 = CARTESIAN_POINT('',(-0.55,0.2,-0.325));
#14572 = DIRECTION('',(1.,-0.,0.));
#14573 = DIRECTION('',(0.,0.,-1.));
#14574 = ADVANCED_FACE('',(#14575),#14602,.F.);
#14575 = FACE_BOUND('',#14576,.F.);
#14576 = EDGE_LOOP('',(#14577,#14578,#14587,#14595));
#14577 = ORIENTED_EDGE('',*,*,#14555,.F.);
#14578 = ORIENTED_EDGE('',*,*,#14579,.T.);
#14579 = EDGE_CURVE('',#14556,#14580,#14582,.T.);
#14580 = VERTEX_POINT('',#14581);
#14581 = CARTESIAN_POINT('',(-0.55,0.2,-0.175));
#14582 = CIRCLE('',#14583,7.5E-02);
#14583 = AXIS2_PLACEMENT_3D('',#14584,#14585,#14586);
#14584 = CARTESIAN_POINT('',(-0.55,0.2,-0.25));
#14585 = DIRECTION('',(0.,-1.,0.));
#14586 = DIRECTION('',(0.,0.,1.));
#14587 = ORIENTED_EDGE('',*,*,#14588,.T.);
#14588 = EDGE_CURVE('',#14580,#14589,#14591,.T.);
#14589 = VERTEX_POINT('',#14590);
#14590 = CARTESIAN_POINT('',(-0.55,0.,-0.175));
#14591 = LINE('',#14592,#14593);
#14592 = CARTESIAN_POINT('',(-0.55,0.2,-0.175));
#14593 = VECTOR('',#14594,1.);
#14594 = DIRECTION('',(-0.,-1.,-0.));
#14595 = ORIENTED_EDGE('',*,*,#14596,.F.);
#14596 = EDGE_CURVE('',#14548,#14589,#14597,.T.);
#14597 = CIRCLE('',#14598,7.5E-02);
#14598 = AXIS2_PLACEMENT_3D('',#14599,#14600,#14601);
#14599 = CARTESIAN_POINT('',(-0.55,0.,-0.25));
#14600 = DIRECTION('',(0.,-1.,0.));
#14601 = DIRECTION('',(0.,0.,1.));
#14602 = CYLINDRICAL_SURFACE('',#14603,7.5E-02);
#14603 = AXIS2_PLACEMENT_3D('',#14604,#14605,#14606);
#14604 = CARTESIAN_POINT('',(-0.55,0.2,-0.25));
#14605 = DIRECTION('',(-0.,-1.,-0.));
#14606 = DIRECTION('',(0.,0.,-1.));
#14607 = ADVANCED_FACE('',(#14608),#14624,.F.);
#14608 = FACE_BOUND('',#14609,.T.);
#14609 = EDGE_LOOP('',(#14610,#14616,#14617,#14623));
#14610 = ORIENTED_EDGE('',*,*,#14611,.T.);
#14611 = EDGE_CURVE('',#14589,#14314,#14612,.T.);
#14612 = LINE('',#14613,#14614);
#14613 = CARTESIAN_POINT('',(-0.55,0.,0.435));
#14614 = VECTOR('',#14615,1.);
#14615 = DIRECTION('',(-0.,-0.,1.));
#14616 = ORIENTED_EDGE('',*,*,#14341,.F.);
#14617 = ORIENTED_EDGE('',*,*,#14618,.F.);
#14618 = EDGE_CURVE('',#14580,#14333,#14619,.T.);
#14619 = LINE('',#14620,#14621);
#14620 = CARTESIAN_POINT('',(-0.55,0.2,0.435));
#14621 = VECTOR('',#14622,1.);
#14622 = DIRECTION('',(-0.,-0.,1.));
#14623 = ORIENTED_EDGE('',*,*,#14588,.T.);
#14624 = PLANE('',#14625);
#14625 = AXIS2_PLACEMENT_3D('',#14626,#14627,#14628);
#14626 = CARTESIAN_POINT('',(-0.55,0.2,0.435));
#14627 = DIRECTION('',(1.,-0.,0.));
#14628 = DIRECTION('',(0.,0.,-1.));
#14629 = ADVANCED_FACE('',(#14630),#14642,.F.);
#14630 = FACE_BOUND('',#14631,.T.);
#14631 = EDGE_LOOP('',(#14632,#14633,#14634,#14635,#14636,#14637,#14638,
    #14639,#14640,#14641));
#14632 = ORIENTED_EDGE('',*,*,#14332,.T.);
#14633 = ORIENTED_EDGE('',*,*,#14371,.T.);
#14634 = ORIENTED_EDGE('',*,*,#14403,.T.);
#14635 = ORIENTED_EDGE('',*,*,#14435,.T.);
#14636 = ORIENTED_EDGE('',*,*,#14467,.T.);
#14637 = ORIENTED_EDGE('',*,*,#14499,.T.);
#14638 = ORIENTED_EDGE('',*,*,#14531,.T.);
#14639 = ORIENTED_EDGE('',*,*,#14563,.T.);
#14640 = ORIENTED_EDGE('',*,*,#14579,.T.);
#14641 = ORIENTED_EDGE('',*,*,#14618,.T.);
#14642 = PLANE('',#14643);
#14643 = AXIS2_PLACEMENT_3D('',#14644,#14645,#14646);
#14644 = CARTESIAN_POINT('',(-0.435,0.2,0.435));
#14645 = DIRECTION('',(0.,-1.,0.));
#14646 = DIRECTION('',(0.,-0.,-1.));
#14647 = ADVANCED_FACE('',(#14648),#14660,.T.);
#14648 = FACE_BOUND('',#14649,.T.);
#14649 = EDGE_LOOP('',(#14650,#14651,#14652,#14653,#14654,#14655,#14656,
    #14657,#14658,#14659));
#14650 = ORIENTED_EDGE('',*,*,#14313,.F.);
#14651 = ORIENTED_EDGE('',*,*,#14611,.F.);
#14652 = ORIENTED_EDGE('',*,*,#14596,.F.);
#14653 = ORIENTED_EDGE('',*,*,#14547,.F.);
#14654 = ORIENTED_EDGE('',*,*,#14514,.F.);
#14655 = ORIENTED_EDGE('',*,*,#14483,.F.);
#14656 = ORIENTED_EDGE('',*,*,#14450,.F.);
#14657 = ORIENTED_EDGE('',*,*,#14419,.F.);
#14658 = ORIENTED_EDGE('',*,*,#14386,.F.);
#14659 = ORIENTED_EDGE('',*,*,#14355,.F.);
#14660 = PLANE('',#14661);
#14661 = AXIS2_PLACEMENT_3D('',#14662,#14663,#14664);
#14662 = CARTESIAN_POINT('',(-0.435,0.,0.435));
#14663 = DIRECTION('',(0.,-1.,0.));
#14664 = DIRECTION('',(0.,-0.,-1.));
#14665 = ( GEOMETRIC_REPRESENTATION_CONTEXT(3) 
GLOBAL_UNCERTAINTY_ASSIGNED_CONTEXT((#14669)) 
GLOBAL_UNIT_ASSIGNED_CONTEXT((#14666,#14667,#14668)) 
REPRESENTATION_CONTEXT('Context #1',
  '3D Context with UNIT and UNCERTAINTY') );
#14666 = ( LENGTH_UNIT() NAMED_UNIT(*) SI_UNIT(.MILLI.,.METRE.) );
#14667 = ( NAMED_UNIT(*) PLANE_ANGLE_UNIT() SI_UNIT($,.RADIAN.) );
#14668 = ( NAMED_UNIT(*) SI_UNIT($,.STERADIAN.) SOLID_ANGLE_UNIT() );
#14669 = UNCERTAINTY_MEASURE_WITH_UNIT(LENGTH_MEASURE(1.E-07),#14666,
  'distance_accuracy_value','confusion accuracy');
#14670 = CONTEXT_DEPENDENT_SHAPE_REPRESENTATION(#14671,#14673);
#14671 = ( REPRESENTATION_RELATIONSHIP('','',#7418,#10) 
REPRESENTATION_RELATIONSHIP_WITH_TRANSFORMATION(#14672) 
SHAPE_REPRESENTATION_RELATIONSHIP() );
#14672 = ITEM_DEFINED_TRANSFORMATION('','',#11,#87);
#14673 = PRODUCT_DEFINITION_SHAPE('Placement','Placement of an item',
  #14674);
#14674 = NEXT_ASSEMBLY_USAGE_OCCURRENCE('19','U5','',#5,#7413,$);
#14675 = PRODUCT_RELATED_PRODUCT_CATEGORY('part',$,(#7415));
#14676 = CONTEXT_DEPENDENT_SHAPE_REPRESENTATION(#14677,#14679);
#14677 = ( REPRESENTATION_RELATIONSHIP('','',#168,#10) 
REPRESENTATION_RELATIONSHIP_WITH_TRANSFORMATION(#14678) 
SHAPE_REPRESENTATION_RELATIONSHIP() );
#14678 = ITEM_DEFINED_TRANSFORMATION('','',#11,#91);
#14679 = PRODUCT_DEFINITION_SHAPE('Placement','Placement of an item',
  #14680);
#14680 = NEXT_ASSEMBLY_USAGE_OCCURRENCE('20','R2','',#5,#163,$);
#14681 = CONTEXT_DEPENDENT_SHAPE_REPRESENTATION(#14682,#14684);
#14682 = ( REPRESENTATION_RELATIONSHIP('','',#2539,#10) 
REPRESENTATION_RELATIONSHIP_WITH_TRANSFORMATION(#14683) 
SHAPE_REPRESENTATION_RELATIONSHIP() );
#14683 = ITEM_DEFINED_TRANSFORMATION('','',#11,#95);
#14684 = PRODUCT_DEFINITION_SHAPE('Placement','Placement of an item',
  #14685);
#14685 = NEXT_ASSEMBLY_USAGE_OCCURRENCE('21','C2','',#5,#2534,$);
#14686 = SHAPE_DEFINITION_REPRESENTATION(#14687,#14693);
#14687 = PRODUCT_DEFINITION_SHAPE('','',#14688);
#14688 = PRODUCT_DEFINITION('design','',#14689,#14692);
#14689 = PRODUCT_DEFINITION_FORMATION('','',#14690);
#14690 = PRODUCT('C_1206_3216Metric','C_1206_3216Metric','',(#14691));
#14691 = PRODUCT_CONTEXT('',#2,'mechanical');
#14692 = PRODUCT_DEFINITION_CONTEXT('part definition',#2,'design');
#14693 = ADVANCED_BREP_SHAPE_REPRESENTATION('',(#11,#14694),#15548);
#14694 = MANIFOLD_SOLID_BREP('',#14695);
#14695 = CLOSED_SHELL('',(#14696,#14772,#14803,#14828,#14853,#14877,
    #14901,#14926,#14951,#14968,#15054,#15086,#15110,#15135,#15159,
    #15184,#15208,#15233,#15250,#15336,#15367,#15392,#15417,#15441,
    #15465,#15490,#15515,#15532));
#14696 = ADVANCED_FACE('',(#14697),#14767,.F.);
#14697 = FACE_BOUND('',#14698,.F.);
#14698 = EDGE_LOOP('',(#14699,#14709,#14718,#14726,#14735,#14743,#14752,
    #14760));
#14699 = ORIENTED_EDGE('',*,*,#14700,.F.);
#14700 = EDGE_CURVE('',#14701,#14703,#14705,.T.);
#14701 = VERTEX_POINT('',#14702);
#14702 = CARTESIAN_POINT('',(-1.6,-0.8,4.E-02));
#14703 = VERTEX_POINT('',#14704);
#14704 = CARTESIAN_POINT('',(-1.6,-0.8,1.56));
#14705 = LINE('',#14706,#14707);
#14706 = CARTESIAN_POINT('',(-1.6,-0.8,0.));
#14707 = VECTOR('',#14708,1.);
#14708 = DIRECTION('',(0.,0.,1.));
#14709 = ORIENTED_EDGE('',*,*,#14710,.T.);
#14710 = EDGE_CURVE('',#14701,#14711,#14713,.T.);
#14711 = VERTEX_POINT('',#14712);
#14712 = CARTESIAN_POINT('',(-1.6,-0.76,0.));
#14713 = CIRCLE('',#14714,4.E-02);
#14714 = AXIS2_PLACEMENT_3D('',#14715,#14716,#14717);
#14715 = CARTESIAN_POINT('',(-1.6,-0.76,4.E-02));
#14716 = DIRECTION('',(1.,0.,-0.));
#14717 = DIRECTION('',(0.,0.,1.));
#14718 = ORIENTED_EDGE('',*,*,#14719,.T.);
#14719 = EDGE_CURVE('',#14711,#14720,#14722,.T.);
#14720 = VERTEX_POINT('',#14721);
#14721 = CARTESIAN_POINT('',(-1.6,0.76,0.));
#14722 = LINE('',#14723,#14724);
#14723 = CARTESIAN_POINT('',(-1.6,-0.8,0.));
#14724 = VECTOR('',#14725,1.);
#14725 = DIRECTION('',(0.,1.,0.));
#14726 = ORIENTED_EDGE('',*,*,#14727,.F.);
#14727 = EDGE_CURVE('',#14728,#14720,#14730,.T.);
#14728 = VERTEX_POINT('',#14729);
#14729 = CARTESIAN_POINT('',(-1.6,0.8,4.E-02));
#14730 = CIRCLE('',#14731,4.E-02);
#14731 = AXIS2_PLACEMENT_3D('',#14732,#14733,#14734);
#14732 = CARTESIAN_POINT('',(-1.6,0.76,4.E-02));
#14733 = DIRECTION('',(-1.,0.,0.));
#14734 = DIRECTION('',(0.,0.,1.));
#14735 = ORIENTED_EDGE('',*,*,#14736,.T.);
#14736 = EDGE_CURVE('',#14728,#14737,#14739,.T.);
#14737 = VERTEX_POINT('',#14738);
#14738 = CARTESIAN_POINT('',(-1.6,0.8,1.56));
#14739 = LINE('',#14740,#14741);
#14740 = CARTESIAN_POINT('',(-1.6,0.8,0.));
#14741 = VECTOR('',#14742,1.);
#14742 = DIRECTION('',(0.,0.,1.));
#14743 = ORIENTED_EDGE('',*,*,#14744,.T.);
#14744 = EDGE_CURVE('',#14737,#14745,#14747,.T.);
#14745 = VERTEX_POINT('',#14746);
#14746 = CARTESIAN_POINT('',(-1.6,0.76,1.6));
#14747 = CIRCLE('',#14748,4.E-02);
#14748 = AXIS2_PLACEMENT_3D('',#14749,#14750,#14751);
#14749 = CARTESIAN_POINT('',(-1.6,0.76,1.56));
#14750 = DIRECTION('',(1.,0.,-0.));
#14751 = DIRECTION('',(0.,0.,1.));
#14752 = ORIENTED_EDGE('',*,*,#14753,.F.);
#14753 = EDGE_CURVE('',#14754,#14745,#14756,.T.);
#14754 = VERTEX_POINT('',#14755);
#14755 = CARTESIAN_POINT('',(-1.6,-0.76,1.6));
#14756 = LINE('',#14757,#14758);
#14757 = CARTESIAN_POINT('',(-1.6,-0.8,1.6));
#14758 = VECTOR('',#14759,1.);
#14759 = DIRECTION('',(0.,1.,0.));
#14760 = ORIENTED_EDGE('',*,*,#14761,.F.);
#14761 = EDGE_CURVE('',#14703,#14754,#14762,.T.);
#14762 = CIRCLE('',#14763,4.E-02);
#14763 = AXIS2_PLACEMENT_3D('',#14764,#14765,#14766);
#14764 = CARTESIAN_POINT('',(-1.6,-0.76,1.56));
#14765 = DIRECTION('',(-1.,0.,0.));
#14766 = DIRECTION('',(0.,0.,1.));
#14767 = PLANE('',#14768);
#14768 = AXIS2_PLACEMENT_3D('',#14769,#14770,#14771);
#14769 = CARTESIAN_POINT('',(-1.6,-0.8,0.));
#14770 = DIRECTION('',(1.,0.,0.));
#14771 = DIRECTION('',(0.,0.,1.));
#14772 = ADVANCED_FACE('',(#14773),#14798,.F.);
#14773 = FACE_BOUND('',#14774,.F.);
#14774 = EDGE_LOOP('',(#14775,#14785,#14791,#14792));
#14775 = ORIENTED_EDGE('',*,*,#14776,.F.);
#14776 = EDGE_CURVE('',#14777,#14779,#14781,.T.);
#14777 = VERTEX_POINT('',#14778);
#14778 = CARTESIAN_POINT('',(-1.2,-0.8,4.E-02));
#14779 = VERTEX_POINT('',#14780);
#14780 = CARTESIAN_POINT('',(-1.2,-0.8,1.56));
#14781 = LINE('',#14782,#14783);
#14782 = CARTESIAN_POINT('',(-1.2,-0.8,0.));
#14783 = VECTOR('',#14784,1.);
#14784 = DIRECTION('',(0.,0.,1.));
#14785 = ORIENTED_EDGE('',*,*,#14786,.F.);
#14786 = EDGE_CURVE('',#14701,#14777,#14787,.T.);
#14787 = LINE('',#14788,#14789);
#14788 = CARTESIAN_POINT('',(-1.6,-0.8,4.E-02));
#14789 = VECTOR('',#14790,1.);
#14790 = DIRECTION('',(1.,0.,0.));
#14791 = ORIENTED_EDGE('',*,*,#14700,.T.);
#14792 = ORIENTED_EDGE('',*,*,#14793,.T.);
#14793 = EDGE_CURVE('',#14703,#14779,#14794,.T.);
#14794 = LINE('',#14795,#14796);
#14795 = CARTESIAN_POINT('',(-1.6,-0.8,1.56));
#14796 = VECTOR('',#14797,1.);
#14797 = DIRECTION('',(1.,0.,0.));
#14798 = PLANE('',#14799);
#14799 = AXIS2_PLACEMENT_3D('',#14800,#14801,#14802);
#14800 = CARTESIAN_POINT('',(-1.6,-0.8,0.));
#14801 = DIRECTION('',(0.,1.,0.));
#14802 = DIRECTION('',(0.,-0.,1.));
#14803 = ADVANCED_FACE('',(#14804),#14823,.T.);
#14804 = FACE_BOUND('',#14805,.T.);
#14805 = EDGE_LOOP('',(#14806,#14807,#14815,#14822));
#14806 = ORIENTED_EDGE('',*,*,#14710,.T.);
#14807 = ORIENTED_EDGE('',*,*,#14808,.T.);
#14808 = EDGE_CURVE('',#14711,#14809,#14811,.T.);
#14809 = VERTEX_POINT('',#14810);
#14810 = CARTESIAN_POINT('',(-1.2,-0.76,0.));
#14811 = LINE('',#14812,#14813);
#14812 = CARTESIAN_POINT('',(-1.6,-0.76,0.));
#14813 = VECTOR('',#14814,1.);
#14814 = DIRECTION('',(1.,0.,0.));
#14815 = ORIENTED_EDGE('',*,*,#14816,.F.);
#14816 = EDGE_CURVE('',#14777,#14809,#14817,.T.);
#14817 = CIRCLE('',#14818,4.E-02);
#14818 = AXIS2_PLACEMENT_3D('',#14819,#14820,#14821);
#14819 = CARTESIAN_POINT('',(-1.2,-0.76,4.E-02));
#14820 = DIRECTION('',(1.,0.,-0.));
#14821 = DIRECTION('',(0.,0.,1.));
#14822 = ORIENTED_EDGE('',*,*,#14786,.F.);
#14823 = CYLINDRICAL_SURFACE('',#14824,4.E-02);
#14824 = AXIS2_PLACEMENT_3D('',#14825,#14826,#14827);
#14825 = CARTESIAN_POINT('',(-1.6,-0.76,4.E-02));
#14826 = DIRECTION('',(1.,0.,0.));
#14827 = DIRECTION('',(0.,-1.,0.));
#14828 = ADVANCED_FACE('',(#14829),#14848,.T.);
#14829 = FACE_BOUND('',#14830,.T.);
#14830 = EDGE_LOOP('',(#14831,#14832,#14841,#14847));
#14831 = ORIENTED_EDGE('',*,*,#14793,.T.);
#14832 = ORIENTED_EDGE('',*,*,#14833,.T.);
#14833 = EDGE_CURVE('',#14779,#14834,#14836,.T.);
#14834 = VERTEX_POINT('',#14835);
#14835 = CARTESIAN_POINT('',(-1.2,-0.76,1.6));
#14836 = CIRCLE('',#14837,4.E-02);
#14837 = AXIS2_PLACEMENT_3D('',#14838,#14839,#14840);
#14838 = CARTESIAN_POINT('',(-1.2,-0.76,1.56));
#14839 = DIRECTION('',(-1.,0.,0.));
#14840 = DIRECTION('',(0.,0.,1.));
#14841 = ORIENTED_EDGE('',*,*,#14842,.F.);
#14842 = EDGE_CURVE('',#14754,#14834,#14843,.T.);
#14843 = LINE('',#14844,#14845);
#14844 = CARTESIAN_POINT('',(-1.6,-0.76,1.6));
#14845 = VECTOR('',#14846,1.);
#14846 = DIRECTION('',(1.,0.,0.));
#14847 = ORIENTED_EDGE('',*,*,#14761,.F.);
#14848 = CYLINDRICAL_SURFACE('',#14849,4.E-02);
#14849 = AXIS2_PLACEMENT_3D('',#14850,#14851,#14852);
#14850 = CARTESIAN_POINT('',(-1.6,-0.76,1.56));
#14851 = DIRECTION('',(1.,0.,0.));
#14852 = DIRECTION('',(0.,-1.,0.));
#14853 = ADVANCED_FACE('',(#14854),#14872,.F.);
#14854 = FACE_BOUND('',#14855,.F.);
#14855 = EDGE_LOOP('',(#14856,#14857,#14858,#14866));
#14856 = ORIENTED_EDGE('',*,*,#14719,.F.);
#14857 = ORIENTED_EDGE('',*,*,#14808,.T.);
#14858 = ORIENTED_EDGE('',*,*,#14859,.T.);
#14859 = EDGE_CURVE('',#14809,#14860,#14862,.T.);
#14860 = VERTEX_POINT('',#14861);
#14861 = CARTESIAN_POINT('',(-1.2,0.76,0.));
#14862 = LINE('',#14863,#14864);
#14863 = CARTESIAN_POINT('',(-1.2,-0.8,0.));
#14864 = VECTOR('',#14865,1.);
#14865 = DIRECTION('',(0.,1.,0.));
#14866 = ORIENTED_EDGE('',*,*,#14867,.F.);
#14867 = EDGE_CURVE('',#14720,#14860,#14868,.T.);
#14868 = LINE('',#14869,#14870);
#14869 = CARTESIAN_POINT('',(-1.6,0.76,0.));
#14870 = VECTOR('',#14871,1.);
#14871 = DIRECTION('',(1.,0.,0.));
#14872 = PLANE('',#14873);
#14873 = AXIS2_PLACEMENT_3D('',#14874,#14875,#14876);
#14874 = CARTESIAN_POINT('',(-1.6,-0.8,0.));
#14875 = DIRECTION('',(0.,0.,1.));
#14876 = DIRECTION('',(1.,0.,-0.));
#14877 = ADVANCED_FACE('',(#14878),#14896,.T.);
#14878 = FACE_BOUND('',#14879,.T.);
#14879 = EDGE_LOOP('',(#14880,#14881,#14882,#14890));
#14880 = ORIENTED_EDGE('',*,*,#14753,.F.);
#14881 = ORIENTED_EDGE('',*,*,#14842,.T.);
#14882 = ORIENTED_EDGE('',*,*,#14883,.T.);
#14883 = EDGE_CURVE('',#14834,#14884,#14886,.T.);
#14884 = VERTEX_POINT('',#14885);
#14885 = CARTESIAN_POINT('',(-1.2,0.76,1.6));
#14886 = LINE('',#14887,#14888);
#14887 = CARTESIAN_POINT('',(-1.2,-0.8,1.6));
#14888 = VECTOR('',#14889,1.);
#14889 = DIRECTION('',(0.,1.,0.));
#14890 = ORIENTED_EDGE('',*,*,#14891,.F.);
#14891 = EDGE_CURVE('',#14745,#14884,#14892,.T.);
#14892 = LINE('',#14893,#14894);
#14893 = CARTESIAN_POINT('',(-1.6,0.76,1.6));
#14894 = VECTOR('',#14895,1.);
#14895 = DIRECTION('',(1.,0.,0.));
#14896 = PLANE('',#14897);
#14897 = AXIS2_PLACEMENT_3D('',#14898,#14899,#14900);
#14898 = CARTESIAN_POINT('',(-1.6,-0.8,1.6));
#14899 = DIRECTION('',(0.,0.,1.));
#14900 = DIRECTION('',(1.,0.,-0.));
#14901 = ADVANCED_FACE('',(#14902),#14921,.T.);
#14902 = FACE_BOUND('',#14903,.T.);
#14903 = EDGE_LOOP('',(#14904,#14912,#14919,#14920));
#14904 = ORIENTED_EDGE('',*,*,#14905,.T.);
#14905 = EDGE_CURVE('',#14728,#14906,#14908,.T.);
#14906 = VERTEX_POINT('',#14907);
#14907 = CARTESIAN_POINT('',(-1.2,0.8,4.E-02));
#14908 = LINE('',#14909,#14910);
#14909 = CARTESIAN_POINT('',(-1.6,0.8,4.E-02));
#14910 = VECTOR('',#14911,1.);
#14911 = DIRECTION('',(1.,0.,0.));
#14912 = ORIENTED_EDGE('',*,*,#14913,.T.);
#14913 = EDGE_CURVE('',#14906,#14860,#14914,.T.);
#14914 = CIRCLE('',#14915,4.E-02);
#14915 = AXIS2_PLACEMENT_3D('',#14916,#14917,#14918);
#14916 = CARTESIAN_POINT('',(-1.2,0.76,4.E-02));
#14917 = DIRECTION('',(-1.,0.,0.));
#14918 = DIRECTION('',(0.,0.,1.));
#14919 = ORIENTED_EDGE('',*,*,#14867,.F.);
#14920 = ORIENTED_EDGE('',*,*,#14727,.F.);
#14921 = CYLINDRICAL_SURFACE('',#14922,4.E-02);
#14922 = AXIS2_PLACEMENT_3D('',#14923,#14924,#14925);
#14923 = CARTESIAN_POINT('',(-1.6,0.76,4.E-02));
#14924 = DIRECTION('',(1.,0.,0.));
#14925 = DIRECTION('',(-0.,1.,0.));
#14926 = ADVANCED_FACE('',(#14927),#14946,.T.);
#14927 = FACE_BOUND('',#14928,.T.);
#14928 = EDGE_LOOP('',(#14929,#14930,#14931,#14940));
#14929 = ORIENTED_EDGE('',*,*,#14744,.T.);
#14930 = ORIENTED_EDGE('',*,*,#14891,.T.);
#14931 = ORIENTED_EDGE('',*,*,#14932,.F.);
#14932 = EDGE_CURVE('',#14933,#14884,#14935,.T.);
#14933 = VERTEX_POINT('',#14934);
#14934 = CARTESIAN_POINT('',(-1.2,0.8,1.56));
#14935 = CIRCLE('',#14936,4.E-02);
#14936 = AXIS2_PLACEMENT_3D('',#14937,#14938,#14939);
#14937 = CARTESIAN_POINT('',(-1.2,0.76,1.56));
#14938 = DIRECTION('',(1.,0.,-0.));
#14939 = DIRECTION('',(0.,0.,1.));
#14940 = ORIENTED_EDGE('',*,*,#14941,.F.);
#14941 = EDGE_CURVE('',#14737,#14933,#14942,.T.);
#14942 = LINE('',#14943,#14944);
#14943 = CARTESIAN_POINT('',(-1.6,0.8,1.56));
#14944 = VECTOR('',#14945,1.);
#14945 = DIRECTION('',(1.,0.,0.));
#14946 = CYLINDRICAL_SURFACE('',#14947,4.E-02);
#14947 = AXIS2_PLACEMENT_3D('',#14948,#14949,#14950);
#14948 = CARTESIAN_POINT('',(-1.6,0.76,1.56));
#14949 = DIRECTION('',(1.,0.,0.));
#14950 = DIRECTION('',(-0.,1.,0.));
#14951 = ADVANCED_FACE('',(#14952),#14963,.T.);
#14952 = FACE_BOUND('',#14953,.T.);
#14953 = EDGE_LOOP('',(#14954,#14960,#14961,#14962));
#14954 = ORIENTED_EDGE('',*,*,#14955,.F.);
#14955 = EDGE_CURVE('',#14906,#14933,#14956,.T.);
#14956 = LINE('',#14957,#14958);
#14957 = CARTESIAN_POINT('',(-1.2,0.8,0.));
#14958 = VECTOR('',#14959,1.);
#14959 = DIRECTION('',(0.,0.,1.));
#14960 = ORIENTED_EDGE('',*,*,#14905,.F.);
#14961 = ORIENTED_EDGE('',*,*,#14736,.T.);
#14962 = ORIENTED_EDGE('',*,*,#14941,.T.);
#14963 = PLANE('',#14964);
#14964 = AXIS2_PLACEMENT_3D('',#14965,#14966,#14967);
#14965 = CARTESIAN_POINT('',(-1.6,0.8,0.));
#14966 = DIRECTION('',(0.,1.,0.));
#14967 = DIRECTION('',(0.,-0.,1.));
#14968 = ADVANCED_FACE('',(#14969,#14979),#15049,.T.);
#14969 = FACE_BOUND('',#14970,.T.);
#14970 = EDGE_LOOP('',(#14971,#14972,#14973,#14974,#14975,#14976,#14977,
    #14978));
#14971 = ORIENTED_EDGE('',*,*,#14776,.F.);
#14972 = ORIENTED_EDGE('',*,*,#14816,.T.);
#14973 = ORIENTED_EDGE('',*,*,#14859,.T.);
#14974 = ORIENTED_EDGE('',*,*,#14913,.F.);
#14975 = ORIENTED_EDGE('',*,*,#14955,.T.);
#14976 = ORIENTED_EDGE('',*,*,#14932,.T.);
#14977 = ORIENTED_EDGE('',*,*,#14883,.F.);
#14978 = ORIENTED_EDGE('',*,*,#14833,.F.);
#14979 = FACE_BOUND('',#14980,.T.);
#14980 = EDGE_LOOP('',(#14981,#14992,#15000,#15009,#15017,#15026,#15034,
    #15043));
#14981 = ORIENTED_EDGE('',*,*,#14982,.F.);
#14982 = EDGE_CURVE('',#14983,#14985,#14987,.T.);
#14983 = VERTEX_POINT('',#14984);
#14984 = CARTESIAN_POINT('',(-1.2,-0.76,8.E-02));
#14985 = VERTEX_POINT('',#14986);
#14986 = CARTESIAN_POINT('',(-1.2,-0.72,4.E-02));
#14987 = CIRCLE('',#14988,4.E-02);
#14988 = AXIS2_PLACEMENT_3D('',#14989,#14990,#14991);
#14989 = CARTESIAN_POINT('',(-1.2,-0.72,8.E-02));
#14990 = DIRECTION('',(1.,0.,-0.));
#14991 = DIRECTION('',(0.,0.,1.));
#14992 = ORIENTED_EDGE('',*,*,#14993,.T.);
#14993 = EDGE_CURVE('',#14983,#14994,#14996,.T.);
#14994 = VERTEX_POINT('',#14995);
#14995 = CARTESIAN_POINT('',(-1.2,-0.76,1.52));
#14996 = LINE('',#14997,#14998);
#14997 = CARTESIAN_POINT('',(-1.2,-0.76,4.E-02));
#14998 = VECTOR('',#14999,1.);
#14999 = DIRECTION('',(0.,0.,1.));
#15000 = ORIENTED_EDGE('',*,*,#15001,.T.);
#15001 = EDGE_CURVE('',#14994,#15002,#15004,.T.);
#15002 = VERTEX_POINT('',#15003);
#15003 = CARTESIAN_POINT('',(-1.2,-0.72,1.56));
#15004 = CIRCLE('',#15005,4.E-02);
#15005 = AXIS2_PLACEMENT_3D('',#15006,#15007,#15008);
#15006 = CARTESIAN_POINT('',(-1.2,-0.72,1.52));
#15007 = DIRECTION('',(-1.,0.,0.));
#15008 = DIRECTION('',(0.,0.,1.));
#15009 = ORIENTED_EDGE('',*,*,#15010,.T.);
#15010 = EDGE_CURVE('',#15002,#15011,#15013,.T.);
#15011 = VERTEX_POINT('',#15012);
#15012 = CARTESIAN_POINT('',(-1.2,0.72,1.56));
#15013 = LINE('',#15014,#15015);
#15014 = CARTESIAN_POINT('',(-1.2,-0.76,1.56));
#15015 = VECTOR('',#15016,1.);
#15016 = DIRECTION('',(0.,1.,0.));
#15017 = ORIENTED_EDGE('',*,*,#15018,.F.);
#15018 = EDGE_CURVE('',#15019,#15011,#15021,.T.);
#15019 = VERTEX_POINT('',#15020);
#15020 = CARTESIAN_POINT('',(-1.2,0.76,1.52));
#15021 = CIRCLE('',#15022,4.E-02);
#15022 = AXIS2_PLACEMENT_3D('',#15023,#15024,#15025);
#15023 = CARTESIAN_POINT('',(-1.2,0.72,1.52));
#15024 = DIRECTION('',(1.,0.,-0.));
#15025 = DIRECTION('',(0.,0.,1.));
#15026 = ORIENTED_EDGE('',*,*,#15027,.F.);
#15027 = EDGE_CURVE('',#15028,#15019,#15030,.T.);
#15028 = VERTEX_POINT('',#15029);
#15029 = CARTESIAN_POINT('',(-1.2,0.76,8.E-02));
#15030 = LINE('',#15031,#15032);
#15031 = CARTESIAN_POINT('',(-1.2,0.76,4.E-02));
#15032 = VECTOR('',#15033,1.);
#15033 = DIRECTION('',(0.,0.,1.));
#15034 = ORIENTED_EDGE('',*,*,#15035,.T.);
#15035 = EDGE_CURVE('',#15028,#15036,#15038,.T.);
#15036 = VERTEX_POINT('',#15037);
#15037 = CARTESIAN_POINT('',(-1.2,0.72,4.E-02));
#15038 = CIRCLE('',#15039,4.E-02);
#15039 = AXIS2_PLACEMENT_3D('',#15040,#15041,#15042);
#15040 = CARTESIAN_POINT('',(-1.2,0.72,8.E-02));
#15041 = DIRECTION('',(-1.,0.,0.));
#15042 = DIRECTION('',(0.,0.,1.));
#15043 = ORIENTED_EDGE('',*,*,#15044,.F.);
#15044 = EDGE_CURVE('',#14985,#15036,#15045,.T.);
#15045 = LINE('',#15046,#15047);
#15046 = CARTESIAN_POINT('',(-1.2,-0.76,4.E-02));
#15047 = VECTOR('',#15048,1.);
#15048 = DIRECTION('',(0.,1.,0.));
#15049 = PLANE('',#15050);
#15050 = AXIS2_PLACEMENT_3D('',#15051,#15052,#15053);
#15051 = CARTESIAN_POINT('',(-1.2,-0.8,0.));
#15052 = DIRECTION('',(1.,0.,0.));
#15053 = DIRECTION('',(0.,0.,1.));
#15054 = ADVANCED_FACE('',(#15055),#15081,.T.);
#15055 = FACE_BOUND('',#15056,.T.);
#15056 = EDGE_LOOP('',(#15057,#15058,#15066,#15075));
#15057 = ORIENTED_EDGE('',*,*,#14982,.T.);
#15058 = ORIENTED_EDGE('',*,*,#15059,.T.);
#15059 = EDGE_CURVE('',#14985,#15060,#15062,.T.);
#15060 = VERTEX_POINT('',#15061);
#15061 = CARTESIAN_POINT('',(1.2,-0.72,4.E-02));
#15062 = LINE('',#15063,#15064);
#15063 = CARTESIAN_POINT('',(-1.2,-0.72,4.E-02));
#15064 = VECTOR('',#15065,1.);
#15065 = DIRECTION('',(1.,0.,0.));
#15066 = ORIENTED_EDGE('',*,*,#15067,.F.);
#15067 = EDGE_CURVE('',#15068,#15060,#15070,.T.);
#15068 = VERTEX_POINT('',#15069);
#15069 = CARTESIAN_POINT('',(1.2,-0.76,8.E-02));
#15070 = CIRCLE('',#15071,4.E-02);
#15071 = AXIS2_PLACEMENT_3D('',#15072,#15073,#15074);
#15072 = CARTESIAN_POINT('',(1.2,-0.72,8.E-02));
#15073 = DIRECTION('',(1.,0.,-0.));
#15074 = DIRECTION('',(0.,0.,1.));
#15075 = ORIENTED_EDGE('',*,*,#15076,.F.);
#15076 = EDGE_CURVE('',#14983,#15068,#15077,.T.);
#15077 = LINE('',#15078,#15079);
#15078 = CARTESIAN_POINT('',(-1.2,-0.76,8.E-02));
#15079 = VECTOR('',#15080,1.);
#15080 = DIRECTION('',(1.,0.,0.));
#15081 = CYLINDRICAL_SURFACE('',#15082,4.E-02);
#15082 = AXIS2_PLACEMENT_3D('',#15083,#15084,#15085);
#15083 = CARTESIAN_POINT('',(-1.2,-0.72,8.E-02));
#15084 = DIRECTION('',(1.,0.,0.));
#15085 = DIRECTION('',(0.,-1.,0.));
#15086 = ADVANCED_FACE('',(#15087),#15105,.F.);
#15087 = FACE_BOUND('',#15088,.F.);
#15088 = EDGE_LOOP('',(#15089,#15090,#15091,#15099));
#15089 = ORIENTED_EDGE('',*,*,#15044,.F.);
#15090 = ORIENTED_EDGE('',*,*,#15059,.T.);
#15091 = ORIENTED_EDGE('',*,*,#15092,.T.);
#15092 = EDGE_CURVE('',#15060,#15093,#15095,.T.);
#15093 = VERTEX_POINT('',#15094);
#15094 = CARTESIAN_POINT('',(1.2,0.72,4.E-02));
#15095 = LINE('',#15096,#15097);
#15096 = CARTESIAN_POINT('',(1.2,-0.76,4.E-02));
#15097 = VECTOR('',#15098,1.);
#15098 = DIRECTION('',(0.,1.,0.));
#15099 = ORIENTED_EDGE('',*,*,#15100,.F.);
#15100 = EDGE_CURVE('',#15036,#15093,#15101,.T.);
#15101 = LINE('',#15102,#15103);
#15102 = CARTESIAN_POINT('',(-1.2,0.72,4.E-02));
#15103 = VECTOR('',#15104,1.);
#15104 = DIRECTION('',(1.,0.,0.));
#15105 = PLANE('',#15106);
#15106 = AXIS2_PLACEMENT_3D('',#15107,#15108,#15109);
#15107 = CARTESIAN_POINT('',(-1.2,-0.76,4.E-02));
#15108 = DIRECTION('',(0.,0.,1.));
#15109 = DIRECTION('',(1.,0.,-0.));
#15110 = ADVANCED_FACE('',(#15111),#15130,.T.);
#15111 = FACE_BOUND('',#15112,.T.);
#15112 = EDGE_LOOP('',(#15113,#15121,#15128,#15129));
#15113 = ORIENTED_EDGE('',*,*,#15114,.T.);
#15114 = EDGE_CURVE('',#15028,#15115,#15117,.T.);
#15115 = VERTEX_POINT('',#15116);
#15116 = CARTESIAN_POINT('',(1.2,0.76,8.E-02));
#15117 = LINE('',#15118,#15119);
#15118 = CARTESIAN_POINT('',(-1.2,0.76,8.E-02));
#15119 = VECTOR('',#15120,1.);
#15120 = DIRECTION('',(1.,0.,0.));
#15121 = ORIENTED_EDGE('',*,*,#15122,.T.);
#15122 = EDGE_CURVE('',#15115,#15093,#15123,.T.);
#15123 = CIRCLE('',#15124,4.E-02);
#15124 = AXIS2_PLACEMENT_3D('',#15125,#15126,#15127);
#15125 = CARTESIAN_POINT('',(1.2,0.72,8.E-02));
#15126 = DIRECTION('',(-1.,0.,0.));
#15127 = DIRECTION('',(0.,0.,1.));
#15128 = ORIENTED_EDGE('',*,*,#15100,.F.);
#15129 = ORIENTED_EDGE('',*,*,#15035,.F.);
#15130 = CYLINDRICAL_SURFACE('',#15131,4.E-02);
#15131 = AXIS2_PLACEMENT_3D('',#15132,#15133,#15134);
#15132 = CARTESIAN_POINT('',(-1.2,0.72,8.E-02));
#15133 = DIRECTION('',(1.,0.,0.));
#15134 = DIRECTION('',(-0.,1.,0.));
#15135 = ADVANCED_FACE('',(#15136),#15154,.T.);
#15136 = FACE_BOUND('',#15137,.T.);
#15137 = EDGE_LOOP('',(#15138,#15146,#15147,#15148));
#15138 = ORIENTED_EDGE('',*,*,#15139,.F.);
#15139 = EDGE_CURVE('',#15115,#15140,#15142,.T.);
#15140 = VERTEX_POINT('',#15141);
#15141 = CARTESIAN_POINT('',(1.2,0.76,1.52));
#15142 = LINE('',#15143,#15144);
#15143 = CARTESIAN_POINT('',(1.2,0.76,4.E-02));
#15144 = VECTOR('',#15145,1.);
#15145 = DIRECTION('',(0.,0.,1.));
#15146 = ORIENTED_EDGE('',*,*,#15114,.F.);
#15147 = ORIENTED_EDGE('',*,*,#15027,.T.);
#15148 = ORIENTED_EDGE('',*,*,#15149,.T.);
#15149 = EDGE_CURVE('',#15019,#15140,#15150,.T.);
#15150 = LINE('',#15151,#15152);
#15151 = CARTESIAN_POINT('',(-1.2,0.76,1.52));
#15152 = VECTOR('',#15153,1.);
#15153 = DIRECTION('',(1.,0.,0.));
#15154 = PLANE('',#15155);
#15155 = AXIS2_PLACEMENT_3D('',#15156,#15157,#15158);
#15156 = CARTESIAN_POINT('',(-1.2,0.76,4.E-02));
#15157 = DIRECTION('',(0.,1.,0.));
#15158 = DIRECTION('',(0.,-0.,1.));
#15159 = ADVANCED_FACE('',(#15160),#15179,.T.);
#15160 = FACE_BOUND('',#15161,.T.);
#15161 = EDGE_LOOP('',(#15162,#15163,#15171,#15178));
#15162 = ORIENTED_EDGE('',*,*,#15018,.T.);
#15163 = ORIENTED_EDGE('',*,*,#15164,.T.);
#15164 = EDGE_CURVE('',#15011,#15165,#15167,.T.);
#15165 = VERTEX_POINT('',#15166);
#15166 = CARTESIAN_POINT('',(1.2,0.72,1.56));
#15167 = LINE('',#15168,#15169);
#15168 = CARTESIAN_POINT('',(-1.2,0.72,1.56));
#15169 = VECTOR('',#15170,1.);
#15170 = DIRECTION('',(1.,0.,0.));
#15171 = ORIENTED_EDGE('',*,*,#15172,.F.);
#15172 = EDGE_CURVE('',#15140,#15165,#15173,.T.);
#15173 = CIRCLE('',#15174,4.E-02);
#15174 = AXIS2_PLACEMENT_3D('',#15175,#15176,#15177);
#15175 = CARTESIAN_POINT('',(1.2,0.72,1.52));
#15176 = DIRECTION('',(1.,0.,-0.));
#15177 = DIRECTION('',(0.,0.,1.));
#15178 = ORIENTED_EDGE('',*,*,#15149,.F.);
#15179 = CYLINDRICAL_SURFACE('',#15180,4.E-02);
#15180 = AXIS2_PLACEMENT_3D('',#15181,#15182,#15183);
#15181 = CARTESIAN_POINT('',(-1.2,0.72,1.52));
#15182 = DIRECTION('',(1.,0.,0.));
#15183 = DIRECTION('',(-0.,1.,0.));
#15184 = ADVANCED_FACE('',(#15185),#15203,.T.);
#15185 = FACE_BOUND('',#15186,.T.);
#15186 = EDGE_LOOP('',(#15187,#15188,#15196,#15202));
#15187 = ORIENTED_EDGE('',*,*,#15010,.F.);
#15188 = ORIENTED_EDGE('',*,*,#15189,.T.);
#15189 = EDGE_CURVE('',#15002,#15190,#15192,.T.);
#15190 = VERTEX_POINT('',#15191);
#15191 = CARTESIAN_POINT('',(1.2,-0.72,1.56));
#15192 = LINE('',#15193,#15194);
#15193 = CARTESIAN_POINT('',(-1.2,-0.72,1.56));
#15194 = VECTOR('',#15195,1.);
#15195 = DIRECTION('',(1.,0.,0.));
#15196 = ORIENTED_EDGE('',*,*,#15197,.T.);
#15197 = EDGE_CURVE('',#15190,#15165,#15198,.T.);
#15198 = LINE('',#15199,#15200);
#15199 = CARTESIAN_POINT('',(1.2,-0.76,1.56));
#15200 = VECTOR('',#15201,1.);
#15201 = DIRECTION('',(0.,1.,0.));
#15202 = ORIENTED_EDGE('',*,*,#15164,.F.);
#15203 = PLANE('',#15204);
#15204 = AXIS2_PLACEMENT_3D('',#15205,#15206,#15207);
#15205 = CARTESIAN_POINT('',(-1.2,-0.76,1.56));
#15206 = DIRECTION('',(0.,0.,1.));
#15207 = DIRECTION('',(1.,0.,-0.));
#15208 = ADVANCED_FACE('',(#15209),#15228,.T.);
#15209 = FACE_BOUND('',#15210,.T.);
#15210 = EDGE_LOOP('',(#15211,#15219,#15226,#15227));
#15211 = ORIENTED_EDGE('',*,*,#15212,.T.);
#15212 = EDGE_CURVE('',#14994,#15213,#15215,.T.);
#15213 = VERTEX_POINT('',#15214);
#15214 = CARTESIAN_POINT('',(1.2,-0.76,1.52));
#15215 = LINE('',#15216,#15217);
#15216 = CARTESIAN_POINT('',(-1.2,-0.76,1.52));
#15217 = VECTOR('',#15218,1.);
#15218 = DIRECTION('',(1.,0.,0.));
#15219 = ORIENTED_EDGE('',*,*,#15220,.T.);
#15220 = EDGE_CURVE('',#15213,#15190,#15221,.T.);
#15221 = CIRCLE('',#15222,4.E-02);
#15222 = AXIS2_PLACEMENT_3D('',#15223,#15224,#15225);
#15223 = CARTESIAN_POINT('',(1.2,-0.72,1.52));
#15224 = DIRECTION('',(-1.,0.,0.));
#15225 = DIRECTION('',(0.,0.,1.));
#15226 = ORIENTED_EDGE('',*,*,#15189,.F.);
#15227 = ORIENTED_EDGE('',*,*,#15001,.F.);
#15228 = CYLINDRICAL_SURFACE('',#15229,4.E-02);
#15229 = AXIS2_PLACEMENT_3D('',#15230,#15231,#15232);
#15230 = CARTESIAN_POINT('',(-1.2,-0.72,1.52));
#15231 = DIRECTION('',(1.,0.,0.));
#15232 = DIRECTION('',(0.,-1.,0.));
#15233 = ADVANCED_FACE('',(#15234),#15245,.F.);
#15234 = FACE_BOUND('',#15235,.F.);
#15235 = EDGE_LOOP('',(#15236,#15242,#15243,#15244));
#15236 = ORIENTED_EDGE('',*,*,#15237,.F.);
#15237 = EDGE_CURVE('',#15068,#15213,#15238,.T.);
#15238 = LINE('',#15239,#15240);
#15239 = CARTESIAN_POINT('',(1.2,-0.76,4.E-02));
#15240 = VECTOR('',#15241,1.);
#15241 = DIRECTION('',(0.,0.,1.));
#15242 = ORIENTED_EDGE('',*,*,#15076,.F.);
#15243 = ORIENTED_EDGE('',*,*,#14993,.T.);
#15244 = ORIENTED_EDGE('',*,*,#15212,.T.);
#15245 = PLANE('',#15246);
#15246 = AXIS2_PLACEMENT_3D('',#15247,#15248,#15249);
#15247 = CARTESIAN_POINT('',(-1.2,-0.76,4.E-02));
#15248 = DIRECTION('',(0.,1.,0.));
#15249 = DIRECTION('',(0.,-0.,1.));
#15250 = ADVANCED_FACE('',(#15251,#15321),#15331,.F.);
#15251 = FACE_BOUND('',#15252,.F.);
#15252 = EDGE_LOOP('',(#15253,#15263,#15272,#15280,#15289,#15297,#15306,
    #15314));
#15253 = ORIENTED_EDGE('',*,*,#15254,.F.);
#15254 = EDGE_CURVE('',#15255,#15257,#15259,.T.);
#15255 = VERTEX_POINT('',#15256);
#15256 = CARTESIAN_POINT('',(1.2,-0.8,4.E-02));
#15257 = VERTEX_POINT('',#15258);
#15258 = CARTESIAN_POINT('',(1.2,-0.8,1.56));
#15259 = LINE('',#15260,#15261);
#15260 = CARTESIAN_POINT('',(1.2,-0.8,0.));
#15261 = VECTOR('',#15262,1.);
#15262 = DIRECTION('',(0.,0.,1.));
#15263 = ORIENTED_EDGE('',*,*,#15264,.T.);
#15264 = EDGE_CURVE('',#15255,#15265,#15267,.T.);
#15265 = VERTEX_POINT('',#15266);
#15266 = CARTESIAN_POINT('',(1.2,-0.76,0.));
#15267 = CIRCLE('',#15268,4.E-02);
#15268 = AXIS2_PLACEMENT_3D('',#15269,#15270,#15271);
#15269 = CARTESIAN_POINT('',(1.2,-0.76,4.E-02));
#15270 = DIRECTION('',(1.,0.,-0.));
#15271 = DIRECTION('',(0.,0.,1.));
#15272 = ORIENTED_EDGE('',*,*,#15273,.T.);
#15273 = EDGE_CURVE('',#15265,#15274,#15276,.T.);
#15274 = VERTEX_POINT('',#15275);
#15275 = CARTESIAN_POINT('',(1.2,0.76,0.));
#15276 = LINE('',#15277,#15278);
#15277 = CARTESIAN_POINT('',(1.2,-0.8,0.));
#15278 = VECTOR('',#15279,1.);
#15279 = DIRECTION('',(0.,1.,0.));
#15280 = ORIENTED_EDGE('',*,*,#15281,.F.);
#15281 = EDGE_CURVE('',#15282,#15274,#15284,.T.);
#15282 = VERTEX_POINT('',#15283);
#15283 = CARTESIAN_POINT('',(1.2,0.8,4.E-02));
#15284 = CIRCLE('',#15285,4.E-02);
#15285 = AXIS2_PLACEMENT_3D('',#15286,#15287,#15288);
#15286 = CARTESIAN_POINT('',(1.2,0.76,4.E-02));
#15287 = DIRECTION('',(-1.,0.,0.));
#15288 = DIRECTION('',(0.,0.,1.));
#15289 = ORIENTED_EDGE('',*,*,#15290,.T.);
#15290 = EDGE_CURVE('',#15282,#15291,#15293,.T.);
#15291 = VERTEX_POINT('',#15292);
#15292 = CARTESIAN_POINT('',(1.2,0.8,1.56));
#15293 = LINE('',#15294,#15295);
#15294 = CARTESIAN_POINT('',(1.2,0.8,0.));
#15295 = VECTOR('',#15296,1.);
#15296 = DIRECTION('',(0.,0.,1.));
#15297 = ORIENTED_EDGE('',*,*,#15298,.T.);
#15298 = EDGE_CURVE('',#15291,#15299,#15301,.T.);
#15299 = VERTEX_POINT('',#15300);
#15300 = CARTESIAN_POINT('',(1.2,0.76,1.6));
#15301 = CIRCLE('',#15302,4.E-02);
#15302 = AXIS2_PLACEMENT_3D('',#15303,#15304,#15305);
#15303 = CARTESIAN_POINT('',(1.2,0.76,1.56));
#15304 = DIRECTION('',(1.,0.,-0.));
#15305 = DIRECTION('',(0.,0.,1.));
#15306 = ORIENTED_EDGE('',*,*,#15307,.F.);
#15307 = EDGE_CURVE('',#15308,#15299,#15310,.T.);
#15308 = VERTEX_POINT('',#15309);
#15309 = CARTESIAN_POINT('',(1.2,-0.76,1.6));
#15310 = LINE('',#15311,#15312);
#15311 = CARTESIAN_POINT('',(1.2,-0.8,1.6));
#15312 = VECTOR('',#15313,1.);
#15313 = DIRECTION('',(0.,1.,0.));
#15314 = ORIENTED_EDGE('',*,*,#15315,.F.);
#15315 = EDGE_CURVE('',#15257,#15308,#15316,.T.);
#15316 = CIRCLE('',#15317,4.E-02);
#15317 = AXIS2_PLACEMENT_3D('',#15318,#15319,#15320);
#15318 = CARTESIAN_POINT('',(1.2,-0.76,1.56));
#15319 = DIRECTION('',(-1.,0.,0.));
#15320 = DIRECTION('',(0.,0.,1.));
#15321 = FACE_BOUND('',#15322,.F.);
#15322 = EDGE_LOOP('',(#15323,#15324,#15325,#15326,#15327,#15328,#15329,
    #15330));
#15323 = ORIENTED_EDGE('',*,*,#15067,.F.);
#15324 = ORIENTED_EDGE('',*,*,#15237,.T.);
#15325 = ORIENTED_EDGE('',*,*,#15220,.T.);
#15326 = ORIENTED_EDGE('',*,*,#15197,.T.);
#15327 = ORIENTED_EDGE('',*,*,#15172,.F.);
#15328 = ORIENTED_EDGE('',*,*,#15139,.F.);
#15329 = ORIENTED_EDGE('',*,*,#15122,.T.);
#15330 = ORIENTED_EDGE('',*,*,#15092,.F.);
#15331 = PLANE('',#15332);
#15332 = AXIS2_PLACEMENT_3D('',#15333,#15334,#15335);
#15333 = CARTESIAN_POINT('',(1.2,-0.8,0.));
#15334 = DIRECTION('',(1.,0.,0.));
#15335 = DIRECTION('',(0.,0.,1.));
#15336 = ADVANCED_FACE('',(#15337),#15362,.F.);
#15337 = FACE_BOUND('',#15338,.F.);
#15338 = EDGE_LOOP('',(#15339,#15349,#15355,#15356));
#15339 = ORIENTED_EDGE('',*,*,#15340,.F.);
#15340 = EDGE_CURVE('',#15341,#15343,#15345,.T.);
#15341 = VERTEX_POINT('',#15342);
#15342 = CARTESIAN_POINT('',(1.6,-0.8,4.E-02));
#15343 = VERTEX_POINT('',#15344);
#15344 = CARTESIAN_POINT('',(1.6,-0.8,1.56));
#15345 = LINE('',#15346,#15347);
#15346 = CARTESIAN_POINT('',(1.6,-0.8,0.));
#15347 = VECTOR('',#15348,1.);
#15348 = DIRECTION('',(0.,0.,1.));
#15349 = ORIENTED_EDGE('',*,*,#15350,.F.);
#15350 = EDGE_CURVE('',#15255,#15341,#15351,.T.);
#15351 = LINE('',#15352,#15353);
#15352 = CARTESIAN_POINT('',(1.2,-0.8,4.E-02));
#15353 = VECTOR('',#15354,1.);
#15354 = DIRECTION('',(1.,0.,0.));
#15355 = ORIENTED_EDGE('',*,*,#15254,.T.);
#15356 = ORIENTED_EDGE('',*,*,#15357,.T.);
#15357 = EDGE_CURVE('',#15257,#15343,#15358,.T.);
#15358 = LINE('',#15359,#15360);
#15359 = CARTESIAN_POINT('',(1.2,-0.8,1.56));
#15360 = VECTOR('',#15361,1.);
#15361 = DIRECTION('',(1.,0.,0.));
#15362 = PLANE('',#15363);
#15363 = AXIS2_PLACEMENT_3D('',#15364,#15365,#15366);
#15364 = CARTESIAN_POINT('',(1.2,-0.8,0.));
#15365 = DIRECTION('',(0.,1.,0.));
#15366 = DIRECTION('',(0.,-0.,1.));
#15367 = ADVANCED_FACE('',(#15368),#15387,.T.);
#15368 = FACE_BOUND('',#15369,.T.);
#15369 = EDGE_LOOP('',(#15370,#15371,#15379,#15386));
#15370 = ORIENTED_EDGE('',*,*,#15264,.T.);
#15371 = ORIENTED_EDGE('',*,*,#15372,.T.);
#15372 = EDGE_CURVE('',#15265,#15373,#15375,.T.);
#15373 = VERTEX_POINT('',#15374);
#15374 = CARTESIAN_POINT('',(1.6,-0.76,0.));
#15375 = LINE('',#15376,#15377);
#15376 = CARTESIAN_POINT('',(1.2,-0.76,0.));
#15377 = VECTOR('',#15378,1.);
#15378 = DIRECTION('',(1.,0.,0.));
#15379 = ORIENTED_EDGE('',*,*,#15380,.F.);
#15380 = EDGE_CURVE('',#15341,#15373,#15381,.T.);
#15381 = CIRCLE('',#15382,4.E-02);
#15382 = AXIS2_PLACEMENT_3D('',#15383,#15384,#15385);
#15383 = CARTESIAN_POINT('',(1.6,-0.76,4.E-02));
#15384 = DIRECTION('',(1.,0.,-0.));
#15385 = DIRECTION('',(0.,0.,1.));
#15386 = ORIENTED_EDGE('',*,*,#15350,.F.);
#15387 = CYLINDRICAL_SURFACE('',#15388,4.E-02);
#15388 = AXIS2_PLACEMENT_3D('',#15389,#15390,#15391);
#15389 = CARTESIAN_POINT('',(1.2,-0.76,4.E-02));
#15390 = DIRECTION('',(1.,0.,0.));
#15391 = DIRECTION('',(0.,-1.,0.));
#15392 = ADVANCED_FACE('',(#15393),#15412,.T.);
#15393 = FACE_BOUND('',#15394,.T.);
#15394 = EDGE_LOOP('',(#15395,#15396,#15405,#15411));
#15395 = ORIENTED_EDGE('',*,*,#15357,.T.);
#15396 = ORIENTED_EDGE('',*,*,#15397,.T.);
#15397 = EDGE_CURVE('',#15343,#15398,#15400,.T.);
#15398 = VERTEX_POINT('',#15399);
#15399 = CARTESIAN_POINT('',(1.6,-0.76,1.6));
#15400 = CIRCLE('',#15401,4.E-02);
#15401 = AXIS2_PLACEMENT_3D('',#15402,#15403,#15404);
#15402 = CARTESIAN_POINT('',(1.6,-0.76,1.56));
#15403 = DIRECTION('',(-1.,0.,0.));
#15404 = DIRECTION('',(0.,0.,1.));
#15405 = ORIENTED_EDGE('',*,*,#15406,.F.);
#15406 = EDGE_CURVE('',#15308,#15398,#15407,.T.);
#15407 = LINE('',#15408,#15409);
#15408 = CARTESIAN_POINT('',(1.2,-0.76,1.6));
#15409 = VECTOR('',#15410,1.);
#15410 = DIRECTION('',(1.,0.,0.));
#15411 = ORIENTED_EDGE('',*,*,#15315,.F.);
#15412 = CYLINDRICAL_SURFACE('',#15413,4.E-02);
#15413 = AXIS2_PLACEMENT_3D('',#15414,#15415,#15416);
#15414 = CARTESIAN_POINT('',(1.2,-0.76,1.56));
#15415 = DIRECTION('',(1.,0.,0.));
#15416 = DIRECTION('',(0.,-1.,0.));
#15417 = ADVANCED_FACE('',(#15418),#15436,.F.);
#15418 = FACE_BOUND('',#15419,.F.);
#15419 = EDGE_LOOP('',(#15420,#15421,#15422,#15430));
#15420 = ORIENTED_EDGE('',*,*,#15273,.F.);
#15421 = ORIENTED_EDGE('',*,*,#15372,.T.);
#15422 = ORIENTED_EDGE('',*,*,#15423,.T.);
#15423 = EDGE_CURVE('',#15373,#15424,#15426,.T.);
#15424 = VERTEX_POINT('',#15425);
#15425 = CARTESIAN_POINT('',(1.6,0.76,0.));
#15426 = LINE('',#15427,#15428);
#15427 = CARTESIAN_POINT('',(1.6,-0.8,0.));
#15428 = VECTOR('',#15429,1.);
#15429 = DIRECTION('',(0.,1.,0.));
#15430 = ORIENTED_EDGE('',*,*,#15431,.F.);
#15431 = EDGE_CURVE('',#15274,#15424,#15432,.T.);
#15432 = LINE('',#15433,#15434);
#15433 = CARTESIAN_POINT('',(1.2,0.76,0.));
#15434 = VECTOR('',#15435,1.);
#15435 = DIRECTION('',(1.,0.,0.));
#15436 = PLANE('',#15437);
#15437 = AXIS2_PLACEMENT_3D('',#15438,#15439,#15440);
#15438 = CARTESIAN_POINT('',(1.2,-0.8,0.));
#15439 = DIRECTION('',(0.,0.,1.));
#15440 = DIRECTION('',(1.,0.,-0.));
#15441 = ADVANCED_FACE('',(#15442),#15460,.T.);
#15442 = FACE_BOUND('',#15443,.T.);
#15443 = EDGE_LOOP('',(#15444,#15445,#15446,#15454));
#15444 = ORIENTED_EDGE('',*,*,#15307,.F.);
#15445 = ORIENTED_EDGE('',*,*,#15406,.T.);
#15446 = ORIENTED_EDGE('',*,*,#15447,.T.);
#15447 = EDGE_CURVE('',#15398,#15448,#15450,.T.);
#15448 = VERTEX_POINT('',#15449);
#15449 = CARTESIAN_POINT('',(1.6,0.76,1.6));
#15450 = LINE('',#15451,#15452);
#15451 = CARTESIAN_POINT('',(1.6,-0.8,1.6));
#15452 = VECTOR('',#15453,1.);
#15453 = DIRECTION('',(0.,1.,0.));
#15454 = ORIENTED_EDGE('',*,*,#15455,.F.);
#15455 = EDGE_CURVE('',#15299,#15448,#15456,.T.);
#15456 = LINE('',#15457,#15458);
#15457 = CARTESIAN_POINT('',(1.2,0.76,1.6));
#15458 = VECTOR('',#15459,1.);
#15459 = DIRECTION('',(1.,0.,0.));
#15460 = PLANE('',#15461);
#15461 = AXIS2_PLACEMENT_3D('',#15462,#15463,#15464);
#15462 = CARTESIAN_POINT('',(1.2,-0.8,1.6));
#15463 = DIRECTION('',(0.,0.,1.));
#15464 = DIRECTION('',(1.,0.,-0.));
#15465 = ADVANCED_FACE('',(#15466),#15485,.T.);
#15466 = FACE_BOUND('',#15467,.T.);
#15467 = EDGE_LOOP('',(#15468,#15476,#15483,#15484));
#15468 = ORIENTED_EDGE('',*,*,#15469,.T.);
#15469 = EDGE_CURVE('',#15282,#15470,#15472,.T.);
#15470 = VERTEX_POINT('',#15471);
#15471 = CARTESIAN_POINT('',(1.6,0.8,4.E-02));
#15472 = LINE('',#15473,#15474);
#15473 = CARTESIAN_POINT('',(1.2,0.8,4.E-02));
#15474 = VECTOR('',#15475,1.);
#15475 = DIRECTION('',(1.,0.,0.));
#15476 = ORIENTED_EDGE('',*,*,#15477,.T.);
#15477 = EDGE_CURVE('',#15470,#15424,#15478,.T.);
#15478 = CIRCLE('',#15479,4.E-02);
#15479 = AXIS2_PLACEMENT_3D('',#15480,#15481,#15482);
#15480 = CARTESIAN_POINT('',(1.6,0.76,4.E-02));
#15481 = DIRECTION('',(-1.,0.,0.));
#15482 = DIRECTION('',(0.,0.,1.));
#15483 = ORIENTED_EDGE('',*,*,#15431,.F.);
#15484 = ORIENTED_EDGE('',*,*,#15281,.F.);
#15485 = CYLINDRICAL_SURFACE('',#15486,4.E-02);
#15486 = AXIS2_PLACEMENT_3D('',#15487,#15488,#15489);
#15487 = CARTESIAN_POINT('',(1.2,0.76,4.E-02));
#15488 = DIRECTION('',(1.,0.,0.));
#15489 = DIRECTION('',(-0.,1.,0.));
#15490 = ADVANCED_FACE('',(#15491),#15510,.T.);
#15491 = FACE_BOUND('',#15492,.T.);
#15492 = EDGE_LOOP('',(#15493,#15494,#15495,#15504));
#15493 = ORIENTED_EDGE('',*,*,#15298,.T.);
#15494 = ORIENTED_EDGE('',*,*,#15455,.T.);
#15495 = ORIENTED_EDGE('',*,*,#15496,.F.);
#15496 = EDGE_CURVE('',#15497,#15448,#15499,.T.);
#15497 = VERTEX_POINT('',#15498);
#15498 = CARTESIAN_POINT('',(1.6,0.8,1.56));
#15499 = CIRCLE('',#15500,4.E-02);
#15500 = AXIS2_PLACEMENT_3D('',#15501,#15502,#15503);
#15501 = CARTESIAN_POINT('',(1.6,0.76,1.56));
#15502 = DIRECTION('',(1.,0.,-0.));
#15503 = DIRECTION('',(0.,0.,1.));
#15504 = ORIENTED_EDGE('',*,*,#15505,.F.);
#15505 = EDGE_CURVE('',#15291,#15497,#15506,.T.);
#15506 = LINE('',#15507,#15508);
#15507 = CARTESIAN_POINT('',(1.2,0.8,1.56));
#15508 = VECTOR('',#15509,1.);
#15509 = DIRECTION('',(1.,0.,0.));
#15510 = CYLINDRICAL_SURFACE('',#15511,4.E-02);
#15511 = AXIS2_PLACEMENT_3D('',#15512,#15513,#15514);
#15512 = CARTESIAN_POINT('',(1.2,0.76,1.56));
#15513 = DIRECTION('',(1.,0.,0.));
#15514 = DIRECTION('',(-0.,1.,0.));
#15515 = ADVANCED_FACE('',(#15516),#15527,.T.);
#15516 = FACE_BOUND('',#15517,.T.);
#15517 = EDGE_LOOP('',(#15518,#15524,#15525,#15526));
#15518 = ORIENTED_EDGE('',*,*,#15519,.F.);
#15519 = EDGE_CURVE('',#15470,#15497,#15520,.T.);
#15520 = LINE('',#15521,#15522);
#15521 = CARTESIAN_POINT('',(1.6,0.8,0.));
#15522 = VECTOR('',#15523,1.);
#15523 = DIRECTION('',(0.,0.,1.));
#15524 = ORIENTED_EDGE('',*,*,#15469,.F.);
#15525 = ORIENTED_EDGE('',*,*,#15290,.T.);
#15526 = ORIENTED_EDGE('',*,*,#15505,.T.);
#15527 = PLANE('',#15528);
#15528 = AXIS2_PLACEMENT_3D('',#15529,#15530,#15531);
#15529 = CARTESIAN_POINT('',(1.2,0.8,0.));
#15530 = DIRECTION('',(0.,1.,0.));
#15531 = DIRECTION('',(0.,-0.,1.));
#15532 = ADVANCED_FACE('',(#15533),#15543,.T.);
#15533 = FACE_BOUND('',#15534,.T.);
#15534 = EDGE_LOOP('',(#15535,#15536,#15537,#15538,#15539,#15540,#15541,
    #15542));
#15535 = ORIENTED_EDGE('',*,*,#15340,.F.);
#15536 = ORIENTED_EDGE('',*,*,#15380,.T.);
#15537 = ORIENTED_EDGE('',*,*,#15423,.T.);
#15538 = ORIENTED_EDGE('',*,*,#15477,.F.);
#15539 = ORIENTED_EDGE('',*,*,#15519,.T.);
#15540 = ORIENTED_EDGE('',*,*,#15496,.T.);
#15541 = ORIENTED_EDGE('',*,*,#15447,.F.);
#15542 = ORIENTED_EDGE('',*,*,#15397,.F.);
#15543 = PLANE('',#15544);
#15544 = AXIS2_PLACEMENT_3D('',#15545,#15546,#15547);
#15545 = CARTESIAN_POINT('',(1.6,-0.8,0.));
#15546 = DIRECTION('',(1.,0.,0.));
#15547 = DIRECTION('',(0.,0.,1.));
#15548 = ( GEOMETRIC_REPRESENTATION_CONTEXT(3) 
GLOBAL_UNCERTAINTY_ASSIGNED_CONTEXT((#15552)) 
GLOBAL_UNIT_ASSIGNED_CONTEXT((#15549,#15550,#15551)) 
REPRESENTATION_CONTEXT('Context #1',
  '3D Context with UNIT and UNCERTAINTY') );
#15549 = ( LENGTH_UNIT() NAMED_UNIT(*) SI_UNIT(.MILLI.,.METRE.) );
#15550 = ( NAMED_UNIT(*) PLANE_ANGLE_UNIT() SI_UNIT($,.RADIAN.) );
#15551 = ( NAMED_UNIT(*) SI_UNIT($,.STERADIAN.) SOLID_ANGLE_UNIT() );
#15552 = UNCERTAINTY_MEASURE_WITH_UNIT(LENGTH_MEASURE(1.E-07),#15549,
  'distance_accuracy_value','confusion accuracy');
#15553 = CONTEXT_DEPENDENT_SHAPE_REPRESENTATION(#15554,#15556);
#15554 = ( REPRESENTATION_RELATIONSHIP('','',#14693,#10) 
REPRESENTATION_RELATIONSHIP_WITH_TRANSFORMATION(#15555) 
SHAPE_REPRESENTATION_RELATIONSHIP() );
#15555 = ITEM_DEFINED_TRANSFORMATION('','',#11,#99);
#15556 = PRODUCT_DEFINITION_SHAPE('Placement','Placement of an item',
  #15557);
#15557 = NEXT_ASSEMBLY_USAGE_OCCURRENCE('22','C6','',#5,#14688,$);
#15558 = PRODUCT_RELATED_PRODUCT_CATEGORY('part',$,(#14690));
#15559 = CONTEXT_DEPENDENT_SHAPE_REPRESENTATION(#15560,#15562);
#15560 = ( REPRESENTATION_RELATIONSHIP('','',#168,#10) 
REPRESENTATION_RELATIONSHIP_WITH_TRANSFORMATION(#15561) 
SHAPE_REPRESENTATION_RELATIONSHIP() );
#15561 = ITEM_DEFINED_TRANSFORMATION('','',#11,#103);
#15562 = PRODUCT_DEFINITION_SHAPE('Placement','Placement of an item',
  #15563);
#15563 = NEXT_ASSEMBLY_USAGE_OCCURRENCE('23','R11','',#5,#163,$);
#15564 = CONTEXT_DEPENDENT_SHAPE_REPRESENTATION(#15565,#15567);
#15565 = ( REPRESENTATION_RELATIONSHIP('','',#14693,#10) 
REPRESENTATION_RELATIONSHIP_WITH_TRANSFORMATION(#15566) 
SHAPE_REPRESENTATION_RELATIONSHIP() );
#15566 = ITEM_DEFINED_TRANSFORMATION('','',#11,#107);
#15567 = PRODUCT_DEFINITION_SHAPE('Placement','Placement of an item',
  #15568);
#15568 = NEXT_ASSEMBLY_USAGE_OCCURRENCE('24','C8','',#5,#14688,$);
#15569 = CONTEXT_DEPENDENT_SHAPE_REPRESENTATION(#15570,#15572);
#15570 = ( REPRESENTATION_RELATIONSHIP('','',#168,#10) 
REPRESENTATION_RELATIONSHIP_WITH_TRANSFORMATION(#15571) 
SHAPE_REPRESENTATION_RELATIONSHIP() );
#15571 = ITEM_DEFINED_TRANSFORMATION('','',#11,#111);
#15572 = PRODUCT_DEFINITION_SHAPE('Placement','Placement of an item',
  #15573);
#15573 = NEXT_ASSEMBLY_USAGE_OCCURRENCE('25','R15','',#5,#163,$);
#15574 = CONTEXT_DEPENDENT_SHAPE_REPRESENTATION(#15575,#15577);
#15575 = ( REPRESENTATION_RELATIONSHIP('','',#2539,#10) 
REPRESENTATION_RELATIONSHIP_WITH_TRANSFORMATION(#15576) 
SHAPE_REPRESENTATION_RELATIONSHIP() );
#15576 = ITEM_DEFINED_TRANSFORMATION('','',#11,#115);
#15577 = PRODUCT_DEFINITION_SHAPE('Placement','Placement of an item',
  #15578);
#15578 = NEXT_ASSEMBLY_USAGE_OCCURRENCE('26','C1','',#5,#2534,$);
#15579 = CONTEXT_DEPENDENT_SHAPE_REPRESENTATION(#15580,#15582);
#15580 = ( REPRESENTATION_RELATIONSHIP('','',#168,#10) 
REPRESENTATION_RELATIONSHIP_WITH_TRANSFORMATION(#15581) 
SHAPE_REPRESENTATION_RELATIONSHIP() );
#15581 = ITEM_DEFINED_TRANSFORMATION('','',#11,#119);
#15582 = PRODUCT_DEFINITION_SHAPE('Placement','Placement of an item',
  #15583);
#15583 = NEXT_ASSEMBLY_USAGE_OCCURRENCE('27','R13','',#5,#163,$);
#15584 = CONTEXT_DEPENDENT_SHAPE_REPRESENTATION(#15585,#15587);
#15585 = ( REPRESENTATION_RELATIONSHIP('','',#3447,#10) 
REPRESENTATION_RELATIONSHIP_WITH_TRANSFORMATION(#15586) 
SHAPE_REPRESENTATION_RELATIONSHIP() );
#15586 = ITEM_DEFINED_TRANSFORMATION('','',#11,#123);
#15587 = PRODUCT_DEFINITION_SHAPE('Placement','Placement of an item',
  #15588);
#15588 = NEXT_ASSEMBLY_USAGE_OCCURRENCE('28','C7','',#5,#3442,$);
#15589 = CONTEXT_DEPENDENT_SHAPE_REPRESENTATION(#15590,#15592);
#15590 = ( REPRESENTATION_RELATIONSHIP('','',#168,#10) 
REPRESENTATION_RELATIONSHIP_WITH_TRANSFORMATION(#15591) 
SHAPE_REPRESENTATION_RELATIONSHIP() );
#15591 = ITEM_DEFINED_TRANSFORMATION('','',#11,#127);
#15592 = PRODUCT_DEFINITION_SHAPE('Placement','Placement of an item',
  #15593);
#15593 = NEXT_ASSEMBLY_USAGE_OCCURRENCE('29','R8','',#5,#163,$);
#15594 = CONTEXT_DEPENDENT_SHAPE_REPRESENTATION(#15595,#15597);
#15595 = ( REPRESENTATION_RELATIONSHIP('','',#168,#10) 
REPRESENTATION_RELATIONSHIP_WITH_TRANSFORMATION(#15596) 
SHAPE_REPRESENTATION_RELATIONSHIP() );
#15596 = ITEM_DEFINED_TRANSFORMATION('','',#11,#131);
#15597 = PRODUCT_DEFINITION_SHAPE('Placement','Placement of an item',
  #15598);
#15598 = NEXT_ASSEMBLY_USAGE_OCCURRENCE('30','R16','',#5,#163,$);
#15599 = CONTEXT_DEPENDENT_SHAPE_REPRESENTATION(#15600,#15602);
#15600 = ( REPRESENTATION_RELATIONSHIP('','',#168,#10) 
REPRESENTATION_RELATIONSHIP_WITH_TRANSFORMATION(#15601) 
SHAPE_REPRESENTATION_RELATIONSHIP() );
#15601 = ITEM_DEFINED_TRANSFORMATION('','',#11,#135);
#15602 = PRODUCT_DEFINITION_SHAPE('Placement','Placement of an item',
  #15603);
#15603 = NEXT_ASSEMBLY_USAGE_OCCURRENCE('31','R10','',#5,#163,$);
#15604 = CONTEXT_DEPENDENT_SHAPE_REPRESENTATION(#15605,#15607);
#15605 = ( REPRESENTATION_RELATIONSHIP('','',#987,#10) 
REPRESENTATION_RELATIONSHIP_WITH_TRANSFORMATION(#15606) 
SHAPE_REPRESENTATION_RELATIONSHIP() );
#15606 = ITEM_DEFINED_TRANSFORMATION('','',#11,#139);
#15607 = PRODUCT_DEFINITION_SHAPE('Placement','Placement of an item',
  #15608);
#15608 = NEXT_ASSEMBLY_USAGE_OCCURRENCE('32','D1','',#5,#982,$);
#15609 = CONTEXT_DEPENDENT_SHAPE_REPRESENTATION(#15610,#15612);
#15610 = ( REPRESENTATION_RELATIONSHIP('','',#3447,#10) 
REPRESENTATION_RELATIONSHIP_WITH_TRANSFORMATION(#15611) 
SHAPE_REPRESENTATION_RELATIONSHIP() );
#15611 = ITEM_DEFINED_TRANSFORMATION('','',#11,#143);
#15612 = PRODUCT_DEFINITION_SHAPE('Placement','Placement of an item',
  #15613);
#15613 = NEXT_ASSEMBLY_USAGE_OCCURRENCE('33','C12','',#5,#3442,$);
#15614 = SHAPE_DEFINITION_REPRESENTATION(#15615,#15621);
#15615 = PRODUCT_DEFINITION_SHAPE('','',#15616);
#15616 = PRODUCT_DEFINITION('design','',#15617,#15620);
#15617 = PRODUCT_DEFINITION_FORMATION('','',#15618);
#15618 = PRODUCT('PinSocket_1x02_P2.54mm_Vertical',
  'PinSocket_1x02_P2.54mm_Vertical','',(#15619));
#15619 = PRODUCT_CONTEXT('',#2,'mechanical');
#15620 = PRODUCT_DEFINITION_CONTEXT('part definition',#2,'design');
#15621 = ADVANCED_BREP_SHAPE_REPRESENTATION('',(#11,#15622),#17456);
#15622 = MANIFOLD_SOLID_BREP('',#15623);
#15623 = CLOSED_SHELL('',(#15624,#15664,#15727,#15790,#15807,#15892,
    #15914,#15931,#16080,#16092,#16104,#16135,#16159,#16183,#16200,
    #16231,#16255,#16279,#16296,#16313,#16360,#16377,#16424,#16441,
    #16488,#16505,#16552,#16583,#16639,#16663,#16712,#16743,#16799,
    #16823,#16872,#16889,#16906,#16923,#16940,#16952,#16969,#16986,
    #17003,#17020,#17032,#17049,#17066,#17115,#17139,#17181,#17198,
    #17215,#17232,#17281,#17305,#17347,#17364,#17381,#17398,#17410,
    #17427,#17444));
#15624 = ADVANCED_FACE('',(#15625),#15659,.F.);
#15625 = FACE_BOUND('',#15626,.F.);
#15626 = EDGE_LOOP('',(#15627,#15637,#15645,#15653));
#15627 = ORIENTED_EDGE('',*,*,#15628,.T.);
#15628 = EDGE_CURVE('',#15629,#15631,#15633,.T.);
#15629 = VERTEX_POINT('',#15630);
#15630 = CARTESIAN_POINT('',(1.27,-3.81,0.));
#15631 = VERTEX_POINT('',#15632);
#15632 = CARTESIAN_POINT('',(1.27,-3.81,8.5));
#15633 = LINE('',#15634,#15635);
#15634 = CARTESIAN_POINT('',(1.27,-3.81,0.));
#15635 = VECTOR('',#15636,1.);
#15636 = DIRECTION('',(0.,0.,1.));
#15637 = ORIENTED_EDGE('',*,*,#15638,.T.);
#15638 = EDGE_CURVE('',#15631,#15639,#15641,.T.);
#15639 = VERTEX_POINT('',#15640);
#15640 = CARTESIAN_POINT('',(1.27,1.27,8.5));
#15641 = LINE('',#15642,#15643);
#15642 = CARTESIAN_POINT('',(1.27,-3.81,8.5));
#15643 = VECTOR('',#15644,1.);
#15644 = DIRECTION('',(1.110223024625E-16,1.,0.));
#15645 = ORIENTED_EDGE('',*,*,#15646,.F.);
#15646 = EDGE_CURVE('',#15647,#15639,#15649,.T.);
#15647 = VERTEX_POINT('',#15648);
#15648 = CARTESIAN_POINT('',(1.27,1.27,0.));
#15649 = LINE('',#15650,#15651);
#15650 = CARTESIAN_POINT('',(1.27,1.27,0.));
#15651 = VECTOR('',#15652,1.);
#15652 = DIRECTION('',(0.,0.,1.));
#15653 = ORIENTED_EDGE('',*,*,#15654,.F.);
#15654 = EDGE_CURVE('',#15629,#15647,#15655,.T.);
#15655 = LINE('',#15656,#15657);
#15656 = CARTESIAN_POINT('',(1.27,-3.81,0.));
#15657 = VECTOR('',#15658,1.);
#15658 = DIRECTION('',(1.110223024625E-16,1.,0.));
#15659 = PLANE('',#15660);
#15660 = AXIS2_PLACEMENT_3D('',#15661,#15662,#15663);
#15661 = CARTESIAN_POINT('',(1.27,-3.81,0.));
#15662 = DIRECTION('',(-1.,1.110223024625E-16,0.));
#15663 = DIRECTION('',(1.110223024625E-16,1.,0.));
#15664 = ADVANCED_FACE('',(#15665),#15722,.F.);
#15665 = FACE_BOUND('',#15666,.F.);
#15666 = EDGE_LOOP('',(#15667,#15677,#15685,#15691,#15692,#15700,#15708,
    #15716));
#15667 = ORIENTED_EDGE('',*,*,#15668,.F.);
#15668 = EDGE_CURVE('',#15669,#15671,#15673,.T.);
#15669 = VERTEX_POINT('',#15670);
#15670 = CARTESIAN_POINT('',(-1.27,-3.81,0.));
#15671 = VERTEX_POINT('',#15672);
#15672 = CARTESIAN_POINT('',(-0.846666666667,-3.81,0.));
#15673 = LINE('',#15674,#15675);
#15674 = CARTESIAN_POINT('',(-1.27,-3.81,0.));
#15675 = VECTOR('',#15676,1.);
#15676 = DIRECTION('',(1.,-1.110223024625E-16,0.));
#15677 = ORIENTED_EDGE('',*,*,#15678,.T.);
#15678 = EDGE_CURVE('',#15669,#15679,#15681,.T.);
#15679 = VERTEX_POINT('',#15680);
#15680 = CARTESIAN_POINT('',(-1.27,-3.81,8.5));
#15681 = LINE('',#15682,#15683);
#15682 = CARTESIAN_POINT('',(-1.27,-3.81,0.));
#15683 = VECTOR('',#15684,1.);
#15684 = DIRECTION('',(0.,0.,1.));
#15685 = ORIENTED_EDGE('',*,*,#15686,.T.);
#15686 = EDGE_CURVE('',#15679,#15631,#15687,.T.);
#15687 = LINE('',#15688,#15689);
#15688 = CARTESIAN_POINT('',(-1.27,-3.81,8.5));
#15689 = VECTOR('',#15690,1.);
#15690 = DIRECTION('',(1.,-1.110223024625E-16,0.));
#15691 = ORIENTED_EDGE('',*,*,#15628,.F.);
#15692 = ORIENTED_EDGE('',*,*,#15693,.F.);
#15693 = EDGE_CURVE('',#15694,#15629,#15696,.T.);
#15694 = VERTEX_POINT('',#15695);
#15695 = CARTESIAN_POINT('',(0.846666666667,-3.81,0.));
#15696 = LINE('',#15697,#15698);
#15697 = CARTESIAN_POINT('',(-1.27,-3.81,0.));
#15698 = VECTOR('',#15699,1.);
#15699 = DIRECTION('',(1.,-1.110223024625E-16,0.));
#15700 = ORIENTED_EDGE('',*,*,#15701,.T.);
#15701 = EDGE_CURVE('',#15694,#15702,#15704,.T.);
#15702 = VERTEX_POINT('',#15703);
#15703 = CARTESIAN_POINT('',(0.846666666667,-3.81,0.2));
#15704 = LINE('',#15705,#15706);
#15705 = CARTESIAN_POINT('',(0.846666666667,-3.81,0.));
#15706 = VECTOR('',#15707,1.);
#15707 = DIRECTION('',(0.,0.,1.));
#15708 = ORIENTED_EDGE('',*,*,#15709,.F.);
#15709 = EDGE_CURVE('',#15710,#15702,#15712,.T.);
#15710 = VERTEX_POINT('',#15711);
#15711 = CARTESIAN_POINT('',(-0.846666666667,-3.81,0.2));
#15712 = LINE('',#15713,#15714);
#15713 = CARTESIAN_POINT('',(-0.846666666667,-3.81,0.2));
#15714 = VECTOR('',#15715,1.);
#15715 = DIRECTION('',(1.,-1.110223024625E-16,0.));
#15716 = ORIENTED_EDGE('',*,*,#15717,.F.);
#15717 = EDGE_CURVE('',#15671,#15710,#15718,.T.);
#15718 = LINE('',#15719,#15720);
#15719 = CARTESIAN_POINT('',(-0.846666666667,-3.81,0.));
#15720 = VECTOR('',#15721,1.);
#15721 = DIRECTION('',(0.,0.,1.));
#15722 = PLANE('',#15723);
#15723 = AXIS2_PLACEMENT_3D('',#15724,#15725,#15726);
#15724 = CARTESIAN_POINT('',(-1.27,-3.81,0.));
#15725 = DIRECTION('',(1.110223024625E-16,1.,0.));
#15726 = DIRECTION('',(1.,-1.110223024625E-16,0.));
#15727 = ADVANCED_FACE('',(#15728),#15785,.F.);
#15728 = FACE_BOUND('',#15729,.F.);
#15729 = EDGE_LOOP('',(#15730,#15738,#15739,#15747,#15755,#15763,#15771,
    #15779));
#15730 = ORIENTED_EDGE('',*,*,#15731,.F.);
#15731 = EDGE_CURVE('',#15647,#15732,#15734,.T.);
#15732 = VERTEX_POINT('',#15733);
#15733 = CARTESIAN_POINT('',(0.846666666667,1.27,0.));
#15734 = LINE('',#15735,#15736);
#15735 = CARTESIAN_POINT('',(1.27,1.27,0.));
#15736 = VECTOR('',#15737,1.);
#15737 = DIRECTION('',(-1.,1.110223024625E-16,0.));
#15738 = ORIENTED_EDGE('',*,*,#15646,.T.);
#15739 = ORIENTED_EDGE('',*,*,#15740,.T.);
#15740 = EDGE_CURVE('',#15639,#15741,#15743,.T.);
#15741 = VERTEX_POINT('',#15742);
#15742 = CARTESIAN_POINT('',(-1.27,1.27,8.5));
#15743 = LINE('',#15744,#15745);
#15744 = CARTESIAN_POINT('',(1.27,1.27,8.5));
#15745 = VECTOR('',#15746,1.);
#15746 = DIRECTION('',(-1.,1.110223024625E-16,0.));
#15747 = ORIENTED_EDGE('',*,*,#15748,.F.);
#15748 = EDGE_CURVE('',#15749,#15741,#15751,.T.);
#15749 = VERTEX_POINT('',#15750);
#15750 = CARTESIAN_POINT('',(-1.27,1.27,0.));
#15751 = LINE('',#15752,#15753);
#15752 = CARTESIAN_POINT('',(-1.27,1.27,0.));
#15753 = VECTOR('',#15754,1.);
#15754 = DIRECTION('',(0.,0.,1.));
#15755 = ORIENTED_EDGE('',*,*,#15756,.F.);
#15756 = EDGE_CURVE('',#15757,#15749,#15759,.T.);
#15757 = VERTEX_POINT('',#15758);
#15758 = CARTESIAN_POINT('',(-0.846666666667,1.27,0.));
#15759 = LINE('',#15760,#15761);
#15760 = CARTESIAN_POINT('',(1.27,1.27,0.));
#15761 = VECTOR('',#15762,1.);
#15762 = DIRECTION('',(-1.,1.110223024625E-16,0.));
#15763 = ORIENTED_EDGE('',*,*,#15764,.T.);
#15764 = EDGE_CURVE('',#15757,#15765,#15767,.T.);
#15765 = VERTEX_POINT('',#15766);
#15766 = CARTESIAN_POINT('',(-0.846666666667,1.27,0.2));
#15767 = LINE('',#15768,#15769);
#15768 = CARTESIAN_POINT('',(-0.846666666667,1.27,0.));
#15769 = VECTOR('',#15770,1.);
#15770 = DIRECTION('',(0.,0.,1.));
#15771 = ORIENTED_EDGE('',*,*,#15772,.F.);
#15772 = EDGE_CURVE('',#15773,#15765,#15775,.T.);
#15773 = VERTEX_POINT('',#15774);
#15774 = CARTESIAN_POINT('',(0.846666666667,1.27,0.2));
#15775 = LINE('',#15776,#15777);
#15776 = CARTESIAN_POINT('',(0.846666666667,1.27,0.2));
#15777 = VECTOR('',#15778,1.);
#15778 = DIRECTION('',(-1.,1.110223024625E-16,0.));
#15779 = ORIENTED_EDGE('',*,*,#15780,.F.);
#15780 = EDGE_CURVE('',#15732,#15773,#15781,.T.);
#15781 = LINE('',#15782,#15783);
#15782 = CARTESIAN_POINT('',(0.846666666667,1.27,0.));
#15783 = VECTOR('',#15784,1.);
#15784 = DIRECTION('',(0.,0.,1.));
#15785 = PLANE('',#15786);
#15786 = AXIS2_PLACEMENT_3D('',#15787,#15788,#15789);
#15787 = CARTESIAN_POINT('',(1.27,1.27,0.));
#15788 = DIRECTION('',(-1.110223024625E-16,-1.,0.));
#15789 = DIRECTION('',(-1.,1.110223024625E-16,0.));
#15790 = ADVANCED_FACE('',(#15791),#15802,.F.);
#15791 = FACE_BOUND('',#15792,.F.);
#15792 = EDGE_LOOP('',(#15793,#15794,#15795,#15796));
#15793 = ORIENTED_EDGE('',*,*,#15693,.T.);
#15794 = ORIENTED_EDGE('',*,*,#15654,.T.);
#15795 = ORIENTED_EDGE('',*,*,#15731,.T.);
#15796 = ORIENTED_EDGE('',*,*,#15797,.F.);
#15797 = EDGE_CURVE('',#15694,#15732,#15798,.T.);
#15798 = LINE('',#15799,#15800);
#15799 = CARTESIAN_POINT('',(0.846666666667,-3.81,0.));
#15800 = VECTOR('',#15801,1.);
#15801 = DIRECTION('',(1.110223024625E-16,1.,0.));
#15802 = PLANE('',#15803);
#15803 = AXIS2_PLACEMENT_3D('',#15804,#15805,#15806);
#15804 = CARTESIAN_POINT('',(-5.496332464693E-17,-1.27,0.));
#15805 = DIRECTION('',(0.,0.,1.));
#15806 = DIRECTION('',(1.110223024625E-16,1.,-0.));
#15807 = ADVANCED_FACE('',(#15808,#15819,#15853),#15887,.T.);
#15808 = FACE_BOUND('',#15809,.T.);
#15809 = EDGE_LOOP('',(#15810,#15811,#15812,#15818));
#15810 = ORIENTED_EDGE('',*,*,#15638,.T.);
#15811 = ORIENTED_EDGE('',*,*,#15740,.T.);
#15812 = ORIENTED_EDGE('',*,*,#15813,.T.);
#15813 = EDGE_CURVE('',#15741,#15679,#15814,.T.);
#15814 = LINE('',#15815,#15816);
#15815 = CARTESIAN_POINT('',(-1.27,1.27,8.5));
#15816 = VECTOR('',#15817,1.);
#15817 = DIRECTION('',(-1.110223024625E-16,-1.,0.));
#15818 = ORIENTED_EDGE('',*,*,#15686,.T.);
#15819 = FACE_BOUND('',#15820,.T.);
#15820 = EDGE_LOOP('',(#15821,#15831,#15839,#15847));
#15821 = ORIENTED_EDGE('',*,*,#15822,.F.);
#15822 = EDGE_CURVE('',#15823,#15825,#15827,.T.);
#15823 = VERTEX_POINT('',#15824);
#15824 = CARTESIAN_POINT('',(0.6,-3.14,8.5));
#15825 = VERTEX_POINT('',#15826);
#15826 = CARTESIAN_POINT('',(0.6,-1.94,8.5));
#15827 = LINE('',#15828,#15829);
#15828 = CARTESIAN_POINT('',(0.6,-3.14,8.5));
#15829 = VECTOR('',#15830,1.);
#15830 = DIRECTION('',(1.110223024625E-16,1.,0.));
#15831 = ORIENTED_EDGE('',*,*,#15832,.F.);
#15832 = EDGE_CURVE('',#15833,#15823,#15835,.T.);
#15833 = VERTEX_POINT('',#15834);
#15834 = CARTESIAN_POINT('',(-0.6,-3.14,8.5));
#15835 = LINE('',#15836,#15837);
#15836 = CARTESIAN_POINT('',(-0.6,-3.14,8.5));
#15837 = VECTOR('',#15838,1.);
#15838 = DIRECTION('',(1.,-1.110223024625E-16,0.));
#15839 = ORIENTED_EDGE('',*,*,#15840,.F.);
#15840 = EDGE_CURVE('',#15841,#15833,#15843,.T.);
#15841 = VERTEX_POINT('',#15842);
#15842 = CARTESIAN_POINT('',(-0.6,-1.94,8.5));
#15843 = LINE('',#15844,#15845);
#15844 = CARTESIAN_POINT('',(-0.6,-1.94,8.5));
#15845 = VECTOR('',#15846,1.);
#15846 = DIRECTION('',(-1.110223024625E-16,-1.,0.));
#15847 = ORIENTED_EDGE('',*,*,#15848,.F.);
#15848 = EDGE_CURVE('',#15825,#15841,#15849,.T.);
#15849 = LINE('',#15850,#15851);
#15850 = CARTESIAN_POINT('',(0.6,-1.94,8.5));
#15851 = VECTOR('',#15852,1.);
#15852 = DIRECTION('',(-1.,1.110223024625E-16,0.));
#15853 = FACE_BOUND('',#15854,.T.);
#15854 = EDGE_LOOP('',(#15855,#15865,#15873,#15881));
#15855 = ORIENTED_EDGE('',*,*,#15856,.F.);
#15856 = EDGE_CURVE('',#15857,#15859,#15861,.T.);
#15857 = VERTEX_POINT('',#15858);
#15858 = CARTESIAN_POINT('',(0.6,-0.6,8.5));
#15859 = VERTEX_POINT('',#15860);
#15860 = CARTESIAN_POINT('',(0.6,0.6,8.5));
#15861 = LINE('',#15862,#15863);
#15862 = CARTESIAN_POINT('',(0.6,-0.6,8.5));
#15863 = VECTOR('',#15864,1.);
#15864 = DIRECTION('',(1.110223024625E-16,1.,0.));
#15865 = ORIENTED_EDGE('',*,*,#15866,.F.);
#15866 = EDGE_CURVE('',#15867,#15857,#15869,.T.);
#15867 = VERTEX_POINT('',#15868);
#15868 = CARTESIAN_POINT('',(-0.6,-0.6,8.5));
#15869 = LINE('',#15870,#15871);
#15870 = CARTESIAN_POINT('',(-0.6,-0.6,8.5));
#15871 = VECTOR('',#15872,1.);
#15872 = DIRECTION('',(1.,-1.110223024625E-16,0.));
#15873 = ORIENTED_EDGE('',*,*,#15874,.F.);
#15874 = EDGE_CURVE('',#15875,#15867,#15877,.T.);
#15875 = VERTEX_POINT('',#15876);
#15876 = CARTESIAN_POINT('',(-0.6,0.6,8.5));
#15877 = LINE('',#15878,#15879);
#15878 = CARTESIAN_POINT('',(-0.6,0.6,8.5));
#15879 = VECTOR('',#15880,1.);
#15880 = DIRECTION('',(-1.110223024625E-16,-1.,0.));
#15881 = ORIENTED_EDGE('',*,*,#15882,.F.);
#15882 = EDGE_CURVE('',#15859,#15875,#15883,.T.);
#15883 = LINE('',#15884,#15885);
#15884 = CARTESIAN_POINT('',(0.6,0.6,8.5));
#15885 = VECTOR('',#15886,1.);
#15886 = DIRECTION('',(-1.,1.110223024625E-16,0.));
#15887 = PLANE('',#15888);
#15888 = AXIS2_PLACEMENT_3D('',#15889,#15890,#15891);
#15889 = CARTESIAN_POINT('',(-5.496332464693E-17,-1.27,8.5));
#15890 = DIRECTION('',(0.,0.,1.));
#15891 = DIRECTION('',(1.110223024625E-16,1.,-0.));
#15892 = ADVANCED_FACE('',(#15893),#15909,.F.);
#15893 = FACE_BOUND('',#15894,.F.);
#15894 = EDGE_LOOP('',(#15895,#15896,#15902,#15903));
#15895 = ORIENTED_EDGE('',*,*,#15668,.T.);
#15896 = ORIENTED_EDGE('',*,*,#15897,.F.);
#15897 = EDGE_CURVE('',#15757,#15671,#15898,.T.);
#15898 = LINE('',#15899,#15900);
#15899 = CARTESIAN_POINT('',(-0.846666666667,1.27,0.));
#15900 = VECTOR('',#15901,1.);
#15901 = DIRECTION('',(-1.110223024625E-16,-1.,0.));
#15902 = ORIENTED_EDGE('',*,*,#15756,.T.);
#15903 = ORIENTED_EDGE('',*,*,#15904,.T.);
#15904 = EDGE_CURVE('',#15749,#15669,#15905,.T.);
#15905 = LINE('',#15906,#15907);
#15906 = CARTESIAN_POINT('',(-1.27,1.27,0.));
#15907 = VECTOR('',#15908,1.);
#15908 = DIRECTION('',(-1.110223024625E-16,-1.,0.));
#15909 = PLANE('',#15910);
#15910 = AXIS2_PLACEMENT_3D('',#15911,#15912,#15913);
#15911 = CARTESIAN_POINT('',(-5.496332464693E-17,-1.27,0.));
#15912 = DIRECTION('',(0.,0.,1.));
#15913 = DIRECTION('',(1.110223024625E-16,1.,-0.));
#15914 = ADVANCED_FACE('',(#15915),#15926,.T.);
#15915 = FACE_BOUND('',#15916,.T.);
#15916 = EDGE_LOOP('',(#15917,#15918,#15924,#15925));
#15917 = ORIENTED_EDGE('',*,*,#15764,.T.);
#15918 = ORIENTED_EDGE('',*,*,#15919,.T.);
#15919 = EDGE_CURVE('',#15765,#15710,#15920,.T.);
#15920 = LINE('',#15921,#15922);
#15921 = CARTESIAN_POINT('',(-0.846666666667,1.27,0.2));
#15922 = VECTOR('',#15923,1.);
#15923 = DIRECTION('',(-1.110223024625E-16,-1.,0.));
#15924 = ORIENTED_EDGE('',*,*,#15717,.F.);
#15925 = ORIENTED_EDGE('',*,*,#15897,.F.);
#15926 = PLANE('',#15927);
#15927 = AXIS2_PLACEMENT_3D('',#15928,#15929,#15930);
#15928 = CARTESIAN_POINT('',(-0.846666666667,1.27,0.));
#15929 = DIRECTION('',(1.,-1.110223024625E-16,0.));
#15930 = DIRECTION('',(-1.110223024625E-16,-1.,0.));
#15931 = ADVANCED_FACE('',(#15932,#15943,#16009),#16075,.F.);
#15932 = FACE_BOUND('',#15933,.F.);
#15933 = EDGE_LOOP('',(#15934,#15940,#15941,#15942));
#15934 = ORIENTED_EDGE('',*,*,#15935,.T.);
#15935 = EDGE_CURVE('',#15702,#15773,#15936,.T.);
#15936 = LINE('',#15937,#15938);
#15937 = CARTESIAN_POINT('',(0.846666666667,-3.81,0.2));
#15938 = VECTOR('',#15939,1.);
#15939 = DIRECTION('',(1.110223024625E-16,1.,0.));
#15940 = ORIENTED_EDGE('',*,*,#15772,.T.);
#15941 = ORIENTED_EDGE('',*,*,#15919,.T.);
#15942 = ORIENTED_EDGE('',*,*,#15709,.T.);
#15943 = FACE_BOUND('',#15944,.F.);
#15944 = EDGE_LOOP('',(#15945,#15955,#15963,#15971,#15979,#15987,#15995,
    #16003));
#15945 = ORIENTED_EDGE('',*,*,#15946,.F.);
#15946 = EDGE_CURVE('',#15947,#15949,#15951,.T.);
#15947 = VERTEX_POINT('',#15948);
#15948 = CARTESIAN_POINT('',(-0.1,-2.99,0.2));
#15949 = VERTEX_POINT('',#15950);
#15950 = CARTESIAN_POINT('',(0.1,-2.99,0.2));
#15951 = LINE('',#15952,#15953);
#15952 = CARTESIAN_POINT('',(-0.1,-2.99,0.2));
#15953 = VECTOR('',#15954,1.);
#15954 = DIRECTION('',(1.,-1.110223024625E-16,0.));
#15955 = ORIENTED_EDGE('',*,*,#15956,.T.);
#15956 = EDGE_CURVE('',#15947,#15957,#15959,.T.);
#15957 = VERTEX_POINT('',#15958);
#15958 = CARTESIAN_POINT('',(-0.1,-2.84,0.2));
#15959 = LINE('',#15960,#15961);
#15960 = CARTESIAN_POINT('',(-0.1,-2.99,0.2));
#15961 = VECTOR('',#15962,1.);
#15962 = DIRECTION('',(1.110223024625E-16,1.,0.));
#15963 = ORIENTED_EDGE('',*,*,#15964,.F.);
#15964 = EDGE_CURVE('',#15965,#15957,#15967,.T.);
#15965 = VERTEX_POINT('',#15966);
#15966 = CARTESIAN_POINT('',(-0.1,-2.24,0.2));
#15967 = LINE('',#15968,#15969);
#15968 = CARTESIAN_POINT('',(-0.1,-1.905,0.2));
#15969 = VECTOR('',#15970,1.);
#15970 = DIRECTION('',(-1.110223024625E-16,-1.,0.));
#15971 = ORIENTED_EDGE('',*,*,#15972,.T.);
#15972 = EDGE_CURVE('',#15965,#15973,#15975,.T.);
#15973 = VERTEX_POINT('',#15974);
#15974 = CARTESIAN_POINT('',(-0.1,-2.09,0.2));
#15975 = LINE('',#15976,#15977);
#15976 = CARTESIAN_POINT('',(-0.1,-2.99,0.2));
#15977 = VECTOR('',#15978,1.);
#15978 = DIRECTION('',(1.110223024625E-16,1.,0.));
#15979 = ORIENTED_EDGE('',*,*,#15980,.T.);
#15980 = EDGE_CURVE('',#15973,#15981,#15983,.T.);
#15981 = VERTEX_POINT('',#15982);
#15982 = CARTESIAN_POINT('',(0.1,-2.09,0.2));
#15983 = LINE('',#15984,#15985);
#15984 = CARTESIAN_POINT('',(-0.1,-2.09,0.2));
#15985 = VECTOR('',#15986,1.);
#15986 = DIRECTION('',(1.,-1.110223024625E-16,0.));
#15987 = ORIENTED_EDGE('',*,*,#15988,.T.);
#15988 = EDGE_CURVE('',#15981,#15989,#15991,.T.);
#15989 = VERTEX_POINT('',#15990);
#15990 = CARTESIAN_POINT('',(0.1,-2.24,0.2));
#15991 = LINE('',#15992,#15993);
#15992 = CARTESIAN_POINT('',(0.1,-2.09,0.2));
#15993 = VECTOR('',#15994,1.);
#15994 = DIRECTION('',(-1.110223024625E-16,-1.,0.));
#15995 = ORIENTED_EDGE('',*,*,#15996,.T.);
#15996 = EDGE_CURVE('',#15989,#15997,#15999,.T.);
#15997 = VERTEX_POINT('',#15998);
#15998 = CARTESIAN_POINT('',(0.1,-2.84,0.2));
#15999 = LINE('',#16000,#16001);
#16000 = CARTESIAN_POINT('',(0.1,-1.905,0.2));
#16001 = VECTOR('',#16002,1.);
#16002 = DIRECTION('',(-1.110223024625E-16,-1.,0.));
#16003 = ORIENTED_EDGE('',*,*,#16004,.T.);
#16004 = EDGE_CURVE('',#15997,#15949,#16005,.T.);
#16005 = LINE('',#16006,#16007);
#16006 = CARTESIAN_POINT('',(0.1,-2.09,0.2));
#16007 = VECTOR('',#16008,1.);
#16008 = DIRECTION('',(-1.110223024625E-16,-1.,0.));
#16009 = FACE_BOUND('',#16010,.F.);
#16010 = EDGE_LOOP('',(#16011,#16021,#16029,#16037,#16045,#16053,#16061,
    #16069));
#16011 = ORIENTED_EDGE('',*,*,#16012,.F.);
#16012 = EDGE_CURVE('',#16013,#16015,#16017,.T.);
#16013 = VERTEX_POINT('',#16014);
#16014 = CARTESIAN_POINT('',(-0.1,-0.45,0.2));
#16015 = VERTEX_POINT('',#16016);
#16016 = CARTESIAN_POINT('',(0.1,-0.45,0.2));
#16017 = LINE('',#16018,#16019);
#16018 = CARTESIAN_POINT('',(-0.1,-0.45,0.2));
#16019 = VECTOR('',#16020,1.);
#16020 = DIRECTION('',(1.,-1.110223024625E-16,0.));
#16021 = ORIENTED_EDGE('',*,*,#16022,.T.);
#16022 = EDGE_CURVE('',#16013,#16023,#16025,.T.);
#16023 = VERTEX_POINT('',#16024);
#16024 = CARTESIAN_POINT('',(-0.1,-0.3,0.2));
#16025 = LINE('',#16026,#16027);
#16026 = CARTESIAN_POINT('',(-0.1,-0.45,0.2));
#16027 = VECTOR('',#16028,1.);
#16028 = DIRECTION('',(1.110223024625E-16,1.,0.));
#16029 = ORIENTED_EDGE('',*,*,#16030,.F.);
#16030 = EDGE_CURVE('',#16031,#16023,#16033,.T.);
#16031 = VERTEX_POINT('',#16032);
#16032 = CARTESIAN_POINT('',(-0.1,0.3,0.2));
#16033 = LINE('',#16034,#16035);
#16034 = CARTESIAN_POINT('',(-0.1,-0.635,0.2));
#16035 = VECTOR('',#16036,1.);
#16036 = DIRECTION('',(-1.110223024625E-16,-1.,0.));
#16037 = ORIENTED_EDGE('',*,*,#16038,.T.);
#16038 = EDGE_CURVE('',#16031,#16039,#16041,.T.);
#16039 = VERTEX_POINT('',#16040);
#16040 = CARTESIAN_POINT('',(-0.1,0.45,0.2));
#16041 = LINE('',#16042,#16043);
#16042 = CARTESIAN_POINT('',(-0.1,-0.45,0.2));
#16043 = VECTOR('',#16044,1.);
#16044 = DIRECTION('',(1.110223024625E-16,1.,0.));
#16045 = ORIENTED_EDGE('',*,*,#16046,.T.);
#16046 = EDGE_CURVE('',#16039,#16047,#16049,.T.);
#16047 = VERTEX_POINT('',#16048);
#16048 = CARTESIAN_POINT('',(0.1,0.45,0.2));
#16049 = LINE('',#16050,#16051);
#16050 = CARTESIAN_POINT('',(-0.1,0.45,0.2));
#16051 = VECTOR('',#16052,1.);
#16052 = DIRECTION('',(1.,-1.110223024625E-16,0.));
#16053 = ORIENTED_EDGE('',*,*,#16054,.T.);
#16054 = EDGE_CURVE('',#16047,#16055,#16057,.T.);
#16055 = VERTEX_POINT('',#16056);
#16056 = CARTESIAN_POINT('',(0.1,0.3,0.2));
#16057 = LINE('',#16058,#16059);
#16058 = CARTESIAN_POINT('',(0.1,0.45,0.2));
#16059 = VECTOR('',#16060,1.);
#16060 = DIRECTION('',(-1.110223024625E-16,-1.,0.));
#16061 = ORIENTED_EDGE('',*,*,#16062,.T.);
#16062 = EDGE_CURVE('',#16055,#16063,#16065,.T.);
#16063 = VERTEX_POINT('',#16064);
#16064 = CARTESIAN_POINT('',(0.1,-0.3,0.2));
#16065 = LINE('',#16066,#16067);
#16066 = CARTESIAN_POINT('',(0.1,-0.635,0.2));
#16067 = VECTOR('',#16068,1.);
#16068 = DIRECTION('',(-1.110223024625E-16,-1.,0.));
#16069 = ORIENTED_EDGE('',*,*,#16070,.T.);
#16070 = EDGE_CURVE('',#16063,#16015,#16071,.T.);
#16071 = LINE('',#16072,#16073);
#16072 = CARTESIAN_POINT('',(0.1,0.45,0.2));
#16073 = VECTOR('',#16074,1.);
#16074 = DIRECTION('',(-1.110223024625E-16,-1.,0.));
#16075 = PLANE('',#16076);
#16076 = AXIS2_PLACEMENT_3D('',#16077,#16078,#16079);
#16077 = CARTESIAN_POINT('',(-1.132427485118E-16,-1.27,0.2));
#16078 = DIRECTION('',(0.,0.,1.));
#16079 = DIRECTION('',(1.110223024625E-16,1.,-0.));
#16080 = ADVANCED_FACE('',(#16081),#16087,.T.);
#16081 = FACE_BOUND('',#16082,.T.);
#16082 = EDGE_LOOP('',(#16083,#16084,#16085,#16086));
#16083 = ORIENTED_EDGE('',*,*,#15701,.T.);
#16084 = ORIENTED_EDGE('',*,*,#15935,.T.);
#16085 = ORIENTED_EDGE('',*,*,#15780,.F.);
#16086 = ORIENTED_EDGE('',*,*,#15797,.F.);
#16087 = PLANE('',#16088);
#16088 = AXIS2_PLACEMENT_3D('',#16089,#16090,#16091);
#16089 = CARTESIAN_POINT('',(0.846666666667,-3.81,0.));
#16090 = DIRECTION('',(-1.,1.110223024625E-16,0.));
#16091 = DIRECTION('',(1.110223024625E-16,1.,0.));
#16092 = ADVANCED_FACE('',(#16093),#16099,.F.);
#16093 = FACE_BOUND('',#16094,.F.);
#16094 = EDGE_LOOP('',(#16095,#16096,#16097,#16098));
#16095 = ORIENTED_EDGE('',*,*,#15748,.T.);
#16096 = ORIENTED_EDGE('',*,*,#15813,.T.);
#16097 = ORIENTED_EDGE('',*,*,#15678,.F.);
#16098 = ORIENTED_EDGE('',*,*,#15904,.F.);
#16099 = PLANE('',#16100);
#16100 = AXIS2_PLACEMENT_3D('',#16101,#16102,#16103);
#16101 = CARTESIAN_POINT('',(-1.27,1.27,0.));
#16102 = DIRECTION('',(1.,-1.110223024625E-16,0.));
#16103 = DIRECTION('',(-1.110223024625E-16,-1.,0.));
#16104 = ADVANCED_FACE('',(#16105),#16130,.T.);
#16105 = FACE_BOUND('',#16106,.T.);
#16106 = EDGE_LOOP('',(#16107,#16115,#16116,#16124));
#16107 = ORIENTED_EDGE('',*,*,#16108,.F.);
#16108 = EDGE_CURVE('',#15823,#16109,#16111,.T.);
#16109 = VERTEX_POINT('',#16110);
#16110 = CARTESIAN_POINT('',(0.3,-2.84,8.2));
#16111 = LINE('',#16112,#16113);
#16112 = CARTESIAN_POINT('',(0.3,-2.84,8.2));
#16113 = VECTOR('',#16114,1.);
#16114 = DIRECTION('',(-0.57735026919,0.57735026919,-0.57735026919));
#16115 = ORIENTED_EDGE('',*,*,#15822,.T.);
#16116 = ORIENTED_EDGE('',*,*,#16117,.T.);
#16117 = EDGE_CURVE('',#15825,#16118,#16120,.T.);
#16118 = VERTEX_POINT('',#16119);
#16119 = CARTESIAN_POINT('',(0.3,-2.24,8.2));
#16120 = LINE('',#16121,#16122);
#16121 = CARTESIAN_POINT('',(0.3,-2.24,8.2));
#16122 = VECTOR('',#16123,1.);
#16123 = DIRECTION('',(-0.57735026919,-0.57735026919,-0.57735026919));
#16124 = ORIENTED_EDGE('',*,*,#16125,.F.);
#16125 = EDGE_CURVE('',#16109,#16118,#16126,.T.);
#16126 = LINE('',#16127,#16128);
#16127 = CARTESIAN_POINT('',(0.3,-3.14,8.2));
#16128 = VECTOR('',#16129,1.);
#16129 = DIRECTION('',(1.110223024625E-16,1.,0.));
#16130 = PLANE('',#16131);
#16131 = AXIS2_PLACEMENT_3D('',#16132,#16133,#16134);
#16132 = CARTESIAN_POINT('',(0.45,-3.14,8.35));
#16133 = DIRECTION('',(-0.707106781187,7.850462293414E-17,0.707106781187
    ));
#16134 = DIRECTION('',(1.110223024625E-16,1.,2.68018785873E-29));
#16135 = ADVANCED_FACE('',(#16136),#16154,.T.);
#16136 = FACE_BOUND('',#16137,.T.);
#16137 = EDGE_LOOP('',(#16138,#16139,#16140,#16148));
#16138 = ORIENTED_EDGE('',*,*,#16117,.F.);
#16139 = ORIENTED_EDGE('',*,*,#15848,.T.);
#16140 = ORIENTED_EDGE('',*,*,#16141,.T.);
#16141 = EDGE_CURVE('',#15841,#16142,#16144,.T.);
#16142 = VERTEX_POINT('',#16143);
#16143 = CARTESIAN_POINT('',(-0.3,-2.24,8.2));
#16144 = LINE('',#16145,#16146);
#16145 = CARTESIAN_POINT('',(-0.3,-2.24,8.2));
#16146 = VECTOR('',#16147,1.);
#16147 = DIRECTION('',(0.57735026919,-0.57735026919,-0.57735026919));
#16148 = ORIENTED_EDGE('',*,*,#16149,.F.);
#16149 = EDGE_CURVE('',#16118,#16142,#16150,.T.);
#16150 = LINE('',#16151,#16152);
#16151 = CARTESIAN_POINT('',(0.6,-2.24,8.2));
#16152 = VECTOR('',#16153,1.);
#16153 = DIRECTION('',(-1.,1.110223024625E-16,0.));
#16154 = PLANE('',#16155);
#16155 = AXIS2_PLACEMENT_3D('',#16156,#16157,#16158);
#16156 = CARTESIAN_POINT('',(0.6,-2.09,8.35));
#16157 = DIRECTION('',(-7.850462293414E-17,-0.707106781187,
    0.707106781187));
#16158 = DIRECTION('',(-1.,1.110223024625E-16,2.680187753847E-29));
#16159 = ADVANCED_FACE('',(#16160),#16178,.T.);
#16160 = FACE_BOUND('',#16161,.T.);
#16161 = EDGE_LOOP('',(#16162,#16163,#16164,#16172));
#16162 = ORIENTED_EDGE('',*,*,#16141,.F.);
#16163 = ORIENTED_EDGE('',*,*,#15840,.T.);
#16164 = ORIENTED_EDGE('',*,*,#16165,.T.);
#16165 = EDGE_CURVE('',#15833,#16166,#16168,.T.);
#16166 = VERTEX_POINT('',#16167);
#16167 = CARTESIAN_POINT('',(-0.3,-2.84,8.2));
#16168 = LINE('',#16169,#16170);
#16169 = CARTESIAN_POINT('',(-0.3,-2.84,8.2));
#16170 = VECTOR('',#16171,1.);
#16171 = DIRECTION('',(0.57735026919,0.57735026919,-0.57735026919));
#16172 = ORIENTED_EDGE('',*,*,#16173,.F.);
#16173 = EDGE_CURVE('',#16142,#16166,#16174,.T.);
#16174 = LINE('',#16175,#16176);
#16175 = CARTESIAN_POINT('',(-0.3,-1.94,8.2));
#16176 = VECTOR('',#16177,1.);
#16177 = DIRECTION('',(-1.110223024625E-16,-1.,0.));
#16178 = PLANE('',#16179);
#16179 = AXIS2_PLACEMENT_3D('',#16180,#16181,#16182);
#16180 = CARTESIAN_POINT('',(-0.45,-1.94,8.35));
#16181 = DIRECTION('',(0.707106781187,-7.850462293414E-17,0.707106781187
    ));
#16182 = DIRECTION('',(-1.110223024625E-16,-1.,2.68018785873E-29));
#16183 = ADVANCED_FACE('',(#16184),#16195,.T.);
#16184 = FACE_BOUND('',#16185,.T.);
#16185 = EDGE_LOOP('',(#16186,#16187,#16188,#16189));
#16186 = ORIENTED_EDGE('',*,*,#16165,.F.);
#16187 = ORIENTED_EDGE('',*,*,#15832,.T.);
#16188 = ORIENTED_EDGE('',*,*,#16108,.T.);
#16189 = ORIENTED_EDGE('',*,*,#16190,.F.);
#16190 = EDGE_CURVE('',#16166,#16109,#16191,.T.);
#16191 = LINE('',#16192,#16193);
#16192 = CARTESIAN_POINT('',(-0.6,-2.84,8.2));
#16193 = VECTOR('',#16194,1.);
#16194 = DIRECTION('',(1.,-1.110223024625E-16,0.));
#16195 = PLANE('',#16196);
#16196 = AXIS2_PLACEMENT_3D('',#16197,#16198,#16199);
#16197 = CARTESIAN_POINT('',(-0.6,-2.99,8.35));
#16198 = DIRECTION('',(7.850462293414E-17,0.707106781187,0.707106781187)
  );
#16199 = DIRECTION('',(1.,-1.110223024625E-16,2.680187753847E-29));
#16200 = ADVANCED_FACE('',(#16201),#16226,.T.);
#16201 = FACE_BOUND('',#16202,.T.);
#16202 = EDGE_LOOP('',(#16203,#16211,#16212,#16220));
#16203 = ORIENTED_EDGE('',*,*,#16204,.F.);
#16204 = EDGE_CURVE('',#15857,#16205,#16207,.T.);
#16205 = VERTEX_POINT('',#16206);
#16206 = CARTESIAN_POINT('',(0.3,-0.3,8.2));
#16207 = LINE('',#16208,#16209);
#16208 = CARTESIAN_POINT('',(0.3,-0.3,8.2));
#16209 = VECTOR('',#16210,1.);
#16210 = DIRECTION('',(-0.57735026919,0.57735026919,-0.57735026919));
#16211 = ORIENTED_EDGE('',*,*,#15856,.T.);
#16212 = ORIENTED_EDGE('',*,*,#16213,.T.);
#16213 = EDGE_CURVE('',#15859,#16214,#16216,.T.);
#16214 = VERTEX_POINT('',#16215);
#16215 = CARTESIAN_POINT('',(0.3,0.3,8.2));
#16216 = LINE('',#16217,#16218);
#16217 = CARTESIAN_POINT('',(0.3,0.3,8.2));
#16218 = VECTOR('',#16219,1.);
#16219 = DIRECTION('',(-0.57735026919,-0.57735026919,-0.57735026919));
#16220 = ORIENTED_EDGE('',*,*,#16221,.F.);
#16221 = EDGE_CURVE('',#16205,#16214,#16222,.T.);
#16222 = LINE('',#16223,#16224);
#16223 = CARTESIAN_POINT('',(0.3,-0.6,8.2));
#16224 = VECTOR('',#16225,1.);
#16225 = DIRECTION('',(1.110223024625E-16,1.,0.));
#16226 = PLANE('',#16227);
#16227 = AXIS2_PLACEMENT_3D('',#16228,#16229,#16230);
#16228 = CARTESIAN_POINT('',(0.45,-0.6,8.35));
#16229 = DIRECTION('',(-0.707106781187,7.850462293414E-17,0.707106781187
    ));
#16230 = DIRECTION('',(1.110223024625E-16,1.,2.68018785873E-29));
#16231 = ADVANCED_FACE('',(#16232),#16250,.T.);
#16232 = FACE_BOUND('',#16233,.T.);
#16233 = EDGE_LOOP('',(#16234,#16235,#16236,#16244));
#16234 = ORIENTED_EDGE('',*,*,#16213,.F.);
#16235 = ORIENTED_EDGE('',*,*,#15882,.T.);
#16236 = ORIENTED_EDGE('',*,*,#16237,.T.);
#16237 = EDGE_CURVE('',#15875,#16238,#16240,.T.);
#16238 = VERTEX_POINT('',#16239);
#16239 = CARTESIAN_POINT('',(-0.3,0.3,8.2));
#16240 = LINE('',#16241,#16242);
#16241 = CARTESIAN_POINT('',(-0.3,0.3,8.2));
#16242 = VECTOR('',#16243,1.);
#16243 = DIRECTION('',(0.57735026919,-0.57735026919,-0.57735026919));
#16244 = ORIENTED_EDGE('',*,*,#16245,.F.);
#16245 = EDGE_CURVE('',#16214,#16238,#16246,.T.);
#16246 = LINE('',#16247,#16248);
#16247 = CARTESIAN_POINT('',(0.6,0.3,8.2));
#16248 = VECTOR('',#16249,1.);
#16249 = DIRECTION('',(-1.,1.110223024625E-16,0.));
#16250 = PLANE('',#16251);
#16251 = AXIS2_PLACEMENT_3D('',#16252,#16253,#16254);
#16252 = CARTESIAN_POINT('',(0.6,0.45,8.35));
#16253 = DIRECTION('',(-7.850462293414E-17,-0.707106781187,
    0.707106781187));
#16254 = DIRECTION('',(-1.,1.110223024625E-16,2.680187753847E-29));
#16255 = ADVANCED_FACE('',(#16256),#16274,.T.);
#16256 = FACE_BOUND('',#16257,.T.);
#16257 = EDGE_LOOP('',(#16258,#16259,#16260,#16268));
#16258 = ORIENTED_EDGE('',*,*,#16237,.F.);
#16259 = ORIENTED_EDGE('',*,*,#15874,.T.);
#16260 = ORIENTED_EDGE('',*,*,#16261,.T.);
#16261 = EDGE_CURVE('',#15867,#16262,#16264,.T.);
#16262 = VERTEX_POINT('',#16263);
#16263 = CARTESIAN_POINT('',(-0.3,-0.3,8.2));
#16264 = LINE('',#16265,#16266);
#16265 = CARTESIAN_POINT('',(-0.3,-0.3,8.2));
#16266 = VECTOR('',#16267,1.);
#16267 = DIRECTION('',(0.57735026919,0.57735026919,-0.57735026919));
#16268 = ORIENTED_EDGE('',*,*,#16269,.F.);
#16269 = EDGE_CURVE('',#16238,#16262,#16270,.T.);
#16270 = LINE('',#16271,#16272);
#16271 = CARTESIAN_POINT('',(-0.3,0.6,8.2));
#16272 = VECTOR('',#16273,1.);
#16273 = DIRECTION('',(-1.110223024625E-16,-1.,0.));
#16274 = PLANE('',#16275);
#16275 = AXIS2_PLACEMENT_3D('',#16276,#16277,#16278);
#16276 = CARTESIAN_POINT('',(-0.45,0.6,8.35));
#16277 = DIRECTION('',(0.707106781187,-7.850462293414E-17,0.707106781187
    ));
#16278 = DIRECTION('',(-1.110223024625E-16,-1.,2.68018785873E-29));
#16279 = ADVANCED_FACE('',(#16280),#16291,.T.);
#16280 = FACE_BOUND('',#16281,.T.);
#16281 = EDGE_LOOP('',(#16282,#16283,#16284,#16285));
#16282 = ORIENTED_EDGE('',*,*,#16261,.F.);
#16283 = ORIENTED_EDGE('',*,*,#15866,.T.);
#16284 = ORIENTED_EDGE('',*,*,#16204,.T.);
#16285 = ORIENTED_EDGE('',*,*,#16286,.F.);
#16286 = EDGE_CURVE('',#16262,#16205,#16287,.T.);
#16287 = LINE('',#16288,#16289);
#16288 = CARTESIAN_POINT('',(-0.6,-0.3,8.2));
#16289 = VECTOR('',#16290,1.);
#16290 = DIRECTION('',(1.,-1.110223024625E-16,0.));
#16291 = PLANE('',#16292);
#16292 = AXIS2_PLACEMENT_3D('',#16293,#16294,#16295);
#16293 = CARTESIAN_POINT('',(-0.6,-0.45,8.35));
#16294 = DIRECTION('',(7.850462293414E-17,0.707106781187,0.707106781187)
  );
#16295 = DIRECTION('',(1.,-1.110223024625E-16,2.680187753847E-29));
#16296 = ADVANCED_FACE('',(#16297),#16308,.T.);
#16297 = FACE_BOUND('',#16298,.T.);
#16298 = EDGE_LOOP('',(#16299,#16300,#16301,#16307));
#16299 = ORIENTED_EDGE('',*,*,#15946,.F.);
#16300 = ORIENTED_EDGE('',*,*,#15956,.T.);
#16301 = ORIENTED_EDGE('',*,*,#16302,.T.);
#16302 = EDGE_CURVE('',#15957,#15997,#16303,.T.);
#16303 = LINE('',#16304,#16305);
#16304 = CARTESIAN_POINT('',(-0.1,-2.84,0.2));
#16305 = VECTOR('',#16306,1.);
#16306 = DIRECTION('',(1.,-1.110223024625E-16,0.));
#16307 = ORIENTED_EDGE('',*,*,#16004,.T.);
#16308 = PLANE('',#16309);
#16309 = AXIS2_PLACEMENT_3D('',#16310,#16311,#16312);
#16310 = CARTESIAN_POINT('',(-0.1,-2.84,0.2));
#16311 = DIRECTION('',(0.,-0.,-1.));
#16312 = DIRECTION('',(-1.110223024625E-16,-1.,0.));
#16313 = ADVANCED_FACE('',(#16314),#16355,.F.);
#16314 = FACE_BOUND('',#16315,.F.);
#16315 = EDGE_LOOP('',(#16316,#16324,#16325,#16333,#16341,#16349));
#16316 = ORIENTED_EDGE('',*,*,#16317,.T.);
#16317 = EDGE_CURVE('',#16318,#15997,#16320,.T.);
#16318 = VERTEX_POINT('',#16319);
#16319 = CARTESIAN_POINT('',(0.1,-2.84,-2.5));
#16320 = LINE('',#16321,#16322);
#16321 = CARTESIAN_POINT('',(0.1,-2.84,-2.5));
#16322 = VECTOR('',#16323,1.);
#16323 = DIRECTION('',(0.,0.,1.));
#16324 = ORIENTED_EDGE('',*,*,#15996,.F.);
#16325 = ORIENTED_EDGE('',*,*,#16326,.T.);
#16326 = EDGE_CURVE('',#15989,#16327,#16329,.T.);
#16327 = VERTEX_POINT('',#16328);
#16328 = CARTESIAN_POINT('',(0.1,-2.24,-2.5));
#16329 = LINE('',#16330,#16331);
#16330 = CARTESIAN_POINT('',(0.1,-2.24,0.2));
#16331 = VECTOR('',#16332,1.);
#16332 = DIRECTION('',(0.,0.,-1.));
#16333 = ORIENTED_EDGE('',*,*,#16334,.T.);
#16334 = EDGE_CURVE('',#16327,#16335,#16337,.T.);
#16335 = VERTEX_POINT('',#16336);
#16336 = CARTESIAN_POINT('',(0.1,-2.39,-3.1));
#16337 = LINE('',#16338,#16339);
#16338 = CARTESIAN_POINT('',(0.1,-2.24,-2.5));
#16339 = VECTOR('',#16340,1.);
#16340 = DIRECTION('',(-2.692686352073E-17,-0.242535625036,
    -0.970142500145));
#16341 = ORIENTED_EDGE('',*,*,#16342,.T.);
#16342 = EDGE_CURVE('',#16335,#16343,#16345,.T.);
#16343 = VERTEX_POINT('',#16344);
#16344 = CARTESIAN_POINT('',(0.1,-2.69,-3.1));
#16345 = LINE('',#16346,#16347);
#16346 = CARTESIAN_POINT('',(0.1,-2.39,-3.1));
#16347 = VECTOR('',#16348,1.);
#16348 = DIRECTION('',(-1.110223024625E-16,-1.,0.));
#16349 = ORIENTED_EDGE('',*,*,#16350,.T.);
#16350 = EDGE_CURVE('',#16343,#16318,#16351,.T.);
#16351 = LINE('',#16352,#16353);
#16352 = CARTESIAN_POINT('',(0.1,-2.69,-3.1));
#16353 = VECTOR('',#16354,1.);
#16354 = DIRECTION('',(-2.692686352073E-17,-0.242535625036,
    0.970142500145));
#16355 = PLANE('',#16356);
#16356 = AXIS2_PLACEMENT_3D('',#16357,#16358,#16359);
#16357 = CARTESIAN_POINT('',(0.1,-2.54,3.911477598424));
#16358 = DIRECTION('',(-1.,1.110223024625E-16,0.));
#16359 = DIRECTION('',(0.,0.,1.));
#16360 = ADVANCED_FACE('',(#16361),#16372,.T.);
#16361 = FACE_BOUND('',#16362,.T.);
#16362 = EDGE_LOOP('',(#16363,#16369,#16370,#16371));
#16363 = ORIENTED_EDGE('',*,*,#16364,.F.);
#16364 = EDGE_CURVE('',#15965,#15989,#16365,.T.);
#16365 = LINE('',#16366,#16367);
#16366 = CARTESIAN_POINT('',(-0.1,-2.24,0.2));
#16367 = VECTOR('',#16368,1.);
#16368 = DIRECTION('',(1.,-1.110223024625E-16,0.));
#16369 = ORIENTED_EDGE('',*,*,#15972,.T.);
#16370 = ORIENTED_EDGE('',*,*,#15980,.T.);
#16371 = ORIENTED_EDGE('',*,*,#15988,.T.);
#16372 = PLANE('',#16373);
#16373 = AXIS2_PLACEMENT_3D('',#16374,#16375,#16376);
#16374 = CARTESIAN_POINT('',(-0.1,-2.84,0.2));
#16375 = DIRECTION('',(0.,-0.,-1.));
#16376 = DIRECTION('',(-1.110223024625E-16,-1.,0.));
#16377 = ADVANCED_FACE('',(#16378),#16419,.T.);
#16378 = FACE_BOUND('',#16379,.T.);
#16379 = EDGE_LOOP('',(#16380,#16388,#16389,#16397,#16405,#16413));
#16380 = ORIENTED_EDGE('',*,*,#16381,.T.);
#16381 = EDGE_CURVE('',#16382,#15957,#16384,.T.);
#16382 = VERTEX_POINT('',#16383);
#16383 = CARTESIAN_POINT('',(-0.1,-2.84,-2.5));
#16384 = LINE('',#16385,#16386);
#16385 = CARTESIAN_POINT('',(-0.1,-2.84,-2.5));
#16386 = VECTOR('',#16387,1.);
#16387 = DIRECTION('',(0.,0.,1.));
#16388 = ORIENTED_EDGE('',*,*,#15964,.F.);
#16389 = ORIENTED_EDGE('',*,*,#16390,.T.);
#16390 = EDGE_CURVE('',#15965,#16391,#16393,.T.);
#16391 = VERTEX_POINT('',#16392);
#16392 = CARTESIAN_POINT('',(-0.1,-2.24,-2.5));
#16393 = LINE('',#16394,#16395);
#16394 = CARTESIAN_POINT('',(-0.1,-2.24,0.2));
#16395 = VECTOR('',#16396,1.);
#16396 = DIRECTION('',(0.,0.,-1.));
#16397 = ORIENTED_EDGE('',*,*,#16398,.T.);
#16398 = EDGE_CURVE('',#16391,#16399,#16401,.T.);
#16399 = VERTEX_POINT('',#16400);
#16400 = CARTESIAN_POINT('',(-0.1,-2.39,-3.1));
#16401 = LINE('',#16402,#16403);
#16402 = CARTESIAN_POINT('',(-0.1,-2.24,-2.5));
#16403 = VECTOR('',#16404,1.);
#16404 = DIRECTION('',(-2.692686352073E-17,-0.242535625036,
    -0.970142500145));
#16405 = ORIENTED_EDGE('',*,*,#16406,.F.);
#16406 = EDGE_CURVE('',#16407,#16399,#16409,.T.);
#16407 = VERTEX_POINT('',#16408);
#16408 = CARTESIAN_POINT('',(-0.1,-2.69,-3.1));
#16409 = LINE('',#16410,#16411);
#16410 = CARTESIAN_POINT('',(-0.1,-2.69,-3.1));
#16411 = VECTOR('',#16412,1.);
#16412 = DIRECTION('',(1.110223024625E-16,1.,0.));
#16413 = ORIENTED_EDGE('',*,*,#16414,.T.);
#16414 = EDGE_CURVE('',#16407,#16382,#16415,.T.);
#16415 = LINE('',#16416,#16417);
#16416 = CARTESIAN_POINT('',(-0.1,-2.69,-3.1));
#16417 = VECTOR('',#16418,1.);
#16418 = DIRECTION('',(-2.692686352073E-17,-0.242535625036,
    0.970142500145));
#16419 = PLANE('',#16420);
#16420 = AXIS2_PLACEMENT_3D('',#16421,#16422,#16423);
#16421 = CARTESIAN_POINT('',(-0.1,-2.54,3.911477598424));
#16422 = DIRECTION('',(-1.,1.110223024625E-16,0.));
#16423 = DIRECTION('',(0.,0.,1.));
#16424 = ADVANCED_FACE('',(#16425),#16436,.T.);
#16425 = FACE_BOUND('',#16426,.T.);
#16426 = EDGE_LOOP('',(#16427,#16428,#16429,#16435));
#16427 = ORIENTED_EDGE('',*,*,#16012,.F.);
#16428 = ORIENTED_EDGE('',*,*,#16022,.T.);
#16429 = ORIENTED_EDGE('',*,*,#16430,.T.);
#16430 = EDGE_CURVE('',#16023,#16063,#16431,.T.);
#16431 = LINE('',#16432,#16433);
#16432 = CARTESIAN_POINT('',(-0.1,-0.3,0.2));
#16433 = VECTOR('',#16434,1.);
#16434 = DIRECTION('',(1.,-1.110223024625E-16,0.));
#16435 = ORIENTED_EDGE('',*,*,#16070,.T.);
#16436 = PLANE('',#16437);
#16437 = AXIS2_PLACEMENT_3D('',#16438,#16439,#16440);
#16438 = CARTESIAN_POINT('',(-0.1,-0.3,0.2));
#16439 = DIRECTION('',(0.,-0.,-1.));
#16440 = DIRECTION('',(-1.110223024625E-16,-1.,0.));
#16441 = ADVANCED_FACE('',(#16442),#16483,.F.);
#16442 = FACE_BOUND('',#16443,.F.);
#16443 = EDGE_LOOP('',(#16444,#16452,#16453,#16461,#16469,#16477));
#16444 = ORIENTED_EDGE('',*,*,#16445,.T.);
#16445 = EDGE_CURVE('',#16446,#16063,#16448,.T.);
#16446 = VERTEX_POINT('',#16447);
#16447 = CARTESIAN_POINT('',(0.1,-0.3,-2.5));
#16448 = LINE('',#16449,#16450);
#16449 = CARTESIAN_POINT('',(0.1,-0.3,-2.5));
#16450 = VECTOR('',#16451,1.);
#16451 = DIRECTION('',(0.,0.,1.));
#16452 = ORIENTED_EDGE('',*,*,#16062,.F.);
#16453 = ORIENTED_EDGE('',*,*,#16454,.T.);
#16454 = EDGE_CURVE('',#16055,#16455,#16457,.T.);
#16455 = VERTEX_POINT('',#16456);
#16456 = CARTESIAN_POINT('',(0.1,0.3,-2.5));
#16457 = LINE('',#16458,#16459);
#16458 = CARTESIAN_POINT('',(0.1,0.3,0.2));
#16459 = VECTOR('',#16460,1.);
#16460 = DIRECTION('',(0.,0.,-1.));
#16461 = ORIENTED_EDGE('',*,*,#16462,.T.);
#16462 = EDGE_CURVE('',#16455,#16463,#16465,.T.);
#16463 = VERTEX_POINT('',#16464);
#16464 = CARTESIAN_POINT('',(0.1,0.15,-3.1));
#16465 = LINE('',#16466,#16467);
#16466 = CARTESIAN_POINT('',(0.1,0.3,-2.5));
#16467 = VECTOR('',#16468,1.);
#16468 = DIRECTION('',(-2.692686352073E-17,-0.242535625036,
    -0.970142500145));
#16469 = ORIENTED_EDGE('',*,*,#16470,.T.);
#16470 = EDGE_CURVE('',#16463,#16471,#16473,.T.);
#16471 = VERTEX_POINT('',#16472);
#16472 = CARTESIAN_POINT('',(0.1,-0.15,-3.1));
#16473 = LINE('',#16474,#16475);
#16474 = CARTESIAN_POINT('',(0.1,0.15,-3.1));
#16475 = VECTOR('',#16476,1.);
#16476 = DIRECTION('',(-1.110223024625E-16,-1.,0.));
#16477 = ORIENTED_EDGE('',*,*,#16478,.T.);
#16478 = EDGE_CURVE('',#16471,#16446,#16479,.T.);
#16479 = LINE('',#16480,#16481);
#16480 = CARTESIAN_POINT('',(0.1,-0.15,-3.1));
#16481 = VECTOR('',#16482,1.);
#16482 = DIRECTION('',(-2.692686352073E-17,-0.242535625036,
    0.970142500145));
#16483 = PLANE('',#16484);
#16484 = AXIS2_PLACEMENT_3D('',#16485,#16486,#16487);
#16485 = CARTESIAN_POINT('',(0.1,-1.110223024625E-17,3.911477598424));
#16486 = DIRECTION('',(-1.,1.110223024625E-16,0.));
#16487 = DIRECTION('',(0.,0.,1.));
#16488 = ADVANCED_FACE('',(#16489),#16500,.T.);
#16489 = FACE_BOUND('',#16490,.T.);
#16490 = EDGE_LOOP('',(#16491,#16497,#16498,#16499));
#16491 = ORIENTED_EDGE('',*,*,#16492,.F.);
#16492 = EDGE_CURVE('',#16031,#16055,#16493,.T.);
#16493 = LINE('',#16494,#16495);
#16494 = CARTESIAN_POINT('',(-0.1,0.3,0.2));
#16495 = VECTOR('',#16496,1.);
#16496 = DIRECTION('',(1.,-1.110223024625E-16,0.));
#16497 = ORIENTED_EDGE('',*,*,#16038,.T.);
#16498 = ORIENTED_EDGE('',*,*,#16046,.T.);
#16499 = ORIENTED_EDGE('',*,*,#16054,.T.);
#16500 = PLANE('',#16501);
#16501 = AXIS2_PLACEMENT_3D('',#16502,#16503,#16504);
#16502 = CARTESIAN_POINT('',(-0.1,-0.3,0.2));
#16503 = DIRECTION('',(0.,-0.,-1.));
#16504 = DIRECTION('',(-1.110223024625E-16,-1.,0.));
#16505 = ADVANCED_FACE('',(#16506),#16547,.T.);
#16506 = FACE_BOUND('',#16507,.T.);
#16507 = EDGE_LOOP('',(#16508,#16516,#16517,#16525,#16533,#16541));
#16508 = ORIENTED_EDGE('',*,*,#16509,.T.);
#16509 = EDGE_CURVE('',#16510,#16023,#16512,.T.);
#16510 = VERTEX_POINT('',#16511);
#16511 = CARTESIAN_POINT('',(-0.1,-0.3,-2.5));
#16512 = LINE('',#16513,#16514);
#16513 = CARTESIAN_POINT('',(-0.1,-0.3,-2.5));
#16514 = VECTOR('',#16515,1.);
#16515 = DIRECTION('',(0.,0.,1.));
#16516 = ORIENTED_EDGE('',*,*,#16030,.F.);
#16517 = ORIENTED_EDGE('',*,*,#16518,.T.);
#16518 = EDGE_CURVE('',#16031,#16519,#16521,.T.);
#16519 = VERTEX_POINT('',#16520);
#16520 = CARTESIAN_POINT('',(-0.1,0.3,-2.5));
#16521 = LINE('',#16522,#16523);
#16522 = CARTESIAN_POINT('',(-0.1,0.3,0.2));
#16523 = VECTOR('',#16524,1.);
#16524 = DIRECTION('',(0.,0.,-1.));
#16525 = ORIENTED_EDGE('',*,*,#16526,.T.);
#16526 = EDGE_CURVE('',#16519,#16527,#16529,.T.);
#16527 = VERTEX_POINT('',#16528);
#16528 = CARTESIAN_POINT('',(-0.1,0.15,-3.1));
#16529 = LINE('',#16530,#16531);
#16530 = CARTESIAN_POINT('',(-0.1,0.3,-2.5));
#16531 = VECTOR('',#16532,1.);
#16532 = DIRECTION('',(-2.692686352073E-17,-0.242535625036,
    -0.970142500145));
#16533 = ORIENTED_EDGE('',*,*,#16534,.F.);
#16534 = EDGE_CURVE('',#16535,#16527,#16537,.T.);
#16535 = VERTEX_POINT('',#16536);
#16536 = CARTESIAN_POINT('',(-0.1,-0.15,-3.1));
#16537 = LINE('',#16538,#16539);
#16538 = CARTESIAN_POINT('',(-0.1,-0.15,-3.1));
#16539 = VECTOR('',#16540,1.);
#16540 = DIRECTION('',(1.110223024625E-16,1.,0.));
#16541 = ORIENTED_EDGE('',*,*,#16542,.T.);
#16542 = EDGE_CURVE('',#16535,#16510,#16543,.T.);
#16543 = LINE('',#16544,#16545);
#16544 = CARTESIAN_POINT('',(-0.1,-0.15,-3.1));
#16545 = VECTOR('',#16546,1.);
#16546 = DIRECTION('',(-2.692686352073E-17,-0.242535625036,
    0.970142500145));
#16547 = PLANE('',#16548);
#16548 = AXIS2_PLACEMENT_3D('',#16549,#16550,#16551);
#16549 = CARTESIAN_POINT('',(-0.1,1.110223024625E-17,3.911477598424));
#16550 = DIRECTION('',(-1.,1.110223024625E-16,0.));
#16551 = DIRECTION('',(0.,0.,1.));
#16552 = ADVANCED_FACE('',(#16553),#16578,.F.);
#16553 = FACE_BOUND('',#16554,.F.);
#16554 = EDGE_LOOP('',(#16555,#16563,#16571,#16577));
#16555 = ORIENTED_EDGE('',*,*,#16556,.T.);
#16556 = EDGE_CURVE('',#16109,#16557,#16559,.T.);
#16557 = VERTEX_POINT('',#16558);
#16558 = CARTESIAN_POINT('',(0.3,-2.84,0.9));
#16559 = LINE('',#16560,#16561);
#16560 = CARTESIAN_POINT('',(0.3,-2.84,8.2));
#16561 = VECTOR('',#16562,1.);
#16562 = DIRECTION('',(0.,-0.,-1.));
#16563 = ORIENTED_EDGE('',*,*,#16564,.T.);
#16564 = EDGE_CURVE('',#16557,#16565,#16567,.T.);
#16565 = VERTEX_POINT('',#16566);
#16566 = CARTESIAN_POINT('',(0.3,-2.24,0.9));
#16567 = LINE('',#16568,#16569);
#16568 = CARTESIAN_POINT('',(0.3,-2.84,0.9));
#16569 = VECTOR('',#16570,1.);
#16570 = DIRECTION('',(1.110223024625E-16,1.,0.));
#16571 = ORIENTED_EDGE('',*,*,#16572,.F.);
#16572 = EDGE_CURVE('',#16118,#16565,#16573,.T.);
#16573 = LINE('',#16574,#16575);
#16574 = CARTESIAN_POINT('',(0.3,-2.24,8.2));
#16575 = VECTOR('',#16576,1.);
#16576 = DIRECTION('',(0.,-0.,-1.));
#16577 = ORIENTED_EDGE('',*,*,#16125,.F.);
#16578 = PLANE('',#16579);
#16579 = AXIS2_PLACEMENT_3D('',#16580,#16581,#16582);
#16580 = CARTESIAN_POINT('',(0.3,-2.84,8.2));
#16581 = DIRECTION('',(1.,-1.110223024625E-16,0.));
#16582 = DIRECTION('',(1.110223024625E-16,1.,0.));
#16583 = ADVANCED_FACE('',(#16584),#16634,.F.);
#16584 = FACE_BOUND('',#16585,.F.);
#16585 = EDGE_LOOP('',(#16586,#16587,#16588,#16596,#16604,#16612,#16620,
    #16628));
#16586 = ORIENTED_EDGE('',*,*,#16149,.F.);
#16587 = ORIENTED_EDGE('',*,*,#16572,.T.);
#16588 = ORIENTED_EDGE('',*,*,#16589,.T.);
#16589 = EDGE_CURVE('',#16565,#16590,#16592,.T.);
#16590 = VERTEX_POINT('',#16591);
#16591 = CARTESIAN_POINT('',(0.1,-2.24,0.9));
#16592 = LINE('',#16593,#16594);
#16593 = CARTESIAN_POINT('',(0.3,-2.24,0.9));
#16594 = VECTOR('',#16595,1.);
#16595 = DIRECTION('',(-1.,1.110223024625E-16,0.));
#16596 = ORIENTED_EDGE('',*,*,#16597,.T.);
#16597 = EDGE_CURVE('',#16590,#16598,#16600,.T.);
#16598 = VERTEX_POINT('',#16599);
#16599 = CARTESIAN_POINT('',(0.1,-2.24,7.4));
#16600 = LINE('',#16601,#16602);
#16601 = CARTESIAN_POINT('',(0.1,-2.24,6.055738799212));
#16602 = VECTOR('',#16603,1.);
#16603 = DIRECTION('',(0.,-0.,1.));
#16604 = ORIENTED_EDGE('',*,*,#16605,.F.);
#16605 = EDGE_CURVE('',#16606,#16598,#16608,.T.);
#16606 = VERTEX_POINT('',#16607);
#16607 = CARTESIAN_POINT('',(-0.1,-2.24,7.4));
#16608 = LINE('',#16609,#16610);
#16609 = CARTESIAN_POINT('',(-0.1,-2.24,7.4));
#16610 = VECTOR('',#16611,1.);
#16611 = DIRECTION('',(1.,-1.110223024625E-16,0.));
#16612 = ORIENTED_EDGE('',*,*,#16613,.F.);
#16613 = EDGE_CURVE('',#16614,#16606,#16616,.T.);
#16614 = VERTEX_POINT('',#16615);
#16615 = CARTESIAN_POINT('',(-0.1,-2.24,0.9));
#16616 = LINE('',#16617,#16618);
#16617 = CARTESIAN_POINT('',(-0.1,-2.24,6.055738799212));
#16618 = VECTOR('',#16619,1.);
#16619 = DIRECTION('',(0.,-0.,1.));
#16620 = ORIENTED_EDGE('',*,*,#16621,.T.);
#16621 = EDGE_CURVE('',#16614,#16622,#16624,.T.);
#16622 = VERTEX_POINT('',#16623);
#16623 = CARTESIAN_POINT('',(-0.3,-2.24,0.9));
#16624 = LINE('',#16625,#16626);
#16625 = CARTESIAN_POINT('',(0.3,-2.24,0.9));
#16626 = VECTOR('',#16627,1.);
#16627 = DIRECTION('',(-1.,1.110223024625E-16,0.));
#16628 = ORIENTED_EDGE('',*,*,#16629,.F.);
#16629 = EDGE_CURVE('',#16142,#16622,#16630,.T.);
#16630 = LINE('',#16631,#16632);
#16631 = CARTESIAN_POINT('',(-0.3,-2.24,8.2));
#16632 = VECTOR('',#16633,1.);
#16633 = DIRECTION('',(0.,-0.,-1.));
#16634 = PLANE('',#16635);
#16635 = AXIS2_PLACEMENT_3D('',#16636,#16637,#16638);
#16636 = CARTESIAN_POINT('',(0.3,-2.24,8.2));
#16637 = DIRECTION('',(1.110223024625E-16,1.,0.));
#16638 = DIRECTION('',(-1.,1.110223024625E-16,0.));
#16639 = ADVANCED_FACE('',(#16640),#16658,.F.);
#16640 = FACE_BOUND('',#16641,.F.);
#16641 = EDGE_LOOP('',(#16642,#16643,#16651,#16657));
#16642 = ORIENTED_EDGE('',*,*,#16629,.T.);
#16643 = ORIENTED_EDGE('',*,*,#16644,.T.);
#16644 = EDGE_CURVE('',#16622,#16645,#16647,.T.);
#16645 = VERTEX_POINT('',#16646);
#16646 = CARTESIAN_POINT('',(-0.3,-2.84,0.9));
#16647 = LINE('',#16648,#16649);
#16648 = CARTESIAN_POINT('',(-0.3,-2.24,0.9));
#16649 = VECTOR('',#16650,1.);
#16650 = DIRECTION('',(-1.110223024625E-16,-1.,0.));
#16651 = ORIENTED_EDGE('',*,*,#16652,.F.);
#16652 = EDGE_CURVE('',#16166,#16645,#16653,.T.);
#16653 = LINE('',#16654,#16655);
#16654 = CARTESIAN_POINT('',(-0.3,-2.84,8.2));
#16655 = VECTOR('',#16656,1.);
#16656 = DIRECTION('',(0.,-0.,-1.));
#16657 = ORIENTED_EDGE('',*,*,#16173,.F.);
#16658 = PLANE('',#16659);
#16659 = AXIS2_PLACEMENT_3D('',#16660,#16661,#16662);
#16660 = CARTESIAN_POINT('',(-0.3,-2.24,8.2));
#16661 = DIRECTION('',(-1.,1.110223024625E-16,0.));
#16662 = DIRECTION('',(-1.110223024625E-16,-1.,0.));
#16663 = ADVANCED_FACE('',(#16664),#16707,.F.);
#16664 = FACE_BOUND('',#16665,.F.);
#16665 = EDGE_LOOP('',(#16666,#16667,#16668,#16676,#16684,#16692,#16700,
    #16706));
#16666 = ORIENTED_EDGE('',*,*,#16190,.F.);
#16667 = ORIENTED_EDGE('',*,*,#16652,.T.);
#16668 = ORIENTED_EDGE('',*,*,#16669,.T.);
#16669 = EDGE_CURVE('',#16645,#16670,#16672,.T.);
#16670 = VERTEX_POINT('',#16671);
#16671 = CARTESIAN_POINT('',(-0.1,-2.84,0.9));
#16672 = LINE('',#16673,#16674);
#16673 = CARTESIAN_POINT('',(-0.3,-2.84,0.9));
#16674 = VECTOR('',#16675,1.);
#16675 = DIRECTION('',(1.,-1.110223024625E-16,0.));
#16676 = ORIENTED_EDGE('',*,*,#16677,.F.);
#16677 = EDGE_CURVE('',#16678,#16670,#16680,.T.);
#16678 = VERTEX_POINT('',#16679);
#16679 = CARTESIAN_POINT('',(-0.1,-2.84,7.4));
#16680 = LINE('',#16681,#16682);
#16681 = CARTESIAN_POINT('',(-0.1,-2.84,6.055738799212));
#16682 = VECTOR('',#16683,1.);
#16683 = DIRECTION('',(-0.,0.,-1.));
#16684 = ORIENTED_EDGE('',*,*,#16685,.T.);
#16685 = EDGE_CURVE('',#16678,#16686,#16688,.T.);
#16686 = VERTEX_POINT('',#16687);
#16687 = CARTESIAN_POINT('',(0.1,-2.84,7.4));
#16688 = LINE('',#16689,#16690);
#16689 = CARTESIAN_POINT('',(-0.1,-2.84,7.4));
#16690 = VECTOR('',#16691,1.);
#16691 = DIRECTION('',(1.,-1.110223024625E-16,0.));
#16692 = ORIENTED_EDGE('',*,*,#16693,.T.);
#16693 = EDGE_CURVE('',#16686,#16694,#16696,.T.);
#16694 = VERTEX_POINT('',#16695);
#16695 = CARTESIAN_POINT('',(0.1,-2.84,0.9));
#16696 = LINE('',#16697,#16698);
#16697 = CARTESIAN_POINT('',(0.1,-2.84,6.055738799212));
#16698 = VECTOR('',#16699,1.);
#16699 = DIRECTION('',(-0.,0.,-1.));
#16700 = ORIENTED_EDGE('',*,*,#16701,.T.);
#16701 = EDGE_CURVE('',#16694,#16557,#16702,.T.);
#16702 = LINE('',#16703,#16704);
#16703 = CARTESIAN_POINT('',(-0.3,-2.84,0.9));
#16704 = VECTOR('',#16705,1.);
#16705 = DIRECTION('',(1.,-1.110223024625E-16,0.));
#16706 = ORIENTED_EDGE('',*,*,#16556,.F.);
#16707 = PLANE('',#16708);
#16708 = AXIS2_PLACEMENT_3D('',#16709,#16710,#16711);
#16709 = CARTESIAN_POINT('',(-0.3,-2.84,8.2));
#16710 = DIRECTION('',(-1.110223024625E-16,-1.,0.));
#16711 = DIRECTION('',(1.,-1.110223024625E-16,0.));
#16712 = ADVANCED_FACE('',(#16713),#16738,.F.);
#16713 = FACE_BOUND('',#16714,.F.);
#16714 = EDGE_LOOP('',(#16715,#16723,#16731,#16737));
#16715 = ORIENTED_EDGE('',*,*,#16716,.T.);
#16716 = EDGE_CURVE('',#16205,#16717,#16719,.T.);
#16717 = VERTEX_POINT('',#16718);
#16718 = CARTESIAN_POINT('',(0.3,-0.3,0.9));
#16719 = LINE('',#16720,#16721);
#16720 = CARTESIAN_POINT('',(0.3,-0.3,8.2));
#16721 = VECTOR('',#16722,1.);
#16722 = DIRECTION('',(0.,-0.,-1.));
#16723 = ORIENTED_EDGE('',*,*,#16724,.T.);
#16724 = EDGE_CURVE('',#16717,#16725,#16727,.T.);
#16725 = VERTEX_POINT('',#16726);
#16726 = CARTESIAN_POINT('',(0.3,0.3,0.9));
#16727 = LINE('',#16728,#16729);
#16728 = CARTESIAN_POINT('',(0.3,-0.3,0.9));
#16729 = VECTOR('',#16730,1.);
#16730 = DIRECTION('',(1.110223024625E-16,1.,0.));
#16731 = ORIENTED_EDGE('',*,*,#16732,.F.);
#16732 = EDGE_CURVE('',#16214,#16725,#16733,.T.);
#16733 = LINE('',#16734,#16735);
#16734 = CARTESIAN_POINT('',(0.3,0.3,8.2));
#16735 = VECTOR('',#16736,1.);
#16736 = DIRECTION('',(0.,-0.,-1.));
#16737 = ORIENTED_EDGE('',*,*,#16221,.F.);
#16738 = PLANE('',#16739);
#16739 = AXIS2_PLACEMENT_3D('',#16740,#16741,#16742);
#16740 = CARTESIAN_POINT('',(0.3,-0.3,8.2));
#16741 = DIRECTION('',(1.,-1.110223024625E-16,0.));
#16742 = DIRECTION('',(1.110223024625E-16,1.,0.));
#16743 = ADVANCED_FACE('',(#16744),#16794,.F.);
#16744 = FACE_BOUND('',#16745,.F.);
#16745 = EDGE_LOOP('',(#16746,#16747,#16748,#16756,#16764,#16772,#16780,
    #16788));
#16746 = ORIENTED_EDGE('',*,*,#16245,.F.);
#16747 = ORIENTED_EDGE('',*,*,#16732,.T.);
#16748 = ORIENTED_EDGE('',*,*,#16749,.T.);
#16749 = EDGE_CURVE('',#16725,#16750,#16752,.T.);
#16750 = VERTEX_POINT('',#16751);
#16751 = CARTESIAN_POINT('',(0.1,0.3,0.9));
#16752 = LINE('',#16753,#16754);
#16753 = CARTESIAN_POINT('',(0.3,0.3,0.9));
#16754 = VECTOR('',#16755,1.);
#16755 = DIRECTION('',(-1.,1.110223024625E-16,0.));
#16756 = ORIENTED_EDGE('',*,*,#16757,.T.);
#16757 = EDGE_CURVE('',#16750,#16758,#16760,.T.);
#16758 = VERTEX_POINT('',#16759);
#16759 = CARTESIAN_POINT('',(0.1,0.3,7.4));
#16760 = LINE('',#16761,#16762);
#16761 = CARTESIAN_POINT('',(0.1,0.3,6.055738799212));
#16762 = VECTOR('',#16763,1.);
#16763 = DIRECTION('',(0.,-0.,1.));
#16764 = ORIENTED_EDGE('',*,*,#16765,.F.);
#16765 = EDGE_CURVE('',#16766,#16758,#16768,.T.);
#16766 = VERTEX_POINT('',#16767);
#16767 = CARTESIAN_POINT('',(-0.1,0.3,7.4));
#16768 = LINE('',#16769,#16770);
#16769 = CARTESIAN_POINT('',(-0.1,0.3,7.4));
#16770 = VECTOR('',#16771,1.);
#16771 = DIRECTION('',(1.,-1.110223024625E-16,0.));
#16772 = ORIENTED_EDGE('',*,*,#16773,.F.);
#16773 = EDGE_CURVE('',#16774,#16766,#16776,.T.);
#16774 = VERTEX_POINT('',#16775);
#16775 = CARTESIAN_POINT('',(-0.1,0.3,0.9));
#16776 = LINE('',#16777,#16778);
#16777 = CARTESIAN_POINT('',(-0.1,0.3,6.055738799212));
#16778 = VECTOR('',#16779,1.);
#16779 = DIRECTION('',(0.,-0.,1.));
#16780 = ORIENTED_EDGE('',*,*,#16781,.T.);
#16781 = EDGE_CURVE('',#16774,#16782,#16784,.T.);
#16782 = VERTEX_POINT('',#16783);
#16783 = CARTESIAN_POINT('',(-0.3,0.3,0.9));
#16784 = LINE('',#16785,#16786);
#16785 = CARTESIAN_POINT('',(0.3,0.3,0.9));
#16786 = VECTOR('',#16787,1.);
#16787 = DIRECTION('',(-1.,1.110223024625E-16,0.));
#16788 = ORIENTED_EDGE('',*,*,#16789,.F.);
#16789 = EDGE_CURVE('',#16238,#16782,#16790,.T.);
#16790 = LINE('',#16791,#16792);
#16791 = CARTESIAN_POINT('',(-0.3,0.3,8.2));
#16792 = VECTOR('',#16793,1.);
#16793 = DIRECTION('',(0.,-0.,-1.));
#16794 = PLANE('',#16795);
#16795 = AXIS2_PLACEMENT_3D('',#16796,#16797,#16798);
#16796 = CARTESIAN_POINT('',(0.3,0.3,8.2));
#16797 = DIRECTION('',(1.110223024625E-16,1.,0.));
#16798 = DIRECTION('',(-1.,1.110223024625E-16,0.));
#16799 = ADVANCED_FACE('',(#16800),#16818,.F.);
#16800 = FACE_BOUND('',#16801,.F.);
#16801 = EDGE_LOOP('',(#16802,#16803,#16811,#16817));
#16802 = ORIENTED_EDGE('',*,*,#16789,.T.);
#16803 = ORIENTED_EDGE('',*,*,#16804,.T.);
#16804 = EDGE_CURVE('',#16782,#16805,#16807,.T.);
#16805 = VERTEX_POINT('',#16806);
#16806 = CARTESIAN_POINT('',(-0.3,-0.3,0.9));
#16807 = LINE('',#16808,#16809);
#16808 = CARTESIAN_POINT('',(-0.3,0.3,0.9));
#16809 = VECTOR('',#16810,1.);
#16810 = DIRECTION('',(-1.110223024625E-16,-1.,0.));
#16811 = ORIENTED_EDGE('',*,*,#16812,.F.);
#16812 = EDGE_CURVE('',#16262,#16805,#16813,.T.);
#16813 = LINE('',#16814,#16815);
#16814 = CARTESIAN_POINT('',(-0.3,-0.3,8.2));
#16815 = VECTOR('',#16816,1.);
#16816 = DIRECTION('',(0.,-0.,-1.));
#16817 = ORIENTED_EDGE('',*,*,#16269,.F.);
#16818 = PLANE('',#16819);
#16819 = AXIS2_PLACEMENT_3D('',#16820,#16821,#16822);
#16820 = CARTESIAN_POINT('',(-0.3,0.3,8.2));
#16821 = DIRECTION('',(-1.,1.110223024625E-16,0.));
#16822 = DIRECTION('',(-1.110223024625E-16,-1.,0.));
#16823 = ADVANCED_FACE('',(#16824),#16867,.F.);
#16824 = FACE_BOUND('',#16825,.F.);
#16825 = EDGE_LOOP('',(#16826,#16827,#16828,#16836,#16844,#16852,#16860,
    #16866));
#16826 = ORIENTED_EDGE('',*,*,#16286,.F.);
#16827 = ORIENTED_EDGE('',*,*,#16812,.T.);
#16828 = ORIENTED_EDGE('',*,*,#16829,.T.);
#16829 = EDGE_CURVE('',#16805,#16830,#16832,.T.);
#16830 = VERTEX_POINT('',#16831);
#16831 = CARTESIAN_POINT('',(-0.1,-0.3,0.9));
#16832 = LINE('',#16833,#16834);
#16833 = CARTESIAN_POINT('',(-0.3,-0.3,0.9));
#16834 = VECTOR('',#16835,1.);
#16835 = DIRECTION('',(1.,-1.110223024625E-16,0.));
#16836 = ORIENTED_EDGE('',*,*,#16837,.F.);
#16837 = EDGE_CURVE('',#16838,#16830,#16840,.T.);
#16838 = VERTEX_POINT('',#16839);
#16839 = CARTESIAN_POINT('',(-0.1,-0.3,7.4));
#16840 = LINE('',#16841,#16842);
#16841 = CARTESIAN_POINT('',(-0.1,-0.3,6.055738799212));
#16842 = VECTOR('',#16843,1.);
#16843 = DIRECTION('',(-0.,0.,-1.));
#16844 = ORIENTED_EDGE('',*,*,#16845,.T.);
#16845 = EDGE_CURVE('',#16838,#16846,#16848,.T.);
#16846 = VERTEX_POINT('',#16847);
#16847 = CARTESIAN_POINT('',(0.1,-0.3,7.4));
#16848 = LINE('',#16849,#16850);
#16849 = CARTESIAN_POINT('',(-0.1,-0.3,7.4));
#16850 = VECTOR('',#16851,1.);
#16851 = DIRECTION('',(1.,-1.110223024625E-16,0.));
#16852 = ORIENTED_EDGE('',*,*,#16853,.T.);
#16853 = EDGE_CURVE('',#16846,#16854,#16856,.T.);
#16854 = VERTEX_POINT('',#16855);
#16855 = CARTESIAN_POINT('',(0.1,-0.3,0.9));
#16856 = LINE('',#16857,#16858);
#16857 = CARTESIAN_POINT('',(0.1,-0.3,6.055738799212));
#16858 = VECTOR('',#16859,1.);
#16859 = DIRECTION('',(-0.,0.,-1.));
#16860 = ORIENTED_EDGE('',*,*,#16861,.T.);
#16861 = EDGE_CURVE('',#16854,#16717,#16862,.T.);
#16862 = LINE('',#16863,#16864);
#16863 = CARTESIAN_POINT('',(-0.3,-0.3,0.9));
#16864 = VECTOR('',#16865,1.);
#16865 = DIRECTION('',(1.,-1.110223024625E-16,0.));
#16866 = ORIENTED_EDGE('',*,*,#16716,.F.);
#16867 = PLANE('',#16868);
#16868 = AXIS2_PLACEMENT_3D('',#16869,#16870,#16871);
#16869 = CARTESIAN_POINT('',(-0.3,-0.3,8.2));
#16870 = DIRECTION('',(-1.110223024625E-16,-1.,0.));
#16871 = DIRECTION('',(1.,-1.110223024625E-16,0.));
#16872 = ADVANCED_FACE('',(#16873),#16884,.T.);
#16873 = FACE_BOUND('',#16874,.T.);
#16874 = EDGE_LOOP('',(#16875,#16881,#16882,#16883));
#16875 = ORIENTED_EDGE('',*,*,#16876,.T.);
#16876 = EDGE_CURVE('',#16382,#16318,#16877,.T.);
#16877 = LINE('',#16878,#16879);
#16878 = CARTESIAN_POINT('',(-0.1,-2.84,-2.5));
#16879 = VECTOR('',#16880,1.);
#16880 = DIRECTION('',(1.,-1.110223024625E-16,0.));
#16881 = ORIENTED_EDGE('',*,*,#16317,.T.);
#16882 = ORIENTED_EDGE('',*,*,#16302,.F.);
#16883 = ORIENTED_EDGE('',*,*,#16381,.F.);
#16884 = PLANE('',#16885);
#16885 = AXIS2_PLACEMENT_3D('',#16886,#16887,#16888);
#16886 = CARTESIAN_POINT('',(-0.1,-2.84,-2.5));
#16887 = DIRECTION('',(-1.110223024625E-16,-1.,0.));
#16888 = DIRECTION('',(0.,0.,1.));
#16889 = ADVANCED_FACE('',(#16890),#16901,.T.);
#16890 = FACE_BOUND('',#16891,.T.);
#16891 = EDGE_LOOP('',(#16892,#16898,#16899,#16900));
#16892 = ORIENTED_EDGE('',*,*,#16893,.T.);
#16893 = EDGE_CURVE('',#16407,#16343,#16894,.T.);
#16894 = LINE('',#16895,#16896);
#16895 = CARTESIAN_POINT('',(-0.1,-2.69,-3.1));
#16896 = VECTOR('',#16897,1.);
#16897 = DIRECTION('',(1.,-1.110223024625E-16,0.));
#16898 = ORIENTED_EDGE('',*,*,#16350,.T.);
#16899 = ORIENTED_EDGE('',*,*,#16876,.F.);
#16900 = ORIENTED_EDGE('',*,*,#16414,.F.);
#16901 = PLANE('',#16902);
#16902 = AXIS2_PLACEMENT_3D('',#16903,#16904,#16905);
#16903 = CARTESIAN_POINT('',(-0.1,-2.69,-3.1));
#16904 = DIRECTION('',(-1.077074540829E-16,-0.970142500145,
    -0.242535625036));
#16905 = DIRECTION('',(-2.692686352073E-17,-0.242535625036,
    0.970142500145));
#16906 = ADVANCED_FACE('',(#16907),#16918,.T.);
#16907 = FACE_BOUND('',#16908,.T.);
#16908 = EDGE_LOOP('',(#16909,#16915,#16916,#16917));
#16909 = ORIENTED_EDGE('',*,*,#16910,.T.);
#16910 = EDGE_CURVE('',#16399,#16335,#16911,.T.);
#16911 = LINE('',#16912,#16913);
#16912 = CARTESIAN_POINT('',(-0.1,-2.39,-3.1));
#16913 = VECTOR('',#16914,1.);
#16914 = DIRECTION('',(1.,-1.110223024625E-16,0.));
#16915 = ORIENTED_EDGE('',*,*,#16342,.T.);
#16916 = ORIENTED_EDGE('',*,*,#16893,.F.);
#16917 = ORIENTED_EDGE('',*,*,#16406,.T.);
#16918 = PLANE('',#16919);
#16919 = AXIS2_PLACEMENT_3D('',#16920,#16921,#16922);
#16920 = CARTESIAN_POINT('',(-0.1,-2.39,-3.1));
#16921 = DIRECTION('',(0.,-0.,-1.));
#16922 = DIRECTION('',(-1.110223024625E-16,-1.,0.));
#16923 = ADVANCED_FACE('',(#16924),#16935,.T.);
#16924 = FACE_BOUND('',#16925,.T.);
#16925 = EDGE_LOOP('',(#16926,#16932,#16933,#16934));
#16926 = ORIENTED_EDGE('',*,*,#16927,.T.);
#16927 = EDGE_CURVE('',#16391,#16327,#16928,.T.);
#16928 = LINE('',#16929,#16930);
#16929 = CARTESIAN_POINT('',(-0.1,-2.24,-2.5));
#16930 = VECTOR('',#16931,1.);
#16931 = DIRECTION('',(1.,-1.110223024625E-16,0.));
#16932 = ORIENTED_EDGE('',*,*,#16334,.T.);
#16933 = ORIENTED_EDGE('',*,*,#16910,.F.);
#16934 = ORIENTED_EDGE('',*,*,#16398,.F.);
#16935 = PLANE('',#16936);
#16936 = AXIS2_PLACEMENT_3D('',#16937,#16938,#16939);
#16937 = CARTESIAN_POINT('',(-0.1,-2.24,-2.5));
#16938 = DIRECTION('',(1.077074540829E-16,0.970142500145,-0.242535625036
    ));
#16939 = DIRECTION('',(-2.692686352073E-17,-0.242535625036,
    -0.970142500145));
#16940 = ADVANCED_FACE('',(#16941),#16947,.T.);
#16941 = FACE_BOUND('',#16942,.T.);
#16942 = EDGE_LOOP('',(#16943,#16944,#16945,#16946));
#16943 = ORIENTED_EDGE('',*,*,#16364,.T.);
#16944 = ORIENTED_EDGE('',*,*,#16326,.T.);
#16945 = ORIENTED_EDGE('',*,*,#16927,.F.);
#16946 = ORIENTED_EDGE('',*,*,#16390,.F.);
#16947 = PLANE('',#16948);
#16948 = AXIS2_PLACEMENT_3D('',#16949,#16950,#16951);
#16949 = CARTESIAN_POINT('',(-0.1,-2.24,0.2));
#16950 = DIRECTION('',(1.110223024625E-16,1.,0.));
#16951 = DIRECTION('',(0.,0.,-1.));
#16952 = ADVANCED_FACE('',(#16953),#16964,.T.);
#16953 = FACE_BOUND('',#16954,.T.);
#16954 = EDGE_LOOP('',(#16955,#16961,#16962,#16963));
#16955 = ORIENTED_EDGE('',*,*,#16956,.T.);
#16956 = EDGE_CURVE('',#16510,#16446,#16957,.T.);
#16957 = LINE('',#16958,#16959);
#16958 = CARTESIAN_POINT('',(-0.1,-0.3,-2.5));
#16959 = VECTOR('',#16960,1.);
#16960 = DIRECTION('',(1.,-1.110223024625E-16,0.));
#16961 = ORIENTED_EDGE('',*,*,#16445,.T.);
#16962 = ORIENTED_EDGE('',*,*,#16430,.F.);
#16963 = ORIENTED_EDGE('',*,*,#16509,.F.);
#16964 = PLANE('',#16965);
#16965 = AXIS2_PLACEMENT_3D('',#16966,#16967,#16968);
#16966 = CARTESIAN_POINT('',(-0.1,-0.3,-2.5));
#16967 = DIRECTION('',(-1.110223024625E-16,-1.,0.));
#16968 = DIRECTION('',(0.,0.,1.));
#16969 = ADVANCED_FACE('',(#16970),#16981,.T.);
#16970 = FACE_BOUND('',#16971,.T.);
#16971 = EDGE_LOOP('',(#16972,#16978,#16979,#16980));
#16972 = ORIENTED_EDGE('',*,*,#16973,.T.);
#16973 = EDGE_CURVE('',#16535,#16471,#16974,.T.);
#16974 = LINE('',#16975,#16976);
#16975 = CARTESIAN_POINT('',(-0.1,-0.15,-3.1));
#16976 = VECTOR('',#16977,1.);
#16977 = DIRECTION('',(1.,-1.110223024625E-16,0.));
#16978 = ORIENTED_EDGE('',*,*,#16478,.T.);
#16979 = ORIENTED_EDGE('',*,*,#16956,.F.);
#16980 = ORIENTED_EDGE('',*,*,#16542,.F.);
#16981 = PLANE('',#16982);
#16982 = AXIS2_PLACEMENT_3D('',#16983,#16984,#16985);
#16983 = CARTESIAN_POINT('',(-0.1,-0.15,-3.1));
#16984 = DIRECTION('',(-1.077074540829E-16,-0.970142500145,
    -0.242535625036));
#16985 = DIRECTION('',(-2.692686352073E-17,-0.242535625036,
    0.970142500145));
#16986 = ADVANCED_FACE('',(#16987),#16998,.T.);
#16987 = FACE_BOUND('',#16988,.T.);
#16988 = EDGE_LOOP('',(#16989,#16995,#16996,#16997));
#16989 = ORIENTED_EDGE('',*,*,#16990,.T.);
#16990 = EDGE_CURVE('',#16527,#16463,#16991,.T.);
#16991 = LINE('',#16992,#16993);
#16992 = CARTESIAN_POINT('',(-0.1,0.15,-3.1));
#16993 = VECTOR('',#16994,1.);
#16994 = DIRECTION('',(1.,-1.110223024625E-16,0.));
#16995 = ORIENTED_EDGE('',*,*,#16470,.T.);
#16996 = ORIENTED_EDGE('',*,*,#16973,.F.);
#16997 = ORIENTED_EDGE('',*,*,#16534,.T.);
#16998 = PLANE('',#16999);
#16999 = AXIS2_PLACEMENT_3D('',#17000,#17001,#17002);
#17000 = CARTESIAN_POINT('',(-0.1,0.15,-3.1));
#17001 = DIRECTION('',(0.,-0.,-1.));
#17002 = DIRECTION('',(-1.110223024625E-16,-1.,0.));
#17003 = ADVANCED_FACE('',(#17004),#17015,.T.);
#17004 = FACE_BOUND('',#17005,.T.);
#17005 = EDGE_LOOP('',(#17006,#17012,#17013,#17014));
#17006 = ORIENTED_EDGE('',*,*,#17007,.T.);
#17007 = EDGE_CURVE('',#16519,#16455,#17008,.T.);
#17008 = LINE('',#17009,#17010);
#17009 = CARTESIAN_POINT('',(-0.1,0.3,-2.5));
#17010 = VECTOR('',#17011,1.);
#17011 = DIRECTION('',(1.,-1.110223024625E-16,0.));
#17012 = ORIENTED_EDGE('',*,*,#16462,.T.);
#17013 = ORIENTED_EDGE('',*,*,#16990,.F.);
#17014 = ORIENTED_EDGE('',*,*,#16526,.F.);
#17015 = PLANE('',#17016);
#17016 = AXIS2_PLACEMENT_3D('',#17017,#17018,#17019);
#17017 = CARTESIAN_POINT('',(-0.1,0.3,-2.5));
#17018 = DIRECTION('',(1.077074540829E-16,0.970142500145,-0.242535625036
    ));
#17019 = DIRECTION('',(-2.692686352073E-17,-0.242535625036,
    -0.970142500145));
#17020 = ADVANCED_FACE('',(#17021),#17027,.T.);
#17021 = FACE_BOUND('',#17022,.T.);
#17022 = EDGE_LOOP('',(#17023,#17024,#17025,#17026));
#17023 = ORIENTED_EDGE('',*,*,#16492,.T.);
#17024 = ORIENTED_EDGE('',*,*,#16454,.T.);
#17025 = ORIENTED_EDGE('',*,*,#17007,.F.);
#17026 = ORIENTED_EDGE('',*,*,#16518,.F.);
#17027 = PLANE('',#17028);
#17028 = AXIS2_PLACEMENT_3D('',#17029,#17030,#17031);
#17029 = CARTESIAN_POINT('',(-0.1,0.3,0.2));
#17030 = DIRECTION('',(1.110223024625E-16,1.,0.));
#17031 = DIRECTION('',(0.,0.,-1.));
#17032 = ADVANCED_FACE('',(#17033),#17044,.T.);
#17033 = FACE_BOUND('',#17034,.T.);
#17034 = EDGE_LOOP('',(#17035,#17036,#17037,#17038));
#17035 = ORIENTED_EDGE('',*,*,#16701,.T.);
#17036 = ORIENTED_EDGE('',*,*,#16564,.T.);
#17037 = ORIENTED_EDGE('',*,*,#16589,.T.);
#17038 = ORIENTED_EDGE('',*,*,#17039,.T.);
#17039 = EDGE_CURVE('',#16590,#16694,#17040,.T.);
#17040 = LINE('',#17041,#17042);
#17041 = CARTESIAN_POINT('',(0.1,-2.54,0.9));
#17042 = VECTOR('',#17043,1.);
#17043 = DIRECTION('',(-1.110223024625E-16,-1.,0.));
#17044 = PLANE('',#17045);
#17045 = AXIS2_PLACEMENT_3D('',#17046,#17047,#17048);
#17046 = CARTESIAN_POINT('',(-3.641068927844E-16,-2.54,0.9));
#17047 = DIRECTION('',(0.,0.,1.));
#17048 = DIRECTION('',(1.110223024625E-16,1.,-0.));
#17049 = ADVANCED_FACE('',(#17050),#17061,.T.);
#17050 = FACE_BOUND('',#17051,.T.);
#17051 = EDGE_LOOP('',(#17052,#17053,#17059,#17060));
#17052 = ORIENTED_EDGE('',*,*,#16669,.T.);
#17053 = ORIENTED_EDGE('',*,*,#17054,.F.);
#17054 = EDGE_CURVE('',#16614,#16670,#17055,.T.);
#17055 = LINE('',#17056,#17057);
#17056 = CARTESIAN_POINT('',(-0.1,-2.54,0.9));
#17057 = VECTOR('',#17058,1.);
#17058 = DIRECTION('',(-1.110223024625E-16,-1.,0.));
#17059 = ORIENTED_EDGE('',*,*,#16621,.T.);
#17060 = ORIENTED_EDGE('',*,*,#16644,.T.);
#17061 = PLANE('',#17062);
#17062 = AXIS2_PLACEMENT_3D('',#17063,#17064,#17065);
#17063 = CARTESIAN_POINT('',(-3.641068927844E-16,-2.54,0.9));
#17064 = DIRECTION('',(0.,0.,1.));
#17065 = DIRECTION('',(1.110223024625E-16,1.,-0.));
#17066 = ADVANCED_FACE('',(#17067),#17110,.T.);
#17067 = FACE_BOUND('',#17068,.T.);
#17068 = EDGE_LOOP('',(#17069,#17070,#17078,#17086,#17094,#17102,#17108,
    #17109));
#17069 = ORIENTED_EDGE('',*,*,#16677,.F.);
#17070 = ORIENTED_EDGE('',*,*,#17071,.T.);
#17071 = EDGE_CURVE('',#16678,#17072,#17074,.T.);
#17072 = VERTEX_POINT('',#17073);
#17073 = CARTESIAN_POINT('',(-0.1,-2.79,7.35));
#17074 = LINE('',#17075,#17076);
#17075 = CARTESIAN_POINT('',(-0.1,-2.84,7.4));
#17076 = VECTOR('',#17077,1.);
#17077 = DIRECTION('',(7.850462293414E-17,0.707106781187,-0.707106781187
    ));
#17078 = ORIENTED_EDGE('',*,*,#17079,.T.);
#17079 = EDGE_CURVE('',#17072,#17080,#17082,.T.);
#17080 = VERTEX_POINT('',#17081);
#17081 = CARTESIAN_POINT('',(-0.1,-2.79,1.25));
#17082 = LINE('',#17083,#17084);
#17083 = CARTESIAN_POINT('',(-0.1,-2.79,7.35));
#17084 = VECTOR('',#17085,1.);
#17085 = DIRECTION('',(0.,0.,-1.));
#17086 = ORIENTED_EDGE('',*,*,#17087,.T.);
#17087 = EDGE_CURVE('',#17080,#17088,#17090,.T.);
#17088 = VERTEX_POINT('',#17089);
#17089 = CARTESIAN_POINT('',(-0.1,-2.29,1.25));
#17090 = LINE('',#17091,#17092);
#17091 = CARTESIAN_POINT('',(-0.1,-2.79,1.25));
#17092 = VECTOR('',#17093,1.);
#17093 = DIRECTION('',(1.110223024625E-16,1.,0.));
#17094 = ORIENTED_EDGE('',*,*,#17095,.T.);
#17095 = EDGE_CURVE('',#17088,#17096,#17098,.T.);
#17096 = VERTEX_POINT('',#17097);
#17097 = CARTESIAN_POINT('',(-0.1,-2.29,7.35));
#17098 = LINE('',#17099,#17100);
#17099 = CARTESIAN_POINT('',(-0.1,-2.29,1.25));
#17100 = VECTOR('',#17101,1.);
#17101 = DIRECTION('',(0.,0.,1.));
#17102 = ORIENTED_EDGE('',*,*,#17103,.T.);
#17103 = EDGE_CURVE('',#17096,#16606,#17104,.T.);
#17104 = LINE('',#17105,#17106);
#17105 = CARTESIAN_POINT('',(-0.1,-2.29,7.35));
#17106 = VECTOR('',#17107,1.);
#17107 = DIRECTION('',(7.850462293414E-17,0.707106781187,0.707106781187)
  );
#17108 = ORIENTED_EDGE('',*,*,#16613,.F.);
#17109 = ORIENTED_EDGE('',*,*,#17054,.T.);
#17110 = PLANE('',#17111);
#17111 = AXIS2_PLACEMENT_3D('',#17112,#17113,#17114);
#17112 = CARTESIAN_POINT('',(-0.1,-2.54,3.911477598424));
#17113 = DIRECTION('',(-1.,1.110223024625E-16,0.));
#17114 = DIRECTION('',(0.,0.,1.));
#17115 = ADVANCED_FACE('',(#17116),#17134,.T.);
#17116 = FACE_BOUND('',#17117,.T.);
#17117 = EDGE_LOOP('',(#17118,#17126,#17132,#17133));
#17118 = ORIENTED_EDGE('',*,*,#17119,.T.);
#17119 = EDGE_CURVE('',#17096,#17120,#17122,.T.);
#17120 = VERTEX_POINT('',#17121);
#17121 = CARTESIAN_POINT('',(0.1,-2.29,7.35));
#17122 = LINE('',#17123,#17124);
#17123 = CARTESIAN_POINT('',(-0.1,-2.29,7.35));
#17124 = VECTOR('',#17125,1.);
#17125 = DIRECTION('',(1.,-1.110223024625E-16,0.));
#17126 = ORIENTED_EDGE('',*,*,#17127,.T.);
#17127 = EDGE_CURVE('',#17120,#16598,#17128,.T.);
#17128 = LINE('',#17129,#17130);
#17129 = CARTESIAN_POINT('',(0.1,-2.29,7.35));
#17130 = VECTOR('',#17131,1.);
#17131 = DIRECTION('',(7.850462293414E-17,0.707106781187,0.707106781187)
  );
#17132 = ORIENTED_EDGE('',*,*,#16605,.F.);
#17133 = ORIENTED_EDGE('',*,*,#17103,.F.);
#17134 = PLANE('',#17135);
#17135 = AXIS2_PLACEMENT_3D('',#17136,#17137,#17138);
#17136 = CARTESIAN_POINT('',(-0.1,-2.29,7.35));
#17137 = DIRECTION('',(-7.850462293414E-17,-0.707106781187,
    0.707106781187));
#17138 = DIRECTION('',(7.850462293414E-17,0.707106781187,0.707106781187)
  );
#17139 = ADVANCED_FACE('',(#17140),#17176,.F.);
#17140 = FACE_BOUND('',#17141,.F.);
#17141 = EDGE_LOOP('',(#17142,#17143,#17151,#17159,#17167,#17173,#17174,
    #17175));
#17142 = ORIENTED_EDGE('',*,*,#16693,.F.);
#17143 = ORIENTED_EDGE('',*,*,#17144,.T.);
#17144 = EDGE_CURVE('',#16686,#17145,#17147,.T.);
#17145 = VERTEX_POINT('',#17146);
#17146 = CARTESIAN_POINT('',(0.1,-2.79,7.35));
#17147 = LINE('',#17148,#17149);
#17148 = CARTESIAN_POINT('',(0.1,-2.84,7.4));
#17149 = VECTOR('',#17150,1.);
#17150 = DIRECTION('',(7.850462293414E-17,0.707106781187,-0.707106781187
    ));
#17151 = ORIENTED_EDGE('',*,*,#17152,.T.);
#17152 = EDGE_CURVE('',#17145,#17153,#17155,.T.);
#17153 = VERTEX_POINT('',#17154);
#17154 = CARTESIAN_POINT('',(0.1,-2.79,1.25));
#17155 = LINE('',#17156,#17157);
#17156 = CARTESIAN_POINT('',(0.1,-2.79,7.35));
#17157 = VECTOR('',#17158,1.);
#17158 = DIRECTION('',(0.,0.,-1.));
#17159 = ORIENTED_EDGE('',*,*,#17160,.T.);
#17160 = EDGE_CURVE('',#17153,#17161,#17163,.T.);
#17161 = VERTEX_POINT('',#17162);
#17162 = CARTESIAN_POINT('',(0.1,-2.29,1.25));
#17163 = LINE('',#17164,#17165);
#17164 = CARTESIAN_POINT('',(0.1,-2.79,1.25));
#17165 = VECTOR('',#17166,1.);
#17166 = DIRECTION('',(1.110223024625E-16,1.,0.));
#17167 = ORIENTED_EDGE('',*,*,#17168,.T.);
#17168 = EDGE_CURVE('',#17161,#17120,#17169,.T.);
#17169 = LINE('',#17170,#17171);
#17170 = CARTESIAN_POINT('',(0.1,-2.29,1.25));
#17171 = VECTOR('',#17172,1.);
#17172 = DIRECTION('',(0.,0.,1.));
#17173 = ORIENTED_EDGE('',*,*,#17127,.T.);
#17174 = ORIENTED_EDGE('',*,*,#16597,.F.);
#17175 = ORIENTED_EDGE('',*,*,#17039,.T.);
#17176 = PLANE('',#17177);
#17177 = AXIS2_PLACEMENT_3D('',#17178,#17179,#17180);
#17178 = CARTESIAN_POINT('',(0.1,-2.54,3.911477598424));
#17179 = DIRECTION('',(-1.,1.110223024625E-16,0.));
#17180 = DIRECTION('',(0.,0.,1.));
#17181 = ADVANCED_FACE('',(#17182),#17193,.T.);
#17182 = FACE_BOUND('',#17183,.T.);
#17183 = EDGE_LOOP('',(#17184,#17185,#17186,#17192));
#17184 = ORIENTED_EDGE('',*,*,#16685,.T.);
#17185 = ORIENTED_EDGE('',*,*,#17144,.T.);
#17186 = ORIENTED_EDGE('',*,*,#17187,.F.);
#17187 = EDGE_CURVE('',#17072,#17145,#17188,.T.);
#17188 = LINE('',#17189,#17190);
#17189 = CARTESIAN_POINT('',(-0.1,-2.79,7.35));
#17190 = VECTOR('',#17191,1.);
#17191 = DIRECTION('',(1.,-1.110223024625E-16,0.));
#17192 = ORIENTED_EDGE('',*,*,#17071,.F.);
#17193 = PLANE('',#17194);
#17194 = AXIS2_PLACEMENT_3D('',#17195,#17196,#17197);
#17195 = CARTESIAN_POINT('',(-0.1,-2.84,7.4));
#17196 = DIRECTION('',(7.850462293414E-17,0.707106781187,0.707106781187)
  );
#17197 = DIRECTION('',(7.850462293414E-17,0.707106781187,-0.707106781187
    ));
#17198 = ADVANCED_FACE('',(#17199),#17210,.T.);
#17199 = FACE_BOUND('',#17200,.T.);
#17200 = EDGE_LOOP('',(#17201,#17202,#17203,#17204));
#17201 = ORIENTED_EDGE('',*,*,#16861,.T.);
#17202 = ORIENTED_EDGE('',*,*,#16724,.T.);
#17203 = ORIENTED_EDGE('',*,*,#16749,.T.);
#17204 = ORIENTED_EDGE('',*,*,#17205,.T.);
#17205 = EDGE_CURVE('',#16750,#16854,#17206,.T.);
#17206 = LINE('',#17207,#17208);
#17207 = CARTESIAN_POINT('',(0.1,-1.110223024625E-17,0.9));
#17208 = VECTOR('',#17209,1.);
#17209 = DIRECTION('',(-1.110223024625E-16,-1.,0.));
#17210 = PLANE('',#17211);
#17211 = AXIS2_PLACEMENT_3D('',#17212,#17213,#17214);
#17212 = CARTESIAN_POINT('',(-8.211024452957E-17,9.116068403433E-33,0.9)
  );
#17213 = DIRECTION('',(0.,0.,1.));
#17214 = DIRECTION('',(1.110223024625E-16,1.,-0.));
#17215 = ADVANCED_FACE('',(#17216),#17227,.T.);
#17216 = FACE_BOUND('',#17217,.T.);
#17217 = EDGE_LOOP('',(#17218,#17219,#17225,#17226));
#17218 = ORIENTED_EDGE('',*,*,#16829,.T.);
#17219 = ORIENTED_EDGE('',*,*,#17220,.F.);
#17220 = EDGE_CURVE('',#16774,#16830,#17221,.T.);
#17221 = LINE('',#17222,#17223);
#17222 = CARTESIAN_POINT('',(-0.1,1.110223024625E-17,0.9));
#17223 = VECTOR('',#17224,1.);
#17224 = DIRECTION('',(-1.110223024625E-16,-1.,0.));
#17225 = ORIENTED_EDGE('',*,*,#16781,.T.);
#17226 = ORIENTED_EDGE('',*,*,#16804,.T.);
#17227 = PLANE('',#17228);
#17228 = AXIS2_PLACEMENT_3D('',#17229,#17230,#17231);
#17229 = CARTESIAN_POINT('',(-8.211024452957E-17,9.116068403433E-33,0.9)
  );
#17230 = DIRECTION('',(0.,0.,1.));
#17231 = DIRECTION('',(1.110223024625E-16,1.,-0.));
#17232 = ADVANCED_FACE('',(#17233),#17276,.T.);
#17233 = FACE_BOUND('',#17234,.T.);
#17234 = EDGE_LOOP('',(#17235,#17236,#17244,#17252,#17260,#17268,#17274,
    #17275));
#17235 = ORIENTED_EDGE('',*,*,#16837,.F.);
#17236 = ORIENTED_EDGE('',*,*,#17237,.T.);
#17237 = EDGE_CURVE('',#16838,#17238,#17240,.T.);
#17238 = VERTEX_POINT('',#17239);
#17239 = CARTESIAN_POINT('',(-0.1,-0.25,7.35));
#17240 = LINE('',#17241,#17242);
#17241 = CARTESIAN_POINT('',(-0.1,-0.3,7.4));
#17242 = VECTOR('',#17243,1.);
#17243 = DIRECTION('',(7.850462293414E-17,0.707106781187,-0.707106781187
    ));
#17244 = ORIENTED_EDGE('',*,*,#17245,.T.);
#17245 = EDGE_CURVE('',#17238,#17246,#17248,.T.);
#17246 = VERTEX_POINT('',#17247);
#17247 = CARTESIAN_POINT('',(-0.1,-0.25,1.25));
#17248 = LINE('',#17249,#17250);
#17249 = CARTESIAN_POINT('',(-0.1,-0.25,7.35));
#17250 = VECTOR('',#17251,1.);
#17251 = DIRECTION('',(0.,0.,-1.));
#17252 = ORIENTED_EDGE('',*,*,#17253,.T.);
#17253 = EDGE_CURVE('',#17246,#17254,#17256,.T.);
#17254 = VERTEX_POINT('',#17255);
#17255 = CARTESIAN_POINT('',(-0.1,0.25,1.25));
#17256 = LINE('',#17257,#17258);
#17257 = CARTESIAN_POINT('',(-0.1,-0.25,1.25));
#17258 = VECTOR('',#17259,1.);
#17259 = DIRECTION('',(1.110223024625E-16,1.,0.));
#17260 = ORIENTED_EDGE('',*,*,#17261,.T.);
#17261 = EDGE_CURVE('',#17254,#17262,#17264,.T.);
#17262 = VERTEX_POINT('',#17263);
#17263 = CARTESIAN_POINT('',(-0.1,0.25,7.35));
#17264 = LINE('',#17265,#17266);
#17265 = CARTESIAN_POINT('',(-0.1,0.25,1.25));
#17266 = VECTOR('',#17267,1.);
#17267 = DIRECTION('',(0.,0.,1.));
#17268 = ORIENTED_EDGE('',*,*,#17269,.T.);
#17269 = EDGE_CURVE('',#17262,#16766,#17270,.T.);
#17270 = LINE('',#17271,#17272);
#17271 = CARTESIAN_POINT('',(-0.1,0.25,7.35));
#17272 = VECTOR('',#17273,1.);
#17273 = DIRECTION('',(7.850462293414E-17,0.707106781187,0.707106781187)
  );
#17274 = ORIENTED_EDGE('',*,*,#16773,.F.);
#17275 = ORIENTED_EDGE('',*,*,#17220,.T.);
#17276 = PLANE('',#17277);
#17277 = AXIS2_PLACEMENT_3D('',#17278,#17279,#17280);
#17278 = CARTESIAN_POINT('',(-0.1,1.110223024625E-17,3.911477598424));
#17279 = DIRECTION('',(-1.,1.110223024625E-16,0.));
#17280 = DIRECTION('',(0.,0.,1.));
#17281 = ADVANCED_FACE('',(#17282),#17300,.T.);
#17282 = FACE_BOUND('',#17283,.T.);
#17283 = EDGE_LOOP('',(#17284,#17292,#17298,#17299));
#17284 = ORIENTED_EDGE('',*,*,#17285,.T.);
#17285 = EDGE_CURVE('',#17262,#17286,#17288,.T.);
#17286 = VERTEX_POINT('',#17287);
#17287 = CARTESIAN_POINT('',(0.1,0.25,7.35));
#17288 = LINE('',#17289,#17290);
#17289 = CARTESIAN_POINT('',(-0.1,0.25,7.35));
#17290 = VECTOR('',#17291,1.);
#17291 = DIRECTION('',(1.,-1.110223024625E-16,0.));
#17292 = ORIENTED_EDGE('',*,*,#17293,.T.);
#17293 = EDGE_CURVE('',#17286,#16758,#17294,.T.);
#17294 = LINE('',#17295,#17296);
#17295 = CARTESIAN_POINT('',(0.1,0.25,7.35));
#17296 = VECTOR('',#17297,1.);
#17297 = DIRECTION('',(7.850462293414E-17,0.707106781187,0.707106781187)
  );
#17298 = ORIENTED_EDGE('',*,*,#16765,.F.);
#17299 = ORIENTED_EDGE('',*,*,#17269,.F.);
#17300 = PLANE('',#17301);
#17301 = AXIS2_PLACEMENT_3D('',#17302,#17303,#17304);
#17302 = CARTESIAN_POINT('',(-0.1,0.25,7.35));
#17303 = DIRECTION('',(-7.850462293414E-17,-0.707106781187,
    0.707106781187));
#17304 = DIRECTION('',(7.850462293414E-17,0.707106781187,0.707106781187)
  );
#17305 = ADVANCED_FACE('',(#17306),#17342,.F.);
#17306 = FACE_BOUND('',#17307,.F.);
#17307 = EDGE_LOOP('',(#17308,#17309,#17317,#17325,#17333,#17339,#17340,
    #17341));
#17308 = ORIENTED_EDGE('',*,*,#16853,.F.);
#17309 = ORIENTED_EDGE('',*,*,#17310,.T.);
#17310 = EDGE_CURVE('',#16846,#17311,#17313,.T.);
#17311 = VERTEX_POINT('',#17312);
#17312 = CARTESIAN_POINT('',(0.1,-0.25,7.35));
#17313 = LINE('',#17314,#17315);
#17314 = CARTESIAN_POINT('',(0.1,-0.3,7.4));
#17315 = VECTOR('',#17316,1.);
#17316 = DIRECTION('',(7.850462293414E-17,0.707106781187,-0.707106781187
    ));
#17317 = ORIENTED_EDGE('',*,*,#17318,.T.);
#17318 = EDGE_CURVE('',#17311,#17319,#17321,.T.);
#17319 = VERTEX_POINT('',#17320);
#17320 = CARTESIAN_POINT('',(0.1,-0.25,1.25));
#17321 = LINE('',#17322,#17323);
#17322 = CARTESIAN_POINT('',(0.1,-0.25,7.35));
#17323 = VECTOR('',#17324,1.);
#17324 = DIRECTION('',(0.,0.,-1.));
#17325 = ORIENTED_EDGE('',*,*,#17326,.T.);
#17326 = EDGE_CURVE('',#17319,#17327,#17329,.T.);
#17327 = VERTEX_POINT('',#17328);
#17328 = CARTESIAN_POINT('',(0.1,0.25,1.25));
#17329 = LINE('',#17330,#17331);
#17330 = CARTESIAN_POINT('',(0.1,-0.25,1.25));
#17331 = VECTOR('',#17332,1.);
#17332 = DIRECTION('',(1.110223024625E-16,1.,0.));
#17333 = ORIENTED_EDGE('',*,*,#17334,.T.);
#17334 = EDGE_CURVE('',#17327,#17286,#17335,.T.);
#17335 = LINE('',#17336,#17337);
#17336 = CARTESIAN_POINT('',(0.1,0.25,1.25));
#17337 = VECTOR('',#17338,1.);
#17338 = DIRECTION('',(0.,0.,1.));
#17339 = ORIENTED_EDGE('',*,*,#17293,.T.);
#17340 = ORIENTED_EDGE('',*,*,#16757,.F.);
#17341 = ORIENTED_EDGE('',*,*,#17205,.T.);
#17342 = PLANE('',#17343);
#17343 = AXIS2_PLACEMENT_3D('',#17344,#17345,#17346);
#17344 = CARTESIAN_POINT('',(0.1,-1.110223024625E-17,3.911477598424));
#17345 = DIRECTION('',(-1.,1.110223024625E-16,0.));
#17346 = DIRECTION('',(0.,0.,1.));
#17347 = ADVANCED_FACE('',(#17348),#17359,.T.);
#17348 = FACE_BOUND('',#17349,.T.);
#17349 = EDGE_LOOP('',(#17350,#17351,#17352,#17358));
#17350 = ORIENTED_EDGE('',*,*,#16845,.T.);
#17351 = ORIENTED_EDGE('',*,*,#17310,.T.);
#17352 = ORIENTED_EDGE('',*,*,#17353,.F.);
#17353 = EDGE_CURVE('',#17238,#17311,#17354,.T.);
#17354 = LINE('',#17355,#17356);
#17355 = CARTESIAN_POINT('',(-0.1,-0.25,7.35));
#17356 = VECTOR('',#17357,1.);
#17357 = DIRECTION('',(1.,-1.110223024625E-16,0.));
#17358 = ORIENTED_EDGE('',*,*,#17237,.F.);
#17359 = PLANE('',#17360);
#17360 = AXIS2_PLACEMENT_3D('',#17361,#17362,#17363);
#17361 = CARTESIAN_POINT('',(-0.1,-0.3,7.4));
#17362 = DIRECTION('',(7.850462293414E-17,0.707106781187,0.707106781187)
  );
#17363 = DIRECTION('',(7.850462293414E-17,0.707106781187,-0.707106781187
    ));
#17364 = ADVANCED_FACE('',(#17365),#17376,.T.);
#17365 = FACE_BOUND('',#17366,.T.);
#17366 = EDGE_LOOP('',(#17367,#17373,#17374,#17375));
#17367 = ORIENTED_EDGE('',*,*,#17368,.T.);
#17368 = EDGE_CURVE('',#17088,#17161,#17369,.T.);
#17369 = LINE('',#17370,#17371);
#17370 = CARTESIAN_POINT('',(-0.1,-2.29,1.25));
#17371 = VECTOR('',#17372,1.);
#17372 = DIRECTION('',(1.,-1.110223024625E-16,0.));
#17373 = ORIENTED_EDGE('',*,*,#17168,.T.);
#17374 = ORIENTED_EDGE('',*,*,#17119,.F.);
#17375 = ORIENTED_EDGE('',*,*,#17095,.F.);
#17376 = PLANE('',#17377);
#17377 = AXIS2_PLACEMENT_3D('',#17378,#17379,#17380);
#17378 = CARTESIAN_POINT('',(-0.1,-2.29,1.25));
#17379 = DIRECTION('',(-1.110223024625E-16,-1.,0.));
#17380 = DIRECTION('',(0.,0.,1.));
#17381 = ADVANCED_FACE('',(#17382),#17393,.T.);
#17382 = FACE_BOUND('',#17383,.T.);
#17383 = EDGE_LOOP('',(#17384,#17390,#17391,#17392));
#17384 = ORIENTED_EDGE('',*,*,#17385,.T.);
#17385 = EDGE_CURVE('',#17080,#17153,#17386,.T.);
#17386 = LINE('',#17387,#17388);
#17387 = CARTESIAN_POINT('',(-0.1,-2.79,1.25));
#17388 = VECTOR('',#17389,1.);
#17389 = DIRECTION('',(1.,-1.110223024625E-16,0.));
#17390 = ORIENTED_EDGE('',*,*,#17160,.T.);
#17391 = ORIENTED_EDGE('',*,*,#17368,.F.);
#17392 = ORIENTED_EDGE('',*,*,#17087,.F.);
#17393 = PLANE('',#17394);
#17394 = AXIS2_PLACEMENT_3D('',#17395,#17396,#17397);
#17395 = CARTESIAN_POINT('',(-0.1,-2.79,1.25));
#17396 = DIRECTION('',(0.,0.,1.));
#17397 = DIRECTION('',(1.110223024625E-16,1.,-0.));
#17398 = ADVANCED_FACE('',(#17399),#17405,.T.);
#17399 = FACE_BOUND('',#17400,.T.);
#17400 = EDGE_LOOP('',(#17401,#17402,#17403,#17404));
#17401 = ORIENTED_EDGE('',*,*,#17187,.T.);
#17402 = ORIENTED_EDGE('',*,*,#17152,.T.);
#17403 = ORIENTED_EDGE('',*,*,#17385,.F.);
#17404 = ORIENTED_EDGE('',*,*,#17079,.F.);
#17405 = PLANE('',#17406);
#17406 = AXIS2_PLACEMENT_3D('',#17407,#17408,#17409);
#17407 = CARTESIAN_POINT('',(-0.1,-2.79,7.35));
#17408 = DIRECTION('',(1.110223024625E-16,1.,0.));
#17409 = DIRECTION('',(0.,0.,-1.));
#17410 = ADVANCED_FACE('',(#17411),#17422,.T.);
#17411 = FACE_BOUND('',#17412,.T.);
#17412 = EDGE_LOOP('',(#17413,#17419,#17420,#17421));
#17413 = ORIENTED_EDGE('',*,*,#17414,.T.);
#17414 = EDGE_CURVE('',#17254,#17327,#17415,.T.);
#17415 = LINE('',#17416,#17417);
#17416 = CARTESIAN_POINT('',(-0.1,0.25,1.25));
#17417 = VECTOR('',#17418,1.);
#17418 = DIRECTION('',(1.,-1.110223024625E-16,0.));
#17419 = ORIENTED_EDGE('',*,*,#17334,.T.);
#17420 = ORIENTED_EDGE('',*,*,#17285,.F.);
#17421 = ORIENTED_EDGE('',*,*,#17261,.F.);
#17422 = PLANE('',#17423);
#17423 = AXIS2_PLACEMENT_3D('',#17424,#17425,#17426);
#17424 = CARTESIAN_POINT('',(-0.1,0.25,1.25));
#17425 = DIRECTION('',(-1.110223024625E-16,-1.,0.));
#17426 = DIRECTION('',(0.,0.,1.));
#17427 = ADVANCED_FACE('',(#17428),#17439,.T.);
#17428 = FACE_BOUND('',#17429,.T.);
#17429 = EDGE_LOOP('',(#17430,#17436,#17437,#17438));
#17430 = ORIENTED_EDGE('',*,*,#17431,.T.);
#17431 = EDGE_CURVE('',#17246,#17319,#17432,.T.);
#17432 = LINE('',#17433,#17434);
#17433 = CARTESIAN_POINT('',(-0.1,-0.25,1.25));
#17434 = VECTOR('',#17435,1.);
#17435 = DIRECTION('',(1.,-1.110223024625E-16,0.));
#17436 = ORIENTED_EDGE('',*,*,#17326,.T.);
#17437 = ORIENTED_EDGE('',*,*,#17414,.F.);
#17438 = ORIENTED_EDGE('',*,*,#17253,.F.);
#17439 = PLANE('',#17440);
#17440 = AXIS2_PLACEMENT_3D('',#17441,#17442,#17443);
#17441 = CARTESIAN_POINT('',(-0.1,-0.25,1.25));
#17442 = DIRECTION('',(0.,0.,1.));
#17443 = DIRECTION('',(1.110223024625E-16,1.,-0.));
#17444 = ADVANCED_FACE('',(#17445),#17451,.T.);
#17445 = FACE_BOUND('',#17446,.T.);
#17446 = EDGE_LOOP('',(#17447,#17448,#17449,#17450));
#17447 = ORIENTED_EDGE('',*,*,#17353,.T.);
#17448 = ORIENTED_EDGE('',*,*,#17318,.T.);
#17449 = ORIENTED_EDGE('',*,*,#17431,.F.);
#17450 = ORIENTED_EDGE('',*,*,#17245,.F.);
#17451 = PLANE('',#17452);
#17452 = AXIS2_PLACEMENT_3D('',#17453,#17454,#17455);
#17453 = CARTESIAN_POINT('',(-0.1,-0.25,7.35));
#17454 = DIRECTION('',(1.110223024625E-16,1.,0.));
#17455 = DIRECTION('',(0.,0.,-1.));
#17456 = ( GEOMETRIC_REPRESENTATION_CONTEXT(3) 
GLOBAL_UNCERTAINTY_ASSIGNED_CONTEXT((#17460)) 
GLOBAL_UNIT_ASSIGNED_CONTEXT((#17457,#17458,#17459)) 
REPRESENTATION_CONTEXT('Context #1',
  '3D Context with UNIT and UNCERTAINTY') );
#17457 = ( LENGTH_UNIT() NAMED_UNIT(*) SI_UNIT(.MILLI.,.METRE.) );
#17458 = ( NAMED_UNIT(*) PLANE_ANGLE_UNIT() SI_UNIT($,.RADIAN.) );
#17459 = ( NAMED_UNIT(*) SI_UNIT($,.STERADIAN.) SOLID_ANGLE_UNIT() );
#17460 = UNCERTAINTY_MEASURE_WITH_UNIT(LENGTH_MEASURE(1.E-07),#17457,
  'distance_accuracy_value','confusion accuracy');
#17461 = CONTEXT_DEPENDENT_SHAPE_REPRESENTATION(#17462,#17464);
#17462 = ( REPRESENTATION_RELATIONSHIP('','',#15621,#10) 
REPRESENTATION_RELATIONSHIP_WITH_TRANSFORMATION(#17463) 
SHAPE_REPRESENTATION_RELATIONSHIP() );
#17463 = ITEM_DEFINED_TRANSFORMATION('','',#11,#147);
#17464 = PRODUCT_DEFINITION_SHAPE('Placement','Placement of an item',
  #17465);
#17465 = NEXT_ASSEMBLY_USAGE_OCCURRENCE('34','J3','',#5,#15616,$);
#17466 = PRODUCT_RELATED_PRODUCT_CATEGORY('part',$,(#15618));
#17467 = SHAPE_DEFINITION_REPRESENTATION(#17468,#17474);
#17468 = PRODUCT_DEFINITION_SHAPE('','',#17469);
#17469 = PRODUCT_DEFINITION('design','',#17470,#17473);
#17470 = PRODUCT_DEFINITION_FORMATION('','',#17471);
#17471 = PRODUCT('GlucoBit-v2_PCB','GlucoBit-v2_PCB','',(#17472));
#17472 = PRODUCT_CONTEXT('',#2,'mechanical');
#17473 = PRODUCT_DEFINITION_CONTEXT('part definition',#2,'design');
#17474 = ADVANCED_BREP_SHAPE_REPRESENTATION('',(#11,#17475),#19037);
#17475 = MANIFOLD_SOLID_BREP('',#17476);
#17476 = CLOSED_SHELL('',(#17477,#17517,#17548,#17579,#17979,#18379,
    #18396,#18408,#18425,#18442,#18464,#18481,#18498,#18510,#18532,
    #18549,#18566,#18578,#18595,#18612,#18629,#18646,#18663,#18680,
    #18697,#18714,#18731,#18748,#18765,#18787,#18804,#18821,#18833,
    #18855,#18872,#18889,#18901,#18918,#18935,#18952,#18969,#18986,
    #19003,#19020));
#17477 = ADVANCED_FACE('',(#17478),#17512,.T.);
#17478 = FACE_BOUND('',#17479,.T.);
#17479 = EDGE_LOOP('',(#17480,#17490,#17498,#17506));
#17480 = ORIENTED_EDGE('',*,*,#17481,.T.);
#17481 = EDGE_CURVE('',#17482,#17484,#17486,.T.);
#17482 = VERTEX_POINT('',#17483);
#17483 = CARTESIAN_POINT('',(171.6,-104.039586,0.));
#17484 = VERTEX_POINT('',#17485);
#17485 = CARTESIAN_POINT('',(171.6,-104.039586,1.51));
#17486 = LINE('',#17487,#17488);
#17487 = CARTESIAN_POINT('',(171.6,-104.039586,0.));
#17488 = VECTOR('',#17489,1.);
#17489 = DIRECTION('',(0.,0.,1.));
#17490 = ORIENTED_EDGE('',*,*,#17491,.T.);
#17491 = EDGE_CURVE('',#17484,#17492,#17494,.T.);
#17492 = VERTEX_POINT('',#17493);
#17493 = CARTESIAN_POINT('',(163.251788,-104.039586,1.51));
#17494 = LINE('',#17495,#17496);
#17495 = CARTESIAN_POINT('',(171.6,-104.039586,1.51));
#17496 = VECTOR('',#17497,1.);
#17497 = DIRECTION('',(-1.,0.,0.));
#17498 = ORIENTED_EDGE('',*,*,#17499,.F.);
#17499 = EDGE_CURVE('',#17500,#17492,#17502,.T.);
#17500 = VERTEX_POINT('',#17501);
#17501 = CARTESIAN_POINT('',(163.251788,-104.039586,0.));
#17502 = LINE('',#17503,#17504);
#17503 = CARTESIAN_POINT('',(163.251788,-104.039586,0.));
#17504 = VECTOR('',#17505,1.);
#17505 = DIRECTION('',(0.,0.,1.));
#17506 = ORIENTED_EDGE('',*,*,#17507,.F.);
#17507 = EDGE_CURVE('',#17482,#17500,#17508,.T.);
#17508 = LINE('',#17509,#17510);
#17509 = CARTESIAN_POINT('',(171.6,-104.039586,0.));
#17510 = VECTOR('',#17511,1.);
#17511 = DIRECTION('',(-1.,0.,0.));
#17512 = PLANE('',#17513);
#17513 = AXIS2_PLACEMENT_3D('',#17514,#17515,#17516);
#17514 = CARTESIAN_POINT('',(171.6,-104.039586,0.));
#17515 = DIRECTION('',(0.,-1.,0.));
#17516 = DIRECTION('',(-1.,0.,0.));
#17517 = ADVANCED_FACE('',(#17518),#17543,.T.);
#17518 = FACE_BOUND('',#17519,.T.);
#17519 = EDGE_LOOP('',(#17520,#17530,#17536,#17537));
#17520 = ORIENTED_EDGE('',*,*,#17521,.T.);
#17521 = EDGE_CURVE('',#17522,#17524,#17526,.T.);
#17522 = VERTEX_POINT('',#17523);
#17523 = CARTESIAN_POINT('',(171.6,-73.639586,0.));
#17524 = VERTEX_POINT('',#17525);
#17525 = CARTESIAN_POINT('',(171.6,-73.639586,1.51));
#17526 = LINE('',#17527,#17528);
#17527 = CARTESIAN_POINT('',(171.6,-73.639586,0.));
#17528 = VECTOR('',#17529,1.);
#17529 = DIRECTION('',(0.,0.,1.));
#17530 = ORIENTED_EDGE('',*,*,#17531,.T.);
#17531 = EDGE_CURVE('',#17524,#17484,#17532,.T.);
#17532 = LINE('',#17533,#17534);
#17533 = CARTESIAN_POINT('',(171.6,-73.639586,1.51));
#17534 = VECTOR('',#17535,1.);
#17535 = DIRECTION('',(0.,-1.,0.));
#17536 = ORIENTED_EDGE('',*,*,#17481,.F.);
#17537 = ORIENTED_EDGE('',*,*,#17538,.F.);
#17538 = EDGE_CURVE('',#17522,#17482,#17539,.T.);
#17539 = LINE('',#17540,#17541);
#17540 = CARTESIAN_POINT('',(171.6,-73.639586,0.));
#17541 = VECTOR('',#17542,1.);
#17542 = DIRECTION('',(0.,-1.,0.));
#17543 = PLANE('',#17544);
#17544 = AXIS2_PLACEMENT_3D('',#17545,#17546,#17547);
#17545 = CARTESIAN_POINT('',(171.6,-73.639586,0.));
#17546 = DIRECTION('',(1.,0.,-0.));
#17547 = DIRECTION('',(0.,-1.,0.));
#17548 = ADVANCED_FACE('',(#17549),#17574,.T.);
#17549 = FACE_BOUND('',#17550,.T.);
#17550 = EDGE_LOOP('',(#17551,#17552,#17560,#17568));
#17551 = ORIENTED_EDGE('',*,*,#17499,.T.);
#17552 = ORIENTED_EDGE('',*,*,#17553,.T.);
#17553 = EDGE_CURVE('',#17492,#17554,#17556,.T.);
#17554 = VERTEX_POINT('',#17555);
#17555 = CARTESIAN_POINT('',(116.6,-104.039586,1.51));
#17556 = LINE('',#17557,#17558);
#17557 = CARTESIAN_POINT('',(163.251788,-104.039586,1.51));
#17558 = VECTOR('',#17559,1.);
#17559 = DIRECTION('',(-1.,0.,0.));
#17560 = ORIENTED_EDGE('',*,*,#17561,.F.);
#17561 = EDGE_CURVE('',#17562,#17554,#17564,.T.);
#17562 = VERTEX_POINT('',#17563);
#17563 = CARTESIAN_POINT('',(116.6,-104.039586,0.));
#17564 = LINE('',#17565,#17566);
#17565 = CARTESIAN_POINT('',(116.6,-104.039586,0.));
#17566 = VECTOR('',#17567,1.);
#17567 = DIRECTION('',(0.,0.,1.));
#17568 = ORIENTED_EDGE('',*,*,#17569,.F.);
#17569 = EDGE_CURVE('',#17500,#17562,#17570,.T.);
#17570 = LINE('',#17571,#17572);
#17571 = CARTESIAN_POINT('',(163.251788,-104.039586,0.));
#17572 = VECTOR('',#17573,1.);
#17573 = DIRECTION('',(-1.,0.,0.));
#17574 = PLANE('',#17575);
#17575 = AXIS2_PLACEMENT_3D('',#17576,#17577,#17578);
#17576 = CARTESIAN_POINT('',(163.251788,-104.039586,0.));
#17577 = DIRECTION('',(0.,-1.,0.));
#17578 = DIRECTION('',(-1.,0.,0.));
#17579 = ADVANCED_FACE('',(#17580,#17599,#17610,#17621,#17657,#17693,
    #17704,#17715,#17726,#17737,#17748,#17759,#17770,#17781,#17792,
    #17803,#17814,#17850,#17886,#17897,#17908,#17919,#17930,#17941,
    #17952,#17963),#17974,.F.);
#17580 = FACE_BOUND('',#17581,.F.);
#17581 = EDGE_LOOP('',(#17582,#17583,#17584,#17592,#17598));
#17582 = ORIENTED_EDGE('',*,*,#17507,.F.);
#17583 = ORIENTED_EDGE('',*,*,#17538,.F.);
#17584 = ORIENTED_EDGE('',*,*,#17585,.F.);
#17585 = EDGE_CURVE('',#17586,#17522,#17588,.T.);
#17586 = VERTEX_POINT('',#17587);
#17587 = CARTESIAN_POINT('',(116.6,-73.639586,0.));
#17588 = LINE('',#17589,#17590);
#17589 = CARTESIAN_POINT('',(116.6,-73.639586,0.));
#17590 = VECTOR('',#17591,1.);
#17591 = DIRECTION('',(1.,0.,0.));
#17592 = ORIENTED_EDGE('',*,*,#17593,.F.);
#17593 = EDGE_CURVE('',#17562,#17586,#17594,.T.);
#17594 = LINE('',#17595,#17596);
#17595 = CARTESIAN_POINT('',(116.6,-104.039586,0.));
#17596 = VECTOR('',#17597,1.);
#17597 = DIRECTION('',(0.,1.,0.));
#17598 = ORIENTED_EDGE('',*,*,#17569,.F.);
#17599 = FACE_BOUND('',#17600,.F.);
#17600 = EDGE_LOOP('',(#17601));
#17601 = ORIENTED_EDGE('',*,*,#17602,.F.);
#17602 = EDGE_CURVE('',#17603,#17603,#17605,.T.);
#17603 = VERTEX_POINT('',#17604);
#17604 = CARTESIAN_POINT('',(119.6,-102.039586,0.));
#17605 = CIRCLE('',#17606,1.);
#17606 = AXIS2_PLACEMENT_3D('',#17607,#17608,#17609);
#17607 = CARTESIAN_POINT('',(118.6,-102.039586,0.));
#17608 = DIRECTION('',(0.,0.,1.));
#17609 = DIRECTION('',(1.,0.,-0.));
#17610 = FACE_BOUND('',#17611,.F.);
#17611 = EDGE_LOOP('',(#17612));
#17612 = ORIENTED_EDGE('',*,*,#17613,.T.);
#17613 = EDGE_CURVE('',#17614,#17614,#17616,.T.);
#17614 = VERTEX_POINT('',#17615);
#17615 = CARTESIAN_POINT('',(141.35,-98.088436,0.));
#17616 = CIRCLE('',#17617,0.4445);
#17617 = AXIS2_PLACEMENT_3D('',#17618,#17619,#17620);
#17618 = CARTESIAN_POINT('',(141.35,-97.643936,0.));
#17619 = DIRECTION('',(-0.,0.,-1.));
#17620 = DIRECTION('',(-0.,-1.,0.));
#17621 = FACE_BOUND('',#17622,.F.);
#17622 = EDGE_LOOP('',(#17623,#17634,#17642,#17651));
#17623 = ORIENTED_EDGE('',*,*,#17624,.T.);
#17624 = EDGE_CURVE('',#17625,#17627,#17629,.T.);
#17625 = VERTEX_POINT('',#17626);
#17626 = CARTESIAN_POINT('',(117.91,-93.319586,0.));
#17627 = VERTEX_POINT('',#17628);
#17628 = CARTESIAN_POINT('',(117.91,-92.499586,0.));
#17629 = CIRCLE('',#17630,0.41);
#17630 = AXIS2_PLACEMENT_3D('',#17631,#17632,#17633);
#17631 = CARTESIAN_POINT('',(117.91,-92.909586,0.));
#17632 = DIRECTION('',(-0.,0.,-1.));
#17633 = DIRECTION('',(0.,1.,0.));
#17634 = ORIENTED_EDGE('',*,*,#17635,.T.);
#17635 = EDGE_CURVE('',#17627,#17636,#17638,.T.);
#17636 = VERTEX_POINT('',#17637);
#17637 = CARTESIAN_POINT('',(118.49,-92.499586,0.));
#17638 = LINE('',#17639,#17640);
#17639 = CARTESIAN_POINT('',(59.245,-92.499586,0.));
#17640 = VECTOR('',#17641,1.);
#17641 = DIRECTION('',(1.,0.,-0.));
#17642 = ORIENTED_EDGE('',*,*,#17643,.T.);
#17643 = EDGE_CURVE('',#17636,#17644,#17646,.T.);
#17644 = VERTEX_POINT('',#17645);
#17645 = CARTESIAN_POINT('',(118.49,-93.319586,0.));
#17646 = CIRCLE('',#17647,0.41);
#17647 = AXIS2_PLACEMENT_3D('',#17648,#17649,#17650);
#17648 = CARTESIAN_POINT('',(118.49,-92.909586,0.));
#17649 = DIRECTION('',(-0.,0.,-1.));
#17650 = DIRECTION('',(-0.,-1.,0.));
#17651 = ORIENTED_EDGE('',*,*,#17652,.T.);
#17652 = EDGE_CURVE('',#17644,#17625,#17653,.T.);
#17653 = LINE('',#17654,#17655);
#17654 = CARTESIAN_POINT('',(58.955,-93.319586,0.));
#17655 = VECTOR('',#17656,1.);
#17656 = DIRECTION('',(-1.,0.,0.));
#17657 = FACE_BOUND('',#17658,.F.);
#17658 = EDGE_LOOP('',(#17659,#17670,#17678,#17687));
#17659 = ORIENTED_EDGE('',*,*,#17660,.T.);
#17660 = EDGE_CURVE('',#17661,#17663,#17665,.T.);
#17661 = VERTEX_POINT('',#17662);
#17662 = CARTESIAN_POINT('',(121.94,-93.319586,0.));
#17663 = VERTEX_POINT('',#17664);
#17664 = CARTESIAN_POINT('',(121.94,-92.499586,0.));
#17665 = CIRCLE('',#17666,0.41);
#17666 = AXIS2_PLACEMENT_3D('',#17667,#17668,#17669);
#17667 = CARTESIAN_POINT('',(121.94,-92.909586,0.));
#17668 = DIRECTION('',(-0.,0.,-1.));
#17669 = DIRECTION('',(0.,1.,0.));
#17670 = ORIENTED_EDGE('',*,*,#17671,.T.);
#17671 = EDGE_CURVE('',#17663,#17672,#17674,.T.);
#17672 = VERTEX_POINT('',#17673);
#17673 = CARTESIAN_POINT('',(122.82,-92.499586,0.));
#17674 = LINE('',#17675,#17676);
#17675 = CARTESIAN_POINT('',(61.41,-92.499586,0.));
#17676 = VECTOR('',#17677,1.);
#17677 = DIRECTION('',(1.,0.,-0.));
#17678 = ORIENTED_EDGE('',*,*,#17679,.T.);
#17679 = EDGE_CURVE('',#17672,#17680,#17682,.T.);
#17680 = VERTEX_POINT('',#17681);
#17681 = CARTESIAN_POINT('',(122.82,-93.319586,0.));
#17682 = CIRCLE('',#17683,0.41);
#17683 = AXIS2_PLACEMENT_3D('',#17684,#17685,#17686);
#17684 = CARTESIAN_POINT('',(122.82,-92.909586,0.));
#17685 = DIRECTION('',(-0.,0.,-1.));
#17686 = DIRECTION('',(-3.466062125659E-14,-1.,0.));
#17687 = ORIENTED_EDGE('',*,*,#17688,.T.);
#17688 = EDGE_CURVE('',#17680,#17661,#17689,.T.);
#17689 = LINE('',#17690,#17691);
#17690 = CARTESIAN_POINT('',(60.97,-93.319586,0.));
#17691 = VECTOR('',#17692,1.);
#17692 = DIRECTION('',(-1.,0.,0.));
#17693 = FACE_BOUND('',#17694,.F.);
#17694 = EDGE_LOOP('',(#17695));
#17695 = ORIENTED_EDGE('',*,*,#17696,.T.);
#17696 = EDGE_CURVE('',#17697,#17697,#17699,.T.);
#17697 = VERTEX_POINT('',#17698);
#17698 = CARTESIAN_POINT('',(121.88,-91.804586,0.));
#17699 = CIRCLE('',#17700,0.325);
#17700 = AXIS2_PLACEMENT_3D('',#17701,#17702,#17703);
#17701 = CARTESIAN_POINT('',(121.88,-91.479586,0.));
#17702 = DIRECTION('',(-0.,0.,-1.));
#17703 = DIRECTION('',(-0.,-1.,0.));
#17704 = FACE_BOUND('',#17705,.F.);
#17705 = EDGE_LOOP('',(#17706));
#17706 = ORIENTED_EDGE('',*,*,#17707,.T.);
#17707 = EDGE_CURVE('',#17708,#17708,#17710,.T.);
#17708 = VERTEX_POINT('',#17709);
#17709 = CARTESIAN_POINT('',(129.85,-90.150836,0.));
#17710 = CIRCLE('',#17711,0.102);
#17711 = AXIS2_PLACEMENT_3D('',#17712,#17713,#17714);
#17712 = CARTESIAN_POINT('',(129.85,-90.048836,0.));
#17713 = DIRECTION('',(-0.,0.,-1.));
#17714 = DIRECTION('',(-0.,-1.,0.));
#17715 = FACE_BOUND('',#17716,.F.);
#17716 = EDGE_LOOP('',(#17717));
#17717 = ORIENTED_EDGE('',*,*,#17718,.T.);
#17718 = EDGE_CURVE('',#17719,#17719,#17721,.T.);
#17719 = VERTEX_POINT('',#17720);
#17720 = CARTESIAN_POINT('',(141.35,-95.588436,0.));
#17721 = CIRCLE('',#17722,0.4445);
#17722 = AXIS2_PLACEMENT_3D('',#17723,#17724,#17725);
#17723 = CARTESIAN_POINT('',(141.35,-95.143936,0.));
#17724 = DIRECTION('',(-0.,0.,-1.));
#17725 = DIRECTION('',(-0.,-1.,0.));
#17726 = FACE_BOUND('',#17727,.F.);
#17727 = EDGE_LOOP('',(#17728));
#17728 = ORIENTED_EDGE('',*,*,#17729,.T.);
#17729 = EDGE_CURVE('',#17730,#17730,#17732,.T.);
#17730 = VERTEX_POINT('',#17731);
#17731 = CARTESIAN_POINT('',(141.35,-93.088436,0.));
#17732 = CIRCLE('',#17733,0.4445);
#17733 = AXIS2_PLACEMENT_3D('',#17734,#17735,#17736);
#17734 = CARTESIAN_POINT('',(141.35,-92.643936,0.));
#17735 = DIRECTION('',(-0.,0.,-1.));
#17736 = DIRECTION('',(-0.,-1.,0.));
#17737 = FACE_BOUND('',#17738,.F.);
#17738 = EDGE_LOOP('',(#17739));
#17739 = ORIENTED_EDGE('',*,*,#17740,.T.);
#17740 = EDGE_CURVE('',#17741,#17741,#17743,.T.);
#17741 = VERTEX_POINT('',#17742);
#17742 = CARTESIAN_POINT('',(141.35,-90.588436,0.));
#17743 = CIRCLE('',#17744,0.4445);
#17744 = AXIS2_PLACEMENT_3D('',#17745,#17746,#17747);
#17745 = CARTESIAN_POINT('',(141.35,-90.143936,0.));
#17746 = DIRECTION('',(-0.,0.,-1.));
#17747 = DIRECTION('',(-0.,-1.,0.));
#17748 = FACE_BOUND('',#17749,.F.);
#17749 = EDGE_LOOP('',(#17750));
#17750 = ORIENTED_EDGE('',*,*,#17751,.T.);
#17751 = EDGE_CURVE('',#17752,#17752,#17754,.T.);
#17752 = VERTEX_POINT('',#17753);
#17753 = CARTESIAN_POINT('',(148.3,-102.2,0.));
#17754 = CIRCLE('',#17755,0.4);
#17755 = AXIS2_PLACEMENT_3D('',#17756,#17757,#17758);
#17756 = CARTESIAN_POINT('',(148.3,-101.8,0.));
#17757 = DIRECTION('',(-0.,0.,-1.));
#17758 = DIRECTION('',(-0.,-1.,0.));
#17759 = FACE_BOUND('',#17760,.F.);
#17760 = EDGE_LOOP('',(#17761));
#17761 = ORIENTED_EDGE('',*,*,#17762,.T.);
#17762 = EDGE_CURVE('',#17763,#17763,#17765,.T.);
#17763 = VERTEX_POINT('',#17764);
#17764 = CARTESIAN_POINT('',(150.3,-102.2,0.));
#17765 = CIRCLE('',#17766,0.4);
#17766 = AXIS2_PLACEMENT_3D('',#17767,#17768,#17769);
#17767 = CARTESIAN_POINT('',(150.3,-101.8,0.));
#17768 = DIRECTION('',(-0.,0.,-1.));
#17769 = DIRECTION('',(-0.,-1.,0.));
#17770 = FACE_BOUND('',#17771,.F.);
#17771 = EDGE_LOOP('',(#17772));
#17772 = ORIENTED_EDGE('',*,*,#17773,.T.);
#17773 = EDGE_CURVE('',#17774,#17774,#17776,.T.);
#17774 = VERTEX_POINT('',#17775);
#17775 = CARTESIAN_POINT('',(161.4,-102.2,0.));
#17776 = CIRCLE('',#17777,0.4);
#17777 = AXIS2_PLACEMENT_3D('',#17778,#17779,#17780);
#17778 = CARTESIAN_POINT('',(161.4,-101.8,0.));
#17779 = DIRECTION('',(-0.,0.,-1.));
#17780 = DIRECTION('',(-0.,-1.,0.));
#17781 = FACE_BOUND('',#17782,.F.);
#17782 = EDGE_LOOP('',(#17783));
#17783 = ORIENTED_EDGE('',*,*,#17784,.T.);
#17784 = EDGE_CURVE('',#17785,#17785,#17787,.T.);
#17785 = VERTEX_POINT('',#17786);
#17786 = CARTESIAN_POINT('',(163.4,-102.2,0.));
#17787 = CIRCLE('',#17788,0.4);
#17788 = AXIS2_PLACEMENT_3D('',#17789,#17790,#17791);
#17789 = CARTESIAN_POINT('',(163.4,-101.8,0.));
#17790 = DIRECTION('',(-0.,0.,-1.));
#17791 = DIRECTION('',(-0.,-1.,0.));
#17792 = FACE_BOUND('',#17793,.F.);
#17793 = EDGE_LOOP('',(#17794));
#17794 = ORIENTED_EDGE('',*,*,#17795,.F.);
#17795 = EDGE_CURVE('',#17796,#17796,#17798,.T.);
#17796 = VERTEX_POINT('',#17797);
#17797 = CARTESIAN_POINT('',(170.6,-102.039586,0.));
#17798 = CIRCLE('',#17799,1.);
#17799 = AXIS2_PLACEMENT_3D('',#17800,#17801,#17802);
#17800 = CARTESIAN_POINT('',(169.6,-102.039586,0.));
#17801 = DIRECTION('',(0.,0.,1.));
#17802 = DIRECTION('',(1.,0.,-0.));
#17803 = FACE_BOUND('',#17804,.F.);
#17804 = EDGE_LOOP('',(#17805));
#17805 = ORIENTED_EDGE('',*,*,#17806,.T.);
#17806 = EDGE_CURVE('',#17807,#17807,#17809,.T.);
#17807 = VERTEX_POINT('',#17808);
#17808 = CARTESIAN_POINT('',(121.88,-86.024586,0.));
#17809 = CIRCLE('',#17810,0.325);
#17810 = AXIS2_PLACEMENT_3D('',#17811,#17812,#17813);
#17811 = CARTESIAN_POINT('',(121.88,-85.699586,0.));
#17812 = DIRECTION('',(-0.,0.,-1.));
#17813 = DIRECTION('',(-0.,-1.,0.));
#17814 = FACE_BOUND('',#17815,.F.);
#17815 = EDGE_LOOP('',(#17816,#17827,#17835,#17844));
#17816 = ORIENTED_EDGE('',*,*,#17817,.T.);
#17817 = EDGE_CURVE('',#17818,#17820,#17822,.T.);
#17818 = VERTEX_POINT('',#17819);
#17819 = CARTESIAN_POINT('',(117.91,-84.679586,0.));
#17820 = VERTEX_POINT('',#17821);
#17821 = CARTESIAN_POINT('',(117.91,-83.859586,0.));
#17822 = CIRCLE('',#17823,0.41);
#17823 = AXIS2_PLACEMENT_3D('',#17824,#17825,#17826);
#17824 = CARTESIAN_POINT('',(117.91,-84.269586,0.));
#17825 = DIRECTION('',(-0.,0.,-1.));
#17826 = DIRECTION('',(-3.466062125659E-14,1.,0.));
#17827 = ORIENTED_EDGE('',*,*,#17828,.T.);
#17828 = EDGE_CURVE('',#17820,#17829,#17831,.T.);
#17829 = VERTEX_POINT('',#17830);
#17830 = CARTESIAN_POINT('',(118.49,-83.859586,0.));
#17831 = LINE('',#17832,#17833);
#17832 = CARTESIAN_POINT('',(59.245,-83.859586,0.));
#17833 = VECTOR('',#17834,1.);
#17834 = DIRECTION('',(1.,0.,-0.));
#17835 = ORIENTED_EDGE('',*,*,#17836,.T.);
#17836 = EDGE_CURVE('',#17829,#17837,#17839,.T.);
#17837 = VERTEX_POINT('',#17838);
#17838 = CARTESIAN_POINT('',(118.49,-84.679586,0.));
#17839 = CIRCLE('',#17840,0.41);
#17840 = AXIS2_PLACEMENT_3D('',#17841,#17842,#17843);
#17841 = CARTESIAN_POINT('',(118.49,-84.269586,0.));
#17842 = DIRECTION('',(-0.,0.,-1.));
#17843 = DIRECTION('',(-0.,-1.,0.));
#17844 = ORIENTED_EDGE('',*,*,#17845,.T.);
#17845 = EDGE_CURVE('',#17837,#17818,#17846,.T.);
#17846 = LINE('',#17847,#17848);
#17847 = CARTESIAN_POINT('',(58.955,-84.679586,0.));
#17848 = VECTOR('',#17849,1.);
#17849 = DIRECTION('',(-1.,0.,0.));
#17850 = FACE_BOUND('',#17851,.F.);
#17851 = EDGE_LOOP('',(#17852,#17863,#17871,#17880));
#17852 = ORIENTED_EDGE('',*,*,#17853,.T.);
#17853 = EDGE_CURVE('',#17854,#17856,#17858,.T.);
#17854 = VERTEX_POINT('',#17855);
#17855 = CARTESIAN_POINT('',(121.94,-84.679586,0.));
#17856 = VERTEX_POINT('',#17857);
#17857 = CARTESIAN_POINT('',(121.94,-83.859586,0.));
#17858 = CIRCLE('',#17859,0.41);
#17859 = AXIS2_PLACEMENT_3D('',#17860,#17861,#17862);
#17860 = CARTESIAN_POINT('',(121.94,-84.269586,0.));
#17861 = DIRECTION('',(-0.,0.,-1.));
#17862 = DIRECTION('',(-3.466062125659E-14,1.,0.));
#17863 = ORIENTED_EDGE('',*,*,#17864,.T.);
#17864 = EDGE_CURVE('',#17856,#17865,#17867,.T.);
#17865 = VERTEX_POINT('',#17866);
#17866 = CARTESIAN_POINT('',(122.82,-83.859586,0.));
#17867 = LINE('',#17868,#17869);
#17868 = CARTESIAN_POINT('',(61.41,-83.859586,0.));
#17869 = VECTOR('',#17870,1.);
#17870 = DIRECTION('',(1.,0.,-0.));
#17871 = ORIENTED_EDGE('',*,*,#17872,.T.);
#17872 = EDGE_CURVE('',#17865,#17873,#17875,.T.);
#17873 = VERTEX_POINT('',#17874);
#17874 = CARTESIAN_POINT('',(122.82,-84.679586,0.));
#17875 = CIRCLE('',#17876,0.41);
#17876 = AXIS2_PLACEMENT_3D('',#17877,#17878,#17879);
#17877 = CARTESIAN_POINT('',(122.82,-84.269586,0.));
#17878 = DIRECTION('',(-0.,0.,-1.));
#17879 = DIRECTION('',(-3.466062125659E-14,-1.,0.));
#17880 = ORIENTED_EDGE('',*,*,#17881,.T.);
#17881 = EDGE_CURVE('',#17873,#17854,#17882,.T.);
#17882 = LINE('',#17883,#17884);
#17883 = CARTESIAN_POINT('',(60.97,-84.679586,0.));
#17884 = VECTOR('',#17885,1.);
#17885 = DIRECTION('',(-1.,0.,0.));
#17886 = FACE_BOUND('',#17887,.F.);
#17887 = EDGE_LOOP('',(#17888));
#17888 = ORIENTED_EDGE('',*,*,#17889,.T.);
#17889 = EDGE_CURVE('',#17890,#17890,#17892,.T.);
#17890 = VERTEX_POINT('',#17891);
#17891 = CARTESIAN_POINT('',(141.35,-88.088436,0.));
#17892 = CIRCLE('',#17893,0.4445);
#17893 = AXIS2_PLACEMENT_3D('',#17894,#17895,#17896);
#17894 = CARTESIAN_POINT('',(141.35,-87.643936,0.));
#17895 = DIRECTION('',(-0.,0.,-1.));
#17896 = DIRECTION('',(-0.,-1.,0.));
#17897 = FACE_BOUND('',#17898,.F.);
#17898 = EDGE_LOOP('',(#17899));
#17899 = ORIENTED_EDGE('',*,*,#17900,.T.);
#17900 = EDGE_CURVE('',#17901,#17901,#17903,.T.);
#17901 = VERTEX_POINT('',#17902);
#17902 = CARTESIAN_POINT('',(141.35,-85.588436,0.));
#17903 = CIRCLE('',#17904,0.4445);
#17904 = AXIS2_PLACEMENT_3D('',#17905,#17906,#17907);
#17905 = CARTESIAN_POINT('',(141.35,-85.143936,0.));
#17906 = DIRECTION('',(-0.,0.,-1.));
#17907 = DIRECTION('',(-0.,-1.,0.));
#17908 = FACE_BOUND('',#17909,.F.);
#17909 = EDGE_LOOP('',(#17910));
#17910 = ORIENTED_EDGE('',*,*,#17911,.T.);
#17911 = EDGE_CURVE('',#17912,#17912,#17914,.T.);
#17912 = VERTEX_POINT('',#17913);
#17913 = CARTESIAN_POINT('',(141.35,-83.088436,0.));
#17914 = CIRCLE('',#17915,0.4445);
#17915 = AXIS2_PLACEMENT_3D('',#17916,#17917,#17918);
#17916 = CARTESIAN_POINT('',(141.35,-82.643936,0.));
#17917 = DIRECTION('',(-0.,0.,-1.));
#17918 = DIRECTION('',(-0.,-1.,0.));
#17919 = FACE_BOUND('',#17920,.F.);
#17920 = EDGE_LOOP('',(#17921));
#17921 = ORIENTED_EDGE('',*,*,#17922,.F.);
#17922 = EDGE_CURVE('',#17923,#17923,#17925,.T.);
#17923 = VERTEX_POINT('',#17924);
#17924 = CARTESIAN_POINT('',(119.6,-75.639586,0.));
#17925 = CIRCLE('',#17926,1.);
#17926 = AXIS2_PLACEMENT_3D('',#17927,#17928,#17929);
#17927 = CARTESIAN_POINT('',(118.6,-75.639586,0.));
#17928 = DIRECTION('',(0.,0.,1.));
#17929 = DIRECTION('',(1.,0.,-0.));
#17930 = FACE_BOUND('',#17931,.F.);
#17931 = EDGE_LOOP('',(#17932));
#17932 = ORIENTED_EDGE('',*,*,#17933,.T.);
#17933 = EDGE_CURVE('',#17934,#17934,#17936,.T.);
#17934 = VERTEX_POINT('',#17935);
#17935 = CARTESIAN_POINT('',(136.2,-78.732,0.));
#17936 = CIRCLE('',#17937,0.5);
#17937 = AXIS2_PLACEMENT_3D('',#17938,#17939,#17940);
#17938 = CARTESIAN_POINT('',(136.2,-78.232,0.));
#17939 = DIRECTION('',(-0.,0.,-1.));
#17940 = DIRECTION('',(-0.,-1.,0.));
#17941 = FACE_BOUND('',#17942,.F.);
#17942 = EDGE_LOOP('',(#17943));
#17943 = ORIENTED_EDGE('',*,*,#17944,.T.);
#17944 = EDGE_CURVE('',#17945,#17945,#17947,.T.);
#17945 = VERTEX_POINT('',#17946);
#17946 = CARTESIAN_POINT('',(141.35,-80.588436,0.));
#17947 = CIRCLE('',#17948,0.4445);
#17948 = AXIS2_PLACEMENT_3D('',#17949,#17950,#17951);
#17949 = CARTESIAN_POINT('',(141.35,-80.143936,0.));
#17950 = DIRECTION('',(-0.,0.,-1.));
#17951 = DIRECTION('',(-0.,-1.,0.));
#17952 = FACE_BOUND('',#17953,.F.);
#17953 = EDGE_LOOP('',(#17954));
#17954 = ORIENTED_EDGE('',*,*,#17955,.T.);
#17955 = EDGE_CURVE('',#17956,#17956,#17958,.T.);
#17956 = VERTEX_POINT('',#17957);
#17957 = CARTESIAN_POINT('',(136.2,-76.192,0.));
#17958 = CIRCLE('',#17959,0.5);
#17959 = AXIS2_PLACEMENT_3D('',#17960,#17961,#17962);
#17960 = CARTESIAN_POINT('',(136.2,-75.692,0.));
#17961 = DIRECTION('',(-0.,0.,-1.));
#17962 = DIRECTION('',(-0.,-1.,0.));
#17963 = FACE_BOUND('',#17964,.F.);
#17964 = EDGE_LOOP('',(#17965));
#17965 = ORIENTED_EDGE('',*,*,#17966,.F.);
#17966 = EDGE_CURVE('',#17967,#17967,#17969,.T.);
#17967 = VERTEX_POINT('',#17968);
#17968 = CARTESIAN_POINT('',(170.6,-75.639586,0.));
#17969 = CIRCLE('',#17970,1.);
#17970 = AXIS2_PLACEMENT_3D('',#17971,#17972,#17973);
#17971 = CARTESIAN_POINT('',(169.6,-75.639586,0.));
#17972 = DIRECTION('',(0.,0.,1.));
#17973 = DIRECTION('',(1.,0.,-0.));
#17974 = PLANE('',#17975);
#17975 = AXIS2_PLACEMENT_3D('',#17976,#17977,#17978);
#17976 = CARTESIAN_POINT('',(0.,0.,0.));
#17977 = DIRECTION('',(0.,0.,1.));
#17978 = DIRECTION('',(1.,0.,-0.));
#17979 = ADVANCED_FACE('',(#17980,#17999,#18010,#18021,#18057,#18093,
    #18104,#18115,#18126,#18137,#18148,#18159,#18170,#18181,#18192,
    #18203,#18214,#18250,#18286,#18297,#18308,#18319,#18330,#18341,
    #18352,#18363),#18374,.T.);
#17980 = FACE_BOUND('',#17981,.T.);
#17981 = EDGE_LOOP('',(#17982,#17983,#17984,#17992,#17998));
#17982 = ORIENTED_EDGE('',*,*,#17491,.F.);
#17983 = ORIENTED_EDGE('',*,*,#17531,.F.);
#17984 = ORIENTED_EDGE('',*,*,#17985,.F.);
#17985 = EDGE_CURVE('',#17986,#17524,#17988,.T.);
#17986 = VERTEX_POINT('',#17987);
#17987 = CARTESIAN_POINT('',(116.6,-73.639586,1.51));
#17988 = LINE('',#17989,#17990);
#17989 = CARTESIAN_POINT('',(116.6,-73.639586,1.51));
#17990 = VECTOR('',#17991,1.);
#17991 = DIRECTION('',(1.,0.,0.));
#17992 = ORIENTED_EDGE('',*,*,#17993,.F.);
#17993 = EDGE_CURVE('',#17554,#17986,#17994,.T.);
#17994 = LINE('',#17995,#17996);
#17995 = CARTESIAN_POINT('',(116.6,-104.039586,1.51));
#17996 = VECTOR('',#17997,1.);
#17997 = DIRECTION('',(0.,1.,0.));
#17998 = ORIENTED_EDGE('',*,*,#17553,.F.);
#17999 = FACE_BOUND('',#18000,.T.);
#18000 = EDGE_LOOP('',(#18001));
#18001 = ORIENTED_EDGE('',*,*,#18002,.F.);
#18002 = EDGE_CURVE('',#18003,#18003,#18005,.T.);
#18003 = VERTEX_POINT('',#18004);
#18004 = CARTESIAN_POINT('',(119.6,-102.039586,1.51));
#18005 = CIRCLE('',#18006,1.);
#18006 = AXIS2_PLACEMENT_3D('',#18007,#18008,#18009);
#18007 = CARTESIAN_POINT('',(118.6,-102.039586,1.51));
#18008 = DIRECTION('',(0.,0.,1.));
#18009 = DIRECTION('',(1.,0.,-0.));
#18010 = FACE_BOUND('',#18011,.T.);
#18011 = EDGE_LOOP('',(#18012));
#18012 = ORIENTED_EDGE('',*,*,#18013,.T.);
#18013 = EDGE_CURVE('',#18014,#18014,#18016,.T.);
#18014 = VERTEX_POINT('',#18015);
#18015 = CARTESIAN_POINT('',(141.35,-98.088436,1.51));
#18016 = CIRCLE('',#18017,0.4445);
#18017 = AXIS2_PLACEMENT_3D('',#18018,#18019,#18020);
#18018 = CARTESIAN_POINT('',(141.35,-97.643936,1.51));
#18019 = DIRECTION('',(-0.,0.,-1.));
#18020 = DIRECTION('',(-0.,-1.,0.));
#18021 = FACE_BOUND('',#18022,.T.);
#18022 = EDGE_LOOP('',(#18023,#18034,#18042,#18051));
#18023 = ORIENTED_EDGE('',*,*,#18024,.T.);
#18024 = EDGE_CURVE('',#18025,#18027,#18029,.T.);
#18025 = VERTEX_POINT('',#18026);
#18026 = CARTESIAN_POINT('',(117.91,-93.319586,1.51));
#18027 = VERTEX_POINT('',#18028);
#18028 = CARTESIAN_POINT('',(117.91,-92.499586,1.51));
#18029 = CIRCLE('',#18030,0.41);
#18030 = AXIS2_PLACEMENT_3D('',#18031,#18032,#18033);
#18031 = CARTESIAN_POINT('',(117.91,-92.909586,1.51));
#18032 = DIRECTION('',(-0.,0.,-1.));
#18033 = DIRECTION('',(0.,1.,0.));
#18034 = ORIENTED_EDGE('',*,*,#18035,.T.);
#18035 = EDGE_CURVE('',#18027,#18036,#18038,.T.);
#18036 = VERTEX_POINT('',#18037);
#18037 = CARTESIAN_POINT('',(118.49,-92.499586,1.51));
#18038 = LINE('',#18039,#18040);
#18039 = CARTESIAN_POINT('',(59.245,-92.499586,1.51));
#18040 = VECTOR('',#18041,1.);
#18041 = DIRECTION('',(1.,0.,-0.));
#18042 = ORIENTED_EDGE('',*,*,#18043,.T.);
#18043 = EDGE_CURVE('',#18036,#18044,#18046,.T.);
#18044 = VERTEX_POINT('',#18045);
#18045 = CARTESIAN_POINT('',(118.49,-93.319586,1.51));
#18046 = CIRCLE('',#18047,0.41);
#18047 = AXIS2_PLACEMENT_3D('',#18048,#18049,#18050);
#18048 = CARTESIAN_POINT('',(118.49,-92.909586,1.51));
#18049 = DIRECTION('',(-0.,0.,-1.));
#18050 = DIRECTION('',(-0.,-1.,0.));
#18051 = ORIENTED_EDGE('',*,*,#18052,.T.);
#18052 = EDGE_CURVE('',#18044,#18025,#18053,.T.);
#18053 = LINE('',#18054,#18055);
#18054 = CARTESIAN_POINT('',(58.955,-93.319586,1.51));
#18055 = VECTOR('',#18056,1.);
#18056 = DIRECTION('',(-1.,0.,0.));
#18057 = FACE_BOUND('',#18058,.T.);
#18058 = EDGE_LOOP('',(#18059,#18070,#18078,#18087));
#18059 = ORIENTED_EDGE('',*,*,#18060,.T.);
#18060 = EDGE_CURVE('',#18061,#18063,#18065,.T.);
#18061 = VERTEX_POINT('',#18062);
#18062 = CARTESIAN_POINT('',(121.94,-93.319586,1.51));
#18063 = VERTEX_POINT('',#18064);
#18064 = CARTESIAN_POINT('',(121.94,-92.499586,1.51));
#18065 = CIRCLE('',#18066,0.41);
#18066 = AXIS2_PLACEMENT_3D('',#18067,#18068,#18069);
#18067 = CARTESIAN_POINT('',(121.94,-92.909586,1.51));
#18068 = DIRECTION('',(-0.,0.,-1.));
#18069 = DIRECTION('',(0.,1.,0.));
#18070 = ORIENTED_EDGE('',*,*,#18071,.T.);
#18071 = EDGE_CURVE('',#18063,#18072,#18074,.T.);
#18072 = VERTEX_POINT('',#18073);
#18073 = CARTESIAN_POINT('',(122.82,-92.499586,1.51));
#18074 = LINE('',#18075,#18076);
#18075 = CARTESIAN_POINT('',(61.41,-92.499586,1.51));
#18076 = VECTOR('',#18077,1.);
#18077 = DIRECTION('',(1.,0.,-0.));
#18078 = ORIENTED_EDGE('',*,*,#18079,.T.);
#18079 = EDGE_CURVE('',#18072,#18080,#18082,.T.);
#18080 = VERTEX_POINT('',#18081);
#18081 = CARTESIAN_POINT('',(122.82,-93.319586,1.51));
#18082 = CIRCLE('',#18083,0.41);
#18083 = AXIS2_PLACEMENT_3D('',#18084,#18085,#18086);
#18084 = CARTESIAN_POINT('',(122.82,-92.909586,1.51));
#18085 = DIRECTION('',(-0.,0.,-1.));
#18086 = DIRECTION('',(-3.466062125659E-14,-1.,0.));
#18087 = ORIENTED_EDGE('',*,*,#18088,.T.);
#18088 = EDGE_CURVE('',#18080,#18061,#18089,.T.);
#18089 = LINE('',#18090,#18091);
#18090 = CARTESIAN_POINT('',(60.97,-93.319586,1.51));
#18091 = VECTOR('',#18092,1.);
#18092 = DIRECTION('',(-1.,0.,0.));
#18093 = FACE_BOUND('',#18094,.T.);
#18094 = EDGE_LOOP('',(#18095));
#18095 = ORIENTED_EDGE('',*,*,#18096,.T.);
#18096 = EDGE_CURVE('',#18097,#18097,#18099,.T.);
#18097 = VERTEX_POINT('',#18098);
#18098 = CARTESIAN_POINT('',(121.88,-91.804586,1.51));
#18099 = CIRCLE('',#18100,0.325);
#18100 = AXIS2_PLACEMENT_3D('',#18101,#18102,#18103);
#18101 = CARTESIAN_POINT('',(121.88,-91.479586,1.51));
#18102 = DIRECTION('',(-0.,0.,-1.));
#18103 = DIRECTION('',(-0.,-1.,0.));
#18104 = FACE_BOUND('',#18105,.T.);
#18105 = EDGE_LOOP('',(#18106));
#18106 = ORIENTED_EDGE('',*,*,#18107,.T.);
#18107 = EDGE_CURVE('',#18108,#18108,#18110,.T.);
#18108 = VERTEX_POINT('',#18109);
#18109 = CARTESIAN_POINT('',(129.85,-90.150836,1.51));
#18110 = CIRCLE('',#18111,0.102);
#18111 = AXIS2_PLACEMENT_3D('',#18112,#18113,#18114);
#18112 = CARTESIAN_POINT('',(129.85,-90.048836,1.51));
#18113 = DIRECTION('',(-0.,0.,-1.));
#18114 = DIRECTION('',(-0.,-1.,0.));
#18115 = FACE_BOUND('',#18116,.T.);
#18116 = EDGE_LOOP('',(#18117));
#18117 = ORIENTED_EDGE('',*,*,#18118,.T.);
#18118 = EDGE_CURVE('',#18119,#18119,#18121,.T.);
#18119 = VERTEX_POINT('',#18120);
#18120 = CARTESIAN_POINT('',(141.35,-95.588436,1.51));
#18121 = CIRCLE('',#18122,0.4445);
#18122 = AXIS2_PLACEMENT_3D('',#18123,#18124,#18125);
#18123 = CARTESIAN_POINT('',(141.35,-95.143936,1.51));
#18124 = DIRECTION('',(-0.,0.,-1.));
#18125 = DIRECTION('',(-0.,-1.,0.));
#18126 = FACE_BOUND('',#18127,.T.);
#18127 = EDGE_LOOP('',(#18128));
#18128 = ORIENTED_EDGE('',*,*,#18129,.T.);
#18129 = EDGE_CURVE('',#18130,#18130,#18132,.T.);
#18130 = VERTEX_POINT('',#18131);
#18131 = CARTESIAN_POINT('',(141.35,-93.088436,1.51));
#18132 = CIRCLE('',#18133,0.4445);
#18133 = AXIS2_PLACEMENT_3D('',#18134,#18135,#18136);
#18134 = CARTESIAN_POINT('',(141.35,-92.643936,1.51));
#18135 = DIRECTION('',(-0.,0.,-1.));
#18136 = DIRECTION('',(-0.,-1.,0.));
#18137 = FACE_BOUND('',#18138,.T.);
#18138 = EDGE_LOOP('',(#18139));
#18139 = ORIENTED_EDGE('',*,*,#18140,.T.);
#18140 = EDGE_CURVE('',#18141,#18141,#18143,.T.);
#18141 = VERTEX_POINT('',#18142);
#18142 = CARTESIAN_POINT('',(141.35,-90.588436,1.51));
#18143 = CIRCLE('',#18144,0.4445);
#18144 = AXIS2_PLACEMENT_3D('',#18145,#18146,#18147);
#18145 = CARTESIAN_POINT('',(141.35,-90.143936,1.51));
#18146 = DIRECTION('',(-0.,0.,-1.));
#18147 = DIRECTION('',(-0.,-1.,0.));
#18148 = FACE_BOUND('',#18149,.T.);
#18149 = EDGE_LOOP('',(#18150));
#18150 = ORIENTED_EDGE('',*,*,#18151,.T.);
#18151 = EDGE_CURVE('',#18152,#18152,#18154,.T.);
#18152 = VERTEX_POINT('',#18153);
#18153 = CARTESIAN_POINT('',(148.3,-102.2,1.51));
#18154 = CIRCLE('',#18155,0.4);
#18155 = AXIS2_PLACEMENT_3D('',#18156,#18157,#18158);
#18156 = CARTESIAN_POINT('',(148.3,-101.8,1.51));
#18157 = DIRECTION('',(-0.,0.,-1.));
#18158 = DIRECTION('',(-0.,-1.,0.));
#18159 = FACE_BOUND('',#18160,.T.);
#18160 = EDGE_LOOP('',(#18161));
#18161 = ORIENTED_EDGE('',*,*,#18162,.T.);
#18162 = EDGE_CURVE('',#18163,#18163,#18165,.T.);
#18163 = VERTEX_POINT('',#18164);
#18164 = CARTESIAN_POINT('',(150.3,-102.2,1.51));
#18165 = CIRCLE('',#18166,0.4);
#18166 = AXIS2_PLACEMENT_3D('',#18167,#18168,#18169);
#18167 = CARTESIAN_POINT('',(150.3,-101.8,1.51));
#18168 = DIRECTION('',(-0.,0.,-1.));
#18169 = DIRECTION('',(-0.,-1.,0.));
#18170 = FACE_BOUND('',#18171,.T.);
#18171 = EDGE_LOOP('',(#18172));
#18172 = ORIENTED_EDGE('',*,*,#18173,.T.);
#18173 = EDGE_CURVE('',#18174,#18174,#18176,.T.);
#18174 = VERTEX_POINT('',#18175);
#18175 = CARTESIAN_POINT('',(161.4,-102.2,1.51));
#18176 = CIRCLE('',#18177,0.4);
#18177 = AXIS2_PLACEMENT_3D('',#18178,#18179,#18180);
#18178 = CARTESIAN_POINT('',(161.4,-101.8,1.51));
#18179 = DIRECTION('',(-0.,0.,-1.));
#18180 = DIRECTION('',(-0.,-1.,0.));
#18181 = FACE_BOUND('',#18182,.T.);
#18182 = EDGE_LOOP('',(#18183));
#18183 = ORIENTED_EDGE('',*,*,#18184,.T.);
#18184 = EDGE_CURVE('',#18185,#18185,#18187,.T.);
#18185 = VERTEX_POINT('',#18186);
#18186 = CARTESIAN_POINT('',(163.4,-102.2,1.51));
#18187 = CIRCLE('',#18188,0.4);
#18188 = AXIS2_PLACEMENT_3D('',#18189,#18190,#18191);
#18189 = CARTESIAN_POINT('',(163.4,-101.8,1.51));
#18190 = DIRECTION('',(-0.,0.,-1.));
#18191 = DIRECTION('',(-0.,-1.,0.));
#18192 = FACE_BOUND('',#18193,.T.);
#18193 = EDGE_LOOP('',(#18194));
#18194 = ORIENTED_EDGE('',*,*,#18195,.F.);
#18195 = EDGE_CURVE('',#18196,#18196,#18198,.T.);
#18196 = VERTEX_POINT('',#18197);
#18197 = CARTESIAN_POINT('',(170.6,-102.039586,1.51));
#18198 = CIRCLE('',#18199,1.);
#18199 = AXIS2_PLACEMENT_3D('',#18200,#18201,#18202);
#18200 = CARTESIAN_POINT('',(169.6,-102.039586,1.51));
#18201 = DIRECTION('',(0.,0.,1.));
#18202 = DIRECTION('',(1.,0.,-0.));
#18203 = FACE_BOUND('',#18204,.T.);
#18204 = EDGE_LOOP('',(#18205));
#18205 = ORIENTED_EDGE('',*,*,#18206,.T.);
#18206 = EDGE_CURVE('',#18207,#18207,#18209,.T.);
#18207 = VERTEX_POINT('',#18208);
#18208 = CARTESIAN_POINT('',(121.88,-86.024586,1.51));
#18209 = CIRCLE('',#18210,0.325);
#18210 = AXIS2_PLACEMENT_3D('',#18211,#18212,#18213);
#18211 = CARTESIAN_POINT('',(121.88,-85.699586,1.51));
#18212 = DIRECTION('',(-0.,0.,-1.));
#18213 = DIRECTION('',(-0.,-1.,0.));
#18214 = FACE_BOUND('',#18215,.T.);
#18215 = EDGE_LOOP('',(#18216,#18227,#18235,#18244));
#18216 = ORIENTED_EDGE('',*,*,#18217,.T.);
#18217 = EDGE_CURVE('',#18218,#18220,#18222,.T.);
#18218 = VERTEX_POINT('',#18219);
#18219 = CARTESIAN_POINT('',(117.91,-84.679586,1.51));
#18220 = VERTEX_POINT('',#18221);
#18221 = CARTESIAN_POINT('',(117.91,-83.859586,1.51));
#18222 = CIRCLE('',#18223,0.41);
#18223 = AXIS2_PLACEMENT_3D('',#18224,#18225,#18226);
#18224 = CARTESIAN_POINT('',(117.91,-84.269586,1.51));
#18225 = DIRECTION('',(-0.,0.,-1.));
#18226 = DIRECTION('',(-3.466062125659E-14,1.,0.));
#18227 = ORIENTED_EDGE('',*,*,#18228,.T.);
#18228 = EDGE_CURVE('',#18220,#18229,#18231,.T.);
#18229 = VERTEX_POINT('',#18230);
#18230 = CARTESIAN_POINT('',(118.49,-83.859586,1.51));
#18231 = LINE('',#18232,#18233);
#18232 = CARTESIAN_POINT('',(59.245,-83.859586,1.51));
#18233 = VECTOR('',#18234,1.);
#18234 = DIRECTION('',(1.,0.,-0.));
#18235 = ORIENTED_EDGE('',*,*,#18236,.T.);
#18236 = EDGE_CURVE('',#18229,#18237,#18239,.T.);
#18237 = VERTEX_POINT('',#18238);
#18238 = CARTESIAN_POINT('',(118.49,-84.679586,1.51));
#18239 = CIRCLE('',#18240,0.41);
#18240 = AXIS2_PLACEMENT_3D('',#18241,#18242,#18243);
#18241 = CARTESIAN_POINT('',(118.49,-84.269586,1.51));
#18242 = DIRECTION('',(-0.,0.,-1.));
#18243 = DIRECTION('',(-0.,-1.,0.));
#18244 = ORIENTED_EDGE('',*,*,#18245,.T.);
#18245 = EDGE_CURVE('',#18237,#18218,#18246,.T.);
#18246 = LINE('',#18247,#18248);
#18247 = CARTESIAN_POINT('',(58.955,-84.679586,1.51));
#18248 = VECTOR('',#18249,1.);
#18249 = DIRECTION('',(-1.,0.,0.));
#18250 = FACE_BOUND('',#18251,.T.);
#18251 = EDGE_LOOP('',(#18252,#18263,#18271,#18280));
#18252 = ORIENTED_EDGE('',*,*,#18253,.T.);
#18253 = EDGE_CURVE('',#18254,#18256,#18258,.T.);
#18254 = VERTEX_POINT('',#18255);
#18255 = CARTESIAN_POINT('',(121.94,-84.679586,1.51));
#18256 = VERTEX_POINT('',#18257);
#18257 = CARTESIAN_POINT('',(121.94,-83.859586,1.51));
#18258 = CIRCLE('',#18259,0.41);
#18259 = AXIS2_PLACEMENT_3D('',#18260,#18261,#18262);
#18260 = CARTESIAN_POINT('',(121.94,-84.269586,1.51));
#18261 = DIRECTION('',(-0.,0.,-1.));
#18262 = DIRECTION('',(-3.466062125659E-14,1.,0.));
#18263 = ORIENTED_EDGE('',*,*,#18264,.T.);
#18264 = EDGE_CURVE('',#18256,#18265,#18267,.T.);
#18265 = VERTEX_POINT('',#18266);
#18266 = CARTESIAN_POINT('',(122.82,-83.859586,1.51));
#18267 = LINE('',#18268,#18269);
#18268 = CARTESIAN_POINT('',(61.41,-83.859586,1.51));
#18269 = VECTOR('',#18270,1.);
#18270 = DIRECTION('',(1.,0.,-0.));
#18271 = ORIENTED_EDGE('',*,*,#18272,.T.);
#18272 = EDGE_CURVE('',#18265,#18273,#18275,.T.);
#18273 = VERTEX_POINT('',#18274);
#18274 = CARTESIAN_POINT('',(122.82,-84.679586,1.51));
#18275 = CIRCLE('',#18276,0.41);
#18276 = AXIS2_PLACEMENT_3D('',#18277,#18278,#18279);
#18277 = CARTESIAN_POINT('',(122.82,-84.269586,1.51));
#18278 = DIRECTION('',(-0.,0.,-1.));
#18279 = DIRECTION('',(-3.466062125659E-14,-1.,0.));
#18280 = ORIENTED_EDGE('',*,*,#18281,.T.);
#18281 = EDGE_CURVE('',#18273,#18254,#18282,.T.);
#18282 = LINE('',#18283,#18284);
#18283 = CARTESIAN_POINT('',(60.97,-84.679586,1.51));
#18284 = VECTOR('',#18285,1.);
#18285 = DIRECTION('',(-1.,0.,0.));
#18286 = FACE_BOUND('',#18287,.T.);
#18287 = EDGE_LOOP('',(#18288));
#18288 = ORIENTED_EDGE('',*,*,#18289,.T.);
#18289 = EDGE_CURVE('',#18290,#18290,#18292,.T.);
#18290 = VERTEX_POINT('',#18291);
#18291 = CARTESIAN_POINT('',(141.35,-88.088436,1.51));
#18292 = CIRCLE('',#18293,0.4445);
#18293 = AXIS2_PLACEMENT_3D('',#18294,#18295,#18296);
#18294 = CARTESIAN_POINT('',(141.35,-87.643936,1.51));
#18295 = DIRECTION('',(-0.,0.,-1.));
#18296 = DIRECTION('',(-0.,-1.,0.));
#18297 = FACE_BOUND('',#18298,.T.);
#18298 = EDGE_LOOP('',(#18299));
#18299 = ORIENTED_EDGE('',*,*,#18300,.T.);
#18300 = EDGE_CURVE('',#18301,#18301,#18303,.T.);
#18301 = VERTEX_POINT('',#18302);
#18302 = CARTESIAN_POINT('',(141.35,-85.588436,1.51));
#18303 = CIRCLE('',#18304,0.4445);
#18304 = AXIS2_PLACEMENT_3D('',#18305,#18306,#18307);
#18305 = CARTESIAN_POINT('',(141.35,-85.143936,1.51));
#18306 = DIRECTION('',(-0.,0.,-1.));
#18307 = DIRECTION('',(-0.,-1.,0.));
#18308 = FACE_BOUND('',#18309,.T.);
#18309 = EDGE_LOOP('',(#18310));
#18310 = ORIENTED_EDGE('',*,*,#18311,.T.);
#18311 = EDGE_CURVE('',#18312,#18312,#18314,.T.);
#18312 = VERTEX_POINT('',#18313);
#18313 = CARTESIAN_POINT('',(141.35,-83.088436,1.51));
#18314 = CIRCLE('',#18315,0.4445);
#18315 = AXIS2_PLACEMENT_3D('',#18316,#18317,#18318);
#18316 = CARTESIAN_POINT('',(141.35,-82.643936,1.51));
#18317 = DIRECTION('',(-0.,0.,-1.));
#18318 = DIRECTION('',(-0.,-1.,0.));
#18319 = FACE_BOUND('',#18320,.T.);
#18320 = EDGE_LOOP('',(#18321));
#18321 = ORIENTED_EDGE('',*,*,#18322,.F.);
#18322 = EDGE_CURVE('',#18323,#18323,#18325,.T.);
#18323 = VERTEX_POINT('',#18324);
#18324 = CARTESIAN_POINT('',(119.6,-75.639586,1.51));
#18325 = CIRCLE('',#18326,1.);
#18326 = AXIS2_PLACEMENT_3D('',#18327,#18328,#18329);
#18327 = CARTESIAN_POINT('',(118.6,-75.639586,1.51));
#18328 = DIRECTION('',(0.,0.,1.));
#18329 = DIRECTION('',(1.,0.,-0.));
#18330 = FACE_BOUND('',#18331,.T.);
#18331 = EDGE_LOOP('',(#18332));
#18332 = ORIENTED_EDGE('',*,*,#18333,.T.);
#18333 = EDGE_CURVE('',#18334,#18334,#18336,.T.);
#18334 = VERTEX_POINT('',#18335);
#18335 = CARTESIAN_POINT('',(136.2,-78.732,1.51));
#18336 = CIRCLE('',#18337,0.5);
#18337 = AXIS2_PLACEMENT_3D('',#18338,#18339,#18340);
#18338 = CARTESIAN_POINT('',(136.2,-78.232,1.51));
#18339 = DIRECTION('',(-0.,0.,-1.));
#18340 = DIRECTION('',(-0.,-1.,0.));
#18341 = FACE_BOUND('',#18342,.T.);
#18342 = EDGE_LOOP('',(#18343));
#18343 = ORIENTED_EDGE('',*,*,#18344,.T.);
#18344 = EDGE_CURVE('',#18345,#18345,#18347,.T.);
#18345 = VERTEX_POINT('',#18346);
#18346 = CARTESIAN_POINT('',(141.35,-80.588436,1.51));
#18347 = CIRCLE('',#18348,0.4445);
#18348 = AXIS2_PLACEMENT_3D('',#18349,#18350,#18351);
#18349 = CARTESIAN_POINT('',(141.35,-80.143936,1.51));
#18350 = DIRECTION('',(-0.,0.,-1.));
#18351 = DIRECTION('',(-0.,-1.,0.));
#18352 = FACE_BOUND('',#18353,.T.);
#18353 = EDGE_LOOP('',(#18354));
#18354 = ORIENTED_EDGE('',*,*,#18355,.T.);
#18355 = EDGE_CURVE('',#18356,#18356,#18358,.T.);
#18356 = VERTEX_POINT('',#18357);
#18357 = CARTESIAN_POINT('',(136.2,-76.192,1.51));
#18358 = CIRCLE('',#18359,0.5);
#18359 = AXIS2_PLACEMENT_3D('',#18360,#18361,#18362);
#18360 = CARTESIAN_POINT('',(136.2,-75.692,1.51));
#18361 = DIRECTION('',(-0.,0.,-1.));
#18362 = DIRECTION('',(-0.,-1.,0.));
#18363 = FACE_BOUND('',#18364,.T.);
#18364 = EDGE_LOOP('',(#18365));
#18365 = ORIENTED_EDGE('',*,*,#18366,.F.);
#18366 = EDGE_CURVE('',#18367,#18367,#18369,.T.);
#18367 = VERTEX_POINT('',#18368);
#18368 = CARTESIAN_POINT('',(170.6,-75.639586,1.51));
#18369 = CIRCLE('',#18370,1.);
#18370 = AXIS2_PLACEMENT_3D('',#18371,#18372,#18373);
#18371 = CARTESIAN_POINT('',(169.6,-75.639586,1.51));
#18372 = DIRECTION('',(0.,0.,1.));
#18373 = DIRECTION('',(1.,0.,-0.));
#18374 = PLANE('',#18375);
#18375 = AXIS2_PLACEMENT_3D('',#18376,#18377,#18378);
#18376 = CARTESIAN_POINT('',(0.,0.,1.51));
#18377 = DIRECTION('',(0.,0.,1.));
#18378 = DIRECTION('',(1.,0.,-0.));
#18379 = ADVANCED_FACE('',(#18380),#18391,.T.);
#18380 = FACE_BOUND('',#18381,.T.);
#18381 = EDGE_LOOP('',(#18382,#18388,#18389,#18390));
#18382 = ORIENTED_EDGE('',*,*,#18383,.T.);
#18383 = EDGE_CURVE('',#17586,#17986,#18384,.T.);
#18384 = LINE('',#18385,#18386);
#18385 = CARTESIAN_POINT('',(116.6,-73.639586,0.));
#18386 = VECTOR('',#18387,1.);
#18387 = DIRECTION('',(0.,0.,1.));
#18388 = ORIENTED_EDGE('',*,*,#17985,.T.);
#18389 = ORIENTED_EDGE('',*,*,#17521,.F.);
#18390 = ORIENTED_EDGE('',*,*,#17585,.F.);
#18391 = PLANE('',#18392);
#18392 = AXIS2_PLACEMENT_3D('',#18393,#18394,#18395);
#18393 = CARTESIAN_POINT('',(116.6,-73.639586,0.));
#18394 = DIRECTION('',(0.,1.,0.));
#18395 = DIRECTION('',(1.,0.,0.));
#18396 = ADVANCED_FACE('',(#18397),#18403,.T.);
#18397 = FACE_BOUND('',#18398,.T.);
#18398 = EDGE_LOOP('',(#18399,#18400,#18401,#18402));
#18399 = ORIENTED_EDGE('',*,*,#17561,.T.);
#18400 = ORIENTED_EDGE('',*,*,#17993,.T.);
#18401 = ORIENTED_EDGE('',*,*,#18383,.F.);
#18402 = ORIENTED_EDGE('',*,*,#17593,.F.);
#18403 = PLANE('',#18404);
#18404 = AXIS2_PLACEMENT_3D('',#18405,#18406,#18407);
#18405 = CARTESIAN_POINT('',(116.6,-104.039586,0.));
#18406 = DIRECTION('',(-1.,0.,0.));
#18407 = DIRECTION('',(0.,1.,0.));
#18408 = ADVANCED_FACE('',(#18409),#18420,.F.);
#18409 = FACE_BOUND('',#18410,.T.);
#18410 = EDGE_LOOP('',(#18411,#18417,#18418,#18419));
#18411 = ORIENTED_EDGE('',*,*,#18412,.T.);
#18412 = EDGE_CURVE('',#17603,#18003,#18413,.T.);
#18413 = LINE('',#18414,#18415);
#18414 = CARTESIAN_POINT('',(119.6,-102.039586,0.));
#18415 = VECTOR('',#18416,1.);
#18416 = DIRECTION('',(0.,0.,1.));
#18417 = ORIENTED_EDGE('',*,*,#18002,.T.);
#18418 = ORIENTED_EDGE('',*,*,#18412,.F.);
#18419 = ORIENTED_EDGE('',*,*,#17602,.F.);
#18420 = CYLINDRICAL_SURFACE('',#18421,1.);
#18421 = AXIS2_PLACEMENT_3D('',#18422,#18423,#18424);
#18422 = CARTESIAN_POINT('',(118.6,-102.039586,0.));
#18423 = DIRECTION('',(-0.,-0.,-1.));
#18424 = DIRECTION('',(1.,0.,-0.));
#18425 = ADVANCED_FACE('',(#18426),#18437,.F.);
#18426 = FACE_BOUND('',#18427,.T.);
#18427 = EDGE_LOOP('',(#18428,#18429,#18435,#18436));
#18428 = ORIENTED_EDGE('',*,*,#17613,.T.);
#18429 = ORIENTED_EDGE('',*,*,#18430,.T.);
#18430 = EDGE_CURVE('',#17614,#18014,#18431,.T.);
#18431 = LINE('',#18432,#18433);
#18432 = CARTESIAN_POINT('',(141.35,-98.088436,-4.6E-02));
#18433 = VECTOR('',#18434,1.);
#18434 = DIRECTION('',(0.,0.,1.));
#18435 = ORIENTED_EDGE('',*,*,#18013,.F.);
#18436 = ORIENTED_EDGE('',*,*,#18430,.F.);
#18437 = CYLINDRICAL_SURFACE('',#18438,0.4445);
#18438 = AXIS2_PLACEMENT_3D('',#18439,#18440,#18441);
#18439 = CARTESIAN_POINT('',(141.35,-97.643936,-4.6E-02));
#18440 = DIRECTION('',(-0.,-0.,-1.));
#18441 = DIRECTION('',(-0.,-1.,0.));
#18442 = ADVANCED_FACE('',(#18443),#18459,.F.);
#18443 = FACE_BOUND('',#18444,.T.);
#18444 = EDGE_LOOP('',(#18445,#18446,#18452,#18453));
#18445 = ORIENTED_EDGE('',*,*,#17624,.T.);
#18446 = ORIENTED_EDGE('',*,*,#18447,.T.);
#18447 = EDGE_CURVE('',#17627,#18027,#18448,.T.);
#18448 = LINE('',#18449,#18450);
#18449 = CARTESIAN_POINT('',(117.91,-92.499586,-4.6E-02));
#18450 = VECTOR('',#18451,1.);
#18451 = DIRECTION('',(0.,0.,1.));
#18452 = ORIENTED_EDGE('',*,*,#18024,.F.);
#18453 = ORIENTED_EDGE('',*,*,#18454,.F.);
#18454 = EDGE_CURVE('',#17625,#18025,#18455,.T.);
#18455 = LINE('',#18456,#18457);
#18456 = CARTESIAN_POINT('',(117.91,-93.319586,-4.6E-02));
#18457 = VECTOR('',#18458,1.);
#18458 = DIRECTION('',(0.,0.,1.));
#18459 = CYLINDRICAL_SURFACE('',#18460,0.41);
#18460 = AXIS2_PLACEMENT_3D('',#18461,#18462,#18463);
#18461 = CARTESIAN_POINT('',(117.91,-92.909586,-4.6E-02));
#18462 = DIRECTION('',(-0.,0.,-1.));
#18463 = DIRECTION('',(0.,1.,0.));
#18464 = ADVANCED_FACE('',(#18465),#18476,.T.);
#18465 = FACE_BOUND('',#18466,.T.);
#18466 = EDGE_LOOP('',(#18467,#18468,#18469,#18470));
#18467 = ORIENTED_EDGE('',*,*,#17652,.T.);
#18468 = ORIENTED_EDGE('',*,*,#18454,.T.);
#18469 = ORIENTED_EDGE('',*,*,#18052,.F.);
#18470 = ORIENTED_EDGE('',*,*,#18471,.F.);
#18471 = EDGE_CURVE('',#17644,#18044,#18472,.T.);
#18472 = LINE('',#18473,#18474);
#18473 = CARTESIAN_POINT('',(118.49,-93.319586,-4.6E-02));
#18474 = VECTOR('',#18475,1.);
#18475 = DIRECTION('',(0.,0.,1.));
#18476 = PLANE('',#18477);
#18477 = AXIS2_PLACEMENT_3D('',#18478,#18479,#18480);
#18478 = CARTESIAN_POINT('',(117.91,-93.319586,-4.6E-02));
#18479 = DIRECTION('',(0.,1.,0.));
#18480 = DIRECTION('',(1.,0.,0.));
#18481 = ADVANCED_FACE('',(#18482),#18493,.F.);
#18482 = FACE_BOUND('',#18483,.T.);
#18483 = EDGE_LOOP('',(#18484,#18485,#18486,#18487));
#18484 = ORIENTED_EDGE('',*,*,#17643,.T.);
#18485 = ORIENTED_EDGE('',*,*,#18471,.T.);
#18486 = ORIENTED_EDGE('',*,*,#18043,.F.);
#18487 = ORIENTED_EDGE('',*,*,#18488,.F.);
#18488 = EDGE_CURVE('',#17636,#18036,#18489,.T.);
#18489 = LINE('',#18490,#18491);
#18490 = CARTESIAN_POINT('',(118.49,-92.499586,-4.6E-02));
#18491 = VECTOR('',#18492,1.);
#18492 = DIRECTION('',(0.,0.,1.));
#18493 = CYLINDRICAL_SURFACE('',#18494,0.41);
#18494 = AXIS2_PLACEMENT_3D('',#18495,#18496,#18497);
#18495 = CARTESIAN_POINT('',(118.49,-92.909586,-4.6E-02));
#18496 = DIRECTION('',(-0.,-0.,-1.));
#18497 = DIRECTION('',(-0.,-1.,0.));
#18498 = ADVANCED_FACE('',(#18499),#18505,.T.);
#18499 = FACE_BOUND('',#18500,.T.);
#18500 = EDGE_LOOP('',(#18501,#18502,#18503,#18504));
#18501 = ORIENTED_EDGE('',*,*,#17635,.T.);
#18502 = ORIENTED_EDGE('',*,*,#18488,.T.);
#18503 = ORIENTED_EDGE('',*,*,#18035,.F.);
#18504 = ORIENTED_EDGE('',*,*,#18447,.F.);
#18505 = PLANE('',#18506);
#18506 = AXIS2_PLACEMENT_3D('',#18507,#18508,#18509);
#18507 = CARTESIAN_POINT('',(118.49,-92.499586,-4.6E-02));
#18508 = DIRECTION('',(0.,-1.,0.));
#18509 = DIRECTION('',(-1.,0.,0.));
#18510 = ADVANCED_FACE('',(#18511),#18527,.F.);
#18511 = FACE_BOUND('',#18512,.T.);
#18512 = EDGE_LOOP('',(#18513,#18514,#18520,#18521));
#18513 = ORIENTED_EDGE('',*,*,#17660,.T.);
#18514 = ORIENTED_EDGE('',*,*,#18515,.T.);
#18515 = EDGE_CURVE('',#17663,#18063,#18516,.T.);
#18516 = LINE('',#18517,#18518);
#18517 = CARTESIAN_POINT('',(121.94,-92.499586,-4.6E-02));
#18518 = VECTOR('',#18519,1.);
#18519 = DIRECTION('',(0.,0.,1.));
#18520 = ORIENTED_EDGE('',*,*,#18060,.F.);
#18521 = ORIENTED_EDGE('',*,*,#18522,.F.);
#18522 = EDGE_CURVE('',#17661,#18061,#18523,.T.);
#18523 = LINE('',#18524,#18525);
#18524 = CARTESIAN_POINT('',(121.94,-93.319586,-4.6E-02));
#18525 = VECTOR('',#18526,1.);
#18526 = DIRECTION('',(0.,0.,1.));
#18527 = CYLINDRICAL_SURFACE('',#18528,0.41);
#18528 = AXIS2_PLACEMENT_3D('',#18529,#18530,#18531);
#18529 = CARTESIAN_POINT('',(121.94,-92.909586,-4.6E-02));
#18530 = DIRECTION('',(-0.,0.,-1.));
#18531 = DIRECTION('',(0.,1.,0.));
#18532 = ADVANCED_FACE('',(#18533),#18544,.T.);
#18533 = FACE_BOUND('',#18534,.T.);
#18534 = EDGE_LOOP('',(#18535,#18536,#18537,#18538));
#18535 = ORIENTED_EDGE('',*,*,#17688,.T.);
#18536 = ORIENTED_EDGE('',*,*,#18522,.T.);
#18537 = ORIENTED_EDGE('',*,*,#18088,.F.);
#18538 = ORIENTED_EDGE('',*,*,#18539,.F.);
#18539 = EDGE_CURVE('',#17680,#18080,#18540,.T.);
#18540 = LINE('',#18541,#18542);
#18541 = CARTESIAN_POINT('',(122.82,-93.319586,-4.6E-02));
#18542 = VECTOR('',#18543,1.);
#18543 = DIRECTION('',(0.,0.,1.));
#18544 = PLANE('',#18545);
#18545 = AXIS2_PLACEMENT_3D('',#18546,#18547,#18548);
#18546 = CARTESIAN_POINT('',(121.94,-93.319586,-4.6E-02));
#18547 = DIRECTION('',(0.,1.,0.));
#18548 = DIRECTION('',(1.,0.,0.));
#18549 = ADVANCED_FACE('',(#18550),#18561,.F.);
#18550 = FACE_BOUND('',#18551,.T.);
#18551 = EDGE_LOOP('',(#18552,#18553,#18554,#18555));
#18552 = ORIENTED_EDGE('',*,*,#17679,.T.);
#18553 = ORIENTED_EDGE('',*,*,#18539,.T.);
#18554 = ORIENTED_EDGE('',*,*,#18079,.F.);
#18555 = ORIENTED_EDGE('',*,*,#18556,.F.);
#18556 = EDGE_CURVE('',#17672,#18072,#18557,.T.);
#18557 = LINE('',#18558,#18559);
#18558 = CARTESIAN_POINT('',(122.82,-92.499586,-4.6E-02));
#18559 = VECTOR('',#18560,1.);
#18560 = DIRECTION('',(0.,0.,1.));
#18561 = CYLINDRICAL_SURFACE('',#18562,0.41);
#18562 = AXIS2_PLACEMENT_3D('',#18563,#18564,#18565);
#18563 = CARTESIAN_POINT('',(122.82,-92.909586,-4.6E-02));
#18564 = DIRECTION('',(-0.,-0.,-1.));
#18565 = DIRECTION('',(-3.466062125659E-14,-1.,0.));
#18566 = ADVANCED_FACE('',(#18567),#18573,.T.);
#18567 = FACE_BOUND('',#18568,.T.);
#18568 = EDGE_LOOP('',(#18569,#18570,#18571,#18572));
#18569 = ORIENTED_EDGE('',*,*,#17671,.T.);
#18570 = ORIENTED_EDGE('',*,*,#18556,.T.);
#18571 = ORIENTED_EDGE('',*,*,#18071,.F.);
#18572 = ORIENTED_EDGE('',*,*,#18515,.F.);
#18573 = PLANE('',#18574);
#18574 = AXIS2_PLACEMENT_3D('',#18575,#18576,#18577);
#18575 = CARTESIAN_POINT('',(122.82,-92.499586,-4.6E-02));
#18576 = DIRECTION('',(0.,-1.,0.));
#18577 = DIRECTION('',(-1.,0.,0.));
#18578 = ADVANCED_FACE('',(#18579),#18590,.F.);
#18579 = FACE_BOUND('',#18580,.T.);
#18580 = EDGE_LOOP('',(#18581,#18582,#18588,#18589));
#18581 = ORIENTED_EDGE('',*,*,#17696,.T.);
#18582 = ORIENTED_EDGE('',*,*,#18583,.T.);
#18583 = EDGE_CURVE('',#17697,#18097,#18584,.T.);
#18584 = LINE('',#18585,#18586);
#18585 = CARTESIAN_POINT('',(121.88,-91.804586,-4.6E-02));
#18586 = VECTOR('',#18587,1.);
#18587 = DIRECTION('',(0.,0.,1.));
#18588 = ORIENTED_EDGE('',*,*,#18096,.F.);
#18589 = ORIENTED_EDGE('',*,*,#18583,.F.);
#18590 = CYLINDRICAL_SURFACE('',#18591,0.325);
#18591 = AXIS2_PLACEMENT_3D('',#18592,#18593,#18594);
#18592 = CARTESIAN_POINT('',(121.88,-91.479586,-4.6E-02));
#18593 = DIRECTION('',(-0.,-0.,-1.));
#18594 = DIRECTION('',(-0.,-1.,0.));
#18595 = ADVANCED_FACE('',(#18596),#18607,.F.);
#18596 = FACE_BOUND('',#18597,.T.);
#18597 = EDGE_LOOP('',(#18598,#18599,#18605,#18606));
#18598 = ORIENTED_EDGE('',*,*,#17707,.T.);
#18599 = ORIENTED_EDGE('',*,*,#18600,.T.);
#18600 = EDGE_CURVE('',#17708,#18108,#18601,.T.);
#18601 = LINE('',#18602,#18603);
#18602 = CARTESIAN_POINT('',(129.85,-90.150836,-4.6E-02));
#18603 = VECTOR('',#18604,1.);
#18604 = DIRECTION('',(0.,0.,1.));
#18605 = ORIENTED_EDGE('',*,*,#18107,.F.);
#18606 = ORIENTED_EDGE('',*,*,#18600,.F.);
#18607 = CYLINDRICAL_SURFACE('',#18608,0.102);
#18608 = AXIS2_PLACEMENT_3D('',#18609,#18610,#18611);
#18609 = CARTESIAN_POINT('',(129.85,-90.048836,-4.6E-02));
#18610 = DIRECTION('',(-0.,-0.,-1.));
#18611 = DIRECTION('',(-0.,-1.,0.));
#18612 = ADVANCED_FACE('',(#18613),#18624,.F.);
#18613 = FACE_BOUND('',#18614,.T.);
#18614 = EDGE_LOOP('',(#18615,#18616,#18622,#18623));
#18615 = ORIENTED_EDGE('',*,*,#17718,.T.);
#18616 = ORIENTED_EDGE('',*,*,#18617,.T.);
#18617 = EDGE_CURVE('',#17719,#18119,#18618,.T.);
#18618 = LINE('',#18619,#18620);
#18619 = CARTESIAN_POINT('',(141.35,-95.588436,-4.6E-02));
#18620 = VECTOR('',#18621,1.);
#18621 = DIRECTION('',(0.,0.,1.));
#18622 = ORIENTED_EDGE('',*,*,#18118,.F.);
#18623 = ORIENTED_EDGE('',*,*,#18617,.F.);
#18624 = CYLINDRICAL_SURFACE('',#18625,0.4445);
#18625 = AXIS2_PLACEMENT_3D('',#18626,#18627,#18628);
#18626 = CARTESIAN_POINT('',(141.35,-95.143936,-4.6E-02));
#18627 = DIRECTION('',(-0.,-0.,-1.));
#18628 = DIRECTION('',(-0.,-1.,0.));
#18629 = ADVANCED_FACE('',(#18630),#18641,.F.);
#18630 = FACE_BOUND('',#18631,.T.);
#18631 = EDGE_LOOP('',(#18632,#18633,#18639,#18640));
#18632 = ORIENTED_EDGE('',*,*,#17729,.T.);
#18633 = ORIENTED_EDGE('',*,*,#18634,.T.);
#18634 = EDGE_CURVE('',#17730,#18130,#18635,.T.);
#18635 = LINE('',#18636,#18637);
#18636 = CARTESIAN_POINT('',(141.35,-93.088436,-4.6E-02));
#18637 = VECTOR('',#18638,1.);
#18638 = DIRECTION('',(0.,0.,1.));
#18639 = ORIENTED_EDGE('',*,*,#18129,.F.);
#18640 = ORIENTED_EDGE('',*,*,#18634,.F.);
#18641 = CYLINDRICAL_SURFACE('',#18642,0.4445);
#18642 = AXIS2_PLACEMENT_3D('',#18643,#18644,#18645);
#18643 = CARTESIAN_POINT('',(141.35,-92.643936,-4.6E-02));
#18644 = DIRECTION('',(-0.,-0.,-1.));
#18645 = DIRECTION('',(-0.,-1.,0.));
#18646 = ADVANCED_FACE('',(#18647),#18658,.F.);
#18647 = FACE_BOUND('',#18648,.T.);
#18648 = EDGE_LOOP('',(#18649,#18650,#18656,#18657));
#18649 = ORIENTED_EDGE('',*,*,#17740,.T.);
#18650 = ORIENTED_EDGE('',*,*,#18651,.T.);
#18651 = EDGE_CURVE('',#17741,#18141,#18652,.T.);
#18652 = LINE('',#18653,#18654);
#18653 = CARTESIAN_POINT('',(141.35,-90.588436,-4.6E-02));
#18654 = VECTOR('',#18655,1.);
#18655 = DIRECTION('',(0.,0.,1.));
#18656 = ORIENTED_EDGE('',*,*,#18140,.F.);
#18657 = ORIENTED_EDGE('',*,*,#18651,.F.);
#18658 = CYLINDRICAL_SURFACE('',#18659,0.4445);
#18659 = AXIS2_PLACEMENT_3D('',#18660,#18661,#18662);
#18660 = CARTESIAN_POINT('',(141.35,-90.143936,-4.6E-02));
#18661 = DIRECTION('',(-0.,-0.,-1.));
#18662 = DIRECTION('',(-0.,-1.,0.));
#18663 = ADVANCED_FACE('',(#18664),#18675,.F.);
#18664 = FACE_BOUND('',#18665,.T.);
#18665 = EDGE_LOOP('',(#18666,#18667,#18673,#18674));
#18666 = ORIENTED_EDGE('',*,*,#17751,.T.);
#18667 = ORIENTED_EDGE('',*,*,#18668,.T.);
#18668 = EDGE_CURVE('',#17752,#18152,#18669,.T.);
#18669 = LINE('',#18670,#18671);
#18670 = CARTESIAN_POINT('',(148.3,-102.2,-4.6E-02));
#18671 = VECTOR('',#18672,1.);
#18672 = DIRECTION('',(0.,0.,1.));
#18673 = ORIENTED_EDGE('',*,*,#18151,.F.);
#18674 = ORIENTED_EDGE('',*,*,#18668,.F.);
#18675 = CYLINDRICAL_SURFACE('',#18676,0.4);
#18676 = AXIS2_PLACEMENT_3D('',#18677,#18678,#18679);
#18677 = CARTESIAN_POINT('',(148.3,-101.8,-4.6E-02));
#18678 = DIRECTION('',(-0.,-0.,-1.));
#18679 = DIRECTION('',(-0.,-1.,0.));
#18680 = ADVANCED_FACE('',(#18681),#18692,.F.);
#18681 = FACE_BOUND('',#18682,.T.);
#18682 = EDGE_LOOP('',(#18683,#18684,#18690,#18691));
#18683 = ORIENTED_EDGE('',*,*,#17762,.T.);
#18684 = ORIENTED_EDGE('',*,*,#18685,.T.);
#18685 = EDGE_CURVE('',#17763,#18163,#18686,.T.);
#18686 = LINE('',#18687,#18688);
#18687 = CARTESIAN_POINT('',(150.3,-102.2,-4.6E-02));
#18688 = VECTOR('',#18689,1.);
#18689 = DIRECTION('',(0.,0.,1.));
#18690 = ORIENTED_EDGE('',*,*,#18162,.F.);
#18691 = ORIENTED_EDGE('',*,*,#18685,.F.);
#18692 = CYLINDRICAL_SURFACE('',#18693,0.4);
#18693 = AXIS2_PLACEMENT_3D('',#18694,#18695,#18696);
#18694 = CARTESIAN_POINT('',(150.3,-101.8,-4.6E-02));
#18695 = DIRECTION('',(-0.,-0.,-1.));
#18696 = DIRECTION('',(-0.,-1.,0.));
#18697 = ADVANCED_FACE('',(#18698),#18709,.F.);
#18698 = FACE_BOUND('',#18699,.T.);
#18699 = EDGE_LOOP('',(#18700,#18701,#18707,#18708));
#18700 = ORIENTED_EDGE('',*,*,#17773,.T.);
#18701 = ORIENTED_EDGE('',*,*,#18702,.T.);
#18702 = EDGE_CURVE('',#17774,#18174,#18703,.T.);
#18703 = LINE('',#18704,#18705);
#18704 = CARTESIAN_POINT('',(161.4,-102.2,-4.6E-02));
#18705 = VECTOR('',#18706,1.);
#18706 = DIRECTION('',(0.,0.,1.));
#18707 = ORIENTED_EDGE('',*,*,#18173,.F.);
#18708 = ORIENTED_EDGE('',*,*,#18702,.F.);
#18709 = CYLINDRICAL_SURFACE('',#18710,0.4);
#18710 = AXIS2_PLACEMENT_3D('',#18711,#18712,#18713);
#18711 = CARTESIAN_POINT('',(161.4,-101.8,-4.6E-02));
#18712 = DIRECTION('',(-0.,-0.,-1.));
#18713 = DIRECTION('',(-0.,-1.,0.));
#18714 = ADVANCED_FACE('',(#18715),#18726,.F.);
#18715 = FACE_BOUND('',#18716,.T.);
#18716 = EDGE_LOOP('',(#18717,#18718,#18724,#18725));
#18717 = ORIENTED_EDGE('',*,*,#17784,.T.);
#18718 = ORIENTED_EDGE('',*,*,#18719,.T.);
#18719 = EDGE_CURVE('',#17785,#18185,#18720,.T.);
#18720 = LINE('',#18721,#18722);
#18721 = CARTESIAN_POINT('',(163.4,-102.2,-4.6E-02));
#18722 = VECTOR('',#18723,1.);
#18723 = DIRECTION('',(0.,0.,1.));
#18724 = ORIENTED_EDGE('',*,*,#18184,.F.);
#18725 = ORIENTED_EDGE('',*,*,#18719,.F.);
#18726 = CYLINDRICAL_SURFACE('',#18727,0.4);
#18727 = AXIS2_PLACEMENT_3D('',#18728,#18729,#18730);
#18728 = CARTESIAN_POINT('',(163.4,-101.8,-4.6E-02));
#18729 = DIRECTION('',(-0.,-0.,-1.));
#18730 = DIRECTION('',(-0.,-1.,0.));
#18731 = ADVANCED_FACE('',(#18732),#18743,.F.);
#18732 = FACE_BOUND('',#18733,.T.);
#18733 = EDGE_LOOP('',(#18734,#18740,#18741,#18742));
#18734 = ORIENTED_EDGE('',*,*,#18735,.T.);
#18735 = EDGE_CURVE('',#17796,#18196,#18736,.T.);
#18736 = LINE('',#18737,#18738);
#18737 = CARTESIAN_POINT('',(170.6,-102.039586,0.));
#18738 = VECTOR('',#18739,1.);
#18739 = DIRECTION('',(0.,0.,1.));
#18740 = ORIENTED_EDGE('',*,*,#18195,.T.);
#18741 = ORIENTED_EDGE('',*,*,#18735,.F.);
#18742 = ORIENTED_EDGE('',*,*,#17795,.F.);
#18743 = CYLINDRICAL_SURFACE('',#18744,1.);
#18744 = AXIS2_PLACEMENT_3D('',#18745,#18746,#18747);
#18745 = CARTESIAN_POINT('',(169.6,-102.039586,0.));
#18746 = DIRECTION('',(-0.,-0.,-1.));
#18747 = DIRECTION('',(1.,0.,-0.));
#18748 = ADVANCED_FACE('',(#18749),#18760,.F.);
#18749 = FACE_BOUND('',#18750,.T.);
#18750 = EDGE_LOOP('',(#18751,#18752,#18758,#18759));
#18751 = ORIENTED_EDGE('',*,*,#17806,.T.);
#18752 = ORIENTED_EDGE('',*,*,#18753,.T.);
#18753 = EDGE_CURVE('',#17807,#18207,#18754,.T.);
#18754 = LINE('',#18755,#18756);
#18755 = CARTESIAN_POINT('',(121.88,-86.024586,-4.6E-02));
#18756 = VECTOR('',#18757,1.);
#18757 = DIRECTION('',(0.,0.,1.));
#18758 = ORIENTED_EDGE('',*,*,#18206,.F.);
#18759 = ORIENTED_EDGE('',*,*,#18753,.F.);
#18760 = CYLINDRICAL_SURFACE('',#18761,0.325);
#18761 = AXIS2_PLACEMENT_3D('',#18762,#18763,#18764);
#18762 = CARTESIAN_POINT('',(121.88,-85.699586,-4.6E-02));
#18763 = DIRECTION('',(-0.,-0.,-1.));
#18764 = DIRECTION('',(-0.,-1.,0.));
#18765 = ADVANCED_FACE('',(#18766),#18782,.F.);
#18766 = FACE_BOUND('',#18767,.T.);
#18767 = EDGE_LOOP('',(#18768,#18769,#18775,#18776));
#18768 = ORIENTED_EDGE('',*,*,#17817,.T.);
#18769 = ORIENTED_EDGE('',*,*,#18770,.T.);
#18770 = EDGE_CURVE('',#17820,#18220,#18771,.T.);
#18771 = LINE('',#18772,#18773);
#18772 = CARTESIAN_POINT('',(117.91,-83.859586,-4.6E-02));
#18773 = VECTOR('',#18774,1.);
#18774 = DIRECTION('',(0.,0.,1.));
#18775 = ORIENTED_EDGE('',*,*,#18217,.F.);
#18776 = ORIENTED_EDGE('',*,*,#18777,.F.);
#18777 = EDGE_CURVE('',#17818,#18218,#18778,.T.);
#18778 = LINE('',#18779,#18780);
#18779 = CARTESIAN_POINT('',(117.91,-84.679586,-4.6E-02));
#18780 = VECTOR('',#18781,1.);
#18781 = DIRECTION('',(0.,0.,1.));
#18782 = CYLINDRICAL_SURFACE('',#18783,0.41);
#18783 = AXIS2_PLACEMENT_3D('',#18784,#18785,#18786);
#18784 = CARTESIAN_POINT('',(117.91,-84.269586,-4.6E-02));
#18785 = DIRECTION('',(-0.,-0.,-1.));
#18786 = DIRECTION('',(-3.466062125659E-14,1.,0.));
#18787 = ADVANCED_FACE('',(#18788),#18799,.T.);
#18788 = FACE_BOUND('',#18789,.T.);
#18789 = EDGE_LOOP('',(#18790,#18791,#18792,#18793));
#18790 = ORIENTED_EDGE('',*,*,#17845,.T.);
#18791 = ORIENTED_EDGE('',*,*,#18777,.T.);
#18792 = ORIENTED_EDGE('',*,*,#18245,.F.);
#18793 = ORIENTED_EDGE('',*,*,#18794,.F.);
#18794 = EDGE_CURVE('',#17837,#18237,#18795,.T.);
#18795 = LINE('',#18796,#18797);
#18796 = CARTESIAN_POINT('',(118.49,-84.679586,-4.6E-02));
#18797 = VECTOR('',#18798,1.);
#18798 = DIRECTION('',(0.,0.,1.));
#18799 = PLANE('',#18800);
#18800 = AXIS2_PLACEMENT_3D('',#18801,#18802,#18803);
#18801 = CARTESIAN_POINT('',(117.91,-84.679586,-4.6E-02));
#18802 = DIRECTION('',(0.,1.,0.));
#18803 = DIRECTION('',(1.,0.,0.));
#18804 = ADVANCED_FACE('',(#18805),#18816,.F.);
#18805 = FACE_BOUND('',#18806,.T.);
#18806 = EDGE_LOOP('',(#18807,#18808,#18809,#18810));
#18807 = ORIENTED_EDGE('',*,*,#17836,.T.);
#18808 = ORIENTED_EDGE('',*,*,#18794,.T.);
#18809 = ORIENTED_EDGE('',*,*,#18236,.F.);
#18810 = ORIENTED_EDGE('',*,*,#18811,.F.);
#18811 = EDGE_CURVE('',#17829,#18229,#18812,.T.);
#18812 = LINE('',#18813,#18814);
#18813 = CARTESIAN_POINT('',(118.49,-83.859586,-4.6E-02));
#18814 = VECTOR('',#18815,1.);
#18815 = DIRECTION('',(0.,0.,1.));
#18816 = CYLINDRICAL_SURFACE('',#18817,0.41);
#18817 = AXIS2_PLACEMENT_3D('',#18818,#18819,#18820);
#18818 = CARTESIAN_POINT('',(118.49,-84.269586,-4.6E-02));
#18819 = DIRECTION('',(-0.,-0.,-1.));
#18820 = DIRECTION('',(-0.,-1.,0.));
#18821 = ADVANCED_FACE('',(#18822),#18828,.T.);
#18822 = FACE_BOUND('',#18823,.T.);
#18823 = EDGE_LOOP('',(#18824,#18825,#18826,#18827));
#18824 = ORIENTED_EDGE('',*,*,#17828,.T.);
#18825 = ORIENTED_EDGE('',*,*,#18811,.T.);
#18826 = ORIENTED_EDGE('',*,*,#18228,.F.);
#18827 = ORIENTED_EDGE('',*,*,#18770,.F.);
#18828 = PLANE('',#18829);
#18829 = AXIS2_PLACEMENT_3D('',#18830,#18831,#18832);
#18830 = CARTESIAN_POINT('',(118.49,-83.859586,-4.6E-02));
#18831 = DIRECTION('',(0.,-1.,0.));
#18832 = DIRECTION('',(-1.,0.,0.));
#18833 = ADVANCED_FACE('',(#18834),#18850,.F.);
#18834 = FACE_BOUND('',#18835,.T.);
#18835 = EDGE_LOOP('',(#18836,#18837,#18843,#18844));
#18836 = ORIENTED_EDGE('',*,*,#17853,.T.);
#18837 = ORIENTED_EDGE('',*,*,#18838,.T.);
#18838 = EDGE_CURVE('',#17856,#18256,#18839,.T.);
#18839 = LINE('',#18840,#18841);
#18840 = CARTESIAN_POINT('',(121.94,-83.859586,-4.6E-02));
#18841 = VECTOR('',#18842,1.);
#18842 = DIRECTION('',(0.,0.,1.));
#18843 = ORIENTED_EDGE('',*,*,#18253,.F.);
#18844 = ORIENTED_EDGE('',*,*,#18845,.F.);
#18845 = EDGE_CURVE('',#17854,#18254,#18846,.T.);
#18846 = LINE('',#18847,#18848);
#18847 = CARTESIAN_POINT('',(121.94,-84.679586,-4.6E-02));
#18848 = VECTOR('',#18849,1.);
#18849 = DIRECTION('',(0.,0.,1.));
#18850 = CYLINDRICAL_SURFACE('',#18851,0.41);
#18851 = AXIS2_PLACEMENT_3D('',#18852,#18853,#18854);
#18852 = CARTESIAN_POINT('',(121.94,-84.269586,-4.6E-02));
#18853 = DIRECTION('',(-0.,-0.,-1.));
#18854 = DIRECTION('',(-3.466062125659E-14,1.,0.));
#18855 = ADVANCED_FACE('',(#18856),#18867,.T.);
#18856 = FACE_BOUND('',#18857,.T.);
#18857 = EDGE_LOOP('',(#18858,#18859,#18860,#18861));
#18858 = ORIENTED_EDGE('',*,*,#17881,.T.);
#18859 = ORIENTED_EDGE('',*,*,#18845,.T.);
#18860 = ORIENTED_EDGE('',*,*,#18281,.F.);
#18861 = ORIENTED_EDGE('',*,*,#18862,.F.);
#18862 = EDGE_CURVE('',#17873,#18273,#18863,.T.);
#18863 = LINE('',#18864,#18865);
#18864 = CARTESIAN_POINT('',(122.82,-84.679586,-4.6E-02));
#18865 = VECTOR('',#18866,1.);
#18866 = DIRECTION('',(0.,0.,1.));
#18867 = PLANE('',#18868);
#18868 = AXIS2_PLACEMENT_3D('',#18869,#18870,#18871);
#18869 = CARTESIAN_POINT('',(121.94,-84.679586,-4.6E-02));
#18870 = DIRECTION('',(0.,1.,0.));
#18871 = DIRECTION('',(1.,0.,0.));
#18872 = ADVANCED_FACE('',(#18873),#18884,.F.);
#18873 = FACE_BOUND('',#18874,.T.);
#18874 = EDGE_LOOP('',(#18875,#18876,#18877,#18878));
#18875 = ORIENTED_EDGE('',*,*,#17872,.T.);
#18876 = ORIENTED_EDGE('',*,*,#18862,.T.);
#18877 = ORIENTED_EDGE('',*,*,#18272,.F.);
#18878 = ORIENTED_EDGE('',*,*,#18879,.F.);
#18879 = EDGE_CURVE('',#17865,#18265,#18880,.T.);
#18880 = LINE('',#18881,#18882);
#18881 = CARTESIAN_POINT('',(122.82,-83.859586,-4.6E-02));
#18882 = VECTOR('',#18883,1.);
#18883 = DIRECTION('',(0.,0.,1.));
#18884 = CYLINDRICAL_SURFACE('',#18885,0.41);
#18885 = AXIS2_PLACEMENT_3D('',#18886,#18887,#18888);
#18886 = CARTESIAN_POINT('',(122.82,-84.269586,-4.6E-02));
#18887 = DIRECTION('',(-0.,-0.,-1.));
#18888 = DIRECTION('',(-3.466062125659E-14,-1.,0.));
#18889 = ADVANCED_FACE('',(#18890),#18896,.T.);
#18890 = FACE_BOUND('',#18891,.T.);
#18891 = EDGE_LOOP('',(#18892,#18893,#18894,#18895));
#18892 = ORIENTED_EDGE('',*,*,#17864,.T.);
#18893 = ORIENTED_EDGE('',*,*,#18879,.T.);
#18894 = ORIENTED_EDGE('',*,*,#18264,.F.);
#18895 = ORIENTED_EDGE('',*,*,#18838,.F.);
#18896 = PLANE('',#18897);
#18897 = AXIS2_PLACEMENT_3D('',#18898,#18899,#18900);
#18898 = CARTESIAN_POINT('',(122.82,-83.859586,-4.6E-02));
#18899 = DIRECTION('',(0.,-1.,0.));
#18900 = DIRECTION('',(-1.,0.,0.));
#18901 = ADVANCED_FACE('',(#18902),#18913,.F.);
#18902 = FACE_BOUND('',#18903,.T.);
#18903 = EDGE_LOOP('',(#18904,#18905,#18911,#18912));
#18904 = ORIENTED_EDGE('',*,*,#17889,.T.);
#18905 = ORIENTED_EDGE('',*,*,#18906,.T.);
#18906 = EDGE_CURVE('',#17890,#18290,#18907,.T.);
#18907 = LINE('',#18908,#18909);
#18908 = CARTESIAN_POINT('',(141.35,-88.088436,-4.6E-02));
#18909 = VECTOR('',#18910,1.);
#18910 = DIRECTION('',(0.,0.,1.));
#18911 = ORIENTED_EDGE('',*,*,#18289,.F.);
#18912 = ORIENTED_EDGE('',*,*,#18906,.F.);
#18913 = CYLINDRICAL_SURFACE('',#18914,0.4445);
#18914 = AXIS2_PLACEMENT_3D('',#18915,#18916,#18917);
#18915 = CARTESIAN_POINT('',(141.35,-87.643936,-4.6E-02));
#18916 = DIRECTION('',(-0.,-0.,-1.));
#18917 = DIRECTION('',(-0.,-1.,0.));
#18918 = ADVANCED_FACE('',(#18919),#18930,.F.);
#18919 = FACE_BOUND('',#18920,.T.);
#18920 = EDGE_LOOP('',(#18921,#18922,#18928,#18929));
#18921 = ORIENTED_EDGE('',*,*,#17900,.T.);
#18922 = ORIENTED_EDGE('',*,*,#18923,.T.);
#18923 = EDGE_CURVE('',#17901,#18301,#18924,.T.);
#18924 = LINE('',#18925,#18926);
#18925 = CARTESIAN_POINT('',(141.35,-85.588436,-4.6E-02));
#18926 = VECTOR('',#18927,1.);
#18927 = DIRECTION('',(0.,0.,1.));
#18928 = ORIENTED_EDGE('',*,*,#18300,.F.);
#18929 = ORIENTED_EDGE('',*,*,#18923,.F.);
#18930 = CYLINDRICAL_SURFACE('',#18931,0.4445);
#18931 = AXIS2_PLACEMENT_3D('',#18932,#18933,#18934);
#18932 = CARTESIAN_POINT('',(141.35,-85.143936,-4.6E-02));
#18933 = DIRECTION('',(-0.,-0.,-1.));
#18934 = DIRECTION('',(-0.,-1.,0.));
#18935 = ADVANCED_FACE('',(#18936),#18947,.F.);
#18936 = FACE_BOUND('',#18937,.T.);
#18937 = EDGE_LOOP('',(#18938,#18939,#18945,#18946));
#18938 = ORIENTED_EDGE('',*,*,#17911,.T.);
#18939 = ORIENTED_EDGE('',*,*,#18940,.T.);
#18940 = EDGE_CURVE('',#17912,#18312,#18941,.T.);
#18941 = LINE('',#18942,#18943);
#18942 = CARTESIAN_POINT('',(141.35,-83.088436,-4.6E-02));
#18943 = VECTOR('',#18944,1.);
#18944 = DIRECTION('',(0.,0.,1.));
#18945 = ORIENTED_EDGE('',*,*,#18311,.F.);
#18946 = ORIENTED_EDGE('',*,*,#18940,.F.);
#18947 = CYLINDRICAL_SURFACE('',#18948,0.4445);
#18948 = AXIS2_PLACEMENT_3D('',#18949,#18950,#18951);
#18949 = CARTESIAN_POINT('',(141.35,-82.643936,-4.6E-02));
#18950 = DIRECTION('',(-0.,-0.,-1.));
#18951 = DIRECTION('',(-0.,-1.,0.));
#18952 = ADVANCED_FACE('',(#18953),#18964,.F.);
#18953 = FACE_BOUND('',#18954,.T.);
#18954 = EDGE_LOOP('',(#18955,#18961,#18962,#18963));
#18955 = ORIENTED_EDGE('',*,*,#18956,.T.);
#18956 = EDGE_CURVE('',#17923,#18323,#18957,.T.);
#18957 = LINE('',#18958,#18959);
#18958 = CARTESIAN_POINT('',(119.6,-75.639586,0.));
#18959 = VECTOR('',#18960,1.);
#18960 = DIRECTION('',(0.,0.,1.));
#18961 = ORIENTED_EDGE('',*,*,#18322,.T.);
#18962 = ORIENTED_EDGE('',*,*,#18956,.F.);
#18963 = ORIENTED_EDGE('',*,*,#17922,.F.);
#18964 = CYLINDRICAL_SURFACE('',#18965,1.);
#18965 = AXIS2_PLACEMENT_3D('',#18966,#18967,#18968);
#18966 = CARTESIAN_POINT('',(118.6,-75.639586,0.));
#18967 = DIRECTION('',(-0.,-0.,-1.));
#18968 = DIRECTION('',(1.,0.,-0.));
#18969 = ADVANCED_FACE('',(#18970),#18981,.F.);
#18970 = FACE_BOUND('',#18971,.T.);
#18971 = EDGE_LOOP('',(#18972,#18973,#18979,#18980));
#18972 = ORIENTED_EDGE('',*,*,#17933,.T.);
#18973 = ORIENTED_EDGE('',*,*,#18974,.T.);
#18974 = EDGE_CURVE('',#17934,#18334,#18975,.T.);
#18975 = LINE('',#18976,#18977);
#18976 = CARTESIAN_POINT('',(136.2,-78.732,-4.6E-02));
#18977 = VECTOR('',#18978,1.);
#18978 = DIRECTION('',(0.,0.,1.));
#18979 = ORIENTED_EDGE('',*,*,#18333,.F.);
#18980 = ORIENTED_EDGE('',*,*,#18974,.F.);
#18981 = CYLINDRICAL_SURFACE('',#18982,0.5);
#18982 = AXIS2_PLACEMENT_3D('',#18983,#18984,#18985);
#18983 = CARTESIAN_POINT('',(136.2,-78.232,-4.6E-02));
#18984 = DIRECTION('',(-0.,-0.,-1.));
#18985 = DIRECTION('',(-0.,-1.,0.));
#18986 = ADVANCED_FACE('',(#18987),#18998,.F.);
#18987 = FACE_BOUND('',#18988,.T.);
#18988 = EDGE_LOOP('',(#18989,#18990,#18996,#18997));
#18989 = ORIENTED_EDGE('',*,*,#17944,.T.);
#18990 = ORIENTED_EDGE('',*,*,#18991,.T.);
#18991 = EDGE_CURVE('',#17945,#18345,#18992,.T.);
#18992 = LINE('',#18993,#18994);
#18993 = CARTESIAN_POINT('',(141.35,-80.588436,-4.6E-02));
#18994 = VECTOR('',#18995,1.);
#18995 = DIRECTION('',(0.,0.,1.));
#18996 = ORIENTED_EDGE('',*,*,#18344,.F.);
#18997 = ORIENTED_EDGE('',*,*,#18991,.F.);
#18998 = CYLINDRICAL_SURFACE('',#18999,0.4445);
#18999 = AXIS2_PLACEMENT_3D('',#19000,#19001,#19002);
#19000 = CARTESIAN_POINT('',(141.35,-80.143936,-4.6E-02));
#19001 = DIRECTION('',(-0.,-0.,-1.));
#19002 = DIRECTION('',(-0.,-1.,0.));
#19003 = ADVANCED_FACE('',(#19004),#19015,.F.);
#19004 = FACE_BOUND('',#19005,.T.);
#19005 = EDGE_LOOP('',(#19006,#19007,#19013,#19014));
#19006 = ORIENTED_EDGE('',*,*,#17955,.T.);
#19007 = ORIENTED_EDGE('',*,*,#19008,.T.);
#19008 = EDGE_CURVE('',#17956,#18356,#19009,.T.);
#19009 = LINE('',#19010,#19011);
#19010 = CARTESIAN_POINT('',(136.2,-76.192,-4.6E-02));
#19011 = VECTOR('',#19012,1.);
#19012 = DIRECTION('',(0.,0.,1.));
#19013 = ORIENTED_EDGE('',*,*,#18355,.F.);
#19014 = ORIENTED_EDGE('',*,*,#19008,.F.);
#19015 = CYLINDRICAL_SURFACE('',#19016,0.5);
#19016 = AXIS2_PLACEMENT_3D('',#19017,#19018,#19019);
#19017 = CARTESIAN_POINT('',(136.2,-75.692,-4.6E-02));
#19018 = DIRECTION('',(-0.,-0.,-1.));
#19019 = DIRECTION('',(-0.,-1.,0.));
#19020 = ADVANCED_FACE('',(#19021),#19032,.F.);
#19021 = FACE_BOUND('',#19022,.T.);
#19022 = EDGE_LOOP('',(#19023,#19029,#19030,#19031));
#19023 = ORIENTED_EDGE('',*,*,#19024,.T.);
#19024 = EDGE_CURVE('',#17967,#18367,#19025,.T.);
#19025 = LINE('',#19026,#19027);
#19026 = CARTESIAN_POINT('',(170.6,-75.639586,0.));
#19027 = VECTOR('',#19028,1.);
#19028 = DIRECTION('',(0.,0.,1.));
#19029 = ORIENTED_EDGE('',*,*,#18366,.T.);
#19030 = ORIENTED_EDGE('',*,*,#19024,.F.);
#19031 = ORIENTED_EDGE('',*,*,#17966,.F.);
#19032 = CYLINDRICAL_SURFACE('',#19033,1.);
#19033 = AXIS2_PLACEMENT_3D('',#19034,#19035,#19036);
#19034 = CARTESIAN_POINT('',(169.6,-75.639586,0.));
#19035 = DIRECTION('',(-0.,-0.,-1.));
#19036 = DIRECTION('',(1.,0.,-0.));
#19037 = ( GEOMETRIC_REPRESENTATION_CONTEXT(3) 
GLOBAL_UNCERTAINTY_ASSIGNED_CONTEXT((#19041)) 
GLOBAL_UNIT_ASSIGNED_CONTEXT((#19038,#19039,#19040)) 
REPRESENTATION_CONTEXT('Context #1',
  '3D Context with UNIT and UNCERTAINTY') );
#19038 = ( LENGTH_UNIT() NAMED_UNIT(*) SI_UNIT(.MILLI.,.METRE.) );
#19039 = ( NAMED_UNIT(*) PLANE_ANGLE_UNIT() SI_UNIT($,.RADIAN.) );
#19040 = ( NAMED_UNIT(*) SI_UNIT($,.STERADIAN.) SOLID_ANGLE_UNIT() );
#19041 = UNCERTAINTY_MEASURE_WITH_UNIT(LENGTH_MEASURE(1.E-07),#19038,
  'distance_accuracy_value','confusion accuracy');
#19042 = CONTEXT_DEPENDENT_SHAPE_REPRESENTATION(#19043,#19045);
#19043 = ( REPRESENTATION_RELATIONSHIP('','',#17474,#10) 
REPRESENTATION_RELATIONSHIP_WITH_TRANSFORMATION(#19044) 
SHAPE_REPRESENTATION_RELATIONSHIP() );
#19044 = ITEM_DEFINED_TRANSFORMATION('','',#11,#151);
#19045 = PRODUCT_DEFINITION_SHAPE('Placement','Placement of an item',
  #19046);
#19046 = NEXT_ASSEMBLY_USAGE_OCCURRENCE('35','=>[0:1:1:10]','',#5,#17469
  ,$);
#19047 = PRODUCT_RELATED_PRODUCT_CATEGORY('part',$,(#17471));
#19048 = MECHANICAL_DESIGN_GEOMETRIC_PRESENTATION_REPRESENTATION('',(
    #19049,#19057,#19064,#19071,#19078,#19085,#19092,#19099,#19107,
    #19114,#19121,#19128,#19135,#19142,#19150,#19157,#19164,#19171,
    #19178,#19185,#19192,#19199,#19206,#19213,#19220,#19227),#959);
#19049 = STYLED_ITEM('color',(#19050),#171);
#19050 = PRESENTATION_STYLE_ASSIGNMENT((#19051));
#19051 = SURFACE_STYLE_USAGE(.BOTH.,#19052);
#19052 = SURFACE_SIDE_STYLE('',(#19053));
#19053 = SURFACE_STYLE_FILL_AREA(#19054);
#19054 = FILL_AREA_STYLE('',(#19055));
#19055 = FILL_AREA_STYLE_COLOUR('',#19056);
#19056 = COLOUR_RGB('',0.823999987314,0.819999987296,0.781000009244);
#19057 = STYLED_ITEM('color',(#19058),#211);
#19058 = PRESENTATION_STYLE_ASSIGNMENT((#19059));
#19059 = SURFACE_STYLE_USAGE(.BOTH.,#19060);
#19060 = SURFACE_SIDE_STYLE('',(#19061));
#19061 = SURFACE_STYLE_FILL_AREA(#19062);
#19062 = FILL_AREA_STYLE('',(#19063));
#19063 = FILL_AREA_STYLE_COLOUR('',#19056);
#19064 = STYLED_ITEM('color',(#19065),#294);
#19065 = PRESENTATION_STYLE_ASSIGNMENT((#19066));
#19066 = SURFACE_STYLE_USAGE(.BOTH.,#19067);
#19067 = SURFACE_SIDE_STYLE('',(#19068));
#19068 = SURFACE_STYLE_FILL_AREA(#19069);
#19069 = FILL_AREA_STYLE('',(#19070));
#19070 = FILL_AREA_STYLE_COLOUR('',#19056);
#19071 = STYLED_ITEM('color',(#19072),#319);
#19072 = PRESENTATION_STYLE_ASSIGNMENT((#19073));
#19073 = SURFACE_STYLE_USAGE(.BOTH.,#19074);
#19074 = SURFACE_SIDE_STYLE('',(#19075));
#19075 = SURFACE_STYLE_FILL_AREA(#19076);
#19076 = FILL_AREA_STYLE('',(#19077));
#19077 = FILL_AREA_STYLE_COLOUR('',#19056);
#19078 = STYLED_ITEM('color',(#19079),#344);
#19079 = PRESENTATION_STYLE_ASSIGNMENT((#19080));
#19080 = SURFACE_STYLE_USAGE(.BOTH.,#19081);
#19081 = SURFACE_SIDE_STYLE('',(#19082));
#19082 = SURFACE_STYLE_FILL_AREA(#19083);
#19083 = FILL_AREA_STYLE('',(#19084));
#19084 = FILL_AREA_STYLE_COLOUR('',#19056);
#19085 = STYLED_ITEM('color',(#19086),#411);
#19086 = PRESENTATION_STYLE_ASSIGNMENT((#19087));
#19087 = SURFACE_STYLE_USAGE(.BOTH.,#19088);
#19088 = SURFACE_SIDE_STYLE('',(#19089));
#19089 = SURFACE_STYLE_FILL_AREA(#19090);
#19090 = FILL_AREA_STYLE('',(#19091));
#19091 = FILL_AREA_STYLE_COLOUR('',#19056);
#19092 = STYLED_ITEM('color',(#19093),#428);
#19093 = PRESENTATION_STYLE_ASSIGNMENT((#19094));
#19094 = SURFACE_STYLE_USAGE(.BOTH.,#19095);
#19095 = SURFACE_SIDE_STYLE('',(#19096));
#19096 = SURFACE_STYLE_FILL_AREA(#19097);
#19097 = FILL_AREA_STYLE('',(#19098));
#19098 = FILL_AREA_STYLE_COLOUR('',#19056);
#19099 = STYLED_ITEM('color',(#19100),#445);
#19100 = PRESENTATION_STYLE_ASSIGNMENT((#19101));
#19101 = SURFACE_STYLE_USAGE(.BOTH.,#19102);
#19102 = SURFACE_SIDE_STYLE('',(#19103));
#19103 = SURFACE_STYLE_FILL_AREA(#19104);
#19104 = FILL_AREA_STYLE('',(#19105));
#19105 = FILL_AREA_STYLE_COLOUR('',#19106);
#19106 = COLOUR_RGB('',0.894999966383,0.890999961016,0.813000030345);
#19107 = STYLED_ITEM('color',(#19108),#494);
#19108 = PRESENTATION_STYLE_ASSIGNMENT((#19109));
#19109 = SURFACE_STYLE_USAGE(.BOTH.,#19110);
#19110 = SURFACE_SIDE_STYLE('',(#19111));
#19111 = SURFACE_STYLE_FILL_AREA(#19112);
#19112 = FILL_AREA_STYLE('',(#19113));
#19113 = FILL_AREA_STYLE_COLOUR('',#19056);
#19114 = STYLED_ITEM('color',(#19115),#511);
#19115 = PRESENTATION_STYLE_ASSIGNMENT((#19116));
#19116 = SURFACE_STYLE_USAGE(.BOTH.,#19117);
#19117 = SURFACE_SIDE_STYLE('',(#19118));
#19118 = SURFACE_STYLE_FILL_AREA(#19119);
#19119 = FILL_AREA_STYLE('',(#19120));
#19120 = FILL_AREA_STYLE_COLOUR('',#19056);
#19121 = STYLED_ITEM('color',(#19122),#528);
#19122 = PRESENTATION_STYLE_ASSIGNMENT((#19123));
#19123 = SURFACE_STYLE_USAGE(.BOTH.,#19124);
#19124 = SURFACE_SIDE_STYLE('',(#19125));
#19125 = SURFACE_STYLE_FILL_AREA(#19126);
#19126 = FILL_AREA_STYLE('',(#19127));
#19127 = FILL_AREA_STYLE_COLOUR('',#19106);
#19128 = STYLED_ITEM('color',(#19129),#577);
#19129 = PRESENTATION_STYLE_ASSIGNMENT((#19130));
#19130 = SURFACE_STYLE_USAGE(.BOTH.,#19131);
#19131 = SURFACE_SIDE_STYLE('',(#19132));
#19132 = SURFACE_STYLE_FILL_AREA(#19133);
#19133 = FILL_AREA_STYLE('',(#19134));
#19134 = FILL_AREA_STYLE_COLOUR('',#19106);
#19135 = STYLED_ITEM('color',(#19136),#594);
#19136 = PRESENTATION_STYLE_ASSIGNMENT((#19137));
#19137 = SURFACE_STYLE_USAGE(.BOTH.,#19138);
#19138 = SURFACE_SIDE_STYLE('',(#19139));
#19139 = SURFACE_STYLE_FILL_AREA(#19140);
#19140 = FILL_AREA_STYLE('',(#19141));
#19141 = FILL_AREA_STYLE_COLOUR('',#19056);
#19142 = STYLED_ITEM('color',(#19143),#663);
#19143 = PRESENTATION_STYLE_ASSIGNMENT((#19144));
#19144 = SURFACE_STYLE_USAGE(.BOTH.,#19145);
#19145 = SURFACE_SIDE_STYLE('',(#19146));
#19146 = SURFACE_STYLE_FILL_AREA(#19147);
#19147 = FILL_AREA_STYLE('',(#19148));
#19148 = FILL_AREA_STYLE_COLOUR('',#19149);
#19149 = COLOUR_RGB('',8.200000279077E-02,8.600000121357E-02,
  9.399999706163E-02);
#19150 = STYLED_ITEM('color',(#19151),#694);
#19151 = PRESENTATION_STYLE_ASSIGNMENT((#19152));
#19152 = SURFACE_STYLE_USAGE(.BOTH.,#19153);
#19153 = SURFACE_SIDE_STYLE('',(#19154));
#19154 = SURFACE_STYLE_FILL_AREA(#19155);
#19155 = FILL_AREA_STYLE('',(#19156));
#19156 = FILL_AREA_STYLE_COLOUR('',#19149);
#19157 = STYLED_ITEM('color',(#19158),#718);
#19158 = PRESENTATION_STYLE_ASSIGNMENT((#19159));
#19159 = SURFACE_STYLE_USAGE(.BOTH.,#19160);
#19160 = SURFACE_SIDE_STYLE('',(#19161));
#19161 = SURFACE_STYLE_FILL_AREA(#19162);
#19162 = FILL_AREA_STYLE('',(#19163));
#19163 = FILL_AREA_STYLE_COLOUR('',#19056);
#19164 = STYLED_ITEM('color',(#19165),#787);
#19165 = PRESENTATION_STYLE_ASSIGNMENT((#19166));
#19166 = SURFACE_STYLE_USAGE(.BOTH.,#19167);
#19167 = SURFACE_SIDE_STYLE('',(#19168));
#19168 = SURFACE_STYLE_FILL_AREA(#19169);
#19169 = FILL_AREA_STYLE('',(#19170));
#19170 = FILL_AREA_STYLE_COLOUR('',#19149);
#19171 = STYLED_ITEM('color',(#19172),#811);
#19172 = PRESENTATION_STYLE_ASSIGNMENT((#19173));
#19173 = SURFACE_STYLE_USAGE(.BOTH.,#19174);
#19174 = SURFACE_SIDE_STYLE('',(#19175));
#19175 = SURFACE_STYLE_FILL_AREA(#19176);
#19176 = FILL_AREA_STYLE('',(#19177));
#19177 = FILL_AREA_STYLE_COLOUR('',#19056);
#19178 = STYLED_ITEM('color',(#19179),#828);
#19179 = PRESENTATION_STYLE_ASSIGNMENT((#19180));
#19180 = SURFACE_STYLE_USAGE(.BOTH.,#19181);
#19181 = SURFACE_SIDE_STYLE('',(#19182));
#19182 = SURFACE_STYLE_FILL_AREA(#19183);
#19183 = FILL_AREA_STYLE('',(#19184));
#19184 = FILL_AREA_STYLE_COLOUR('',#19056);
#19185 = STYLED_ITEM('color',(#19186),#845);
#19186 = PRESENTATION_STYLE_ASSIGNMENT((#19187));
#19187 = SURFACE_STYLE_USAGE(.BOTH.,#19188);
#19188 = SURFACE_SIDE_STYLE('',(#19189));
#19189 = SURFACE_STYLE_FILL_AREA(#19190);
#19190 = FILL_AREA_STYLE('',(#19191));
#19191 = FILL_AREA_STYLE_COLOUR('',#19056);
#19192 = STYLED_ITEM('color',(#19193),#862);
#19193 = PRESENTATION_STYLE_ASSIGNMENT((#19194));
#19194 = SURFACE_STYLE_USAGE(.BOTH.,#19195);
#19195 = SURFACE_SIDE_STYLE('',(#19196));
#19196 = SURFACE_STYLE_FILL_AREA(#19197);
#19197 = FILL_AREA_STYLE('',(#19198));
#19198 = FILL_AREA_STYLE_COLOUR('',#19056);
#19199 = STYLED_ITEM('color',(#19200),#879);
#19200 = PRESENTATION_STYLE_ASSIGNMENT((#19201));
#19201 = SURFACE_STYLE_USAGE(.BOTH.,#19202);
#19202 = SURFACE_SIDE_STYLE('',(#19203));
#19203 = SURFACE_STYLE_FILL_AREA(#19204);
#19204 = FILL_AREA_STYLE('',(#19205));
#19205 = FILL_AREA_STYLE_COLOUR('',#19056);
#19206 = STYLED_ITEM('color',(#19207),#896);
#19207 = PRESENTATION_STYLE_ASSIGNMENT((#19208));
#19208 = SURFACE_STYLE_USAGE(.BOTH.,#19209);
#19209 = SURFACE_SIDE_STYLE('',(#19210));
#19210 = SURFACE_STYLE_FILL_AREA(#19211);
#19211 = FILL_AREA_STYLE('',(#19212));
#19212 = FILL_AREA_STYLE_COLOUR('',#19056);
#19213 = STYLED_ITEM('color',(#19214),#913);
#19214 = PRESENTATION_STYLE_ASSIGNMENT((#19215));
#19215 = SURFACE_STYLE_USAGE(.BOTH.,#19216);
#19216 = SURFACE_SIDE_STYLE('',(#19217));
#19217 = SURFACE_STYLE_FILL_AREA(#19218);
#19218 = FILL_AREA_STYLE('',(#19219));
#19219 = FILL_AREA_STYLE_COLOUR('',#19056);
#19220 = STYLED_ITEM('color',(#19221),#930);
#19221 = PRESENTATION_STYLE_ASSIGNMENT((#19222));
#19222 = SURFACE_STYLE_USAGE(.BOTH.,#19223);
#19223 = SURFACE_SIDE_STYLE('',(#19224));
#19224 = SURFACE_STYLE_FILL_AREA(#19225);
#19225 = FILL_AREA_STYLE('',(#19226));
#19226 = FILL_AREA_STYLE_COLOUR('',#19149);
#19227 = STYLED_ITEM('color',(#19228),#947);
#19228 = PRESENTATION_STYLE_ASSIGNMENT((#19229));
#19229 = SURFACE_STYLE_USAGE(.BOTH.,#19230);
#19230 = SURFACE_SIDE_STYLE('',(#19231));
#19231 = SURFACE_STYLE_FILL_AREA(#19232);
#19232 = FILL_AREA_STYLE('',(#19233));
#19233 = FILL_AREA_STYLE_COLOUR('',#19149);
#19234 = MECHANICAL_DESIGN_GEOMETRIC_PRESENTATION_REPRESENTATION('',(
    #19235,#19245,#19254,#19263,#19272,#19281,#19290,#19299,#19308,
    #19318,#19327,#19336,#19345,#19354,#19363,#19372,#19381,#19390,
    #19399,#19408,#19417,#19426,#19435,#19444,#19453,#19462,#19471,
    #19480,#19489,#19498,#19507,#19516,#19525,#19534,#19543,#19552,
    #19561,#19570,#19579,#19588,#19597,#19606,#19615,#19624,#19633,
    #19642,#19651,#19660,#19669,#19678,#19687,#19696,#19705,#19714,
    #19723,#19732,#19741,#19750,#19759,#19768,#19777,#19786,#19795,
    #19804,#19813,#19822,#19831,#19840,#19849,#19858,#19867,#19876,
    #19885,#19894,#19903,#19912,#19921,#19930),#17456);
#19235 = STYLED_ITEM('color',(#19236),#15624);
#19236 = PRESENTATION_STYLE_ASSIGNMENT((#19237,#19243));
#19237 = SURFACE_STYLE_USAGE(.BOTH.,#19238);
#19238 = SURFACE_SIDE_STYLE('',(#19239));
#19239 = SURFACE_STYLE_FILL_AREA(#19240);
#19240 = FILL_AREA_STYLE('',(#19241));
#19241 = FILL_AREA_STYLE_COLOUR('',#19242);
#19242 = COLOUR_RGB('',0.147999998088,0.145000001626,0.145000001626);
#19243 = CURVE_STYLE('',#19244,POSITIVE_LENGTH_MEASURE(0.1),#19242);
#19244 = DRAUGHTING_PRE_DEFINED_CURVE_FONT('continuous');
#19245 = STYLED_ITEM('color',(#19246),#15664);
#19246 = PRESENTATION_STYLE_ASSIGNMENT((#19247,#19252));
#19247 = SURFACE_STYLE_USAGE(.BOTH.,#19248);
#19248 = SURFACE_SIDE_STYLE('',(#19249));
#19249 = SURFACE_STYLE_FILL_AREA(#19250);
#19250 = FILL_AREA_STYLE('',(#19251));
#19251 = FILL_AREA_STYLE_COLOUR('',#19242);
#19252 = CURVE_STYLE('',#19253,POSITIVE_LENGTH_MEASURE(0.1),#19242);
#19253 = DRAUGHTING_PRE_DEFINED_CURVE_FONT('continuous');
#19254 = STYLED_ITEM('color',(#19255),#15727);
#19255 = PRESENTATION_STYLE_ASSIGNMENT((#19256,#19261));
#19256 = SURFACE_STYLE_USAGE(.BOTH.,#19257);
#19257 = SURFACE_SIDE_STYLE('',(#19258));
#19258 = SURFACE_STYLE_FILL_AREA(#19259);
#19259 = FILL_AREA_STYLE('',(#19260));
#19260 = FILL_AREA_STYLE_COLOUR('',#19242);
#19261 = CURVE_STYLE('',#19262,POSITIVE_LENGTH_MEASURE(0.1),#19242);
#19262 = DRAUGHTING_PRE_DEFINED_CURVE_FONT('continuous');
#19263 = STYLED_ITEM('color',(#19264),#15790);
#19264 = PRESENTATION_STYLE_ASSIGNMENT((#19265,#19270));
#19265 = SURFACE_STYLE_USAGE(.BOTH.,#19266);
#19266 = SURFACE_SIDE_STYLE('',(#19267));
#19267 = SURFACE_STYLE_FILL_AREA(#19268);
#19268 = FILL_AREA_STYLE('',(#19269));
#19269 = FILL_AREA_STYLE_COLOUR('',#19242);
#19270 = CURVE_STYLE('',#19271,POSITIVE_LENGTH_MEASURE(0.1),#19242);
#19271 = DRAUGHTING_PRE_DEFINED_CURVE_FONT('continuous');
#19272 = STYLED_ITEM('color',(#19273),#15807);
#19273 = PRESENTATION_STYLE_ASSIGNMENT((#19274,#19279));
#19274 = SURFACE_STYLE_USAGE(.BOTH.,#19275);
#19275 = SURFACE_SIDE_STYLE('',(#19276));
#19276 = SURFACE_STYLE_FILL_AREA(#19277);
#19277 = FILL_AREA_STYLE('',(#19278));
#19278 = FILL_AREA_STYLE_COLOUR('',#19242);
#19279 = CURVE_STYLE('',#19280,POSITIVE_LENGTH_MEASURE(0.1),#19242);
#19280 = DRAUGHTING_PRE_DEFINED_CURVE_FONT('continuous');
#19281 = STYLED_ITEM('color',(#19282),#15892);
#19282 = PRESENTATION_STYLE_ASSIGNMENT((#19283,#19288));
#19283 = SURFACE_STYLE_USAGE(.BOTH.,#19284);
#19284 = SURFACE_SIDE_STYLE('',(#19285));
#19285 = SURFACE_STYLE_FILL_AREA(#19286);
#19286 = FILL_AREA_STYLE('',(#19287));
#19287 = FILL_AREA_STYLE_COLOUR('',#19242);
#19288 = CURVE_STYLE('',#19289,POSITIVE_LENGTH_MEASURE(0.1),#19242);
#19289 = DRAUGHTING_PRE_DEFINED_CURVE_FONT('continuous');
#19290 = STYLED_ITEM('color',(#19291),#15914);
#19291 = PRESENTATION_STYLE_ASSIGNMENT((#19292,#19297));
#19292 = SURFACE_STYLE_USAGE(.BOTH.,#19293);
#19293 = SURFACE_SIDE_STYLE('',(#19294));
#19294 = SURFACE_STYLE_FILL_AREA(#19295);
#19295 = FILL_AREA_STYLE('',(#19296));
#19296 = FILL_AREA_STYLE_COLOUR('',#19242);
#19297 = CURVE_STYLE('',#19298,POSITIVE_LENGTH_MEASURE(0.1),#19242);
#19298 = DRAUGHTING_PRE_DEFINED_CURVE_FONT('continuous');
#19299 = STYLED_ITEM('color',(#19300),#15931);
#19300 = PRESENTATION_STYLE_ASSIGNMENT((#19301,#19306));
#19301 = SURFACE_STYLE_USAGE(.BOTH.,#19302);
#19302 = SURFACE_SIDE_STYLE('',(#19303));
#19303 = SURFACE_STYLE_FILL_AREA(#19304);
#19304 = FILL_AREA_STYLE('',(#19305));
#19305 = FILL_AREA_STYLE_COLOUR('',#19242);
#19306 = CURVE_STYLE('',#19307,POSITIVE_LENGTH_MEASURE(0.1),#19242);
#19307 = DRAUGHTING_PRE_DEFINED_CURVE_FONT('continuous');
#19308 = OVER_RIDING_STYLED_ITEM('overriding color',(#19309),#15964,
  #19299);
#19309 = PRESENTATION_STYLE_ASSIGNMENT((#19310,#19316));
#19310 = SURFACE_STYLE_USAGE(.BOTH.,#19311);
#19311 = SURFACE_SIDE_STYLE('',(#19312));
#19312 = SURFACE_STYLE_FILL_AREA(#19313);
#19313 = FILL_AREA_STYLE('',(#19314));
#19314 = FILL_AREA_STYLE_COLOUR('',#19315);
#19315 = COLOUR_RGB('',0.858999988747,0.738000004258,0.496000005009);
#19316 = CURVE_STYLE('',#19317,POSITIVE_LENGTH_MEASURE(0.1),#19315);
#19317 = DRAUGHTING_PRE_DEFINED_CURVE_FONT('continuous');
#19318 = OVER_RIDING_STYLED_ITEM('overriding color',(#19319),#15996,
  #19299);
#19319 = PRESENTATION_STYLE_ASSIGNMENT((#19320,#19325));
#19320 = SURFACE_STYLE_USAGE(.BOTH.,#19321);
#19321 = SURFACE_SIDE_STYLE('',(#19322));
#19322 = SURFACE_STYLE_FILL_AREA(#19323);
#19323 = FILL_AREA_STYLE('',(#19324));
#19324 = FILL_AREA_STYLE_COLOUR('',#19315);
#19325 = CURVE_STYLE('',#19326,POSITIVE_LENGTH_MEASURE(0.1),#19315);
#19326 = DRAUGHTING_PRE_DEFINED_CURVE_FONT('continuous');
#19327 = OVER_RIDING_STYLED_ITEM('overriding color',(#19328),#16030,
  #19299);
#19328 = PRESENTATION_STYLE_ASSIGNMENT((#19329,#19334));
#19329 = SURFACE_STYLE_USAGE(.BOTH.,#19330);
#19330 = SURFACE_SIDE_STYLE('',(#19331));
#19331 = SURFACE_STYLE_FILL_AREA(#19332);
#19332 = FILL_AREA_STYLE('',(#19333));
#19333 = FILL_AREA_STYLE_COLOUR('',#19315);
#19334 = CURVE_STYLE('',#19335,POSITIVE_LENGTH_MEASURE(0.1),#19315);
#19335 = DRAUGHTING_PRE_DEFINED_CURVE_FONT('continuous');
#19336 = OVER_RIDING_STYLED_ITEM('overriding color',(#19337),#16062,
  #19299);
#19337 = PRESENTATION_STYLE_ASSIGNMENT((#19338,#19343));
#19338 = SURFACE_STYLE_USAGE(.BOTH.,#19339);
#19339 = SURFACE_SIDE_STYLE('',(#19340));
#19340 = SURFACE_STYLE_FILL_AREA(#19341);
#19341 = FILL_AREA_STYLE('',(#19342));
#19342 = FILL_AREA_STYLE_COLOUR('',#19315);
#19343 = CURVE_STYLE('',#19344,POSITIVE_LENGTH_MEASURE(0.1),#19315);
#19344 = DRAUGHTING_PRE_DEFINED_CURVE_FONT('continuous');
#19345 = STYLED_ITEM('color',(#19346),#16080);
#19346 = PRESENTATION_STYLE_ASSIGNMENT((#19347,#19352));
#19347 = SURFACE_STYLE_USAGE(.BOTH.,#19348);
#19348 = SURFACE_SIDE_STYLE('',(#19349));
#19349 = SURFACE_STYLE_FILL_AREA(#19350);
#19350 = FILL_AREA_STYLE('',(#19351));
#19351 = FILL_AREA_STYLE_COLOUR('',#19242);
#19352 = CURVE_STYLE('',#19353,POSITIVE_LENGTH_MEASURE(0.1),#19242);
#19353 = DRAUGHTING_PRE_DEFINED_CURVE_FONT('continuous');
#19354 = STYLED_ITEM('color',(#19355),#16092);
#19355 = PRESENTATION_STYLE_ASSIGNMENT((#19356,#19361));
#19356 = SURFACE_STYLE_USAGE(.BOTH.,#19357);
#19357 = SURFACE_SIDE_STYLE('',(#19358));
#19358 = SURFACE_STYLE_FILL_AREA(#19359);
#19359 = FILL_AREA_STYLE('',(#19360));
#19360 = FILL_AREA_STYLE_COLOUR('',#19242);
#19361 = CURVE_STYLE('',#19362,POSITIVE_LENGTH_MEASURE(0.1),#19242);
#19362 = DRAUGHTING_PRE_DEFINED_CURVE_FONT('continuous');
#19363 = STYLED_ITEM('color',(#19364),#16104);
#19364 = PRESENTATION_STYLE_ASSIGNMENT((#19365,#19370));
#19365 = SURFACE_STYLE_USAGE(.BOTH.,#19366);
#19366 = SURFACE_SIDE_STYLE('',(#19367));
#19367 = SURFACE_STYLE_FILL_AREA(#19368);
#19368 = FILL_AREA_STYLE('',(#19369));
#19369 = FILL_AREA_STYLE_COLOUR('',#19242);
#19370 = CURVE_STYLE('',#19371,POSITIVE_LENGTH_MEASURE(0.1),#19242);
#19371 = DRAUGHTING_PRE_DEFINED_CURVE_FONT('continuous');
#19372 = STYLED_ITEM('color',(#19373),#16135);
#19373 = PRESENTATION_STYLE_ASSIGNMENT((#19374,#19379));
#19374 = SURFACE_STYLE_USAGE(.BOTH.,#19375);
#19375 = SURFACE_SIDE_STYLE('',(#19376));
#19376 = SURFACE_STYLE_FILL_AREA(#19377);
#19377 = FILL_AREA_STYLE('',(#19378));
#19378 = FILL_AREA_STYLE_COLOUR('',#19242);
#19379 = CURVE_STYLE('',#19380,POSITIVE_LENGTH_MEASURE(0.1),#19242);
#19380 = DRAUGHTING_PRE_DEFINED_CURVE_FONT('continuous');
#19381 = STYLED_ITEM('color',(#19382),#16159);
#19382 = PRESENTATION_STYLE_ASSIGNMENT((#19383,#19388));
#19383 = SURFACE_STYLE_USAGE(.BOTH.,#19384);
#19384 = SURFACE_SIDE_STYLE('',(#19385));
#19385 = SURFACE_STYLE_FILL_AREA(#19386);
#19386 = FILL_AREA_STYLE('',(#19387));
#19387 = FILL_AREA_STYLE_COLOUR('',#19242);
#19388 = CURVE_STYLE('',#19389,POSITIVE_LENGTH_MEASURE(0.1),#19242);
#19389 = DRAUGHTING_PRE_DEFINED_CURVE_FONT('continuous');
#19390 = STYLED_ITEM('color',(#19391),#16183);
#19391 = PRESENTATION_STYLE_ASSIGNMENT((#19392,#19397));
#19392 = SURFACE_STYLE_USAGE(.BOTH.,#19393);
#19393 = SURFACE_SIDE_STYLE('',(#19394));
#19394 = SURFACE_STYLE_FILL_AREA(#19395);
#19395 = FILL_AREA_STYLE('',(#19396));
#19396 = FILL_AREA_STYLE_COLOUR('',#19242);
#19397 = CURVE_STYLE('',#19398,POSITIVE_LENGTH_MEASURE(0.1),#19242);
#19398 = DRAUGHTING_PRE_DEFINED_CURVE_FONT('continuous');
#19399 = STYLED_ITEM('color',(#19400),#16200);
#19400 = PRESENTATION_STYLE_ASSIGNMENT((#19401,#19406));
#19401 = SURFACE_STYLE_USAGE(.BOTH.,#19402);
#19402 = SURFACE_SIDE_STYLE('',(#19403));
#19403 = SURFACE_STYLE_FILL_AREA(#19404);
#19404 = FILL_AREA_STYLE('',(#19405));
#19405 = FILL_AREA_STYLE_COLOUR('',#19242);
#19406 = CURVE_STYLE('',#19407,POSITIVE_LENGTH_MEASURE(0.1),#19242);
#19407 = DRAUGHTING_PRE_DEFINED_CURVE_FONT('continuous');
#19408 = STYLED_ITEM('color',(#19409),#16231);
#19409 = PRESENTATION_STYLE_ASSIGNMENT((#19410,#19415));
#19410 = SURFACE_STYLE_USAGE(.BOTH.,#19411);
#19411 = SURFACE_SIDE_STYLE('',(#19412));
#19412 = SURFACE_STYLE_FILL_AREA(#19413);
#19413 = FILL_AREA_STYLE('',(#19414));
#19414 = FILL_AREA_STYLE_COLOUR('',#19242);
#19415 = CURVE_STYLE('',#19416,POSITIVE_LENGTH_MEASURE(0.1),#19242);
#19416 = DRAUGHTING_PRE_DEFINED_CURVE_FONT('continuous');
#19417 = STYLED_ITEM('color',(#19418),#16255);
#19418 = PRESENTATION_STYLE_ASSIGNMENT((#19419,#19424));
#19419 = SURFACE_STYLE_USAGE(.BOTH.,#19420);
#19420 = SURFACE_SIDE_STYLE('',(#19421));
#19421 = SURFACE_STYLE_FILL_AREA(#19422);
#19422 = FILL_AREA_STYLE('',(#19423));
#19423 = FILL_AREA_STYLE_COLOUR('',#19242);
#19424 = CURVE_STYLE('',#19425,POSITIVE_LENGTH_MEASURE(0.1),#19242);
#19425 = DRAUGHTING_PRE_DEFINED_CURVE_FONT('continuous');
#19426 = STYLED_ITEM('color',(#19427),#16279);
#19427 = PRESENTATION_STYLE_ASSIGNMENT((#19428,#19433));
#19428 = SURFACE_STYLE_USAGE(.BOTH.,#19429);
#19429 = SURFACE_SIDE_STYLE('',(#19430));
#19430 = SURFACE_STYLE_FILL_AREA(#19431);
#19431 = FILL_AREA_STYLE('',(#19432));
#19432 = FILL_AREA_STYLE_COLOUR('',#19242);
#19433 = CURVE_STYLE('',#19434,POSITIVE_LENGTH_MEASURE(0.1),#19242);
#19434 = DRAUGHTING_PRE_DEFINED_CURVE_FONT('continuous');
#19435 = STYLED_ITEM('color',(#19436),#16296);
#19436 = PRESENTATION_STYLE_ASSIGNMENT((#19437,#19442));
#19437 = SURFACE_STYLE_USAGE(.BOTH.,#19438);
#19438 = SURFACE_SIDE_STYLE('',(#19439));
#19439 = SURFACE_STYLE_FILL_AREA(#19440);
#19440 = FILL_AREA_STYLE('',(#19441));
#19441 = FILL_AREA_STYLE_COLOUR('',#19315);
#19442 = CURVE_STYLE('',#19443,POSITIVE_LENGTH_MEASURE(0.1),#19315);
#19443 = DRAUGHTING_PRE_DEFINED_CURVE_FONT('continuous');
#19444 = STYLED_ITEM('color',(#19445),#16313);
#19445 = PRESENTATION_STYLE_ASSIGNMENT((#19446,#19451));
#19446 = SURFACE_STYLE_USAGE(.BOTH.,#19447);
#19447 = SURFACE_SIDE_STYLE('',(#19448));
#19448 = SURFACE_STYLE_FILL_AREA(#19449);
#19449 = FILL_AREA_STYLE('',(#19450));
#19450 = FILL_AREA_STYLE_COLOUR('',#19315);
#19451 = CURVE_STYLE('',#19452,POSITIVE_LENGTH_MEASURE(0.1),#19315);
#19452 = DRAUGHTING_PRE_DEFINED_CURVE_FONT('continuous');
#19453 = STYLED_ITEM('color',(#19454),#16360);
#19454 = PRESENTATION_STYLE_ASSIGNMENT((#19455,#19460));
#19455 = SURFACE_STYLE_USAGE(.BOTH.,#19456);
#19456 = SURFACE_SIDE_STYLE('',(#19457));
#19457 = SURFACE_STYLE_FILL_AREA(#19458);
#19458 = FILL_AREA_STYLE('',(#19459));
#19459 = FILL_AREA_STYLE_COLOUR('',#19315);
#19460 = CURVE_STYLE('',#19461,POSITIVE_LENGTH_MEASURE(0.1),#19315);
#19461 = DRAUGHTING_PRE_DEFINED_CURVE_FONT('continuous');
#19462 = STYLED_ITEM('color',(#19463),#16377);
#19463 = PRESENTATION_STYLE_ASSIGNMENT((#19464,#19469));
#19464 = SURFACE_STYLE_USAGE(.BOTH.,#19465);
#19465 = SURFACE_SIDE_STYLE('',(#19466));
#19466 = SURFACE_STYLE_FILL_AREA(#19467);
#19467 = FILL_AREA_STYLE('',(#19468));
#19468 = FILL_AREA_STYLE_COLOUR('',#19315);
#19469 = CURVE_STYLE('',#19470,POSITIVE_LENGTH_MEASURE(0.1),#19315);
#19470 = DRAUGHTING_PRE_DEFINED_CURVE_FONT('continuous');
#19471 = STYLED_ITEM('color',(#19472),#16424);
#19472 = PRESENTATION_STYLE_ASSIGNMENT((#19473,#19478));
#19473 = SURFACE_STYLE_USAGE(.BOTH.,#19474);
#19474 = SURFACE_SIDE_STYLE('',(#19475));
#19475 = SURFACE_STYLE_FILL_AREA(#19476);
#19476 = FILL_AREA_STYLE('',(#19477));
#19477 = FILL_AREA_STYLE_COLOUR('',#19315);
#19478 = CURVE_STYLE('',#19479,POSITIVE_LENGTH_MEASURE(0.1),#19315);
#19479 = DRAUGHTING_PRE_DEFINED_CURVE_FONT('continuous');
#19480 = STYLED_ITEM('color',(#19481),#16441);
#19481 = PRESENTATION_STYLE_ASSIGNMENT((#19482,#19487));
#19482 = SURFACE_STYLE_USAGE(.BOTH.,#19483);
#19483 = SURFACE_SIDE_STYLE('',(#19484));
#19484 = SURFACE_STYLE_FILL_AREA(#19485);
#19485 = FILL_AREA_STYLE('',(#19486));
#19486 = FILL_AREA_STYLE_COLOUR('',#19315);
#19487 = CURVE_STYLE('',#19488,POSITIVE_LENGTH_MEASURE(0.1),#19315);
#19488 = DRAUGHTING_PRE_DEFINED_CURVE_FONT('continuous');
#19489 = STYLED_ITEM('color',(#19490),#16488);
#19490 = PRESENTATION_STYLE_ASSIGNMENT((#19491,#19496));
#19491 = SURFACE_STYLE_USAGE(.BOTH.,#19492);
#19492 = SURFACE_SIDE_STYLE('',(#19493));
#19493 = SURFACE_STYLE_FILL_AREA(#19494);
#19494 = FILL_AREA_STYLE('',(#19495));
#19495 = FILL_AREA_STYLE_COLOUR('',#19315);
#19496 = CURVE_STYLE('',#19497,POSITIVE_LENGTH_MEASURE(0.1),#19315);
#19497 = DRAUGHTING_PRE_DEFINED_CURVE_FONT('continuous');
#19498 = STYLED_ITEM('color',(#19499),#16505);
#19499 = PRESENTATION_STYLE_ASSIGNMENT((#19500,#19505));
#19500 = SURFACE_STYLE_USAGE(.BOTH.,#19501);
#19501 = SURFACE_SIDE_STYLE('',(#19502));
#19502 = SURFACE_STYLE_FILL_AREA(#19503);
#19503 = FILL_AREA_STYLE('',(#19504));
#19504 = FILL_AREA_STYLE_COLOUR('',#19315);
#19505 = CURVE_STYLE('',#19506,POSITIVE_LENGTH_MEASURE(0.1),#19315);
#19506 = DRAUGHTING_PRE_DEFINED_CURVE_FONT('continuous');
#19507 = STYLED_ITEM('color',(#19508),#16552);
#19508 = PRESENTATION_STYLE_ASSIGNMENT((#19509,#19514));
#19509 = SURFACE_STYLE_USAGE(.BOTH.,#19510);
#19510 = SURFACE_SIDE_STYLE('',(#19511));
#19511 = SURFACE_STYLE_FILL_AREA(#19512);
#19512 = FILL_AREA_STYLE('',(#19513));
#19513 = FILL_AREA_STYLE_COLOUR('',#19242);
#19514 = CURVE_STYLE('',#19515,POSITIVE_LENGTH_MEASURE(0.1),#19242);
#19515 = DRAUGHTING_PRE_DEFINED_CURVE_FONT('continuous');
#19516 = STYLED_ITEM('color',(#19517),#16583);
#19517 = PRESENTATION_STYLE_ASSIGNMENT((#19518,#19523));
#19518 = SURFACE_STYLE_USAGE(.BOTH.,#19519);
#19519 = SURFACE_SIDE_STYLE('',(#19520));
#19520 = SURFACE_STYLE_FILL_AREA(#19521);
#19521 = FILL_AREA_STYLE('',(#19522));
#19522 = FILL_AREA_STYLE_COLOUR('',#19242);
#19523 = CURVE_STYLE('',#19524,POSITIVE_LENGTH_MEASURE(0.1),#19242);
#19524 = DRAUGHTING_PRE_DEFINED_CURVE_FONT('continuous');
#19525 = OVER_RIDING_STYLED_ITEM('overriding color',(#19526),#16597,
  #19516);
#19526 = PRESENTATION_STYLE_ASSIGNMENT((#19527,#19532));
#19527 = SURFACE_STYLE_USAGE(.BOTH.,#19528);
#19528 = SURFACE_SIDE_STYLE('',(#19529));
#19529 = SURFACE_STYLE_FILL_AREA(#19530);
#19530 = FILL_AREA_STYLE('',(#19531));
#19531 = FILL_AREA_STYLE_COLOUR('',#19315);
#19532 = CURVE_STYLE('',#19533,POSITIVE_LENGTH_MEASURE(0.1),#19315);
#19533 = DRAUGHTING_PRE_DEFINED_CURVE_FONT('continuous');
#19534 = OVER_RIDING_STYLED_ITEM('overriding color',(#19535),#16613,
  #19516);
#19535 = PRESENTATION_STYLE_ASSIGNMENT((#19536,#19541));
#19536 = SURFACE_STYLE_USAGE(.BOTH.,#19537);
#19537 = SURFACE_SIDE_STYLE('',(#19538));
#19538 = SURFACE_STYLE_FILL_AREA(#19539);
#19539 = FILL_AREA_STYLE('',(#19540));
#19540 = FILL_AREA_STYLE_COLOUR('',#19315);
#19541 = CURVE_STYLE('',#19542,POSITIVE_LENGTH_MEASURE(0.1),#19315);
#19542 = DRAUGHTING_PRE_DEFINED_CURVE_FONT('continuous');
#19543 = STYLED_ITEM('color',(#19544),#16639);
#19544 = PRESENTATION_STYLE_ASSIGNMENT((#19545,#19550));
#19545 = SURFACE_STYLE_USAGE(.BOTH.,#19546);
#19546 = SURFACE_SIDE_STYLE('',(#19547));
#19547 = SURFACE_STYLE_FILL_AREA(#19548);
#19548 = FILL_AREA_STYLE('',(#19549));
#19549 = FILL_AREA_STYLE_COLOUR('',#19242);
#19550 = CURVE_STYLE('',#19551,POSITIVE_LENGTH_MEASURE(0.1),#19242);
#19551 = DRAUGHTING_PRE_DEFINED_CURVE_FONT('continuous');
#19552 = STYLED_ITEM('color',(#19553),#16663);
#19553 = PRESENTATION_STYLE_ASSIGNMENT((#19554,#19559));
#19554 = SURFACE_STYLE_USAGE(.BOTH.,#19555);
#19555 = SURFACE_SIDE_STYLE('',(#19556));
#19556 = SURFACE_STYLE_FILL_AREA(#19557);
#19557 = FILL_AREA_STYLE('',(#19558));
#19558 = FILL_AREA_STYLE_COLOUR('',#19242);
#19559 = CURVE_STYLE('',#19560,POSITIVE_LENGTH_MEASURE(0.1),#19242);
#19560 = DRAUGHTING_PRE_DEFINED_CURVE_FONT('continuous');
#19561 = OVER_RIDING_STYLED_ITEM('overriding color',(#19562),#16677,
  #19552);
#19562 = PRESENTATION_STYLE_ASSIGNMENT((#19563,#19568));
#19563 = SURFACE_STYLE_USAGE(.BOTH.,#19564);
#19564 = SURFACE_SIDE_STYLE('',(#19565));
#19565 = SURFACE_STYLE_FILL_AREA(#19566);
#19566 = FILL_AREA_STYLE('',(#19567));
#19567 = FILL_AREA_STYLE_COLOUR('',#19315);
#19568 = CURVE_STYLE('',#19569,POSITIVE_LENGTH_MEASURE(0.1),#19315);
#19569 = DRAUGHTING_PRE_DEFINED_CURVE_FONT('continuous');
#19570 = OVER_RIDING_STYLED_ITEM('overriding color',(#19571),#16693,
  #19552);
#19571 = PRESENTATION_STYLE_ASSIGNMENT((#19572,#19577));
#19572 = SURFACE_STYLE_USAGE(.BOTH.,#19573);
#19573 = SURFACE_SIDE_STYLE('',(#19574));
#19574 = SURFACE_STYLE_FILL_AREA(#19575);
#19575 = FILL_AREA_STYLE('',(#19576));
#19576 = FILL_AREA_STYLE_COLOUR('',#19315);
#19577 = CURVE_STYLE('',#19578,POSITIVE_LENGTH_MEASURE(0.1),#19315);
#19578 = DRAUGHTING_PRE_DEFINED_CURVE_FONT('continuous');
#19579 = STYLED_ITEM('color',(#19580),#16712);
#19580 = PRESENTATION_STYLE_ASSIGNMENT((#19581,#19586));
#19581 = SURFACE_STYLE_USAGE(.BOTH.,#19582);
#19582 = SURFACE_SIDE_STYLE('',(#19583));
#19583 = SURFACE_STYLE_FILL_AREA(#19584);
#19584 = FILL_AREA_STYLE('',(#19585));
#19585 = FILL_AREA_STYLE_COLOUR('',#19242);
#19586 = CURVE_STYLE('',#19587,POSITIVE_LENGTH_MEASURE(0.1),#19242);
#19587 = DRAUGHTING_PRE_DEFINED_CURVE_FONT('continuous');
#19588 = STYLED_ITEM('color',(#19589),#16743);
#19589 = PRESENTATION_STYLE_ASSIGNMENT((#19590,#19595));
#19590 = SURFACE_STYLE_USAGE(.BOTH.,#19591);
#19591 = SURFACE_SIDE_STYLE('',(#19592));
#19592 = SURFACE_STYLE_FILL_AREA(#19593);
#19593 = FILL_AREA_STYLE('',(#19594));
#19594 = FILL_AREA_STYLE_COLOUR('',#19242);
#19595 = CURVE_STYLE('',#19596,POSITIVE_LENGTH_MEASURE(0.1),#19242);
#19596 = DRAUGHTING_PRE_DEFINED_CURVE_FONT('continuous');
#19597 = OVER_RIDING_STYLED_ITEM('overriding color',(#19598),#16757,
  #19588);
#19598 = PRESENTATION_STYLE_ASSIGNMENT((#19599,#19604));
#19599 = SURFACE_STYLE_USAGE(.BOTH.,#19600);
#19600 = SURFACE_SIDE_STYLE('',(#19601));
#19601 = SURFACE_STYLE_FILL_AREA(#19602);
#19602 = FILL_AREA_STYLE('',(#19603));
#19603 = FILL_AREA_STYLE_COLOUR('',#19315);
#19604 = CURVE_STYLE('',#19605,POSITIVE_LENGTH_MEASURE(0.1),#19315);
#19605 = DRAUGHTING_PRE_DEFINED_CURVE_FONT('continuous');
#19606 = OVER_RIDING_STYLED_ITEM('overriding color',(#19607),#16773,
  #19588);
#19607 = PRESENTATION_STYLE_ASSIGNMENT((#19608,#19613));
#19608 = SURFACE_STYLE_USAGE(.BOTH.,#19609);
#19609 = SURFACE_SIDE_STYLE('',(#19610));
#19610 = SURFACE_STYLE_FILL_AREA(#19611);
#19611 = FILL_AREA_STYLE('',(#19612));
#19612 = FILL_AREA_STYLE_COLOUR('',#19315);
#19613 = CURVE_STYLE('',#19614,POSITIVE_LENGTH_MEASURE(0.1),#19315);
#19614 = DRAUGHTING_PRE_DEFINED_CURVE_FONT('continuous');
#19615 = STYLED_ITEM('color',(#19616),#16799);
#19616 = PRESENTATION_STYLE_ASSIGNMENT((#19617,#19622));
#19617 = SURFACE_STYLE_USAGE(.BOTH.,#19618);
#19618 = SURFACE_SIDE_STYLE('',(#19619));
#19619 = SURFACE_STYLE_FILL_AREA(#19620);
#19620 = FILL_AREA_STYLE('',(#19621));
#19621 = FILL_AREA_STYLE_COLOUR('',#19242);
#19622 = CURVE_STYLE('',#19623,POSITIVE_LENGTH_MEASURE(0.1),#19242);
#19623 = DRAUGHTING_PRE_DEFINED_CURVE_FONT('continuous');
#19624 = STYLED_ITEM('color',(#19625),#16823);
#19625 = PRESENTATION_STYLE_ASSIGNMENT((#19626,#19631));
#19626 = SURFACE_STYLE_USAGE(.BOTH.,#19627);
#19627 = SURFACE_SIDE_STYLE('',(#19628));
#19628 = SURFACE_STYLE_FILL_AREA(#19629);
#19629 = FILL_AREA_STYLE('',(#19630));
#19630 = FILL_AREA_STYLE_COLOUR('',#19242);
#19631 = CURVE_STYLE('',#19632,POSITIVE_LENGTH_MEASURE(0.1),#19242);
#19632 = DRAUGHTING_PRE_DEFINED_CURVE_FONT('continuous');
#19633 = OVER_RIDING_STYLED_ITEM('overriding color',(#19634),#16837,
  #19624);
#19634 = PRESENTATION_STYLE_ASSIGNMENT((#19635,#19640));
#19635 = SURFACE_STYLE_USAGE(.BOTH.,#19636);
#19636 = SURFACE_SIDE_STYLE('',(#19637));
#19637 = SURFACE_STYLE_FILL_AREA(#19638);
#19638 = FILL_AREA_STYLE('',(#19639));
#19639 = FILL_AREA_STYLE_COLOUR('',#19315);
#19640 = CURVE_STYLE('',#19641,POSITIVE_LENGTH_MEASURE(0.1),#19315);
#19641 = DRAUGHTING_PRE_DEFINED_CURVE_FONT('continuous');
#19642 = OVER_RIDING_STYLED_ITEM('overriding color',(#19643),#16853,
  #19624);
#19643 = PRESENTATION_STYLE_ASSIGNMENT((#19644,#19649));
#19644 = SURFACE_STYLE_USAGE(.BOTH.,#19645);
#19645 = SURFACE_SIDE_STYLE('',(#19646));
#19646 = SURFACE_STYLE_FILL_AREA(#19647);
#19647 = FILL_AREA_STYLE('',(#19648));
#19648 = FILL_AREA_STYLE_COLOUR('',#19315);
#19649 = CURVE_STYLE('',#19650,POSITIVE_LENGTH_MEASURE(0.1),#19315);
#19650 = DRAUGHTING_PRE_DEFINED_CURVE_FONT('continuous');
#19651 = STYLED_ITEM('color',(#19652),#16872);
#19652 = PRESENTATION_STYLE_ASSIGNMENT((#19653,#19658));
#19653 = SURFACE_STYLE_USAGE(.BOTH.,#19654);
#19654 = SURFACE_SIDE_STYLE('',(#19655));
#19655 = SURFACE_STYLE_FILL_AREA(#19656);
#19656 = FILL_AREA_STYLE('',(#19657));
#19657 = FILL_AREA_STYLE_COLOUR('',#19315);
#19658 = CURVE_STYLE('',#19659,POSITIVE_LENGTH_MEASURE(0.1),#19315);
#19659 = DRAUGHTING_PRE_DEFINED_CURVE_FONT('continuous');
#19660 = STYLED_ITEM('color',(#19661),#16889);
#19661 = PRESENTATION_STYLE_ASSIGNMENT((#19662,#19667));
#19662 = SURFACE_STYLE_USAGE(.BOTH.,#19663);
#19663 = SURFACE_SIDE_STYLE('',(#19664));
#19664 = SURFACE_STYLE_FILL_AREA(#19665);
#19665 = FILL_AREA_STYLE('',(#19666));
#19666 = FILL_AREA_STYLE_COLOUR('',#19315);
#19667 = CURVE_STYLE('',#19668,POSITIVE_LENGTH_MEASURE(0.1),#19315);
#19668 = DRAUGHTING_PRE_DEFINED_CURVE_FONT('continuous');
#19669 = STYLED_ITEM('color',(#19670),#16906);
#19670 = PRESENTATION_STYLE_ASSIGNMENT((#19671,#19676));
#19671 = SURFACE_STYLE_USAGE(.BOTH.,#19672);
#19672 = SURFACE_SIDE_STYLE('',(#19673));
#19673 = SURFACE_STYLE_FILL_AREA(#19674);
#19674 = FILL_AREA_STYLE('',(#19675));
#19675 = FILL_AREA_STYLE_COLOUR('',#19315);
#19676 = CURVE_STYLE('',#19677,POSITIVE_LENGTH_MEASURE(0.1),#19315);
#19677 = DRAUGHTING_PRE_DEFINED_CURVE_FONT('continuous');
#19678 = STYLED_ITEM('color',(#19679),#16923);
#19679 = PRESENTATION_STYLE_ASSIGNMENT((#19680,#19685));
#19680 = SURFACE_STYLE_USAGE(.BOTH.,#19681);
#19681 = SURFACE_SIDE_STYLE('',(#19682));
#19682 = SURFACE_STYLE_FILL_AREA(#19683);
#19683 = FILL_AREA_STYLE('',(#19684));
#19684 = FILL_AREA_STYLE_COLOUR('',#19315);
#19685 = CURVE_STYLE('',#19686,POSITIVE_LENGTH_MEASURE(0.1),#19315);
#19686 = DRAUGHTING_PRE_DEFINED_CURVE_FONT('continuous');
#19687 = STYLED_ITEM('color',(#19688),#16940);
#19688 = PRESENTATION_STYLE_ASSIGNMENT((#19689,#19694));
#19689 = SURFACE_STYLE_USAGE(.BOTH.,#19690);
#19690 = SURFACE_SIDE_STYLE('',(#19691));
#19691 = SURFACE_STYLE_FILL_AREA(#19692);
#19692 = FILL_AREA_STYLE('',(#19693));
#19693 = FILL_AREA_STYLE_COLOUR('',#19315);
#19694 = CURVE_STYLE('',#19695,POSITIVE_LENGTH_MEASURE(0.1),#19315);
#19695 = DRAUGHTING_PRE_DEFINED_CURVE_FONT('continuous');
#19696 = STYLED_ITEM('color',(#19697),#16952);
#19697 = PRESENTATION_STYLE_ASSIGNMENT((#19698,#19703));
#19698 = SURFACE_STYLE_USAGE(.BOTH.,#19699);
#19699 = SURFACE_SIDE_STYLE('',(#19700));
#19700 = SURFACE_STYLE_FILL_AREA(#19701);
#19701 = FILL_AREA_STYLE('',(#19702));
#19702 = FILL_AREA_STYLE_COLOUR('',#19315);
#19703 = CURVE_STYLE('',#19704,POSITIVE_LENGTH_MEASURE(0.1),#19315);
#19704 = DRAUGHTING_PRE_DEFINED_CURVE_FONT('continuous');
#19705 = STYLED_ITEM('color',(#19706),#16969);
#19706 = PRESENTATION_STYLE_ASSIGNMENT((#19707,#19712));
#19707 = SURFACE_STYLE_USAGE(.BOTH.,#19708);
#19708 = SURFACE_SIDE_STYLE('',(#19709));
#19709 = SURFACE_STYLE_FILL_AREA(#19710);
#19710 = FILL_AREA_STYLE('',(#19711));
#19711 = FILL_AREA_STYLE_COLOUR('',#19315);
#19712 = CURVE_STYLE('',#19713,POSITIVE_LENGTH_MEASURE(0.1),#19315);
#19713 = DRAUGHTING_PRE_DEFINED_CURVE_FONT('continuous');
#19714 = STYLED_ITEM('color',(#19715),#16986);
#19715 = PRESENTATION_STYLE_ASSIGNMENT((#19716,#19721));
#19716 = SURFACE_STYLE_USAGE(.BOTH.,#19717);
#19717 = SURFACE_SIDE_STYLE('',(#19718));
#19718 = SURFACE_STYLE_FILL_AREA(#19719);
#19719 = FILL_AREA_STYLE('',(#19720));
#19720 = FILL_AREA_STYLE_COLOUR('',#19315);
#19721 = CURVE_STYLE('',#19722,POSITIVE_LENGTH_MEASURE(0.1),#19315);
#19722 = DRAUGHTING_PRE_DEFINED_CURVE_FONT('continuous');
#19723 = STYLED_ITEM('color',(#19724),#17003);
#19724 = PRESENTATION_STYLE_ASSIGNMENT((#19725,#19730));
#19725 = SURFACE_STYLE_USAGE(.BOTH.,#19726);
#19726 = SURFACE_SIDE_STYLE('',(#19727));
#19727 = SURFACE_STYLE_FILL_AREA(#19728);
#19728 = FILL_AREA_STYLE('',(#19729));
#19729 = FILL_AREA_STYLE_COLOUR('',#19315);
#19730 = CURVE_STYLE('',#19731,POSITIVE_LENGTH_MEASURE(0.1),#19315);
#19731 = DRAUGHTING_PRE_DEFINED_CURVE_FONT('continuous');
#19732 = STYLED_ITEM('color',(#19733),#17020);
#19733 = PRESENTATION_STYLE_ASSIGNMENT((#19734,#19739));
#19734 = SURFACE_STYLE_USAGE(.BOTH.,#19735);
#19735 = SURFACE_SIDE_STYLE('',(#19736));
#19736 = SURFACE_STYLE_FILL_AREA(#19737);
#19737 = FILL_AREA_STYLE('',(#19738));
#19738 = FILL_AREA_STYLE_COLOUR('',#19315);
#19739 = CURVE_STYLE('',#19740,POSITIVE_LENGTH_MEASURE(0.1),#19315);
#19740 = DRAUGHTING_PRE_DEFINED_CURVE_FONT('continuous');
#19741 = STYLED_ITEM('color',(#19742),#17032);
#19742 = PRESENTATION_STYLE_ASSIGNMENT((#19743,#19748));
#19743 = SURFACE_STYLE_USAGE(.BOTH.,#19744);
#19744 = SURFACE_SIDE_STYLE('',(#19745));
#19745 = SURFACE_STYLE_FILL_AREA(#19746);
#19746 = FILL_AREA_STYLE('',(#19747));
#19747 = FILL_AREA_STYLE_COLOUR('',#19242);
#19748 = CURVE_STYLE('',#19749,POSITIVE_LENGTH_MEASURE(0.1),#19242);
#19749 = DRAUGHTING_PRE_DEFINED_CURVE_FONT('continuous');
#19750 = OVER_RIDING_STYLED_ITEM('overriding color',(#19751),#17039,
  #19741);
#19751 = PRESENTATION_STYLE_ASSIGNMENT((#19752,#19757));
#19752 = SURFACE_STYLE_USAGE(.BOTH.,#19753);
#19753 = SURFACE_SIDE_STYLE('',(#19754));
#19754 = SURFACE_STYLE_FILL_AREA(#19755);
#19755 = FILL_AREA_STYLE('',(#19756));
#19756 = FILL_AREA_STYLE_COLOUR('',#19315);
#19757 = CURVE_STYLE('',#19758,POSITIVE_LENGTH_MEASURE(0.1),#19315);
#19758 = DRAUGHTING_PRE_DEFINED_CURVE_FONT('continuous');
#19759 = STYLED_ITEM('color',(#19760),#17049);
#19760 = PRESENTATION_STYLE_ASSIGNMENT((#19761,#19766));
#19761 = SURFACE_STYLE_USAGE(.BOTH.,#19762);
#19762 = SURFACE_SIDE_STYLE('',(#19763));
#19763 = SURFACE_STYLE_FILL_AREA(#19764);
#19764 = FILL_AREA_STYLE('',(#19765));
#19765 = FILL_AREA_STYLE_COLOUR('',#19242);
#19766 = CURVE_STYLE('',#19767,POSITIVE_LENGTH_MEASURE(0.1),#19242);
#19767 = DRAUGHTING_PRE_DEFINED_CURVE_FONT('continuous');
#19768 = OVER_RIDING_STYLED_ITEM('overriding color',(#19769),#17054,
  #19759);
#19769 = PRESENTATION_STYLE_ASSIGNMENT((#19770,#19775));
#19770 = SURFACE_STYLE_USAGE(.BOTH.,#19771);
#19771 = SURFACE_SIDE_STYLE('',(#19772));
#19772 = SURFACE_STYLE_FILL_AREA(#19773);
#19773 = FILL_AREA_STYLE('',(#19774));
#19774 = FILL_AREA_STYLE_COLOUR('',#19315);
#19775 = CURVE_STYLE('',#19776,POSITIVE_LENGTH_MEASURE(0.1),#19315);
#19776 = DRAUGHTING_PRE_DEFINED_CURVE_FONT('continuous');
#19777 = STYLED_ITEM('color',(#19778),#17066);
#19778 = PRESENTATION_STYLE_ASSIGNMENT((#19779,#19784));
#19779 = SURFACE_STYLE_USAGE(.BOTH.,#19780);
#19780 = SURFACE_SIDE_STYLE('',(#19781));
#19781 = SURFACE_STYLE_FILL_AREA(#19782);
#19782 = FILL_AREA_STYLE('',(#19783));
#19783 = FILL_AREA_STYLE_COLOUR('',#19315);
#19784 = CURVE_STYLE('',#19785,POSITIVE_LENGTH_MEASURE(0.1),#19315);
#19785 = DRAUGHTING_PRE_DEFINED_CURVE_FONT('continuous');
#19786 = STYLED_ITEM('color',(#19787),#17115);
#19787 = PRESENTATION_STYLE_ASSIGNMENT((#19788,#19793));
#19788 = SURFACE_STYLE_USAGE(.BOTH.,#19789);
#19789 = SURFACE_SIDE_STYLE('',(#19790));
#19790 = SURFACE_STYLE_FILL_AREA(#19791);
#19791 = FILL_AREA_STYLE('',(#19792));
#19792 = FILL_AREA_STYLE_COLOUR('',#19315);
#19793 = CURVE_STYLE('',#19794,POSITIVE_LENGTH_MEASURE(0.1),#19315);
#19794 = DRAUGHTING_PRE_DEFINED_CURVE_FONT('continuous');
#19795 = STYLED_ITEM('color',(#19796),#17139);
#19796 = PRESENTATION_STYLE_ASSIGNMENT((#19797,#19802));
#19797 = SURFACE_STYLE_USAGE(.BOTH.,#19798);
#19798 = SURFACE_SIDE_STYLE('',(#19799));
#19799 = SURFACE_STYLE_FILL_AREA(#19800);
#19800 = FILL_AREA_STYLE('',(#19801));
#19801 = FILL_AREA_STYLE_COLOUR('',#19315);
#19802 = CURVE_STYLE('',#19803,POSITIVE_LENGTH_MEASURE(0.1),#19315);
#19803 = DRAUGHTING_PRE_DEFINED_CURVE_FONT('continuous');
#19804 = STYLED_ITEM('color',(#19805),#17181);
#19805 = PRESENTATION_STYLE_ASSIGNMENT((#19806,#19811));
#19806 = SURFACE_STYLE_USAGE(.BOTH.,#19807);
#19807 = SURFACE_SIDE_STYLE('',(#19808));
#19808 = SURFACE_STYLE_FILL_AREA(#19809);
#19809 = FILL_AREA_STYLE('',(#19810));
#19810 = FILL_AREA_STYLE_COLOUR('',#19315);
#19811 = CURVE_STYLE('',#19812,POSITIVE_LENGTH_MEASURE(0.1),#19315);
#19812 = DRAUGHTING_PRE_DEFINED_CURVE_FONT('continuous');
#19813 = STYLED_ITEM('color',(#19814),#17198);
#19814 = PRESENTATION_STYLE_ASSIGNMENT((#19815,#19820));
#19815 = SURFACE_STYLE_USAGE(.BOTH.,#19816);
#19816 = SURFACE_SIDE_STYLE('',(#19817));
#19817 = SURFACE_STYLE_FILL_AREA(#19818);
#19818 = FILL_AREA_STYLE('',(#19819));
#19819 = FILL_AREA_STYLE_COLOUR('',#19242);
#19820 = CURVE_STYLE('',#19821,POSITIVE_LENGTH_MEASURE(0.1),#19242);
#19821 = DRAUGHTING_PRE_DEFINED_CURVE_FONT('continuous');
#19822 = OVER_RIDING_STYLED_ITEM('overriding color',(#19823),#17205,
  #19813);
#19823 = PRESENTATION_STYLE_ASSIGNMENT((#19824,#19829));
#19824 = SURFACE_STYLE_USAGE(.BOTH.,#19825);
#19825 = SURFACE_SIDE_STYLE('',(#19826));
#19826 = SURFACE_STYLE_FILL_AREA(#19827);
#19827 = FILL_AREA_STYLE('',(#19828));
#19828 = FILL_AREA_STYLE_COLOUR('',#19315);
#19829 = CURVE_STYLE('',#19830,POSITIVE_LENGTH_MEASURE(0.1),#19315);
#19830 = DRAUGHTING_PRE_DEFINED_CURVE_FONT('continuous');
#19831 = STYLED_ITEM('color',(#19832),#17215);
#19832 = PRESENTATION_STYLE_ASSIGNMENT((#19833,#19838));
#19833 = SURFACE_STYLE_USAGE(.BOTH.,#19834);
#19834 = SURFACE_SIDE_STYLE('',(#19835));
#19835 = SURFACE_STYLE_FILL_AREA(#19836);
#19836 = FILL_AREA_STYLE('',(#19837));
#19837 = FILL_AREA_STYLE_COLOUR('',#19242);
#19838 = CURVE_STYLE('',#19839,POSITIVE_LENGTH_MEASURE(0.1),#19242);
#19839 = DRAUGHTING_PRE_DEFINED_CURVE_FONT('continuous');
#19840 = OVER_RIDING_STYLED_ITEM('overriding color',(#19841),#17220,
  #19831);
#19841 = PRESENTATION_STYLE_ASSIGNMENT((#19842,#19847));
#19842 = SURFACE_STYLE_USAGE(.BOTH.,#19843);
#19843 = SURFACE_SIDE_STYLE('',(#19844));
#19844 = SURFACE_STYLE_FILL_AREA(#19845);
#19845 = FILL_AREA_STYLE('',(#19846));
#19846 = FILL_AREA_STYLE_COLOUR('',#19315);
#19847 = CURVE_STYLE('',#19848,POSITIVE_LENGTH_MEASURE(0.1),#19315);
#19848 = DRAUGHTING_PRE_DEFINED_CURVE_FONT('continuous');
#19849 = STYLED_ITEM('color',(#19850),#17232);
#19850 = PRESENTATION_STYLE_ASSIGNMENT((#19851,#19856));
#19851 = SURFACE_STYLE_USAGE(.BOTH.,#19852);
#19852 = SURFACE_SIDE_STYLE('',(#19853));
#19853 = SURFACE_STYLE_FILL_AREA(#19854);
#19854 = FILL_AREA_STYLE('',(#19855));
#19855 = FILL_AREA_STYLE_COLOUR('',#19315);
#19856 = CURVE_STYLE('',#19857,POSITIVE_LENGTH_MEASURE(0.1),#19315);
#19857 = DRAUGHTING_PRE_DEFINED_CURVE_FONT('continuous');
#19858 = STYLED_ITEM('color',(#19859),#17281);
#19859 = PRESENTATION_STYLE_ASSIGNMENT((#19860,#19865));
#19860 = SURFACE_STYLE_USAGE(.BOTH.,#19861);
#19861 = SURFACE_SIDE_STYLE('',(#19862));
#19862 = SURFACE_STYLE_FILL_AREA(#19863);
#19863 = FILL_AREA_STYLE('',(#19864));
#19864 = FILL_AREA_STYLE_COLOUR('',#19315);
#19865 = CURVE_STYLE('',#19866,POSITIVE_LENGTH_MEASURE(0.1),#19315);
#19866 = DRAUGHTING_PRE_DEFINED_CURVE_FONT('continuous');
#19867 = STYLED_ITEM('color',(#19868),#17305);
#19868 = PRESENTATION_STYLE_ASSIGNMENT((#19869,#19874));
#19869 = SURFACE_STYLE_USAGE(.BOTH.,#19870);
#19870 = SURFACE_SIDE_STYLE('',(#19871));
#19871 = SURFACE_STYLE_FILL_AREA(#19872);
#19872 = FILL_AREA_STYLE('',(#19873));
#19873 = FILL_AREA_STYLE_COLOUR('',#19315);
#19874 = CURVE_STYLE('',#19875,POSITIVE_LENGTH_MEASURE(0.1),#19315);
#19875 = DRAUGHTING_PRE_DEFINED_CURVE_FONT('continuous');
#19876 = STYLED_ITEM('color',(#19877),#17347);
#19877 = PRESENTATION_STYLE_ASSIGNMENT((#19878,#19883));
#19878 = SURFACE_STYLE_USAGE(.BOTH.,#19879);
#19879 = SURFACE_SIDE_STYLE('',(#19880));
#19880 = SURFACE_STYLE_FILL_AREA(#19881);
#19881 = FILL_AREA_STYLE('',(#19882));
#19882 = FILL_AREA_STYLE_COLOUR('',#19315);
#19883 = CURVE_STYLE('',#19884,POSITIVE_LENGTH_MEASURE(0.1),#19315);
#19884 = DRAUGHTING_PRE_DEFINED_CURVE_FONT('continuous');
#19885 = STYLED_ITEM('color',(#19886),#17364);
#19886 = PRESENTATION_STYLE_ASSIGNMENT((#19887,#19892));
#19887 = SURFACE_STYLE_USAGE(.BOTH.,#19888);
#19888 = SURFACE_SIDE_STYLE('',(#19889));
#19889 = SURFACE_STYLE_FILL_AREA(#19890);
#19890 = FILL_AREA_STYLE('',(#19891));
#19891 = FILL_AREA_STYLE_COLOUR('',#19315);
#19892 = CURVE_STYLE('',#19893,POSITIVE_LENGTH_MEASURE(0.1),#19315);
#19893 = DRAUGHTING_PRE_DEFINED_CURVE_FONT('continuous');
#19894 = STYLED_ITEM('color',(#19895),#17381);
#19895 = PRESENTATION_STYLE_ASSIGNMENT((#19896,#19901));
#19896 = SURFACE_STYLE_USAGE(.BOTH.,#19897);
#19897 = SURFACE_SIDE_STYLE('',(#19898));
#19898 = SURFACE_STYLE_FILL_AREA(#19899);
#19899 = FILL_AREA_STYLE('',(#19900));
#19900 = FILL_AREA_STYLE_COLOUR('',#19315);
#19901 = CURVE_STYLE('',#19902,POSITIVE_LENGTH_MEASURE(0.1),#19315);
#19902 = DRAUGHTING_PRE_DEFINED_CURVE_FONT('continuous');
#19903 = STYLED_ITEM('color',(#19904),#17398);
#19904 = PRESENTATION_STYLE_ASSIGNMENT((#19905,#19910));
#19905 = SURFACE_STYLE_USAGE(.BOTH.,#19906);
#19906 = SURFACE_SIDE_STYLE('',(#19907));
#19907 = SURFACE_STYLE_FILL_AREA(#19908);
#19908 = FILL_AREA_STYLE('',(#19909));
#19909 = FILL_AREA_STYLE_COLOUR('',#19315);
#19910 = CURVE_STYLE('',#19911,POSITIVE_LENGTH_MEASURE(0.1),#19315);
#19911 = DRAUGHTING_PRE_DEFINED_CURVE_FONT('continuous');
#19912 = STYLED_ITEM('color',(#19913),#17410);
#19913 = PRESENTATION_STYLE_ASSIGNMENT((#19914,#19919));
#19914 = SURFACE_STYLE_USAGE(.BOTH.,#19915);
#19915 = SURFACE_SIDE_STYLE('',(#19916));
#19916 = SURFACE_STYLE_FILL_AREA(#19917);
#19917 = FILL_AREA_STYLE('',(#19918));
#19918 = FILL_AREA_STYLE_COLOUR('',#19315);
#19919 = CURVE_STYLE('',#19920,POSITIVE_LENGTH_MEASURE(0.1),#19315);
#19920 = DRAUGHTING_PRE_DEFINED_CURVE_FONT('continuous');
#19921 = STYLED_ITEM('color',(#19922),#17427);
#19922 = PRESENTATION_STYLE_ASSIGNMENT((#19923,#19928));
#19923 = SURFACE_STYLE_USAGE(.BOTH.,#19924);
#19924 = SURFACE_SIDE_STYLE('',(#19925));
#19925 = SURFACE_STYLE_FILL_AREA(#19926);
#19926 = FILL_AREA_STYLE('',(#19927));
#19927 = FILL_AREA_STYLE_COLOUR('',#19315);
#19928 = CURVE_STYLE('',#19929,POSITIVE_LENGTH_MEASURE(0.1),#19315);
#19929 = DRAUGHTING_PRE_DEFINED_CURVE_FONT('continuous');
#19930 = STYLED_ITEM('color',(#19931),#17444);
#19931 = PRESENTATION_STYLE_ASSIGNMENT((#19932,#19937));
#19932 = SURFACE_STYLE_USAGE(.BOTH.,#19933);
#19933 = SURFACE_SIDE_STYLE('',(#19934));
#19934 = SURFACE_STYLE_FILL_AREA(#19935);
#19935 = FILL_AREA_STYLE('',(#19936));
#19936 = FILL_AREA_STYLE_COLOUR('',#19315);
#19937 = CURVE_STYLE('',#19938,POSITIVE_LENGTH_MEASURE(0.1),#19315);
#19938 = DRAUGHTING_PRE_DEFINED_CURVE_FONT('continuous');
#19939 = MECHANICAL_DESIGN_GEOMETRIC_PRESENTATION_REPRESENTATION('',(
    #19940,#19947,#19954,#19961,#19968,#19975,#19982,#19989,#19996,
    #20003,#20010,#20018,#20025,#20032,#20039,#20046,#20053,#20060,
    #20067,#20074,#20081,#20088,#20095,#20102,#20109,#20116,#20123,
    #20130),#3394);
#19940 = STYLED_ITEM('color',(#19941),#2542);
#19941 = PRESENTATION_STYLE_ASSIGNMENT((#19942));
#19942 = SURFACE_STYLE_USAGE(.BOTH.,#19943);
#19943 = SURFACE_SIDE_STYLE('',(#19944));
#19944 = SURFACE_STYLE_FILL_AREA(#19945);
#19945 = FILL_AREA_STYLE('',(#19946));
#19946 = FILL_AREA_STYLE_COLOUR('',#19056);
#19947 = STYLED_ITEM('color',(#19948),#2618);
#19948 = PRESENTATION_STYLE_ASSIGNMENT((#19949));
#19949 = SURFACE_STYLE_USAGE(.BOTH.,#19950);
#19950 = SURFACE_SIDE_STYLE('',(#19951));
#19951 = SURFACE_STYLE_FILL_AREA(#19952);
#19952 = FILL_AREA_STYLE('',(#19953));
#19953 = FILL_AREA_STYLE_COLOUR('',#19056);
#19954 = STYLED_ITEM('color',(#19955),#2649);
#19955 = PRESENTATION_STYLE_ASSIGNMENT((#19956));
#19956 = SURFACE_STYLE_USAGE(.BOTH.,#19957);
#19957 = SURFACE_SIDE_STYLE('',(#19958));
#19958 = SURFACE_STYLE_FILL_AREA(#19959);
#19959 = FILL_AREA_STYLE('',(#19960));
#19960 = FILL_AREA_STYLE_COLOUR('',#19056);
#19961 = STYLED_ITEM('color',(#19962),#2674);
#19962 = PRESENTATION_STYLE_ASSIGNMENT((#19963));
#19963 = SURFACE_STYLE_USAGE(.BOTH.,#19964);
#19964 = SURFACE_SIDE_STYLE('',(#19965));
#19965 = SURFACE_STYLE_FILL_AREA(#19966);
#19966 = FILL_AREA_STYLE('',(#19967));
#19967 = FILL_AREA_STYLE_COLOUR('',#19056);
#19968 = STYLED_ITEM('color',(#19969),#2699);
#19969 = PRESENTATION_STYLE_ASSIGNMENT((#19970));
#19970 = SURFACE_STYLE_USAGE(.BOTH.,#19971);
#19971 = SURFACE_SIDE_STYLE('',(#19972));
#19972 = SURFACE_STYLE_FILL_AREA(#19973);
#19973 = FILL_AREA_STYLE('',(#19974));
#19974 = FILL_AREA_STYLE_COLOUR('',#19056);
#19975 = STYLED_ITEM('color',(#19976),#2723);
#19976 = PRESENTATION_STYLE_ASSIGNMENT((#19977));
#19977 = SURFACE_STYLE_USAGE(.BOTH.,#19978);
#19978 = SURFACE_SIDE_STYLE('',(#19979));
#19979 = SURFACE_STYLE_FILL_AREA(#19980);
#19980 = FILL_AREA_STYLE('',(#19981));
#19981 = FILL_AREA_STYLE_COLOUR('',#19056);
#19982 = STYLED_ITEM('color',(#19983),#2747);
#19983 = PRESENTATION_STYLE_ASSIGNMENT((#19984));
#19984 = SURFACE_STYLE_USAGE(.BOTH.,#19985);
#19985 = SURFACE_SIDE_STYLE('',(#19986));
#19986 = SURFACE_STYLE_FILL_AREA(#19987);
#19987 = FILL_AREA_STYLE('',(#19988));
#19988 = FILL_AREA_STYLE_COLOUR('',#19056);
#19989 = STYLED_ITEM('color',(#19990),#2772);
#19990 = PRESENTATION_STYLE_ASSIGNMENT((#19991));
#19991 = SURFACE_STYLE_USAGE(.BOTH.,#19992);
#19992 = SURFACE_SIDE_STYLE('',(#19993));
#19993 = SURFACE_STYLE_FILL_AREA(#19994);
#19994 = FILL_AREA_STYLE('',(#19995));
#19995 = FILL_AREA_STYLE_COLOUR('',#19056);
#19996 = STYLED_ITEM('color',(#19997),#2797);
#19997 = PRESENTATION_STYLE_ASSIGNMENT((#19998));
#19998 = SURFACE_STYLE_USAGE(.BOTH.,#19999);
#19999 = SURFACE_SIDE_STYLE('',(#20000));
#20000 = SURFACE_STYLE_FILL_AREA(#20001);
#20001 = FILL_AREA_STYLE('',(#20002));
#20002 = FILL_AREA_STYLE_COLOUR('',#19056);
#20003 = STYLED_ITEM('color',(#20004),#2814);
#20004 = PRESENTATION_STYLE_ASSIGNMENT((#20005));
#20005 = SURFACE_STYLE_USAGE(.BOTH.,#20006);
#20006 = SURFACE_SIDE_STYLE('',(#20007));
#20007 = SURFACE_STYLE_FILL_AREA(#20008);
#20008 = FILL_AREA_STYLE('',(#20009));
#20009 = FILL_AREA_STYLE_COLOUR('',#19056);
#20010 = STYLED_ITEM('color',(#20011),#2900);
#20011 = PRESENTATION_STYLE_ASSIGNMENT((#20012));
#20012 = SURFACE_STYLE_USAGE(.BOTH.,#20013);
#20013 = SURFACE_SIDE_STYLE('',(#20014));
#20014 = SURFACE_STYLE_FILL_AREA(#20015);
#20015 = FILL_AREA_STYLE('',(#20016));
#20016 = FILL_AREA_STYLE_COLOUR('',#20017);
#20017 = COLOUR_RGB('',0.379000005575,0.270000008848,0.214999999939);
#20018 = STYLED_ITEM('color',(#20019),#2932);
#20019 = PRESENTATION_STYLE_ASSIGNMENT((#20020));
#20020 = SURFACE_STYLE_USAGE(.BOTH.,#20021);
#20021 = SURFACE_SIDE_STYLE('',(#20022));
#20022 = SURFACE_STYLE_FILL_AREA(#20023);
#20023 = FILL_AREA_STYLE('',(#20024));
#20024 = FILL_AREA_STYLE_COLOUR('',#20017);
#20025 = STYLED_ITEM('color',(#20026),#2956);
#20026 = PRESENTATION_STYLE_ASSIGNMENT((#20027));
#20027 = SURFACE_STYLE_USAGE(.BOTH.,#20028);
#20028 = SURFACE_SIDE_STYLE('',(#20029));
#20029 = SURFACE_STYLE_FILL_AREA(#20030);
#20030 = FILL_AREA_STYLE('',(#20031));
#20031 = FILL_AREA_STYLE_COLOUR('',#20017);
#20032 = STYLED_ITEM('color',(#20033),#2981);
#20033 = PRESENTATION_STYLE_ASSIGNMENT((#20034));
#20034 = SURFACE_STYLE_USAGE(.BOTH.,#20035);
#20035 = SURFACE_SIDE_STYLE('',(#20036));
#20036 = SURFACE_STYLE_FILL_AREA(#20037);
#20037 = FILL_AREA_STYLE('',(#20038));
#20038 = FILL_AREA_STYLE_COLOUR('',#20017);
#20039 = STYLED_ITEM('color',(#20040),#3005);
#20040 = PRESENTATION_STYLE_ASSIGNMENT((#20041));
#20041 = SURFACE_STYLE_USAGE(.BOTH.,#20042);
#20042 = SURFACE_SIDE_STYLE('',(#20043));
#20043 = SURFACE_STYLE_FILL_AREA(#20044);
#20044 = FILL_AREA_STYLE('',(#20045));
#20045 = FILL_AREA_STYLE_COLOUR('',#20017);
#20046 = STYLED_ITEM('color',(#20047),#3030);
#20047 = PRESENTATION_STYLE_ASSIGNMENT((#20048));
#20048 = SURFACE_STYLE_USAGE(.BOTH.,#20049);
#20049 = SURFACE_SIDE_STYLE('',(#20050));
#20050 = SURFACE_STYLE_FILL_AREA(#20051);
#20051 = FILL_AREA_STYLE('',(#20052));
#20052 = FILL_AREA_STYLE_COLOUR('',#20017);
#20053 = STYLED_ITEM('color',(#20054),#3054);
#20054 = PRESENTATION_STYLE_ASSIGNMENT((#20055));
#20055 = SURFACE_STYLE_USAGE(.BOTH.,#20056);
#20056 = SURFACE_SIDE_STYLE('',(#20057));
#20057 = SURFACE_STYLE_FILL_AREA(#20058);
#20058 = FILL_AREA_STYLE('',(#20059));
#20059 = FILL_AREA_STYLE_COLOUR('',#20017);
#20060 = STYLED_ITEM('color',(#20061),#3079);
#20061 = PRESENTATION_STYLE_ASSIGNMENT((#20062));
#20062 = SURFACE_STYLE_USAGE(.BOTH.,#20063);
#20063 = SURFACE_SIDE_STYLE('',(#20064));
#20064 = SURFACE_STYLE_FILL_AREA(#20065);
#20065 = FILL_AREA_STYLE('',(#20066));
#20066 = FILL_AREA_STYLE_COLOUR('',#20017);
#20067 = STYLED_ITEM('color',(#20068),#3096);
#20068 = PRESENTATION_STYLE_ASSIGNMENT((#20069));
#20069 = SURFACE_STYLE_USAGE(.BOTH.,#20070);
#20070 = SURFACE_SIDE_STYLE('',(#20071));
#20071 = SURFACE_STYLE_FILL_AREA(#20072);
#20072 = FILL_AREA_STYLE('',(#20073));
#20073 = FILL_AREA_STYLE_COLOUR('',#19056);
#20074 = STYLED_ITEM('color',(#20075),#3182);
#20075 = PRESENTATION_STYLE_ASSIGNMENT((#20076));
#20076 = SURFACE_STYLE_USAGE(.BOTH.,#20077);
#20077 = SURFACE_SIDE_STYLE('',(#20078));
#20078 = SURFACE_STYLE_FILL_AREA(#20079);
#20079 = FILL_AREA_STYLE('',(#20080));
#20080 = FILL_AREA_STYLE_COLOUR('',#19056);
#20081 = STYLED_ITEM('color',(#20082),#3213);
#20082 = PRESENTATION_STYLE_ASSIGNMENT((#20083));
#20083 = SURFACE_STYLE_USAGE(.BOTH.,#20084);
#20084 = SURFACE_SIDE_STYLE('',(#20085));
#20085 = SURFACE_STYLE_FILL_AREA(#20086);
#20086 = FILL_AREA_STYLE('',(#20087));
#20087 = FILL_AREA_STYLE_COLOUR('',#19056);
#20088 = STYLED_ITEM('color',(#20089),#3238);
#20089 = PRESENTATION_STYLE_ASSIGNMENT((#20090));
#20090 = SURFACE_STYLE_USAGE(.BOTH.,#20091);
#20091 = SURFACE_SIDE_STYLE('',(#20092));
#20092 = SURFACE_STYLE_FILL_AREA(#20093);
#20093 = FILL_AREA_STYLE('',(#20094));
#20094 = FILL_AREA_STYLE_COLOUR('',#19056);
#20095 = STYLED_ITEM('color',(#20096),#3263);
#20096 = PRESENTATION_STYLE_ASSIGNMENT((#20097));
#20097 = SURFACE_STYLE_USAGE(.BOTH.,#20098);
#20098 = SURFACE_SIDE_STYLE('',(#20099));
#20099 = SURFACE_STYLE_FILL_AREA(#20100);
#20100 = FILL_AREA_STYLE('',(#20101));
#20101 = FILL_AREA_STYLE_COLOUR('',#19056);
#20102 = STYLED_ITEM('color',(#20103),#3287);
#20103 = PRESENTATION_STYLE_ASSIGNMENT((#20104));
#20104 = SURFACE_STYLE_USAGE(.BOTH.,#20105);
#20105 = SURFACE_SIDE_STYLE('',(#20106));
#20106 = SURFACE_STYLE_FILL_AREA(#20107);
#20107 = FILL_AREA_STYLE('',(#20108));
#20108 = FILL_AREA_STYLE_COLOUR('',#19056);
#20109 = STYLED_ITEM('color',(#20110),#3311);
#20110 = PRESENTATION_STYLE_ASSIGNMENT((#20111));
#20111 = SURFACE_STYLE_USAGE(.BOTH.,#20112);
#20112 = SURFACE_SIDE_STYLE('',(#20113));
#20113 = SURFACE_STYLE_FILL_AREA(#20114);
#20114 = FILL_AREA_STYLE('',(#20115));
#20115 = FILL_AREA_STYLE_COLOUR('',#19056);
#20116 = STYLED_ITEM('color',(#20117),#3336);
#20117 = PRESENTATION_STYLE_ASSIGNMENT((#20118));
#20118 = SURFACE_STYLE_USAGE(.BOTH.,#20119);
#20119 = SURFACE_SIDE_STYLE('',(#20120));
#20120 = SURFACE_STYLE_FILL_AREA(#20121);
#20121 = FILL_AREA_STYLE('',(#20122));
#20122 = FILL_AREA_STYLE_COLOUR('',#19056);
#20123 = STYLED_ITEM('color',(#20124),#3361);
#20124 = PRESENTATION_STYLE_ASSIGNMENT((#20125));
#20125 = SURFACE_STYLE_USAGE(.BOTH.,#20126);
#20126 = SURFACE_SIDE_STYLE('',(#20127));
#20127 = SURFACE_STYLE_FILL_AREA(#20128);
#20128 = FILL_AREA_STYLE('',(#20129));
#20129 = FILL_AREA_STYLE_COLOUR('',#19056);
#20130 = STYLED_ITEM('color',(#20131),#3378);
#20131 = PRESENTATION_STYLE_ASSIGNMENT((#20132));
#20132 = SURFACE_STYLE_USAGE(.BOTH.,#20133);
#20133 = SURFACE_SIDE_STYLE('',(#20134));
#20134 = SURFACE_STYLE_FILL_AREA(#20135);
#20135 = FILL_AREA_STYLE('',(#20136));
#20136 = FILL_AREA_STYLE_COLOUR('',#19056);
#20137 = MECHANICAL_DESIGN_GEOMETRIC_PRESENTATION_REPRESENTATION('',(
    #20138,#20145,#20152,#20159,#20166,#20173,#20180,#20187,#20194,
    #20201,#20208,#20215,#20222,#20229,#20236,#20243,#20250,#20257,
    #20264,#20271,#20278,#20285,#20292,#20299,#20306,#20313,#20320,
    #20327),#15548);
#20138 = STYLED_ITEM('color',(#20139),#14696);
#20139 = PRESENTATION_STYLE_ASSIGNMENT((#20140));
#20140 = SURFACE_STYLE_USAGE(.BOTH.,#20141);
#20141 = SURFACE_SIDE_STYLE('',(#20142));
#20142 = SURFACE_STYLE_FILL_AREA(#20143);
#20143 = FILL_AREA_STYLE('',(#20144));
#20144 = FILL_AREA_STYLE_COLOUR('',#19056);
#20145 = STYLED_ITEM('color',(#20146),#14772);
#20146 = PRESENTATION_STYLE_ASSIGNMENT((#20147));
#20147 = SURFACE_STYLE_USAGE(.BOTH.,#20148);
#20148 = SURFACE_SIDE_STYLE('',(#20149));
#20149 = SURFACE_STYLE_FILL_AREA(#20150);
#20150 = FILL_AREA_STYLE('',(#20151));
#20151 = FILL_AREA_STYLE_COLOUR('',#19056);
#20152 = STYLED_ITEM('color',(#20153),#14803);
#20153 = PRESENTATION_STYLE_ASSIGNMENT((#20154));
#20154 = SURFACE_STYLE_USAGE(.BOTH.,#20155);
#20155 = SURFACE_SIDE_STYLE('',(#20156));
#20156 = SURFACE_STYLE_FILL_AREA(#20157);
#20157 = FILL_AREA_STYLE('',(#20158));
#20158 = FILL_AREA_STYLE_COLOUR('',#19056);
#20159 = STYLED_ITEM('color',(#20160),#14828);
#20160 = PRESENTATION_STYLE_ASSIGNMENT((#20161));
#20161 = SURFACE_STYLE_USAGE(.BOTH.,#20162);
#20162 = SURFACE_SIDE_STYLE('',(#20163));
#20163 = SURFACE_STYLE_FILL_AREA(#20164);
#20164 = FILL_AREA_STYLE('',(#20165));
#20165 = FILL_AREA_STYLE_COLOUR('',#19056);
#20166 = STYLED_ITEM('color',(#20167),#14853);
#20167 = PRESENTATION_STYLE_ASSIGNMENT((#20168));
#20168 = SURFACE_STYLE_USAGE(.BOTH.,#20169);
#20169 = SURFACE_SIDE_STYLE('',(#20170));
#20170 = SURFACE_STYLE_FILL_AREA(#20171);
#20171 = FILL_AREA_STYLE('',(#20172));
#20172 = FILL_AREA_STYLE_COLOUR('',#19056);
#20173 = STYLED_ITEM('color',(#20174),#14877);
#20174 = PRESENTATION_STYLE_ASSIGNMENT((#20175));
#20175 = SURFACE_STYLE_USAGE(.BOTH.,#20176);
#20176 = SURFACE_SIDE_STYLE('',(#20177));
#20177 = SURFACE_STYLE_FILL_AREA(#20178);
#20178 = FILL_AREA_STYLE('',(#20179));
#20179 = FILL_AREA_STYLE_COLOUR('',#19056);
#20180 = STYLED_ITEM('color',(#20181),#14901);
#20181 = PRESENTATION_STYLE_ASSIGNMENT((#20182));
#20182 = SURFACE_STYLE_USAGE(.BOTH.,#20183);
#20183 = SURFACE_SIDE_STYLE('',(#20184));
#20184 = SURFACE_STYLE_FILL_AREA(#20185);
#20185 = FILL_AREA_STYLE('',(#20186));
#20186 = FILL_AREA_STYLE_COLOUR('',#19056);
#20187 = STYLED_ITEM('color',(#20188),#14926);
#20188 = PRESENTATION_STYLE_ASSIGNMENT((#20189));
#20189 = SURFACE_STYLE_USAGE(.BOTH.,#20190);
#20190 = SURFACE_SIDE_STYLE('',(#20191));
#20191 = SURFACE_STYLE_FILL_AREA(#20192);
#20192 = FILL_AREA_STYLE('',(#20193));
#20193 = FILL_AREA_STYLE_COLOUR('',#19056);
#20194 = STYLED_ITEM('color',(#20195),#14951);
#20195 = PRESENTATION_STYLE_ASSIGNMENT((#20196));
#20196 = SURFACE_STYLE_USAGE(.BOTH.,#20197);
#20197 = SURFACE_SIDE_STYLE('',(#20198));
#20198 = SURFACE_STYLE_FILL_AREA(#20199);
#20199 = FILL_AREA_STYLE('',(#20200));
#20200 = FILL_AREA_STYLE_COLOUR('',#19056);
#20201 = STYLED_ITEM('color',(#20202),#14968);
#20202 = PRESENTATION_STYLE_ASSIGNMENT((#20203));
#20203 = SURFACE_STYLE_USAGE(.BOTH.,#20204);
#20204 = SURFACE_SIDE_STYLE('',(#20205));
#20205 = SURFACE_STYLE_FILL_AREA(#20206);
#20206 = FILL_AREA_STYLE('',(#20207));
#20207 = FILL_AREA_STYLE_COLOUR('',#19056);
#20208 = STYLED_ITEM('color',(#20209),#15054);
#20209 = PRESENTATION_STYLE_ASSIGNMENT((#20210));
#20210 = SURFACE_STYLE_USAGE(.BOTH.,#20211);
#20211 = SURFACE_SIDE_STYLE('',(#20212));
#20212 = SURFACE_STYLE_FILL_AREA(#20213);
#20213 = FILL_AREA_STYLE('',(#20214));
#20214 = FILL_AREA_STYLE_COLOUR('',#20017);
#20215 = STYLED_ITEM('color',(#20216),#15086);
#20216 = PRESENTATION_STYLE_ASSIGNMENT((#20217));
#20217 = SURFACE_STYLE_USAGE(.BOTH.,#20218);
#20218 = SURFACE_SIDE_STYLE('',(#20219));
#20219 = SURFACE_STYLE_FILL_AREA(#20220);
#20220 = FILL_AREA_STYLE('',(#20221));
#20221 = FILL_AREA_STYLE_COLOUR('',#20017);
#20222 = STYLED_ITEM('color',(#20223),#15110);
#20223 = PRESENTATION_STYLE_ASSIGNMENT((#20224));
#20224 = SURFACE_STYLE_USAGE(.BOTH.,#20225);
#20225 = SURFACE_SIDE_STYLE('',(#20226));
#20226 = SURFACE_STYLE_FILL_AREA(#20227);
#20227 = FILL_AREA_STYLE('',(#20228));
#20228 = FILL_AREA_STYLE_COLOUR('',#20017);
#20229 = STYLED_ITEM('color',(#20230),#15135);
#20230 = PRESENTATION_STYLE_ASSIGNMENT((#20231));
#20231 = SURFACE_STYLE_USAGE(.BOTH.,#20232);
#20232 = SURFACE_SIDE_STYLE('',(#20233));
#20233 = SURFACE_STYLE_FILL_AREA(#20234);
#20234 = FILL_AREA_STYLE('',(#20235));
#20235 = FILL_AREA_STYLE_COLOUR('',#20017);
#20236 = STYLED_ITEM('color',(#20237),#15159);
#20237 = PRESENTATION_STYLE_ASSIGNMENT((#20238));
#20238 = SURFACE_STYLE_USAGE(.BOTH.,#20239);
#20239 = SURFACE_SIDE_STYLE('',(#20240));
#20240 = SURFACE_STYLE_FILL_AREA(#20241);
#20241 = FILL_AREA_STYLE('',(#20242));
#20242 = FILL_AREA_STYLE_COLOUR('',#20017);
#20243 = STYLED_ITEM('color',(#20244),#15184);
#20244 = PRESENTATION_STYLE_ASSIGNMENT((#20245));
#20245 = SURFACE_STYLE_USAGE(.BOTH.,#20246);
#20246 = SURFACE_SIDE_STYLE('',(#20247));
#20247 = SURFACE_STYLE_FILL_AREA(#20248);
#20248 = FILL_AREA_STYLE('',(#20249));
#20249 = FILL_AREA_STYLE_COLOUR('',#20017);
#20250 = STYLED_ITEM('color',(#20251),#15208);
#20251 = PRESENTATION_STYLE_ASSIGNMENT((#20252));
#20252 = SURFACE_STYLE_USAGE(.BOTH.,#20253);
#20253 = SURFACE_SIDE_STYLE('',(#20254));
#20254 = SURFACE_STYLE_FILL_AREA(#20255);
#20255 = FILL_AREA_STYLE('',(#20256));
#20256 = FILL_AREA_STYLE_COLOUR('',#20017);
#20257 = STYLED_ITEM('color',(#20258),#15233);
#20258 = PRESENTATION_STYLE_ASSIGNMENT((#20259));
#20259 = SURFACE_STYLE_USAGE(.BOTH.,#20260);
#20260 = SURFACE_SIDE_STYLE('',(#20261));
#20261 = SURFACE_STYLE_FILL_AREA(#20262);
#20262 = FILL_AREA_STYLE('',(#20263));
#20263 = FILL_AREA_STYLE_COLOUR('',#20017);
#20264 = STYLED_ITEM('color',(#20265),#15250);
#20265 = PRESENTATION_STYLE_ASSIGNMENT((#20266));
#20266 = SURFACE_STYLE_USAGE(.BOTH.,#20267);
#20267 = SURFACE_SIDE_STYLE('',(#20268));
#20268 = SURFACE_STYLE_FILL_AREA(#20269);
#20269 = FILL_AREA_STYLE('',(#20270));
#20270 = FILL_AREA_STYLE_COLOUR('',#19056);
#20271 = STYLED_ITEM('color',(#20272),#15336);
#20272 = PRESENTATION_STYLE_ASSIGNMENT((#20273));
#20273 = SURFACE_STYLE_USAGE(.BOTH.,#20274);
#20274 = SURFACE_SIDE_STYLE('',(#20275));
#20275 = SURFACE_STYLE_FILL_AREA(#20276);
#20276 = FILL_AREA_STYLE('',(#20277));
#20277 = FILL_AREA_STYLE_COLOUR('',#19056);
#20278 = STYLED_ITEM('color',(#20279),#15367);
#20279 = PRESENTATION_STYLE_ASSIGNMENT((#20280));
#20280 = SURFACE_STYLE_USAGE(.BOTH.,#20281);
#20281 = SURFACE_SIDE_STYLE('',(#20282));
#20282 = SURFACE_STYLE_FILL_AREA(#20283);
#20283 = FILL_AREA_STYLE('',(#20284));
#20284 = FILL_AREA_STYLE_COLOUR('',#19056);
#20285 = STYLED_ITEM('color',(#20286),#15392);
#20286 = PRESENTATION_STYLE_ASSIGNMENT((#20287));
#20287 = SURFACE_STYLE_USAGE(.BOTH.,#20288);
#20288 = SURFACE_SIDE_STYLE('',(#20289));
#20289 = SURFACE_STYLE_FILL_AREA(#20290);
#20290 = FILL_AREA_STYLE('',(#20291));
#20291 = FILL_AREA_STYLE_COLOUR('',#19056);
#20292 = STYLED_ITEM('color',(#20293),#15417);
#20293 = PRESENTATION_STYLE_ASSIGNMENT((#20294));
#20294 = SURFACE_STYLE_USAGE(.BOTH.,#20295);
#20295 = SURFACE_SIDE_STYLE('',(#20296));
#20296 = SURFACE_STYLE_FILL_AREA(#20297);
#20297 = FILL_AREA_STYLE('',(#20298));
#20298 = FILL_AREA_STYLE_COLOUR('',#19056);
#20299 = STYLED_ITEM('color',(#20300),#15441);
#20300 = PRESENTATION_STYLE_ASSIGNMENT((#20301));
#20301 = SURFACE_STYLE_USAGE(.BOTH.,#20302);
#20302 = SURFACE_SIDE_STYLE('',(#20303));
#20303 = SURFACE_STYLE_FILL_AREA(#20304);
#20304 = FILL_AREA_STYLE('',(#20305));
#20305 = FILL_AREA_STYLE_COLOUR('',#19056);
#20306 = STYLED_ITEM('color',(#20307),#15465);
#20307 = PRESENTATION_STYLE_ASSIGNMENT((#20308));
#20308 = SURFACE_STYLE_USAGE(.BOTH.,#20309);
#20309 = SURFACE_SIDE_STYLE('',(#20310));
#20310 = SURFACE_STYLE_FILL_AREA(#20311);
#20311 = FILL_AREA_STYLE('',(#20312));
#20312 = FILL_AREA_STYLE_COLOUR('',#19056);
#20313 = STYLED_ITEM('color',(#20314),#15490);
#20314 = PRESENTATION_STYLE_ASSIGNMENT((#20315));
#20315 = SURFACE_STYLE_USAGE(.BOTH.,#20316);
#20316 = SURFACE_SIDE_STYLE('',(#20317));
#20317 = SURFACE_STYLE_FILL_AREA(#20318);
#20318 = FILL_AREA_STYLE('',(#20319));
#20319 = FILL_AREA_STYLE_COLOUR('',#19056);
#20320 = STYLED_ITEM('color',(#20321),#15515);
#20321 = PRESENTATION_STYLE_ASSIGNMENT((#20322));
#20322 = SURFACE_STYLE_USAGE(.BOTH.,#20323);
#20323 = SURFACE_SIDE_STYLE('',(#20324));
#20324 = SURFACE_STYLE_FILL_AREA(#20325);
#20325 = FILL_AREA_STYLE('',(#20326));
#20326 = FILL_AREA_STYLE_COLOUR('',#19056);
#20327 = STYLED_ITEM('color',(#20328),#15532);
#20328 = PRESENTATION_STYLE_ASSIGNMENT((#20329));
#20329 = SURFACE_STYLE_USAGE(.BOTH.,#20330);
#20330 = SURFACE_SIDE_STYLE('',(#20331));
#20331 = SURFACE_STYLE_FILL_AREA(#20332);
#20332 = FILL_AREA_STYLE('',(#20333));
#20333 = FILL_AREA_STYLE_COLOUR('',#19056);
#20334 = MECHANICAL_DESIGN_GEOMETRIC_PRESENTATION_REPRESENTATION('',(
    #20335,#20344,#20353,#20362,#20371,#20380,#20389,#20398,#20407,
    #20416,#20425,#20434,#20443,#20452,#20461,#20470,#20479,#20488,
    #20497,#20506,#20515,#20524,#20533,#20542,#20551,#20560,#20569,
    #20578,#20587,#20596,#20605,#20614,#20623,#20632,#20641,#20650,
    #20659,#20668,#20677,#20686,#20695,#20704,#20713,#20722,#20731,
    #20740,#20749,#20758,#20767,#20776,#20785,#20794,#20803,#20812,
    #20821,#20830,#20839,#20848,#20857,#20866,#20875,#20884,#20893,
    #20902,#20911,#20920,#20929,#20938,#20947,#20956,#20965,#20974,
    #20983,#20992,#21001,#21010,#21019,#21028,#21037,#21046,#21055,
    #21064,#21073,#21082,#21091,#21100,#21109,#21118,#21127,#21136,
    #21145,#21154,#21163,#21172,#21181,#21190,#21199,#21208,#21217,
    #21226,#21235,#21244),#7390);
#20335 = STYLED_ITEM('color',(#20336),#4323);
#20336 = PRESENTATION_STYLE_ASSIGNMENT((#20337,#20342));
#20337 = SURFACE_STYLE_USAGE(.BOTH.,#20338);
#20338 = SURFACE_SIDE_STYLE('',(#20339));
#20339 = SURFACE_STYLE_FILL_AREA(#20340);
#20340 = FILL_AREA_STYLE('',(#20341));
#20341 = FILL_AREA_STYLE_COLOUR('',#19242);
#20342 = CURVE_STYLE('',#20343,POSITIVE_LENGTH_MEASURE(0.1),#19242);
#20343 = DRAUGHTING_PRE_DEFINED_CURVE_FONT('continuous');
#20344 = STYLED_ITEM('color',(#20345),#4361);
#20345 = PRESENTATION_STYLE_ASSIGNMENT((#20346,#20351));
#20346 = SURFACE_STYLE_USAGE(.BOTH.,#20347);
#20347 = SURFACE_SIDE_STYLE('',(#20348));
#20348 = SURFACE_STYLE_FILL_AREA(#20349);
#20349 = FILL_AREA_STYLE('',(#20350));
#20350 = FILL_AREA_STYLE_COLOUR('',#19242);
#20351 = CURVE_STYLE('',#20352,POSITIVE_LENGTH_MEASURE(0.1),#19242);
#20352 = DRAUGHTING_PRE_DEFINED_CURVE_FONT('continuous');
#20353 = STYLED_ITEM('color',(#20354),#4424);
#20354 = PRESENTATION_STYLE_ASSIGNMENT((#20355,#20360));
#20355 = SURFACE_STYLE_USAGE(.BOTH.,#20356);
#20356 = SURFACE_SIDE_STYLE('',(#20357));
#20357 = SURFACE_STYLE_FILL_AREA(#20358);
#20358 = FILL_AREA_STYLE('',(#20359));
#20359 = FILL_AREA_STYLE_COLOUR('',#19242);
#20360 = CURVE_STYLE('',#20361,POSITIVE_LENGTH_MEASURE(0.1),#19242);
#20361 = DRAUGHTING_PRE_DEFINED_CURVE_FONT('continuous');
#20362 = STYLED_ITEM('color',(#20363),#4447);
#20363 = PRESENTATION_STYLE_ASSIGNMENT((#20364,#20369));
#20364 = SURFACE_STYLE_USAGE(.BOTH.,#20365);
#20365 = SURFACE_SIDE_STYLE('',(#20366));
#20366 = SURFACE_STYLE_FILL_AREA(#20367);
#20367 = FILL_AREA_STYLE('',(#20368));
#20368 = FILL_AREA_STYLE_COLOUR('',#19242);
#20369 = CURVE_STYLE('',#20370,POSITIVE_LENGTH_MEASURE(0.1),#19242);
#20370 = DRAUGHTING_PRE_DEFINED_CURVE_FONT('continuous');
#20371 = STYLED_ITEM('color',(#20372),#4476);
#20372 = PRESENTATION_STYLE_ASSIGNMENT((#20373,#20378));
#20373 = SURFACE_STYLE_USAGE(.BOTH.,#20374);
#20374 = SURFACE_SIDE_STYLE('',(#20375));
#20375 = SURFACE_STYLE_FILL_AREA(#20376);
#20376 = FILL_AREA_STYLE('',(#20377));
#20377 = FILL_AREA_STYLE_COLOUR('',#19242);
#20378 = CURVE_STYLE('',#20379,POSITIVE_LENGTH_MEASURE(0.1),#19242);
#20379 = DRAUGHTING_PRE_DEFINED_CURVE_FONT('continuous');
#20380 = STYLED_ITEM('color',(#20381),#4499);
#20381 = PRESENTATION_STYLE_ASSIGNMENT((#20382,#20387));
#20382 = SURFACE_STYLE_USAGE(.BOTH.,#20383);
#20383 = SURFACE_SIDE_STYLE('',(#20384));
#20384 = SURFACE_STYLE_FILL_AREA(#20385);
#20385 = FILL_AREA_STYLE('',(#20386));
#20386 = FILL_AREA_STYLE_COLOUR('',#19242);
#20387 = CURVE_STYLE('',#20388,POSITIVE_LENGTH_MEASURE(0.1),#19242);
#20388 = DRAUGHTING_PRE_DEFINED_CURVE_FONT('continuous');
#20389 = STYLED_ITEM('color',(#20390),#4570);
#20390 = PRESENTATION_STYLE_ASSIGNMENT((#20391,#20396));
#20391 = SURFACE_STYLE_USAGE(.BOTH.,#20392);
#20392 = SURFACE_SIDE_STYLE('',(#20393));
#20393 = SURFACE_STYLE_FILL_AREA(#20394);
#20394 = FILL_AREA_STYLE('',(#20395));
#20395 = FILL_AREA_STYLE_COLOUR('',#19242);
#20396 = CURVE_STYLE('',#20397,POSITIVE_LENGTH_MEASURE(0.1),#19242);
#20397 = DRAUGHTING_PRE_DEFINED_CURVE_FONT('continuous');
#20398 = STYLED_ITEM('color',(#20399),#4625);
#20399 = PRESENTATION_STYLE_ASSIGNMENT((#20400,#20405));
#20400 = SURFACE_STYLE_USAGE(.BOTH.,#20401);
#20401 = SURFACE_SIDE_STYLE('',(#20402));
#20402 = SURFACE_STYLE_FILL_AREA(#20403);
#20403 = FILL_AREA_STYLE('',(#20404));
#20404 = FILL_AREA_STYLE_COLOUR('',#19242);
#20405 = CURVE_STYLE('',#20406,POSITIVE_LENGTH_MEASURE(0.1),#19242);
#20406 = DRAUGHTING_PRE_DEFINED_CURVE_FONT('continuous');
#20407 = STYLED_ITEM('color',(#20408),#4648);
#20408 = PRESENTATION_STYLE_ASSIGNMENT((#20409,#20414));
#20409 = SURFACE_STYLE_USAGE(.BOTH.,#20410);
#20410 = SURFACE_SIDE_STYLE('',(#20411));
#20411 = SURFACE_STYLE_FILL_AREA(#20412);
#20412 = FILL_AREA_STYLE('',(#20413));
#20413 = FILL_AREA_STYLE_COLOUR('',#19242);
#20414 = CURVE_STYLE('',#20415,POSITIVE_LENGTH_MEASURE(0.1),#19242);
#20415 = DRAUGHTING_PRE_DEFINED_CURVE_FONT('continuous');
#20416 = STYLED_ITEM('color',(#20417),#4671);
#20417 = PRESENTATION_STYLE_ASSIGNMENT((#20418,#20423));
#20418 = SURFACE_STYLE_USAGE(.BOTH.,#20419);
#20419 = SURFACE_SIDE_STYLE('',(#20420));
#20420 = SURFACE_STYLE_FILL_AREA(#20421);
#20421 = FILL_AREA_STYLE('',(#20422));
#20422 = FILL_AREA_STYLE_COLOUR('',#19242);
#20423 = CURVE_STYLE('',#20424,POSITIVE_LENGTH_MEASURE(0.1),#19242);
#20424 = DRAUGHTING_PRE_DEFINED_CURVE_FONT('continuous');
#20425 = STYLED_ITEM('color',(#20426),#4688);
#20426 = PRESENTATION_STYLE_ASSIGNMENT((#20427,#20432));
#20427 = SURFACE_STYLE_USAGE(.BOTH.,#20428);
#20428 = SURFACE_SIDE_STYLE('',(#20429));
#20429 = SURFACE_STYLE_FILL_AREA(#20430);
#20430 = FILL_AREA_STYLE('',(#20431));
#20431 = FILL_AREA_STYLE_COLOUR('',#19242);
#20432 = CURVE_STYLE('',#20433,POSITIVE_LENGTH_MEASURE(0.1),#19242);
#20433 = DRAUGHTING_PRE_DEFINED_CURVE_FONT('continuous');
#20434 = STYLED_ITEM('color',(#20435),#4711);
#20435 = PRESENTATION_STYLE_ASSIGNMENT((#20436,#20441));
#20436 = SURFACE_STYLE_USAGE(.BOTH.,#20437);
#20437 = SURFACE_SIDE_STYLE('',(#20438));
#20438 = SURFACE_STYLE_FILL_AREA(#20439);
#20439 = FILL_AREA_STYLE('',(#20440));
#20440 = FILL_AREA_STYLE_COLOUR('',#19242);
#20441 = CURVE_STYLE('',#20442,POSITIVE_LENGTH_MEASURE(0.1),#19242);
#20442 = DRAUGHTING_PRE_DEFINED_CURVE_FONT('continuous');
#20443 = STYLED_ITEM('color',(#20444),#4799);
#20444 = PRESENTATION_STYLE_ASSIGNMENT((#20445,#20450));
#20445 = SURFACE_STYLE_USAGE(.BOTH.,#20446);
#20446 = SURFACE_SIDE_STYLE('',(#20447));
#20447 = SURFACE_STYLE_FILL_AREA(#20448);
#20448 = FILL_AREA_STYLE('',(#20449));
#20449 = FILL_AREA_STYLE_COLOUR('',#19242);
#20450 = CURVE_STYLE('',#20451,POSITIVE_LENGTH_MEASURE(0.1),#19242);
#20451 = DRAUGHTING_PRE_DEFINED_CURVE_FONT('continuous');
#20452 = STYLED_ITEM('color',(#20453),#4815);
#20453 = PRESENTATION_STYLE_ASSIGNMENT((#20454,#20459));
#20454 = SURFACE_STYLE_USAGE(.BOTH.,#20455);
#20455 = SURFACE_SIDE_STYLE('',(#20456));
#20456 = SURFACE_STYLE_FILL_AREA(#20457);
#20457 = FILL_AREA_STYLE('',(#20458));
#20458 = FILL_AREA_STYLE_COLOUR('',#19242);
#20459 = CURVE_STYLE('',#20460,POSITIVE_LENGTH_MEASURE(0.1),#19242);
#20460 = DRAUGHTING_PRE_DEFINED_CURVE_FONT('continuous');
#20461 = STYLED_ITEM('color',(#20462),#4845);
#20462 = PRESENTATION_STYLE_ASSIGNMENT((#20463,#20468));
#20463 = SURFACE_STYLE_USAGE(.BOTH.,#20464);
#20464 = SURFACE_SIDE_STYLE('',(#20465));
#20465 = SURFACE_STYLE_FILL_AREA(#20466);
#20466 = FILL_AREA_STYLE('',(#20467));
#20467 = FILL_AREA_STYLE_COLOUR('',#19056);
#20468 = CURVE_STYLE('',#20469,POSITIVE_LENGTH_MEASURE(0.1),#19056);
#20469 = DRAUGHTING_PRE_DEFINED_CURVE_FONT('continuous');
#20470 = STYLED_ITEM('color',(#20471),#4876);
#20471 = PRESENTATION_STYLE_ASSIGNMENT((#20472,#20477));
#20472 = SURFACE_STYLE_USAGE(.BOTH.,#20473);
#20473 = SURFACE_SIDE_STYLE('',(#20474));
#20474 = SURFACE_STYLE_FILL_AREA(#20475);
#20475 = FILL_AREA_STYLE('',(#20476));
#20476 = FILL_AREA_STYLE_COLOUR('',#19242);
#20477 = CURVE_STYLE('',#20478,POSITIVE_LENGTH_MEASURE(0.1),#19242);
#20478 = DRAUGHTING_PRE_DEFINED_CURVE_FONT('continuous');
#20479 = STYLED_ITEM('color',(#20480),#4907);
#20480 = PRESENTATION_STYLE_ASSIGNMENT((#20481,#20486));
#20481 = SURFACE_STYLE_USAGE(.BOTH.,#20482);
#20482 = SURFACE_SIDE_STYLE('',(#20483));
#20483 = SURFACE_STYLE_FILL_AREA(#20484);
#20484 = FILL_AREA_STYLE('',(#20485));
#20485 = FILL_AREA_STYLE_COLOUR('',#19056);
#20486 = CURVE_STYLE('',#20487,POSITIVE_LENGTH_MEASURE(0.1),#19056);
#20487 = DRAUGHTING_PRE_DEFINED_CURVE_FONT('continuous');
#20488 = STYLED_ITEM('color',(#20489),#4938);
#20489 = PRESENTATION_STYLE_ASSIGNMENT((#20490,#20495));
#20490 = SURFACE_STYLE_USAGE(.BOTH.,#20491);
#20491 = SURFACE_SIDE_STYLE('',(#20492));
#20492 = SURFACE_STYLE_FILL_AREA(#20493);
#20493 = FILL_AREA_STYLE('',(#20494));
#20494 = FILL_AREA_STYLE_COLOUR('',#19242);
#20495 = CURVE_STYLE('',#20496,POSITIVE_LENGTH_MEASURE(0.1),#19242);
#20496 = DRAUGHTING_PRE_DEFINED_CURVE_FONT('continuous');
#20497 = STYLED_ITEM('color',(#20498),#4969);
#20498 = PRESENTATION_STYLE_ASSIGNMENT((#20499,#20504));
#20499 = SURFACE_STYLE_USAGE(.BOTH.,#20500);
#20500 = SURFACE_SIDE_STYLE('',(#20501));
#20501 = SURFACE_STYLE_FILL_AREA(#20502);
#20502 = FILL_AREA_STYLE('',(#20503));
#20503 = FILL_AREA_STYLE_COLOUR('',#19056);
#20504 = CURVE_STYLE('',#20505,POSITIVE_LENGTH_MEASURE(0.1),#19056);
#20505 = DRAUGHTING_PRE_DEFINED_CURVE_FONT('continuous');
#20506 = STYLED_ITEM('color',(#20507),#5000);
#20507 = PRESENTATION_STYLE_ASSIGNMENT((#20508,#20513));
#20508 = SURFACE_STYLE_USAGE(.BOTH.,#20509);
#20509 = SURFACE_SIDE_STYLE('',(#20510));
#20510 = SURFACE_STYLE_FILL_AREA(#20511);
#20511 = FILL_AREA_STYLE('',(#20512));
#20512 = FILL_AREA_STYLE_COLOUR('',#19242);
#20513 = CURVE_STYLE('',#20514,POSITIVE_LENGTH_MEASURE(0.1),#19242);
#20514 = DRAUGHTING_PRE_DEFINED_CURVE_FONT('continuous');
#20515 = STYLED_ITEM('color',(#20516),#5017);
#20516 = PRESENTATION_STYLE_ASSIGNMENT((#20517,#20522));
#20517 = SURFACE_STYLE_USAGE(.BOTH.,#20518);
#20518 = SURFACE_SIDE_STYLE('',(#20519));
#20519 = SURFACE_STYLE_FILL_AREA(#20520);
#20520 = FILL_AREA_STYLE('',(#20521));
#20521 = FILL_AREA_STYLE_COLOUR('',#19242);
#20522 = CURVE_STYLE('',#20523,POSITIVE_LENGTH_MEASURE(0.1),#19242);
#20523 = DRAUGHTING_PRE_DEFINED_CURVE_FONT('continuous');
#20524 = STYLED_ITEM('color',(#20525),#5034);
#20525 = PRESENTATION_STYLE_ASSIGNMENT((#20526,#20531));
#20526 = SURFACE_STYLE_USAGE(.BOTH.,#20527);
#20527 = SURFACE_SIDE_STYLE('',(#20528));
#20528 = SURFACE_STYLE_FILL_AREA(#20529);
#20529 = FILL_AREA_STYLE('',(#20530));
#20530 = FILL_AREA_STYLE_COLOUR('',#19056);
#20531 = CURVE_STYLE('',#20532,POSITIVE_LENGTH_MEASURE(0.1),#19056);
#20532 = DRAUGHTING_PRE_DEFINED_CURVE_FONT('continuous');
#20533 = STYLED_ITEM('color',(#20534),#5065);
#20534 = PRESENTATION_STYLE_ASSIGNMENT((#20535,#20540));
#20535 = SURFACE_STYLE_USAGE(.BOTH.,#20536);
#20536 = SURFACE_SIDE_STYLE('',(#20537));
#20537 = SURFACE_STYLE_FILL_AREA(#20538);
#20538 = FILL_AREA_STYLE('',(#20539));
#20539 = FILL_AREA_STYLE_COLOUR('',#19242);
#20540 = CURVE_STYLE('',#20541,POSITIVE_LENGTH_MEASURE(0.1),#19242);
#20541 = DRAUGHTING_PRE_DEFINED_CURVE_FONT('continuous');
#20542 = STYLED_ITEM('color',(#20543),#5096);
#20543 = PRESENTATION_STYLE_ASSIGNMENT((#20544,#20549));
#20544 = SURFACE_STYLE_USAGE(.BOTH.,#20545);
#20545 = SURFACE_SIDE_STYLE('',(#20546));
#20546 = SURFACE_STYLE_FILL_AREA(#20547);
#20547 = FILL_AREA_STYLE('',(#20548));
#20548 = FILL_AREA_STYLE_COLOUR('',#19056);
#20549 = CURVE_STYLE('',#20550,POSITIVE_LENGTH_MEASURE(0.1),#19056);
#20550 = DRAUGHTING_PRE_DEFINED_CURVE_FONT('continuous');
#20551 = STYLED_ITEM('color',(#20552),#5127);
#20552 = PRESENTATION_STYLE_ASSIGNMENT((#20553,#20558));
#20553 = SURFACE_STYLE_USAGE(.BOTH.,#20554);
#20554 = SURFACE_SIDE_STYLE('',(#20555));
#20555 = SURFACE_STYLE_FILL_AREA(#20556);
#20556 = FILL_AREA_STYLE('',(#20557));
#20557 = FILL_AREA_STYLE_COLOUR('',#19242);
#20558 = CURVE_STYLE('',#20559,POSITIVE_LENGTH_MEASURE(0.1),#19242);
#20559 = DRAUGHTING_PRE_DEFINED_CURVE_FONT('continuous');
#20560 = STYLED_ITEM('color',(#20561),#5157);
#20561 = PRESENTATION_STYLE_ASSIGNMENT((#20562,#20567));
#20562 = SURFACE_STYLE_USAGE(.BOTH.,#20563);
#20563 = SURFACE_SIDE_STYLE('',(#20564));
#20564 = SURFACE_STYLE_FILL_AREA(#20565);
#20565 = FILL_AREA_STYLE('',(#20566));
#20566 = FILL_AREA_STYLE_COLOUR('',#19242);
#20567 = CURVE_STYLE('',#20568,POSITIVE_LENGTH_MEASURE(0.1),#19242);
#20568 = DRAUGHTING_PRE_DEFINED_CURVE_FONT('continuous');
#20569 = STYLED_ITEM('color',(#20570),#5180);
#20570 = PRESENTATION_STYLE_ASSIGNMENT((#20571,#20576));
#20571 = SURFACE_STYLE_USAGE(.BOTH.,#20572);
#20572 = SURFACE_SIDE_STYLE('',(#20573));
#20573 = SURFACE_STYLE_FILL_AREA(#20574);
#20574 = FILL_AREA_STYLE('',(#20575));
#20575 = FILL_AREA_STYLE_COLOUR('',#19242);
#20576 = CURVE_STYLE('',#20577,POSITIVE_LENGTH_MEASURE(0.1),#19242);
#20577 = DRAUGHTING_PRE_DEFINED_CURVE_FONT('continuous');
#20578 = STYLED_ITEM('color',(#20579),#5203);
#20579 = PRESENTATION_STYLE_ASSIGNMENT((#20580,#20585));
#20580 = SURFACE_STYLE_USAGE(.BOTH.,#20581);
#20581 = SURFACE_SIDE_STYLE('',(#20582));
#20582 = SURFACE_STYLE_FILL_AREA(#20583);
#20583 = FILL_AREA_STYLE('',(#20584));
#20584 = FILL_AREA_STYLE_COLOUR('',#19242);
#20585 = CURVE_STYLE('',#20586,POSITIVE_LENGTH_MEASURE(0.1),#19242);
#20586 = DRAUGHTING_PRE_DEFINED_CURVE_FONT('continuous');
#20587 = STYLED_ITEM('color',(#20588),#5220);
#20588 = PRESENTATION_STYLE_ASSIGNMENT((#20589,#20594));
#20589 = SURFACE_STYLE_USAGE(.BOTH.,#20590);
#20590 = SURFACE_SIDE_STYLE('',(#20591));
#20591 = SURFACE_STYLE_FILL_AREA(#20592);
#20592 = FILL_AREA_STYLE('',(#20593));
#20593 = FILL_AREA_STYLE_COLOUR('',#19056);
#20594 = CURVE_STYLE('',#20595,POSITIVE_LENGTH_MEASURE(0.1),#19056);
#20595 = DRAUGHTING_PRE_DEFINED_CURVE_FONT('continuous');
#20596 = STYLED_ITEM('color',(#20597),#5265);
#20597 = PRESENTATION_STYLE_ASSIGNMENT((#20598,#20603));
#20598 = SURFACE_STYLE_USAGE(.BOTH.,#20599);
#20599 = SURFACE_SIDE_STYLE('',(#20600));
#20600 = SURFACE_STYLE_FILL_AREA(#20601);
#20601 = FILL_AREA_STYLE('',(#20602));
#20602 = FILL_AREA_STYLE_COLOUR('',#19242);
#20603 = CURVE_STYLE('',#20604,POSITIVE_LENGTH_MEASURE(0.1),#19242);
#20604 = DRAUGHTING_PRE_DEFINED_CURVE_FONT('continuous');
#20605 = STYLED_ITEM('color',(#20606),#5335);
#20606 = PRESENTATION_STYLE_ASSIGNMENT((#20607,#20612));
#20607 = SURFACE_STYLE_USAGE(.BOTH.,#20608);
#20608 = SURFACE_SIDE_STYLE('',(#20609));
#20609 = SURFACE_STYLE_FILL_AREA(#20610);
#20610 = FILL_AREA_STYLE('',(#20611));
#20611 = FILL_AREA_STYLE_COLOUR('',#19242);
#20612 = CURVE_STYLE('',#20613,POSITIVE_LENGTH_MEASURE(0.1),#19242);
#20613 = DRAUGHTING_PRE_DEFINED_CURVE_FONT('continuous');
#20614 = STYLED_ITEM('color',(#20615),#5358);
#20615 = PRESENTATION_STYLE_ASSIGNMENT((#20616,#20621));
#20616 = SURFACE_STYLE_USAGE(.BOTH.,#20617);
#20617 = SURFACE_SIDE_STYLE('',(#20618));
#20618 = SURFACE_STYLE_FILL_AREA(#20619);
#20619 = FILL_AREA_STYLE('',(#20620));
#20620 = FILL_AREA_STYLE_COLOUR('',#19242);
#20621 = CURVE_STYLE('',#20622,POSITIVE_LENGTH_MEASURE(0.1),#19242);
#20622 = DRAUGHTING_PRE_DEFINED_CURVE_FONT('continuous');
#20623 = STYLED_ITEM('color',(#20624),#5381);
#20624 = PRESENTATION_STYLE_ASSIGNMENT((#20625,#20630));
#20625 = SURFACE_STYLE_USAGE(.BOTH.,#20626);
#20626 = SURFACE_SIDE_STYLE('',(#20627));
#20627 = SURFACE_STYLE_FILL_AREA(#20628);
#20628 = FILL_AREA_STYLE('',(#20629));
#20629 = FILL_AREA_STYLE_COLOUR('',#19242);
#20630 = CURVE_STYLE('',#20631,POSITIVE_LENGTH_MEASURE(0.1),#19242);
#20631 = DRAUGHTING_PRE_DEFINED_CURVE_FONT('continuous');
#20632 = STYLED_ITEM('color',(#20633),#5404);
#20633 = PRESENTATION_STYLE_ASSIGNMENT((#20634,#20639));
#20634 = SURFACE_STYLE_USAGE(.BOTH.,#20635);
#20635 = SURFACE_SIDE_STYLE('',(#20636));
#20636 = SURFACE_STYLE_FILL_AREA(#20637);
#20637 = FILL_AREA_STYLE('',(#20638));
#20638 = FILL_AREA_STYLE_COLOUR('',#19242);
#20639 = CURVE_STYLE('',#20640,POSITIVE_LENGTH_MEASURE(0.1),#19242);
#20640 = DRAUGHTING_PRE_DEFINED_CURVE_FONT('continuous');
#20641 = STYLED_ITEM('color',(#20642),#5459);
#20642 = PRESENTATION_STYLE_ASSIGNMENT((#20643,#20648));
#20643 = SURFACE_STYLE_USAGE(.BOTH.,#20644);
#20644 = SURFACE_SIDE_STYLE('',(#20645));
#20645 = SURFACE_STYLE_FILL_AREA(#20646);
#20646 = FILL_AREA_STYLE('',(#20647));
#20647 = FILL_AREA_STYLE_COLOUR('',#19056);
#20648 = CURVE_STYLE('',#20649,POSITIVE_LENGTH_MEASURE(0.1),#19056);
#20649 = DRAUGHTING_PRE_DEFINED_CURVE_FONT('continuous');
#20650 = STYLED_ITEM('color',(#20651),#5497);
#20651 = PRESENTATION_STYLE_ASSIGNMENT((#20652,#20657));
#20652 = SURFACE_STYLE_USAGE(.BOTH.,#20653);
#20653 = SURFACE_SIDE_STYLE('',(#20654));
#20654 = SURFACE_STYLE_FILL_AREA(#20655);
#20655 = FILL_AREA_STYLE('',(#20656));
#20656 = FILL_AREA_STYLE_COLOUR('',#19242);
#20657 = CURVE_STYLE('',#20658,POSITIVE_LENGTH_MEASURE(0.1),#19242);
#20658 = DRAUGHTING_PRE_DEFINED_CURVE_FONT('continuous');
#20659 = STYLED_ITEM('color',(#20660),#5546);
#20660 = PRESENTATION_STYLE_ASSIGNMENT((#20661,#20666));
#20661 = SURFACE_STYLE_USAGE(.BOTH.,#20662);
#20662 = SURFACE_SIDE_STYLE('',(#20663));
#20663 = SURFACE_STYLE_FILL_AREA(#20664);
#20664 = FILL_AREA_STYLE('',(#20665));
#20665 = FILL_AREA_STYLE_COLOUR('',#19056);
#20666 = CURVE_STYLE('',#20667,POSITIVE_LENGTH_MEASURE(0.1),#19056);
#20667 = DRAUGHTING_PRE_DEFINED_CURVE_FONT('continuous');
#20668 = STYLED_ITEM('color',(#20669),#5638);
#20669 = PRESENTATION_STYLE_ASSIGNMENT((#20670,#20675));
#20670 = SURFACE_STYLE_USAGE(.BOTH.,#20671);
#20671 = SURFACE_SIDE_STYLE('',(#20672));
#20672 = SURFACE_STYLE_FILL_AREA(#20673);
#20673 = FILL_AREA_STYLE('',(#20674));
#20674 = FILL_AREA_STYLE_COLOUR('',#19056);
#20675 = CURVE_STYLE('',#20676,POSITIVE_LENGTH_MEASURE(0.1),#19056);
#20676 = DRAUGHTING_PRE_DEFINED_CURVE_FONT('continuous');
#20677 = STYLED_ITEM('color',(#20678),#5663);
#20678 = PRESENTATION_STYLE_ASSIGNMENT((#20679,#20684));
#20679 = SURFACE_STYLE_USAGE(.BOTH.,#20680);
#20680 = SURFACE_SIDE_STYLE('',(#20681));
#20681 = SURFACE_STYLE_FILL_AREA(#20682);
#20682 = FILL_AREA_STYLE('',(#20683));
#20683 = FILL_AREA_STYLE_COLOUR('',#19056);
#20684 = CURVE_STYLE('',#20685,POSITIVE_LENGTH_MEASURE(0.1),#19056);
#20685 = DRAUGHTING_PRE_DEFINED_CURVE_FONT('continuous');
#20686 = STYLED_ITEM('color',(#20687),#5747);
#20687 = PRESENTATION_STYLE_ASSIGNMENT((#20688,#20693));
#20688 = SURFACE_STYLE_USAGE(.BOTH.,#20689);
#20689 = SURFACE_SIDE_STYLE('',(#20690));
#20690 = SURFACE_STYLE_FILL_AREA(#20691);
#20691 = FILL_AREA_STYLE('',(#20692));
#20692 = FILL_AREA_STYLE_COLOUR('',#19242);
#20693 = CURVE_STYLE('',#20694,POSITIVE_LENGTH_MEASURE(0.1),#19242);
#20694 = DRAUGHTING_PRE_DEFINED_CURVE_FONT('continuous');
#20695 = STYLED_ITEM('color',(#20696),#5769);
#20696 = PRESENTATION_STYLE_ASSIGNMENT((#20697,#20702));
#20697 = SURFACE_STYLE_USAGE(.BOTH.,#20698);
#20698 = SURFACE_SIDE_STYLE('',(#20699));
#20699 = SURFACE_STYLE_FILL_AREA(#20700);
#20700 = FILL_AREA_STYLE('',(#20701));
#20701 = FILL_AREA_STYLE_COLOUR('',#19056);
#20702 = CURVE_STYLE('',#20703,POSITIVE_LENGTH_MEASURE(0.1),#19056);
#20703 = DRAUGHTING_PRE_DEFINED_CURVE_FONT('continuous');
#20704 = STYLED_ITEM('color',(#20705),#5861);
#20705 = PRESENTATION_STYLE_ASSIGNMENT((#20706,#20711));
#20706 = SURFACE_STYLE_USAGE(.BOTH.,#20707);
#20707 = SURFACE_SIDE_STYLE('',(#20708));
#20708 = SURFACE_STYLE_FILL_AREA(#20709);
#20709 = FILL_AREA_STYLE('',(#20710));
#20710 = FILL_AREA_STYLE_COLOUR('',#19056);
#20711 = CURVE_STYLE('',#20712,POSITIVE_LENGTH_MEASURE(0.1),#19056);
#20712 = DRAUGHTING_PRE_DEFINED_CURVE_FONT('continuous');
#20713 = STYLED_ITEM('color',(#20714),#5886);
#20714 = PRESENTATION_STYLE_ASSIGNMENT((#20715,#20720));
#20715 = SURFACE_STYLE_USAGE(.BOTH.,#20716);
#20716 = SURFACE_SIDE_STYLE('',(#20717));
#20717 = SURFACE_STYLE_FILL_AREA(#20718);
#20718 = FILL_AREA_STYLE('',(#20719));
#20719 = FILL_AREA_STYLE_COLOUR('',#19056);
#20720 = CURVE_STYLE('',#20721,POSITIVE_LENGTH_MEASURE(0.1),#19056);
#20721 = DRAUGHTING_PRE_DEFINED_CURVE_FONT('continuous');
#20722 = STYLED_ITEM('color',(#20723),#5970);
#20723 = PRESENTATION_STYLE_ASSIGNMENT((#20724,#20729));
#20724 = SURFACE_STYLE_USAGE(.BOTH.,#20725);
#20725 = SURFACE_SIDE_STYLE('',(#20726));
#20726 = SURFACE_STYLE_FILL_AREA(#20727);
#20727 = FILL_AREA_STYLE('',(#20728));
#20728 = FILL_AREA_STYLE_COLOUR('',#19242);
#20729 = CURVE_STYLE('',#20730,POSITIVE_LENGTH_MEASURE(0.1),#19242);
#20730 = DRAUGHTING_PRE_DEFINED_CURVE_FONT('continuous');
#20731 = STYLED_ITEM('color',(#20732),#5987);
#20732 = PRESENTATION_STYLE_ASSIGNMENT((#20733,#20738));
#20733 = SURFACE_STYLE_USAGE(.BOTH.,#20734);
#20734 = SURFACE_SIDE_STYLE('',(#20735));
#20735 = SURFACE_STYLE_FILL_AREA(#20736);
#20736 = FILL_AREA_STYLE('',(#20737));
#20737 = FILL_AREA_STYLE_COLOUR('',#19056);
#20738 = CURVE_STYLE('',#20739,POSITIVE_LENGTH_MEASURE(0.1),#19056);
#20739 = DRAUGHTING_PRE_DEFINED_CURVE_FONT('continuous');
#20740 = STYLED_ITEM('color',(#20741),#6072);
#20741 = PRESENTATION_STYLE_ASSIGNMENT((#20742,#20747));
#20742 = SURFACE_STYLE_USAGE(.BOTH.,#20743);
#20743 = SURFACE_SIDE_STYLE('',(#20744));
#20744 = SURFACE_STYLE_FILL_AREA(#20745);
#20745 = FILL_AREA_STYLE('',(#20746));
#20746 = FILL_AREA_STYLE_COLOUR('',#19056);
#20747 = CURVE_STYLE('',#20748,POSITIVE_LENGTH_MEASURE(0.1),#19056);
#20748 = DRAUGHTING_PRE_DEFINED_CURVE_FONT('continuous');
#20749 = STYLED_ITEM('color',(#20750),#6097);
#20750 = PRESENTATION_STYLE_ASSIGNMENT((#20751,#20756));
#20751 = SURFACE_STYLE_USAGE(.BOTH.,#20752);
#20752 = SURFACE_SIDE_STYLE('',(#20753));
#20753 = SURFACE_STYLE_FILL_AREA(#20754);
#20754 = FILL_AREA_STYLE('',(#20755));
#20755 = FILL_AREA_STYLE_COLOUR('',#19056);
#20756 = CURVE_STYLE('',#20757,POSITIVE_LENGTH_MEASURE(0.1),#19056);
#20757 = DRAUGHTING_PRE_DEFINED_CURVE_FONT('continuous');
#20758 = STYLED_ITEM('color',(#20759),#6174);
#20759 = PRESENTATION_STYLE_ASSIGNMENT((#20760,#20765));
#20760 = SURFACE_STYLE_USAGE(.BOTH.,#20761);
#20761 = SURFACE_SIDE_STYLE('',(#20762));
#20762 = SURFACE_STYLE_FILL_AREA(#20763);
#20763 = FILL_AREA_STYLE('',(#20764));
#20764 = FILL_AREA_STYLE_COLOUR('',#19056);
#20765 = CURVE_STYLE('',#20766,POSITIVE_LENGTH_MEASURE(0.1),#19056);
#20766 = DRAUGHTING_PRE_DEFINED_CURVE_FONT('continuous');
#20767 = STYLED_ITEM('color',(#20768),#6259);
#20768 = PRESENTATION_STYLE_ASSIGNMENT((#20769,#20774));
#20769 = SURFACE_STYLE_USAGE(.BOTH.,#20770);
#20770 = SURFACE_SIDE_STYLE('',(#20771));
#20771 = SURFACE_STYLE_FILL_AREA(#20772);
#20772 = FILL_AREA_STYLE('',(#20773));
#20773 = FILL_AREA_STYLE_COLOUR('',#19056);
#20774 = CURVE_STYLE('',#20775,POSITIVE_LENGTH_MEASURE(0.1),#19056);
#20775 = DRAUGHTING_PRE_DEFINED_CURVE_FONT('continuous');
#20776 = STYLED_ITEM('color',(#20777),#6284);
#20777 = PRESENTATION_STYLE_ASSIGNMENT((#20778,#20783));
#20778 = SURFACE_STYLE_USAGE(.BOTH.,#20779);
#20779 = SURFACE_SIDE_STYLE('',(#20780));
#20780 = SURFACE_STYLE_FILL_AREA(#20781);
#20781 = FILL_AREA_STYLE('',(#20782));
#20782 = FILL_AREA_STYLE_COLOUR('',#19056);
#20783 = CURVE_STYLE('',#20784,POSITIVE_LENGTH_MEASURE(0.1),#19056);
#20784 = DRAUGHTING_PRE_DEFINED_CURVE_FONT('continuous');
#20785 = STYLED_ITEM('color',(#20786),#6361);
#20786 = PRESENTATION_STYLE_ASSIGNMENT((#20787,#20792));
#20787 = SURFACE_STYLE_USAGE(.BOTH.,#20788);
#20788 = SURFACE_SIDE_STYLE('',(#20789));
#20789 = SURFACE_STYLE_FILL_AREA(#20790);
#20790 = FILL_AREA_STYLE('',(#20791));
#20791 = FILL_AREA_STYLE_COLOUR('',#19242);
#20792 = CURVE_STYLE('',#20793,POSITIVE_LENGTH_MEASURE(0.1),#19242);
#20793 = DRAUGHTING_PRE_DEFINED_CURVE_FONT('continuous');
#20794 = STYLED_ITEM('color',(#20795),#6378);
#20795 = PRESENTATION_STYLE_ASSIGNMENT((#20796,#20801));
#20796 = SURFACE_STYLE_USAGE(.BOTH.,#20797);
#20797 = SURFACE_SIDE_STYLE('',(#20798));
#20798 = SURFACE_STYLE_FILL_AREA(#20799);
#20799 = FILL_AREA_STYLE('',(#20800));
#20800 = FILL_AREA_STYLE_COLOUR('',#19056);
#20801 = CURVE_STYLE('',#20802,POSITIVE_LENGTH_MEASURE(0.1),#19056);
#20802 = DRAUGHTING_PRE_DEFINED_CURVE_FONT('continuous');
#20803 = STYLED_ITEM('color',(#20804),#6470);
#20804 = PRESENTATION_STYLE_ASSIGNMENT((#20805,#20810));
#20805 = SURFACE_STYLE_USAGE(.BOTH.,#20806);
#20806 = SURFACE_SIDE_STYLE('',(#20807));
#20807 = SURFACE_STYLE_FILL_AREA(#20808);
#20808 = FILL_AREA_STYLE('',(#20809));
#20809 = FILL_AREA_STYLE_COLOUR('',#19056);
#20810 = CURVE_STYLE('',#20811,POSITIVE_LENGTH_MEASURE(0.1),#19056);
#20811 = DRAUGHTING_PRE_DEFINED_CURVE_FONT('continuous');
#20812 = STYLED_ITEM('color',(#20813),#6495);
#20813 = PRESENTATION_STYLE_ASSIGNMENT((#20814,#20819));
#20814 = SURFACE_STYLE_USAGE(.BOTH.,#20815);
#20815 = SURFACE_SIDE_STYLE('',(#20816));
#20816 = SURFACE_STYLE_FILL_AREA(#20817);
#20817 = FILL_AREA_STYLE('',(#20818));
#20818 = FILL_AREA_STYLE_COLOUR('',#19056);
#20819 = CURVE_STYLE('',#20820,POSITIVE_LENGTH_MEASURE(0.1),#19056);
#20820 = DRAUGHTING_PRE_DEFINED_CURVE_FONT('continuous');
#20821 = STYLED_ITEM('color',(#20822),#6579);
#20822 = PRESENTATION_STYLE_ASSIGNMENT((#20823,#20828));
#20823 = SURFACE_STYLE_USAGE(.BOTH.,#20824);
#20824 = SURFACE_SIDE_STYLE('',(#20825));
#20825 = SURFACE_STYLE_FILL_AREA(#20826);
#20826 = FILL_AREA_STYLE('',(#20827));
#20827 = FILL_AREA_STYLE_COLOUR('',#19056);
#20828 = CURVE_STYLE('',#20829,POSITIVE_LENGTH_MEASURE(0.1),#19056);
#20829 = DRAUGHTING_PRE_DEFINED_CURVE_FONT('continuous');
#20830 = STYLED_ITEM('color',(#20831),#6596);
#20831 = PRESENTATION_STYLE_ASSIGNMENT((#20832,#20837));
#20832 = SURFACE_STYLE_USAGE(.BOTH.,#20833);
#20833 = SURFACE_SIDE_STYLE('',(#20834));
#20834 = SURFACE_STYLE_FILL_AREA(#20835);
#20835 = FILL_AREA_STYLE('',(#20836));
#20836 = FILL_AREA_STYLE_COLOUR('',#19056);
#20837 = CURVE_STYLE('',#20838,POSITIVE_LENGTH_MEASURE(0.1),#19056);
#20838 = DRAUGHTING_PRE_DEFINED_CURVE_FONT('continuous');
#20839 = STYLED_ITEM('color',(#20840),#6615);
#20840 = PRESENTATION_STYLE_ASSIGNMENT((#20841,#20846));
#20841 = SURFACE_STYLE_USAGE(.BOTH.,#20842);
#20842 = SURFACE_SIDE_STYLE('',(#20843));
#20843 = SURFACE_STYLE_FILL_AREA(#20844);
#20844 = FILL_AREA_STYLE('',(#20845));
#20845 = FILL_AREA_STYLE_COLOUR('',#19056);
#20846 = CURVE_STYLE('',#20847,POSITIVE_LENGTH_MEASURE(0.1),#19056);
#20847 = DRAUGHTING_PRE_DEFINED_CURVE_FONT('continuous');
#20848 = STYLED_ITEM('color',(#20849),#6634);
#20849 = PRESENTATION_STYLE_ASSIGNMENT((#20850,#20855));
#20850 = SURFACE_STYLE_USAGE(.BOTH.,#20851);
#20851 = SURFACE_SIDE_STYLE('',(#20852));
#20852 = SURFACE_STYLE_FILL_AREA(#20853);
#20853 = FILL_AREA_STYLE('',(#20854));
#20854 = FILL_AREA_STYLE_COLOUR('',#19242);
#20855 = CURVE_STYLE('',#20856,POSITIVE_LENGTH_MEASURE(0.1),#19242);
#20856 = DRAUGHTING_PRE_DEFINED_CURVE_FONT('continuous');
#20857 = STYLED_ITEM('color',(#20858),#6680);
#20858 = PRESENTATION_STYLE_ASSIGNMENT((#20859,#20864));
#20859 = SURFACE_STYLE_USAGE(.BOTH.,#20860);
#20860 = SURFACE_SIDE_STYLE('',(#20861));
#20861 = SURFACE_STYLE_FILL_AREA(#20862);
#20862 = FILL_AREA_STYLE('',(#20863));
#20863 = FILL_AREA_STYLE_COLOUR('',#19242);
#20864 = CURVE_STYLE('',#20865,POSITIVE_LENGTH_MEASURE(0.1),#19242);
#20865 = DRAUGHTING_PRE_DEFINED_CURVE_FONT('continuous');
#20866 = STYLED_ITEM('color',(#20867),#6696);
#20867 = PRESENTATION_STYLE_ASSIGNMENT((#20868,#20873));
#20868 = SURFACE_STYLE_USAGE(.BOTH.,#20869);
#20869 = SURFACE_SIDE_STYLE('',(#20870));
#20870 = SURFACE_STYLE_FILL_AREA(#20871);
#20871 = FILL_AREA_STYLE('',(#20872));
#20872 = FILL_AREA_STYLE_COLOUR('',#19056);
#20873 = CURVE_STYLE('',#20874,POSITIVE_LENGTH_MEASURE(0.1),#19056);
#20874 = DRAUGHTING_PRE_DEFINED_CURVE_FONT('continuous');
#20875 = STYLED_ITEM('color',(#20876),#6715);
#20876 = PRESENTATION_STYLE_ASSIGNMENT((#20877,#20882));
#20877 = SURFACE_STYLE_USAGE(.BOTH.,#20878);
#20878 = SURFACE_SIDE_STYLE('',(#20879));
#20879 = SURFACE_STYLE_FILL_AREA(#20880);
#20880 = FILL_AREA_STYLE('',(#20881));
#20881 = FILL_AREA_STYLE_COLOUR('',#19242);
#20882 = CURVE_STYLE('',#20883,POSITIVE_LENGTH_MEASURE(0.1),#19242);
#20883 = DRAUGHTING_PRE_DEFINED_CURVE_FONT('continuous');
#20884 = STYLED_ITEM('color',(#20885),#6731);
#20885 = PRESENTATION_STYLE_ASSIGNMENT((#20886,#20891));
#20886 = SURFACE_STYLE_USAGE(.BOTH.,#20887);
#20887 = SURFACE_SIDE_STYLE('',(#20888));
#20888 = SURFACE_STYLE_FILL_AREA(#20889);
#20889 = FILL_AREA_STYLE('',(#20890));
#20890 = FILL_AREA_STYLE_COLOUR('',#19056);
#20891 = CURVE_STYLE('',#20892,POSITIVE_LENGTH_MEASURE(0.1),#19056);
#20892 = DRAUGHTING_PRE_DEFINED_CURVE_FONT('continuous');
#20893 = STYLED_ITEM('color',(#20894),#6748);
#20894 = PRESENTATION_STYLE_ASSIGNMENT((#20895,#20900));
#20895 = SURFACE_STYLE_USAGE(.BOTH.,#20896);
#20896 = SURFACE_SIDE_STYLE('',(#20897));
#20897 = SURFACE_STYLE_FILL_AREA(#20898);
#20898 = FILL_AREA_STYLE('',(#20899));
#20899 = FILL_AREA_STYLE_COLOUR('',#19242);
#20900 = CURVE_STYLE('',#20901,POSITIVE_LENGTH_MEASURE(0.1),#19242);
#20901 = DRAUGHTING_PRE_DEFINED_CURVE_FONT('continuous');
#20902 = STYLED_ITEM('color',(#20903),#6760);
#20903 = PRESENTATION_STYLE_ASSIGNMENT((#20904,#20909));
#20904 = SURFACE_STYLE_USAGE(.BOTH.,#20905);
#20905 = SURFACE_SIDE_STYLE('',(#20906));
#20906 = SURFACE_STYLE_FILL_AREA(#20907);
#20907 = FILL_AREA_STYLE('',(#20908));
#20908 = FILL_AREA_STYLE_COLOUR('',#19056);
#20909 = CURVE_STYLE('',#20910,POSITIVE_LENGTH_MEASURE(0.1),#19056);
#20910 = DRAUGHTING_PRE_DEFINED_CURVE_FONT('continuous');
#20911 = STYLED_ITEM('color',(#20912),#6777);
#20912 = PRESENTATION_STYLE_ASSIGNMENT((#20913,#20918));
#20913 = SURFACE_STYLE_USAGE(.BOTH.,#20914);
#20914 = SURFACE_SIDE_STYLE('',(#20915));
#20915 = SURFACE_STYLE_FILL_AREA(#20916);
#20916 = FILL_AREA_STYLE('',(#20917));
#20917 = FILL_AREA_STYLE_COLOUR('',#19056);
#20918 = CURVE_STYLE('',#20919,POSITIVE_LENGTH_MEASURE(0.1),#19056);
#20919 = DRAUGHTING_PRE_DEFINED_CURVE_FONT('continuous');
#20920 = STYLED_ITEM('color',(#20921),#6794);
#20921 = PRESENTATION_STYLE_ASSIGNMENT((#20922,#20927));
#20922 = SURFACE_STYLE_USAGE(.BOTH.,#20923);
#20923 = SURFACE_SIDE_STYLE('',(#20924));
#20924 = SURFACE_STYLE_FILL_AREA(#20925);
#20925 = FILL_AREA_STYLE('',(#20926));
#20926 = FILL_AREA_STYLE_COLOUR('',#19056);
#20927 = CURVE_STYLE('',#20928,POSITIVE_LENGTH_MEASURE(0.1),#19056);
#20928 = DRAUGHTING_PRE_DEFINED_CURVE_FONT('continuous');
#20929 = STYLED_ITEM('color',(#20930),#6811);
#20930 = PRESENTATION_STYLE_ASSIGNMENT((#20931,#20936));
#20931 = SURFACE_STYLE_USAGE(.BOTH.,#20932);
#20932 = SURFACE_SIDE_STYLE('',(#20933));
#20933 = SURFACE_STYLE_FILL_AREA(#20934);
#20934 = FILL_AREA_STYLE('',(#20935));
#20935 = FILL_AREA_STYLE_COLOUR('',#19056);
#20936 = CURVE_STYLE('',#20937,POSITIVE_LENGTH_MEASURE(0.1),#19056);
#20937 = DRAUGHTING_PRE_DEFINED_CURVE_FONT('continuous');
#20938 = STYLED_ITEM('color',(#20939),#6828);
#20939 = PRESENTATION_STYLE_ASSIGNMENT((#20940,#20945));
#20940 = SURFACE_STYLE_USAGE(.BOTH.,#20941);
#20941 = SURFACE_SIDE_STYLE('',(#20942));
#20942 = SURFACE_STYLE_FILL_AREA(#20943);
#20943 = FILL_AREA_STYLE('',(#20944));
#20944 = FILL_AREA_STYLE_COLOUR('',#19056);
#20945 = CURVE_STYLE('',#20946,POSITIVE_LENGTH_MEASURE(0.1),#19056);
#20946 = DRAUGHTING_PRE_DEFINED_CURVE_FONT('continuous');
#20947 = STYLED_ITEM('color',(#20948),#6845);
#20948 = PRESENTATION_STYLE_ASSIGNMENT((#20949,#20954));
#20949 = SURFACE_STYLE_USAGE(.BOTH.,#20950);
#20950 = SURFACE_SIDE_STYLE('',(#20951));
#20951 = SURFACE_STYLE_FILL_AREA(#20952);
#20952 = FILL_AREA_STYLE('',(#20953));
#20953 = FILL_AREA_STYLE_COLOUR('',#19056);
#20954 = CURVE_STYLE('',#20955,POSITIVE_LENGTH_MEASURE(0.1),#19056);
#20955 = DRAUGHTING_PRE_DEFINED_CURVE_FONT('continuous');
#20956 = STYLED_ITEM('color',(#20957),#6862);
#20957 = PRESENTATION_STYLE_ASSIGNMENT((#20958,#20963));
#20958 = SURFACE_STYLE_USAGE(.BOTH.,#20959);
#20959 = SURFACE_SIDE_STYLE('',(#20960));
#20960 = SURFACE_STYLE_FILL_AREA(#20961);
#20961 = FILL_AREA_STYLE('',(#20962));
#20962 = FILL_AREA_STYLE_COLOUR('',#19056);
#20963 = CURVE_STYLE('',#20964,POSITIVE_LENGTH_MEASURE(0.1),#19056);
#20964 = DRAUGHTING_PRE_DEFINED_CURVE_FONT('continuous');
#20965 = STYLED_ITEM('color',(#20966),#6879);
#20966 = PRESENTATION_STYLE_ASSIGNMENT((#20967,#20972));
#20967 = SURFACE_STYLE_USAGE(.BOTH.,#20968);
#20968 = SURFACE_SIDE_STYLE('',(#20969));
#20969 = SURFACE_STYLE_FILL_AREA(#20970);
#20970 = FILL_AREA_STYLE('',(#20971));
#20971 = FILL_AREA_STYLE_COLOUR('',#19056);
#20972 = CURVE_STYLE('',#20973,POSITIVE_LENGTH_MEASURE(0.1),#19056);
#20973 = DRAUGHTING_PRE_DEFINED_CURVE_FONT('continuous');
#20974 = STYLED_ITEM('color',(#20975),#6891);
#20975 = PRESENTATION_STYLE_ASSIGNMENT((#20976,#20981));
#20976 = SURFACE_STYLE_USAGE(.BOTH.,#20977);
#20977 = SURFACE_SIDE_STYLE('',(#20978));
#20978 = SURFACE_STYLE_FILL_AREA(#20979);
#20979 = FILL_AREA_STYLE('',(#20980));
#20980 = FILL_AREA_STYLE_COLOUR('',#19056);
#20981 = CURVE_STYLE('',#20982,POSITIVE_LENGTH_MEASURE(0.1),#19056);
#20982 = DRAUGHTING_PRE_DEFINED_CURVE_FONT('continuous');
#20983 = STYLED_ITEM('color',(#20984),#6908);
#20984 = PRESENTATION_STYLE_ASSIGNMENT((#20985,#20990));
#20985 = SURFACE_STYLE_USAGE(.BOTH.,#20986);
#20986 = SURFACE_SIDE_STYLE('',(#20987));
#20987 = SURFACE_STYLE_FILL_AREA(#20988);
#20988 = FILL_AREA_STYLE('',(#20989));
#20989 = FILL_AREA_STYLE_COLOUR('',#19056);
#20990 = CURVE_STYLE('',#20991,POSITIVE_LENGTH_MEASURE(0.1),#19056);
#20991 = DRAUGHTING_PRE_DEFINED_CURVE_FONT('continuous');
#20992 = STYLED_ITEM('color',(#20993),#6925);
#20993 = PRESENTATION_STYLE_ASSIGNMENT((#20994,#20999));
#20994 = SURFACE_STYLE_USAGE(.BOTH.,#20995);
#20995 = SURFACE_SIDE_STYLE('',(#20996));
#20996 = SURFACE_STYLE_FILL_AREA(#20997);
#20997 = FILL_AREA_STYLE('',(#20998));
#20998 = FILL_AREA_STYLE_COLOUR('',#19056);
#20999 = CURVE_STYLE('',#21000,POSITIVE_LENGTH_MEASURE(0.1),#19056);
#21000 = DRAUGHTING_PRE_DEFINED_CURVE_FONT('continuous');
#21001 = STYLED_ITEM('color',(#21002),#6942);
#21002 = PRESENTATION_STYLE_ASSIGNMENT((#21003,#21008));
#21003 = SURFACE_STYLE_USAGE(.BOTH.,#21004);
#21004 = SURFACE_SIDE_STYLE('',(#21005));
#21005 = SURFACE_STYLE_FILL_AREA(#21006);
#21006 = FILL_AREA_STYLE('',(#21007));
#21007 = FILL_AREA_STYLE_COLOUR('',#19056);
#21008 = CURVE_STYLE('',#21009,POSITIVE_LENGTH_MEASURE(0.1),#19056);
#21009 = DRAUGHTING_PRE_DEFINED_CURVE_FONT('continuous');
#21010 = STYLED_ITEM('color',(#21011),#6959);
#21011 = PRESENTATION_STYLE_ASSIGNMENT((#21012,#21017));
#21012 = SURFACE_STYLE_USAGE(.BOTH.,#21013);
#21013 = SURFACE_SIDE_STYLE('',(#21014));
#21014 = SURFACE_STYLE_FILL_AREA(#21015);
#21015 = FILL_AREA_STYLE('',(#21016));
#21016 = FILL_AREA_STYLE_COLOUR('',#19056);
#21017 = CURVE_STYLE('',#21018,POSITIVE_LENGTH_MEASURE(0.1),#19056);
#21018 = DRAUGHTING_PRE_DEFINED_CURVE_FONT('continuous');
#21019 = STYLED_ITEM('color',(#21020),#6976);
#21020 = PRESENTATION_STYLE_ASSIGNMENT((#21021,#21026));
#21021 = SURFACE_STYLE_USAGE(.BOTH.,#21022);
#21022 = SURFACE_SIDE_STYLE('',(#21023));
#21023 = SURFACE_STYLE_FILL_AREA(#21024);
#21024 = FILL_AREA_STYLE('',(#21025));
#21025 = FILL_AREA_STYLE_COLOUR('',#19056);
#21026 = CURVE_STYLE('',#21027,POSITIVE_LENGTH_MEASURE(0.1),#19056);
#21027 = DRAUGHTING_PRE_DEFINED_CURVE_FONT('continuous');
#21028 = STYLED_ITEM('color',(#21029),#6993);
#21029 = PRESENTATION_STYLE_ASSIGNMENT((#21030,#21035));
#21030 = SURFACE_STYLE_USAGE(.BOTH.,#21031);
#21031 = SURFACE_SIDE_STYLE('',(#21032));
#21032 = SURFACE_STYLE_FILL_AREA(#21033);
#21033 = FILL_AREA_STYLE('',(#21034));
#21034 = FILL_AREA_STYLE_COLOUR('',#19056);
#21035 = CURVE_STYLE('',#21036,POSITIVE_LENGTH_MEASURE(0.1),#19056);
#21036 = DRAUGHTING_PRE_DEFINED_CURVE_FONT('continuous');
#21037 = STYLED_ITEM('color',(#21038),#7010);
#21038 = PRESENTATION_STYLE_ASSIGNMENT((#21039,#21044));
#21039 = SURFACE_STYLE_USAGE(.BOTH.,#21040);
#21040 = SURFACE_SIDE_STYLE('',(#21041));
#21041 = SURFACE_STYLE_FILL_AREA(#21042);
#21042 = FILL_AREA_STYLE('',(#21043));
#21043 = FILL_AREA_STYLE_COLOUR('',#19056);
#21044 = CURVE_STYLE('',#21045,POSITIVE_LENGTH_MEASURE(0.1),#19056);
#21045 = DRAUGHTING_PRE_DEFINED_CURVE_FONT('continuous');
#21046 = STYLED_ITEM('color',(#21047),#7022);
#21047 = PRESENTATION_STYLE_ASSIGNMENT((#21048,#21053));
#21048 = SURFACE_STYLE_USAGE(.BOTH.,#21049);
#21049 = SURFACE_SIDE_STYLE('',(#21050));
#21050 = SURFACE_STYLE_FILL_AREA(#21051);
#21051 = FILL_AREA_STYLE('',(#21052));
#21052 = FILL_AREA_STYLE_COLOUR('',#19056);
#21053 = CURVE_STYLE('',#21054,POSITIVE_LENGTH_MEASURE(0.1),#19056);
#21054 = DRAUGHTING_PRE_DEFINED_CURVE_FONT('continuous');
#21055 = STYLED_ITEM('color',(#21056),#7039);
#21056 = PRESENTATION_STYLE_ASSIGNMENT((#21057,#21062));
#21057 = SURFACE_STYLE_USAGE(.BOTH.,#21058);
#21058 = SURFACE_SIDE_STYLE('',(#21059));
#21059 = SURFACE_STYLE_FILL_AREA(#21060);
#21060 = FILL_AREA_STYLE('',(#21061));
#21061 = FILL_AREA_STYLE_COLOUR('',#19056);
#21062 = CURVE_STYLE('',#21063,POSITIVE_LENGTH_MEASURE(0.1),#19056);
#21063 = DRAUGHTING_PRE_DEFINED_CURVE_FONT('continuous');
#21064 = STYLED_ITEM('color',(#21065),#7056);
#21065 = PRESENTATION_STYLE_ASSIGNMENT((#21066,#21071));
#21066 = SURFACE_STYLE_USAGE(.BOTH.,#21067);
#21067 = SURFACE_SIDE_STYLE('',(#21068));
#21068 = SURFACE_STYLE_FILL_AREA(#21069);
#21069 = FILL_AREA_STYLE('',(#21070));
#21070 = FILL_AREA_STYLE_COLOUR('',#19056);
#21071 = CURVE_STYLE('',#21072,POSITIVE_LENGTH_MEASURE(0.1),#19056);
#21072 = DRAUGHTING_PRE_DEFINED_CURVE_FONT('continuous');
#21073 = STYLED_ITEM('color',(#21074),#7073);
#21074 = PRESENTATION_STYLE_ASSIGNMENT((#21075,#21080));
#21075 = SURFACE_STYLE_USAGE(.BOTH.,#21076);
#21076 = SURFACE_SIDE_STYLE('',(#21077));
#21077 = SURFACE_STYLE_FILL_AREA(#21078);
#21078 = FILL_AREA_STYLE('',(#21079));
#21079 = FILL_AREA_STYLE_COLOUR('',#19056);
#21080 = CURVE_STYLE('',#21081,POSITIVE_LENGTH_MEASURE(0.1),#19056);
#21081 = DRAUGHTING_PRE_DEFINED_CURVE_FONT('continuous');
#21082 = STYLED_ITEM('color',(#21083),#7090);
#21083 = PRESENTATION_STYLE_ASSIGNMENT((#21084,#21089));
#21084 = SURFACE_STYLE_USAGE(.BOTH.,#21085);
#21085 = SURFACE_SIDE_STYLE('',(#21086));
#21086 = SURFACE_STYLE_FILL_AREA(#21087);
#21087 = FILL_AREA_STYLE('',(#21088));
#21088 = FILL_AREA_STYLE_COLOUR('',#19056);
#21089 = CURVE_STYLE('',#21090,POSITIVE_LENGTH_MEASURE(0.1),#19056);
#21090 = DRAUGHTING_PRE_DEFINED_CURVE_FONT('continuous');
#21091 = STYLED_ITEM('color',(#21092),#7107);
#21092 = PRESENTATION_STYLE_ASSIGNMENT((#21093,#21098));
#21093 = SURFACE_STYLE_USAGE(.BOTH.,#21094);
#21094 = SURFACE_SIDE_STYLE('',(#21095));
#21095 = SURFACE_STYLE_FILL_AREA(#21096);
#21096 = FILL_AREA_STYLE('',(#21097));
#21097 = FILL_AREA_STYLE_COLOUR('',#19056);
#21098 = CURVE_STYLE('',#21099,POSITIVE_LENGTH_MEASURE(0.1),#19056);
#21099 = DRAUGHTING_PRE_DEFINED_CURVE_FONT('continuous');
#21100 = STYLED_ITEM('color',(#21101),#7124);
#21101 = PRESENTATION_STYLE_ASSIGNMENT((#21102,#21107));
#21102 = SURFACE_STYLE_USAGE(.BOTH.,#21103);
#21103 = SURFACE_SIDE_STYLE('',(#21104));
#21104 = SURFACE_STYLE_FILL_AREA(#21105);
#21105 = FILL_AREA_STYLE('',(#21106));
#21106 = FILL_AREA_STYLE_COLOUR('',#19056);
#21107 = CURVE_STYLE('',#21108,POSITIVE_LENGTH_MEASURE(0.1),#19056);
#21108 = DRAUGHTING_PRE_DEFINED_CURVE_FONT('continuous');
#21109 = STYLED_ITEM('color',(#21110),#7136);
#21110 = PRESENTATION_STYLE_ASSIGNMENT((#21111,#21116));
#21111 = SURFACE_STYLE_USAGE(.BOTH.,#21112);
#21112 = SURFACE_SIDE_STYLE('',(#21113));
#21113 = SURFACE_STYLE_FILL_AREA(#21114);
#21114 = FILL_AREA_STYLE('',(#21115));
#21115 = FILL_AREA_STYLE_COLOUR('',#19056);
#21116 = CURVE_STYLE('',#21117,POSITIVE_LENGTH_MEASURE(0.1),#19056);
#21117 = DRAUGHTING_PRE_DEFINED_CURVE_FONT('continuous');
#21118 = STYLED_ITEM('color',(#21119),#7153);
#21119 = PRESENTATION_STYLE_ASSIGNMENT((#21120,#21125));
#21120 = SURFACE_STYLE_USAGE(.BOTH.,#21121);
#21121 = SURFACE_SIDE_STYLE('',(#21122));
#21122 = SURFACE_STYLE_FILL_AREA(#21123);
#21123 = FILL_AREA_STYLE('',(#21124));
#21124 = FILL_AREA_STYLE_COLOUR('',#19056);
#21125 = CURVE_STYLE('',#21126,POSITIVE_LENGTH_MEASURE(0.1),#19056);
#21126 = DRAUGHTING_PRE_DEFINED_CURVE_FONT('continuous');
#21127 = STYLED_ITEM('color',(#21128),#7170);
#21128 = PRESENTATION_STYLE_ASSIGNMENT((#21129,#21134));
#21129 = SURFACE_STYLE_USAGE(.BOTH.,#21130);
#21130 = SURFACE_SIDE_STYLE('',(#21131));
#21131 = SURFACE_STYLE_FILL_AREA(#21132);
#21132 = FILL_AREA_STYLE('',(#21133));
#21133 = FILL_AREA_STYLE_COLOUR('',#19056);
#21134 = CURVE_STYLE('',#21135,POSITIVE_LENGTH_MEASURE(0.1),#19056);
#21135 = DRAUGHTING_PRE_DEFINED_CURVE_FONT('continuous');
#21136 = STYLED_ITEM('color',(#21137),#7187);
#21137 = PRESENTATION_STYLE_ASSIGNMENT((#21138,#21143));
#21138 = SURFACE_STYLE_USAGE(.BOTH.,#21139);
#21139 = SURFACE_SIDE_STYLE('',(#21140));
#21140 = SURFACE_STYLE_FILL_AREA(#21141);
#21141 = FILL_AREA_STYLE('',(#21142));
#21142 = FILL_AREA_STYLE_COLOUR('',#19056);
#21143 = CURVE_STYLE('',#21144,POSITIVE_LENGTH_MEASURE(0.1),#19056);
#21144 = DRAUGHTING_PRE_DEFINED_CURVE_FONT('continuous');
#21145 = STYLED_ITEM('color',(#21146),#7204);
#21146 = PRESENTATION_STYLE_ASSIGNMENT((#21147,#21152));
#21147 = SURFACE_STYLE_USAGE(.BOTH.,#21148);
#21148 = SURFACE_SIDE_STYLE('',(#21149));
#21149 = SURFACE_STYLE_FILL_AREA(#21150);
#21150 = FILL_AREA_STYLE('',(#21151));
#21151 = FILL_AREA_STYLE_COLOUR('',#19056);
#21152 = CURVE_STYLE('',#21153,POSITIVE_LENGTH_MEASURE(0.1),#19056);
#21153 = DRAUGHTING_PRE_DEFINED_CURVE_FONT('continuous');
#21154 = STYLED_ITEM('color',(#21155),#7221);
#21155 = PRESENTATION_STYLE_ASSIGNMENT((#21156,#21161));
#21156 = SURFACE_STYLE_USAGE(.BOTH.,#21157);
#21157 = SURFACE_SIDE_STYLE('',(#21158));
#21158 = SURFACE_STYLE_FILL_AREA(#21159);
#21159 = FILL_AREA_STYLE('',(#21160));
#21160 = FILL_AREA_STYLE_COLOUR('',#19056);
#21161 = CURVE_STYLE('',#21162,POSITIVE_LENGTH_MEASURE(0.1),#19056);
#21162 = DRAUGHTING_PRE_DEFINED_CURVE_FONT('continuous');
#21163 = STYLED_ITEM('color',(#21164),#7238);
#21164 = PRESENTATION_STYLE_ASSIGNMENT((#21165,#21170));
#21165 = SURFACE_STYLE_USAGE(.BOTH.,#21166);
#21166 = SURFACE_SIDE_STYLE('',(#21167));
#21167 = SURFACE_STYLE_FILL_AREA(#21168);
#21168 = FILL_AREA_STYLE('',(#21169));
#21169 = FILL_AREA_STYLE_COLOUR('',#19056);
#21170 = CURVE_STYLE('',#21171,POSITIVE_LENGTH_MEASURE(0.1),#19056);
#21171 = DRAUGHTING_PRE_DEFINED_CURVE_FONT('continuous');
#21172 = STYLED_ITEM('color',(#21173),#7250);
#21173 = PRESENTATION_STYLE_ASSIGNMENT((#21174,#21179));
#21174 = SURFACE_STYLE_USAGE(.BOTH.,#21175);
#21175 = SURFACE_SIDE_STYLE('',(#21176));
#21176 = SURFACE_STYLE_FILL_AREA(#21177);
#21177 = FILL_AREA_STYLE('',(#21178));
#21178 = FILL_AREA_STYLE_COLOUR('',#19056);
#21179 = CURVE_STYLE('',#21180,POSITIVE_LENGTH_MEASURE(0.1),#19056);
#21180 = DRAUGHTING_PRE_DEFINED_CURVE_FONT('continuous');
#21181 = STYLED_ITEM('color',(#21182),#7267);
#21182 = PRESENTATION_STYLE_ASSIGNMENT((#21183,#21188));
#21183 = SURFACE_STYLE_USAGE(.BOTH.,#21184);
#21184 = SURFACE_SIDE_STYLE('',(#21185));
#21185 = SURFACE_STYLE_FILL_AREA(#21186);
#21186 = FILL_AREA_STYLE('',(#21187));
#21187 = FILL_AREA_STYLE_COLOUR('',#19056);
#21188 = CURVE_STYLE('',#21189,POSITIVE_LENGTH_MEASURE(0.1),#19056);
#21189 = DRAUGHTING_PRE_DEFINED_CURVE_FONT('continuous');
#21190 = STYLED_ITEM('color',(#21191),#7284);
#21191 = PRESENTATION_STYLE_ASSIGNMENT((#21192,#21197));
#21192 = SURFACE_STYLE_USAGE(.BOTH.,#21193);
#21193 = SURFACE_SIDE_STYLE('',(#21194));
#21194 = SURFACE_STYLE_FILL_AREA(#21195);
#21195 = FILL_AREA_STYLE('',(#21196));
#21196 = FILL_AREA_STYLE_COLOUR('',#19056);
#21197 = CURVE_STYLE('',#21198,POSITIVE_LENGTH_MEASURE(0.1),#19056);
#21198 = DRAUGHTING_PRE_DEFINED_CURVE_FONT('continuous');
#21199 = STYLED_ITEM('color',(#21200),#7301);
#21200 = PRESENTATION_STYLE_ASSIGNMENT((#21201,#21206));
#21201 = SURFACE_STYLE_USAGE(.BOTH.,#21202);
#21202 = SURFACE_SIDE_STYLE('',(#21203));
#21203 = SURFACE_STYLE_FILL_AREA(#21204);
#21204 = FILL_AREA_STYLE('',(#21205));
#21205 = FILL_AREA_STYLE_COLOUR('',#19056);
#21206 = CURVE_STYLE('',#21207,POSITIVE_LENGTH_MEASURE(0.1),#19056);
#21207 = DRAUGHTING_PRE_DEFINED_CURVE_FONT('continuous');
#21208 = STYLED_ITEM('color',(#21209),#7318);
#21209 = PRESENTATION_STYLE_ASSIGNMENT((#21210,#21215));
#21210 = SURFACE_STYLE_USAGE(.BOTH.,#21211);
#21211 = SURFACE_SIDE_STYLE('',(#21212));
#21212 = SURFACE_STYLE_FILL_AREA(#21213);
#21213 = FILL_AREA_STYLE('',(#21214));
#21214 = FILL_AREA_STYLE_COLOUR('',#19056);
#21215 = CURVE_STYLE('',#21216,POSITIVE_LENGTH_MEASURE(0.1),#19056);
#21216 = DRAUGHTING_PRE_DEFINED_CURVE_FONT('continuous');
#21217 = STYLED_ITEM('color',(#21218),#7335);
#21218 = PRESENTATION_STYLE_ASSIGNMENT((#21219,#21224));
#21219 = SURFACE_STYLE_USAGE(.BOTH.,#21220);
#21220 = SURFACE_SIDE_STYLE('',(#21221));
#21221 = SURFACE_STYLE_FILL_AREA(#21222);
#21222 = FILL_AREA_STYLE('',(#21223));
#21223 = FILL_AREA_STYLE_COLOUR('',#19056);
#21224 = CURVE_STYLE('',#21225,POSITIVE_LENGTH_MEASURE(0.1),#19056);
#21225 = DRAUGHTING_PRE_DEFINED_CURVE_FONT('continuous');
#21226 = STYLED_ITEM('color',(#21227),#7352);
#21227 = PRESENTATION_STYLE_ASSIGNMENT((#21228,#21233));
#21228 = SURFACE_STYLE_USAGE(.BOTH.,#21229);
#21229 = SURFACE_SIDE_STYLE('',(#21230));
#21230 = SURFACE_STYLE_FILL_AREA(#21231);
#21231 = FILL_AREA_STYLE('',(#21232));
#21232 = FILL_AREA_STYLE_COLOUR('',#19056);
#21233 = CURVE_STYLE('',#21234,POSITIVE_LENGTH_MEASURE(0.1),#19056);
#21234 = DRAUGHTING_PRE_DEFINED_CURVE_FONT('continuous');
#21235 = STYLED_ITEM('color',(#21236),#7369);
#21236 = PRESENTATION_STYLE_ASSIGNMENT((#21237,#21242));
#21237 = SURFACE_STYLE_USAGE(.BOTH.,#21238);
#21238 = SURFACE_SIDE_STYLE('',(#21239));
#21239 = SURFACE_STYLE_FILL_AREA(#21240);
#21240 = FILL_AREA_STYLE('',(#21241));
#21241 = FILL_AREA_STYLE_COLOUR('',#19056);
#21242 = CURVE_STYLE('',#21243,POSITIVE_LENGTH_MEASURE(0.1),#19056);
#21243 = DRAUGHTING_PRE_DEFINED_CURVE_FONT('continuous');
#21244 = STYLED_ITEM('color',(#21245),#7381);
#21245 = PRESENTATION_STYLE_ASSIGNMENT((#21246,#21252));
#21246 = SURFACE_STYLE_USAGE(.BOTH.,#21247);
#21247 = SURFACE_SIDE_STYLE('',(#21248));
#21248 = SURFACE_STYLE_FILL_AREA(#21249);
#21249 = FILL_AREA_STYLE('',(#21250));
#21250 = FILL_AREA_STYLE_COLOUR('',#21251);
#21251 = COLOUR_RGB('',0.690999998585,0.664000007176,0.597999987832);
#21252 = CURVE_STYLE('',#21253,POSITIVE_LENGTH_MEASURE(0.1),#21251);
#21253 = DRAUGHTING_PRE_DEFINED_CURVE_FONT('continuous');
#21254 = MECHANICAL_DESIGN_GEOMETRIC_PRESENTATION_REPRESENTATION('',(
    #21255,#21262,#21269,#21276,#21283,#21290,#21297,#21304,#21311,
    #21318,#21325,#21332,#21339,#21346,#21353,#21360,#21367,#21374,
    #21381,#21388,#21395,#21402,#21409,#21416,#21423,#21430,#21437,
    #21444),#4302);
#21255 = STYLED_ITEM('color',(#21256),#3450);
#21256 = PRESENTATION_STYLE_ASSIGNMENT((#21257));
#21257 = SURFACE_STYLE_USAGE(.BOTH.,#21258);
#21258 = SURFACE_SIDE_STYLE('',(#21259));
#21259 = SURFACE_STYLE_FILL_AREA(#21260);
#21260 = FILL_AREA_STYLE('',(#21261));
#21261 = FILL_AREA_STYLE_COLOUR('',#19056);
#21262 = STYLED_ITEM('color',(#21263),#3526);
#21263 = PRESENTATION_STYLE_ASSIGNMENT((#21264));
#21264 = SURFACE_STYLE_USAGE(.BOTH.,#21265);
#21265 = SURFACE_SIDE_STYLE('',(#21266));
#21266 = SURFACE_STYLE_FILL_AREA(#21267);
#21267 = FILL_AREA_STYLE('',(#21268));
#21268 = FILL_AREA_STYLE_COLOUR('',#19056);
#21269 = STYLED_ITEM('color',(#21270),#3557);
#21270 = PRESENTATION_STYLE_ASSIGNMENT((#21271));
#21271 = SURFACE_STYLE_USAGE(.BOTH.,#21272);
#21272 = SURFACE_SIDE_STYLE('',(#21273));
#21273 = SURFACE_STYLE_FILL_AREA(#21274);
#21274 = FILL_AREA_STYLE('',(#21275));
#21275 = FILL_AREA_STYLE_COLOUR('',#19056);
#21276 = STYLED_ITEM('color',(#21277),#3582);
#21277 = PRESENTATION_STYLE_ASSIGNMENT((#21278));
#21278 = SURFACE_STYLE_USAGE(.BOTH.,#21279);
#21279 = SURFACE_SIDE_STYLE('',(#21280));
#21280 = SURFACE_STYLE_FILL_AREA(#21281);
#21281 = FILL_AREA_STYLE('',(#21282));
#21282 = FILL_AREA_STYLE_COLOUR('',#19056);
#21283 = STYLED_ITEM('color',(#21284),#3607);
#21284 = PRESENTATION_STYLE_ASSIGNMENT((#21285));
#21285 = SURFACE_STYLE_USAGE(.BOTH.,#21286);
#21286 = SURFACE_SIDE_STYLE('',(#21287));
#21287 = SURFACE_STYLE_FILL_AREA(#21288);
#21288 = FILL_AREA_STYLE('',(#21289));
#21289 = FILL_AREA_STYLE_COLOUR('',#19056);
#21290 = STYLED_ITEM('color',(#21291),#3631);
#21291 = PRESENTATION_STYLE_ASSIGNMENT((#21292));
#21292 = SURFACE_STYLE_USAGE(.BOTH.,#21293);
#21293 = SURFACE_SIDE_STYLE('',(#21294));
#21294 = SURFACE_STYLE_FILL_AREA(#21295);
#21295 = FILL_AREA_STYLE('',(#21296));
#21296 = FILL_AREA_STYLE_COLOUR('',#19056);
#21297 = STYLED_ITEM('color',(#21298),#3655);
#21298 = PRESENTATION_STYLE_ASSIGNMENT((#21299));
#21299 = SURFACE_STYLE_USAGE(.BOTH.,#21300);
#21300 = SURFACE_SIDE_STYLE('',(#21301));
#21301 = SURFACE_STYLE_FILL_AREA(#21302);
#21302 = FILL_AREA_STYLE('',(#21303));
#21303 = FILL_AREA_STYLE_COLOUR('',#19056);
#21304 = STYLED_ITEM('color',(#21305),#3680);
#21305 = PRESENTATION_STYLE_ASSIGNMENT((#21306));
#21306 = SURFACE_STYLE_USAGE(.BOTH.,#21307);
#21307 = SURFACE_SIDE_STYLE('',(#21308));
#21308 = SURFACE_STYLE_FILL_AREA(#21309);
#21309 = FILL_AREA_STYLE('',(#21310));
#21310 = FILL_AREA_STYLE_COLOUR('',#19056);
#21311 = STYLED_ITEM('color',(#21312),#3705);
#21312 = PRESENTATION_STYLE_ASSIGNMENT((#21313));
#21313 = SURFACE_STYLE_USAGE(.BOTH.,#21314);
#21314 = SURFACE_SIDE_STYLE('',(#21315));
#21315 = SURFACE_STYLE_FILL_AREA(#21316);
#21316 = FILL_AREA_STYLE('',(#21317));
#21317 = FILL_AREA_STYLE_COLOUR('',#19056);
#21318 = STYLED_ITEM('color',(#21319),#3722);
#21319 = PRESENTATION_STYLE_ASSIGNMENT((#21320));
#21320 = SURFACE_STYLE_USAGE(.BOTH.,#21321);
#21321 = SURFACE_SIDE_STYLE('',(#21322));
#21322 = SURFACE_STYLE_FILL_AREA(#21323);
#21323 = FILL_AREA_STYLE('',(#21324));
#21324 = FILL_AREA_STYLE_COLOUR('',#19056);
#21325 = STYLED_ITEM('color',(#21326),#3808);
#21326 = PRESENTATION_STYLE_ASSIGNMENT((#21327));
#21327 = SURFACE_STYLE_USAGE(.BOTH.,#21328);
#21328 = SURFACE_SIDE_STYLE('',(#21329));
#21329 = SURFACE_STYLE_FILL_AREA(#21330);
#21330 = FILL_AREA_STYLE('',(#21331));
#21331 = FILL_AREA_STYLE_COLOUR('',#20017);
#21332 = STYLED_ITEM('color',(#21333),#3840);
#21333 = PRESENTATION_STYLE_ASSIGNMENT((#21334));
#21334 = SURFACE_STYLE_USAGE(.BOTH.,#21335);
#21335 = SURFACE_SIDE_STYLE('',(#21336));
#21336 = SURFACE_STYLE_FILL_AREA(#21337);
#21337 = FILL_AREA_STYLE('',(#21338));
#21338 = FILL_AREA_STYLE_COLOUR('',#20017);
#21339 = STYLED_ITEM('color',(#21340),#3864);
#21340 = PRESENTATION_STYLE_ASSIGNMENT((#21341));
#21341 = SURFACE_STYLE_USAGE(.BOTH.,#21342);
#21342 = SURFACE_SIDE_STYLE('',(#21343));
#21343 = SURFACE_STYLE_FILL_AREA(#21344);
#21344 = FILL_AREA_STYLE('',(#21345));
#21345 = FILL_AREA_STYLE_COLOUR('',#20017);
#21346 = STYLED_ITEM('color',(#21347),#3889);
#21347 = PRESENTATION_STYLE_ASSIGNMENT((#21348));
#21348 = SURFACE_STYLE_USAGE(.BOTH.,#21349);
#21349 = SURFACE_SIDE_STYLE('',(#21350));
#21350 = SURFACE_STYLE_FILL_AREA(#21351);
#21351 = FILL_AREA_STYLE('',(#21352));
#21352 = FILL_AREA_STYLE_COLOUR('',#20017);
#21353 = STYLED_ITEM('color',(#21354),#3913);
#21354 = PRESENTATION_STYLE_ASSIGNMENT((#21355));
#21355 = SURFACE_STYLE_USAGE(.BOTH.,#21356);
#21356 = SURFACE_SIDE_STYLE('',(#21357));
#21357 = SURFACE_STYLE_FILL_AREA(#21358);
#21358 = FILL_AREA_STYLE('',(#21359));
#21359 = FILL_AREA_STYLE_COLOUR('',#20017);
#21360 = STYLED_ITEM('color',(#21361),#3938);
#21361 = PRESENTATION_STYLE_ASSIGNMENT((#21362));
#21362 = SURFACE_STYLE_USAGE(.BOTH.,#21363);
#21363 = SURFACE_SIDE_STYLE('',(#21364));
#21364 = SURFACE_STYLE_FILL_AREA(#21365);
#21365 = FILL_AREA_STYLE('',(#21366));
#21366 = FILL_AREA_STYLE_COLOUR('',#20017);
#21367 = STYLED_ITEM('color',(#21368),#3962);
#21368 = PRESENTATION_STYLE_ASSIGNMENT((#21369));
#21369 = SURFACE_STYLE_USAGE(.BOTH.,#21370);
#21370 = SURFACE_SIDE_STYLE('',(#21371));
#21371 = SURFACE_STYLE_FILL_AREA(#21372);
#21372 = FILL_AREA_STYLE('',(#21373));
#21373 = FILL_AREA_STYLE_COLOUR('',#20017);
#21374 = STYLED_ITEM('color',(#21375),#3987);
#21375 = PRESENTATION_STYLE_ASSIGNMENT((#21376));
#21376 = SURFACE_STYLE_USAGE(.BOTH.,#21377);
#21377 = SURFACE_SIDE_STYLE('',(#21378));
#21378 = SURFACE_STYLE_FILL_AREA(#21379);
#21379 = FILL_AREA_STYLE('',(#21380));
#21380 = FILL_AREA_STYLE_COLOUR('',#20017);
#21381 = STYLED_ITEM('color',(#21382),#4004);
#21382 = PRESENTATION_STYLE_ASSIGNMENT((#21383));
#21383 = SURFACE_STYLE_USAGE(.BOTH.,#21384);
#21384 = SURFACE_SIDE_STYLE('',(#21385));
#21385 = SURFACE_STYLE_FILL_AREA(#21386);
#21386 = FILL_AREA_STYLE('',(#21387));
#21387 = FILL_AREA_STYLE_COLOUR('',#19056);
#21388 = STYLED_ITEM('color',(#21389),#4090);
#21389 = PRESENTATION_STYLE_ASSIGNMENT((#21390));
#21390 = SURFACE_STYLE_USAGE(.BOTH.,#21391);
#21391 = SURFACE_SIDE_STYLE('',(#21392));
#21392 = SURFACE_STYLE_FILL_AREA(#21393);
#21393 = FILL_AREA_STYLE('',(#21394));
#21394 = FILL_AREA_STYLE_COLOUR('',#19056);
#21395 = STYLED_ITEM('color',(#21396),#4121);
#21396 = PRESENTATION_STYLE_ASSIGNMENT((#21397));
#21397 = SURFACE_STYLE_USAGE(.BOTH.,#21398);
#21398 = SURFACE_SIDE_STYLE('',(#21399));
#21399 = SURFACE_STYLE_FILL_AREA(#21400);
#21400 = FILL_AREA_STYLE('',(#21401));
#21401 = FILL_AREA_STYLE_COLOUR('',#19056);
#21402 = STYLED_ITEM('color',(#21403),#4146);
#21403 = PRESENTATION_STYLE_ASSIGNMENT((#21404));
#21404 = SURFACE_STYLE_USAGE(.BOTH.,#21405);
#21405 = SURFACE_SIDE_STYLE('',(#21406));
#21406 = SURFACE_STYLE_FILL_AREA(#21407);
#21407 = FILL_AREA_STYLE('',(#21408));
#21408 = FILL_AREA_STYLE_COLOUR('',#19056);
#21409 = STYLED_ITEM('color',(#21410),#4171);
#21410 = PRESENTATION_STYLE_ASSIGNMENT((#21411));
#21411 = SURFACE_STYLE_USAGE(.BOTH.,#21412);
#21412 = SURFACE_SIDE_STYLE('',(#21413));
#21413 = SURFACE_STYLE_FILL_AREA(#21414);
#21414 = FILL_AREA_STYLE('',(#21415));
#21415 = FILL_AREA_STYLE_COLOUR('',#19056);
#21416 = STYLED_ITEM('color',(#21417),#4195);
#21417 = PRESENTATION_STYLE_ASSIGNMENT((#21418));
#21418 = SURFACE_STYLE_USAGE(.BOTH.,#21419);
#21419 = SURFACE_SIDE_STYLE('',(#21420));
#21420 = SURFACE_STYLE_FILL_AREA(#21421);
#21421 = FILL_AREA_STYLE('',(#21422));
#21422 = FILL_AREA_STYLE_COLOUR('',#19056);
#21423 = STYLED_ITEM('color',(#21424),#4219);
#21424 = PRESENTATION_STYLE_ASSIGNMENT((#21425));
#21425 = SURFACE_STYLE_USAGE(.BOTH.,#21426);
#21426 = SURFACE_SIDE_STYLE('',(#21427));
#21427 = SURFACE_STYLE_FILL_AREA(#21428);
#21428 = FILL_AREA_STYLE('',(#21429));
#21429 = FILL_AREA_STYLE_COLOUR('',#19056);
#21430 = STYLED_ITEM('color',(#21431),#4244);
#21431 = PRESENTATION_STYLE_ASSIGNMENT((#21432));
#21432 = SURFACE_STYLE_USAGE(.BOTH.,#21433);
#21433 = SURFACE_SIDE_STYLE('',(#21434));
#21434 = SURFACE_STYLE_FILL_AREA(#21435);
#21435 = FILL_AREA_STYLE('',(#21436));
#21436 = FILL_AREA_STYLE_COLOUR('',#19056);
#21437 = STYLED_ITEM('color',(#21438),#4269);
#21438 = PRESENTATION_STYLE_ASSIGNMENT((#21439));
#21439 = SURFACE_STYLE_USAGE(.BOTH.,#21440);
#21440 = SURFACE_SIDE_STYLE('',(#21441));
#21441 = SURFACE_STYLE_FILL_AREA(#21442);
#21442 = FILL_AREA_STYLE('',(#21443));
#21443 = FILL_AREA_STYLE_COLOUR('',#19056);
#21444 = STYLED_ITEM('color',(#21445),#4286);
#21445 = PRESENTATION_STYLE_ASSIGNMENT((#21446));
#21446 = SURFACE_STYLE_USAGE(.BOTH.,#21447);
#21447 = SURFACE_SIDE_STYLE('',(#21448));
#21448 = SURFACE_STYLE_FILL_AREA(#21449);
#21449 = FILL_AREA_STYLE('',(#21450));
#21450 = FILL_AREA_STYLE_COLOUR('',#19056);
#21451 = MECHANICAL_DESIGN_GEOMETRIC_PRESENTATION_REPRESENTATION('',(
    #21452,#21459,#21466,#21473,#21480,#21487,#21494,#21501,#21509,
    #21516,#21523,#21530,#21537,#21544,#21551,#21558,#21565,#21572,
    #21579,#21586,#21593,#21600,#21607,#21614,#21621,#21628,#21635,
    #21642,#21649,#21656,#21663,#21670,#21677,#21684,#21691,#21698,
    #21706,#21713,#21720,#21727,#21734,#21741,#21748,#21755,#21762,
    #21769,#21776,#21783,#21790,#21797),#2511);
#21452 = STYLED_ITEM('color',(#21453),#990);
#21453 = PRESENTATION_STYLE_ASSIGNMENT((#21454));
#21454 = SURFACE_STYLE_USAGE(.BOTH.,#21455);
#21455 = SURFACE_SIDE_STYLE('',(#21456));
#21456 = SURFACE_STYLE_FILL_AREA(#21457);
#21457 = FILL_AREA_STYLE('',(#21458));
#21458 = FILL_AREA_STYLE_COLOUR('',#19106);
#21459 = STYLED_ITEM('color',(#21460),#1030);
#21460 = PRESENTATION_STYLE_ASSIGNMENT((#21461));
#21461 = SURFACE_STYLE_USAGE(.BOTH.,#21462);
#21462 = SURFACE_SIDE_STYLE('',(#21463));
#21463 = SURFACE_STYLE_FILL_AREA(#21464);
#21464 = FILL_AREA_STYLE('',(#21465));
#21465 = FILL_AREA_STYLE_COLOUR('',#19106);
#21466 = STYLED_ITEM('color',(#21467),#1077);
#21467 = PRESENTATION_STYLE_ASSIGNMENT((#21468));
#21468 = SURFACE_STYLE_USAGE(.BOTH.,#21469);
#21469 = SURFACE_SIDE_STYLE('',(#21470));
#21470 = SURFACE_STYLE_FILL_AREA(#21471);
#21471 = FILL_AREA_STYLE('',(#21472));
#21472 = FILL_AREA_STYLE_COLOUR('',#19106);
#21473 = STYLED_ITEM('color',(#21474),#1156);
#21474 = PRESENTATION_STYLE_ASSIGNMENT((#21475));
#21475 = SURFACE_STYLE_USAGE(.BOTH.,#21476);
#21476 = SURFACE_SIDE_STYLE('',(#21477));
#21477 = SURFACE_STYLE_FILL_AREA(#21478);
#21478 = FILL_AREA_STYLE('',(#21479));
#21479 = FILL_AREA_STYLE_COLOUR('',#19106);
#21480 = STYLED_ITEM('color',(#21481),#1180);
#21481 = PRESENTATION_STYLE_ASSIGNMENT((#21482));
#21482 = SURFACE_STYLE_USAGE(.BOTH.,#21483);
#21483 = SURFACE_SIDE_STYLE('',(#21484));
#21484 = SURFACE_STYLE_FILL_AREA(#21485);
#21485 = FILL_AREA_STYLE('',(#21486));
#21486 = FILL_AREA_STYLE_COLOUR('',#19106);
#21487 = STYLED_ITEM('color',(#21488),#1220);
#21488 = PRESENTATION_STYLE_ASSIGNMENT((#21489));
#21489 = SURFACE_STYLE_USAGE(.BOTH.,#21490);
#21490 = SURFACE_SIDE_STYLE('',(#21491));
#21491 = SURFACE_STYLE_FILL_AREA(#21492);
#21492 = FILL_AREA_STYLE('',(#21493));
#21493 = FILL_AREA_STYLE_COLOUR('',#19106);
#21494 = STYLED_ITEM('color',(#21495),#1251);
#21495 = PRESENTATION_STYLE_ASSIGNMENT((#21496));
#21496 = SURFACE_STYLE_USAGE(.BOTH.,#21497);
#21497 = SURFACE_SIDE_STYLE('',(#21498));
#21498 = SURFACE_STYLE_FILL_AREA(#21499);
#21499 = FILL_AREA_STYLE('',(#21500));
#21500 = FILL_AREA_STYLE_COLOUR('',#19106);
#21501 = STYLED_ITEM('color',(#21502),#1268);
#21502 = PRESENTATION_STYLE_ASSIGNMENT((#21503));
#21503 = SURFACE_STYLE_USAGE(.BOTH.,#21504);
#21504 = SURFACE_SIDE_STYLE('',(#21505));
#21505 = SURFACE_STYLE_FILL_AREA(#21506);
#21506 = FILL_AREA_STYLE('',(#21507));
#21507 = FILL_AREA_STYLE_COLOUR('',#21508);
#21508 = COLOUR_RGB('',0.859000020776,0.737999965183,0.495999988746);
#21509 = STYLED_ITEM('color',(#21510),#1301);
#21510 = PRESENTATION_STYLE_ASSIGNMENT((#21511));
#21511 = SURFACE_STYLE_USAGE(.BOTH.,#21512);
#21512 = SURFACE_SIDE_STYLE('',(#21513));
#21513 = SURFACE_STYLE_FILL_AREA(#21514);
#21514 = FILL_AREA_STYLE('',(#21515));
#21515 = FILL_AREA_STYLE_COLOUR('',#19106);
#21516 = STYLED_ITEM('color',(#21517),#1325);
#21517 = PRESENTATION_STYLE_ASSIGNMENT((#21518));
#21518 = SURFACE_STYLE_USAGE(.BOTH.,#21519);
#21519 = SURFACE_SIDE_STYLE('',(#21520));
#21520 = SURFACE_STYLE_FILL_AREA(#21521);
#21521 = FILL_AREA_STYLE('',(#21522));
#21522 = FILL_AREA_STYLE_COLOUR('',#21508);
#21523 = STYLED_ITEM('color',(#21524),#1392);
#21524 = PRESENTATION_STYLE_ASSIGNMENT((#21525));
#21525 = SURFACE_STYLE_USAGE(.BOTH.,#21526);
#21526 = SURFACE_SIDE_STYLE('',(#21527));
#21527 = SURFACE_STYLE_FILL_AREA(#21528);
#21528 = FILL_AREA_STYLE('',(#21529));
#21529 = FILL_AREA_STYLE_COLOUR('',#19106);
#21530 = STYLED_ITEM('color',(#21531),#1513);
#21531 = PRESENTATION_STYLE_ASSIGNMENT((#21532));
#21532 = SURFACE_STYLE_USAGE(.BOTH.,#21533);
#21533 = SURFACE_SIDE_STYLE('',(#21534));
#21534 = SURFACE_STYLE_FILL_AREA(#21535);
#21535 = FILL_AREA_STYLE('',(#21536));
#21536 = FILL_AREA_STYLE_COLOUR('',#21508);
#21537 = STYLED_ITEM('color',(#21538),#1580);
#21538 = PRESENTATION_STYLE_ASSIGNMENT((#21539));
#21539 = SURFACE_STYLE_USAGE(.BOTH.,#21540);
#21540 = SURFACE_SIDE_STYLE('',(#21541));
#21541 = SURFACE_STYLE_FILL_AREA(#21542);
#21542 = FILL_AREA_STYLE('',(#21543));
#21543 = FILL_AREA_STYLE_COLOUR('',#19106);
#21544 = STYLED_ITEM('color',(#21545),#1604);
#21545 = PRESENTATION_STYLE_ASSIGNMENT((#21546));
#21546 = SURFACE_STYLE_USAGE(.BOTH.,#21547);
#21547 = SURFACE_SIDE_STYLE('',(#21548));
#21548 = SURFACE_STYLE_FILL_AREA(#21549);
#21549 = FILL_AREA_STYLE('',(#21550));
#21550 = FILL_AREA_STYLE_COLOUR('',#19106);
#21551 = STYLED_ITEM('color',(#21552),#1635);
#21552 = PRESENTATION_STYLE_ASSIGNMENT((#21553));
#21553 = SURFACE_STYLE_USAGE(.BOTH.,#21554);
#21554 = SURFACE_SIDE_STYLE('',(#21555));
#21555 = SURFACE_STYLE_FILL_AREA(#21556);
#21556 = FILL_AREA_STYLE('',(#21557));
#21557 = FILL_AREA_STYLE_COLOUR('',#21508);
#21558 = STYLED_ITEM('color',(#21559),#1668);
#21559 = PRESENTATION_STYLE_ASSIGNMENT((#21560));
#21560 = SURFACE_STYLE_USAGE(.BOTH.,#21561);
#21561 = SURFACE_SIDE_STYLE('',(#21562));
#21562 = SURFACE_STYLE_FILL_AREA(#21563);
#21563 = FILL_AREA_STYLE('',(#21564));
#21564 = FILL_AREA_STYLE_COLOUR('',#19106);
#21565 = STYLED_ITEM('color',(#21566),#1724);
#21566 = PRESENTATION_STYLE_ASSIGNMENT((#21567));
#21567 = SURFACE_STYLE_USAGE(.BOTH.,#21568);
#21568 = SURFACE_SIDE_STYLE('',(#21569));
#21569 = SURFACE_STYLE_FILL_AREA(#21570);
#21570 = FILL_AREA_STYLE('',(#21571));
#21571 = FILL_AREA_STYLE_COLOUR('',#21508);
#21572 = STYLED_ITEM('color',(#21573),#1748);
#21573 = PRESENTATION_STYLE_ASSIGNMENT((#21574));
#21574 = SURFACE_STYLE_USAGE(.BOTH.,#21575);
#21575 = SURFACE_SIDE_STYLE('',(#21576));
#21576 = SURFACE_STYLE_FILL_AREA(#21577);
#21577 = FILL_AREA_STYLE('',(#21578));
#21578 = FILL_AREA_STYLE_COLOUR('',#21508);
#21579 = STYLED_ITEM('color',(#21580),#1772);
#21580 = PRESENTATION_STYLE_ASSIGNMENT((#21581));
#21581 = SURFACE_STYLE_USAGE(.BOTH.,#21582);
#21582 = SURFACE_SIDE_STYLE('',(#21583));
#21583 = SURFACE_STYLE_FILL_AREA(#21584);
#21584 = FILL_AREA_STYLE('',(#21585));
#21585 = FILL_AREA_STYLE_COLOUR('',#21508);
#21586 = STYLED_ITEM('color',(#21587),#1796);
#21587 = PRESENTATION_STYLE_ASSIGNMENT((#21588));
#21588 = SURFACE_STYLE_USAGE(.BOTH.,#21589);
#21589 = SURFACE_SIDE_STYLE('',(#21590));
#21590 = SURFACE_STYLE_FILL_AREA(#21591);
#21591 = FILL_AREA_STYLE('',(#21592));
#21592 = FILL_AREA_STYLE_COLOUR('',#21508);
#21593 = STYLED_ITEM('color',(#21594),#1829);
#21594 = PRESENTATION_STYLE_ASSIGNMENT((#21595));
#21595 = SURFACE_STYLE_USAGE(.BOTH.,#21596);
#21596 = SURFACE_SIDE_STYLE('',(#21597));
#21597 = SURFACE_STYLE_FILL_AREA(#21598);
#21598 = FILL_AREA_STYLE('',(#21599));
#21599 = FILL_AREA_STYLE_COLOUR('',#21508);
#21600 = STYLED_ITEM('color',(#21601),#1841);
#21601 = PRESENTATION_STYLE_ASSIGNMENT((#21602));
#21602 = SURFACE_STYLE_USAGE(.BOTH.,#21603);
#21603 = SURFACE_SIDE_STYLE('',(#21604));
#21604 = SURFACE_STYLE_FILL_AREA(#21605);
#21605 = FILL_AREA_STYLE('',(#21606));
#21606 = FILL_AREA_STYLE_COLOUR('',#21508);
#21607 = STYLED_ITEM('color',(#21608),#1904);
#21608 = PRESENTATION_STYLE_ASSIGNMENT((#21609));
#21609 = SURFACE_STYLE_USAGE(.BOTH.,#21610);
#21610 = SURFACE_SIDE_STYLE('',(#21611));
#21611 = SURFACE_STYLE_FILL_AREA(#21612);
#21612 = FILL_AREA_STYLE('',(#21613));
#21613 = FILL_AREA_STYLE_COLOUR('',#21508);
#21614 = STYLED_ITEM('color',(#21615),#1929);
#21615 = PRESENTATION_STYLE_ASSIGNMENT((#21616));
#21616 = SURFACE_STYLE_USAGE(.BOTH.,#21617);
#21617 = SURFACE_SIDE_STYLE('',(#21618));
#21618 = SURFACE_STYLE_FILL_AREA(#21619);
#21619 = FILL_AREA_STYLE('',(#21620));
#21620 = FILL_AREA_STYLE_COLOUR('',#21508);
#21621 = STYLED_ITEM('color',(#21622),#1946);
#21622 = PRESENTATION_STYLE_ASSIGNMENT((#21623));
#21623 = SURFACE_STYLE_USAGE(.BOTH.,#21624);
#21624 = SURFACE_SIDE_STYLE('',(#21625));
#21625 = SURFACE_STYLE_FILL_AREA(#21626);
#21626 = FILL_AREA_STYLE('',(#21627));
#21627 = FILL_AREA_STYLE_COLOUR('',#21508);
#21628 = STYLED_ITEM('color',(#21629),#1970);
#21629 = PRESENTATION_STYLE_ASSIGNMENT((#21630));
#21630 = SURFACE_STYLE_USAGE(.BOTH.,#21631);
#21631 = SURFACE_SIDE_STYLE('',(#21632));
#21632 = SURFACE_STYLE_FILL_AREA(#21633);
#21633 = FILL_AREA_STYLE('',(#21634));
#21634 = FILL_AREA_STYLE_COLOUR('',#21508);
#21635 = STYLED_ITEM('color',(#21636),#1988);
#21636 = PRESENTATION_STYLE_ASSIGNMENT((#21637));
#21637 = SURFACE_STYLE_USAGE(.BOTH.,#21638);
#21638 = SURFACE_SIDE_STYLE('',(#21639));
#21639 = SURFACE_STYLE_FILL_AREA(#21640);
#21640 = FILL_AREA_STYLE('',(#21641));
#21641 = FILL_AREA_STYLE_COLOUR('',#21508);
#21642 = STYLED_ITEM('color',(#21643),#2006);
#21643 = PRESENTATION_STYLE_ASSIGNMENT((#21644));
#21644 = SURFACE_STYLE_USAGE(.BOTH.,#21645);
#21645 = SURFACE_SIDE_STYLE('',(#21646));
#21646 = SURFACE_STYLE_FILL_AREA(#21647);
#21647 = FILL_AREA_STYLE('',(#21648));
#21648 = FILL_AREA_STYLE_COLOUR('',#21508);
#21649 = STYLED_ITEM('color',(#21650),#2024);
#21650 = PRESENTATION_STYLE_ASSIGNMENT((#21651));
#21651 = SURFACE_STYLE_USAGE(.BOTH.,#21652);
#21652 = SURFACE_SIDE_STYLE('',(#21653));
#21653 = SURFACE_STYLE_FILL_AREA(#21654);
#21654 = FILL_AREA_STYLE('',(#21655));
#21655 = FILL_AREA_STYLE_COLOUR('',#21508);
#21656 = STYLED_ITEM('color',(#21657),#2041);
#21657 = PRESENTATION_STYLE_ASSIGNMENT((#21658));
#21658 = SURFACE_STYLE_USAGE(.BOTH.,#21659);
#21659 = SURFACE_SIDE_STYLE('',(#21660));
#21660 = SURFACE_STYLE_FILL_AREA(#21661);
#21661 = FILL_AREA_STYLE('',(#21662));
#21662 = FILL_AREA_STYLE_COLOUR('',#21508);
#21663 = STYLED_ITEM('color',(#21664),#2058);
#21664 = PRESENTATION_STYLE_ASSIGNMENT((#21665));
#21665 = SURFACE_STYLE_USAGE(.BOTH.,#21666);
#21666 = SURFACE_SIDE_STYLE('',(#21667));
#21667 = SURFACE_STYLE_FILL_AREA(#21668);
#21668 = FILL_AREA_STYLE('',(#21669));
#21669 = FILL_AREA_STYLE_COLOUR('',#21508);
#21670 = STYLED_ITEM('color',(#21671),#2089);
#21671 = PRESENTATION_STYLE_ASSIGNMENT((#21672));
#21672 = SURFACE_STYLE_USAGE(.BOTH.,#21673);
#21673 = SURFACE_SIDE_STYLE('',(#21674));
#21674 = SURFACE_STYLE_FILL_AREA(#21675);
#21675 = FILL_AREA_STYLE('',(#21676));
#21676 = FILL_AREA_STYLE_COLOUR('',#21508);
#21677 = STYLED_ITEM('color',(#21678),#2114);
#21678 = PRESENTATION_STYLE_ASSIGNMENT((#21679));
#21679 = SURFACE_STYLE_USAGE(.BOTH.,#21680);
#21680 = SURFACE_SIDE_STYLE('',(#21681));
#21681 = SURFACE_STYLE_FILL_AREA(#21682);
#21682 = FILL_AREA_STYLE('',(#21683));
#21683 = FILL_AREA_STYLE_COLOUR('',#21508);
#21684 = STYLED_ITEM('color',(#21685),#2139);
#21685 = PRESENTATION_STYLE_ASSIGNMENT((#21686));
#21686 = SURFACE_STYLE_USAGE(.BOTH.,#21687);
#21687 = SURFACE_SIDE_STYLE('',(#21688));
#21688 = SURFACE_STYLE_FILL_AREA(#21689);
#21689 = FILL_AREA_STYLE('',(#21690));
#21690 = FILL_AREA_STYLE_COLOUR('',#21508);
#21691 = STYLED_ITEM('color',(#21692),#2163);
#21692 = PRESENTATION_STYLE_ASSIGNMENT((#21693));
#21693 = SURFACE_STYLE_USAGE(.BOTH.,#21694);
#21694 = SURFACE_SIDE_STYLE('',(#21695));
#21695 = SURFACE_STYLE_FILL_AREA(#21696);
#21696 = FILL_AREA_STYLE('',(#21697));
#21697 = FILL_AREA_STYLE_COLOUR('',#21508);
#21698 = STYLED_ITEM('color',(#21699),#2180);
#21699 = PRESENTATION_STYLE_ASSIGNMENT((#21700));
#21700 = SURFACE_STYLE_USAGE(.BOTH.,#21701);
#21701 = SURFACE_SIDE_STYLE('',(#21702));
#21702 = SURFACE_STYLE_FILL_AREA(#21703);
#21703 = FILL_AREA_STYLE('',(#21704));
#21704 = FILL_AREA_STYLE_COLOUR('',#21705);
#21705 = COLOUR_RGB('',0.340000006699,0.68000001254,0.444999988852);
#21706 = STYLED_ITEM('color',(#21707),#2211);
#21707 = PRESENTATION_STYLE_ASSIGNMENT((#21708));
#21708 = SURFACE_STYLE_USAGE(.BOTH.,#21709);
#21709 = SURFACE_SIDE_STYLE('',(#21710));
#21710 = SURFACE_STYLE_FILL_AREA(#21711);
#21711 = FILL_AREA_STYLE('',(#21712));
#21712 = FILL_AREA_STYLE_COLOUR('',#21705);
#21713 = STYLED_ITEM('color',(#21714),#2235);
#21714 = PRESENTATION_STYLE_ASSIGNMENT((#21715));
#21715 = SURFACE_STYLE_USAGE(.BOTH.,#21716);
#21716 = SURFACE_SIDE_STYLE('',(#21717));
#21717 = SURFACE_STYLE_FILL_AREA(#21718);
#21718 = FILL_AREA_STYLE('',(#21719));
#21719 = FILL_AREA_STYLE_COLOUR('',#21705);
#21720 = STYLED_ITEM('color',(#21721),#2252);
#21721 = PRESENTATION_STYLE_ASSIGNMENT((#21722));
#21722 = SURFACE_STYLE_USAGE(.BOTH.,#21723);
#21723 = SURFACE_SIDE_STYLE('',(#21724));
#21724 = SURFACE_STYLE_FILL_AREA(#21725);
#21725 = FILL_AREA_STYLE('',(#21726));
#21726 = FILL_AREA_STYLE_COLOUR('',#21508);
#21727 = STYLED_ITEM('color',(#21728),#2280);
#21728 = PRESENTATION_STYLE_ASSIGNMENT((#21729));
#21729 = SURFACE_STYLE_USAGE(.BOTH.,#21730);
#21730 = SURFACE_SIDE_STYLE('',(#21731));
#21731 = SURFACE_STYLE_FILL_AREA(#21732);
#21732 = FILL_AREA_STYLE('',(#21733));
#21733 = FILL_AREA_STYLE_COLOUR('',#21508);
#21734 = STYLED_ITEM('color',(#21735),#2305);
#21735 = PRESENTATION_STYLE_ASSIGNMENT((#21736));
#21736 = SURFACE_STYLE_USAGE(.BOTH.,#21737);
#21737 = SURFACE_SIDE_STYLE('',(#21738));
#21738 = SURFACE_STYLE_FILL_AREA(#21739);
#21739 = FILL_AREA_STYLE('',(#21740));
#21740 = FILL_AREA_STYLE_COLOUR('',#21508);
#21741 = STYLED_ITEM('color',(#21742),#2329);
#21742 = PRESENTATION_STYLE_ASSIGNMENT((#21743));
#21743 = SURFACE_STYLE_USAGE(.BOTH.,#21744);
#21744 = SURFACE_SIDE_STYLE('',(#21745));
#21745 = SURFACE_STYLE_FILL_AREA(#21746);
#21746 = FILL_AREA_STYLE('',(#21747));
#21747 = FILL_AREA_STYLE_COLOUR('',#21508);
#21748 = STYLED_ITEM('color',(#21749),#2354);
#21749 = PRESENTATION_STYLE_ASSIGNMENT((#21750));
#21750 = SURFACE_STYLE_USAGE(.BOTH.,#21751);
#21751 = SURFACE_SIDE_STYLE('',(#21752));
#21752 = SURFACE_STYLE_FILL_AREA(#21753);
#21753 = FILL_AREA_STYLE('',(#21754));
#21754 = FILL_AREA_STYLE_COLOUR('',#21508);
#21755 = STYLED_ITEM('color',(#21756),#2401);
#21756 = PRESENTATION_STYLE_ASSIGNMENT((#21757));
#21757 = SURFACE_STYLE_USAGE(.BOTH.,#21758);
#21758 = SURFACE_SIDE_STYLE('',(#21759));
#21759 = SURFACE_STYLE_FILL_AREA(#21760);
#21760 = FILL_AREA_STYLE('',(#21761));
#21761 = FILL_AREA_STYLE_COLOUR('',#21508);
#21762 = STYLED_ITEM('color',(#21763),#2418);
#21763 = PRESENTATION_STYLE_ASSIGNMENT((#21764));
#21764 = SURFACE_STYLE_USAGE(.BOTH.,#21765);
#21765 = SURFACE_SIDE_STYLE('',(#21766));
#21766 = SURFACE_STYLE_FILL_AREA(#21767);
#21767 = FILL_AREA_STYLE('',(#21768));
#21768 = FILL_AREA_STYLE_COLOUR('',#21508);
#21769 = STYLED_ITEM('color',(#21770),#2430);
#21770 = PRESENTATION_STYLE_ASSIGNMENT((#21771));
#21771 = SURFACE_STYLE_USAGE(.BOTH.,#21772);
#21772 = SURFACE_SIDE_STYLE('',(#21773));
#21773 = SURFACE_STYLE_FILL_AREA(#21774);
#21774 = FILL_AREA_STYLE('',(#21775));
#21775 = FILL_AREA_STYLE_COLOUR('',#21508);
#21776 = STYLED_ITEM('color',(#21777),#2452);
#21777 = PRESENTATION_STYLE_ASSIGNMENT((#21778));
#21778 = SURFACE_STYLE_USAGE(.BOTH.,#21779);
#21779 = SURFACE_SIDE_STYLE('',(#21780));
#21780 = SURFACE_STYLE_FILL_AREA(#21781);
#21781 = FILL_AREA_STYLE('',(#21782));
#21782 = FILL_AREA_STYLE_COLOUR('',#21508);
#21783 = STYLED_ITEM('color',(#21784),#2464);
#21784 = PRESENTATION_STYLE_ASSIGNMENT((#21785));
#21785 = SURFACE_STYLE_USAGE(.BOTH.,#21786);
#21786 = SURFACE_SIDE_STYLE('',(#21787));
#21787 = SURFACE_STYLE_FILL_AREA(#21788);
#21788 = FILL_AREA_STYLE('',(#21789));
#21789 = FILL_AREA_STYLE_COLOUR('',#21508);
#21790 = STYLED_ITEM('color',(#21791),#2482);
#21791 = PRESENTATION_STYLE_ASSIGNMENT((#21792));
#21792 = SURFACE_STYLE_USAGE(.BOTH.,#21793);
#21793 = SURFACE_SIDE_STYLE('',(#21794));
#21794 = SURFACE_STYLE_FILL_AREA(#21795);
#21795 = FILL_AREA_STYLE('',(#21796));
#21796 = FILL_AREA_STYLE_COLOUR('',#21508);
#21797 = STYLED_ITEM('color',(#21798),#2500);
#21798 = PRESENTATION_STYLE_ASSIGNMENT((#21799));
#21799 = SURFACE_STYLE_USAGE(.BOTH.,#21800);
#21800 = SURFACE_SIDE_STYLE('',(#21801));
#21801 = SURFACE_STYLE_FILL_AREA(#21802);
#21802 = FILL_AREA_STYLE('',(#21803));
#21803 = FILL_AREA_STYLE_COLOUR('',#21705);
#21804 = MECHANICAL_DESIGN_GEOMETRIC_PRESENTATION_REPRESENTATION('',(
    #21805,#21813,#21821,#21829,#21836,#21843,#21850,#21857,#21864,
    #21871,#21878,#21885,#21892,#21899,#21906,#21913,#21920,#21927,
    #21934),#14665);
#21805 = STYLED_ITEM('color',(#21806),#7419);
#21806 = PRESENTATION_STYLE_ASSIGNMENT((#21807));
#21807 = SURFACE_STYLE_USAGE(.BOTH.,#21808);
#21808 = SURFACE_SIDE_STYLE('',(#21809));
#21809 = SURFACE_STYLE_FILL_AREA(#21810);
#21810 = FILL_AREA_STYLE('',(#21811));
#21811 = FILL_AREA_STYLE_COLOUR('',#21812);
#21812 = DRAUGHTING_PRE_DEFINED_COLOUR('white');
#21813 = STYLED_ITEM('color',(#21814),#7507);
#21814 = PRESENTATION_STYLE_ASSIGNMENT((#21815));
#21815 = SURFACE_STYLE_USAGE(.BOTH.,#21816);
#21816 = SURFACE_SIDE_STYLE('',(#21817));
#21817 = SURFACE_STYLE_FILL_AREA(#21818);
#21818 = FILL_AREA_STYLE('',(#21819));
#21819 = FILL_AREA_STYLE_COLOUR('',#21820);
#21820 = COLOUR_RGB('',0.250980388104,0.250980388104,0.250980388104);
#21821 = STYLED_ITEM('color',(#21822),#11735);
#21822 = PRESENTATION_STYLE_ASSIGNMENT((#21823));
#21823 = SURFACE_STYLE_USAGE(.BOTH.,#21824);
#21824 = SURFACE_SIDE_STYLE('',(#21825));
#21825 = SURFACE_STYLE_FILL_AREA(#21826);
#21826 = FILL_AREA_STYLE('',(#21827));
#21827 = FILL_AREA_STYLE_COLOUR('',#21828);
#21828 = COLOUR_RGB('',0.792156867455,0.819607826924,0.933333342953);
#21829 = STYLED_ITEM('color',(#21830),#11887);
#21830 = PRESENTATION_STYLE_ASSIGNMENT((#21831));
#21831 = SURFACE_STYLE_USAGE(.BOTH.,#21832);
#21832 = SURFACE_SIDE_STYLE('',(#21833));
#21833 = SURFACE_STYLE_FILL_AREA(#21834);
#21834 = FILL_AREA_STYLE('',(#21835));
#21835 = FILL_AREA_STYLE_COLOUR('',#21828);
#21836 = STYLED_ITEM('color',(#21837),#12039);
#21837 = PRESENTATION_STYLE_ASSIGNMENT((#21838));
#21838 = SURFACE_STYLE_USAGE(.BOTH.,#21839);
#21839 = SURFACE_SIDE_STYLE('',(#21840));
#21840 = SURFACE_STYLE_FILL_AREA(#21841);
#21841 = FILL_AREA_STYLE('',(#21842));
#21842 = FILL_AREA_STYLE_COLOUR('',#21828);
#21843 = STYLED_ITEM('color',(#21844),#12191);
#21844 = PRESENTATION_STYLE_ASSIGNMENT((#21845));
#21845 = SURFACE_STYLE_USAGE(.BOTH.,#21846);
#21846 = SURFACE_SIDE_STYLE('',(#21847));
#21847 = SURFACE_STYLE_FILL_AREA(#21848);
#21848 = FILL_AREA_STYLE('',(#21849));
#21849 = FILL_AREA_STYLE_COLOUR('',#21828);
#21850 = STYLED_ITEM('color',(#21851),#12343);
#21851 = PRESENTATION_STYLE_ASSIGNMENT((#21852));
#21852 = SURFACE_STYLE_USAGE(.BOTH.,#21853);
#21853 = SURFACE_SIDE_STYLE('',(#21854));
#21854 = SURFACE_STYLE_FILL_AREA(#21855);
#21855 = FILL_AREA_STYLE('',(#21856));
#21856 = FILL_AREA_STYLE_COLOUR('',#21828);
#21857 = STYLED_ITEM('color',(#21858),#12495);
#21858 = PRESENTATION_STYLE_ASSIGNMENT((#21859));
#21859 = SURFACE_STYLE_USAGE(.BOTH.,#21860);
#21860 = SURFACE_SIDE_STYLE('',(#21861));
#21861 = SURFACE_STYLE_FILL_AREA(#21862);
#21862 = FILL_AREA_STYLE('',(#21863));
#21863 = FILL_AREA_STYLE_COLOUR('',#21828);
#21864 = STYLED_ITEM('color',(#21865),#12647);
#21865 = PRESENTATION_STYLE_ASSIGNMENT((#21866));
#21866 = SURFACE_STYLE_USAGE(.BOTH.,#21867);
#21867 = SURFACE_SIDE_STYLE('',(#21868));
#21868 = SURFACE_STYLE_FILL_AREA(#21869);
#21869 = FILL_AREA_STYLE('',(#21870));
#21870 = FILL_AREA_STYLE_COLOUR('',#21828);
#21871 = STYLED_ITEM('color',(#21872),#12799);
#21872 = PRESENTATION_STYLE_ASSIGNMENT((#21873));
#21873 = SURFACE_STYLE_USAGE(.BOTH.,#21874);
#21874 = SURFACE_SIDE_STYLE('',(#21875));
#21875 = SURFACE_STYLE_FILL_AREA(#21876);
#21876 = FILL_AREA_STYLE('',(#21877));
#21877 = FILL_AREA_STYLE_COLOUR('',#21828);
#21878 = STYLED_ITEM('color',(#21879),#12951);
#21879 = PRESENTATION_STYLE_ASSIGNMENT((#21880));
#21880 = SURFACE_STYLE_USAGE(.BOTH.,#21881);
#21881 = SURFACE_SIDE_STYLE('',(#21882));
#21882 = SURFACE_STYLE_FILL_AREA(#21883);
#21883 = FILL_AREA_STYLE('',(#21884));
#21884 = FILL_AREA_STYLE_COLOUR('',#21828);
#21885 = STYLED_ITEM('color',(#21886),#13103);
#21886 = PRESENTATION_STYLE_ASSIGNMENT((#21887));
#21887 = SURFACE_STYLE_USAGE(.BOTH.,#21888);
#21888 = SURFACE_SIDE_STYLE('',(#21889));
#21889 = SURFACE_STYLE_FILL_AREA(#21890);
#21890 = FILL_AREA_STYLE('',(#21891));
#21891 = FILL_AREA_STYLE_COLOUR('',#21828);
#21892 = STYLED_ITEM('color',(#21893),#13255);
#21893 = PRESENTATION_STYLE_ASSIGNMENT((#21894));
#21894 = SURFACE_STYLE_USAGE(.BOTH.,#21895);
#21895 = SURFACE_SIDE_STYLE('',(#21896));
#21896 = SURFACE_STYLE_FILL_AREA(#21897);
#21897 = FILL_AREA_STYLE('',(#21898));
#21898 = FILL_AREA_STYLE_COLOUR('',#21828);
#21899 = STYLED_ITEM('color',(#21900),#13407);
#21900 = PRESENTATION_STYLE_ASSIGNMENT((#21901));
#21901 = SURFACE_STYLE_USAGE(.BOTH.,#21902);
#21902 = SURFACE_SIDE_STYLE('',(#21903));
#21903 = SURFACE_STYLE_FILL_AREA(#21904);
#21904 = FILL_AREA_STYLE('',(#21905));
#21905 = FILL_AREA_STYLE_COLOUR('',#21828);
#21906 = STYLED_ITEM('color',(#21907),#13559);
#21907 = PRESENTATION_STYLE_ASSIGNMENT((#21908));
#21908 = SURFACE_STYLE_USAGE(.BOTH.,#21909);
#21909 = SURFACE_SIDE_STYLE('',(#21910));
#21910 = SURFACE_STYLE_FILL_AREA(#21911);
#21911 = FILL_AREA_STYLE('',(#21912));
#21912 = FILL_AREA_STYLE_COLOUR('',#21828);
#21913 = STYLED_ITEM('color',(#21914),#13746);
#21914 = PRESENTATION_STYLE_ASSIGNMENT((#21915));
#21915 = SURFACE_STYLE_USAGE(.BOTH.,#21916);
#21916 = SURFACE_SIDE_STYLE('',(#21917));
#21917 = SURFACE_STYLE_FILL_AREA(#21918);
#21918 = FILL_AREA_STYLE('',(#21919));
#21919 = FILL_AREA_STYLE_COLOUR('',#21828);
#21920 = STYLED_ITEM('color',(#21921),#13933);
#21921 = PRESENTATION_STYLE_ASSIGNMENT((#21922));
#21922 = SURFACE_STYLE_USAGE(.BOTH.,#21923);
#21923 = SURFACE_SIDE_STYLE('',(#21924));
#21924 = SURFACE_STYLE_FILL_AREA(#21925);
#21925 = FILL_AREA_STYLE('',(#21926));
#21926 = FILL_AREA_STYLE_COLOUR('',#21828);
#21927 = STYLED_ITEM('color',(#21928),#14120);
#21928 = PRESENTATION_STYLE_ASSIGNMENT((#21929));
#21929 = SURFACE_STYLE_USAGE(.BOTH.,#21930);
#21930 = SURFACE_SIDE_STYLE('',(#21931));
#21931 = SURFACE_STYLE_FILL_AREA(#21932);
#21932 = FILL_AREA_STYLE('',(#21933));
#21933 = FILL_AREA_STYLE_COLOUR('',#21828);
#21934 = STYLED_ITEM('color',(#21935),#14307);
#21935 = PRESENTATION_STYLE_ASSIGNMENT((#21936));
#21936 = SURFACE_STYLE_USAGE(.BOTH.,#21937);
#21937 = SURFACE_SIDE_STYLE('',(#21938));
#21938 = SURFACE_STYLE_FILL_AREA(#21939);
#21939 = FILL_AREA_STYLE('',(#21940));
#21940 = FILL_AREA_STYLE_COLOUR('',#21828);
#21941 = MECHANICAL_DESIGN_GEOMETRIC_PRESENTATION_REPRESENTATION('',(
    #21942),#19037);
#21942 = STYLED_ITEM('color',(#21943),#17475);
#21943 = PRESENTATION_STYLE_ASSIGNMENT((#21944));
#21944 = SURFACE_STYLE_USAGE(.BOTH.,#21945);
#21945 = SURFACE_SIDE_STYLE('',(#21946));
#21946 = SURFACE_STYLE_FILL_AREA(#21947);
#21947 = FILL_AREA_STYLE('',(#21948));
#21948 = FILL_AREA_STYLE_COLOUR('',#21949);
#21949 = COLOUR_RGB('',0.313304153717,0.484529207832,0.410020903123);
ENDSEC;
END-ISO-10303-21;
